ISO-10303-21;
HEADER;
FILE_DESCRIPTION(('FreeCAD Model'),'2;1');
FILE_NAME('Open CASCADE Shape Model','2026-03-15T04:29:47',(''),(''),
  'Open CASCADE STEP processor 7.8','FreeCAD','Unknown');
FILE_SCHEMA(('AUTOMOTIVE_DESIGN { 1 0 10303 214 1 1 1 1 }'));
ENDSEC;
DATA;
#1 = APPLICATION_PROTOCOL_DEFINITION('international standard',
  'automotive_design',2000,#2);
#2 = APPLICATION_CONTEXT(
  'core data for automotive mechanical design processes');
#3 = SHAPE_DEFINITION_REPRESENTATION(#4,#10);
#4 = PRODUCT_DEFINITION_SHAPE('','',#5);
#5 = PRODUCT_DEFINITION('design','',#6,#9);
#6 = PRODUCT_DEFINITION_FORMATION('','',#7);
#7 = PRODUCT('Cut006','Cut006','',(#8));
#8 = PRODUCT_CONTEXT('',#2,'mechanical');
#9 = PRODUCT_DEFINITION_CONTEXT('part definition',#2,'design');
#10 = ADVANCED_BREP_SHAPE_REPRESENTATION('',(#11,#15),#3703);
#11 = AXIS2_PLACEMENT_3D('',#12,#13,#14);
#12 = CARTESIAN_POINT('',(0.,0.,0.));
#13 = DIRECTION('',(0.,0.,1.));
#14 = DIRECTION('',(1.,0.,-0.));
#15 = MANIFOLD_SOLID_BREP('',#16);
#16 = CLOSED_SHELL('',(#17,#141,#182,#206,#247,#281,#314,#355,#403,#436,
    #467,#515,#532,#566,#629,#663,#688,#715,#749,#835,#892,#926,#968,
    #995,#1066,#1100,#1124,#1147,#1233,#1257,#1505,#1570,#1596,#1613,
    #1646,#1665,#1678,#1706,#1747,#1771,#1795,#1820,#1844,#1868,#1893,
    #1917,#1934,#1953,#1965,#1993,#2009,#2050,#2074,#2098,#2123,#2147,
    #2171,#2196,#2220,#2237,#2253,#2265,#2306,#2330,#2354,#2379,#2403,
    #2427,#2452,#2476,#2493,#2534,#2558,#2582,#2606,#2630,#2655,#2680,
    #2704,#2721,#2762,#2786,#2810,#2834,#2858,#2883,#2908,#2932,#2949,
    #3035,#3053,#3139,#3157,#3175,#3193,#3211,#3252,#3276,#3300,#3325,
    #3349,#3373,#3398,#3422,#3439,#3480,#3504,#3528,#3553,#3577,#3601,
    #3626,#3650,#3667,#3685));
#17 = ADVANCED_FACE('',(#18),#136,.T.);
#18 = FACE_BOUND('',#19,.T.);
#19 = EDGE_LOOP('',(#20,#30,#38,#46,#55,#64,#72,#80,#88,#97,#106,#114,
    #122,#130));
#20 = ORIENTED_EDGE('',*,*,#21,.F.);
#21 = EDGE_CURVE('',#22,#24,#26,.T.);
#22 = VERTEX_POINT('',#23);
#23 = CARTESIAN_POINT('',(107.50224149092,12.555740445967,7.805));
#24 = VERTEX_POINT('',#25);
#25 = CARTESIAN_POINT('',(108.50224149092,11.555740445967,7.805));
#26 = LINE('',#27,#28);
#27 = CARTESIAN_POINT('',(113.24236011362,6.815621823267,7.805));
#28 = VECTOR('',#29,1.);
#29 = DIRECTION('',(0.707106781187,-0.707106781187,-2.2E-16));
#30 = ORIENTED_EDGE('',*,*,#31,.T.);
#31 = EDGE_CURVE('',#22,#32,#34,.T.);
#32 = VERTEX_POINT('',#33);
#33 = CARTESIAN_POINT('',(105.50224149092,14.555740445967,7.805));
#34 = LINE('',#35,#36);
#35 = CARTESIAN_POINT('',(113.24236011362,6.815621823267,7.805));
#36 = VECTOR('',#37,1.);
#37 = DIRECTION('',(-0.707106781187,0.707106781187,2.2E-16));
#38 = ORIENTED_EDGE('',*,*,#39,.F.);
#39 = EDGE_CURVE('',#40,#32,#42,.T.);
#40 = VERTEX_POINT('',#41);
#41 = CARTESIAN_POINT('',(97.672241490929,14.555740445967,7.805));
#42 = LINE('',#43,#44);
#43 = CARTESIAN_POINT('',(44.922241490929,14.555740445967,7.805));
#44 = VECTOR('',#45,1.);
#45 = DIRECTION('',(1.,0.,0.));
#46 = ORIENTED_EDGE('',*,*,#47,.T.);
#47 = EDGE_CURVE('',#40,#48,#50,.T.);
#48 = VERTEX_POINT('',#49);
#49 = CARTESIAN_POINT('',(101.42224149092,18.305740445967,7.805));
#50 = CIRCLE('',#51,3.75);
#51 = AXIS2_PLACEMENT_3D('',#52,#53,#54);
#52 = CARTESIAN_POINT('',(97.672241490929,18.305740445967,7.805));
#53 = DIRECTION('',(0.,0.,1.));
#54 = DIRECTION('',(1.,0.,0.));
#55 = ORIENTED_EDGE('',*,*,#56,.T.);
#56 = EDGE_CURVE('',#48,#57,#59,.T.);
#57 = VERTEX_POINT('',#58);
#58 = CARTESIAN_POINT('',(97.672241490929,22.055740445967,7.805));
#59 = CIRCLE('',#60,3.75);
#60 = AXIS2_PLACEMENT_3D('',#61,#62,#63);
#61 = CARTESIAN_POINT('',(97.672241490929,18.305740445967,7.805));
#62 = DIRECTION('',(0.,0.,1.));
#63 = DIRECTION('',(1.,0.,0.));
#64 = ORIENTED_EDGE('',*,*,#65,.F.);
#65 = EDGE_CURVE('',#66,#57,#68,.T.);
#66 = VERTEX_POINT('',#67);
#67 = CARTESIAN_POINT('',(115.50224149092,22.055740445967,7.805));
#68 = LINE('',#69,#70);
#69 = CARTESIAN_POINT('',(117.50224149092,22.055740445967,7.805));
#70 = VECTOR('',#71,1.);
#71 = DIRECTION('',(-1.,0.,0.));
#72 = ORIENTED_EDGE('',*,*,#73,.F.);
#73 = EDGE_CURVE('',#74,#66,#76,.T.);
#74 = VERTEX_POINT('',#75);
#75 = CARTESIAN_POINT('',(115.50224149092,-42.94425955403,7.805));
#76 = LINE('',#77,#78);
#77 = CARTESIAN_POINT('',(115.50224149092,-42.94425955403,7.805));
#78 = VECTOR('',#79,1.);
#79 = DIRECTION('',(0.,1.,0.));
#80 = ORIENTED_EDGE('',*,*,#81,.F.);
#81 = EDGE_CURVE('',#82,#74,#84,.T.);
#82 = VERTEX_POINT('',#83);
#83 = CARTESIAN_POINT('',(97.672241490929,-42.94425955403,7.805));
#84 = LINE('',#85,#86);
#85 = CARTESIAN_POINT('',(45.422241490929,-42.94425955403,7.805));
#86 = VECTOR('',#87,1.);
#87 = DIRECTION('',(1.,0.,0.));
#88 = ORIENTED_EDGE('',*,*,#89,.T.);
#89 = EDGE_CURVE('',#82,#90,#92,.T.);
#90 = VERTEX_POINT('',#91);
#91 = CARTESIAN_POINT('',(100.92224149092,-39.69425955403,7.805));
#92 = CIRCLE('',#93,3.25);
#93 = AXIS2_PLACEMENT_3D('',#94,#95,#96);
#94 = CARTESIAN_POINT('',(97.672241490929,-39.69425955403,7.805));
#95 = DIRECTION('',(0.,0.,1.));
#96 = DIRECTION('',(1.,0.,0.));
#97 = ORIENTED_EDGE('',*,*,#98,.T.);
#98 = EDGE_CURVE('',#90,#99,#101,.T.);
#99 = VERTEX_POINT('',#100);
#100 = CARTESIAN_POINT('',(97.672241490929,-36.44425955403,7.805));
#101 = CIRCLE('',#102,3.25);
#102 = AXIS2_PLACEMENT_3D('',#103,#104,#105);
#103 = CARTESIAN_POINT('',(97.672241490929,-39.69425955403,7.805));
#104 = DIRECTION('',(0.,0.,1.));
#105 = DIRECTION('',(1.,0.,0.));
#106 = ORIENTED_EDGE('',*,*,#107,.F.);
#107 = EDGE_CURVE('',#108,#99,#110,.T.);
#108 = VERTEX_POINT('',#109);
#109 = CARTESIAN_POINT('',(105.50224149092,-36.44425955403,7.805));
#110 = LINE('',#111,#112);
#111 = CARTESIAN_POINT('',(117.50224149092,-36.44425955403,7.805));
#112 = VECTOR('',#113,1.);
#113 = DIRECTION('',(-1.,0.,0.));
#114 = ORIENTED_EDGE('',*,*,#115,.T.);
#115 = EDGE_CURVE('',#108,#116,#118,.T.);
#116 = VERTEX_POINT('',#117);
#117 = CARTESIAN_POINT('',(107.50224149092,-34.44425955403,7.805));
#118 = LINE('',#119,#120);
#119 = CARTESIAN_POINT('',(113.5031925925,-28.44330845246,7.805));
#120 = VECTOR('',#121,1.);
#121 = DIRECTION('',(0.707106781187,0.707106781187,-2.2E-16));
#122 = ORIENTED_EDGE('',*,*,#123,.T.);
#123 = EDGE_CURVE('',#116,#124,#126,.T.);
#124 = VERTEX_POINT('',#125);
#125 = CARTESIAN_POINT('',(108.50224149092,-33.44425955403,7.805));
#126 = LINE('',#127,#128);
#127 = CARTESIAN_POINT('',(113.5031925925,-28.44330845246,7.805));
#128 = VECTOR('',#129,1.);
#129 = DIRECTION('',(0.707106781187,0.707106781187,-2.2E-16));
#130 = ORIENTED_EDGE('',*,*,#131,.F.);
#131 = EDGE_CURVE('',#24,#124,#132,.T.);
#132 = LINE('',#133,#134);
#133 = CARTESIAN_POINT('',(108.50224149092,12.555740445967,7.805));
#134 = VECTOR('',#135,1.);
#135 = DIRECTION('',(0.,-1.,2.2E-16));
#136 = PLANE('',#137);
#137 = AXIS2_PLACEMENT_3D('',#138,#139,#140);
#138 = CARTESIAN_POINT('',(109.48438093947,-10.42259459628,7.805));
#139 = DIRECTION('',(-3.1E-16,-0.,-1.));
#140 = DIRECTION('',(-1.,0.,3.1E-16));
#141 = ADVANCED_FACE('',(#142),#177,.F.);
#142 = FACE_BOUND('',#143,.F.);
#143 = EDGE_LOOP('',(#144,#154,#160,#161,#162,#170));
#144 = ORIENTED_EDGE('',*,*,#145,.T.);
#145 = EDGE_CURVE('',#146,#148,#150,.T.);
#146 = VERTEX_POINT('',#147);
#147 = CARTESIAN_POINT('',(107.50224149092,12.555740445967,
    23.254911995407));
#148 = VERTEX_POINT('',#149);
#149 = CARTESIAN_POINT('',(107.50224149092,12.555740445967,8.805));
#150 = LINE('',#151,#152);
#151 = CARTESIAN_POINT('',(107.50224149092,12.555740445967,
    25.254911995407));
#152 = VECTOR('',#153,1.);
#153 = DIRECTION('',(0.,-2.2E-16,-1.));
#154 = ORIENTED_EDGE('',*,*,#155,.F.);
#155 = EDGE_CURVE('',#24,#148,#156,.T.);
#156 = LINE('',#157,#158);
#157 = CARTESIAN_POINT('',(104.59392282502,15.464059111868,
    11.713318665901));
#158 = VECTOR('',#159,1.);
#159 = DIRECTION('',(-0.57735026919,0.57735026919,0.57735026919));
#160 = ORIENTED_EDGE('',*,*,#21,.F.);
#161 = ORIENTED_EDGE('',*,*,#31,.T.);
#162 = ORIENTED_EDGE('',*,*,#163,.F.);
#163 = EDGE_CURVE('',#164,#32,#166,.T.);
#164 = VERTEX_POINT('',#165);
#165 = CARTESIAN_POINT('',(105.50224149092,14.555740445967,
    22.645461210593));
#166 = LINE('',#167,#168);
#167 = CARTESIAN_POINT('',(105.50224149092,14.555740445967,
    25.254911995407));
#168 = VECTOR('',#169,1.);
#169 = DIRECTION('',(0.,-2.2E-16,-1.));
#170 = ORIENTED_EDGE('',*,*,#171,.T.);
#171 = EDGE_CURVE('',#164,#146,#172,.T.);
#172 = B_SPLINE_CURVE_WITH_KNOTS('',3,(#173,#174,#175,#176),
  .UNSPECIFIED.,.F.,.F.,(4,4),(0.,1.),.PIECEWISE_BEZIER_KNOTS.);
#173 = CARTESIAN_POINT('',(105.50224149092,14.555740445967,
    22.645461210593));
#174 = CARTESIAN_POINT('',(106.16890815759,13.889073779301,
    22.848611472198));
#175 = CARTESIAN_POINT('',(106.83557482426,13.222407112634,
    23.051761733802));
#176 = CARTESIAN_POINT('',(107.50224149092,12.555740445967,
    23.254911995407));
#177 = PLANE('',#178);
#178 = AXIS2_PLACEMENT_3D('',#179,#180,#181);
#179 = CARTESIAN_POINT('',(106.50224149092,13.555740445967,
    25.254911995407));
#180 = DIRECTION('',(0.707106781187,0.707106781187,0.));
#181 = DIRECTION('',(1.1E-16,-1.1E-16,-1.));
#182 = ADVANCED_FACE('',(#183),#201,.F.);
#183 = FACE_BOUND('',#184,.T.);
#184 = EDGE_LOOP('',(#185,#186,#187,#195));
#185 = ORIENTED_EDGE('',*,*,#155,.F.);
#186 = ORIENTED_EDGE('',*,*,#131,.T.);
#187 = ORIENTED_EDGE('',*,*,#188,.T.);
#188 = EDGE_CURVE('',#124,#189,#191,.T.);
#189 = VERTEX_POINT('',#190);
#190 = CARTESIAN_POINT('',(107.50224149092,-34.44425955403,8.805));
#191 = LINE('',#192,#193);
#192 = CARTESIAN_POINT('',(115.33557482426,-26.6109262207,0.971666666667
    ));
#193 = VECTOR('',#194,1.);
#194 = DIRECTION('',(-0.57735026919,-0.57735026919,0.57735026919));
#195 = ORIENTED_EDGE('',*,*,#196,.F.);
#196 = EDGE_CURVE('',#148,#189,#197,.T.);
#197 = LINE('',#198,#199);
#198 = CARTESIAN_POINT('',(107.50224149092,12.555740445967,8.805));
#199 = VECTOR('',#200,1.);
#200 = DIRECTION('',(0.,-1.,2.2E-16));
#201 = PLANE('',#202);
#202 = AXIS2_PLACEMENT_3D('',#203,#204,#205);
#203 = CARTESIAN_POINT('',(108.00224149092,12.555740445967,8.305));
#204 = DIRECTION('',(0.707106781187,-1.E-17,0.707106781187));
#205 = DIRECTION('',(1.170710678119E-16,1.,-1.029289321881E-16));
#206 = ADVANCED_FACE('',(#207),#242,.F.);
#207 = FACE_BOUND('',#208,.F.);
#208 = EDGE_LOOP('',(#209,#218,#219,#220,#228,#236));
#209 = ORIENTED_EDGE('',*,*,#210,.T.);
#210 = EDGE_CURVE('',#211,#164,#213,.T.);
#211 = VERTEX_POINT('',#212);
#212 = CARTESIAN_POINT('',(46.922241490929,14.555740445967,
    14.813404680519));
#213 = CIRCLE('',#214,237.95824981865);
#214 = AXIS2_PLACEMENT_3D('',#215,#216,#217);
#215 = CARTESIAN_POINT('',(44.92227761761,14.555740445967,
    252.76324981865));
#216 = DIRECTION('',(0.,-1.,-0.));
#217 = DIRECTION('',(-1.5310609688E-07,0.,-1.));
#218 = ORIENTED_EDGE('',*,*,#163,.T.);
#219 = ORIENTED_EDGE('',*,*,#39,.F.);
#220 = ORIENTED_EDGE('',*,*,#221,.F.);
#221 = EDGE_CURVE('',#222,#40,#224,.T.);
#222 = VERTEX_POINT('',#223);
#223 = CARTESIAN_POINT('',(48.672241490929,14.555740445967,7.805));
#224 = LINE('',#225,#226);
#225 = CARTESIAN_POINT('',(44.922241490929,14.555740445967,7.805));
#226 = VECTOR('',#227,1.);
#227 = DIRECTION('',(1.,0.,0.));
#228 = ORIENTED_EDGE('',*,*,#229,.F.);
#229 = EDGE_CURVE('',#230,#222,#232,.T.);
#230 = VERTEX_POINT('',#231);
#231 = CARTESIAN_POINT('',(46.922241490929,14.555740445967,7.805));
#232 = LINE('',#233,#234);
#233 = CARTESIAN_POINT('',(44.922241490929,14.555740445967,7.805));
#234 = VECTOR('',#235,1.);
#235 = DIRECTION('',(1.,0.,0.));
#236 = ORIENTED_EDGE('',*,*,#237,.T.);
#237 = EDGE_CURVE('',#230,#211,#238,.T.);
#238 = LINE('',#239,#240);
#239 = CARTESIAN_POINT('',(46.922241490929,14.555740445967,7.805));
#240 = VECTOR('',#241,1.);
#241 = DIRECTION('',(0.,0.,1.));
#242 = PLANE('',#243);
#243 = AXIS2_PLACEMENT_3D('',#244,#245,#246);
#244 = CARTESIAN_POINT('',(44.922241490929,14.555740445967,7.805));
#245 = DIRECTION('',(0.,1.,0.));
#246 = DIRECTION('',(1.,0.,0.));
#247 = ADVANCED_FACE('',(#248),#276,.T.);
#248 = FACE_BOUND('',#249,.T.);
#249 = EDGE_LOOP('',(#250,#258,#259,#260,#261,#269));
#250 = ORIENTED_EDGE('',*,*,#251,.F.);
#251 = EDGE_CURVE('',#189,#252,#254,.T.);
#252 = VERTEX_POINT('',#253);
#253 = CARTESIAN_POINT('',(107.50224149092,-34.44425955403,
    23.254911995407));
#254 = LINE('',#255,#256);
#255 = CARTESIAN_POINT('',(107.50224149092,-34.44425955403,7.805));
#256 = VECTOR('',#257,1.);
#257 = DIRECTION('',(0.,0.,1.));
#258 = ORIENTED_EDGE('',*,*,#188,.F.);
#259 = ORIENTED_EDGE('',*,*,#123,.F.);
#260 = ORIENTED_EDGE('',*,*,#115,.F.);
#261 = ORIENTED_EDGE('',*,*,#262,.T.);
#262 = EDGE_CURVE('',#108,#263,#265,.T.);
#263 = VERTEX_POINT('',#264);
#264 = CARTESIAN_POINT('',(105.50224149092,-36.44425955403,
    22.645461210593));
#265 = LINE('',#266,#267);
#266 = CARTESIAN_POINT('',(105.50224149092,-36.44425955403,7.805));
#267 = VECTOR('',#268,1.);
#268 = DIRECTION('',(0.,0.,1.));
#269 = ORIENTED_EDGE('',*,*,#270,.F.);
#270 = EDGE_CURVE('',#252,#263,#271,.T.);
#271 = B_SPLINE_CURVE_WITH_KNOTS('',3,(#272,#273,#274,#275),
  .UNSPECIFIED.,.F.,.F.,(4,4),(0.,1.),.PIECEWISE_BEZIER_KNOTS.);
#272 = CARTESIAN_POINT('',(107.50224149092,-34.44425955403,
    23.254911995407));
#273 = CARTESIAN_POINT('',(106.83557482426,-35.1109262207,
    23.051761733802));
#274 = CARTESIAN_POINT('',(106.16890815759,-35.77759288736,
    22.848611472198));
#275 = CARTESIAN_POINT('',(105.50224149092,-36.44425955403,
    22.645461210593));
#276 = PLANE('',#277);
#277 = AXIS2_PLACEMENT_3D('',#278,#279,#280);
#278 = CARTESIAN_POINT('',(106.50224149092,-35.44425955403,7.805));
#279 = DIRECTION('',(-0.707106781187,0.707106781187,0.));
#280 = DIRECTION('',(0.,0.,1.));
#281 = ADVANCED_FACE('',(#282),#309,.T.);
#282 = FACE_BOUND('',#283,.F.);
#283 = EDGE_LOOP('',(#284,#293,#299,#300,#307,#308));
#284 = ORIENTED_EDGE('',*,*,#285,.F.);
#285 = EDGE_CURVE('',#286,#286,#288,.T.);
#286 = VERTEX_POINT('',#287);
#287 = CARTESIAN_POINT('',(101.42224149092,18.305740445967,5.305));
#288 = CIRCLE('',#289,3.75);
#289 = AXIS2_PLACEMENT_3D('',#290,#291,#292);
#290 = CARTESIAN_POINT('',(97.672241490929,18.305740445967,5.305));
#291 = DIRECTION('',(0.,0.,1.));
#292 = DIRECTION('',(1.,0.,0.));
#293 = ORIENTED_EDGE('',*,*,#294,.T.);
#294 = EDGE_CURVE('',#286,#48,#295,.T.);
#295 = LINE('',#296,#297);
#296 = CARTESIAN_POINT('',(101.42224149092,18.305740445967,5.305));
#297 = VECTOR('',#298,1.);
#298 = DIRECTION('',(0.,0.,1.));
#299 = ORIENTED_EDGE('',*,*,#56,.T.);
#300 = ORIENTED_EDGE('',*,*,#301,.T.);
#301 = EDGE_CURVE('',#57,#40,#302,.T.);
#302 = CIRCLE('',#303,3.75);
#303 = AXIS2_PLACEMENT_3D('',#304,#305,#306);
#304 = CARTESIAN_POINT('',(97.672241490929,18.305740445967,7.805));
#305 = DIRECTION('',(0.,0.,1.));
#306 = DIRECTION('',(1.,0.,0.));
#307 = ORIENTED_EDGE('',*,*,#47,.T.);
#308 = ORIENTED_EDGE('',*,*,#294,.F.);
#309 = CYLINDRICAL_SURFACE('',#310,3.75);
#310 = AXIS2_PLACEMENT_3D('',#311,#312,#313);
#311 = CARTESIAN_POINT('',(97.672241490929,18.305740445967,5.305));
#312 = DIRECTION('',(-0.,-0.,-1.));
#313 = DIRECTION('',(1.,0.,0.));
#314 = ADVANCED_FACE('',(#315),#350,.T.);
#315 = FACE_BOUND('',#316,.T.);
#316 = EDGE_LOOP('',(#317,#326,#327,#328,#336,#344));
#317 = ORIENTED_EDGE('',*,*,#318,.T.);
#318 = EDGE_CURVE('',#319,#263,#321,.T.);
#319 = VERTEX_POINT('',#320);
#320 = CARTESIAN_POINT('',(46.922241490929,-36.44425955403,
    14.813404680519));
#321 = CIRCLE('',#322,237.95824981865);
#322 = AXIS2_PLACEMENT_3D('',#323,#324,#325);
#323 = CARTESIAN_POINT('',(44.92227761761,-36.44425955403,
    252.76324981865));
#324 = DIRECTION('',(0.,-1.,-0.));
#325 = DIRECTION('',(-1.5310609688E-07,0.,-1.));
#326 = ORIENTED_EDGE('',*,*,#262,.F.);
#327 = ORIENTED_EDGE('',*,*,#107,.T.);
#328 = ORIENTED_EDGE('',*,*,#329,.T.);
#329 = EDGE_CURVE('',#99,#330,#332,.T.);
#330 = VERTEX_POINT('',#331);
#331 = CARTESIAN_POINT('',(48.672241490929,-36.44425955403,7.805));
#332 = LINE('',#333,#334);
#333 = CARTESIAN_POINT('',(117.50224149092,-36.44425955403,7.805));
#334 = VECTOR('',#335,1.);
#335 = DIRECTION('',(-1.,0.,0.));
#336 = ORIENTED_EDGE('',*,*,#337,.T.);
#337 = EDGE_CURVE('',#330,#338,#340,.T.);
#338 = VERTEX_POINT('',#339);
#339 = CARTESIAN_POINT('',(46.922241490929,-36.44425955403,7.805));
#340 = LINE('',#341,#342);
#341 = CARTESIAN_POINT('',(81.212241490929,-36.44425955403,7.805));
#342 = VECTOR('',#343,1.);
#343 = DIRECTION('',(-1.,0.,0.));
#344 = ORIENTED_EDGE('',*,*,#345,.T.);
#345 = EDGE_CURVE('',#338,#319,#346,.T.);
#346 = LINE('',#347,#348);
#347 = CARTESIAN_POINT('',(46.922241490929,-36.44425955403,7.805));
#348 = VECTOR('',#349,1.);
#349 = DIRECTION('',(0.,0.,1.));
#350 = PLANE('',#351);
#351 = AXIS2_PLACEMENT_3D('',#352,#353,#354);
#352 = CARTESIAN_POINT('',(81.212241490929,-36.44425955403,18.025));
#353 = DIRECTION('',(0.,1.,0.));
#354 = DIRECTION('',(0.,0.,1.));
#355 = ADVANCED_FACE('',(#356),#398,.F.);
#356 = FACE_BOUND('',#357,.F.);
#357 = EDGE_LOOP('',(#358,#369,#377,#385,#391,#392));
#358 = ORIENTED_EDGE('',*,*,#359,.F.);
#359 = EDGE_CURVE('',#360,#362,#364,.T.);
#360 = VERTEX_POINT('',#361);
#361 = CARTESIAN_POINT('',(46.922241490929,22.055740445967,
    14.813404680519));
#362 = VERTEX_POINT('',#363);
#363 = CARTESIAN_POINT('',(115.50224149092,22.055740445967,
    25.513173126922));
#364 = CIRCLE('',#365,237.95824981865);
#365 = AXIS2_PLACEMENT_3D('',#366,#367,#368);
#366 = CARTESIAN_POINT('',(44.92227761761,22.055740445967,
    252.76324981865));
#367 = DIRECTION('',(0.,-1.,0.));
#368 = DIRECTION('',(-1.5310609685E-07,-0.,-1.));
#369 = ORIENTED_EDGE('',*,*,#370,.F.);
#370 = EDGE_CURVE('',#371,#360,#373,.T.);
#371 = VERTEX_POINT('',#372);
#372 = CARTESIAN_POINT('',(46.922241490929,22.055740445967,7.805));
#373 = LINE('',#374,#375);
#374 = CARTESIAN_POINT('',(46.922241490929,22.055740445967,7.805));
#375 = VECTOR('',#376,1.);
#376 = DIRECTION('',(0.,0.,1.));
#377 = ORIENTED_EDGE('',*,*,#378,.F.);
#378 = EDGE_CURVE('',#379,#371,#381,.T.);
#379 = VERTEX_POINT('',#380);
#380 = CARTESIAN_POINT('',(48.67224149479,22.055740445967,7.805));
#381 = LINE('',#382,#383);
#382 = CARTESIAN_POINT('',(117.50224149092,22.055740445967,7.805));
#383 = VECTOR('',#384,1.);
#384 = DIRECTION('',(-1.,0.,0.));
#385 = ORIENTED_EDGE('',*,*,#386,.F.);
#386 = EDGE_CURVE('',#57,#379,#387,.T.);
#387 = LINE('',#388,#389);
#388 = CARTESIAN_POINT('',(117.50224149092,22.055740445967,7.805));
#389 = VECTOR('',#390,1.);
#390 = DIRECTION('',(-1.,0.,0.));
#391 = ORIENTED_EDGE('',*,*,#65,.F.);
#392 = ORIENTED_EDGE('',*,*,#393,.T.);
#393 = EDGE_CURVE('',#66,#362,#394,.T.);
#394 = LINE('',#395,#396);
#395 = CARTESIAN_POINT('',(115.50224149092,22.055740445967,7.805));
#396 = VECTOR('',#397,1.);
#397 = DIRECTION('',(0.,0.,1.));
#398 = PLANE('',#399);
#399 = AXIS2_PLACEMENT_3D('',#400,#401,#402);
#400 = CARTESIAN_POINT('',(117.50224149092,22.055740445967,7.805));
#401 = DIRECTION('',(0.,-1.,0.));
#402 = DIRECTION('',(-1.,0.,0.));
#403 = ADVANCED_FACE('',(#404),#431,.T.);
#404 = FACE_BOUND('',#405,.F.);
#405 = EDGE_LOOP('',(#406,#415,#421,#422,#429,#430));
#406 = ORIENTED_EDGE('',*,*,#407,.F.);
#407 = EDGE_CURVE('',#408,#408,#410,.T.);
#408 = VERTEX_POINT('',#409);
#409 = CARTESIAN_POINT('',(100.92224149092,-39.69425955403,5.305));
#410 = CIRCLE('',#411,3.25);
#411 = AXIS2_PLACEMENT_3D('',#412,#413,#414);
#412 = CARTESIAN_POINT('',(97.672241490929,-39.69425955403,5.305));
#413 = DIRECTION('',(0.,0.,1.));
#414 = DIRECTION('',(1.,0.,0.));
#415 = ORIENTED_EDGE('',*,*,#416,.T.);
#416 = EDGE_CURVE('',#408,#90,#417,.T.);
#417 = LINE('',#418,#419);
#418 = CARTESIAN_POINT('',(100.92224149092,-39.69425955403,5.305));
#419 = VECTOR('',#420,1.);
#420 = DIRECTION('',(0.,0.,1.));
#421 = ORIENTED_EDGE('',*,*,#98,.T.);
#422 = ORIENTED_EDGE('',*,*,#423,.T.);
#423 = EDGE_CURVE('',#99,#82,#424,.T.);
#424 = CIRCLE('',#425,3.25);
#425 = AXIS2_PLACEMENT_3D('',#426,#427,#428);
#426 = CARTESIAN_POINT('',(97.672241490929,-39.69425955403,7.805));
#427 = DIRECTION('',(0.,0.,1.));
#428 = DIRECTION('',(1.,0.,0.));
#429 = ORIENTED_EDGE('',*,*,#89,.T.);
#430 = ORIENTED_EDGE('',*,*,#416,.F.);
#431 = CYLINDRICAL_SURFACE('',#432,3.25);
#432 = AXIS2_PLACEMENT_3D('',#433,#434,#435);
#433 = CARTESIAN_POINT('',(97.672241490929,-39.69425955403,5.305));
#434 = DIRECTION('',(-0.,-0.,-1.));
#435 = DIRECTION('',(1.,0.,0.));
#436 = ADVANCED_FACE('',(#437),#462,.T.);
#437 = FACE_BOUND('',#438,.T.);
#438 = EDGE_LOOP('',(#439,#447,#448,#456));
#439 = ORIENTED_EDGE('',*,*,#440,.F.);
#440 = EDGE_CURVE('',#74,#441,#443,.T.);
#441 = VERTEX_POINT('',#442);
#442 = CARTESIAN_POINT('',(117.50224149092,-40.94425955403,9.805));
#443 = LINE('',#444,#445);
#444 = CARTESIAN_POINT('',(116.16890815759,-42.27759288736,
    8.471666666667));
#445 = VECTOR('',#446,1.);
#446 = DIRECTION('',(0.57735026919,0.57735026919,0.57735026919));
#447 = ORIENTED_EDGE('',*,*,#73,.T.);
#448 = ORIENTED_EDGE('',*,*,#449,.T.);
#449 = EDGE_CURVE('',#66,#450,#452,.T.);
#450 = VERTEX_POINT('',#451);
#451 = CARTESIAN_POINT('',(117.50224149092,20.055740445967,9.805));
#452 = LINE('',#453,#454);
#453 = CARTESIAN_POINT('',(127.00224149092,10.555740445967,19.305));
#454 = VECTOR('',#455,1.);
#455 = DIRECTION('',(0.57735026919,-0.57735026919,0.57735026919));
#456 = ORIENTED_EDGE('',*,*,#457,.F.);
#457 = EDGE_CURVE('',#441,#450,#458,.T.);
#458 = LINE('',#459,#460);
#459 = CARTESIAN_POINT('',(117.50224149092,-42.94425955403,9.805));
#460 = VECTOR('',#461,1.);
#461 = DIRECTION('',(0.,1.,0.));
#462 = PLANE('',#463);
#463 = AXIS2_PLACEMENT_3D('',#464,#465,#466);
#464 = CARTESIAN_POINT('',(116.50224149092,-42.94425955403,8.805));
#465 = DIRECTION('',(0.707106781187,-9.8E-16,-0.707106781187));
#466 = DIRECTION('',(6.929646455628E-16,1.,-6.929646455628E-16));
#467 = ADVANCED_FACE('',(#468),#510,.T.);
#468 = FACE_BOUND('',#469,.T.);
#469 = EDGE_LOOP('',(#470,#481,#489,#497,#503,#504));
#470 = ORIENTED_EDGE('',*,*,#471,.F.);
#471 = EDGE_CURVE('',#472,#474,#476,.T.);
#472 = VERTEX_POINT('',#473);
#473 = CARTESIAN_POINT('',(46.922241490929,-42.94425955403,
    14.813404680519));
#474 = VERTEX_POINT('',#475);
#475 = CARTESIAN_POINT('',(115.50224149092,-42.94425955403,
    25.513173126922));
#476 = CIRCLE('',#477,237.95824981865);
#477 = AXIS2_PLACEMENT_3D('',#478,#479,#480);
#478 = CARTESIAN_POINT('',(44.92227761761,-42.94425955403,
    252.76324981865));
#479 = DIRECTION('',(0.,-1.,0.));
#480 = DIRECTION('',(-1.5310609688E-07,-0.,-1.));
#481 = ORIENTED_EDGE('',*,*,#482,.T.);
#482 = EDGE_CURVE('',#472,#483,#485,.T.);
#483 = VERTEX_POINT('',#484);
#484 = CARTESIAN_POINT('',(46.922241490929,-42.94425955403,7.805));
#485 = LINE('',#486,#487);
#486 = CARTESIAN_POINT('',(46.922241490929,-42.94425955403,
    14.805000000003));
#487 = VECTOR('',#488,1.);
#488 = DIRECTION('',(0.,0.,-1.));
#489 = ORIENTED_EDGE('',*,*,#490,.T.);
#490 = EDGE_CURVE('',#483,#491,#493,.T.);
#491 = VERTEX_POINT('',#492);
#492 = CARTESIAN_POINT('',(48.672241490929,-42.94425955403,7.805));
#493 = LINE('',#494,#495);
#494 = CARTESIAN_POINT('',(45.422241490929,-42.94425955403,7.805));
#495 = VECTOR('',#496,1.);
#496 = DIRECTION('',(1.,0.,0.));
#497 = ORIENTED_EDGE('',*,*,#498,.T.);
#498 = EDGE_CURVE('',#491,#82,#499,.T.);
#499 = LINE('',#500,#501);
#500 = CARTESIAN_POINT('',(45.422241490929,-42.94425955403,7.805));
#501 = VECTOR('',#502,1.);
#502 = DIRECTION('',(1.,0.,0.));
#503 = ORIENTED_EDGE('',*,*,#81,.T.);
#504 = ORIENTED_EDGE('',*,*,#505,.T.);
#505 = EDGE_CURVE('',#74,#474,#506,.T.);
#506 = LINE('',#507,#508);
#507 = CARTESIAN_POINT('',(115.50224149092,-42.94425955403,7.805));
#508 = VECTOR('',#509,1.);
#509 = DIRECTION('',(0.,0.,1.));
#510 = PLANE('',#511);
#511 = AXIS2_PLACEMENT_3D('',#512,#513,#514);
#512 = CARTESIAN_POINT('',(81.212241490929,-42.94425955403,18.025));
#513 = DIRECTION('',(-0.,-1.,-0.));
#514 = DIRECTION('',(0.,0.,-1.));
#515 = ADVANCED_FACE('',(#516),#527,.F.);
#516 = FACE_BOUND('',#517,.F.);
#517 = EDGE_LOOP('',(#518,#519,#525,#526));
#518 = ORIENTED_EDGE('',*,*,#145,.F.);
#519 = ORIENTED_EDGE('',*,*,#520,.T.);
#520 = EDGE_CURVE('',#146,#252,#521,.T.);
#521 = LINE('',#522,#523);
#522 = CARTESIAN_POINT('',(107.50224149092,14.555740445967,
    23.254911995407));
#523 = VECTOR('',#524,1.);
#524 = DIRECTION('',(0.,-1.,2.2E-16));
#525 = ORIENTED_EDGE('',*,*,#251,.F.);
#526 = ORIENTED_EDGE('',*,*,#196,.F.);
#527 = PLANE('',#528);
#528 = AXIS2_PLACEMENT_3D('',#529,#530,#531);
#529 = CARTESIAN_POINT('',(107.50224149092,14.555740445967,28.245));
#530 = DIRECTION('',(1.,0.,0.));
#531 = DIRECTION('',(0.,-2.2E-16,-1.));
#532 = ADVANCED_FACE('',(#533),#557,.F.);
#533 = FACE_BOUND('',#534,.F.);
#534 = EDGE_LOOP('',(#535,#542,#551,#556));
#535 = ORIENTED_EDGE('',*,*,#536,.F.);
#536 = EDGE_CURVE('',#537,#164,#539,.T.);
#537 = VERTEX_POINT('',#538);
#538 = CARTESIAN_POINT('',(104.99307684612,16.555740445967,
    24.579563422081));
#539 = B_SPLINE_CURVE_WITH_KNOTS('',1,(#540,#541),.UNSPECIFIED.,.F.,.F.,
  (2,2),(0.,1.),.PIECEWISE_BEZIER_KNOTS.);
#540 = CARTESIAN_POINT('',(104.99307684612,16.555740445967,
    24.579563422081));
#541 = CARTESIAN_POINT('',(105.50224149092,14.555740445967,
    22.645461210593));
#542 = ORIENTED_EDGE('',*,*,#543,.T.);
#543 = EDGE_CURVE('',#537,#544,#546,.T.);
#544 = VERTEX_POINT('',#545);
#545 = CARTESIAN_POINT('',(109.42835408582,12.555740445967,
    25.793512284859));
#546 = B_SPLINE_CURVE_WITH_KNOTS('',3,(#547,#548,#549,#550),
  .UNSPECIFIED.,.F.,.F.,(4,4),(0.,1.),.PIECEWISE_BEZIER_KNOTS.);
#547 = CARTESIAN_POINT('',(104.99307684612,16.555740445967,
    24.579563422081));
#548 = CARTESIAN_POINT('',(106.47539881412,15.222407112634,
    24.96979405924));
#549 = CARTESIAN_POINT('',(107.95391814637,13.8890737793,25.374469294852
    ));
#550 = CARTESIAN_POINT('',(109.42835408582,12.555740445967,
    25.793512284859));
#551 = ORIENTED_EDGE('',*,*,#552,.T.);
#552 = EDGE_CURVE('',#544,#146,#553,.T.);
#553 = B_SPLINE_CURVE_WITH_KNOTS('',1,(#554,#555),.UNSPECIFIED.,.F.,.F.,
  (2,2),(0.,1.),.PIECEWISE_BEZIER_KNOTS.);
#554 = CARTESIAN_POINT('',(109.42835408582,12.555740445967,
    25.793512284859));
#555 = CARTESIAN_POINT('',(107.50224149092,12.555740445967,
    23.254911995407));
#556 = ORIENTED_EDGE('',*,*,#171,.F.);
#557 = B_SPLINE_SURFACE_WITH_KNOTS('',3,1,(
    (#558,#559)
    ,(#560,#561)
    ,(#562,#563)
    ,(#564,#565)),.UNSPECIFIED.,.F.,.F.,.F.,(4,4),(2,2),(0.,1.),(0.,1.),
  .PIECEWISE_BEZIER_KNOTS.);
#558 = CARTESIAN_POINT('',(104.99307684612,16.555740445967,
    24.579563422081));
#559 = CARTESIAN_POINT('',(105.50224149092,14.555740445967,
    22.645461210593));
#560 = CARTESIAN_POINT('',(106.47539881412,15.222407112634,
    24.96979405924));
#561 = CARTESIAN_POINT('',(106.16890815759,13.889073779301,
    22.848611472198));
#562 = CARTESIAN_POINT('',(107.95391814637,13.8890737793,25.374469294852
    ));
#563 = CARTESIAN_POINT('',(106.83557482426,13.222407112634,
    23.051761733802));
#564 = CARTESIAN_POINT('',(109.42835408582,12.555740445967,
    25.793512284859));
#565 = CARTESIAN_POINT('',(107.50224149092,12.555740445967,
    23.254911995407));
#566 = ADVANCED_FACE('',(#567),#624,.F.);
#567 = FACE_BOUND('',#568,.F.);
#568 = EDGE_LOOP('',(#569,#580,#587,#588,#589));
#569 = ORIENTED_EDGE('',*,*,#570,.F.);
#570 = EDGE_CURVE('',#571,#573,#575,.T.);
#571 = VERTEX_POINT('',#572);
#572 = CARTESIAN_POINT('',(46.922223531216,16.555740445967,
    16.813475769546));
#573 = VERTEX_POINT('',#574);
#574 = CARTESIAN_POINT('',(45.507146441087,15.142408897275,
    15.392388992463));
#575 = HYPERBOLA('',#576,167.90495068947,167.90495068947);
#576 = AXIS2_PLACEMENT_3D('',#577,#578,#579);
#577 = CARTESIAN_POINT('',(163.9003159695,252.51399026462,
    134.28836279203));
#578 = DIRECTION('',(0.70860351564,-1.6E-16,-0.705606871865));
#579 = DIRECTION('',(-1.13143972734E-16,-1.,1.131306770529E-16));
#580 = ORIENTED_EDGE('',*,*,#581,.T.);
#581 = EDGE_CURVE('',#571,#537,#582,.T.);
#582 = CIRCLE('',#583,235.95824981865);
#583 = AXIS2_PLACEMENT_3D('',#584,#585,#586);
#584 = CARTESIAN_POINT('',(44.92227761761,16.555740445967,
    252.76324981865));
#585 = DIRECTION('',(0.,-1.,-0.));
#586 = DIRECTION('',(-1.5310609688E-07,0.,-1.));
#587 = ORIENTED_EDGE('',*,*,#536,.T.);
#588 = ORIENTED_EDGE('',*,*,#210,.F.);
#589 = ORIENTED_EDGE('',*,*,#590,.T.);
#590 = EDGE_CURVE('',#211,#573,#591,.T.);
#591 = B_SPLINE_CURVE_WITH_KNOTS('',7,(#592,#593,#594,#595,#596,#597,
    #598,#599,#600,#601,#602,#603,#604,#605,#606,#607,#608,#609,#610,
    #611,#612,#613,#614,#615,#616,#617,#618,#619,#620,#621,#622,#623),
  .UNSPECIFIED.,.F.,.F.,(8,6,6,6,6,8),(0.,0.122576955902,0.207695386771,
    0.346444829412,0.644731480188,1.),.UNSPECIFIED.);
#592 = CARTESIAN_POINT('',(46.922241490929,14.555740445967,
    14.813404680519));
#593 = CARTESIAN_POINT('',(46.850754277484,14.555740445967,
    14.812803831865));
#594 = CARTESIAN_POINT('',(46.779204450026,14.558721589036,14.8152087627
    ));
#595 = CARTESIAN_POINT('',(46.708313253257,14.564692942291,
    14.82063465394));
#596 = CARTESIAN_POINT('',(46.638644430982,14.573512146737,
    14.828942402496));
#597 = CARTESIAN_POINT('',(46.57063177367,14.584948556883,
    14.839902594643));
#598 = CARTESIAN_POINT('',(46.504600269306,14.598727600603,
    14.853240521627));
#599 = CARTESIAN_POINT('',(46.396464141195,14.625547977448,
    14.879371201904));
#600 = CARTESIAN_POINT('',(46.353185535389,14.637535224247,
    14.891092044698));
#601 = CARTESIAN_POINT('',(46.31099053281,14.650430437773,
    14.903736572039));
#602 = CARTESIAN_POINT('',(46.269901631748,14.66414880941,
    14.917219281807));
#603 = CARTESIAN_POINT('',(46.229922060684,14.678611133231,
    14.931460170281));
#604 = CARTESIAN_POINT('',(46.191039502861,14.693746555428,
    14.946387538809));
#605 = CARTESIAN_POINT('',(46.09159719618,14.735167000317,
    14.987293786511));
#606 = CARTESIAN_POINT('',(46.032837952347,14.762458376009,
    15.014299923389));
#607 = CARTESIAN_POINT('',(45.976826450581,14.79111464511,
    15.042700629661));
#608 = CARTESIAN_POINT('',(45.923430881042,14.820922566421,
    15.072279306251));
#609 = CARTESIAN_POINT('',(45.872513428419,14.851709534313,
    15.102860371171));
#610 = CARTESIAN_POINT('',(45.823930437523,14.883342649789,
    15.134308294222));
#611 = CARTESIAN_POINT('',(45.677785426057,14.985350092614,
    15.23579033322));
#612 = CARTESIAN_POINT('',(45.588277444011,15.058350777596,
    15.308517901374));
#613 = CARTESIAN_POINT('',(45.507482803783,15.133788428428,
    15.383744498789));
#614 = CARTESIAN_POINT('',(45.434526199659,15.211050166156,
    15.460843164984));
#615 = CARTESIAN_POINT('',(45.368621140333,15.289686181129,
    15.539352869968));
#616 = CARTESIAN_POINT('',(45.309149495415,15.369433459748,
    15.619002556698));
#617 = CARTESIAN_POINT('',(45.191786011507,15.546362356636,
    15.795766617841));
#618 = CARTESIAN_POINT('',(45.136446200177,15.643845046949,
    15.893191542361));
#619 = CARTESIAN_POINT('',(45.088734696175,15.742313286971,
    15.991623190463));
#620 = CARTESIAN_POINT('',(45.048131003269,15.841527719278,
    16.090815357448));
#621 = CARTESIAN_POINT('',(45.014233213391,15.941301139826,
    16.190575777986));
#622 = CARTESIAN_POINT('',(44.986753960672,16.041497477175,
    16.290764867665));
#623 = CARTESIAN_POINT('',(44.965499146401,16.142026296902,
    16.391289802547));
#624 = CONICAL_SURFACE('',#625,235.95824981865,0.785398163397);
#625 = AXIS2_PLACEMENT_3D('',#626,#627,#628);
#626 = CARTESIAN_POINT('',(44.92227761761,16.555740445967,
    252.76324981865));
#627 = DIRECTION('',(0.,-1.,0.));
#628 = DIRECTION('',(-1.5310609688E-07,-0.,-1.));
#629 = ADVANCED_FACE('',(#630),#658,.T.);
#630 = FACE_BOUND('',#631,.F.);
#631 = EDGE_LOOP('',(#632,#633,#634,#643,#651));
#632 = ORIENTED_EDGE('',*,*,#590,.F.);
#633 = ORIENTED_EDGE('',*,*,#237,.F.);
#634 = ORIENTED_EDGE('',*,*,#635,.T.);
#635 = EDGE_CURVE('',#230,#636,#638,.T.);
#636 = VERTEX_POINT('',#637);
#637 = CARTESIAN_POINT('',(44.922241490929,16.555740445967,7.805));
#638 = CIRCLE('',#639,2.);
#639 = AXIS2_PLACEMENT_3D('',#640,#641,#642);
#640 = CARTESIAN_POINT('',(46.922241490929,16.555740445967,7.805));
#641 = DIRECTION('',(-0.,-0.,-1.));
#642 = DIRECTION('',(0.,-1.,0.));
#643 = ORIENTED_EDGE('',*,*,#644,.T.);
#644 = EDGE_CURVE('',#636,#645,#647,.T.);
#645 = VERTEX_POINT('',#646);
#646 = CARTESIAN_POINT('',(44.922241490929,16.555740445967,
    14.805000000003));
#647 = LINE('',#648,#649);
#648 = CARTESIAN_POINT('',(44.922241490929,16.555740445967,7.805));
#649 = VECTOR('',#650,1.);
#650 = DIRECTION('',(0.,0.,1.));
#651 = ORIENTED_EDGE('',*,*,#652,.F.);
#652 = EDGE_CURVE('',#573,#645,#653,.T.);
#653 = ELLIPSE('',#654,2.834439515469,2.);
#654 = AXIS2_PLACEMENT_3D('',#655,#656,#657);
#655 = CARTESIAN_POINT('',(46.922241490929,16.555740445967,
    16.813493805532));
#656 = DIRECTION('',(0.70860351564,-1.6E-16,-0.705606871865));
#657 = DIRECTION('',(0.705606871865,-1.6E-16,0.70860351564));
#658 = CYLINDRICAL_SURFACE('',#659,2.);
#659 = AXIS2_PLACEMENT_3D('',#660,#661,#662);
#660 = CARTESIAN_POINT('',(46.922241490929,16.555740445967,7.805));
#661 = DIRECTION('',(0.,0.,1.));
#662 = DIRECTION('',(0.,-1.,0.));
#663 = ADVANCED_FACE('',(#664),#683,.F.);
#664 = FACE_BOUND('',#665,.F.);
#665 = EDGE_LOOP('',(#666,#667,#676,#682));
#666 = ORIENTED_EDGE('',*,*,#229,.T.);
#667 = ORIENTED_EDGE('',*,*,#668,.F.);
#668 = EDGE_CURVE('',#669,#222,#671,.T.);
#669 = VERTEX_POINT('',#670);
#670 = CARTESIAN_POINT('',(44.922241490929,18.305740445967,7.805));
#671 = CIRCLE('',#672,3.75);
#672 = AXIS2_PLACEMENT_3D('',#673,#674,#675);
#673 = CARTESIAN_POINT('',(48.672241490929,18.305740445967,7.805));
#674 = DIRECTION('',(0.,0.,1.));
#675 = DIRECTION('',(1.,0.,0.));
#676 = ORIENTED_EDGE('',*,*,#677,.T.);
#677 = EDGE_CURVE('',#669,#636,#678,.T.);
#678 = LINE('',#679,#680);
#679 = CARTESIAN_POINT('',(44.922241490929,22.055740445967,7.805));
#680 = VECTOR('',#681,1.);
#681 = DIRECTION('',(0.,-1.,0.));
#682 = ORIENTED_EDGE('',*,*,#635,.F.);
#683 = PLANE('',#684);
#684 = AXIS2_PLACEMENT_3D('',#685,#686,#687);
#685 = CARTESIAN_POINT('',(81.336059718585,-10.42008837037,7.805));
#686 = DIRECTION('',(0.,0.,1.));
#687 = DIRECTION('',(1.,0.,0.));
#688 = ADVANCED_FACE('',(#689),#710,.F.);
#689 = FACE_BOUND('',#690,.F.);
#690 = EDGE_LOOP('',(#691,#692,#693,#694,#703));
#691 = ORIENTED_EDGE('',*,*,#221,.T.);
#692 = ORIENTED_EDGE('',*,*,#301,.F.);
#693 = ORIENTED_EDGE('',*,*,#386,.T.);
#694 = ORIENTED_EDGE('',*,*,#695,.F.);
#695 = EDGE_CURVE('',#696,#379,#698,.T.);
#696 = VERTEX_POINT('',#697);
#697 = CARTESIAN_POINT('',(52.422241490929,18.305740445967,7.805));
#698 = CIRCLE('',#699,3.75);
#699 = AXIS2_PLACEMENT_3D('',#700,#701,#702);
#700 = CARTESIAN_POINT('',(48.672241490929,18.305740445967,7.805));
#701 = DIRECTION('',(0.,0.,1.));
#702 = DIRECTION('',(1.,0.,0.));
#703 = ORIENTED_EDGE('',*,*,#704,.F.);
#704 = EDGE_CURVE('',#222,#696,#705,.T.);
#705 = CIRCLE('',#706,3.75);
#706 = AXIS2_PLACEMENT_3D('',#707,#708,#709);
#707 = CARTESIAN_POINT('',(48.672241490929,18.305740445967,7.805));
#708 = DIRECTION('',(0.,0.,1.));
#709 = DIRECTION('',(1.,0.,0.));
#710 = PLANE('',#711);
#711 = AXIS2_PLACEMENT_3D('',#712,#713,#714);
#712 = CARTESIAN_POINT('',(81.336059718585,-10.42008837037,7.805));
#713 = DIRECTION('',(0.,0.,1.));
#714 = DIRECTION('',(1.,0.,0.));
#715 = ADVANCED_FACE('',(#716),#740,.F.);
#716 = FACE_BOUND('',#717,.F.);
#717 = EDGE_LOOP('',(#718,#725,#734,#739));
#718 = ORIENTED_EDGE('',*,*,#719,.F.);
#719 = EDGE_CURVE('',#720,#252,#722,.T.);
#720 = VERTEX_POINT('',#721);
#721 = CARTESIAN_POINT('',(109.42835408582,-34.44425955403,
    25.793512284859));
#722 = B_SPLINE_CURVE_WITH_KNOTS('',1,(#723,#724),.UNSPECIFIED.,.F.,.F.,
  (2,2),(0.,1.),.PIECEWISE_BEZIER_KNOTS.);
#723 = CARTESIAN_POINT('',(109.42835408582,-34.44425955403,
    25.793512284859));
#724 = CARTESIAN_POINT('',(107.50224149092,-34.44425955403,
    23.254911995407));
#725 = ORIENTED_EDGE('',*,*,#726,.T.);
#726 = EDGE_CURVE('',#720,#727,#729,.T.);
#727 = VERTEX_POINT('',#728);
#728 = CARTESIAN_POINT('',(104.99307684612,-38.44425955403,
    24.579563422081));
#729 = B_SPLINE_CURVE_WITH_KNOTS('',3,(#730,#731,#732,#733),
  .UNSPECIFIED.,.F.,.F.,(4,4),(0.,1.),.PIECEWISE_BEZIER_KNOTS.);
#730 = CARTESIAN_POINT('',(109.42835408582,-34.44425955403,
    25.793512284859));
#731 = CARTESIAN_POINT('',(107.95391814637,-35.77759288736,
    25.374469294852));
#732 = CARTESIAN_POINT('',(106.47539881412,-37.1109262207,24.96979405924
    ));
#733 = CARTESIAN_POINT('',(104.99307684612,-38.44425955403,
    24.579563422081));
#734 = ORIENTED_EDGE('',*,*,#735,.T.);
#735 = EDGE_CURVE('',#727,#263,#736,.T.);
#736 = B_SPLINE_CURVE_WITH_KNOTS('',1,(#737,#738),.UNSPECIFIED.,.F.,.F.,
  (2,2),(0.,1.),.PIECEWISE_BEZIER_KNOTS.);
#737 = CARTESIAN_POINT('',(104.99307684612,-38.44425955403,
    24.579563422081));
#738 = CARTESIAN_POINT('',(105.50224149092,-36.44425955403,
    22.645461210593));
#739 = ORIENTED_EDGE('',*,*,#270,.F.);
#740 = B_SPLINE_SURFACE_WITH_KNOTS('',3,1,(
    (#741,#742)
    ,(#743,#744)
    ,(#745,#746)
    ,(#747,#748)),.UNSPECIFIED.,.F.,.F.,.F.,(4,4),(2,2),(0.,1.),(0.,1.),
  .PIECEWISE_BEZIER_KNOTS.);
#741 = CARTESIAN_POINT('',(109.42835408582,-34.44425955403,
    25.793512284859));
#742 = CARTESIAN_POINT('',(107.50224149092,-34.44425955403,
    23.254911995407));
#743 = CARTESIAN_POINT('',(107.95391814637,-35.77759288736,
    25.374469294852));
#744 = CARTESIAN_POINT('',(106.83557482426,-35.1109262207,
    23.051761733802));
#745 = CARTESIAN_POINT('',(106.47539881412,-37.1109262207,24.96979405924
    ));
#746 = CARTESIAN_POINT('',(106.16890815759,-35.77759288736,
    22.848611472198));
#747 = CARTESIAN_POINT('',(104.99307684612,-38.44425955403,
    24.579563422081));
#748 = CARTESIAN_POINT('',(105.50224149092,-36.44425955403,
    22.645461210593));
#749 = ADVANCED_FACE('',(#750,#753),#830,.F.);
#750 = FACE_BOUND('',#751,.F.);
#751 = EDGE_LOOP('',(#752));
#752 = ORIENTED_EDGE('',*,*,#285,.T.);
#753 = FACE_BOUND('',#754,.F.);
#754 = EDGE_LOOP('',(#755,#766,#774,#782,#791,#799,#807,#816,#824));
#755 = ORIENTED_EDGE('',*,*,#756,.T.);
#756 = EDGE_CURVE('',#757,#759,#761,.T.);
#757 = VERTEX_POINT('',#758);
#758 = CARTESIAN_POINT('',(97.294286060103,19.808636205946,5.305));
#759 = VERTEX_POINT('',#760);
#760 = CARTESIAN_POINT('',(99.185714036609,18.716619626543,5.305));
#761 = CIRCLE('',#762,1.55);
#762 = AXIS2_PLACEMENT_3D('',#763,#764,#765);
#763 = CARTESIAN_POINT('',(97.69,18.31,5.305));
#764 = DIRECTION('',(-2.E-16,8.E-16,-1.));
#765 = DIRECTION('',(7.8E-16,1.,8.E-16));
#766 = ORIENTED_EDGE('',*,*,#767,.T.);
#767 = EDGE_CURVE('',#759,#768,#770,.T.);
#768 = VERTEX_POINT('',#769);
#769 = CARTESIAN_POINT('',(99.89,18.309999888326,5.305));
#770 = LINE('',#771,#772);
#771 = CARTESIAN_POINT('',(95.701970420651,20.727960176787,5.305));
#772 = VECTOR('',#773,1.);
#773 = DIRECTION('',(0.866025378404,-0.50000004396,0.));
#774 = ORIENTED_EDGE('',*,*,#775,.T.);
#775 = EDGE_CURVE('',#768,#776,#778,.T.);
#776 = VERTEX_POINT('',#777);
#777 = CARTESIAN_POINT('',(99.185713995328,17.903380221609,5.305));
#778 = LINE('',#779,#780);
#779 = CARTESIAN_POINT('',(82.389711332753,8.206204699833,5.305));
#780 = VECTOR('',#781,1.);
#781 = DIRECTION('',(-0.866025429165,-0.49999995604,0.));
#782 = ORIENTED_EDGE('',*,*,#783,.T.);
#783 = EDGE_CURVE('',#776,#784,#786,.T.);
#784 = VERTEX_POINT('',#785);
#785 = CARTESIAN_POINT('',(97.294285907959,16.811363834228,5.305));
#786 = CIRCLE('',#787,1.55);
#787 = AXIS2_PLACEMENT_3D('',#788,#789,#790);
#788 = CARTESIAN_POINT('',(97.69,18.31,5.305));
#789 = DIRECTION('',(-2.E-16,8.E-16,-1.));
#790 = DIRECTION('',(7.8E-16,1.,8.E-16));
#791 = ORIENTED_EDGE('',*,*,#792,.T.);
#792 = EDGE_CURVE('',#784,#793,#795,.T.);
#793 = VERTEX_POINT('',#794);
#794 = CARTESIAN_POINT('',(96.589999903287,16.404744167511,5.305));
#795 = LINE('',#796,#797);
#796 = CARTESIAN_POINT('',(82.389711332753,8.206204699833,5.305));
#797 = VECTOR('',#798,1.);
#798 = DIRECTION('',(-0.866025429165,-0.49999995604,0.));
#799 = ORIENTED_EDGE('',*,*,#800,.T.);
#800 = EDGE_CURVE('',#793,#801,#803,.T.);
#801 = VERTEX_POINT('',#802);
#802 = CARTESIAN_POINT('',(96.589999944568,17.217983572445,5.305));
#803 = LINE('',#804,#805);
#804 = CARTESIAN_POINT('',(96.589999364788,5.796211886425,5.305));
#805 = VECTOR('',#806,1.);
#806 = DIRECTION('',(5.076101653E-08,1.,0.));
#807 = ORIENTED_EDGE('',*,*,#808,.T.);
#808 = EDGE_CURVE('',#801,#809,#811,.T.);
#809 = VERTEX_POINT('',#810);
#810 = CARTESIAN_POINT('',(96.590000055432,19.402016539229,5.305));
#811 = CIRCLE('',#812,1.55);
#812 = AXIS2_PLACEMENT_3D('',#813,#814,#815);
#813 = CARTESIAN_POINT('',(97.69,18.31,5.305));
#814 = DIRECTION('',(-2.E-16,8.E-16,-1.));
#815 = DIRECTION('',(7.8E-16,1.,8.E-16));
#816 = ORIENTED_EDGE('',*,*,#817,.T.);
#817 = EDGE_CURVE('',#809,#818,#820,.T.);
#818 = VERTEX_POINT('',#819);
#819 = CARTESIAN_POINT('',(96.590000096713,20.215255944163,5.305));
#820 = LINE('',#821,#822);
#821 = CARTESIAN_POINT('',(96.589999364788,5.796211886425,5.305));
#822 = VECTOR('',#823,1.);
#823 = DIRECTION('',(5.076101653E-08,1.,0.));
#824 = ORIENTED_EDGE('',*,*,#825,.T.);
#825 = EDGE_CURVE('',#818,#757,#826,.T.);
#826 = LINE('',#827,#828);
#827 = CARTESIAN_POINT('',(95.701970420651,20.727960176787,5.305));
#828 = VECTOR('',#829,1.);
#829 = DIRECTION('',(0.866025378404,-0.50000004396,0.));
#830 = PLANE('',#831);
#831 = AXIS2_PLACEMENT_3D('',#832,#833,#834);
#832 = CARTESIAN_POINT('',(73.172241490929,-8.622830982604,5.305));
#833 = DIRECTION('',(0.,0.,1.));
#834 = DIRECTION('',(1.,0.,0.));
#835 = ADVANCED_FACE('',(#836),#887,.F.);
#836 = FACE_BOUND('',#837,.F.);
#837 = EDGE_LOOP('',(#838,#849,#878,#879,#880));
#838 = ORIENTED_EDGE('',*,*,#839,.F.);
#839 = EDGE_CURVE('',#840,#842,#844,.T.);
#840 = VERTEX_POINT('',#841);
#841 = CARTESIAN_POINT('',(45.507146456849,-37.03092801312,
    15.39238900044));
#842 = VERTEX_POINT('',#843);
#843 = CARTESIAN_POINT('',(46.922223531216,-38.44425955403,
    16.813475769546));
#844 = HYPERBOLA('',#845,167.90495068947,167.90495068947);
#845 = AXIS2_PLACEMENT_3D('',#846,#847,#848);
#846 = CARTESIAN_POINT('',(163.9003159695,-274.4025093726,
    134.28836279203));
#847 = DIRECTION('',(0.70860351564,-1.6E-16,-0.705606871865));
#848 = DIRECTION('',(1.13143972734E-16,1.,-1.131306770529E-16));
#849 = ORIENTED_EDGE('',*,*,#850,.T.);
#850 = EDGE_CURVE('',#840,#319,#851,.T.);
#851 = B_SPLINE_CURVE_WITH_KNOTS('',7,(#852,#853,#854,#855,#856,#857,
    #858,#859,#860,#861,#862,#863,#864,#865,#866,#867,#868,#869,#870,
    #871,#872,#873,#874,#875,#876,#877),.UNSPECIFIED.,.F.,.F.,(8,6,6,6,8
    ),(0.,0.356350195583,0.658545280197,0.838115125461,1.),
  .UNSPECIFIED.);
#852 = CARTESIAN_POINT('',(44.965499146403,-38.03054540496,
    16.391289802545));
#853 = CARTESIAN_POINT('',(44.986817076405,-37.92971806698,
    16.290466360949));
#854 = CARTESIAN_POINT('',(45.014396410491,-37.82922543884,
    16.189981011975));
#855 = CARTESIAN_POINT('',(45.04843299923,-37.72915850161,
    16.089927147729));
#856 = CARTESIAN_POINT('',(45.089217069693,-37.62965454497,
    15.990445605089));
#857 = CARTESIAN_POINT('',(45.137154934058,-37.53090278302,
    15.891730714732));
#858 = CARTESIAN_POINT('',(45.192772698714,-37.43314532768,
    15.794031512547));
#859 = CARTESIAN_POINT('',(45.311302372626,-37.2549227359,
    15.615976055579));
#860 = CARTESIAN_POINT('',(45.371759775268,-37.17417879412,
    15.535331863598));
#861 = CARTESIAN_POINT('',(45.438836167401,-37.09458095335,
    15.455863469543));
#862 = CARTESIAN_POINT('',(45.513179082703,-37.01640352476,
    15.377853596016));
#863 = CARTESIAN_POINT('',(45.59561636029,-36.94012305581,
    15.301790617366));
#864 = CARTESIAN_POINT('',(45.687061377948,-36.86638961912,
    15.228339416504));
#865 = CARTESIAN_POINT('',(45.849784451287,-36.75450998772,
    15.117052703979));
#866 = CARTESIAN_POINT('',(45.914106188837,-36.71412107066,
    15.076916171195));
#867 = CARTESIAN_POINT('',(45.982456133321,-36.67522547216,
    15.038309510962));
#868 = CARTESIAN_POINT('',(46.055164936976,-36.63814206761,
    15.001557779403));
#869 = CARTESIAN_POINT('',(46.132515177875,-36.60332154902,
    14.967118738175));
#870 = CARTESIAN_POINT('',(46.214721415449,-36.57134033483,
    14.93557664258));
#871 = CARTESIAN_POINT('',(46.38051226784,-36.51725011973,
    14.882447153383));
#872 = CARTESIAN_POINT('',(46.463256118797,-36.49444896042,
    14.860155739102));
#873 = CARTESIAN_POINT('',(46.54996031031,-36.47510812662,
    14.841383621306));
#874 = CARTESIAN_POINT('',(46.640185630261,-36.45990249548,
    14.826808920691));
#875 = CARTESIAN_POINT('',(46.733172804358,-36.44946661125,
    14.817066571283));
#876 = CARTESIAN_POINT('',(46.82776196121,-36.44425955403,
    14.812610581888));
#877 = CARTESIAN_POINT('',(46.922241490929,-36.44425955403,
    14.813404680519));
#878 = ORIENTED_EDGE('',*,*,#318,.T.);
#879 = ORIENTED_EDGE('',*,*,#735,.F.);
#880 = ORIENTED_EDGE('',*,*,#881,.F.);
#881 = EDGE_CURVE('',#842,#727,#882,.T.);
#882 = CIRCLE('',#883,235.95824981865);
#883 = AXIS2_PLACEMENT_3D('',#884,#885,#886);
#884 = CARTESIAN_POINT('',(44.92227761761,-38.44425955403,
    252.76324981865));
#885 = DIRECTION('',(0.,-1.,-0.));
#886 = DIRECTION('',(-1.5310609688E-07,0.,-1.));
#887 = CONICAL_SURFACE('',#888,235.95824981865,0.785398163397);
#888 = AXIS2_PLACEMENT_3D('',#889,#890,#891);
#889 = CARTESIAN_POINT('',(44.92227761761,-38.44425955403,
    252.76324981865));
#890 = DIRECTION('',(0.,1.,0.));
#891 = DIRECTION('',(-1.5310609688E-07,0.,-1.));
#892 = ADVANCED_FACE('',(#893),#921,.T.);
#893 = FACE_BOUND('',#894,.F.);
#894 = EDGE_LOOP('',(#895,#904,#912,#919,#920));
#895 = ORIENTED_EDGE('',*,*,#896,.F.);
#896 = EDGE_CURVE('',#897,#840,#899,.T.);
#897 = VERTEX_POINT('',#898);
#898 = CARTESIAN_POINT('',(44.922241490929,-38.44425955403,
    14.805000000003));
#899 = ELLIPSE('',#900,2.834439515469,2.);
#900 = AXIS2_PLACEMENT_3D('',#901,#902,#903);
#901 = CARTESIAN_POINT('',(46.922241490929,-38.44425955403,
    16.813493805532));
#902 = DIRECTION('',(0.70860351564,-1.6E-16,-0.705606871865));
#903 = DIRECTION('',(0.705606871865,-1.6E-16,0.70860351564));
#904 = ORIENTED_EDGE('',*,*,#905,.F.);
#905 = EDGE_CURVE('',#906,#897,#908,.T.);
#906 = VERTEX_POINT('',#907);
#907 = CARTESIAN_POINT('',(44.922241490929,-38.44425955403,7.805));
#908 = LINE('',#909,#910);
#909 = CARTESIAN_POINT('',(44.922241490929,-38.44425955403,7.805));
#910 = VECTOR('',#911,1.);
#911 = DIRECTION('',(0.,0.,1.));
#912 = ORIENTED_EDGE('',*,*,#913,.T.);
#913 = EDGE_CURVE('',#906,#338,#914,.T.);
#914 = CIRCLE('',#915,2.);
#915 = AXIS2_PLACEMENT_3D('',#916,#917,#918);
#916 = CARTESIAN_POINT('',(46.922241490929,-38.44425955403,7.805));
#917 = DIRECTION('',(-0.,-0.,-1.));
#918 = DIRECTION('',(0.,-1.,0.));
#919 = ORIENTED_EDGE('',*,*,#345,.T.);
#920 = ORIENTED_EDGE('',*,*,#850,.F.);
#921 = CYLINDRICAL_SURFACE('',#922,2.);
#922 = AXIS2_PLACEMENT_3D('',#923,#924,#925);
#923 = CARTESIAN_POINT('',(46.922241490929,-38.44425955403,7.805));
#924 = DIRECTION('',(0.,0.,1.));
#925 = DIRECTION('',(-1.,0.,0.));
#926 = ADVANCED_FACE('',(#927),#963,.T.);
#927 = FACE_BOUND('',#928,.T.);
#928 = EDGE_LOOP('',(#929,#930,#939,#945,#946,#947,#956));
#929 = ORIENTED_EDGE('',*,*,#490,.F.);
#930 = ORIENTED_EDGE('',*,*,#931,.F.);
#931 = EDGE_CURVE('',#932,#483,#934,.T.);
#932 = VERTEX_POINT('',#933);
#933 = CARTESIAN_POINT('',(44.922241490929,-40.94425955403,7.805));
#934 = CIRCLE('',#935,2.);
#935 = AXIS2_PLACEMENT_3D('',#936,#937,#938);
#936 = CARTESIAN_POINT('',(46.922241490929,-40.94425955403,7.805));
#937 = DIRECTION('',(0.,-0.,1.));
#938 = DIRECTION('',(0.,1.,0.));
#939 = ORIENTED_EDGE('',*,*,#940,.T.);
#940 = EDGE_CURVE('',#932,#906,#941,.T.);
#941 = LINE('',#942,#943);
#942 = CARTESIAN_POINT('',(44.922241490929,-42.94425955403,7.805));
#943 = VECTOR('',#944,1.);
#944 = DIRECTION('',(0.,1.,-2.2E-16));
#945 = ORIENTED_EDGE('',*,*,#913,.T.);
#946 = ORIENTED_EDGE('',*,*,#337,.F.);
#947 = ORIENTED_EDGE('',*,*,#948,.T.);
#948 = EDGE_CURVE('',#330,#949,#951,.T.);
#949 = VERTEX_POINT('',#950);
#950 = CARTESIAN_POINT('',(45.422241490929,-39.69425955403,7.805));
#951 = CIRCLE('',#952,3.25);
#952 = AXIS2_PLACEMENT_3D('',#953,#954,#955);
#953 = CARTESIAN_POINT('',(48.672241490929,-39.69425955403,7.805));
#954 = DIRECTION('',(0.,0.,1.));
#955 = DIRECTION('',(1.,0.,0.));
#956 = ORIENTED_EDGE('',*,*,#957,.T.);
#957 = EDGE_CURVE('',#949,#491,#958,.T.);
#958 = CIRCLE('',#959,3.25);
#959 = AXIS2_PLACEMENT_3D('',#960,#961,#962);
#960 = CARTESIAN_POINT('',(48.672241490929,-39.69425955403,7.805));
#961 = DIRECTION('',(0.,0.,1.));
#962 = DIRECTION('',(1.,0.,0.));
#963 = PLANE('',#964);
#964 = AXIS2_PLACEMENT_3D('',#965,#966,#967);
#965 = CARTESIAN_POINT('',(46.230022561925,-39.69425955403,7.805));
#966 = DIRECTION('',(-1.265E-14,-0.,-1.));
#967 = DIRECTION('',(-1.,0.,1.265E-14));
#968 = ADVANCED_FACE('',(#969),#990,.F.);
#969 = FACE_BOUND('',#970,.F.);
#970 = EDGE_LOOP('',(#971,#972,#973,#974,#983));
#971 = ORIENTED_EDGE('',*,*,#498,.T.);
#972 = ORIENTED_EDGE('',*,*,#423,.F.);
#973 = ORIENTED_EDGE('',*,*,#329,.T.);
#974 = ORIENTED_EDGE('',*,*,#975,.F.);
#975 = EDGE_CURVE('',#976,#330,#978,.T.);
#976 = VERTEX_POINT('',#977);
#977 = CARTESIAN_POINT('',(51.922241490929,-39.69425955403,7.805));
#978 = CIRCLE('',#979,3.25);
#979 = AXIS2_PLACEMENT_3D('',#980,#981,#982);
#980 = CARTESIAN_POINT('',(48.672241490929,-39.69425955403,7.805));
#981 = DIRECTION('',(0.,0.,1.));
#982 = DIRECTION('',(1.,0.,0.));
#983 = ORIENTED_EDGE('',*,*,#984,.F.);
#984 = EDGE_CURVE('',#491,#976,#985,.T.);
#985 = CIRCLE('',#986,3.25);
#986 = AXIS2_PLACEMENT_3D('',#987,#988,#989);
#987 = CARTESIAN_POINT('',(48.672241490929,-39.69425955403,7.805));
#988 = DIRECTION('',(0.,0.,1.));
#989 = DIRECTION('',(1.,0.,0.));
#990 = PLANE('',#991);
#991 = AXIS2_PLACEMENT_3D('',#992,#993,#994);
#992 = CARTESIAN_POINT('',(81.336059718585,-10.42008837037,7.805));
#993 = DIRECTION('',(0.,0.,1.));
#994 = DIRECTION('',(1.,0.,0.));
#995 = ADVANCED_FACE('',(#996),#1061,.F.);
#996 = FACE_BOUND('',#997,.T.);
#997 = EDGE_LOOP('',(#998,#1009,#1018,#1025,#1026));
#998 = ORIENTED_EDGE('',*,*,#999,.F.);
#999 = EDGE_CURVE('',#1000,#1002,#1004,.T.);
#1000 = VERTEX_POINT('',#1001);
#1001 = CARTESIAN_POINT('',(46.922223531216,20.055740445967,
    16.813475769546));
#1002 = VERTEX_POINT('',#1003);
#1003 = CARTESIAN_POINT('',(45.507146441087,21.469071994659,
    15.392388992463));
#1004 = HYPERBOLA('',#1005,167.90495068947,167.90495068947);
#1005 = AXIS2_PLACEMENT_3D('',#1006,#1007,#1008);
#1006 = CARTESIAN_POINT('',(163.9003159695,-215.9025093726,
    134.28836279203));
#1007 = DIRECTION('',(-0.70860351564,1.6E-16,0.705606871865));
#1008 = DIRECTION('',(1.13143972734E-16,1.,-1.131306770529E-16));
#1009 = ORIENTED_EDGE('',*,*,#1010,.T.);
#1010 = EDGE_CURVE('',#1000,#1011,#1013,.T.);
#1011 = VERTEX_POINT('',#1012);
#1012 = CARTESIAN_POINT('',(115.59661767539,20.055740445967,
    27.637877381695));
#1013 = CIRCLE('',#1014,235.95824981865);
#1014 = AXIS2_PLACEMENT_3D('',#1015,#1016,#1017);
#1015 = CARTESIAN_POINT('',(44.92227761761,20.055740445967,
    252.76324981865));
#1016 = DIRECTION('',(0.,-1.,0.));
#1017 = DIRECTION('',(-1.5310609685E-07,-0.,-1.));
#1018 = ORIENTED_EDGE('',*,*,#1019,.T.);
#1019 = EDGE_CURVE('',#1011,#362,#1020,.T.);
#1020 = HYPERBOLA('',#1021,426.3277949235,148.29321864753);
#1021 = AXIS2_PLACEMENT_3D('',#1022,#1023,#1024);
#1022 = CARTESIAN_POINT('',(233.26822511041,-498.5369995074,
    510.44316322602));
#1023 = DIRECTION('',(-0.441786694969,-0.662951122353,-0.604417343827));
#1024 = DIRECTION('',(-0.391208207444,0.748662680632,-0.53521988851));
#1025 = ORIENTED_EDGE('',*,*,#359,.F.);
#1026 = ORIENTED_EDGE('',*,*,#1027,.T.);
#1027 = EDGE_CURVE('',#360,#1002,#1028,.T.);
#1028 = B_SPLINE_CURVE_WITH_KNOTS('',7,(#1029,#1030,#1031,#1032,#1033,
    #1034,#1035,#1036,#1037,#1038,#1039,#1040,#1041,#1042,#1043,#1044,
    #1045,#1046,#1047,#1048,#1049,#1050,#1051,#1052,#1053,#1054,#1055,
    #1056,#1057,#1058,#1059,#1060),.UNSPECIFIED.,.F.,.F.,(8,6,6,6,6,8),(
    0.,0.122576955902,0.207695386771,0.346444829412,0.644731480188,1.),
  .UNSPECIFIED.);
#1029 = CARTESIAN_POINT('',(46.922241490929,22.055740445967,
    14.813404680519));
#1030 = CARTESIAN_POINT('',(46.850754277484,22.055740445967,
    14.812803831865));
#1031 = CARTESIAN_POINT('',(46.779204450026,22.052759302898,
    14.8152087627));
#1032 = CARTESIAN_POINT('',(46.708313253257,22.046787949643,
    14.82063465394));
#1033 = CARTESIAN_POINT('',(46.638644430982,22.037968745196,
    14.828942402496));
#1034 = CARTESIAN_POINT('',(46.57063177367,22.026532335051,
    14.839902594643));
#1035 = CARTESIAN_POINT('',(46.504600269306,22.01275329133,
    14.853240521627));
#1036 = CARTESIAN_POINT('',(46.396464141195,21.985932914486,
    14.879371201904));
#1037 = CARTESIAN_POINT('',(46.353185535389,21.973945667687,
    14.891092044698));
#1038 = CARTESIAN_POINT('',(46.31099053281,21.961050454161,
    14.903736572039));
#1039 = CARTESIAN_POINT('',(46.269901631748,21.947332082524,
    14.917219281807));
#1040 = CARTESIAN_POINT('',(46.229922060684,21.932869758703,
    14.931460170281));
#1041 = CARTESIAN_POINT('',(46.191039502861,21.917734336505,
    14.946387538809));
#1042 = CARTESIAN_POINT('',(46.09159719618,21.876313891617,
    14.987293786511));
#1043 = CARTESIAN_POINT('',(46.032837952347,21.849022515925,
    15.014299923389));
#1044 = CARTESIAN_POINT('',(45.976826450581,21.820366246824,
    15.042700629661));
#1045 = CARTESIAN_POINT('',(45.923430881042,21.790558325513,
    15.072279306251));
#1046 = CARTESIAN_POINT('',(45.872513428419,21.759771357621,
    15.102860371171));
#1047 = CARTESIAN_POINT('',(45.823930437523,21.728138242145,
    15.134308294222));
#1048 = CARTESIAN_POINT('',(45.677785426057,21.62613079932,
    15.23579033322));
#1049 = CARTESIAN_POINT('',(45.588277444011,21.553130114337,
    15.308517901374));
#1050 = CARTESIAN_POINT('',(45.507482803783,21.477692463506,
    15.383744498789));
#1051 = CARTESIAN_POINT('',(45.434526199659,21.400430725778,
    15.460843164984));
#1052 = CARTESIAN_POINT('',(45.368621140333,21.321794710805,
    15.539352869968));
#1053 = CARTESIAN_POINT('',(45.309149495415,21.242047432185,
    15.619002556698));
#1054 = CARTESIAN_POINT('',(45.191786011507,21.065118535298,
    15.795766617842));
#1055 = CARTESIAN_POINT('',(45.136446200177,20.967635844985,
    15.89319154236));
#1056 = CARTESIAN_POINT('',(45.088734696175,20.869167604963,
    15.991623190463));
#1057 = CARTESIAN_POINT('',(45.048131003269,20.769953172656,
    16.090815357448));
#1058 = CARTESIAN_POINT('',(45.014233213391,20.670179752108,
    16.190575777986));
#1059 = CARTESIAN_POINT('',(44.986753960672,20.569983414759,
    16.290764867665));
#1060 = CARTESIAN_POINT('',(44.965499146401,20.469454595032,
    16.391289802547));
#1061 = CONICAL_SURFACE('',#1062,235.95824981865,0.785398163397);
#1062 = AXIS2_PLACEMENT_3D('',#1063,#1064,#1065);
#1063 = CARTESIAN_POINT('',(44.92227761761,20.055740445967,
    252.76324981865));
#1064 = DIRECTION('',(0.,1.,0.));
#1065 = DIRECTION('',(-1.5310609685E-07,0.,-1.));
#1066 = ADVANCED_FACE('',(#1067),#1095,.T.);
#1067 = FACE_BOUND('',#1068,.T.);
#1068 = EDGE_LOOP('',(#1069,#1070,#1071,#1080,#1088));
#1069 = ORIENTED_EDGE('',*,*,#1027,.F.);
#1070 = ORIENTED_EDGE('',*,*,#370,.F.);
#1071 = ORIENTED_EDGE('',*,*,#1072,.T.);
#1072 = EDGE_CURVE('',#371,#1073,#1075,.T.);
#1073 = VERTEX_POINT('',#1074);
#1074 = CARTESIAN_POINT('',(44.922241490929,20.055740445967,7.805));
#1075 = CIRCLE('',#1076,2.);
#1076 = AXIS2_PLACEMENT_3D('',#1077,#1078,#1079);
#1077 = CARTESIAN_POINT('',(46.922241490929,20.055740445967,7.805));
#1078 = DIRECTION('',(-0.,0.,1.));
#1079 = DIRECTION('',(0.,-1.,0.));
#1080 = ORIENTED_EDGE('',*,*,#1081,.T.);
#1081 = EDGE_CURVE('',#1073,#1082,#1084,.T.);
#1082 = VERTEX_POINT('',#1083);
#1083 = CARTESIAN_POINT('',(44.922241490929,20.055740445967,
    14.805000000003));
#1084 = LINE('',#1085,#1086);
#1085 = CARTESIAN_POINT('',(44.922241490929,20.055740445967,7.805));
#1086 = VECTOR('',#1087,1.);
#1087 = DIRECTION('',(0.,0.,1.));
#1088 = ORIENTED_EDGE('',*,*,#1089,.F.);
#1089 = EDGE_CURVE('',#1002,#1082,#1090,.T.);
#1090 = ELLIPSE('',#1091,2.834439515469,2.);
#1091 = AXIS2_PLACEMENT_3D('',#1092,#1093,#1094);
#1092 = CARTESIAN_POINT('',(46.922241490929,20.055740445967,
    16.813493805532));
#1093 = DIRECTION('',(-0.70860351564,1.6E-16,0.705606871865));
#1094 = DIRECTION('',(0.705606871865,-1.6E-16,0.70860351564));
#1095 = CYLINDRICAL_SURFACE('',#1096,2.);
#1096 = AXIS2_PLACEMENT_3D('',#1097,#1098,#1099);
#1097 = CARTESIAN_POINT('',(46.922241490929,20.055740445967,7.805));
#1098 = DIRECTION('',(0.,0.,1.));
#1099 = DIRECTION('',(0.,1.,0.));
#1100 = ADVANCED_FACE('',(#1101),#1119,.F.);
#1101 = FACE_BOUND('',#1102,.F.);
#1102 = EDGE_LOOP('',(#1103,#1104,#1112,#1118));
#1103 = ORIENTED_EDGE('',*,*,#449,.T.);
#1104 = ORIENTED_EDGE('',*,*,#1105,.T.);
#1105 = EDGE_CURVE('',#450,#1106,#1108,.T.);
#1106 = VERTEX_POINT('',#1107);
#1107 = CARTESIAN_POINT('',(117.50224149092,20.055740445967,26.245));
#1108 = LINE('',#1109,#1110);
#1109 = CARTESIAN_POINT('',(117.50224149092,20.055740445967,7.805));
#1110 = VECTOR('',#1111,1.);
#1111 = DIRECTION('',(0.,0.,1.));
#1112 = ORIENTED_EDGE('',*,*,#1113,.T.);
#1113 = EDGE_CURVE('',#1106,#362,#1114,.T.);
#1114 = LINE('',#1115,#1116);
#1115 = CARTESIAN_POINT('',(115.12550640329,22.432475533599,
    25.375320696342));
#1116 = VECTOR('',#1117,1.);
#1117 = DIRECTION('',(-0.684563464562,0.684563464562,-0.250490969847));
#1118 = ORIENTED_EDGE('',*,*,#393,.F.);
#1119 = PLANE('',#1120);
#1120 = AXIS2_PLACEMENT_3D('',#1121,#1122,#1123);
#1121 = CARTESIAN_POINT('',(116.50224149092,21.055740445967,7.805));
#1122 = DIRECTION('',(-0.707106781187,-0.707106781187,0.));
#1123 = DIRECTION('',(0.,0.,1.));
#1124 = ADVANCED_FACE('',(#1125),#1142,.F.);
#1125 = FACE_BOUND('',#1126,.F.);
#1126 = EDGE_LOOP('',(#1127,#1133,#1140,#1141));
#1127 = ORIENTED_EDGE('',*,*,#1128,.T.);
#1128 = EDGE_CURVE('',#1073,#669,#1129,.T.);
#1129 = LINE('',#1130,#1131);
#1130 = CARTESIAN_POINT('',(44.922241490929,22.055740445967,7.805));
#1131 = VECTOR('',#1132,1.);
#1132 = DIRECTION('',(0.,-1.,0.));
#1133 = ORIENTED_EDGE('',*,*,#1134,.F.);
#1134 = EDGE_CURVE('',#379,#669,#1135,.T.);
#1135 = CIRCLE('',#1136,3.75);
#1136 = AXIS2_PLACEMENT_3D('',#1137,#1138,#1139);
#1137 = CARTESIAN_POINT('',(48.672241490929,18.305740445967,7.805));
#1138 = DIRECTION('',(0.,0.,1.));
#1139 = DIRECTION('',(1.,0.,0.));
#1140 = ORIENTED_EDGE('',*,*,#378,.T.);
#1141 = ORIENTED_EDGE('',*,*,#1072,.T.);
#1142 = PLANE('',#1143);
#1143 = AXIS2_PLACEMENT_3D('',#1144,#1145,#1146);
#1144 = CARTESIAN_POINT('',(81.336059718585,-10.42008837037,7.805));
#1145 = DIRECTION('',(0.,0.,1.));
#1146 = DIRECTION('',(1.,0.,0.));
#1147 = ADVANCED_FACE('',(#1148,#1151),#1228,.F.);
#1148 = FACE_BOUND('',#1149,.F.);
#1149 = EDGE_LOOP('',(#1150));
#1150 = ORIENTED_EDGE('',*,*,#407,.T.);
#1151 = FACE_BOUND('',#1152,.F.);
#1152 = EDGE_LOOP('',(#1153,#1164,#1172,#1180,#1189,#1197,#1205,#1214,
    #1222));
#1153 = ORIENTED_EDGE('',*,*,#1154,.T.);
#1154 = EDGE_CURVE('',#1155,#1157,#1159,.T.);
#1155 = VERTEX_POINT('',#1156);
#1156 = CARTESIAN_POINT('',(97.294286060103,-38.19136379405,5.305));
#1157 = VERTEX_POINT('',#1158);
#1158 = CARTESIAN_POINT('',(99.185714036609,-39.28338037345,5.305));
#1159 = CIRCLE('',#1160,1.55);
#1160 = AXIS2_PLACEMENT_3D('',#1161,#1162,#1163);
#1161 = CARTESIAN_POINT('',(97.69,-39.69,5.305));
#1162 = DIRECTION('',(-2.E-16,8.E-16,-1.));
#1163 = DIRECTION('',(7.8E-16,1.,8.E-16));
#1164 = ORIENTED_EDGE('',*,*,#1165,.T.);
#1165 = EDGE_CURVE('',#1157,#1166,#1168,.T.);
#1166 = VERTEX_POINT('',#1167);
#1167 = CARTESIAN_POINT('',(99.89,-39.69000011167,5.305));
#1168 = LINE('',#1169,#1170);
#1169 = CARTESIAN_POINT('',(83.144601329747,-30.02203854837,5.305));
#1170 = VECTOR('',#1171,1.);
#1171 = DIRECTION('',(0.866025378404,-0.50000004396,0.));
#1172 = ORIENTED_EDGE('',*,*,#1173,.T.);
#1173 = EDGE_CURVE('',#1166,#1174,#1176,.T.);
#1174 = VERTEX_POINT('',#1175);
#1175 = CARTESIAN_POINT('',(99.185713995328,-40.09661977839,5.305));
#1176 = LINE('',#1177,#1178);
#1177 = CARTESIAN_POINT('',(94.947078951596,-42.54379657501,5.305));
#1178 = VECTOR('',#1179,1.);
#1179 = DIRECTION('',(-0.866025429165,-0.49999995604,0.));
#1180 = ORIENTED_EDGE('',*,*,#1181,.T.);
#1181 = EDGE_CURVE('',#1174,#1182,#1184,.T.);
#1182 = VERTEX_POINT('',#1183);
#1183 = CARTESIAN_POINT('',(97.294285907959,-41.18863616577,5.305));
#1184 = CIRCLE('',#1185,1.55);
#1185 = AXIS2_PLACEMENT_3D('',#1186,#1187,#1188);
#1186 = CARTESIAN_POINT('',(97.69,-39.69,5.305));
#1187 = DIRECTION('',(-2.E-16,8.E-16,-1.));
#1188 = DIRECTION('',(7.8E-16,1.,8.E-16));
#1189 = ORIENTED_EDGE('',*,*,#1190,.T.);
#1190 = EDGE_CURVE('',#1182,#1191,#1193,.T.);
#1191 = VERTEX_POINT('',#1192);
#1192 = CARTESIAN_POINT('',(96.589999903287,-41.59525583248,5.305));
#1193 = LINE('',#1194,#1195);
#1194 = CARTESIAN_POINT('',(94.947078951596,-42.54379657501,5.305));
#1195 = VECTOR('',#1196,1.);
#1196 = DIRECTION('',(-0.866025429165,-0.49999995604,0.));
#1197 = ORIENTED_EDGE('',*,*,#1198,.T.);
#1198 = EDGE_CURVE('',#1191,#1199,#1201,.T.);
#1199 = VERTEX_POINT('',#1200);
#1200 = CARTESIAN_POINT('',(96.589999944568,-40.78201642755,5.305));
#1201 = LINE('',#1202,#1203);
#1202 = CARTESIAN_POINT('',(96.590000836857,-23.20378811357,5.305));
#1203 = VECTOR('',#1204,1.);
#1204 = DIRECTION('',(5.076101653E-08,1.,0.));
#1205 = ORIENTED_EDGE('',*,*,#1206,.T.);
#1206 = EDGE_CURVE('',#1199,#1207,#1209,.T.);
#1207 = VERTEX_POINT('',#1208);
#1208 = CARTESIAN_POINT('',(96.590000055432,-38.59798346077,5.305));
#1209 = CIRCLE('',#1210,1.55);
#1210 = AXIS2_PLACEMENT_3D('',#1211,#1212,#1213);
#1211 = CARTESIAN_POINT('',(97.69,-39.69,5.305));
#1212 = DIRECTION('',(-2.E-16,8.E-16,-1.));
#1213 = DIRECTION('',(7.8E-16,1.,8.E-16));
#1214 = ORIENTED_EDGE('',*,*,#1215,.T.);
#1215 = EDGE_CURVE('',#1207,#1216,#1218,.T.);
#1216 = VERTEX_POINT('',#1217);
#1217 = CARTESIAN_POINT('',(96.590000096713,-37.78474405583,5.305));
#1218 = LINE('',#1219,#1220);
#1219 = CARTESIAN_POINT('',(96.590000836857,-23.20378811357,5.305));
#1220 = VECTOR('',#1221,1.);
#1221 = DIRECTION('',(5.076101653E-08,1.,0.));
#1222 = ORIENTED_EDGE('',*,*,#1223,.T.);
#1223 = EDGE_CURVE('',#1216,#1155,#1224,.T.);
#1224 = LINE('',#1225,#1226);
#1225 = CARTESIAN_POINT('',(83.144601329747,-30.02203854837,5.305));
#1226 = VECTOR('',#1227,1.);
#1227 = DIRECTION('',(0.866025378404,-0.50000004396,0.));
#1228 = PLANE('',#1229);
#1229 = AXIS2_PLACEMENT_3D('',#1230,#1231,#1232);
#1230 = CARTESIAN_POINT('',(73.172241490929,-8.622830982604,5.305));
#1231 = DIRECTION('',(0.,0.,1.));
#1232 = DIRECTION('',(1.,0.,0.));
#1233 = ADVANCED_FACE('',(#1234),#1252,.T.);
#1234 = FACE_BOUND('',#1235,.F.);
#1235 = EDGE_LOOP('',(#1236,#1237,#1238,#1246));
#1236 = ORIENTED_EDGE('',*,*,#440,.F.);
#1237 = ORIENTED_EDGE('',*,*,#505,.T.);
#1238 = ORIENTED_EDGE('',*,*,#1239,.F.);
#1239 = EDGE_CURVE('',#1240,#474,#1242,.T.);
#1240 = VERTEX_POINT('',#1241);
#1241 = CARTESIAN_POINT('',(117.50224149092,-40.94425955403,26.245));
#1242 = LINE('',#1243,#1244);
#1243 = CARTESIAN_POINT('',(115.12550640329,-43.32099464166,
    25.375320696342));
#1244 = VECTOR('',#1245,1.);
#1245 = DIRECTION('',(-0.684563464562,-0.684563464562,-0.250490969847));
#1246 = ORIENTED_EDGE('',*,*,#1247,.F.);
#1247 = EDGE_CURVE('',#441,#1240,#1248,.T.);
#1248 = LINE('',#1249,#1250);
#1249 = CARTESIAN_POINT('',(117.50224149092,-40.94425955403,7.805));
#1250 = VECTOR('',#1251,1.);
#1251 = DIRECTION('',(0.,0.,1.));
#1252 = PLANE('',#1253);
#1253 = AXIS2_PLACEMENT_3D('',#1254,#1255,#1256);
#1254 = CARTESIAN_POINT('',(116.50224149092,-41.94425955403,7.805));
#1255 = DIRECTION('',(0.707106781187,-0.707106781187,0.));
#1256 = DIRECTION('',(-0.,-0.,-1.));
#1257 = ADVANCED_FACE('',(#1258,#1269,#1346,#1423),#1500,.T.);
#1258 = FACE_BOUND('',#1259,.T.);
#1259 = EDGE_LOOP('',(#1260,#1261,#1262,#1263));
#1260 = ORIENTED_EDGE('',*,*,#1247,.F.);
#1261 = ORIENTED_EDGE('',*,*,#457,.T.);
#1262 = ORIENTED_EDGE('',*,*,#1105,.T.);
#1263 = ORIENTED_EDGE('',*,*,#1264,.F.);
#1264 = EDGE_CURVE('',#1240,#1106,#1265,.T.);
#1265 = LINE('',#1266,#1267);
#1266 = CARTESIAN_POINT('',(117.50224149092,-42.94425955403,26.245));
#1267 = VECTOR('',#1268,1.);
#1268 = DIRECTION('',(0.,1.,0.));
#1269 = FACE_BOUND('',#1270,.T.);
#1270 = EDGE_LOOP('',(#1271,#1282,#1290,#1298,#1307,#1315,#1323,#1332,
    #1340));
#1271 = ORIENTED_EDGE('',*,*,#1272,.T.);
#1272 = EDGE_CURVE('',#1273,#1275,#1277,.T.);
#1273 = VERTEX_POINT('',#1274);
#1274 = CARTESIAN_POINT('',(117.50224149092,-11.47201642755,
    18.530000055432));
#1275 = VERTEX_POINT('',#1276);
#1276 = CARTESIAN_POINT('',(117.50224149092,-9.287983460771,
    18.529999944568));
#1277 = CIRCLE('',#1278,1.55);
#1278 = AXIS2_PLACEMENT_3D('',#1279,#1280,#1281);
#1279 = CARTESIAN_POINT('',(117.50224149092,-10.38,17.43));
#1280 = DIRECTION('',(-1.,-4.17792436293E-16,-4.976076004103E-16));
#1281 = DIRECTION('',(-2.22044604925E-16,-0.5,0.866025403784));
#1282 = ORIENTED_EDGE('',*,*,#1283,.T.);
#1283 = EDGE_CURVE('',#1275,#1284,#1286,.T.);
#1284 = VERTEX_POINT('',#1285);
#1285 = CARTESIAN_POINT('',(117.50224149092,-8.474744055837,
    18.529999903287));
#1286 = LINE('',#1287,#1288);
#1287 = CARTESIAN_POINT('',(117.50224149092,-9.459501792118,
    18.529999953274));
#1288 = VECTOR('',#1289,1.);
#1289 = DIRECTION('',(9.3E-16,1.,-5.076069542476E-08));
#1290 = ORIENTED_EDGE('',*,*,#1291,.T.);
#1291 = EDGE_CURVE('',#1284,#1292,#1294,.T.);
#1292 = VERTEX_POINT('',#1293);
#1293 = CARTESIAN_POINT('',(117.50224149092,-8.881363794055,
    17.825713939896));
#1294 = LINE('',#1295,#1296);
#1295 = CARTESIAN_POINT('',(117.50224149092,-9.782897257018,
    16.264212360371));
#1296 = VECTOR('',#1297,1.);
#1297 = DIRECTION('',(-4.650000408829E-16,-0.50000004396,-0.866025378404
    ));
#1298 = ORIENTED_EDGE('',*,*,#1299,.T.);
#1299 = EDGE_CURVE('',#1292,#1300,#1302,.T.);
#1300 = VERTEX_POINT('',#1301);
#1301 = CARTESIAN_POINT('',(117.50224149092,-9.973380373457,
    15.934285963391));
#1302 = CIRCLE('',#1303,1.55);
#1303 = AXIS2_PLACEMENT_3D('',#1304,#1305,#1306);
#1304 = CARTESIAN_POINT('',(117.50224149092,-10.38,17.43));
#1305 = DIRECTION('',(-1.,-4.17792436293E-16,-4.976076004103E-16));
#1306 = DIRECTION('',(-2.22044604925E-16,-0.5,0.866025403784));
#1307 = ORIENTED_EDGE('',*,*,#1308,.T.);
#1308 = EDGE_CURVE('',#1300,#1309,#1311,.T.);
#1309 = VERTEX_POINT('',#1310);
#1310 = CARTESIAN_POINT('',(117.50224149092,-10.38000011167,15.23));
#1311 = LINE('',#1312,#1313);
#1312 = CARTESIAN_POINT('',(117.50224149092,-9.782897257018,
    16.264212360371));
#1313 = VECTOR('',#1314,1.);
#1314 = DIRECTION('',(-4.650000408829E-16,-0.50000004396,-0.866025378404
    ));
#1315 = ORIENTED_EDGE('',*,*,#1316,.T.);
#1316 = EDGE_CURVE('',#1309,#1317,#1319,.T.);
#1317 = VERTEX_POINT('',#1318);
#1318 = CARTESIAN_POINT('',(117.50224149092,-10.78661977839,
    15.934286004671));
#1319 = LINE('',#1320,#1321);
#1320 = CARTESIAN_POINT('',(117.50224149092,-11.94579561638,
    17.942037686355));
#1321 = VECTOR('',#1322,1.);
#1322 = DIRECTION('',(-4.649999591169E-16,-0.49999995604,0.866025429165)
  );
#1323 = ORIENTED_EDGE('',*,*,#1324,.T.);
#1324 = EDGE_CURVE('',#1317,#1325,#1327,.T.);
#1325 = VERTEX_POINT('',#1326);
#1326 = CARTESIAN_POINT('',(117.50224149092,-11.87863616577,
    17.825714092041));
#1327 = CIRCLE('',#1328,1.55);
#1328 = AXIS2_PLACEMENT_3D('',#1329,#1330,#1331);
#1329 = CARTESIAN_POINT('',(117.50224149092,-10.38,17.43));
#1330 = DIRECTION('',(-1.,-4.17792436293E-16,-4.976076004103E-16));
#1331 = DIRECTION('',(-2.22044604925E-16,-0.5,0.866025403784));
#1332 = ORIENTED_EDGE('',*,*,#1333,.T.);
#1333 = EDGE_CURVE('',#1325,#1334,#1336,.T.);
#1334 = VERTEX_POINT('',#1335);
#1335 = CARTESIAN_POINT('',(117.50224149092,-12.28525583248,
    18.530000096713));
#1336 = LINE('',#1337,#1338);
#1337 = CARTESIAN_POINT('',(117.50224149092,-11.94579561638,
    17.942037686355));
#1338 = VECTOR('',#1339,1.);
#1339 = DIRECTION('',(-4.649999591169E-16,-0.49999995604,0.866025429165)
  );
#1340 = ORIENTED_EDGE('',*,*,#1341,.T.);
#1341 = EDGE_CURVE('',#1334,#1273,#1342,.T.);
#1342 = LINE('',#1343,#1344);
#1343 = CARTESIAN_POINT('',(117.50224149092,-9.459501792118,
    18.529999953274));
#1344 = VECTOR('',#1345,1.);
#1345 = DIRECTION('',(9.3E-16,1.,-5.076069542476E-08));
#1346 = FACE_BOUND('',#1347,.T.);
#1347 = EDGE_LOOP('',(#1348,#1359,#1367,#1375,#1384,#1392,#1400,#1409,
    #1417));
#1348 = ORIENTED_EDGE('',*,*,#1349,.T.);
#1349 = EDGE_CURVE('',#1350,#1352,#1354,.T.);
#1350 = VERTEX_POINT('',#1351);
#1351 = CARTESIAN_POINT('',(117.50224149092,12.147983572445,
    18.530000055432));
#1352 = VERTEX_POINT('',#1353);
#1353 = CARTESIAN_POINT('',(117.50224149092,14.332016539229,
    18.529999944568));
#1354 = CIRCLE('',#1355,1.55);
#1355 = AXIS2_PLACEMENT_3D('',#1356,#1357,#1358);
#1356 = CARTESIAN_POINT('',(117.50224149092,13.24,17.43));
#1357 = DIRECTION('',(-1.,-4.17792436293E-16,-4.976076004103E-16));
#1358 = DIRECTION('',(-2.22044604925E-16,-0.5,0.866025403784));
#1359 = ORIENTED_EDGE('',*,*,#1360,.T.);
#1360 = EDGE_CURVE('',#1352,#1361,#1363,.T.);
#1361 = VERTEX_POINT('',#1362);
#1362 = CARTESIAN_POINT('',(117.50224149092,15.145255944163,
    18.529999903287));
#1363 = LINE('',#1364,#1365);
#1364 = CARTESIAN_POINT('',(117.50224149092,2.350498207882,
    18.530000552758));
#1365 = VECTOR('',#1366,1.);
#1366 = DIRECTION('',(9.3E-16,1.,-5.076069542476E-08));
#1367 = ORIENTED_EDGE('',*,*,#1368,.T.);
#1368 = EDGE_CURVE('',#1361,#1369,#1371,.T.);
#1369 = VERTEX_POINT('',#1370);
#1370 = CARTESIAN_POINT('',(117.50224149092,14.738636205945,
    17.825713939896));
#1371 = LINE('',#1372,#1373);
#1372 = CARTESIAN_POINT('',(117.50224149092,10.884602223813,
    11.150332051282));
#1373 = VECTOR('',#1374,1.);
#1374 = DIRECTION('',(-4.650000408829E-16,-0.50000004396,-0.866025378404
    ));
#1375 = ORIENTED_EDGE('',*,*,#1376,.T.);
#1376 = EDGE_CURVE('',#1369,#1377,#1379,.T.);
#1377 = VERTEX_POINT('',#1378);
#1378 = CARTESIAN_POINT('',(117.50224149092,13.646619626543,
    15.934285963391));
#1379 = CIRCLE('',#1380,1.55);
#1380 = AXIS2_PLACEMENT_3D('',#1381,#1382,#1383);
#1381 = CARTESIAN_POINT('',(117.50224149092,13.24,17.43));
#1382 = DIRECTION('',(-1.,-4.17792436293E-16,-4.976076004103E-16));
#1383 = DIRECTION('',(-2.22044604925E-16,-0.5,0.866025403784));
#1384 = ORIENTED_EDGE('',*,*,#1385,.T.);
#1385 = EDGE_CURVE('',#1377,#1386,#1388,.T.);
#1386 = VERTEX_POINT('',#1387);
#1387 = CARTESIAN_POINT('',(117.50224149092,13.239999888326,15.23));
#1388 = LINE('',#1389,#1390);
#1389 = CARTESIAN_POINT('',(117.50224149092,10.884602223813,
    11.150332051282));
#1390 = VECTOR('',#1391,1.);
#1391 = DIRECTION('',(-4.650000408829E-16,-0.50000004396,-0.866025378404
    ));
#1392 = ORIENTED_EDGE('',*,*,#1393,.T.);
#1393 = EDGE_CURVE('',#1386,#1394,#1396,.T.);
#1394 = VERTEX_POINT('',#1395);
#1395 = CARTESIAN_POINT('',(117.50224149092,12.833380221609,
    15.934286004671));
#1396 = LINE('',#1397,#1398);
#1397 = CARTESIAN_POINT('',(117.50224149092,8.721704902783,
    23.055917395958));
#1398 = VECTOR('',#1399,1.);
#1399 = DIRECTION('',(-4.649999591169E-16,-0.49999995604,0.866025429165)
  );
#1400 = ORIENTED_EDGE('',*,*,#1401,.T.);
#1401 = EDGE_CURVE('',#1394,#1402,#1404,.T.);
#1402 = VERTEX_POINT('',#1403);
#1403 = CARTESIAN_POINT('',(117.50224149092,11.741363834228,
    17.825714092041));
#1404 = CIRCLE('',#1405,1.55);
#1405 = AXIS2_PLACEMENT_3D('',#1406,#1407,#1408);
#1406 = CARTESIAN_POINT('',(117.50224149092,13.24,17.43));
#1407 = DIRECTION('',(-1.,-4.17792436293E-16,-4.976076004103E-16));
#1408 = DIRECTION('',(-2.22044604925E-16,-0.5,0.866025403784));
#1409 = ORIENTED_EDGE('',*,*,#1410,.T.);
#1410 = EDGE_CURVE('',#1402,#1411,#1413,.T.);
#1411 = VERTEX_POINT('',#1412);
#1412 = CARTESIAN_POINT('',(117.50224149092,11.334744167512,
    18.530000096713));
#1413 = LINE('',#1414,#1415);
#1414 = CARTESIAN_POINT('',(117.50224149092,8.721704902783,
    23.055917395958));
#1415 = VECTOR('',#1416,1.);
#1416 = DIRECTION('',(-4.649999591169E-16,-0.49999995604,0.866025429165)
  );
#1417 = ORIENTED_EDGE('',*,*,#1418,.T.);
#1418 = EDGE_CURVE('',#1411,#1350,#1419,.T.);
#1419 = LINE('',#1420,#1421);
#1420 = CARTESIAN_POINT('',(117.50224149092,2.350498207882,
    18.530000552758));
#1421 = VECTOR('',#1422,1.);
#1422 = DIRECTION('',(9.3E-16,1.,-5.076069542476E-08));
#1423 = FACE_BOUND('',#1424,.T.);
#1424 = EDGE_LOOP('',(#1425,#1436,#1444,#1452,#1461,#1469,#1477,#1486,
    #1494));
#1425 = ORIENTED_EDGE('',*,*,#1426,.T.);
#1426 = EDGE_CURVE('',#1427,#1429,#1431,.T.);
#1427 = VERTEX_POINT('',#1428);
#1428 = CARTESIAN_POINT('',(117.50224149092,-36.38701642755,18.659903866
    ));
#1429 = VERTEX_POINT('',#1430);
#1430 = CARTESIAN_POINT('',(117.50224149092,-34.20298346077,
    18.659903755136));
#1431 = CIRCLE('',#1432,1.55);
#1432 = AXIS2_PLACEMENT_3D('',#1433,#1434,#1435);
#1433 = CARTESIAN_POINT('',(117.50224149092,-35.295,17.559903810568));
#1434 = DIRECTION('',(-1.,-3.319989901625E-17,-2.755629954852E-16));
#1435 = DIRECTION('',(-2.22044604925E-16,-0.5,0.866025403784));
#1436 = ORIENTED_EDGE('',*,*,#1437,.T.);
#1437 = EDGE_CURVE('',#1429,#1438,#1440,.T.);
#1438 = VERTEX_POINT('',#1439);
#1439 = CARTESIAN_POINT('',(117.50224149092,-33.38974405583,
    18.659903713855));
#1440 = LINE('',#1441,#1442);
#1441 = CARTESIAN_POINT('',(117.50224149092,-21.91700178882,
    18.659903131491));
#1442 = VECTOR('',#1443,1.);
#1443 = DIRECTION('',(9.3E-16,1.,-5.07606956468E-08));
#1444 = ORIENTED_EDGE('',*,*,#1445,.T.);
#1445 = EDGE_CURVE('',#1438,#1446,#1448,.T.);
#1446 = VERTEX_POINT('',#1447);
#1447 = CARTESIAN_POINT('',(117.50224149092,-33.79636379405,
    17.955617750464));
#1448 = LINE('',#1449,#1450);
#1449 = CARTESIAN_POINT('',(117.50224149092,-31.61164671103,
    21.739658294829));
#1450 = VECTOR('',#1451,1.);
#1451 = DIRECTION('',(-4.650000408829E-16,-0.50000004396,-0.866025378404
    ));
#1452 = ORIENTED_EDGE('',*,*,#1453,.T.);
#1453 = EDGE_CURVE('',#1446,#1454,#1456,.T.);
#1454 = VERTEX_POINT('',#1455);
#1455 = CARTESIAN_POINT('',(117.50224149092,-34.88838037345,
    16.064189773958));
#1456 = CIRCLE('',#1457,1.55);
#1457 = AXIS2_PLACEMENT_3D('',#1458,#1459,#1460);
#1458 = CARTESIAN_POINT('',(117.50224149092,-35.295,17.559903810568));
#1459 = DIRECTION('',(-1.,-3.319989901625E-17,-2.755629954852E-16));
#1460 = DIRECTION('',(-2.22044604925E-16,-0.5,0.866025403784));
#1461 = ORIENTED_EDGE('',*,*,#1462,.T.);
#1462 = EDGE_CURVE('',#1454,#1463,#1465,.T.);
#1463 = VERTEX_POINT('',#1464);
#1464 = CARTESIAN_POINT('',(117.50224149092,-35.29500011167,
    15.359903810567));
#1465 = LINE('',#1466,#1467);
#1466 = CARTESIAN_POINT('',(117.50224149092,-31.61164671103,
    21.739658294829));
#1467 = VECTOR('',#1468,1.);
#1468 = DIRECTION('',(-4.650000408829E-16,-0.50000004396,-0.866025378404
    ));
#1469 = ORIENTED_EDGE('',*,*,#1470,.T.);
#1470 = EDGE_CURVE('',#1463,#1471,#1473,.T.);
#1471 = VERTEX_POINT('',#1472);
#1472 = CARTESIAN_POINT('',(117.50224149092,-35.70161977839,
    16.064189815239));
#1473 = LINE('',#1474,#1475);
#1474 = CARTESIAN_POINT('',(117.50224149092,-33.71829616567,
    12.628972147459));
#1475 = VECTOR('',#1476,1.);
#1476 = DIRECTION('',(-4.649999591169E-16,-0.49999995604,0.866025429165)
  );
#1477 = ORIENTED_EDGE('',*,*,#1478,.T.);
#1478 = EDGE_CURVE('',#1471,#1479,#1481,.T.);
#1479 = VERTEX_POINT('',#1480);
#1480 = CARTESIAN_POINT('',(117.50224149092,-36.79363616577,
    17.955617902609));
#1481 = CIRCLE('',#1482,1.55);
#1482 = AXIS2_PLACEMENT_3D('',#1483,#1484,#1485);
#1483 = CARTESIAN_POINT('',(117.50224149092,-35.295,17.559903810568));
#1484 = DIRECTION('',(-1.,-3.319989901625E-17,-2.755629954852E-16));
#1485 = DIRECTION('',(-2.22044604925E-16,-0.5,0.866025403784));
#1486 = ORIENTED_EDGE('',*,*,#1487,.T.);
#1487 = EDGE_CURVE('',#1479,#1488,#1490,.T.);
#1488 = VERTEX_POINT('',#1489);
#1489 = CARTESIAN_POINT('',(117.50224149092,-37.20025583248,
    18.659903907281));
#1490 = LINE('',#1491,#1492);
#1491 = CARTESIAN_POINT('',(117.50224149092,-33.71829616567,
    12.628972147459));
#1492 = VECTOR('',#1493,1.);
#1493 = DIRECTION('',(-4.649999591169E-16,-0.49999995604,0.866025429165)
  );
#1494 = ORIENTED_EDGE('',*,*,#1495,.T.);
#1495 = EDGE_CURVE('',#1488,#1427,#1496,.T.);
#1496 = LINE('',#1497,#1498);
#1497 = CARTESIAN_POINT('',(117.50224149092,-21.91700178882,
    18.659903131491));
#1498 = VECTOR('',#1499,1.);
#1499 = DIRECTION('',(9.3E-16,1.,-5.07606956468E-08));
#1500 = PLANE('',#1501);
#1501 = AXIS2_PLACEMENT_3D('',#1502,#1503,#1504);
#1502 = CARTESIAN_POINT('',(117.50224149092,-10.44425955403,18.025));
#1503 = DIRECTION('',(1.,-9.3E-16,0.));
#1504 = DIRECTION('',(9.3E-16,1.,0.));
#1505 = ADVANCED_FACE('',(#1506),#1565,.F.);
#1506 = FACE_BOUND('',#1507,.T.);
#1507 = EDGE_LOOP('',(#1508,#1519,#1548,#1549,#1558));
#1508 = ORIENTED_EDGE('',*,*,#1509,.F.);
#1509 = EDGE_CURVE('',#1510,#1512,#1514,.T.);
#1510 = VERTEX_POINT('',#1511);
#1511 = CARTESIAN_POINT('',(45.507146456849,-42.35759109494,
    15.39238900044));
#1512 = VERTEX_POINT('',#1513);
#1513 = CARTESIAN_POINT('',(46.922223531216,-40.94425955403,
    16.813475769546));
#1514 = HYPERBOLA('',#1515,167.90495068947,167.90495068947);
#1515 = AXIS2_PLACEMENT_3D('',#1516,#1517,#1518);
#1516 = CARTESIAN_POINT('',(163.9003159695,195.01399026462,
    134.28836279203));
#1517 = DIRECTION('',(-0.70860351564,1.6E-16,0.705606871865));
#1518 = DIRECTION('',(-1.13143972734E-16,-1.,1.131306770529E-16));
#1519 = ORIENTED_EDGE('',*,*,#1520,.T.);
#1520 = EDGE_CURVE('',#1510,#472,#1521,.T.);
#1521 = B_SPLINE_CURVE_WITH_KNOTS('',7,(#1522,#1523,#1524,#1525,#1526,
    #1527,#1528,#1529,#1530,#1531,#1532,#1533,#1534,#1535,#1536,#1537,
    #1538,#1539,#1540,#1541,#1542,#1543,#1544,#1545,#1546,#1547),
  .UNSPECIFIED.,.F.,.F.,(8,6,6,6,8),(0.,0.356350195583,0.658545280196,
    0.838115125461,1.),.UNSPECIFIED.);
#1522 = CARTESIAN_POINT('',(44.965499146401,-41.35797370309,
    16.391289802546));
#1523 = CARTESIAN_POINT('',(44.986817076403,-41.45880104107,
    16.29046636095));
#1524 = CARTESIAN_POINT('',(45.0143964105,-41.55929366921,
    16.189981011977));
#1525 = CARTESIAN_POINT('',(45.048432999217,-41.65936060644,
    16.089927147729));
#1526 = CARTESIAN_POINT('',(45.089217069701,-41.75886456308,
    15.990445605091));
#1527 = CARTESIAN_POINT('',(45.137154934055,-41.85761632503,
    15.891730714733));
#1528 = CARTESIAN_POINT('',(45.192772698714,-41.95537378037,
    15.794031512549));
#1529 = CARTESIAN_POINT('',(45.311302372625,-42.13359637216,
    15.615976055581));
#1530 = CARTESIAN_POINT('',(45.371759775267,-42.21434031394,
    15.535331863599));
#1531 = CARTESIAN_POINT('',(45.4388361674,-42.29393815471,
    15.455863469544));
#1532 = CARTESIAN_POINT('',(45.513179082702,-42.3721155833,
    15.377853596017));
#1533 = CARTESIAN_POINT('',(45.595616360289,-42.44839605224,
    15.301790617367));
#1534 = CARTESIAN_POINT('',(45.687061377947,-42.52212948894,
    15.228339416505));
#1535 = CARTESIAN_POINT('',(45.849784451286,-42.63400912033,
    15.117052703979));
#1536 = CARTESIAN_POINT('',(45.914106188836,-42.6743980374,
    15.076916171196));
#1537 = CARTESIAN_POINT('',(45.98245613332,-42.71329363589,
    15.038309510963));
#1538 = CARTESIAN_POINT('',(46.055164936975,-42.75037704045,
    15.001557779403));
#1539 = CARTESIAN_POINT('',(46.132515177874,-42.78519755903,
    14.967118738176));
#1540 = CARTESIAN_POINT('',(46.214721415448,-42.81717877323,
    14.93557664258));
#1541 = CARTESIAN_POINT('',(46.380512267839,-42.87126898833,
    14.882447153384));
#1542 = CARTESIAN_POINT('',(46.463256118796,-42.89407014764,
    14.860155739102));
#1543 = CARTESIAN_POINT('',(46.54996031031,-42.91341098144,
    14.841383621306));
#1544 = CARTESIAN_POINT('',(46.64018563026,-42.92861661257,
    14.826808920691));
#1545 = CARTESIAN_POINT('',(46.733172804358,-42.9390524968,
    14.817066571283));
#1546 = CARTESIAN_POINT('',(46.82776196121,-42.94425955403,
    14.812610581888));
#1547 = CARTESIAN_POINT('',(46.922241490929,-42.94425955403,
    14.813404680519));
#1548 = ORIENTED_EDGE('',*,*,#471,.T.);
#1549 = ORIENTED_EDGE('',*,*,#1550,.F.);
#1550 = EDGE_CURVE('',#1551,#474,#1553,.T.);
#1551 = VERTEX_POINT('',#1552);
#1552 = CARTESIAN_POINT('',(115.59661767539,-40.94425955403,
    27.637877381695));
#1553 = HYPERBOLA('',#1554,426.32779492359,148.29321864755);
#1554 = AXIS2_PLACEMENT_3D('',#1555,#1556,#1557);
#1555 = CARTESIAN_POINT('',(233.26822511045,477.64848039946,
    510.44316322607));
#1556 = DIRECTION('',(0.441786694969,-0.662951122353,0.604417343827));
#1557 = DIRECTION('',(-0.391208207444,-0.748662680632,-0.53521988851));
#1558 = ORIENTED_EDGE('',*,*,#1559,.F.);
#1559 = EDGE_CURVE('',#1512,#1551,#1560,.T.);
#1560 = CIRCLE('',#1561,235.95824981865);
#1561 = AXIS2_PLACEMENT_3D('',#1562,#1563,#1564);
#1562 = CARTESIAN_POINT('',(44.92227761761,-40.94425955403,
    252.76324981865));
#1563 = DIRECTION('',(0.,-1.,0.));
#1564 = DIRECTION('',(-1.5310609688E-07,-0.,-1.));
#1565 = CONICAL_SURFACE('',#1566,235.95824981865,0.785398163397);
#1566 = AXIS2_PLACEMENT_3D('',#1567,#1568,#1569);
#1567 = CARTESIAN_POINT('',(44.92227761761,-40.94425955403,
    252.76324981865));
#1568 = DIRECTION('',(-0.,-1.,-0.));
#1569 = DIRECTION('',(-1.5310609688E-07,0.,-1.));
#1570 = ADVANCED_FACE('',(#1571),#1591,.T.);
#1571 = FACE_BOUND('',#1572,.F.);
#1572 = EDGE_LOOP('',(#1573,#1582,#1583,#1584,#1585));
#1573 = ORIENTED_EDGE('',*,*,#1574,.T.);
#1574 = EDGE_CURVE('',#1575,#1510,#1577,.T.);
#1575 = VERTEX_POINT('',#1576);
#1576 = CARTESIAN_POINT('',(44.922241490929,-40.94425955403,
    14.805000000003));
#1577 = ELLIPSE('',#1578,2.834439515469,2.);
#1578 = AXIS2_PLACEMENT_3D('',#1579,#1580,#1581);
#1579 = CARTESIAN_POINT('',(46.922241490929,-40.94425955403,
    16.813493805532));
#1580 = DIRECTION('',(-0.70860351564,1.6E-16,0.705606871865));
#1581 = DIRECTION('',(-0.705606871865,1.6E-16,-0.70860351564));
#1582 = ORIENTED_EDGE('',*,*,#1520,.T.);
#1583 = ORIENTED_EDGE('',*,*,#482,.T.);
#1584 = ORIENTED_EDGE('',*,*,#931,.F.);
#1585 = ORIENTED_EDGE('',*,*,#1586,.F.);
#1586 = EDGE_CURVE('',#1575,#932,#1587,.T.);
#1587 = LINE('',#1588,#1589);
#1588 = CARTESIAN_POINT('',(44.922241490929,-40.94425955403,
    14.805000000003));
#1589 = VECTOR('',#1590,1.);
#1590 = DIRECTION('',(0.,0.,-1.));
#1591 = CYLINDRICAL_SURFACE('',#1592,2.);
#1592 = AXIS2_PLACEMENT_3D('',#1593,#1594,#1595);
#1593 = CARTESIAN_POINT('',(46.922241490929,-40.94425955403,
    14.805000000003));
#1594 = DIRECTION('',(0.,0.,-1.));
#1595 = DIRECTION('',(-1.,-0.,-0.));
#1596 = ADVANCED_FACE('',(#1597),#1608,.F.);
#1597 = FACE_BOUND('',#1598,.F.);
#1598 = EDGE_LOOP('',(#1599,#1600,#1606,#1607));
#1599 = ORIENTED_EDGE('',*,*,#552,.F.);
#1600 = ORIENTED_EDGE('',*,*,#1601,.T.);
#1601 = EDGE_CURVE('',#544,#720,#1602,.T.);
#1602 = LINE('',#1603,#1604);
#1603 = CARTESIAN_POINT('',(109.42835408582,14.555740445967,
    25.793512284859));
#1604 = VECTOR('',#1605,1.);
#1605 = DIRECTION('',(0.,-1.,2.2E-16));
#1606 = ORIENTED_EDGE('',*,*,#719,.T.);
#1607 = ORIENTED_EDGE('',*,*,#520,.F.);
#1608 = PLANE('',#1609);
#1609 = AXIS2_PLACEMENT_3D('',#1610,#1611,#1612);
#1610 = CARTESIAN_POINT('',(107.50224149092,14.555740445967,
    23.254911995407));
#1611 = DIRECTION('',(0.796649278141,-1.3E-16,-0.604441831475));
#1612 = DIRECTION('',(2.371786560708E-18,-1.,2.182004540116E-16));
#1613 = ADVANCED_FACE('',(#1614),#1641,.F.);
#1614 = FACE_BOUND('',#1615,.F.);
#1615 = EDGE_LOOP('',(#1616,#1622,#1623,#1629,#1630,#1631,#1632,#1633,
    #1634,#1640));
#1616 = ORIENTED_EDGE('',*,*,#1617,.F.);
#1617 = EDGE_CURVE('',#1551,#1011,#1618,.T.);
#1618 = LINE('',#1619,#1620);
#1619 = CARTESIAN_POINT('',(115.59661767539,-42.94425955403,
    27.637877381695));
#1620 = VECTOR('',#1621,1.);
#1621 = DIRECTION('',(0.,1.,0.));
#1622 = ORIENTED_EDGE('',*,*,#1559,.F.);
#1623 = ORIENTED_EDGE('',*,*,#1624,.T.);
#1624 = EDGE_CURVE('',#1512,#842,#1625,.T.);
#1625 = LINE('',#1626,#1627);
#1626 = CARTESIAN_POINT('',(46.922223531216,-42.94425955403,
    16.813475769546));
#1627 = VECTOR('',#1628,1.);
#1628 = DIRECTION('',(0.,1.,-2.2E-16));
#1629 = ORIENTED_EDGE('',*,*,#881,.T.);
#1630 = ORIENTED_EDGE('',*,*,#726,.F.);
#1631 = ORIENTED_EDGE('',*,*,#1601,.F.);
#1632 = ORIENTED_EDGE('',*,*,#543,.F.);
#1633 = ORIENTED_EDGE('',*,*,#581,.F.);
#1634 = ORIENTED_EDGE('',*,*,#1635,.T.);
#1635 = EDGE_CURVE('',#571,#1000,#1636,.T.);
#1636 = LINE('',#1637,#1638);
#1637 = CARTESIAN_POINT('',(46.922223531216,14.555740445967,
    16.813475769546));
#1638 = VECTOR('',#1639,1.);
#1639 = DIRECTION('',(0.,1.,-2.2E-16));
#1640 = ORIENTED_EDGE('',*,*,#1010,.T.);
#1641 = CYLINDRICAL_SURFACE('',#1642,235.95824981865);
#1642 = AXIS2_PLACEMENT_3D('',#1643,#1644,#1645);
#1643 = CARTESIAN_POINT('',(44.92227761761,-42.94425955403,
    252.76324981865));
#1644 = DIRECTION('',(0.,-1.,2.2E-16));
#1645 = DIRECTION('',(1.,0.,0.));
#1646 = ADVANCED_FACE('',(#1647),#1660,.T.);
#1647 = FACE_BOUND('',#1648,.T.);
#1648 = EDGE_LOOP('',(#1649,#1650,#1651,#1652,#1653,#1659));
#1649 = ORIENTED_EDGE('',*,*,#570,.F.);
#1650 = ORIENTED_EDGE('',*,*,#1635,.T.);
#1651 = ORIENTED_EDGE('',*,*,#999,.T.);
#1652 = ORIENTED_EDGE('',*,*,#1089,.T.);
#1653 = ORIENTED_EDGE('',*,*,#1654,.F.);
#1654 = EDGE_CURVE('',#645,#1082,#1655,.T.);
#1655 = LINE('',#1656,#1657);
#1656 = CARTESIAN_POINT('',(44.922241490929,14.555740445967,
    14.805000000003));
#1657 = VECTOR('',#1658,1.);
#1658 = DIRECTION('',(0.,1.,-2.2E-16));
#1659 = ORIENTED_EDGE('',*,*,#652,.F.);
#1660 = PLANE('',#1661);
#1661 = AXIS2_PLACEMENT_3D('',#1662,#1663,#1664);
#1662 = CARTESIAN_POINT('',(44.922241490929,14.555740445967,
    14.805000000003));
#1663 = DIRECTION('',(-0.70860351564,1.6E-16,0.705606871865));
#1664 = DIRECTION('',(3.377550288503E-18,1.,-2.233632668213E-16));
#1665 = ADVANCED_FACE('',(#1666),#1673,.F.);
#1666 = FACE_BOUND('',#1667,.F.);
#1667 = EDGE_LOOP('',(#1668,#1669,#1670,#1671,#1672));
#1668 = ORIENTED_EDGE('',*,*,#1654,.F.);
#1669 = ORIENTED_EDGE('',*,*,#644,.F.);
#1670 = ORIENTED_EDGE('',*,*,#677,.F.);
#1671 = ORIENTED_EDGE('',*,*,#1128,.F.);
#1672 = ORIENTED_EDGE('',*,*,#1081,.T.);
#1673 = PLANE('',#1674);
#1674 = AXIS2_PLACEMENT_3D('',#1675,#1676,#1677);
#1675 = CARTESIAN_POINT('',(44.922241490929,22.055740445967,7.805));
#1676 = DIRECTION('',(1.,0.,0.));
#1677 = DIRECTION('',(0.,-1.,0.));
#1678 = ADVANCED_FACE('',(#1679),#1701,.T.);
#1679 = FACE_BOUND('',#1680,.F.);
#1680 = EDGE_LOOP('',(#1681,#1690,#1696,#1697,#1698,#1699,#1700));
#1681 = ORIENTED_EDGE('',*,*,#1682,.F.);
#1682 = EDGE_CURVE('',#1683,#1683,#1685,.T.);
#1683 = VERTEX_POINT('',#1684);
#1684 = CARTESIAN_POINT('',(52.422241490929,18.305740445967,5.305));
#1685 = CIRCLE('',#1686,3.75);
#1686 = AXIS2_PLACEMENT_3D('',#1687,#1688,#1689);
#1687 = CARTESIAN_POINT('',(48.672241490929,18.305740445967,5.305));
#1688 = DIRECTION('',(0.,0.,1.));
#1689 = DIRECTION('',(1.,0.,0.));
#1690 = ORIENTED_EDGE('',*,*,#1691,.T.);
#1691 = EDGE_CURVE('',#1683,#696,#1692,.T.);
#1692 = LINE('',#1693,#1694);
#1693 = CARTESIAN_POINT('',(52.422241490929,18.305740445967,5.305));
#1694 = VECTOR('',#1695,1.);
#1695 = DIRECTION('',(0.,0.,1.));
#1696 = ORIENTED_EDGE('',*,*,#695,.T.);
#1697 = ORIENTED_EDGE('',*,*,#1134,.T.);
#1698 = ORIENTED_EDGE('',*,*,#668,.T.);
#1699 = ORIENTED_EDGE('',*,*,#704,.T.);
#1700 = ORIENTED_EDGE('',*,*,#1691,.F.);
#1701 = CYLINDRICAL_SURFACE('',#1702,3.75);
#1702 = AXIS2_PLACEMENT_3D('',#1703,#1704,#1705);
#1703 = CARTESIAN_POINT('',(48.672241490929,18.305740445967,5.305));
#1704 = DIRECTION('',(-0.,-0.,-1.));
#1705 = DIRECTION('',(1.,0.,0.));
#1706 = ADVANCED_FACE('',(#1707),#1742,.F.);
#1707 = FACE_BOUND('',#1708,.F.);
#1708 = EDGE_LOOP('',(#1709,#1717,#1718,#1726,#1735));
#1709 = ORIENTED_EDGE('',*,*,#1710,.T.);
#1710 = EDGE_CURVE('',#1711,#759,#1713,.T.);
#1711 = VERTEX_POINT('',#1712);
#1712 = CARTESIAN_POINT('',(99.185714036609,18.716619626543,12.13));
#1713 = LINE('',#1714,#1715);
#1714 = CARTESIAN_POINT('',(99.185714036609,18.716619626543,5.13));
#1715 = VECTOR('',#1716,1.);
#1716 = DIRECTION('',(1.E-30,1.E-15,-1.));
#1717 = ORIENTED_EDGE('',*,*,#756,.F.);
#1718 = ORIENTED_EDGE('',*,*,#1719,.F.);
#1719 = EDGE_CURVE('',#1720,#757,#1722,.T.);
#1720 = VERTEX_POINT('',#1721);
#1721 = CARTESIAN_POINT('',(97.294286060103,19.808636205946,12.13));
#1722 = LINE('',#1723,#1724);
#1723 = CARTESIAN_POINT('',(97.294286060103,19.808636205946,5.13));
#1724 = VECTOR('',#1725,1.);
#1725 = DIRECTION('',(1.E-30,1.E-15,-1.));
#1726 = ORIENTED_EDGE('',*,*,#1727,.F.);
#1727 = EDGE_CURVE('',#1728,#1720,#1730,.T.);
#1728 = VERTEX_POINT('',#1729);
#1729 = CARTESIAN_POINT('',(97.69,19.86,12.13));
#1730 = CIRCLE('',#1731,1.55);
#1731 = AXIS2_PLACEMENT_3D('',#1732,#1733,#1734);
#1732 = CARTESIAN_POINT('',(97.69,18.31,12.13));
#1733 = DIRECTION('',(-1.E-30,-1.E-15,1.));
#1734 = DIRECTION('',(1.E-15,1.,1.E-15));
#1735 = ORIENTED_EDGE('',*,*,#1736,.F.);
#1736 = EDGE_CURVE('',#1711,#1728,#1737,.T.);
#1737 = CIRCLE('',#1738,1.55);
#1738 = AXIS2_PLACEMENT_3D('',#1739,#1740,#1741);
#1739 = CARTESIAN_POINT('',(97.69,18.31,12.13));
#1740 = DIRECTION('',(-1.E-30,-1.E-15,1.));
#1741 = DIRECTION('',(1.E-15,1.,1.E-15));
#1742 = CYLINDRICAL_SURFACE('',#1743,1.55);
#1743 = AXIS2_PLACEMENT_3D('',#1744,#1745,#1746);
#1744 = CARTESIAN_POINT('',(97.69,18.31,5.13));
#1745 = DIRECTION('',(1.E-30,1.E-15,-1.));
#1746 = DIRECTION('',(1.E-15,1.,1.E-15));
#1747 = ADVANCED_FACE('',(#1748),#1766,.T.);
#1748 = FACE_BOUND('',#1749,.T.);
#1749 = EDGE_LOOP('',(#1750,#1751,#1752,#1760));
#1750 = ORIENTED_EDGE('',*,*,#825,.T.);
#1751 = ORIENTED_EDGE('',*,*,#1719,.F.);
#1752 = ORIENTED_EDGE('',*,*,#1753,.T.);
#1753 = EDGE_CURVE('',#1720,#1754,#1756,.T.);
#1754 = VERTEX_POINT('',#1755);
#1755 = CARTESIAN_POINT('',(96.590000096713,20.215255944163,12.13));
#1756 = LINE('',#1757,#1758);
#1757 = CARTESIAN_POINT('',(99.89,18.309999888326,12.13));
#1758 = VECTOR('',#1759,1.);
#1759 = DIRECTION('',(-0.866025378404,0.50000004396,5.000000439601E-16)
  );
#1760 = ORIENTED_EDGE('',*,*,#1761,.F.);
#1761 = EDGE_CURVE('',#818,#1754,#1762,.T.);
#1762 = LINE('',#1763,#1764);
#1763 = CARTESIAN_POINT('',(96.590000096713,20.215255944163,5.13));
#1764 = VECTOR('',#1765,1.);
#1765 = DIRECTION('',(-1.E-30,-1.E-15,1.));
#1766 = PLANE('',#1767);
#1767 = AXIS2_PLACEMENT_3D('',#1768,#1769,#1770);
#1768 = CARTESIAN_POINT('',(99.89,18.309999888326,5.13));
#1769 = DIRECTION('',(-0.50000004396,-0.866025378404,-8.660253784041E-16
    ));
#1770 = DIRECTION('',(-0.866025378404,0.50000004396,5.000000439601E-16)
  );
#1771 = ADVANCED_FACE('',(#1772),#1790,.T.);
#1772 = FACE_BOUND('',#1773,.T.);
#1773 = EDGE_LOOP('',(#1774,#1775,#1776,#1784));
#1774 = ORIENTED_EDGE('',*,*,#817,.T.);
#1775 = ORIENTED_EDGE('',*,*,#1761,.T.);
#1776 = ORIENTED_EDGE('',*,*,#1777,.T.);
#1777 = EDGE_CURVE('',#1754,#1778,#1780,.T.);
#1778 = VERTEX_POINT('',#1779);
#1779 = CARTESIAN_POINT('',(96.590000055432,19.402016539229,12.13));
#1780 = LINE('',#1781,#1782);
#1781 = CARTESIAN_POINT('',(96.590000096713,20.215255944163,12.13));
#1782 = VECTOR('',#1783,1.);
#1783 = DIRECTION('',(-5.076101675E-08,-1.,-1.E-15));
#1784 = ORIENTED_EDGE('',*,*,#1785,.T.);
#1785 = EDGE_CURVE('',#1778,#809,#1786,.T.);
#1786 = LINE('',#1787,#1788);
#1787 = CARTESIAN_POINT('',(96.590000055432,19.402016539229,5.13));
#1788 = VECTOR('',#1789,1.);
#1789 = DIRECTION('',(1.E-30,1.E-15,-1.));
#1790 = PLANE('',#1791);
#1791 = AXIS2_PLACEMENT_3D('',#1792,#1793,#1794);
#1792 = CARTESIAN_POINT('',(96.590000096713,20.215255944163,5.13));
#1793 = DIRECTION('',(1.,-5.076101675E-08,-5.076101575E-23));
#1794 = DIRECTION('',(-5.076101675E-08,-1.,-1.E-15));
#1795 = ADVANCED_FACE('',(#1796),#1815,.F.);
#1796 = FACE_BOUND('',#1797,.F.);
#1797 = EDGE_LOOP('',(#1798,#1806,#1813,#1814));
#1798 = ORIENTED_EDGE('',*,*,#1799,.F.);
#1799 = EDGE_CURVE('',#1800,#801,#1802,.T.);
#1800 = VERTEX_POINT('',#1801);
#1801 = CARTESIAN_POINT('',(96.589999944568,17.217983572445,12.13));
#1802 = LINE('',#1803,#1804);
#1803 = CARTESIAN_POINT('',(96.589999944568,17.217983572445,5.13));
#1804 = VECTOR('',#1805,1.);
#1805 = DIRECTION('',(1.E-30,1.E-15,-1.));
#1806 = ORIENTED_EDGE('',*,*,#1807,.F.);
#1807 = EDGE_CURVE('',#1778,#1800,#1808,.T.);
#1808 = CIRCLE('',#1809,1.55);
#1809 = AXIS2_PLACEMENT_3D('',#1810,#1811,#1812);
#1810 = CARTESIAN_POINT('',(97.69,18.31,12.13));
#1811 = DIRECTION('',(-1.E-30,-1.E-15,1.));
#1812 = DIRECTION('',(1.E-15,1.,1.E-15));
#1813 = ORIENTED_EDGE('',*,*,#1785,.T.);
#1814 = ORIENTED_EDGE('',*,*,#808,.F.);
#1815 = CYLINDRICAL_SURFACE('',#1816,1.55);
#1816 = AXIS2_PLACEMENT_3D('',#1817,#1818,#1819);
#1817 = CARTESIAN_POINT('',(97.69,18.31,5.13));
#1818 = DIRECTION('',(1.E-30,1.E-15,-1.));
#1819 = DIRECTION('',(1.E-15,1.,1.E-15));
#1820 = ADVANCED_FACE('',(#1821),#1839,.T.);
#1821 = FACE_BOUND('',#1822,.T.);
#1822 = EDGE_LOOP('',(#1823,#1824,#1825,#1833));
#1823 = ORIENTED_EDGE('',*,*,#800,.T.);
#1824 = ORIENTED_EDGE('',*,*,#1799,.F.);
#1825 = ORIENTED_EDGE('',*,*,#1826,.T.);
#1826 = EDGE_CURVE('',#1800,#1827,#1829,.T.);
#1827 = VERTEX_POINT('',#1828);
#1828 = CARTESIAN_POINT('',(96.589999903287,16.404744167511,12.13));
#1829 = LINE('',#1830,#1831);
#1830 = CARTESIAN_POINT('',(96.590000096713,20.215255944163,12.13));
#1831 = VECTOR('',#1832,1.);
#1832 = DIRECTION('',(-5.076101675E-08,-1.,-1.E-15));
#1833 = ORIENTED_EDGE('',*,*,#1834,.F.);
#1834 = EDGE_CURVE('',#793,#1827,#1835,.T.);
#1835 = LINE('',#1836,#1837);
#1836 = CARTESIAN_POINT('',(96.589999903287,16.404744167511,5.13));
#1837 = VECTOR('',#1838,1.);
#1838 = DIRECTION('',(-1.E-30,-1.E-15,1.));
#1839 = PLANE('',#1840);
#1840 = AXIS2_PLACEMENT_3D('',#1841,#1842,#1843);
#1841 = CARTESIAN_POINT('',(96.590000096713,20.215255944163,5.13));
#1842 = DIRECTION('',(1.,-5.076101675E-08,-5.076101575E-23));
#1843 = DIRECTION('',(-5.076101675E-08,-1.,-1.E-15));
#1844 = ADVANCED_FACE('',(#1845),#1863,.T.);
#1845 = FACE_BOUND('',#1846,.T.);
#1846 = EDGE_LOOP('',(#1847,#1848,#1849,#1857));
#1847 = ORIENTED_EDGE('',*,*,#792,.T.);
#1848 = ORIENTED_EDGE('',*,*,#1834,.T.);
#1849 = ORIENTED_EDGE('',*,*,#1850,.T.);
#1850 = EDGE_CURVE('',#1827,#1851,#1853,.T.);
#1851 = VERTEX_POINT('',#1852);
#1852 = CARTESIAN_POINT('',(97.294285907959,16.811363834228,12.13));
#1853 = LINE('',#1854,#1855);
#1854 = CARTESIAN_POINT('',(96.589999903287,16.404744167511,12.13));
#1855 = VECTOR('',#1856,1.);
#1856 = DIRECTION('',(0.866025429165,0.49999995604,4.999999560399E-16));
#1857 = ORIENTED_EDGE('',*,*,#1858,.T.);
#1858 = EDGE_CURVE('',#1851,#784,#1859,.T.);
#1859 = LINE('',#1860,#1861);
#1860 = CARTESIAN_POINT('',(97.294285907959,16.811363834228,5.13));
#1861 = VECTOR('',#1862,1.);
#1862 = DIRECTION('',(1.E-30,1.E-15,-1.));
#1863 = PLANE('',#1864);
#1864 = AXIS2_PLACEMENT_3D('',#1865,#1866,#1867);
#1865 = CARTESIAN_POINT('',(96.589999903287,16.404744167511,5.13));
#1866 = DIRECTION('',(-0.49999995604,0.866025429165,8.660254291648E-16)
  );
#1867 = DIRECTION('',(0.866025429165,0.49999995604,4.999999560399E-16));
#1868 = ADVANCED_FACE('',(#1869),#1888,.F.);
#1869 = FACE_BOUND('',#1870,.F.);
#1870 = EDGE_LOOP('',(#1871,#1880,#1881,#1882));
#1871 = ORIENTED_EDGE('',*,*,#1872,.F.);
#1872 = EDGE_CURVE('',#1851,#1873,#1875,.T.);
#1873 = VERTEX_POINT('',#1874);
#1874 = CARTESIAN_POINT('',(99.185713995328,17.903380221609,12.13));
#1875 = CIRCLE('',#1876,1.55);
#1876 = AXIS2_PLACEMENT_3D('',#1877,#1878,#1879);
#1877 = CARTESIAN_POINT('',(97.69,18.31,12.13));
#1878 = DIRECTION('',(-1.E-30,-1.E-15,1.));
#1879 = DIRECTION('',(1.E-15,1.,1.E-15));
#1880 = ORIENTED_EDGE('',*,*,#1858,.T.);
#1881 = ORIENTED_EDGE('',*,*,#783,.F.);
#1882 = ORIENTED_EDGE('',*,*,#1883,.F.);
#1883 = EDGE_CURVE('',#1873,#776,#1884,.T.);
#1884 = LINE('',#1885,#1886);
#1885 = CARTESIAN_POINT('',(99.185713995328,17.903380221609,5.13));
#1886 = VECTOR('',#1887,1.);
#1887 = DIRECTION('',(1.E-30,1.E-15,-1.));
#1888 = CYLINDRICAL_SURFACE('',#1889,1.55);
#1889 = AXIS2_PLACEMENT_3D('',#1890,#1891,#1892);
#1890 = CARTESIAN_POINT('',(97.69,18.31,5.13));
#1891 = DIRECTION('',(1.E-30,1.E-15,-1.));
#1892 = DIRECTION('',(1.E-15,1.,1.E-15));
#1893 = ADVANCED_FACE('',(#1894),#1912,.T.);
#1894 = FACE_BOUND('',#1895,.T.);
#1895 = EDGE_LOOP('',(#1896,#1897,#1898,#1906));
#1896 = ORIENTED_EDGE('',*,*,#775,.T.);
#1897 = ORIENTED_EDGE('',*,*,#1883,.F.);
#1898 = ORIENTED_EDGE('',*,*,#1899,.T.);
#1899 = EDGE_CURVE('',#1873,#1900,#1902,.T.);
#1900 = VERTEX_POINT('',#1901);
#1901 = CARTESIAN_POINT('',(99.89,18.309999888326,12.13));
#1902 = LINE('',#1903,#1904);
#1903 = CARTESIAN_POINT('',(96.589999903287,16.404744167511,12.13));
#1904 = VECTOR('',#1905,1.);
#1905 = DIRECTION('',(0.866025429165,0.49999995604,4.999999560399E-16));
#1906 = ORIENTED_EDGE('',*,*,#1907,.F.);
#1907 = EDGE_CURVE('',#768,#1900,#1908,.T.);
#1908 = LINE('',#1909,#1910);
#1909 = CARTESIAN_POINT('',(99.89,18.309999888326,5.13));
#1910 = VECTOR('',#1911,1.);
#1911 = DIRECTION('',(-1.E-30,-1.E-15,1.));
#1912 = PLANE('',#1913);
#1913 = AXIS2_PLACEMENT_3D('',#1914,#1915,#1916);
#1914 = CARTESIAN_POINT('',(96.589999903287,16.404744167511,5.13));
#1915 = DIRECTION('',(-0.49999995604,0.866025429165,8.660254291648E-16)
  );
#1916 = DIRECTION('',(0.866025429165,0.49999995604,4.999999560399E-16));
#1917 = ADVANCED_FACE('',(#1918),#1929,.T.);
#1918 = FACE_BOUND('',#1919,.T.);
#1919 = EDGE_LOOP('',(#1920,#1921,#1922,#1928));
#1920 = ORIENTED_EDGE('',*,*,#767,.T.);
#1921 = ORIENTED_EDGE('',*,*,#1907,.T.);
#1922 = ORIENTED_EDGE('',*,*,#1923,.T.);
#1923 = EDGE_CURVE('',#1900,#1711,#1924,.T.);
#1924 = LINE('',#1925,#1926);
#1925 = CARTESIAN_POINT('',(99.89,18.309999888326,12.13));
#1926 = VECTOR('',#1927,1.);
#1927 = DIRECTION('',(-0.866025378404,0.50000004396,5.000000439601E-16)
  );
#1928 = ORIENTED_EDGE('',*,*,#1710,.T.);
#1929 = PLANE('',#1930);
#1930 = AXIS2_PLACEMENT_3D('',#1931,#1932,#1933);
#1931 = CARTESIAN_POINT('',(99.89,18.309999888326,5.13));
#1932 = DIRECTION('',(-0.50000004396,-0.866025378404,-8.660253784041E-16
    ));
#1933 = DIRECTION('',(-0.866025378404,0.50000004396,5.000000439601E-16)
  );
#1934 = ADVANCED_FACE('',(#1935),#1948,.F.);
#1935 = FACE_BOUND('',#1936,.F.);
#1936 = EDGE_LOOP('',(#1937,#1938,#1939,#1945,#1946,#1947));
#1937 = ORIENTED_EDGE('',*,*,#1509,.F.);
#1938 = ORIENTED_EDGE('',*,*,#1574,.F.);
#1939 = ORIENTED_EDGE('',*,*,#1940,.T.);
#1940 = EDGE_CURVE('',#1575,#897,#1941,.T.);
#1941 = LINE('',#1942,#1943);
#1942 = CARTESIAN_POINT('',(44.922241490929,-42.94425955403,
    14.805000000003));
#1943 = VECTOR('',#1944,1.);
#1944 = DIRECTION('',(0.,1.,-2.2E-16));
#1945 = ORIENTED_EDGE('',*,*,#896,.T.);
#1946 = ORIENTED_EDGE('',*,*,#839,.T.);
#1947 = ORIENTED_EDGE('',*,*,#1624,.F.);
#1948 = PLANE('',#1949);
#1949 = AXIS2_PLACEMENT_3D('',#1950,#1951,#1952);
#1950 = CARTESIAN_POINT('',(44.922241490929,-42.94425955403,
    14.805000000003));
#1951 = DIRECTION('',(0.70860351564,-1.6E-16,-0.705606871865));
#1952 = DIRECTION('',(3.377550288503E-18,1.,-2.233632668213E-16));
#1953 = ADVANCED_FACE('',(#1954),#1960,.T.);
#1954 = FACE_BOUND('',#1955,.T.);
#1955 = EDGE_LOOP('',(#1956,#1957,#1958,#1959));
#1956 = ORIENTED_EDGE('',*,*,#1940,.T.);
#1957 = ORIENTED_EDGE('',*,*,#905,.F.);
#1958 = ORIENTED_EDGE('',*,*,#940,.F.);
#1959 = ORIENTED_EDGE('',*,*,#1586,.F.);
#1960 = PLANE('',#1961);
#1961 = AXIS2_PLACEMENT_3D('',#1962,#1963,#1964);
#1962 = CARTESIAN_POINT('',(44.922241490929,-42.94425955403,28.245));
#1963 = DIRECTION('',(-1.,0.,0.));
#1964 = DIRECTION('',(-0.,-2.2E-16,-1.));
#1965 = ADVANCED_FACE('',(#1966),#1988,.T.);
#1966 = FACE_BOUND('',#1967,.F.);
#1967 = EDGE_LOOP('',(#1968,#1976,#1983,#1984,#1985,#1986,#1987));
#1968 = ORIENTED_EDGE('',*,*,#1969,.F.);
#1969 = EDGE_CURVE('',#1970,#976,#1972,.T.);
#1970 = VERTEX_POINT('',#1971);
#1971 = CARTESIAN_POINT('',(51.922241490929,-39.69425955403,5.305));
#1972 = LINE('',#1973,#1974);
#1973 = CARTESIAN_POINT('',(51.922241490929,-39.69425955403,5.305));
#1974 = VECTOR('',#1975,1.);
#1975 = DIRECTION('',(0.,0.,1.));
#1976 = ORIENTED_EDGE('',*,*,#1977,.F.);
#1977 = EDGE_CURVE('',#1970,#1970,#1978,.T.);
#1978 = CIRCLE('',#1979,3.25);
#1979 = AXIS2_PLACEMENT_3D('',#1980,#1981,#1982);
#1980 = CARTESIAN_POINT('',(48.672241490929,-39.69425955403,5.305));
#1981 = DIRECTION('',(0.,0.,1.));
#1982 = DIRECTION('',(1.,0.,0.));
#1983 = ORIENTED_EDGE('',*,*,#1969,.T.);
#1984 = ORIENTED_EDGE('',*,*,#975,.T.);
#1985 = ORIENTED_EDGE('',*,*,#948,.T.);
#1986 = ORIENTED_EDGE('',*,*,#957,.T.);
#1987 = ORIENTED_EDGE('',*,*,#984,.T.);
#1988 = CYLINDRICAL_SURFACE('',#1989,3.25);
#1989 = AXIS2_PLACEMENT_3D('',#1990,#1991,#1992);
#1990 = CARTESIAN_POINT('',(48.672241490929,-39.69425955403,5.305));
#1991 = DIRECTION('',(-0.,-0.,-1.));
#1992 = DIRECTION('',(1.,0.,0.));
#1993 = ADVANCED_FACE('',(#1994),#2004,.F.);
#1994 = FACE_BOUND('',#1995,.F.);
#1995 = EDGE_LOOP('',(#1996,#2002,#2003));
#1996 = ORIENTED_EDGE('',*,*,#1997,.F.);
#1997 = EDGE_CURVE('',#1011,#1106,#1998,.T.);
#1998 = LINE('',#1999,#2000);
#1999 = CARTESIAN_POINT('',(116.54942958316,20.055740445967,
    26.941438690847));
#2000 = VECTOR('',#2001,1.);
#2001 = DIRECTION('',(0.807329334644,5.36E-15,-0.590101131522));
#2002 = ORIENTED_EDGE('',*,*,#1019,.T.);
#2003 = ORIENTED_EDGE('',*,*,#1113,.F.);
#2004 = PLANE('',#2005);
#2005 = AXIS2_PLACEMENT_3D('',#2006,#2007,#2008);
#2006 = CARTESIAN_POINT('',(115.59661767539,20.055740445967,
    27.637877381695));
#2007 = DIRECTION('',(-0.441786694969,-0.662951122353,-0.604417343827));
#2008 = DIRECTION('',(-0.684563464562,0.684563464562,-0.250490969847));
#2009 = ADVANCED_FACE('',(#2010),#2045,.F.);
#2010 = FACE_BOUND('',#2011,.F.);
#2011 = EDGE_LOOP('',(#2012,#2020,#2021,#2029,#2038));
#2012 = ORIENTED_EDGE('',*,*,#2013,.T.);
#2013 = EDGE_CURVE('',#2014,#1157,#2016,.T.);
#2014 = VERTEX_POINT('',#2015);
#2015 = CARTESIAN_POINT('',(99.185714036609,-39.28338037345,12.13));
#2016 = LINE('',#2017,#2018);
#2017 = CARTESIAN_POINT('',(99.185714036609,-39.28338037345,5.13));
#2018 = VECTOR('',#2019,1.);
#2019 = DIRECTION('',(1.E-30,1.E-15,-1.));
#2020 = ORIENTED_EDGE('',*,*,#1154,.F.);
#2021 = ORIENTED_EDGE('',*,*,#2022,.F.);
#2022 = EDGE_CURVE('',#2023,#1155,#2025,.T.);
#2023 = VERTEX_POINT('',#2024);
#2024 = CARTESIAN_POINT('',(97.294286060103,-38.19136379405,12.13));
#2025 = LINE('',#2026,#2027);
#2026 = CARTESIAN_POINT('',(97.294286060103,-38.19136379405,5.13));
#2027 = VECTOR('',#2028,1.);
#2028 = DIRECTION('',(1.E-30,1.E-15,-1.));
#2029 = ORIENTED_EDGE('',*,*,#2030,.F.);
#2030 = EDGE_CURVE('',#2031,#2023,#2033,.T.);
#2031 = VERTEX_POINT('',#2032);
#2032 = CARTESIAN_POINT('',(97.69,-38.14,12.13));
#2033 = CIRCLE('',#2034,1.55);
#2034 = AXIS2_PLACEMENT_3D('',#2035,#2036,#2037);
#2035 = CARTESIAN_POINT('',(97.69,-39.69,12.13));
#2036 = DIRECTION('',(-1.E-30,-1.E-15,1.));
#2037 = DIRECTION('',(1.E-15,1.,1.E-15));
#2038 = ORIENTED_EDGE('',*,*,#2039,.F.);
#2039 = EDGE_CURVE('',#2014,#2031,#2040,.T.);
#2040 = CIRCLE('',#2041,1.55);
#2041 = AXIS2_PLACEMENT_3D('',#2042,#2043,#2044);
#2042 = CARTESIAN_POINT('',(97.69,-39.69,12.13));
#2043 = DIRECTION('',(-1.E-30,-1.E-15,1.));
#2044 = DIRECTION('',(1.E-15,1.,1.E-15));
#2045 = CYLINDRICAL_SURFACE('',#2046,1.55);
#2046 = AXIS2_PLACEMENT_3D('',#2047,#2048,#2049);
#2047 = CARTESIAN_POINT('',(97.69,-39.69,5.13));
#2048 = DIRECTION('',(1.E-30,1.E-15,-1.));
#2049 = DIRECTION('',(1.E-15,1.,1.E-15));
#2050 = ADVANCED_FACE('',(#2051),#2069,.T.);
#2051 = FACE_BOUND('',#2052,.T.);
#2052 = EDGE_LOOP('',(#2053,#2054,#2055,#2063));
#2053 = ORIENTED_EDGE('',*,*,#1223,.T.);
#2054 = ORIENTED_EDGE('',*,*,#2022,.F.);
#2055 = ORIENTED_EDGE('',*,*,#2056,.T.);
#2056 = EDGE_CURVE('',#2023,#2057,#2059,.T.);
#2057 = VERTEX_POINT('',#2058);
#2058 = CARTESIAN_POINT('',(96.590000096713,-37.78474405583,12.13));
#2059 = LINE('',#2060,#2061);
#2060 = CARTESIAN_POINT('',(99.89,-39.69000011167,12.13));
#2061 = VECTOR('',#2062,1.);
#2062 = DIRECTION('',(-0.866025378404,0.50000004396,5.000000439601E-16)
  );
#2063 = ORIENTED_EDGE('',*,*,#2064,.F.);
#2064 = EDGE_CURVE('',#1216,#2057,#2065,.T.);
#2065 = LINE('',#2066,#2067);
#2066 = CARTESIAN_POINT('',(96.590000096713,-37.78474405583,5.13));
#2067 = VECTOR('',#2068,1.);
#2068 = DIRECTION('',(-1.E-30,-1.E-15,1.));
#2069 = PLANE('',#2070);
#2070 = AXIS2_PLACEMENT_3D('',#2071,#2072,#2073);
#2071 = CARTESIAN_POINT('',(99.89,-39.69000011167,5.13));
#2072 = DIRECTION('',(-0.50000004396,-0.866025378404,-8.660253784041E-16
    ));
#2073 = DIRECTION('',(-0.866025378404,0.50000004396,5.000000439601E-16)
  );
#2074 = ADVANCED_FACE('',(#2075),#2093,.T.);
#2075 = FACE_BOUND('',#2076,.T.);
#2076 = EDGE_LOOP('',(#2077,#2078,#2079,#2087));
#2077 = ORIENTED_EDGE('',*,*,#1215,.T.);
#2078 = ORIENTED_EDGE('',*,*,#2064,.T.);
#2079 = ORIENTED_EDGE('',*,*,#2080,.T.);
#2080 = EDGE_CURVE('',#2057,#2081,#2083,.T.);
#2081 = VERTEX_POINT('',#2082);
#2082 = CARTESIAN_POINT('',(96.590000055432,-38.59798346077,12.13));
#2083 = LINE('',#2084,#2085);
#2084 = CARTESIAN_POINT('',(96.590000096713,-37.78474405583,12.13));
#2085 = VECTOR('',#2086,1.);
#2086 = DIRECTION('',(-5.076101675E-08,-1.,-1.E-15));
#2087 = ORIENTED_EDGE('',*,*,#2088,.T.);
#2088 = EDGE_CURVE('',#2081,#1207,#2089,.T.);
#2089 = LINE('',#2090,#2091);
#2090 = CARTESIAN_POINT('',(96.590000055432,-38.59798346077,5.13));
#2091 = VECTOR('',#2092,1.);
#2092 = DIRECTION('',(1.E-30,1.E-15,-1.));
#2093 = PLANE('',#2094);
#2094 = AXIS2_PLACEMENT_3D('',#2095,#2096,#2097);
#2095 = CARTESIAN_POINT('',(96.590000096713,-37.78474405583,5.13));
#2096 = DIRECTION('',(1.,-5.076101675E-08,-5.076101575E-23));
#2097 = DIRECTION('',(-5.076101675E-08,-1.,-1.E-15));
#2098 = ADVANCED_FACE('',(#2099),#2118,.F.);
#2099 = FACE_BOUND('',#2100,.F.);
#2100 = EDGE_LOOP('',(#2101,#2109,#2116,#2117));
#2101 = ORIENTED_EDGE('',*,*,#2102,.F.);
#2102 = EDGE_CURVE('',#2103,#1199,#2105,.T.);
#2103 = VERTEX_POINT('',#2104);
#2104 = CARTESIAN_POINT('',(96.589999944568,-40.78201642755,12.13));
#2105 = LINE('',#2106,#2107);
#2106 = CARTESIAN_POINT('',(96.589999944568,-40.78201642755,5.13));
#2107 = VECTOR('',#2108,1.);
#2108 = DIRECTION('',(1.E-30,1.E-15,-1.));
#2109 = ORIENTED_EDGE('',*,*,#2110,.F.);
#2110 = EDGE_CURVE('',#2081,#2103,#2111,.T.);
#2111 = CIRCLE('',#2112,1.55);
#2112 = AXIS2_PLACEMENT_3D('',#2113,#2114,#2115);
#2113 = CARTESIAN_POINT('',(97.69,-39.69,12.13));
#2114 = DIRECTION('',(-1.E-30,-1.E-15,1.));
#2115 = DIRECTION('',(1.E-15,1.,1.E-15));
#2116 = ORIENTED_EDGE('',*,*,#2088,.T.);
#2117 = ORIENTED_EDGE('',*,*,#1206,.F.);
#2118 = CYLINDRICAL_SURFACE('',#2119,1.55);
#2119 = AXIS2_PLACEMENT_3D('',#2120,#2121,#2122);
#2120 = CARTESIAN_POINT('',(97.69,-39.69,5.13));
#2121 = DIRECTION('',(1.E-30,1.E-15,-1.));
#2122 = DIRECTION('',(1.E-15,1.,1.E-15));
#2123 = ADVANCED_FACE('',(#2124),#2142,.T.);
#2124 = FACE_BOUND('',#2125,.T.);
#2125 = EDGE_LOOP('',(#2126,#2127,#2128,#2136));
#2126 = ORIENTED_EDGE('',*,*,#1198,.T.);
#2127 = ORIENTED_EDGE('',*,*,#2102,.F.);
#2128 = ORIENTED_EDGE('',*,*,#2129,.T.);
#2129 = EDGE_CURVE('',#2103,#2130,#2132,.T.);
#2130 = VERTEX_POINT('',#2131);
#2131 = CARTESIAN_POINT('',(96.589999903287,-41.59525583248,12.13));
#2132 = LINE('',#2133,#2134);
#2133 = CARTESIAN_POINT('',(96.590000096713,-37.78474405583,12.13));
#2134 = VECTOR('',#2135,1.);
#2135 = DIRECTION('',(-5.076101675E-08,-1.,-1.E-15));
#2136 = ORIENTED_EDGE('',*,*,#2137,.F.);
#2137 = EDGE_CURVE('',#1191,#2130,#2138,.T.);
#2138 = LINE('',#2139,#2140);
#2139 = CARTESIAN_POINT('',(96.589999903287,-41.59525583248,5.13));
#2140 = VECTOR('',#2141,1.);
#2141 = DIRECTION('',(-1.E-30,-1.E-15,1.));
#2142 = PLANE('',#2143);
#2143 = AXIS2_PLACEMENT_3D('',#2144,#2145,#2146);
#2144 = CARTESIAN_POINT('',(96.590000096713,-37.78474405583,5.13));
#2145 = DIRECTION('',(1.,-5.076101675E-08,-5.076101575E-23));
#2146 = DIRECTION('',(-5.076101675E-08,-1.,-1.E-15));
#2147 = ADVANCED_FACE('',(#2148),#2166,.T.);
#2148 = FACE_BOUND('',#2149,.T.);
#2149 = EDGE_LOOP('',(#2150,#2151,#2152,#2160));
#2150 = ORIENTED_EDGE('',*,*,#1190,.T.);
#2151 = ORIENTED_EDGE('',*,*,#2137,.T.);
#2152 = ORIENTED_EDGE('',*,*,#2153,.T.);
#2153 = EDGE_CURVE('',#2130,#2154,#2156,.T.);
#2154 = VERTEX_POINT('',#2155);
#2155 = CARTESIAN_POINT('',(97.294285907959,-41.18863616577,12.13));
#2156 = LINE('',#2157,#2158);
#2157 = CARTESIAN_POINT('',(96.589999903287,-41.59525583248,12.13));
#2158 = VECTOR('',#2159,1.);
#2159 = DIRECTION('',(0.866025429165,0.49999995604,4.999999560399E-16));
#2160 = ORIENTED_EDGE('',*,*,#2161,.T.);
#2161 = EDGE_CURVE('',#2154,#1182,#2162,.T.);
#2162 = LINE('',#2163,#2164);
#2163 = CARTESIAN_POINT('',(97.294285907959,-41.18863616577,5.13));
#2164 = VECTOR('',#2165,1.);
#2165 = DIRECTION('',(1.E-30,1.E-15,-1.));
#2166 = PLANE('',#2167);
#2167 = AXIS2_PLACEMENT_3D('',#2168,#2169,#2170);
#2168 = CARTESIAN_POINT('',(96.589999903287,-41.59525583248,5.13));
#2169 = DIRECTION('',(-0.49999995604,0.866025429165,8.660254291648E-16)
  );
#2170 = DIRECTION('',(0.866025429165,0.49999995604,4.999999560399E-16));
#2171 = ADVANCED_FACE('',(#2172),#2191,.F.);
#2172 = FACE_BOUND('',#2173,.F.);
#2173 = EDGE_LOOP('',(#2174,#2183,#2184,#2185));
#2174 = ORIENTED_EDGE('',*,*,#2175,.F.);
#2175 = EDGE_CURVE('',#2154,#2176,#2178,.T.);
#2176 = VERTEX_POINT('',#2177);
#2177 = CARTESIAN_POINT('',(99.185713995328,-40.09661977839,12.13));
#2178 = CIRCLE('',#2179,1.55);
#2179 = AXIS2_PLACEMENT_3D('',#2180,#2181,#2182);
#2180 = CARTESIAN_POINT('',(97.69,-39.69,12.13));
#2181 = DIRECTION('',(-1.E-30,-1.E-15,1.));
#2182 = DIRECTION('',(1.E-15,1.,1.E-15));
#2183 = ORIENTED_EDGE('',*,*,#2161,.T.);
#2184 = ORIENTED_EDGE('',*,*,#1181,.F.);
#2185 = ORIENTED_EDGE('',*,*,#2186,.F.);
#2186 = EDGE_CURVE('',#2176,#1174,#2187,.T.);
#2187 = LINE('',#2188,#2189);
#2188 = CARTESIAN_POINT('',(99.185713995328,-40.09661977839,5.13));
#2189 = VECTOR('',#2190,1.);
#2190 = DIRECTION('',(1.E-30,1.E-15,-1.));
#2191 = CYLINDRICAL_SURFACE('',#2192,1.55);
#2192 = AXIS2_PLACEMENT_3D('',#2193,#2194,#2195);
#2193 = CARTESIAN_POINT('',(97.69,-39.69,5.13));
#2194 = DIRECTION('',(1.E-30,1.E-15,-1.));
#2195 = DIRECTION('',(1.E-15,1.,1.E-15));
#2196 = ADVANCED_FACE('',(#2197),#2215,.T.);
#2197 = FACE_BOUND('',#2198,.T.);
#2198 = EDGE_LOOP('',(#2199,#2200,#2201,#2209));
#2199 = ORIENTED_EDGE('',*,*,#1173,.T.);
#2200 = ORIENTED_EDGE('',*,*,#2186,.F.);
#2201 = ORIENTED_EDGE('',*,*,#2202,.T.);
#2202 = EDGE_CURVE('',#2176,#2203,#2205,.T.);
#2203 = VERTEX_POINT('',#2204);
#2204 = CARTESIAN_POINT('',(99.89,-39.69000011167,12.13));
#2205 = LINE('',#2206,#2207);
#2206 = CARTESIAN_POINT('',(96.589999903287,-41.59525583248,12.13));
#2207 = VECTOR('',#2208,1.);
#2208 = DIRECTION('',(0.866025429165,0.49999995604,4.999999560399E-16));
#2209 = ORIENTED_EDGE('',*,*,#2210,.F.);
#2210 = EDGE_CURVE('',#1166,#2203,#2211,.T.);
#2211 = LINE('',#2212,#2213);
#2212 = CARTESIAN_POINT('',(99.89,-39.69000011167,5.13));
#2213 = VECTOR('',#2214,1.);
#2214 = DIRECTION('',(-1.E-30,-1.E-15,1.));
#2215 = PLANE('',#2216);
#2216 = AXIS2_PLACEMENT_3D('',#2217,#2218,#2219);
#2217 = CARTESIAN_POINT('',(96.589999903287,-41.59525583248,5.13));
#2218 = DIRECTION('',(-0.49999995604,0.866025429165,8.660254291648E-16)
  );
#2219 = DIRECTION('',(0.866025429165,0.49999995604,4.999999560399E-16));
#2220 = ADVANCED_FACE('',(#2221),#2232,.T.);
#2221 = FACE_BOUND('',#2222,.T.);
#2222 = EDGE_LOOP('',(#2223,#2224,#2225,#2231));
#2223 = ORIENTED_EDGE('',*,*,#1165,.T.);
#2224 = ORIENTED_EDGE('',*,*,#2210,.T.);
#2225 = ORIENTED_EDGE('',*,*,#2226,.T.);
#2226 = EDGE_CURVE('',#2203,#2014,#2227,.T.);
#2227 = LINE('',#2228,#2229);
#2228 = CARTESIAN_POINT('',(99.89,-39.69000011167,12.13));
#2229 = VECTOR('',#2230,1.);
#2230 = DIRECTION('',(-0.866025378404,0.50000004396,5.000000439601E-16)
  );
#2231 = ORIENTED_EDGE('',*,*,#2013,.T.);
#2232 = PLANE('',#2233);
#2233 = AXIS2_PLACEMENT_3D('',#2234,#2235,#2236);
#2234 = CARTESIAN_POINT('',(99.89,-39.69000011167,5.13));
#2235 = DIRECTION('',(-0.50000004396,-0.866025378404,-8.660253784041E-16
    ));
#2236 = DIRECTION('',(-0.866025378404,0.50000004396,5.000000439601E-16)
  );
#2237 = ADVANCED_FACE('',(#2238),#2248,.T.);
#2238 = FACE_BOUND('',#2239,.T.);
#2239 = EDGE_LOOP('',(#2240,#2246,#2247));
#2240 = ORIENTED_EDGE('',*,*,#2241,.F.);
#2241 = EDGE_CURVE('',#1551,#1240,#2242,.T.);
#2242 = LINE('',#2243,#2244);
#2243 = CARTESIAN_POINT('',(116.54942958316,-40.94425955403,
    26.941438690847));
#2244 = VECTOR('',#2245,1.);
#2245 = DIRECTION('',(0.807329334644,1.7E-16,-0.590101131522));
#2246 = ORIENTED_EDGE('',*,*,#1550,.T.);
#2247 = ORIENTED_EDGE('',*,*,#1239,.F.);
#2248 = PLANE('',#2249);
#2249 = AXIS2_PLACEMENT_3D('',#2250,#2251,#2252);
#2250 = CARTESIAN_POINT('',(115.59661767539,-40.94425955403,
    27.637877381695));
#2251 = DIRECTION('',(0.441786694969,-0.662951122353,0.604417343827));
#2252 = DIRECTION('',(-0.684563464562,-0.684563464562,-0.250490969847));
#2253 = ADVANCED_FACE('',(#2254),#2260,.F.);
#2254 = FACE_BOUND('',#2255,.F.);
#2255 = EDGE_LOOP('',(#2256,#2257,#2258,#2259));
#2256 = ORIENTED_EDGE('',*,*,#2241,.F.);
#2257 = ORIENTED_EDGE('',*,*,#1617,.T.);
#2258 = ORIENTED_EDGE('',*,*,#1997,.T.);
#2259 = ORIENTED_EDGE('',*,*,#1264,.F.);
#2260 = PLANE('',#2261);
#2261 = AXIS2_PLACEMENT_3D('',#2262,#2263,#2264);
#2262 = CARTESIAN_POINT('',(117.50224149092,-42.94425955403,26.245));
#2263 = DIRECTION('',(-0.590101131522,0.,-0.807329334644));
#2264 = DIRECTION('',(0.,1.,0.));
#2265 = ADVANCED_FACE('',(#2266),#2301,.F.);
#2266 = FACE_BOUND('',#2267,.F.);
#2267 = EDGE_LOOP('',(#2268,#2276,#2285,#2294,#2300));
#2268 = ORIENTED_EDGE('',*,*,#2269,.T.);
#2269 = EDGE_CURVE('',#1275,#2270,#2272,.T.);
#2270 = VERTEX_POINT('',#2271);
#2271 = CARTESIAN_POINT('',(111.16,-9.287983460771,18.529999944568));
#2272 = LINE('',#2273,#2274);
#2273 = CARTESIAN_POINT('',(111.16,-9.287983460771,18.529999944568));
#2274 = VECTOR('',#2275,1.);
#2275 = DIRECTION('',(-1.,-4.17792436293E-16,-4.976076004103E-16));
#2276 = ORIENTED_EDGE('',*,*,#2277,.T.);
#2277 = EDGE_CURVE('',#2270,#2278,#2280,.T.);
#2278 = VERTEX_POINT('',#2279);
#2279 = CARTESIAN_POINT('',(111.16,-11.155,18.772339375866));
#2280 = CIRCLE('',#2281,1.55);
#2281 = AXIS2_PLACEMENT_3D('',#2282,#2283,#2284);
#2282 = CARTESIAN_POINT('',(111.16,-10.38,17.43));
#2283 = DIRECTION('',(1.,4.17792436293E-16,4.976076004103E-16));
#2284 = DIRECTION('',(-2.22044604925E-16,-0.5,0.866025403784));
#2285 = ORIENTED_EDGE('',*,*,#2286,.T.);
#2286 = EDGE_CURVE('',#2278,#2287,#2289,.T.);
#2287 = VERTEX_POINT('',#2288);
#2288 = CARTESIAN_POINT('',(111.16,-11.47201642755,18.530000055432));
#2289 = CIRCLE('',#2290,1.55);
#2290 = AXIS2_PLACEMENT_3D('',#2291,#2292,#2293);
#2291 = CARTESIAN_POINT('',(111.16,-10.38,17.43));
#2292 = DIRECTION('',(1.,4.17792436293E-16,4.976076004103E-16));
#2293 = DIRECTION('',(-2.22044604925E-16,-0.5,0.866025403784));
#2294 = ORIENTED_EDGE('',*,*,#2295,.F.);
#2295 = EDGE_CURVE('',#1273,#2287,#2296,.T.);
#2296 = LINE('',#2297,#2298);
#2297 = CARTESIAN_POINT('',(111.16,-11.47201642755,18.530000055432));
#2298 = VECTOR('',#2299,1.);
#2299 = DIRECTION('',(-1.,-4.17792436293E-16,-4.976076004103E-16));
#2300 = ORIENTED_EDGE('',*,*,#1272,.T.);
#2301 = CYLINDRICAL_SURFACE('',#2302,1.55);
#2302 = AXIS2_PLACEMENT_3D('',#2303,#2304,#2305);
#2303 = CARTESIAN_POINT('',(111.16,-10.38,17.43));
#2304 = DIRECTION('',(-1.,-4.17792436293E-16,-4.976076004103E-16));
#2305 = DIRECTION('',(-2.22044604925E-16,-0.5,0.866025403784));
#2306 = ADVANCED_FACE('',(#2307),#2325,.T.);
#2307 = FACE_BOUND('',#2308,.T.);
#2308 = EDGE_LOOP('',(#2309,#2317,#2318,#2319));
#2309 = ORIENTED_EDGE('',*,*,#2310,.F.);
#2310 = EDGE_CURVE('',#2287,#2311,#2313,.T.);
#2311 = VERTEX_POINT('',#2312);
#2312 = CARTESIAN_POINT('',(111.16,-12.28525583248,18.530000096713));
#2313 = LINE('',#2314,#2315);
#2314 = CARTESIAN_POINT('',(111.16,-8.474744055837,18.529999903287));
#2315 = VECTOR('',#2316,1.);
#2316 = DIRECTION('',(4.177924110341E-16,-1.,5.076069542476E-08));
#2317 = ORIENTED_EDGE('',*,*,#2295,.F.);
#2318 = ORIENTED_EDGE('',*,*,#1341,.F.);
#2319 = ORIENTED_EDGE('',*,*,#2320,.F.);
#2320 = EDGE_CURVE('',#2311,#1334,#2321,.T.);
#2321 = LINE('',#2322,#2323);
#2322 = CARTESIAN_POINT('',(111.16,-12.28525583248,18.530000096713));
#2323 = VECTOR('',#2324,1.);
#2324 = DIRECTION('',(1.,4.17792436293E-16,4.976076004103E-16));
#2325 = PLANE('',#2326);
#2326 = AXIS2_PLACEMENT_3D('',#2327,#2328,#2329);
#2327 = CARTESIAN_POINT('',(111.16,-8.474744055837,18.529999903287));
#2328 = DIRECTION('',(4.976076216177E-16,-5.076069542476E-08,-1.));
#2329 = DIRECTION('',(4.177924110341E-16,-1.,5.076069542476E-08));
#2330 = ADVANCED_FACE('',(#2331),#2349,.T.);
#2331 = FACE_BOUND('',#2332,.T.);
#2332 = EDGE_LOOP('',(#2333,#2341,#2342,#2343));
#2333 = ORIENTED_EDGE('',*,*,#2334,.F.);
#2334 = EDGE_CURVE('',#2311,#2335,#2337,.T.);
#2335 = VERTEX_POINT('',#2336);
#2336 = CARTESIAN_POINT('',(111.16,-11.87863616577,17.825714092041));
#2337 = LINE('',#2338,#2339);
#2338 = CARTESIAN_POINT('',(111.16,-12.28525583248,18.530000096713));
#2339 = VECTOR('',#2340,1.);
#2340 = DIRECTION('',(2.220446359209E-16,0.49999995604,-0.866025429165)
  );
#2341 = ORIENTED_EDGE('',*,*,#2320,.T.);
#2342 = ORIENTED_EDGE('',*,*,#1333,.F.);
#2343 = ORIENTED_EDGE('',*,*,#2344,.T.);
#2344 = EDGE_CURVE('',#1325,#2335,#2345,.T.);
#2345 = LINE('',#2346,#2347);
#2346 = CARTESIAN_POINT('',(111.16,-11.87863616577,17.825714092041));
#2347 = VECTOR('',#2348,1.);
#2348 = DIRECTION('',(-1.,-4.17792436293E-16,-4.976076004103E-16));
#2349 = PLANE('',#2350);
#2350 = AXIS2_PLACEMENT_3D('',#2351,#2352,#2353);
#2351 = CARTESIAN_POINT('',(111.16,-12.28525583248,18.530000096713));
#2352 = DIRECTION('',(-6.106226522726E-16,0.866025429165,0.49999995604)
  );
#2353 = DIRECTION('',(2.220446359209E-16,0.49999995604,-0.866025429165)
  );
#2354 = ADVANCED_FACE('',(#2355),#2374,.F.);
#2355 = FACE_BOUND('',#2356,.F.);
#2356 = EDGE_LOOP('',(#2357,#2365,#2366,#2367));
#2357 = ORIENTED_EDGE('',*,*,#2358,.F.);
#2358 = EDGE_CURVE('',#1317,#2359,#2361,.T.);
#2359 = VERTEX_POINT('',#2360);
#2360 = CARTESIAN_POINT('',(111.16,-10.78661977839,15.934286004671));
#2361 = LINE('',#2362,#2363);
#2362 = CARTESIAN_POINT('',(111.16,-10.78661977839,15.934286004671));
#2363 = VECTOR('',#2364,1.);
#2364 = DIRECTION('',(-1.,-4.17792436293E-16,-4.976076004103E-16));
#2365 = ORIENTED_EDGE('',*,*,#1324,.T.);
#2366 = ORIENTED_EDGE('',*,*,#2344,.T.);
#2367 = ORIENTED_EDGE('',*,*,#2368,.T.);
#2368 = EDGE_CURVE('',#2335,#2359,#2369,.T.);
#2369 = CIRCLE('',#2370,1.55);
#2370 = AXIS2_PLACEMENT_3D('',#2371,#2372,#2373);
#2371 = CARTESIAN_POINT('',(111.16,-10.38,17.43));
#2372 = DIRECTION('',(1.,4.17792436293E-16,4.976076004103E-16));
#2373 = DIRECTION('',(-2.22044604925E-16,-0.5,0.866025403784));
#2374 = CYLINDRICAL_SURFACE('',#2375,1.55);
#2375 = AXIS2_PLACEMENT_3D('',#2376,#2377,#2378);
#2376 = CARTESIAN_POINT('',(111.16,-10.38,17.43));
#2377 = DIRECTION('',(-1.,-4.17792436293E-16,-4.976076004103E-16));
#2378 = DIRECTION('',(-2.22044604925E-16,-0.5,0.866025403784));
#2379 = ADVANCED_FACE('',(#2380),#2398,.T.);
#2380 = FACE_BOUND('',#2381,.T.);
#2381 = EDGE_LOOP('',(#2382,#2390,#2391,#2392));
#2382 = ORIENTED_EDGE('',*,*,#2383,.F.);
#2383 = EDGE_CURVE('',#2359,#2384,#2386,.T.);
#2384 = VERTEX_POINT('',#2385);
#2385 = CARTESIAN_POINT('',(111.16,-10.38000011167,15.23));
#2386 = LINE('',#2387,#2388);
#2387 = CARTESIAN_POINT('',(111.16,-12.28525583248,18.530000096713));
#2388 = VECTOR('',#2389,1.);
#2389 = DIRECTION('',(2.220446359209E-16,0.49999995604,-0.866025429165)
  );
#2390 = ORIENTED_EDGE('',*,*,#2358,.F.);
#2391 = ORIENTED_EDGE('',*,*,#1316,.F.);
#2392 = ORIENTED_EDGE('',*,*,#2393,.F.);
#2393 = EDGE_CURVE('',#2384,#1309,#2394,.T.);
#2394 = LINE('',#2395,#2396);
#2395 = CARTESIAN_POINT('',(111.16,-10.38000011167,15.23));
#2396 = VECTOR('',#2397,1.);
#2397 = DIRECTION('',(1.,4.17792436293E-16,4.976076004103E-16));
#2398 = PLANE('',#2399);
#2399 = AXIS2_PLACEMENT_3D('',#2400,#2401,#2402);
#2400 = CARTESIAN_POINT('',(111.16,-12.28525583248,18.530000096713));
#2401 = DIRECTION('',(-6.106226522726E-16,0.866025429165,0.49999995604)
  );
#2402 = DIRECTION('',(2.220446359209E-16,0.49999995604,-0.866025429165)
  );
#2403 = ADVANCED_FACE('',(#2404),#2422,.T.);
#2404 = FACE_BOUND('',#2405,.T.);
#2405 = EDGE_LOOP('',(#2406,#2414,#2415,#2416));
#2406 = ORIENTED_EDGE('',*,*,#2407,.F.);
#2407 = EDGE_CURVE('',#2384,#2408,#2410,.T.);
#2408 = VERTEX_POINT('',#2409);
#2409 = CARTESIAN_POINT('',(111.16,-9.973380373457,15.934285963391));
#2410 = LINE('',#2411,#2412);
#2411 = CARTESIAN_POINT('',(111.16,-10.38000011167,15.23));
#2412 = VECTOR('',#2413,1.);
#2413 = DIRECTION('',(-6.398370469547E-16,0.50000004396,0.866025378404)
  );
#2414 = ORIENTED_EDGE('',*,*,#2393,.T.);
#2415 = ORIENTED_EDGE('',*,*,#1308,.F.);
#2416 = ORIENTED_EDGE('',*,*,#2417,.T.);
#2417 = EDGE_CURVE('',#1300,#2408,#2418,.T.);
#2418 = LINE('',#2419,#2420);
#2419 = CARTESIAN_POINT('',(111.16,-9.973380373457,15.934285963391));
#2420 = VECTOR('',#2421,1.);
#2421 = DIRECTION('',(-1.,-4.17792436293E-16,-4.976076004103E-16));
#2422 = PLANE('',#2423);
#2423 = AXIS2_PLACEMENT_3D('',#2424,#2425,#2426);
#2424 = CARTESIAN_POINT('',(111.16,-10.38000011167,15.23));
#2425 = DIRECTION('',(1.130150306549E-16,-0.866025378404,0.50000004396)
  );
#2426 = DIRECTION('',(-6.398370469547E-16,0.50000004396,0.866025378404)
  );
#2427 = ADVANCED_FACE('',(#2428),#2447,.F.);
#2428 = FACE_BOUND('',#2429,.F.);
#2429 = EDGE_LOOP('',(#2430,#2431,#2432,#2441));
#2430 = ORIENTED_EDGE('',*,*,#1299,.T.);
#2431 = ORIENTED_EDGE('',*,*,#2417,.T.);
#2432 = ORIENTED_EDGE('',*,*,#2433,.T.);
#2433 = EDGE_CURVE('',#2408,#2434,#2436,.T.);
#2434 = VERTEX_POINT('',#2435);
#2435 = CARTESIAN_POINT('',(111.16,-8.881363794055,17.825713939896));
#2436 = CIRCLE('',#2437,1.55);
#2437 = AXIS2_PLACEMENT_3D('',#2438,#2439,#2440);
#2438 = CARTESIAN_POINT('',(111.16,-10.38,17.43));
#2439 = DIRECTION('',(1.,4.17792436293E-16,4.976076004103E-16));
#2440 = DIRECTION('',(-2.22044604925E-16,-0.5,0.866025403784));
#2441 = ORIENTED_EDGE('',*,*,#2442,.F.);
#2442 = EDGE_CURVE('',#1292,#2434,#2443,.T.);
#2443 = LINE('',#2444,#2445);
#2444 = CARTESIAN_POINT('',(111.16,-8.881363794055,17.825713939896));
#2445 = VECTOR('',#2446,1.);
#2446 = DIRECTION('',(-1.,-4.17792436293E-16,-4.976076004103E-16));
#2447 = CYLINDRICAL_SURFACE('',#2448,1.55);
#2448 = AXIS2_PLACEMENT_3D('',#2449,#2450,#2451);
#2449 = CARTESIAN_POINT('',(111.16,-10.38,17.43));
#2450 = DIRECTION('',(-1.,-4.17792436293E-16,-4.976076004103E-16));
#2451 = DIRECTION('',(-2.22044604925E-16,-0.5,0.866025403784));
#2452 = ADVANCED_FACE('',(#2453),#2471,.T.);
#2453 = FACE_BOUND('',#2454,.T.);
#2454 = EDGE_LOOP('',(#2455,#2463,#2464,#2465));
#2455 = ORIENTED_EDGE('',*,*,#2456,.F.);
#2456 = EDGE_CURVE('',#2434,#2457,#2459,.T.);
#2457 = VERTEX_POINT('',#2458);
#2458 = CARTESIAN_POINT('',(111.16,-8.474744055837,18.529999903287));
#2459 = LINE('',#2460,#2461);
#2460 = CARTESIAN_POINT('',(111.16,-10.38000011167,15.23));
#2461 = VECTOR('',#2462,1.);
#2462 = DIRECTION('',(-6.398370469547E-16,0.50000004396,0.866025378404)
  );
#2463 = ORIENTED_EDGE('',*,*,#2442,.F.);
#2464 = ORIENTED_EDGE('',*,*,#1291,.F.);
#2465 = ORIENTED_EDGE('',*,*,#2466,.F.);
#2466 = EDGE_CURVE('',#2457,#1284,#2467,.T.);
#2467 = LINE('',#2468,#2469);
#2468 = CARTESIAN_POINT('',(111.16,-8.474744055837,18.529999903287));
#2469 = VECTOR('',#2470,1.);
#2470 = DIRECTION('',(1.,4.17792436293E-16,4.976076004103E-16));
#2471 = PLANE('',#2472);
#2472 = AXIS2_PLACEMENT_3D('',#2473,#2474,#2475);
#2473 = CARTESIAN_POINT('',(111.16,-10.38000011167,15.23));
#2474 = DIRECTION('',(1.130150306549E-16,-0.866025378404,0.50000004396)
  );
#2475 = DIRECTION('',(-6.398370469547E-16,0.50000004396,0.866025378404)
  );
#2476 = ADVANCED_FACE('',(#2477),#2488,.T.);
#2477 = FACE_BOUND('',#2478,.T.);
#2478 = EDGE_LOOP('',(#2479,#2485,#2486,#2487));
#2479 = ORIENTED_EDGE('',*,*,#2480,.F.);
#2480 = EDGE_CURVE('',#2457,#2270,#2481,.T.);
#2481 = LINE('',#2482,#2483);
#2482 = CARTESIAN_POINT('',(111.16,-8.474744055837,18.529999903287));
#2483 = VECTOR('',#2484,1.);
#2484 = DIRECTION('',(4.177924110341E-16,-1.,5.076069542476E-08));
#2485 = ORIENTED_EDGE('',*,*,#2466,.T.);
#2486 = ORIENTED_EDGE('',*,*,#1283,.F.);
#2487 = ORIENTED_EDGE('',*,*,#2269,.T.);
#2488 = PLANE('',#2489);
#2489 = AXIS2_PLACEMENT_3D('',#2490,#2491,#2492);
#2490 = CARTESIAN_POINT('',(111.16,-8.474744055837,18.529999903287));
#2491 = DIRECTION('',(4.976076216177E-16,-5.076069542476E-08,-1.));
#2492 = DIRECTION('',(4.177924110341E-16,-1.,5.076069542476E-08));
#2493 = ADVANCED_FACE('',(#2494),#2529,.F.);
#2494 = FACE_BOUND('',#2495,.F.);
#2495 = EDGE_LOOP('',(#2496,#2504,#2513,#2522,#2528));
#2496 = ORIENTED_EDGE('',*,*,#2497,.T.);
#2497 = EDGE_CURVE('',#1352,#2498,#2500,.T.);
#2498 = VERTEX_POINT('',#2499);
#2499 = CARTESIAN_POINT('',(111.05,14.332016539229,18.529999944568));
#2500 = LINE('',#2501,#2502);
#2501 = CARTESIAN_POINT('',(111.05,14.332016539229,18.529999944568));
#2502 = VECTOR('',#2503,1.);
#2503 = DIRECTION('',(-1.,-4.17792436293E-16,-4.976076004103E-16));
#2504 = ORIENTED_EDGE('',*,*,#2505,.T.);
#2505 = EDGE_CURVE('',#2498,#2506,#2508,.T.);
#2506 = VERTEX_POINT('',#2507);
#2507 = CARTESIAN_POINT('',(111.05,12.465,18.772339375866));
#2508 = CIRCLE('',#2509,1.55);
#2509 = AXIS2_PLACEMENT_3D('',#2510,#2511,#2512);
#2510 = CARTESIAN_POINT('',(111.05,13.24,17.43));
#2511 = DIRECTION('',(1.,4.17792436293E-16,4.976076004103E-16));
#2512 = DIRECTION('',(-2.22044604925E-16,-0.5,0.866025403784));
#2513 = ORIENTED_EDGE('',*,*,#2514,.T.);
#2514 = EDGE_CURVE('',#2506,#2515,#2517,.T.);
#2515 = VERTEX_POINT('',#2516);
#2516 = CARTESIAN_POINT('',(111.05,12.147983572445,18.530000055432));
#2517 = CIRCLE('',#2518,1.55);
#2518 = AXIS2_PLACEMENT_3D('',#2519,#2520,#2521);
#2519 = CARTESIAN_POINT('',(111.05,13.24,17.43));
#2520 = DIRECTION('',(1.,4.17792436293E-16,4.976076004103E-16));
#2521 = DIRECTION('',(-2.22044604925E-16,-0.5,0.866025403784));
#2522 = ORIENTED_EDGE('',*,*,#2523,.F.);
#2523 = EDGE_CURVE('',#1350,#2515,#2524,.T.);
#2524 = LINE('',#2525,#2526);
#2525 = CARTESIAN_POINT('',(111.05,12.147983572445,18.530000055432));
#2526 = VECTOR('',#2527,1.);
#2527 = DIRECTION('',(-1.,-4.17792436293E-16,-4.976076004103E-16));
#2528 = ORIENTED_EDGE('',*,*,#1349,.T.);
#2529 = CYLINDRICAL_SURFACE('',#2530,1.55);
#2530 = AXIS2_PLACEMENT_3D('',#2531,#2532,#2533);
#2531 = CARTESIAN_POINT('',(111.05,13.24,17.43));
#2532 = DIRECTION('',(-1.,-4.17792436293E-16,-4.976076004103E-16));
#2533 = DIRECTION('',(-2.22044604925E-16,-0.5,0.866025403784));
#2534 = ADVANCED_FACE('',(#2535),#2553,.T.);
#2535 = FACE_BOUND('',#2536,.T.);
#2536 = EDGE_LOOP('',(#2537,#2545,#2546,#2547));
#2537 = ORIENTED_EDGE('',*,*,#2538,.F.);
#2538 = EDGE_CURVE('',#2515,#2539,#2541,.T.);
#2539 = VERTEX_POINT('',#2540);
#2540 = CARTESIAN_POINT('',(111.05,11.334744167512,18.530000096713));
#2541 = LINE('',#2542,#2543);
#2542 = CARTESIAN_POINT('',(111.05,15.145255944163,18.529999903287));
#2543 = VECTOR('',#2544,1.);
#2544 = DIRECTION('',(4.177924110341E-16,-1.,5.076069542476E-08));
#2545 = ORIENTED_EDGE('',*,*,#2523,.F.);
#2546 = ORIENTED_EDGE('',*,*,#1418,.F.);
#2547 = ORIENTED_EDGE('',*,*,#2548,.F.);
#2548 = EDGE_CURVE('',#2539,#1411,#2549,.T.);
#2549 = LINE('',#2550,#2551);
#2550 = CARTESIAN_POINT('',(111.05,11.334744167512,18.530000096713));
#2551 = VECTOR('',#2552,1.);
#2552 = DIRECTION('',(1.,4.17792436293E-16,4.976076004103E-16));
#2553 = PLANE('',#2554);
#2554 = AXIS2_PLACEMENT_3D('',#2555,#2556,#2557);
#2555 = CARTESIAN_POINT('',(111.05,15.145255944163,18.529999903287));
#2556 = DIRECTION('',(4.976076216177E-16,-5.076069542476E-08,-1.));
#2557 = DIRECTION('',(4.177924110341E-16,-1.,5.076069542476E-08));
#2558 = ADVANCED_FACE('',(#2559),#2577,.T.);
#2559 = FACE_BOUND('',#2560,.T.);
#2560 = EDGE_LOOP('',(#2561,#2569,#2575,#2576));
#2561 = ORIENTED_EDGE('',*,*,#2562,.F.);
#2562 = EDGE_CURVE('',#2563,#2498,#2565,.T.);
#2563 = VERTEX_POINT('',#2564);
#2564 = CARTESIAN_POINT('',(111.05,15.145255944163,18.529999903287));
#2565 = LINE('',#2566,#2567);
#2566 = CARTESIAN_POINT('',(111.05,15.145255944163,18.529999903287));
#2567 = VECTOR('',#2568,1.);
#2568 = DIRECTION('',(4.177924110341E-16,-1.,5.076069542476E-08));
#2569 = ORIENTED_EDGE('',*,*,#2570,.T.);
#2570 = EDGE_CURVE('',#2563,#1361,#2571,.T.);
#2571 = LINE('',#2572,#2573);
#2572 = CARTESIAN_POINT('',(111.05,15.145255944163,18.529999903287));
#2573 = VECTOR('',#2574,1.);
#2574 = DIRECTION('',(1.,4.17792436293E-16,4.976076004103E-16));
#2575 = ORIENTED_EDGE('',*,*,#1360,.F.);
#2576 = ORIENTED_EDGE('',*,*,#2497,.T.);
#2577 = PLANE('',#2578);
#2578 = AXIS2_PLACEMENT_3D('',#2579,#2580,#2581);
#2579 = CARTESIAN_POINT('',(111.05,15.145255944163,18.529999903287));
#2580 = DIRECTION('',(4.976076216177E-16,-5.076069542476E-08,-1.));
#2581 = DIRECTION('',(4.177924110341E-16,-1.,5.076069542476E-08));
#2582 = ADVANCED_FACE('',(#2583),#2601,.T.);
#2583 = FACE_BOUND('',#2584,.T.);
#2584 = EDGE_LOOP('',(#2585,#2593,#2594,#2595));
#2585 = ORIENTED_EDGE('',*,*,#2586,.F.);
#2586 = EDGE_CURVE('',#2539,#2587,#2589,.T.);
#2587 = VERTEX_POINT('',#2588);
#2588 = CARTESIAN_POINT('',(111.05,11.741363834228,17.825714092041));
#2589 = LINE('',#2590,#2591);
#2590 = CARTESIAN_POINT('',(111.05,11.334744167512,18.530000096713));
#2591 = VECTOR('',#2592,1.);
#2592 = DIRECTION('',(2.220446359209E-16,0.49999995604,-0.866025429165)
  );
#2593 = ORIENTED_EDGE('',*,*,#2548,.T.);
#2594 = ORIENTED_EDGE('',*,*,#1410,.F.);
#2595 = ORIENTED_EDGE('',*,*,#2596,.T.);
#2596 = EDGE_CURVE('',#1402,#2587,#2597,.T.);
#2597 = LINE('',#2598,#2599);
#2598 = CARTESIAN_POINT('',(111.05,11.741363834228,17.825714092041));
#2599 = VECTOR('',#2600,1.);
#2600 = DIRECTION('',(-1.,-4.17792436293E-16,-4.976076004103E-16));
#2601 = PLANE('',#2602);
#2602 = AXIS2_PLACEMENT_3D('',#2603,#2604,#2605);
#2603 = CARTESIAN_POINT('',(111.05,11.334744167512,18.530000096713));
#2604 = DIRECTION('',(-6.106226522726E-16,0.866025429165,0.49999995604)
  );
#2605 = DIRECTION('',(2.220446359209E-16,0.49999995604,-0.866025429165)
  );
#2606 = ADVANCED_FACE('',(#2607),#2625,.T.);
#2607 = FACE_BOUND('',#2608,.T.);
#2608 = EDGE_LOOP('',(#2609,#2617,#2623,#2624));
#2609 = ORIENTED_EDGE('',*,*,#2610,.F.);
#2610 = EDGE_CURVE('',#2611,#2563,#2613,.T.);
#2611 = VERTEX_POINT('',#2612);
#2612 = CARTESIAN_POINT('',(111.05,14.738636205945,17.825713939896));
#2613 = LINE('',#2614,#2615);
#2614 = CARTESIAN_POINT('',(111.05,13.239999888326,15.23));
#2615 = VECTOR('',#2616,1.);
#2616 = DIRECTION('',(-6.398370469547E-16,0.50000004396,0.866025378404)
  );
#2617 = ORIENTED_EDGE('',*,*,#2618,.F.);
#2618 = EDGE_CURVE('',#1369,#2611,#2619,.T.);
#2619 = LINE('',#2620,#2621);
#2620 = CARTESIAN_POINT('',(111.05,14.738636205945,17.825713939896));
#2621 = VECTOR('',#2622,1.);
#2622 = DIRECTION('',(-1.,-4.17792436293E-16,-4.976076004103E-16));
#2623 = ORIENTED_EDGE('',*,*,#1368,.F.);
#2624 = ORIENTED_EDGE('',*,*,#2570,.F.);
#2625 = PLANE('',#2626);
#2626 = AXIS2_PLACEMENT_3D('',#2627,#2628,#2629);
#2627 = CARTESIAN_POINT('',(111.05,13.239999888326,15.23));
#2628 = DIRECTION('',(1.130150306549E-16,-0.866025378404,0.50000004396)
  );
#2629 = DIRECTION('',(-6.398370469547E-16,0.50000004396,0.866025378404)
  );
#2630 = ADVANCED_FACE('',(#2631),#2650,.F.);
#2631 = FACE_BOUND('',#2632,.F.);
#2632 = EDGE_LOOP('',(#2633,#2641,#2642,#2643));
#2633 = ORIENTED_EDGE('',*,*,#2634,.F.);
#2634 = EDGE_CURVE('',#1394,#2635,#2637,.T.);
#2635 = VERTEX_POINT('',#2636);
#2636 = CARTESIAN_POINT('',(111.05,12.833380221609,15.934286004671));
#2637 = LINE('',#2638,#2639);
#2638 = CARTESIAN_POINT('',(111.05,12.833380221609,15.934286004671));
#2639 = VECTOR('',#2640,1.);
#2640 = DIRECTION('',(-1.,-4.17792436293E-16,-4.976076004103E-16));
#2641 = ORIENTED_EDGE('',*,*,#1401,.T.);
#2642 = ORIENTED_EDGE('',*,*,#2596,.T.);
#2643 = ORIENTED_EDGE('',*,*,#2644,.T.);
#2644 = EDGE_CURVE('',#2587,#2635,#2645,.T.);
#2645 = CIRCLE('',#2646,1.55);
#2646 = AXIS2_PLACEMENT_3D('',#2647,#2648,#2649);
#2647 = CARTESIAN_POINT('',(111.05,13.24,17.43));
#2648 = DIRECTION('',(1.,4.17792436293E-16,4.976076004103E-16));
#2649 = DIRECTION('',(-2.22044604925E-16,-0.5,0.866025403784));
#2650 = CYLINDRICAL_SURFACE('',#2651,1.55);
#2651 = AXIS2_PLACEMENT_3D('',#2652,#2653,#2654);
#2652 = CARTESIAN_POINT('',(111.05,13.24,17.43));
#2653 = DIRECTION('',(-1.,-4.17792436293E-16,-4.976076004103E-16));
#2654 = DIRECTION('',(-2.22044604925E-16,-0.5,0.866025403784));
#2655 = ADVANCED_FACE('',(#2656),#2675,.F.);
#2656 = FACE_BOUND('',#2657,.F.);
#2657 = EDGE_LOOP('',(#2658,#2659,#2667,#2674));
#2658 = ORIENTED_EDGE('',*,*,#1376,.T.);
#2659 = ORIENTED_EDGE('',*,*,#2660,.T.);
#2660 = EDGE_CURVE('',#1377,#2661,#2663,.T.);
#2661 = VERTEX_POINT('',#2662);
#2662 = CARTESIAN_POINT('',(111.05,13.646619626543,15.934285963391));
#2663 = LINE('',#2664,#2665);
#2664 = CARTESIAN_POINT('',(111.05,13.646619626543,15.934285963391));
#2665 = VECTOR('',#2666,1.);
#2666 = DIRECTION('',(-1.,-4.17792436293E-16,-4.976076004103E-16));
#2667 = ORIENTED_EDGE('',*,*,#2668,.T.);
#2668 = EDGE_CURVE('',#2661,#2611,#2669,.T.);
#2669 = CIRCLE('',#2670,1.55);
#2670 = AXIS2_PLACEMENT_3D('',#2671,#2672,#2673);
#2671 = CARTESIAN_POINT('',(111.05,13.24,17.43));
#2672 = DIRECTION('',(1.,4.17792436293E-16,4.976076004103E-16));
#2673 = DIRECTION('',(-2.22044604925E-16,-0.5,0.866025403784));
#2674 = ORIENTED_EDGE('',*,*,#2618,.F.);
#2675 = CYLINDRICAL_SURFACE('',#2676,1.55);
#2676 = AXIS2_PLACEMENT_3D('',#2677,#2678,#2679);
#2677 = CARTESIAN_POINT('',(111.05,13.24,17.43));
#2678 = DIRECTION('',(-1.,-4.17792436293E-16,-4.976076004103E-16));
#2679 = DIRECTION('',(-2.22044604925E-16,-0.5,0.866025403784));
#2680 = ADVANCED_FACE('',(#2681),#2699,.T.);
#2681 = FACE_BOUND('',#2682,.T.);
#2682 = EDGE_LOOP('',(#2683,#2691,#2692,#2693));
#2683 = ORIENTED_EDGE('',*,*,#2684,.F.);
#2684 = EDGE_CURVE('',#2635,#2685,#2687,.T.);
#2685 = VERTEX_POINT('',#2686);
#2686 = CARTESIAN_POINT('',(111.05,13.239999888326,15.23));
#2687 = LINE('',#2688,#2689);
#2688 = CARTESIAN_POINT('',(111.05,11.334744167512,18.530000096713));
#2689 = VECTOR('',#2690,1.);
#2690 = DIRECTION('',(2.220446359209E-16,0.49999995604,-0.866025429165)
  );
#2691 = ORIENTED_EDGE('',*,*,#2634,.F.);
#2692 = ORIENTED_EDGE('',*,*,#1393,.F.);
#2693 = ORIENTED_EDGE('',*,*,#2694,.F.);
#2694 = EDGE_CURVE('',#2685,#1386,#2695,.T.);
#2695 = LINE('',#2696,#2697);
#2696 = CARTESIAN_POINT('',(111.05,13.239999888326,15.23));
#2697 = VECTOR('',#2698,1.);
#2698 = DIRECTION('',(1.,4.17792436293E-16,4.976076004103E-16));
#2699 = PLANE('',#2700);
#2700 = AXIS2_PLACEMENT_3D('',#2701,#2702,#2703);
#2701 = CARTESIAN_POINT('',(111.05,11.334744167512,18.530000096713));
#2702 = DIRECTION('',(-6.106226522726E-16,0.866025429165,0.49999995604)
  );
#2703 = DIRECTION('',(2.220446359209E-16,0.49999995604,-0.866025429165)
  );
#2704 = ADVANCED_FACE('',(#2705),#2716,.T.);
#2705 = FACE_BOUND('',#2706,.T.);
#2706 = EDGE_LOOP('',(#2707,#2713,#2714,#2715));
#2707 = ORIENTED_EDGE('',*,*,#2708,.F.);
#2708 = EDGE_CURVE('',#2685,#2661,#2709,.T.);
#2709 = LINE('',#2710,#2711);
#2710 = CARTESIAN_POINT('',(111.05,13.239999888326,15.23));
#2711 = VECTOR('',#2712,1.);
#2712 = DIRECTION('',(-6.398370469547E-16,0.50000004396,0.866025378404)
  );
#2713 = ORIENTED_EDGE('',*,*,#2694,.T.);
#2714 = ORIENTED_EDGE('',*,*,#1385,.F.);
#2715 = ORIENTED_EDGE('',*,*,#2660,.T.);
#2716 = PLANE('',#2717);
#2717 = AXIS2_PLACEMENT_3D('',#2718,#2719,#2720);
#2718 = CARTESIAN_POINT('',(111.05,13.239999888326,15.23));
#2719 = DIRECTION('',(1.130150306549E-16,-0.866025378404,0.50000004396)
  );
#2720 = DIRECTION('',(-6.398370469547E-16,0.50000004396,0.866025378404)
  );
#2721 = ADVANCED_FACE('',(#2722),#2757,.F.);
#2722 = FACE_BOUND('',#2723,.F.);
#2723 = EDGE_LOOP('',(#2724,#2732,#2741,#2750,#2756));
#2724 = ORIENTED_EDGE('',*,*,#2725,.T.);
#2725 = EDGE_CURVE('',#1429,#2726,#2728,.T.);
#2726 = VERTEX_POINT('',#2727);
#2727 = CARTESIAN_POINT('',(110.98,-34.20298346077,18.659903755136));
#2728 = LINE('',#2729,#2730);
#2729 = CARTESIAN_POINT('',(110.98,-34.20298346077,18.659903755136));
#2730 = VECTOR('',#2731,1.);
#2731 = DIRECTION('',(-1.,-3.319989901625E-17,-2.755629954852E-16));
#2732 = ORIENTED_EDGE('',*,*,#2733,.T.);
#2733 = EDGE_CURVE('',#2726,#2734,#2736,.T.);
#2734 = VERTEX_POINT('',#2735);
#2735 = CARTESIAN_POINT('',(110.98,-36.07,18.902243186434));
#2736 = CIRCLE('',#2737,1.55);
#2737 = AXIS2_PLACEMENT_3D('',#2738,#2739,#2740);
#2738 = CARTESIAN_POINT('',(110.98,-35.295,17.559903810568));
#2739 = DIRECTION('',(1.,3.319989901625E-17,2.755629954852E-16));
#2740 = DIRECTION('',(-2.22044604925E-16,-0.5,0.866025403784));
#2741 = ORIENTED_EDGE('',*,*,#2742,.T.);
#2742 = EDGE_CURVE('',#2734,#2743,#2745,.T.);
#2743 = VERTEX_POINT('',#2744);
#2744 = CARTESIAN_POINT('',(110.98,-36.38701642755,18.659903866));
#2745 = CIRCLE('',#2746,1.55);
#2746 = AXIS2_PLACEMENT_3D('',#2747,#2748,#2749);
#2747 = CARTESIAN_POINT('',(110.98,-35.295,17.559903810568));
#2748 = DIRECTION('',(1.,3.319989901625E-17,2.755629954852E-16));
#2749 = DIRECTION('',(-2.22044604925E-16,-0.5,0.866025403784));
#2750 = ORIENTED_EDGE('',*,*,#2751,.F.);
#2751 = EDGE_CURVE('',#1427,#2743,#2752,.T.);
#2752 = LINE('',#2753,#2754);
#2753 = CARTESIAN_POINT('',(110.98,-36.38701642755,18.659903866));
#2754 = VECTOR('',#2755,1.);
#2755 = DIRECTION('',(-1.,-3.319989901625E-17,-2.755629954852E-16));
#2756 = ORIENTED_EDGE('',*,*,#1426,.T.);
#2757 = CYLINDRICAL_SURFACE('',#2758,1.55);
#2758 = AXIS2_PLACEMENT_3D('',#2759,#2760,#2761);
#2759 = CARTESIAN_POINT('',(110.98,-35.295,17.559903810568));
#2760 = DIRECTION('',(-1.,-3.319989901625E-17,-2.755629954852E-16));
#2761 = DIRECTION('',(-2.22044604925E-16,-0.5,0.866025403784));
#2762 = ADVANCED_FACE('',(#2763),#2781,.T.);
#2763 = FACE_BOUND('',#2764,.T.);
#2764 = EDGE_LOOP('',(#2765,#2773,#2774,#2775));
#2765 = ORIENTED_EDGE('',*,*,#2766,.F.);
#2766 = EDGE_CURVE('',#2743,#2767,#2769,.T.);
#2767 = VERTEX_POINT('',#2768);
#2768 = CARTESIAN_POINT('',(110.98,-37.20025583248,18.659903907281));
#2769 = LINE('',#2770,#2771);
#2770 = CARTESIAN_POINT('',(110.98,-33.38974405583,18.659903713855));
#2771 = VECTOR('',#2772,1.);
#2772 = DIRECTION('',(3.319988502848E-17,-1.,5.07606956468E-08));
#2773 = ORIENTED_EDGE('',*,*,#2751,.F.);
#2774 = ORIENTED_EDGE('',*,*,#1495,.F.);
#2775 = ORIENTED_EDGE('',*,*,#2776,.F.);
#2776 = EDGE_CURVE('',#2767,#1488,#2777,.T.);
#2777 = LINE('',#2778,#2779);
#2778 = CARTESIAN_POINT('',(110.98,-37.20025583248,18.659903907281));
#2779 = VECTOR('',#2780,1.);
#2780 = DIRECTION('',(1.,3.319989901625E-17,2.755629954852E-16));
#2781 = PLANE('',#2782);
#2782 = AXIS2_PLACEMENT_3D('',#2783,#2784,#2785);
#2783 = CARTESIAN_POINT('',(110.98,-33.38974405583,18.659903713855));
#2784 = DIRECTION('',(2.755629971705E-16,-5.07606956468E-08,-1.));
#2785 = DIRECTION('',(3.319988502848E-17,-1.,5.07606956468E-08));
#2786 = ADVANCED_FACE('',(#2787),#2805,.T.);
#2787 = FACE_BOUND('',#2788,.T.);
#2788 = EDGE_LOOP('',(#2789,#2797,#2803,#2804));
#2789 = ORIENTED_EDGE('',*,*,#2790,.F.);
#2790 = EDGE_CURVE('',#2791,#2726,#2793,.T.);
#2791 = VERTEX_POINT('',#2792);
#2792 = CARTESIAN_POINT('',(110.98,-33.38974405583,18.659903713855));
#2793 = LINE('',#2794,#2795);
#2794 = CARTESIAN_POINT('',(110.98,-33.38974405583,18.659903713855));
#2795 = VECTOR('',#2796,1.);
#2796 = DIRECTION('',(3.319988502848E-17,-1.,5.07606956468E-08));
#2797 = ORIENTED_EDGE('',*,*,#2798,.T.);
#2798 = EDGE_CURVE('',#2791,#1438,#2799,.T.);
#2799 = LINE('',#2800,#2801);
#2800 = CARTESIAN_POINT('',(110.98,-33.38974405583,18.659903713855));
#2801 = VECTOR('',#2802,1.);
#2802 = DIRECTION('',(1.,3.319989901625E-17,2.755629954852E-16));
#2803 = ORIENTED_EDGE('',*,*,#1437,.F.);
#2804 = ORIENTED_EDGE('',*,*,#2725,.T.);
#2805 = PLANE('',#2806);
#2806 = AXIS2_PLACEMENT_3D('',#2807,#2808,#2809);
#2807 = CARTESIAN_POINT('',(110.98,-33.38974405583,18.659903713855));
#2808 = DIRECTION('',(2.755629971705E-16,-5.07606956468E-08,-1.));
#2809 = DIRECTION('',(3.319988502848E-17,-1.,5.07606956468E-08));
#2810 = ADVANCED_FACE('',(#2811),#2829,.T.);
#2811 = FACE_BOUND('',#2812,.T.);
#2812 = EDGE_LOOP('',(#2813,#2821,#2822,#2823));
#2813 = ORIENTED_EDGE('',*,*,#2814,.F.);
#2814 = EDGE_CURVE('',#2767,#2815,#2817,.T.);
#2815 = VERTEX_POINT('',#2816);
#2816 = CARTESIAN_POINT('',(110.98,-36.79363616577,17.955617902609));
#2817 = LINE('',#2818,#2819);
#2818 = CARTESIAN_POINT('',(110.98,-37.20025583248,18.659903907281));
#2819 = VECTOR('',#2820,1.);
#2820 = DIRECTION('',(2.220446133784E-16,0.49999995604,-0.866025429165)
  );
#2821 = ORIENTED_EDGE('',*,*,#2776,.T.);
#2822 = ORIENTED_EDGE('',*,*,#1487,.F.);
#2823 = ORIENTED_EDGE('',*,*,#2824,.T.);
#2824 = EDGE_CURVE('',#1479,#2815,#2825,.T.);
#2825 = LINE('',#2826,#2827);
#2826 = CARTESIAN_POINT('',(110.98,-36.79363616577,17.955617902609));
#2827 = VECTOR('',#2828,1.);
#2828 = DIRECTION('',(-1.,-3.319989901625E-17,-2.755629954852E-16));
#2829 = PLANE('',#2830);
#2830 = AXIS2_PLACEMENT_3D('',#2831,#2832,#2833);
#2831 = CARTESIAN_POINT('',(110.98,-37.20025583248,18.659903907281));
#2832 = DIRECTION('',(-1.665334424226E-16,0.866025429165,0.49999995604)
  );
#2833 = DIRECTION('',(2.220446133784E-16,0.49999995604,-0.866025429165)
  );
#2834 = ADVANCED_FACE('',(#2835),#2853,.T.);
#2835 = FACE_BOUND('',#2836,.T.);
#2836 = EDGE_LOOP('',(#2837,#2845,#2851,#2852));
#2837 = ORIENTED_EDGE('',*,*,#2838,.F.);
#2838 = EDGE_CURVE('',#2839,#2791,#2841,.T.);
#2839 = VERTEX_POINT('',#2840);
#2840 = CARTESIAN_POINT('',(110.98,-33.79636379405,17.955617750464));
#2841 = LINE('',#2842,#2843);
#2842 = CARTESIAN_POINT('',(110.98,-35.29500011167,15.359903810567));
#2843 = VECTOR('',#2844,1.);
#2844 = DIRECTION('',(-2.552444984069E-16,0.50000004396,0.866025378404)
  );
#2845 = ORIENTED_EDGE('',*,*,#2846,.F.);
#2846 = EDGE_CURVE('',#1446,#2839,#2847,.T.);
#2847 = LINE('',#2848,#2849);
#2848 = CARTESIAN_POINT('',(110.98,-33.79636379405,17.955617750464));
#2849 = VECTOR('',#2850,1.);
#2850 = DIRECTION('',(-1.,-3.319989901625E-17,-2.755629954852E-16));
#2851 = ORIENTED_EDGE('',*,*,#1445,.F.);
#2852 = ORIENTED_EDGE('',*,*,#2798,.F.);
#2853 = PLANE('',#2854);
#2854 = AXIS2_PLACEMENT_3D('',#2855,#2856,#2857);
#2855 = CARTESIAN_POINT('',(110.98,-35.29500011167,15.359903810567));
#2856 = DIRECTION('',(-1.090295547479E-16,-0.866025378404,0.50000004396)
  );
#2857 = DIRECTION('',(-2.552444984069E-16,0.50000004396,0.866025378404)
  );
#2858 = ADVANCED_FACE('',(#2859),#2878,.F.);
#2859 = FACE_BOUND('',#2860,.F.);
#2860 = EDGE_LOOP('',(#2861,#2869,#2870,#2871));
#2861 = ORIENTED_EDGE('',*,*,#2862,.F.);
#2862 = EDGE_CURVE('',#1471,#2863,#2865,.T.);
#2863 = VERTEX_POINT('',#2864);
#2864 = CARTESIAN_POINT('',(110.98,-35.70161977839,16.064189815239));
#2865 = LINE('',#2866,#2867);
#2866 = CARTESIAN_POINT('',(110.98,-35.70161977839,16.064189815239));
#2867 = VECTOR('',#2868,1.);
#2868 = DIRECTION('',(-1.,-3.319989901625E-17,-2.755629954852E-16));
#2869 = ORIENTED_EDGE('',*,*,#1478,.T.);
#2870 = ORIENTED_EDGE('',*,*,#2824,.T.);
#2871 = ORIENTED_EDGE('',*,*,#2872,.T.);
#2872 = EDGE_CURVE('',#2815,#2863,#2873,.T.);
#2873 = CIRCLE('',#2874,1.55);
#2874 = AXIS2_PLACEMENT_3D('',#2875,#2876,#2877);
#2875 = CARTESIAN_POINT('',(110.98,-35.295,17.559903810568));
#2876 = DIRECTION('',(1.,3.319989901625E-17,2.755629954852E-16));
#2877 = DIRECTION('',(-2.22044604925E-16,-0.5,0.866025403784));
#2878 = CYLINDRICAL_SURFACE('',#2879,1.55);
#2879 = AXIS2_PLACEMENT_3D('',#2880,#2881,#2882);
#2880 = CARTESIAN_POINT('',(110.98,-35.295,17.559903810568));
#2881 = DIRECTION('',(-1.,-3.319989901625E-17,-2.755629954852E-16));
#2882 = DIRECTION('',(-2.22044604925E-16,-0.5,0.866025403784));
#2883 = ADVANCED_FACE('',(#2884),#2903,.F.);
#2884 = FACE_BOUND('',#2885,.F.);
#2885 = EDGE_LOOP('',(#2886,#2887,#2895,#2902));
#2886 = ORIENTED_EDGE('',*,*,#1453,.T.);
#2887 = ORIENTED_EDGE('',*,*,#2888,.T.);
#2888 = EDGE_CURVE('',#1454,#2889,#2891,.T.);
#2889 = VERTEX_POINT('',#2890);
#2890 = CARTESIAN_POINT('',(110.98,-34.88838037345,16.064189773958));
#2891 = LINE('',#2892,#2893);
#2892 = CARTESIAN_POINT('',(110.98,-34.88838037345,16.064189773958));
#2893 = VECTOR('',#2894,1.);
#2894 = DIRECTION('',(-1.,-3.319989901625E-17,-2.755629954852E-16));
#2895 = ORIENTED_EDGE('',*,*,#2896,.T.);
#2896 = EDGE_CURVE('',#2889,#2839,#2897,.T.);
#2897 = CIRCLE('',#2898,1.55);
#2898 = AXIS2_PLACEMENT_3D('',#2899,#2900,#2901);
#2899 = CARTESIAN_POINT('',(110.98,-35.295,17.559903810568));
#2900 = DIRECTION('',(1.,3.319989901625E-17,2.755629954852E-16));
#2901 = DIRECTION('',(-2.22044604925E-16,-0.5,0.866025403784));
#2902 = ORIENTED_EDGE('',*,*,#2846,.F.);
#2903 = CYLINDRICAL_SURFACE('',#2904,1.55);
#2904 = AXIS2_PLACEMENT_3D('',#2905,#2906,#2907);
#2905 = CARTESIAN_POINT('',(110.98,-35.295,17.559903810568));
#2906 = DIRECTION('',(-1.,-3.319989901625E-17,-2.755629954852E-16));
#2907 = DIRECTION('',(-2.22044604925E-16,-0.5,0.866025403784));
#2908 = ADVANCED_FACE('',(#2909),#2927,.T.);
#2909 = FACE_BOUND('',#2910,.T.);
#2910 = EDGE_LOOP('',(#2911,#2919,#2920,#2921));
#2911 = ORIENTED_EDGE('',*,*,#2912,.F.);
#2912 = EDGE_CURVE('',#2863,#2913,#2915,.T.);
#2913 = VERTEX_POINT('',#2914);
#2914 = CARTESIAN_POINT('',(110.98,-35.29500011167,15.359903810567));
#2915 = LINE('',#2916,#2917);
#2916 = CARTESIAN_POINT('',(110.98,-37.20025583248,18.659903907281));
#2917 = VECTOR('',#2918,1.);
#2918 = DIRECTION('',(2.220446133784E-16,0.49999995604,-0.866025429165)
  );
#2919 = ORIENTED_EDGE('',*,*,#2862,.F.);
#2920 = ORIENTED_EDGE('',*,*,#1470,.F.);
#2921 = ORIENTED_EDGE('',*,*,#2922,.F.);
#2922 = EDGE_CURVE('',#2913,#1463,#2923,.T.);
#2923 = LINE('',#2924,#2925);
#2924 = CARTESIAN_POINT('',(110.98,-35.29500011167,15.359903810567));
#2925 = VECTOR('',#2926,1.);
#2926 = DIRECTION('',(1.,3.319989901625E-17,2.755629954852E-16));
#2927 = PLANE('',#2928);
#2928 = AXIS2_PLACEMENT_3D('',#2929,#2930,#2931);
#2929 = CARTESIAN_POINT('',(110.98,-37.20025583248,18.659903907281));
#2930 = DIRECTION('',(-1.665334424226E-16,0.866025429165,0.49999995604)
  );
#2931 = DIRECTION('',(2.220446133784E-16,0.49999995604,-0.866025429165)
  );
#2932 = ADVANCED_FACE('',(#2933),#2944,.T.);
#2933 = FACE_BOUND('',#2934,.T.);
#2934 = EDGE_LOOP('',(#2935,#2941,#2942,#2943));
#2935 = ORIENTED_EDGE('',*,*,#2936,.F.);
#2936 = EDGE_CURVE('',#2913,#2889,#2937,.T.);
#2937 = LINE('',#2938,#2939);
#2938 = CARTESIAN_POINT('',(110.98,-35.29500011167,15.359903810567));
#2939 = VECTOR('',#2940,1.);
#2940 = DIRECTION('',(-2.552444984069E-16,0.50000004396,0.866025378404)
  );
#2941 = ORIENTED_EDGE('',*,*,#2922,.T.);
#2942 = ORIENTED_EDGE('',*,*,#1462,.F.);
#2943 = ORIENTED_EDGE('',*,*,#2888,.T.);
#2944 = PLANE('',#2945);
#2945 = AXIS2_PLACEMENT_3D('',#2946,#2947,#2948);
#2946 = CARTESIAN_POINT('',(110.98,-35.29500011167,15.359903810567));
#2947 = DIRECTION('',(-1.090295547479E-16,-0.866025378404,0.50000004396)
  );
#2948 = DIRECTION('',(-2.552444984069E-16,0.50000004396,0.866025378404)
  );
#2949 = ADVANCED_FACE('',(#2950,#2953),#3030,.F.);
#2950 = FACE_BOUND('',#2951,.F.);
#2951 = EDGE_LOOP('',(#2952));
#2952 = ORIENTED_EDGE('',*,*,#1682,.T.);
#2953 = FACE_BOUND('',#2954,.F.);
#2954 = EDGE_LOOP('',(#2955,#2966,#2974,#2982,#2991,#2999,#3007,#3016,
    #3024));
#2955 = ORIENTED_EDGE('',*,*,#2956,.T.);
#2956 = EDGE_CURVE('',#2957,#2959,#2961,.T.);
#2957 = VERTEX_POINT('',#2958);
#2958 = CARTESIAN_POINT('',(48.284286060103,19.808636205946,5.305));
#2959 = VERTEX_POINT('',#2960);
#2960 = CARTESIAN_POINT('',(50.175714036609,18.716619626543,5.305));
#2961 = CIRCLE('',#2962,1.55);
#2962 = AXIS2_PLACEMENT_3D('',#2963,#2964,#2965);
#2963 = CARTESIAN_POINT('',(48.68,18.31,5.305));
#2964 = DIRECTION('',(-2.E-16,8.E-16,-1.));
#2965 = DIRECTION('',(7.8E-16,1.,8.E-16));
#2966 = ORIENTED_EDGE('',*,*,#2967,.T.);
#2967 = EDGE_CURVE('',#2959,#2968,#2970,.T.);
#2968 = VERTEX_POINT('',#2969);
#2969 = CARTESIAN_POINT('',(50.88,18.309999888326,5.305));
#2970 = LINE('',#2971,#2972);
#2971 = CARTESIAN_POINT('',(65.07071934341,10.116983294972,5.305));
#2972 = VECTOR('',#2973,1.);
#2973 = DIRECTION('',(0.866025378404,-0.50000004396,0.));
#2974 = ORIENTED_EDGE('',*,*,#2975,.T.);
#2975 = EDGE_CURVE('',#2968,#2976,#2978,.T.);
#2976 = VERTEX_POINT('',#2977);
#2977 = CARTESIAN_POINT('',(50.175713995328,17.903380221609,5.305));
#2978 = LINE('',#2979,#2980);
#2979 = CARTESIAN_POINT('',(51.758462409995,18.817180337755,5.305));
#2980 = VECTOR('',#2981,1.);
#2981 = DIRECTION('',(-0.866025429165,-0.49999995604,0.));
#2982 = ORIENTED_EDGE('',*,*,#2983,.T.);
#2983 = EDGE_CURVE('',#2976,#2984,#2986,.T.);
#2984 = VERTEX_POINT('',#2985);
#2985 = CARTESIAN_POINT('',(48.284285907959,16.811363834228,5.305));
#2986 = CIRCLE('',#2987,1.55);
#2987 = AXIS2_PLACEMENT_3D('',#2988,#2989,#2990);
#2988 = CARTESIAN_POINT('',(48.68,18.31,5.305));
#2989 = DIRECTION('',(-2.E-16,8.E-16,-1.));
#2990 = DIRECTION('',(7.8E-16,1.,8.E-16));
#2991 = ORIENTED_EDGE('',*,*,#2992,.T.);
#2992 = EDGE_CURVE('',#2984,#2993,#2995,.T.);
#2993 = VERTEX_POINT('',#2994);
#2994 = CARTESIAN_POINT('',(47.579999903287,16.404744167511,5.305));
#2995 = LINE('',#2996,#2997);
#2996 = CARTESIAN_POINT('',(51.758462409995,18.817180337755,5.305));
#2997 = VECTOR('',#2998,1.);
#2998 = DIRECTION('',(-0.866025429165,-0.49999995604,0.));
#2999 = ORIENTED_EDGE('',*,*,#3000,.T.);
#3000 = EDGE_CURVE('',#2993,#3001,#3003,.T.);
#3001 = VERTEX_POINT('',#3002);
#3002 = CARTESIAN_POINT('',(47.579999944568,17.217983572445,5.305));
#3003 = LINE('',#3004,#3005);
#3004 = CARTESIAN_POINT('',(47.579999364788,5.796213130323,5.305));
#3005 = VECTOR('',#3006,1.);
#3006 = DIRECTION('',(5.076101653E-08,1.,0.));
#3007 = ORIENTED_EDGE('',*,*,#3008,.T.);
#3008 = EDGE_CURVE('',#3001,#3009,#3011,.T.);
#3009 = VERTEX_POINT('',#3010);
#3010 = CARTESIAN_POINT('',(47.580000055432,19.402016539229,5.305));
#3011 = CIRCLE('',#3012,1.55);
#3012 = AXIS2_PLACEMENT_3D('',#3013,#3014,#3015);
#3013 = CARTESIAN_POINT('',(48.68,18.31,5.305));
#3014 = DIRECTION('',(-2.E-16,8.E-16,-1.));
#3015 = DIRECTION('',(7.8E-16,1.,8.E-16));
#3016 = ORIENTED_EDGE('',*,*,#3017,.T.);
#3017 = EDGE_CURVE('',#3009,#3018,#3020,.T.);
#3018 = VERTEX_POINT('',#3019);
#3019 = CARTESIAN_POINT('',(47.580000096713,20.215255944163,5.305));
#3020 = LINE('',#3021,#3022);
#3021 = CARTESIAN_POINT('',(47.579999364788,5.796213130323,5.305));
#3022 = VECTOR('',#3023,1.);
#3023 = DIRECTION('',(5.076101653E-08,1.,0.));
#3024 = ORIENTED_EDGE('',*,*,#3025,.T.);
#3025 = EDGE_CURVE('',#3018,#2957,#3026,.T.);
#3026 = LINE('',#3027,#3028);
#3027 = CARTESIAN_POINT('',(65.07071934341,10.116983294972,5.305));
#3028 = VECTOR('',#3029,1.);
#3029 = DIRECTION('',(0.866025378404,-0.50000004396,0.));
#3030 = PLANE('',#3031);
#3031 = AXIS2_PLACEMENT_3D('',#3032,#3033,#3034);
#3032 = CARTESIAN_POINT('',(73.172241490929,-8.622830982604,5.305));
#3033 = DIRECTION('',(0.,0.,1.));
#3034 = DIRECTION('',(1.,0.,0.));
#3035 = ADVANCED_FACE('',(#3036),#3048,.F.);
#3036 = FACE_BOUND('',#3037,.F.);
#3037 = EDGE_LOOP('',(#3038,#3039,#3040,#3041,#3042,#3043,#3044,#3045,
    #3046,#3047));
#3038 = ORIENTED_EDGE('',*,*,#1753,.T.);
#3039 = ORIENTED_EDGE('',*,*,#1777,.T.);
#3040 = ORIENTED_EDGE('',*,*,#1807,.T.);
#3041 = ORIENTED_EDGE('',*,*,#1826,.T.);
#3042 = ORIENTED_EDGE('',*,*,#1850,.T.);
#3043 = ORIENTED_EDGE('',*,*,#1872,.T.);
#3044 = ORIENTED_EDGE('',*,*,#1899,.T.);
#3045 = ORIENTED_EDGE('',*,*,#1923,.T.);
#3046 = ORIENTED_EDGE('',*,*,#1736,.T.);
#3047 = ORIENTED_EDGE('',*,*,#1727,.T.);
#3048 = PLANE('',#3049);
#3049 = AXIS2_PLACEMENT_3D('',#3050,#3051,#3052);
#3050 = CARTESIAN_POINT('',(97.691278347535,18.31362270296,12.13));
#3051 = DIRECTION('',(-1.E-30,-1.E-15,1.));
#3052 = DIRECTION('',(1.E-15,1.,1.E-15));
#3053 = ADVANCED_FACE('',(#3054,#3057),#3134,.F.);
#3054 = FACE_BOUND('',#3055,.F.);
#3055 = EDGE_LOOP('',(#3056));
#3056 = ORIENTED_EDGE('',*,*,#1977,.T.);
#3057 = FACE_BOUND('',#3058,.F.);
#3058 = EDGE_LOOP('',(#3059,#3070,#3078,#3086,#3095,#3103,#3111,#3120,
    #3128));
#3059 = ORIENTED_EDGE('',*,*,#3060,.T.);
#3060 = EDGE_CURVE('',#3061,#3063,#3065,.T.);
#3061 = VERTEX_POINT('',#3062);
#3062 = CARTESIAN_POINT('',(48.284286060103,-38.15136379405,5.305));
#3063 = VERTEX_POINT('',#3064);
#3064 = CARTESIAN_POINT('',(50.175714036609,-39.24338037345,5.305));
#3065 = CIRCLE('',#3066,1.55);
#3066 = AXIS2_PLACEMENT_3D('',#3067,#3068,#3069);
#3067 = CARTESIAN_POINT('',(48.68,-39.65,5.305));
#3068 = DIRECTION('',(-2.E-16,8.E-16,-1.));
#3069 = DIRECTION('',(7.8E-16,1.,8.E-16));
#3070 = ORIENTED_EDGE('',*,*,#3071,.T.);
#3071 = EDGE_CURVE('',#3063,#3072,#3074,.T.);
#3072 = VERTEX_POINT('',#3073);
#3073 = CARTESIAN_POINT('',(50.88,-39.65000011167,5.305));
#3074 = LINE('',#3075,#3076);
#3075 = CARTESIAN_POINT('',(52.522010507051,-40.59801543106,5.305));
#3076 = VECTOR('',#3077,1.);
#3077 = DIRECTION('',(0.866025378404,-0.50000004396,0.));
#3078 = ORIENTED_EDGE('',*,*,#3079,.T.);
#3079 = EDGE_CURVE('',#3072,#3080,#3082,.T.);
#3080 = VERTEX_POINT('',#3081);
#3081 = CARTESIAN_POINT('',(50.175713995328,-40.05661977839,5.305));
#3082 = LINE('',#3083,#3084);
#3083 = CARTESIAN_POINT('',(64.307169775308,-31.8978209362,5.305));
#3084 = VECTOR('',#3085,1.);
#3085 = DIRECTION('',(-0.866025429165,-0.49999995604,0.));
#3086 = ORIENTED_EDGE('',*,*,#3087,.T.);
#3087 = EDGE_CURVE('',#3080,#3088,#3090,.T.);
#3088 = VERTEX_POINT('',#3089);
#3089 = CARTESIAN_POINT('',(48.284285907959,-41.14863616577,5.305));
#3090 = CIRCLE('',#3091,1.55);
#3091 = AXIS2_PLACEMENT_3D('',#3092,#3093,#3094);
#3092 = CARTESIAN_POINT('',(48.68,-39.65,5.305));
#3093 = DIRECTION('',(-2.E-16,8.E-16,-1.));
#3094 = DIRECTION('',(7.8E-16,1.,8.E-16));
#3095 = ORIENTED_EDGE('',*,*,#3096,.T.);
#3096 = EDGE_CURVE('',#3088,#3097,#3099,.T.);
#3097 = VERTEX_POINT('',#3098);
#3098 = CARTESIAN_POINT('',(47.579999903287,-41.55525583248,5.305));
#3099 = LINE('',#3100,#3101);
#3100 = CARTESIAN_POINT('',(64.307169775308,-31.8978209362,5.305));
#3101 = VECTOR('',#3102,1.);
#3102 = DIRECTION('',(-0.866025429165,-0.49999995604,0.));
#3103 = ORIENTED_EDGE('',*,*,#3104,.T.);
#3104 = EDGE_CURVE('',#3097,#3105,#3107,.T.);
#3105 = VERTEX_POINT('',#3106);
#3106 = CARTESIAN_POINT('',(47.579999944568,-40.74201642755,5.305));
#3107 = LINE('',#3108,#3109);
#3108 = CARTESIAN_POINT('',(47.580000835842,-23.18378686967,5.305));
#3109 = VECTOR('',#3110,1.);
#3110 = DIRECTION('',(5.076101653E-08,1.,0.));
#3111 = ORIENTED_EDGE('',*,*,#3112,.T.);
#3112 = EDGE_CURVE('',#3105,#3113,#3115,.T.);
#3113 = VERTEX_POINT('',#3114);
#3114 = CARTESIAN_POINT('',(47.580000055432,-38.55798346077,5.305));
#3115 = CIRCLE('',#3116,1.55);
#3116 = AXIS2_PLACEMENT_3D('',#3117,#3118,#3119);
#3117 = CARTESIAN_POINT('',(48.68,-39.65,5.305));
#3118 = DIRECTION('',(-2.E-16,8.E-16,-1.));
#3119 = DIRECTION('',(7.8E-16,1.,8.E-16));
#3120 = ORIENTED_EDGE('',*,*,#3121,.T.);
#3121 = EDGE_CURVE('',#3113,#3122,#3124,.T.);
#3122 = VERTEX_POINT('',#3123);
#3123 = CARTESIAN_POINT('',(47.580000096713,-37.74474405583,5.305));
#3124 = LINE('',#3125,#3126);
#3125 = CARTESIAN_POINT('',(47.580000835842,-23.18378686967,5.305));
#3126 = VECTOR('',#3127,1.);
#3127 = DIRECTION('',(5.076101653E-08,1.,0.));
#3128 = ORIENTED_EDGE('',*,*,#3129,.T.);
#3129 = EDGE_CURVE('',#3122,#3061,#3130,.T.);
#3130 = LINE('',#3131,#3132);
#3131 = CARTESIAN_POINT('',(52.522010507051,-40.59801543106,5.305));
#3132 = VECTOR('',#3133,1.);
#3133 = DIRECTION('',(0.866025378404,-0.50000004396,0.));
#3134 = PLANE('',#3135);
#3135 = AXIS2_PLACEMENT_3D('',#3136,#3137,#3138);
#3136 = CARTESIAN_POINT('',(73.172241490929,-8.622830982604,5.305));
#3137 = DIRECTION('',(0.,0.,1.));
#3138 = DIRECTION('',(1.,0.,0.));
#3139 = ADVANCED_FACE('',(#3140),#3152,.F.);
#3140 = FACE_BOUND('',#3141,.F.);
#3141 = EDGE_LOOP('',(#3142,#3143,#3144,#3145,#3146,#3147,#3148,#3149,
    #3150,#3151));
#3142 = ORIENTED_EDGE('',*,*,#2056,.T.);
#3143 = ORIENTED_EDGE('',*,*,#2080,.T.);
#3144 = ORIENTED_EDGE('',*,*,#2110,.T.);
#3145 = ORIENTED_EDGE('',*,*,#2129,.T.);
#3146 = ORIENTED_EDGE('',*,*,#2153,.T.);
#3147 = ORIENTED_EDGE('',*,*,#2175,.T.);
#3148 = ORIENTED_EDGE('',*,*,#2202,.T.);
#3149 = ORIENTED_EDGE('',*,*,#2226,.T.);
#3150 = ORIENTED_EDGE('',*,*,#2039,.T.);
#3151 = ORIENTED_EDGE('',*,*,#2030,.T.);
#3152 = PLANE('',#3153);
#3153 = AXIS2_PLACEMENT_3D('',#3154,#3155,#3156);
#3154 = CARTESIAN_POINT('',(97.691278347535,-39.68637729704,12.13));
#3155 = DIRECTION('',(-1.E-30,-1.E-15,1.));
#3156 = DIRECTION('',(1.E-15,1.,1.E-15));
#3157 = ADVANCED_FACE('',(#3158),#3170,.F.);
#3158 = FACE_BOUND('',#3159,.F.);
#3159 = EDGE_LOOP('',(#3160,#3161,#3162,#3163,#3164,#3165,#3166,#3167,
    #3168,#3169));
#3160 = ORIENTED_EDGE('',*,*,#2310,.F.);
#3161 = ORIENTED_EDGE('',*,*,#2286,.F.);
#3162 = ORIENTED_EDGE('',*,*,#2277,.F.);
#3163 = ORIENTED_EDGE('',*,*,#2480,.F.);
#3164 = ORIENTED_EDGE('',*,*,#2456,.F.);
#3165 = ORIENTED_EDGE('',*,*,#2433,.F.);
#3166 = ORIENTED_EDGE('',*,*,#2407,.F.);
#3167 = ORIENTED_EDGE('',*,*,#2383,.F.);
#3168 = ORIENTED_EDGE('',*,*,#2368,.F.);
#3169 = ORIENTED_EDGE('',*,*,#2334,.F.);
#3170 = PLANE('',#3171);
#3171 = AXIS2_PLACEMENT_3D('',#3172,#3173,#3174);
#3172 = CARTESIAN_POINT('',(111.16,-10.38070427004,17.433776526562));
#3173 = DIRECTION('',(-1.,-4.17792436293E-16,-4.976076004103E-16));
#3174 = DIRECTION('',(2.22044604925E-16,0.5,-0.866025403784));
#3175 = ADVANCED_FACE('',(#3176),#3188,.F.);
#3176 = FACE_BOUND('',#3177,.F.);
#3177 = EDGE_LOOP('',(#3178,#3179,#3180,#3181,#3182,#3183,#3184,#3185,
    #3186,#3187));
#3178 = ORIENTED_EDGE('',*,*,#2538,.F.);
#3179 = ORIENTED_EDGE('',*,*,#2514,.F.);
#3180 = ORIENTED_EDGE('',*,*,#2505,.F.);
#3181 = ORIENTED_EDGE('',*,*,#2562,.F.);
#3182 = ORIENTED_EDGE('',*,*,#2610,.F.);
#3183 = ORIENTED_EDGE('',*,*,#2668,.F.);
#3184 = ORIENTED_EDGE('',*,*,#2708,.F.);
#3185 = ORIENTED_EDGE('',*,*,#2684,.F.);
#3186 = ORIENTED_EDGE('',*,*,#2644,.F.);
#3187 = ORIENTED_EDGE('',*,*,#2586,.F.);
#3188 = PLANE('',#3189);
#3189 = AXIS2_PLACEMENT_3D('',#3190,#3191,#3192);
#3190 = CARTESIAN_POINT('',(111.05,13.23929572996,17.433776526562));
#3191 = DIRECTION('',(-1.,-4.17792436293E-16,-4.976076004103E-16));
#3192 = DIRECTION('',(2.22044604925E-16,0.5,-0.866025403784));
#3193 = ADVANCED_FACE('',(#3194),#3206,.F.);
#3194 = FACE_BOUND('',#3195,.F.);
#3195 = EDGE_LOOP('',(#3196,#3197,#3198,#3199,#3200,#3201,#3202,#3203,
    #3204,#3205));
#3196 = ORIENTED_EDGE('',*,*,#2766,.F.);
#3197 = ORIENTED_EDGE('',*,*,#2742,.F.);
#3198 = ORIENTED_EDGE('',*,*,#2733,.F.);
#3199 = ORIENTED_EDGE('',*,*,#2790,.F.);
#3200 = ORIENTED_EDGE('',*,*,#2838,.F.);
#3201 = ORIENTED_EDGE('',*,*,#2896,.F.);
#3202 = ORIENTED_EDGE('',*,*,#2936,.F.);
#3203 = ORIENTED_EDGE('',*,*,#2912,.F.);
#3204 = ORIENTED_EDGE('',*,*,#2872,.F.);
#3205 = ORIENTED_EDGE('',*,*,#2814,.F.);
#3206 = PLANE('',#3207);
#3207 = AXIS2_PLACEMENT_3D('',#3208,#3209,#3210);
#3208 = CARTESIAN_POINT('',(110.98,-35.29570427004,17.563680337129));
#3209 = DIRECTION('',(-1.,-3.319989901625E-17,-2.755629954852E-16));
#3210 = DIRECTION('',(2.22044604925E-16,0.5,-0.866025403784));
#3211 = ADVANCED_FACE('',(#3212),#3247,.F.);
#3212 = FACE_BOUND('',#3213,.F.);
#3213 = EDGE_LOOP('',(#3214,#3222,#3223,#3231,#3240));
#3214 = ORIENTED_EDGE('',*,*,#3215,.T.);
#3215 = EDGE_CURVE('',#3216,#2959,#3218,.T.);
#3216 = VERTEX_POINT('',#3217);
#3217 = CARTESIAN_POINT('',(50.175714036609,18.716619626543,12.13));
#3218 = LINE('',#3219,#3220);
#3219 = CARTESIAN_POINT('',(50.175714036609,18.716619626543,5.13));
#3220 = VECTOR('',#3221,1.);
#3221 = DIRECTION('',(1.E-30,1.E-15,-1.));
#3222 = ORIENTED_EDGE('',*,*,#2956,.F.);
#3223 = ORIENTED_EDGE('',*,*,#3224,.F.);
#3224 = EDGE_CURVE('',#3225,#2957,#3227,.T.);
#3225 = VERTEX_POINT('',#3226);
#3226 = CARTESIAN_POINT('',(48.284286060103,19.808636205946,12.13));
#3227 = LINE('',#3228,#3229);
#3228 = CARTESIAN_POINT('',(48.284286060103,19.808636205946,5.13));
#3229 = VECTOR('',#3230,1.);
#3230 = DIRECTION('',(1.E-30,1.E-15,-1.));
#3231 = ORIENTED_EDGE('',*,*,#3232,.F.);
#3232 = EDGE_CURVE('',#3233,#3225,#3235,.T.);
#3233 = VERTEX_POINT('',#3234);
#3234 = CARTESIAN_POINT('',(48.68,19.86,12.13));
#3235 = CIRCLE('',#3236,1.55);
#3236 = AXIS2_PLACEMENT_3D('',#3237,#3238,#3239);
#3237 = CARTESIAN_POINT('',(48.68,18.31,12.13));
#3238 = DIRECTION('',(-1.E-30,-1.E-15,1.));
#3239 = DIRECTION('',(1.E-15,1.,1.E-15));
#3240 = ORIENTED_EDGE('',*,*,#3241,.F.);
#3241 = EDGE_CURVE('',#3216,#3233,#3242,.T.);
#3242 = CIRCLE('',#3243,1.55);
#3243 = AXIS2_PLACEMENT_3D('',#3244,#3245,#3246);
#3244 = CARTESIAN_POINT('',(48.68,18.31,12.13));
#3245 = DIRECTION('',(-1.E-30,-1.E-15,1.));
#3246 = DIRECTION('',(1.E-15,1.,1.E-15));
#3247 = CYLINDRICAL_SURFACE('',#3248,1.55);
#3248 = AXIS2_PLACEMENT_3D('',#3249,#3250,#3251);
#3249 = CARTESIAN_POINT('',(48.68,18.31,5.13));
#3250 = DIRECTION('',(1.E-30,1.E-15,-1.));
#3251 = DIRECTION('',(1.E-15,1.,1.E-15));
#3252 = ADVANCED_FACE('',(#3253),#3271,.T.);
#3253 = FACE_BOUND('',#3254,.T.);
#3254 = EDGE_LOOP('',(#3255,#3256,#3257,#3265));
#3255 = ORIENTED_EDGE('',*,*,#3025,.T.);
#3256 = ORIENTED_EDGE('',*,*,#3224,.F.);
#3257 = ORIENTED_EDGE('',*,*,#3258,.T.);
#3258 = EDGE_CURVE('',#3225,#3259,#3261,.T.);
#3259 = VERTEX_POINT('',#3260);
#3260 = CARTESIAN_POINT('',(47.580000096713,20.215255944163,12.13));
#3261 = LINE('',#3262,#3263);
#3262 = CARTESIAN_POINT('',(50.88,18.309999888326,12.13));
#3263 = VECTOR('',#3264,1.);
#3264 = DIRECTION('',(-0.866025378404,0.50000004396,5.000000439601E-16)
  );
#3265 = ORIENTED_EDGE('',*,*,#3266,.F.);
#3266 = EDGE_CURVE('',#3018,#3259,#3267,.T.);
#3267 = LINE('',#3268,#3269);
#3268 = CARTESIAN_POINT('',(47.580000096713,20.215255944163,5.13));
#3269 = VECTOR('',#3270,1.);
#3270 = DIRECTION('',(-1.E-30,-1.E-15,1.));
#3271 = PLANE('',#3272);
#3272 = AXIS2_PLACEMENT_3D('',#3273,#3274,#3275);
#3273 = CARTESIAN_POINT('',(50.88,18.309999888326,5.13));
#3274 = DIRECTION('',(-0.50000004396,-0.866025378404,-8.660253784041E-16
    ));
#3275 = DIRECTION('',(-0.866025378404,0.50000004396,5.000000439601E-16)
  );
#3276 = ADVANCED_FACE('',(#3277),#3295,.T.);
#3277 = FACE_BOUND('',#3278,.T.);
#3278 = EDGE_LOOP('',(#3279,#3280,#3281,#3289));
#3279 = ORIENTED_EDGE('',*,*,#3017,.T.);
#3280 = ORIENTED_EDGE('',*,*,#3266,.T.);
#3281 = ORIENTED_EDGE('',*,*,#3282,.T.);
#3282 = EDGE_CURVE('',#3259,#3283,#3285,.T.);
#3283 = VERTEX_POINT('',#3284);
#3284 = CARTESIAN_POINT('',(47.580000055432,19.402016539229,12.13));
#3285 = LINE('',#3286,#3287);
#3286 = CARTESIAN_POINT('',(47.580000096713,20.215255944163,12.13));
#3287 = VECTOR('',#3288,1.);
#3288 = DIRECTION('',(-5.076101675E-08,-1.,-1.E-15));
#3289 = ORIENTED_EDGE('',*,*,#3290,.T.);
#3290 = EDGE_CURVE('',#3283,#3009,#3291,.T.);
#3291 = LINE('',#3292,#3293);
#3292 = CARTESIAN_POINT('',(47.580000055432,19.402016539229,5.13));
#3293 = VECTOR('',#3294,1.);
#3294 = DIRECTION('',(1.E-30,1.E-15,-1.));
#3295 = PLANE('',#3296);
#3296 = AXIS2_PLACEMENT_3D('',#3297,#3298,#3299);
#3297 = CARTESIAN_POINT('',(47.580000096713,20.215255944163,5.13));
#3298 = DIRECTION('',(1.,-5.076101675E-08,-5.076101575E-23));
#3299 = DIRECTION('',(-5.076101675E-08,-1.,-1.E-15));
#3300 = ADVANCED_FACE('',(#3301),#3320,.F.);
#3301 = FACE_BOUND('',#3302,.F.);
#3302 = EDGE_LOOP('',(#3303,#3311,#3318,#3319));
#3303 = ORIENTED_EDGE('',*,*,#3304,.F.);
#3304 = EDGE_CURVE('',#3305,#3001,#3307,.T.);
#3305 = VERTEX_POINT('',#3306);
#3306 = CARTESIAN_POINT('',(47.579999944568,17.217983572445,12.13));
#3307 = LINE('',#3308,#3309);
#3308 = CARTESIAN_POINT('',(47.579999944568,17.217983572445,5.13));
#3309 = VECTOR('',#3310,1.);
#3310 = DIRECTION('',(1.E-30,1.E-15,-1.));
#3311 = ORIENTED_EDGE('',*,*,#3312,.F.);
#3312 = EDGE_CURVE('',#3283,#3305,#3313,.T.);
#3313 = CIRCLE('',#3314,1.55);
#3314 = AXIS2_PLACEMENT_3D('',#3315,#3316,#3317);
#3315 = CARTESIAN_POINT('',(48.68,18.31,12.13));
#3316 = DIRECTION('',(-1.E-30,-1.E-15,1.));
#3317 = DIRECTION('',(1.E-15,1.,1.E-15));
#3318 = ORIENTED_EDGE('',*,*,#3290,.T.);
#3319 = ORIENTED_EDGE('',*,*,#3008,.F.);
#3320 = CYLINDRICAL_SURFACE('',#3321,1.55);
#3321 = AXIS2_PLACEMENT_3D('',#3322,#3323,#3324);
#3322 = CARTESIAN_POINT('',(48.68,18.31,5.13));
#3323 = DIRECTION('',(1.E-30,1.E-15,-1.));
#3324 = DIRECTION('',(1.E-15,1.,1.E-15));
#3325 = ADVANCED_FACE('',(#3326),#3344,.T.);
#3326 = FACE_BOUND('',#3327,.T.);
#3327 = EDGE_LOOP('',(#3328,#3329,#3330,#3338));
#3328 = ORIENTED_EDGE('',*,*,#3000,.T.);
#3329 = ORIENTED_EDGE('',*,*,#3304,.F.);
#3330 = ORIENTED_EDGE('',*,*,#3331,.T.);
#3331 = EDGE_CURVE('',#3305,#3332,#3334,.T.);
#3332 = VERTEX_POINT('',#3333);
#3333 = CARTESIAN_POINT('',(47.579999903287,16.404744167511,12.13));
#3334 = LINE('',#3335,#3336);
#3335 = CARTESIAN_POINT('',(47.580000096713,20.215255944163,12.13));
#3336 = VECTOR('',#3337,1.);
#3337 = DIRECTION('',(-5.076101675E-08,-1.,-1.E-15));
#3338 = ORIENTED_EDGE('',*,*,#3339,.F.);
#3339 = EDGE_CURVE('',#2993,#3332,#3340,.T.);
#3340 = LINE('',#3341,#3342);
#3341 = CARTESIAN_POINT('',(47.579999903287,16.404744167511,5.13));
#3342 = VECTOR('',#3343,1.);
#3343 = DIRECTION('',(-1.E-30,-1.E-15,1.));
#3344 = PLANE('',#3345);
#3345 = AXIS2_PLACEMENT_3D('',#3346,#3347,#3348);
#3346 = CARTESIAN_POINT('',(47.580000096713,20.215255944163,5.13));
#3347 = DIRECTION('',(1.,-5.076101675E-08,-5.076101575E-23));
#3348 = DIRECTION('',(-5.076101675E-08,-1.,-1.E-15));
#3349 = ADVANCED_FACE('',(#3350),#3368,.T.);
#3350 = FACE_BOUND('',#3351,.T.);
#3351 = EDGE_LOOP('',(#3352,#3353,#3354,#3362));
#3352 = ORIENTED_EDGE('',*,*,#2992,.T.);
#3353 = ORIENTED_EDGE('',*,*,#3339,.T.);
#3354 = ORIENTED_EDGE('',*,*,#3355,.T.);
#3355 = EDGE_CURVE('',#3332,#3356,#3358,.T.);
#3356 = VERTEX_POINT('',#3357);
#3357 = CARTESIAN_POINT('',(48.284285907959,16.811363834228,12.13));
#3358 = LINE('',#3359,#3360);
#3359 = CARTESIAN_POINT('',(47.579999903287,16.404744167511,12.13));
#3360 = VECTOR('',#3361,1.);
#3361 = DIRECTION('',(0.866025429165,0.49999995604,4.999999560399E-16));
#3362 = ORIENTED_EDGE('',*,*,#3363,.T.);
#3363 = EDGE_CURVE('',#3356,#2984,#3364,.T.);
#3364 = LINE('',#3365,#3366);
#3365 = CARTESIAN_POINT('',(48.284285907959,16.811363834228,5.13));
#3366 = VECTOR('',#3367,1.);
#3367 = DIRECTION('',(1.E-30,1.E-15,-1.));
#3368 = PLANE('',#3369);
#3369 = AXIS2_PLACEMENT_3D('',#3370,#3371,#3372);
#3370 = CARTESIAN_POINT('',(47.579999903287,16.404744167511,5.13));
#3371 = DIRECTION('',(-0.49999995604,0.866025429165,8.660254291648E-16)
  );
#3372 = DIRECTION('',(0.866025429165,0.49999995604,4.999999560399E-16));
#3373 = ADVANCED_FACE('',(#3374),#3393,.F.);
#3374 = FACE_BOUND('',#3375,.F.);
#3375 = EDGE_LOOP('',(#3376,#3385,#3386,#3387));
#3376 = ORIENTED_EDGE('',*,*,#3377,.F.);
#3377 = EDGE_CURVE('',#3356,#3378,#3380,.T.);
#3378 = VERTEX_POINT('',#3379);
#3379 = CARTESIAN_POINT('',(50.175713995328,17.903380221609,12.13));
#3380 = CIRCLE('',#3381,1.55);
#3381 = AXIS2_PLACEMENT_3D('',#3382,#3383,#3384);
#3382 = CARTESIAN_POINT('',(48.68,18.31,12.13));
#3383 = DIRECTION('',(-1.E-30,-1.E-15,1.));
#3384 = DIRECTION('',(1.E-15,1.,1.E-15));
#3385 = ORIENTED_EDGE('',*,*,#3363,.T.);
#3386 = ORIENTED_EDGE('',*,*,#2983,.F.);
#3387 = ORIENTED_EDGE('',*,*,#3388,.F.);
#3388 = EDGE_CURVE('',#3378,#2976,#3389,.T.);
#3389 = LINE('',#3390,#3391);
#3390 = CARTESIAN_POINT('',(50.175713995328,17.903380221609,5.13));
#3391 = VECTOR('',#3392,1.);
#3392 = DIRECTION('',(1.E-30,1.E-15,-1.));
#3393 = CYLINDRICAL_SURFACE('',#3394,1.55);
#3394 = AXIS2_PLACEMENT_3D('',#3395,#3396,#3397);
#3395 = CARTESIAN_POINT('',(48.68,18.31,5.13));
#3396 = DIRECTION('',(1.E-30,1.E-15,-1.));
#3397 = DIRECTION('',(1.E-15,1.,1.E-15));
#3398 = ADVANCED_FACE('',(#3399),#3417,.T.);
#3399 = FACE_BOUND('',#3400,.T.);
#3400 = EDGE_LOOP('',(#3401,#3402,#3403,#3411));
#3401 = ORIENTED_EDGE('',*,*,#2975,.T.);
#3402 = ORIENTED_EDGE('',*,*,#3388,.F.);
#3403 = ORIENTED_EDGE('',*,*,#3404,.T.);
#3404 = EDGE_CURVE('',#3378,#3405,#3407,.T.);
#3405 = VERTEX_POINT('',#3406);
#3406 = CARTESIAN_POINT('',(50.88,18.309999888326,12.13));
#3407 = LINE('',#3408,#3409);
#3408 = CARTESIAN_POINT('',(47.579999903287,16.404744167511,12.13));
#3409 = VECTOR('',#3410,1.);
#3410 = DIRECTION('',(0.866025429165,0.49999995604,4.999999560399E-16));
#3411 = ORIENTED_EDGE('',*,*,#3412,.F.);
#3412 = EDGE_CURVE('',#2968,#3405,#3413,.T.);
#3413 = LINE('',#3414,#3415);
#3414 = CARTESIAN_POINT('',(50.88,18.309999888326,5.13));
#3415 = VECTOR('',#3416,1.);
#3416 = DIRECTION('',(-1.E-30,-1.E-15,1.));
#3417 = PLANE('',#3418);
#3418 = AXIS2_PLACEMENT_3D('',#3419,#3420,#3421);
#3419 = CARTESIAN_POINT('',(47.579999903287,16.404744167511,5.13));
#3420 = DIRECTION('',(-0.49999995604,0.866025429165,8.660254291648E-16)
  );
#3421 = DIRECTION('',(0.866025429165,0.49999995604,4.999999560399E-16));
#3422 = ADVANCED_FACE('',(#3423),#3434,.T.);
#3423 = FACE_BOUND('',#3424,.T.);
#3424 = EDGE_LOOP('',(#3425,#3426,#3427,#3433));
#3425 = ORIENTED_EDGE('',*,*,#2967,.T.);
#3426 = ORIENTED_EDGE('',*,*,#3412,.T.);
#3427 = ORIENTED_EDGE('',*,*,#3428,.T.);
#3428 = EDGE_CURVE('',#3405,#3216,#3429,.T.);
#3429 = LINE('',#3430,#3431);
#3430 = CARTESIAN_POINT('',(50.88,18.309999888326,12.13));
#3431 = VECTOR('',#3432,1.);
#3432 = DIRECTION('',(-0.866025378404,0.50000004396,5.000000439601E-16)
  );
#3433 = ORIENTED_EDGE('',*,*,#3215,.T.);
#3434 = PLANE('',#3435);
#3435 = AXIS2_PLACEMENT_3D('',#3436,#3437,#3438);
#3436 = CARTESIAN_POINT('',(50.88,18.309999888326,5.13));
#3437 = DIRECTION('',(-0.50000004396,-0.866025378404,-8.660253784041E-16
    ));
#3438 = DIRECTION('',(-0.866025378404,0.50000004396,5.000000439601E-16)
  );
#3439 = ADVANCED_FACE('',(#3440),#3475,.F.);
#3440 = FACE_BOUND('',#3441,.F.);
#3441 = EDGE_LOOP('',(#3442,#3450,#3451,#3459,#3468));
#3442 = ORIENTED_EDGE('',*,*,#3443,.T.);
#3443 = EDGE_CURVE('',#3444,#3063,#3446,.T.);
#3444 = VERTEX_POINT('',#3445);
#3445 = CARTESIAN_POINT('',(50.175714036609,-39.24338037345,12.13));
#3446 = LINE('',#3447,#3448);
#3447 = CARTESIAN_POINT('',(50.175714036609,-39.24338037345,5.13));
#3448 = VECTOR('',#3449,1.);
#3449 = DIRECTION('',(1.E-30,1.E-15,-1.));
#3450 = ORIENTED_EDGE('',*,*,#3060,.F.);
#3451 = ORIENTED_EDGE('',*,*,#3452,.F.);
#3452 = EDGE_CURVE('',#3453,#3061,#3455,.T.);
#3453 = VERTEX_POINT('',#3454);
#3454 = CARTESIAN_POINT('',(48.284286060103,-38.15136379405,12.13));
#3455 = LINE('',#3456,#3457);
#3456 = CARTESIAN_POINT('',(48.284286060103,-38.15136379405,5.13));
#3457 = VECTOR('',#3458,1.);
#3458 = DIRECTION('',(1.E-30,1.E-15,-1.));
#3459 = ORIENTED_EDGE('',*,*,#3460,.F.);
#3460 = EDGE_CURVE('',#3461,#3453,#3463,.T.);
#3461 = VERTEX_POINT('',#3462);
#3462 = CARTESIAN_POINT('',(48.68,-38.1,12.13));
#3463 = CIRCLE('',#3464,1.55);
#3464 = AXIS2_PLACEMENT_3D('',#3465,#3466,#3467);
#3465 = CARTESIAN_POINT('',(48.68,-39.65,12.13));
#3466 = DIRECTION('',(-1.E-30,-1.E-15,1.));
#3467 = DIRECTION('',(1.E-15,1.,1.E-15));
#3468 = ORIENTED_EDGE('',*,*,#3469,.F.);
#3469 = EDGE_CURVE('',#3444,#3461,#3470,.T.);
#3470 = CIRCLE('',#3471,1.55);
#3471 = AXIS2_PLACEMENT_3D('',#3472,#3473,#3474);
#3472 = CARTESIAN_POINT('',(48.68,-39.65,12.13));
#3473 = DIRECTION('',(-1.E-30,-1.E-15,1.));
#3474 = DIRECTION('',(1.E-15,1.,1.E-15));
#3475 = CYLINDRICAL_SURFACE('',#3476,1.55);
#3476 = AXIS2_PLACEMENT_3D('',#3477,#3478,#3479);
#3477 = CARTESIAN_POINT('',(48.68,-39.65,5.13));
#3478 = DIRECTION('',(1.E-30,1.E-15,-1.));
#3479 = DIRECTION('',(1.E-15,1.,1.E-15));
#3480 = ADVANCED_FACE('',(#3481),#3499,.T.);
#3481 = FACE_BOUND('',#3482,.T.);
#3482 = EDGE_LOOP('',(#3483,#3484,#3485,#3493));
#3483 = ORIENTED_EDGE('',*,*,#3129,.T.);
#3484 = ORIENTED_EDGE('',*,*,#3452,.F.);
#3485 = ORIENTED_EDGE('',*,*,#3486,.T.);
#3486 = EDGE_CURVE('',#3453,#3487,#3489,.T.);
#3487 = VERTEX_POINT('',#3488);
#3488 = CARTESIAN_POINT('',(47.580000096713,-37.74474405583,12.13));
#3489 = LINE('',#3490,#3491);
#3490 = CARTESIAN_POINT('',(50.88,-39.65000011167,12.13));
#3491 = VECTOR('',#3492,1.);
#3492 = DIRECTION('',(-0.866025378404,0.50000004396,5.000000439601E-16)
  );
#3493 = ORIENTED_EDGE('',*,*,#3494,.F.);
#3494 = EDGE_CURVE('',#3122,#3487,#3495,.T.);
#3495 = LINE('',#3496,#3497);
#3496 = CARTESIAN_POINT('',(47.580000096713,-37.74474405583,5.13));
#3497 = VECTOR('',#3498,1.);
#3498 = DIRECTION('',(-1.E-30,-1.E-15,1.));
#3499 = PLANE('',#3500);
#3500 = AXIS2_PLACEMENT_3D('',#3501,#3502,#3503);
#3501 = CARTESIAN_POINT('',(50.88,-39.65000011167,5.13));
#3502 = DIRECTION('',(-0.50000004396,-0.866025378404,-8.660253784041E-16
    ));
#3503 = DIRECTION('',(-0.866025378404,0.50000004396,5.000000439601E-16)
  );
#3504 = ADVANCED_FACE('',(#3505),#3523,.T.);
#3505 = FACE_BOUND('',#3506,.T.);
#3506 = EDGE_LOOP('',(#3507,#3508,#3509,#3517));
#3507 = ORIENTED_EDGE('',*,*,#3121,.T.);
#3508 = ORIENTED_EDGE('',*,*,#3494,.T.);
#3509 = ORIENTED_EDGE('',*,*,#3510,.T.);
#3510 = EDGE_CURVE('',#3487,#3511,#3513,.T.);
#3511 = VERTEX_POINT('',#3512);
#3512 = CARTESIAN_POINT('',(47.580000055432,-38.55798346077,12.13));
#3513 = LINE('',#3514,#3515);
#3514 = CARTESIAN_POINT('',(47.580000096713,-37.74474405583,12.13));
#3515 = VECTOR('',#3516,1.);
#3516 = DIRECTION('',(-5.076101675E-08,-1.,-1.E-15));
#3517 = ORIENTED_EDGE('',*,*,#3518,.T.);
#3518 = EDGE_CURVE('',#3511,#3113,#3519,.T.);
#3519 = LINE('',#3520,#3521);
#3520 = CARTESIAN_POINT('',(47.580000055432,-38.55798346077,5.13));
#3521 = VECTOR('',#3522,1.);
#3522 = DIRECTION('',(1.E-30,1.E-15,-1.));
#3523 = PLANE('',#3524);
#3524 = AXIS2_PLACEMENT_3D('',#3525,#3526,#3527);
#3525 = CARTESIAN_POINT('',(47.580000096713,-37.74474405583,5.13));
#3526 = DIRECTION('',(1.,-5.076101675E-08,-5.076101575E-23));
#3527 = DIRECTION('',(-5.076101675E-08,-1.,-1.E-15));
#3528 = ADVANCED_FACE('',(#3529),#3548,.F.);
#3529 = FACE_BOUND('',#3530,.F.);
#3530 = EDGE_LOOP('',(#3531,#3539,#3546,#3547));
#3531 = ORIENTED_EDGE('',*,*,#3532,.F.);
#3532 = EDGE_CURVE('',#3533,#3105,#3535,.T.);
#3533 = VERTEX_POINT('',#3534);
#3534 = CARTESIAN_POINT('',(47.579999944568,-40.74201642755,12.13));
#3535 = LINE('',#3536,#3537);
#3536 = CARTESIAN_POINT('',(47.579999944568,-40.74201642755,5.13));
#3537 = VECTOR('',#3538,1.);
#3538 = DIRECTION('',(1.E-30,1.E-15,-1.));
#3539 = ORIENTED_EDGE('',*,*,#3540,.F.);
#3540 = EDGE_CURVE('',#3511,#3533,#3541,.T.);
#3541 = CIRCLE('',#3542,1.55);
#3542 = AXIS2_PLACEMENT_3D('',#3543,#3544,#3545);
#3543 = CARTESIAN_POINT('',(48.68,-39.65,12.13));
#3544 = DIRECTION('',(-1.E-30,-1.E-15,1.));
#3545 = DIRECTION('',(1.E-15,1.,1.E-15));
#3546 = ORIENTED_EDGE('',*,*,#3518,.T.);
#3547 = ORIENTED_EDGE('',*,*,#3112,.F.);
#3548 = CYLINDRICAL_SURFACE('',#3549,1.55);
#3549 = AXIS2_PLACEMENT_3D('',#3550,#3551,#3552);
#3550 = CARTESIAN_POINT('',(48.68,-39.65,5.13));
#3551 = DIRECTION('',(1.E-30,1.E-15,-1.));
#3552 = DIRECTION('',(1.E-15,1.,1.E-15));
#3553 = ADVANCED_FACE('',(#3554),#3572,.T.);
#3554 = FACE_BOUND('',#3555,.T.);
#3555 = EDGE_LOOP('',(#3556,#3557,#3558,#3566));
#3556 = ORIENTED_EDGE('',*,*,#3104,.T.);
#3557 = ORIENTED_EDGE('',*,*,#3532,.F.);
#3558 = ORIENTED_EDGE('',*,*,#3559,.T.);
#3559 = EDGE_CURVE('',#3533,#3560,#3562,.T.);
#3560 = VERTEX_POINT('',#3561);
#3561 = CARTESIAN_POINT('',(47.579999903287,-41.55525583248,12.13));
#3562 = LINE('',#3563,#3564);
#3563 = CARTESIAN_POINT('',(47.580000096713,-37.74474405583,12.13));
#3564 = VECTOR('',#3565,1.);
#3565 = DIRECTION('',(-5.076101675E-08,-1.,-1.E-15));
#3566 = ORIENTED_EDGE('',*,*,#3567,.F.);
#3567 = EDGE_CURVE('',#3097,#3560,#3568,.T.);
#3568 = LINE('',#3569,#3570);
#3569 = CARTESIAN_POINT('',(47.579999903287,-41.55525583248,5.13));
#3570 = VECTOR('',#3571,1.);
#3571 = DIRECTION('',(-1.E-30,-1.E-15,1.));
#3572 = PLANE('',#3573);
#3573 = AXIS2_PLACEMENT_3D('',#3574,#3575,#3576);
#3574 = CARTESIAN_POINT('',(47.580000096713,-37.74474405583,5.13));
#3575 = DIRECTION('',(1.,-5.076101675E-08,-5.076101575E-23));
#3576 = DIRECTION('',(-5.076101675E-08,-1.,-1.E-15));
#3577 = ADVANCED_FACE('',(#3578),#3596,.T.);
#3578 = FACE_BOUND('',#3579,.T.);
#3579 = EDGE_LOOP('',(#3580,#3581,#3582,#3590));
#3580 = ORIENTED_EDGE('',*,*,#3096,.T.);
#3581 = ORIENTED_EDGE('',*,*,#3567,.T.);
#3582 = ORIENTED_EDGE('',*,*,#3583,.T.);
#3583 = EDGE_CURVE('',#3560,#3584,#3586,.T.);
#3584 = VERTEX_POINT('',#3585);
#3585 = CARTESIAN_POINT('',(48.284285907959,-41.14863616577,12.13));
#3586 = LINE('',#3587,#3588);
#3587 = CARTESIAN_POINT('',(47.579999903287,-41.55525583248,12.13));
#3588 = VECTOR('',#3589,1.);
#3589 = DIRECTION('',(0.866025429165,0.49999995604,4.999999560399E-16));
#3590 = ORIENTED_EDGE('',*,*,#3591,.T.);
#3591 = EDGE_CURVE('',#3584,#3088,#3592,.T.);
#3592 = LINE('',#3593,#3594);
#3593 = CARTESIAN_POINT('',(48.284285907959,-41.14863616577,5.13));
#3594 = VECTOR('',#3595,1.);
#3595 = DIRECTION('',(1.E-30,1.E-15,-1.));
#3596 = PLANE('',#3597);
#3597 = AXIS2_PLACEMENT_3D('',#3598,#3599,#3600);
#3598 = CARTESIAN_POINT('',(47.579999903287,-41.55525583248,5.13));
#3599 = DIRECTION('',(-0.49999995604,0.866025429165,8.660254291648E-16)
  );
#3600 = DIRECTION('',(0.866025429165,0.49999995604,4.999999560399E-16));
#3601 = ADVANCED_FACE('',(#3602),#3621,.F.);
#3602 = FACE_BOUND('',#3603,.F.);
#3603 = EDGE_LOOP('',(#3604,#3613,#3614,#3615));
#3604 = ORIENTED_EDGE('',*,*,#3605,.F.);
#3605 = EDGE_CURVE('',#3584,#3606,#3608,.T.);
#3606 = VERTEX_POINT('',#3607);
#3607 = CARTESIAN_POINT('',(50.175713995328,-40.05661977839,12.13));
#3608 = CIRCLE('',#3609,1.55);
#3609 = AXIS2_PLACEMENT_3D('',#3610,#3611,#3612);
#3610 = CARTESIAN_POINT('',(48.68,-39.65,12.13));
#3611 = DIRECTION('',(-1.E-30,-1.E-15,1.));
#3612 = DIRECTION('',(1.E-15,1.,1.E-15));
#3613 = ORIENTED_EDGE('',*,*,#3591,.T.);
#3614 = ORIENTED_EDGE('',*,*,#3087,.F.);
#3615 = ORIENTED_EDGE('',*,*,#3616,.F.);
#3616 = EDGE_CURVE('',#3606,#3080,#3617,.T.);
#3617 = LINE('',#3618,#3619);
#3618 = CARTESIAN_POINT('',(50.175713995328,-40.05661977839,5.13));
#3619 = VECTOR('',#3620,1.);
#3620 = DIRECTION('',(1.E-30,1.E-15,-1.));
#3621 = CYLINDRICAL_SURFACE('',#3622,1.55);
#3622 = AXIS2_PLACEMENT_3D('',#3623,#3624,#3625);
#3623 = CARTESIAN_POINT('',(48.68,-39.65,5.13));
#3624 = DIRECTION('',(1.E-30,1.E-15,-1.));
#3625 = DIRECTION('',(1.E-15,1.,1.E-15));
#3626 = ADVANCED_FACE('',(#3627),#3645,.T.);
#3627 = FACE_BOUND('',#3628,.T.);
#3628 = EDGE_LOOP('',(#3629,#3630,#3631,#3639));
#3629 = ORIENTED_EDGE('',*,*,#3079,.T.);
#3630 = ORIENTED_EDGE('',*,*,#3616,.F.);
#3631 = ORIENTED_EDGE('',*,*,#3632,.T.);
#3632 = EDGE_CURVE('',#3606,#3633,#3635,.T.);
#3633 = VERTEX_POINT('',#3634);
#3634 = CARTESIAN_POINT('',(50.88,-39.65000011167,12.13));
#3635 = LINE('',#3636,#3637);
#3636 = CARTESIAN_POINT('',(47.579999903287,-41.55525583248,12.13));
#3637 = VECTOR('',#3638,1.);
#3638 = DIRECTION('',(0.866025429165,0.49999995604,4.999999560399E-16));
#3639 = ORIENTED_EDGE('',*,*,#3640,.F.);
#3640 = EDGE_CURVE('',#3072,#3633,#3641,.T.);
#3641 = LINE('',#3642,#3643);
#3642 = CARTESIAN_POINT('',(50.88,-39.65000011167,5.13));
#3643 = VECTOR('',#3644,1.);
#3644 = DIRECTION('',(-1.E-30,-1.E-15,1.));
#3645 = PLANE('',#3646);
#3646 = AXIS2_PLACEMENT_3D('',#3647,#3648,#3649);
#3647 = CARTESIAN_POINT('',(47.579999903287,-41.55525583248,5.13));
#3648 = DIRECTION('',(-0.49999995604,0.866025429165,8.660254291648E-16)
  );
#3649 = DIRECTION('',(0.866025429165,0.49999995604,4.999999560399E-16));
#3650 = ADVANCED_FACE('',(#3651),#3662,.T.);
#3651 = FACE_BOUND('',#3652,.T.);
#3652 = EDGE_LOOP('',(#3653,#3654,#3655,#3661));
#3653 = ORIENTED_EDGE('',*,*,#3071,.T.);
#3654 = ORIENTED_EDGE('',*,*,#3640,.T.);
#3655 = ORIENTED_EDGE('',*,*,#3656,.T.);
#3656 = EDGE_CURVE('',#3633,#3444,#3657,.T.);
#3657 = LINE('',#3658,#3659);
#3658 = CARTESIAN_POINT('',(50.88,-39.65000011167,12.13));
#3659 = VECTOR('',#3660,1.);
#3660 = DIRECTION('',(-0.866025378404,0.50000004396,5.000000439601E-16)
  );
#3661 = ORIENTED_EDGE('',*,*,#3443,.T.);
#3662 = PLANE('',#3663);
#3663 = AXIS2_PLACEMENT_3D('',#3664,#3665,#3666);
#3664 = CARTESIAN_POINT('',(50.88,-39.65000011167,5.13));
#3665 = DIRECTION('',(-0.50000004396,-0.866025378404,-8.660253784041E-16
    ));
#3666 = DIRECTION('',(-0.866025378404,0.50000004396,5.000000439601E-16)
  );
#3667 = ADVANCED_FACE('',(#3668),#3680,.F.);
#3668 = FACE_BOUND('',#3669,.F.);
#3669 = EDGE_LOOP('',(#3670,#3671,#3672,#3673,#3674,#3675,#3676,#3677,
    #3678,#3679));
#3670 = ORIENTED_EDGE('',*,*,#3258,.T.);
#3671 = ORIENTED_EDGE('',*,*,#3282,.T.);
#3672 = ORIENTED_EDGE('',*,*,#3312,.T.);
#3673 = ORIENTED_EDGE('',*,*,#3331,.T.);
#3674 = ORIENTED_EDGE('',*,*,#3355,.T.);
#3675 = ORIENTED_EDGE('',*,*,#3377,.T.);
#3676 = ORIENTED_EDGE('',*,*,#3404,.T.);
#3677 = ORIENTED_EDGE('',*,*,#3428,.T.);
#3678 = ORIENTED_EDGE('',*,*,#3241,.T.);
#3679 = ORIENTED_EDGE('',*,*,#3232,.T.);
#3680 = PLANE('',#3681);
#3681 = AXIS2_PLACEMENT_3D('',#3682,#3683,#3684);
#3682 = CARTESIAN_POINT('',(48.681278347535,18.31362270296,12.13));
#3683 = DIRECTION('',(-1.E-30,-1.E-15,1.));
#3684 = DIRECTION('',(1.E-15,1.,1.E-15));
#3685 = ADVANCED_FACE('',(#3686),#3698,.F.);
#3686 = FACE_BOUND('',#3687,.F.);
#3687 = EDGE_LOOP('',(#3688,#3689,#3690,#3691,#3692,#3693,#3694,#3695,
    #3696,#3697));
#3688 = ORIENTED_EDGE('',*,*,#3486,.T.);
#3689 = ORIENTED_EDGE('',*,*,#3510,.T.);
#3690 = ORIENTED_EDGE('',*,*,#3540,.T.);
#3691 = ORIENTED_EDGE('',*,*,#3559,.T.);
#3692 = ORIENTED_EDGE('',*,*,#3583,.T.);
#3693 = ORIENTED_EDGE('',*,*,#3605,.T.);
#3694 = ORIENTED_EDGE('',*,*,#3632,.T.);
#3695 = ORIENTED_EDGE('',*,*,#3656,.T.);
#3696 = ORIENTED_EDGE('',*,*,#3469,.T.);
#3697 = ORIENTED_EDGE('',*,*,#3460,.T.);
#3698 = PLANE('',#3699);
#3699 = AXIS2_PLACEMENT_3D('',#3700,#3701,#3702);
#3700 = CARTESIAN_POINT('',(48.681278347535,-39.64637729704,12.13));
#3701 = DIRECTION('',(-1.E-30,-1.E-15,1.));
#3702 = DIRECTION('',(1.E-15,1.,1.E-15));
#3703 = ( GEOMETRIC_REPRESENTATION_CONTEXT(3) 
GLOBAL_UNCERTAINTY_ASSIGNED_CONTEXT((#3707)) 
GLOBAL_UNIT_ASSIGNED_CONTEXT((#3704,#3705,#3706)) REPRESENTATION_CONTEXT
('Context #1','3D Context with UNIT and UNCERTAINTY') );
#3704 = ( LENGTH_UNIT() NAMED_UNIT(*) SI_UNIT(.MILLI.,.METRE.) );
#3705 = ( NAMED_UNIT(*) PLANE_ANGLE_UNIT() SI_UNIT($,.RADIAN.) );
#3706 = ( NAMED_UNIT(*) SI_UNIT($,.STERADIAN.) SOLID_ANGLE_UNIT() );
#3707 = UNCERTAINTY_MEASURE_WITH_UNIT(LENGTH_MEASURE(2.E-05),#3704,
  'distance_accuracy_value','confusion accuracy');
#3708 = PRODUCT_RELATED_PRODUCT_CATEGORY('part',$,(#7));
#3709 = MECHANICAL_DESIGN_GEOMETRIC_PRESENTATION_REPRESENTATION('',(
    #3710),#3703);
#3710 = STYLED_ITEM('color',(#3711),#15);
#3711 = PRESENTATION_STYLE_ASSIGNMENT((#3712,#3718));
#3712 = SURFACE_STYLE_USAGE(.BOTH.,#3713);
#3713 = SURFACE_SIDE_STYLE('',(#3714));
#3714 = SURFACE_STYLE_FILL_AREA(#3715);
#3715 = FILL_AREA_STYLE('',(#3716));
#3716 = FILL_AREA_STYLE_COLOUR('',#3717);
#3717 = COLOUR_RGB('',0.447058818107,0.474509808674,0.501960817233);
#3718 = CURVE_STYLE('',#3719,POSITIVE_LENGTH_MEASURE(0.1),#3720);
#3719 = DRAUGHTING_PRE_DEFINED_CURVE_FONT('continuous');
#3720 = COLOUR_RGB('',9.803921802644E-02,9.803921802644E-02,
  9.803921802644E-02);
ENDSEC;
END-ISO-10303-21;
