ISO-10303-21;
HEADER;
FILE_DESCRIPTION(('FreeCAD Model'),'2;1');
FILE_NAME('Open CASCADE Shape Model','2026-03-15T04:47:00',(''),(''),
  'Open CASCADE STEP processor 7.8','FreeCAD','Unknown');
FILE_SCHEMA(('AUTOMOTIVE_DESIGN { 1 0 10303 214 1 1 1 1 }'));
ENDSEC;
DATA;
#1 = APPLICATION_PROTOCOL_DEFINITION('international standard',
  'automotive_design',2000,#2);
#2 = APPLICATION_CONTEXT(
  'core data for automotive mechanical design processes');
#3 = SHAPE_DEFINITION_REPRESENTATION(#4,#10);
#4 = PRODUCT_DEFINITION_SHAPE('','',#5);
#5 = PRODUCT_DEFINITION('design','',#6,#9);
#6 = PRODUCT_DEFINITION_FORMATION('','',#7);
#7 = PRODUCT('Cut002','Cut002','',(#8));
#8 = PRODUCT_CONTEXT('',#2,'mechanical');
#9 = PRODUCT_DEFINITION_CONTEXT('part definition',#2,'design');
#10 = ADVANCED_BREP_SHAPE_REPRESENTATION('',(#11,#15),#18105);
#11 = AXIS2_PLACEMENT_3D('',#12,#13,#14);
#12 = CARTESIAN_POINT('',(0.,0.,0.));
#13 = DIRECTION('',(0.,0.,1.));
#14 = DIRECTION('',(1.,0.,-0.));
#15 = MANIFOLD_SOLID_BREP('',#16);
#16 = CLOSED_SHELL('',(#17,#105,#232,#256,#287,#864,#1109,#1589,#1613,
    #1799,#1847,#1864,#1909,#1933,#1964,#1995,#2019,#2043,#2067,#2091,
    #2115,#2146,#2163,#2194,#2218,#2242,#2258,#2282,#2299,#2323,#3062,
    #3114,#3131,#3180,#3204,#3246,#3263,#3416,#3442,#3469,#3612,#3647,
    #3716,#3788,#3805,#3876,#3908,#3934,#3958,#4023,#4048,#4152,#4178,
    #4210,#4272,#4296,#4321,#4396,#4422,#4448,#4508,#4661,#4688,#4714,
    #4860,#4891,#4915,#4939,#4963,#4987,#5011,#5035,#5059,#5083,#5114,
    #5152,#5183,#5200,#5224,#5263,#5287,#5318,#5342,#5366,#5390,#5414,
    #5445,#5469,#5493,#5518,#5543,#5884,#5915,#5946,#5970,#5992,#6016,
    #6033,#6057,#6082,#6106,#6123,#6147,#6171,#6195,#6219,#6243,#6285,
    #6309,#6333,#6519,#6543,#6567,#6591,#6608,#6632,#6656,#6680,#6697,
    #6721,#6747,#6764,#6811,#6836,#6876,#6916,#6941,#6981,#7021,#7046,
    #7079,#7098,#7145,#7170,#7210,#7250,#7275,#7315,#7355,#7380,#7413,
    #7432,#7448,#7461,#7492,#7517,#7541,#7565,#7590,#7614,#7638,#7672,
    #7689,#7720,#7745,#7769,#7793,#7818,#7842,#7866,#7900,#7917,#7934,
    #7951,#7968,#7984,#8001,#8032,#8049,#8081,#8098,#8114,#8138,#8150,
    #8166,#8197,#8220,#8232,#8264,#8276,#8293,#8310,#8325,#8356,#8380,
    #8404,#8428,#8452,#8476,#8500,#8517,#8548,#8572,#8596,#8620,#8644,
    #8668,#8692,#8709,#8740,#8764,#8788,#8812,#8836,#8860,#8884,#8901,
    #8932,#8956,#8980,#9004,#9028,#9052,#9076,#9093,#9124,#9148,#9172,
    #9196,#9220,#9244,#9268,#9285,#9316,#9340,#9364,#9388,#9412,#9436,
    #9460,#9477,#9508,#9532,#9556,#9580,#9604,#9628,#9652,#9669,#9700,
    #9724,#9748,#9772,#9796,#9820,#9844,#9861,#9892,#9916,#9940,#9964,
    #9988,#10012,#10036,#10053,#10084,#10108,#10132,#10156,#10180,#10204
    ,#10228,#10245,#10270,#10287,#10563,#10575,#10599,#10616,#10633,
    #10645,#10669,#10686,#10705,#10717,#10741,#10758,#10782,#10794,
    #10811,#10823,#10847,#10864,#10888,#10900,#10917,#10929,#10953,
    #10970,#10989,#11001,#11025,#11042,#11059,#11071,#11088,#11100,
    #11117,#11134,#11150,#11172,#11188,#11201,#11223,#11240,#11257,
    #11273,#11290,#11312,#11329,#11346,#11362,#11379,#11396,#12078,
    #12094,#12111,#12128,#12153,#12178,#12209,#12234,#12258,#12282,
    #12316,#12340,#12364,#12389,#12406,#12437,#12462,#12486,#12510,
    #12544,#12568,#12592,#12617,#12634,#12665,#12690,#12714,#12738,
    #12772,#12796,#12820,#12845,#12862,#12879,#12910,#12935,#12959,
    #12983,#13017,#13041,#13065,#13090,#13107,#13119,#13131,#13143,
    #13160,#13186,#13198,#13229,#13254,#13278,#13302,#13327,#13351,
    #13375,#13409,#13426,#13457,#13482,#13506,#13530,#13555,#13579,
    #13603,#13637,#13654,#13666,#13683,#13758,#13770,#13781,#13794,
    #13805,#13817,#13834,#13909,#13921,#13932,#13945,#13956,#13968,
    #13986,#14004,#14035,#14059,#14083,#14107,#14131,#14155,#14179,
    #14196,#14227,#14251,#14275,#14299,#14323,#14347,#14371,#14388,
    #14419,#14443,#14467,#14491,#14515,#14539,#14563,#14580,#14611,
    #14635,#14659,#14683,#14707,#14731,#14755,#14772,#14803,#14827,
    #14851,#14875,#14899,#14923,#14947,#14964,#14995,#15019,#15043,
    #15067,#15091,#15115,#15139,#15156,#15187,#15211,#15235,#15259,
    #15283,#15307,#15331,#15348,#15379,#15403,#15427,#15451,#15475,
    #15499,#15523,#15540,#15571,#15595,#15619,#15643,#15667,#15691,
    #15715,#15732,#15763,#15787,#15811,#15835,#15859,#15883,#15907,
    #15924,#15936,#15958,#15975,#15992,#16009,#16026,#16043,#16060,
    #16072,#16094,#16111,#16128,#16145,#16162,#16179,#16196,#16208,
    #16230,#16247,#16264,#16281,#16298,#16315,#16332,#16344,#16366,
    #16383,#16400,#16417,#16434,#16451,#16468,#16480,#16502,#16519,
    #16536,#16553,#16570,#16587,#16604,#16616,#16638,#16655,#16672,
    #16689,#16706,#16723,#16740,#16752,#16774,#16791,#16808,#16825,
    #16842,#16859,#16876,#16888,#16910,#16927,#16944,#16961,#16978,
    #16995,#17012,#17024,#17046,#17063,#17080,#17097,#17114,#17131,
    #17148,#17160,#17182,#17199,#17216,#17233,#17250,#17267,#17284,
    #17296,#17382,#17468,#17486,#17504,#17522,#17540,#17565,#17583,
    #17601,#17613,#17654,#17678,#17702,#17727,#17751,#17775,#17800,
    #17824,#17841,#17882,#17906,#17930,#17955,#17979,#18003,#18028,
    #18052,#18069,#18087));
#17 = ADVANCED_FACE('',(#18),#100,.F.);
#18 = FACE_BOUND('',#19,.F.);
#19 = EDGE_LOOP('',(#20,#30,#38,#46,#54,#62,#70,#78,#86,#94));
#20 = ORIENTED_EDGE('',*,*,#21,.T.);
#21 = EDGE_CURVE('',#22,#24,#26,.T.);
#22 = VERTEX_POINT('',#23);
#23 = CARTESIAN_POINT('',(0.,-89.,-50.));
#24 = VERTEX_POINT('',#25);
#25 = CARTESIAN_POINT('',(0.,-51.560657,-50.));
#26 = LINE('',#27,#28);
#27 = CARTESIAN_POINT('',(0.,-94.,-50.));
#28 = VECTOR('',#29,1.);
#29 = DIRECTION('',(0.,1.,0.));
#30 = ORIENTED_EDGE('',*,*,#31,.T.);
#31 = EDGE_CURVE('',#24,#32,#34,.T.);
#32 = VERTEX_POINT('',#33);
#33 = CARTESIAN_POINT('',(0.,-51.560657,-47.));
#34 = LINE('',#35,#36);
#35 = CARTESIAN_POINT('',(0.,-51.560657,-50.));
#36 = VECTOR('',#37,1.);
#37 = DIRECTION('',(-1.224646799147E-16,0.,1.));
#38 = ORIENTED_EDGE('',*,*,#39,.F.);
#39 = EDGE_CURVE('',#40,#32,#42,.T.);
#40 = VERTEX_POINT('',#41);
#41 = CARTESIAN_POINT('',(0.,-82.,-47.));
#42 = LINE('',#43,#44);
#43 = CARTESIAN_POINT('',(0.,-91.,-47.));
#44 = VECTOR('',#45,1.);
#45 = DIRECTION('',(-2.719262146894E-32,1.,2.22044604925E-16));
#46 = ORIENTED_EDGE('',*,*,#47,.F.);
#47 = EDGE_CURVE('',#48,#40,#50,.T.);
#48 = VERTEX_POINT('',#49);
#49 = CARTESIAN_POINT('',(0.,-84.,-45.));
#50 = LINE('',#51,#52);
#51 = CARTESIAN_POINT('',(0.,-97.25,-31.75));
#52 = VECTOR('',#53,1.);
#53 = DIRECTION('',(8.659560562355E-17,0.707106781187,-0.707106781187));
#54 = ORIENTED_EDGE('',*,*,#55,.F.);
#55 = EDGE_CURVE('',#56,#48,#58,.T.);
#56 = VERTEX_POINT('',#57);
#57 = CARTESIAN_POINT('',(0.,-84.,-47.));
#58 = LINE('',#59,#60);
#59 = CARTESIAN_POINT('',(0.,-84.,-23.5));
#60 = VECTOR('',#61,1.);
#61 = DIRECTION('',(-1.224646799147E-16,-0.,1.));
#62 = ORIENTED_EDGE('',*,*,#63,.F.);
#63 = EDGE_CURVE('',#64,#56,#66,.T.);
#64 = VERTEX_POINT('',#65);
#65 = CARTESIAN_POINT('',(0.,-91.,-47.));
#66 = LINE('',#67,#68);
#67 = CARTESIAN_POINT('',(0.,-91.,-47.));
#68 = VECTOR('',#69,1.);
#69 = DIRECTION('',(-2.719262146894E-32,1.,2.22044604925E-16));
#70 = ORIENTED_EDGE('',*,*,#71,.F.);
#71 = EDGE_CURVE('',#72,#64,#74,.T.);
#72 = VERTEX_POINT('',#73);
#73 = CARTESIAN_POINT('',(0.,-91.,6.661338147751E-16));
#74 = LINE('',#75,#76);
#75 = CARTESIAN_POINT('',(0.,-91.,6.661338147751E-16));
#76 = VECTOR('',#77,1.);
#77 = DIRECTION('',(1.224646799147E-16,2.22044604925E-16,-1.));
#78 = ORIENTED_EDGE('',*,*,#79,.F.);
#79 = EDGE_CURVE('',#80,#72,#82,.T.);
#80 = VERTEX_POINT('',#81);
#81 = CARTESIAN_POINT('',(0.,-94.,0.));
#82 = LINE('',#83,#84);
#83 = CARTESIAN_POINT('',(0.,-94.,0.));
#84 = VECTOR('',#85,1.);
#85 = DIRECTION('',(0.,1.,0.));
#86 = ORIENTED_EDGE('',*,*,#87,.T.);
#87 = EDGE_CURVE('',#80,#88,#90,.T.);
#88 = VERTEX_POINT('',#89);
#89 = CARTESIAN_POINT('',(0.,-94.,-45.));
#90 = LINE('',#91,#92);
#91 = CARTESIAN_POINT('',(0.,-94.,0.));
#92 = VECTOR('',#93,1.);
#93 = DIRECTION('',(1.224646799147E-16,0.,-1.));
#94 = ORIENTED_EDGE('',*,*,#95,.T.);
#95 = EDGE_CURVE('',#88,#22,#96,.T.);
#96 = LINE('',#97,#98);
#97 = CARTESIAN_POINT('',(1.42108547152E-14,-104.,-35.));
#98 = VECTOR('',#99,1.);
#99 = DIRECTION('',(8.659560562355E-17,0.707106781187,-0.707106781187));
#100 = PLANE('',#101);
#101 = AXIS2_PLACEMENT_3D('',#102,#103,#104);
#102 = CARTESIAN_POINT('',(0.,-94.,0.));
#103 = DIRECTION('',(1.,0.,1.224646799147E-16));
#104 = DIRECTION('',(0.,1.,0.));
#105 = ADVANCED_FACE('',(#106),#227,.T.);
#106 = FACE_BOUND('',#107,.T.);
#107 = EDGE_LOOP('',(#108,#118,#126,#134,#142,#150,#158,#166,#174,#182,
    #188,#189,#197,#205,#213,#221));
#108 = ORIENTED_EDGE('',*,*,#109,.T.);
#109 = EDGE_CURVE('',#110,#112,#114,.T.);
#110 = VERTEX_POINT('',#111);
#111 = CARTESIAN_POINT('',(0.,40.660662,-50.));
#112 = VERTEX_POINT('',#113);
#113 = CARTESIAN_POINT('',(0.,89.,-50.));
#114 = LINE('',#115,#116);
#115 = CARTESIAN_POINT('',(0.,-94.,-50.));
#116 = VECTOR('',#117,1.);
#117 = DIRECTION('',(0.,1.,0.));
#118 = ORIENTED_EDGE('',*,*,#119,.T.);
#119 = EDGE_CURVE('',#112,#120,#122,.T.);
#120 = VERTEX_POINT('',#121);
#121 = CARTESIAN_POINT('',(100.5,89.,-50.));
#122 = LINE('',#123,#124);
#123 = CARTESIAN_POINT('',(0.,89.,-50.));
#124 = VECTOR('',#125,1.);
#125 = DIRECTION('',(1.,0.,1.224646799147E-16));
#126 = ORIENTED_EDGE('',*,*,#127,.F.);
#127 = EDGE_CURVE('',#128,#120,#130,.T.);
#128 = VERTEX_POINT('',#129);
#129 = CARTESIAN_POINT('',(100.5,76.5,-50.));
#130 = LINE('',#131,#132);
#131 = CARTESIAN_POINT('',(100.5,71.5,-50.));
#132 = VECTOR('',#133,1.);
#133 = DIRECTION('',(0.,1.,0.));
#134 = ORIENTED_EDGE('',*,*,#135,.T.);
#135 = EDGE_CURVE('',#128,#136,#138,.T.);
#136 = VERTEX_POINT('',#137);
#137 = CARTESIAN_POINT('',(110.5,66.5,-50.));
#138 = LINE('',#139,#140);
#139 = CARTESIAN_POINT('',(109.5625,67.4375,-50.));
#140 = VECTOR('',#141,1.);
#141 = DIRECTION('',(0.707106781187,-0.707106781187,8.659560562355E-17)
  );
#142 = ORIENTED_EDGE('',*,*,#143,.F.);
#143 = EDGE_CURVE('',#144,#136,#146,.T.);
#144 = VERTEX_POINT('',#145);
#145 = CARTESIAN_POINT('',(115.5,66.5,-50.));
#146 = LINE('',#147,#148);
#147 = CARTESIAN_POINT('',(120.5,66.5,-50.));
#148 = VECTOR('',#149,1.);
#149 = DIRECTION('',(-1.,0.,-1.224646799147E-16));
#150 = ORIENTED_EDGE('',*,*,#151,.T.);
#151 = EDGE_CURVE('',#144,#152,#154,.T.);
#152 = VERTEX_POINT('',#153);
#153 = CARTESIAN_POINT('',(115.5,-66.5,-50.));
#154 = LINE('',#155,#156);
#155 = CARTESIAN_POINT('',(115.5,71.5,-50.));
#156 = VECTOR('',#157,1.);
#157 = DIRECTION('',(0.,-1.,-0.));
#158 = ORIENTED_EDGE('',*,*,#159,.F.);
#159 = EDGE_CURVE('',#160,#152,#162,.T.);
#160 = VERTEX_POINT('',#161);
#161 = CARTESIAN_POINT('',(110.5,-66.5,-50.));
#162 = LINE('',#163,#164);
#163 = CARTESIAN_POINT('',(105.5,-66.5,-50.));
#164 = VECTOR('',#165,1.);
#165 = DIRECTION('',(1.,0.,1.224646799147E-16));
#166 = ORIENTED_EDGE('',*,*,#167,.F.);
#167 = EDGE_CURVE('',#168,#160,#170,.T.);
#168 = VERTEX_POINT('',#169);
#169 = CARTESIAN_POINT('',(100.5,-76.5,-50.));
#170 = LINE('',#171,#172);
#171 = CARTESIAN_POINT('',(109.5625,-67.4375,-50.));
#172 = VECTOR('',#173,1.);
#173 = DIRECTION('',(0.707106781187,0.707106781187,8.659560562355E-17));
#174 = ORIENTED_EDGE('',*,*,#175,.F.);
#175 = EDGE_CURVE('',#176,#168,#178,.T.);
#176 = VERTEX_POINT('',#177);
#177 = CARTESIAN_POINT('',(100.5,-89.,-50.));
#178 = LINE('',#179,#180);
#179 = CARTESIAN_POINT('',(100.5,-94.,-50.));
#180 = VECTOR('',#181,1.);
#181 = DIRECTION('',(0.,1.,0.));
#182 = ORIENTED_EDGE('',*,*,#183,.T.);
#183 = EDGE_CURVE('',#176,#22,#184,.T.);
#184 = LINE('',#185,#186);
#185 = CARTESIAN_POINT('',(105.5,-89.,-50.));
#186 = VECTOR('',#187,1.);
#187 = DIRECTION('',(-1.,0.,-1.224646799147E-16));
#188 = ORIENTED_EDGE('',*,*,#21,.T.);
#189 = ORIENTED_EDGE('',*,*,#190,.T.);
#190 = EDGE_CURVE('',#24,#191,#193,.T.);
#191 = VERTEX_POINT('',#192);
#192 = CARTESIAN_POINT('',(68.05815734356,-51.560657,-50.));
#193 = LINE('',#194,#195);
#194 = CARTESIAN_POINT('',(0.,-51.560657,-50.));
#195 = VECTOR('',#196,1.);
#196 = DIRECTION('',(1.,0.,1.224646799147E-16));
#197 = ORIENTED_EDGE('',*,*,#198,.F.);
#198 = EDGE_CURVE('',#199,#191,#201,.T.);
#199 = VERTEX_POINT('',#200);
#200 = CARTESIAN_POINT('',(69.05815734356,-50.560657,-50.));
#201 = LINE('',#202,#203);
#202 = CARTESIAN_POINT('',(79.49628225767,-40.12253208589,-50.));
#203 = VECTOR('',#204,1.);
#204 = DIRECTION('',(-0.707106781187,-0.707106781187,-8.659560562355E-17
    ));
#205 = ORIENTED_EDGE('',*,*,#206,.T.);
#206 = EDGE_CURVE('',#199,#207,#209,.T.);
#207 = VERTEX_POINT('',#208);
#208 = CARTESIAN_POINT('',(69.05815734356,39.660662,-50.));
#209 = LINE('',#210,#211);
#210 = CARTESIAN_POINT('',(69.05815734356,-51.060657,-50.));
#211 = VECTOR('',#212,1.);
#212 = DIRECTION('',(0.,1.,0.));
#213 = ORIENTED_EDGE('',*,*,#214,.F.);
#214 = EDGE_CURVE('',#215,#207,#217,.T.);
#215 = VERTEX_POINT('',#216);
#216 = CARTESIAN_POINT('',(68.05815734356,40.660662,-50.));
#217 = LINE('',#218,#219);
#218 = CARTESIAN_POINT('',(76.27128350767,32.44753583589,-50.));
#219 = VECTOR('',#220,1.);
#220 = DIRECTION('',(0.707106781187,-0.707106781187,8.659560562355E-17)
  );
#221 = ORIENTED_EDGE('',*,*,#222,.T.);
#222 = EDGE_CURVE('',#215,#110,#223,.T.);
#223 = LINE('',#224,#225);
#224 = CARTESIAN_POINT('',(68.55815734356,40.660662,-50.));
#225 = VECTOR('',#226,1.);
#226 = DIRECTION('',(-1.,0.,-1.224646799147E-16));
#227 = PLANE('',#228);
#228 = AXIS2_PLACEMENT_3D('',#229,#230,#231);
#229 = CARTESIAN_POINT('',(60.25,0.,-50.));
#230 = DIRECTION('',(1.224646799147E-16,0.,-1.));
#231 = DIRECTION('',(-1.,0.,-1.224646799147E-16));
#232 = ADVANCED_FACE('',(#233),#251,.T.);
#233 = FACE_BOUND('',#234,.T.);
#234 = EDGE_LOOP('',(#235,#243,#249,#250));
#235 = ORIENTED_EDGE('',*,*,#236,.F.);
#236 = EDGE_CURVE('',#237,#176,#239,.T.);
#237 = VERTEX_POINT('',#238);
#238 = CARTESIAN_POINT('',(100.5,-94.,-45.));
#239 = LINE('',#240,#241);
#240 = CARTESIAN_POINT('',(100.5,-92.75,-46.25));
#241 = VECTOR('',#242,1.);
#242 = DIRECTION('',(8.659560562355E-17,0.707106781187,-0.707106781187)
  );
#243 = ORIENTED_EDGE('',*,*,#244,.T.);
#244 = EDGE_CURVE('',#237,#88,#245,.T.);
#245 = LINE('',#246,#247);
#246 = CARTESIAN_POINT('',(105.5,-94.,-45.));
#247 = VECTOR('',#248,1.);
#248 = DIRECTION('',(-1.,0.,-1.224646799147E-16));
#249 = ORIENTED_EDGE('',*,*,#95,.T.);
#250 = ORIENTED_EDGE('',*,*,#183,.F.);
#251 = PLANE('',#252);
#252 = AXIS2_PLACEMENT_3D('',#253,#254,#255);
#253 = CARTESIAN_POINT('',(105.5,-91.5,-47.5));
#254 = DIRECTION('',(8.659560562355E-17,-0.707106781187,-0.707106781187)
  );
#255 = DIRECTION('',(-1.,0.,-1.224646799147E-16));
#256 = ADVANCED_FACE('',(#257),#282,.F.);
#257 = FACE_BOUND('',#258,.T.);
#258 = EDGE_LOOP('',(#259,#267,#268,#276));
#259 = ORIENTED_EDGE('',*,*,#260,.F.);
#260 = EDGE_CURVE('',#24,#261,#263,.T.);
#261 = VERTEX_POINT('',#262);
#262 = CARTESIAN_POINT('',(0.5,-51.060657,-49.5));
#263 = LINE('',#264,#265);
#264 = CARTESIAN_POINT('',(0.166666666667,-51.39399033333,
    -49.83333333333));
#265 = VECTOR('',#266,1.);
#266 = DIRECTION('',(0.57735026919,0.57735026919,0.57735026919));
#267 = ORIENTED_EDGE('',*,*,#31,.T.);
#268 = ORIENTED_EDGE('',*,*,#269,.T.);
#269 = EDGE_CURVE('',#32,#270,#272,.T.);
#270 = VERTEX_POINT('',#271);
#271 = CARTESIAN_POINT('',(0.5,-51.060657,-47.5));
#272 = LINE('',#273,#274);
#273 = CARTESIAN_POINT('',(0.666666666667,-50.89399033333,
    -47.66666666666));
#274 = VECTOR('',#275,1.);
#275 = DIRECTION('',(0.57735026919,0.57735026919,-0.57735026919));
#276 = ORIENTED_EDGE('',*,*,#277,.F.);
#277 = EDGE_CURVE('',#261,#270,#278,.T.);
#278 = LINE('',#279,#280);
#279 = CARTESIAN_POINT('',(0.5,-51.060657,-50.));
#280 = VECTOR('',#281,1.);
#281 = DIRECTION('',(-1.224646799147E-16,0.,1.));
#282 = PLANE('',#283);
#283 = AXIS2_PLACEMENT_3D('',#284,#285,#286);
#284 = CARTESIAN_POINT('',(0.25,-51.310657,-50.));
#285 = DIRECTION('',(0.707106781187,-0.707106781187,8.659560562355E-17)
  );
#286 = DIRECTION('',(1.224646799147E-16,0.,-1.));
#287 = ADVANCED_FACE('',(#288,#338,#404,#511,#560,#627,#704,#751),#859,
  .T.);
#288 = FACE_BOUND('',#289,.T.);
#289 = EDGE_LOOP('',(#290,#291,#292,#300,#308,#316,#324,#332));
#290 = ORIENTED_EDGE('',*,*,#87,.T.);
#291 = ORIENTED_EDGE('',*,*,#244,.F.);
#292 = ORIENTED_EDGE('',*,*,#293,.F.);
#293 = EDGE_CURVE('',#294,#237,#296,.T.);
#294 = VERTEX_POINT('',#295);
#295 = CARTESIAN_POINT('',(100.5,-94.,-20.49));
#296 = LINE('',#297,#298);
#297 = CARTESIAN_POINT('',(100.5,-94.,-15.49));
#298 = VECTOR('',#299,1.);
#299 = DIRECTION('',(1.224646799147E-16,0.,-1.));
#300 = ORIENTED_EDGE('',*,*,#301,.F.);
#301 = EDGE_CURVE('',#302,#294,#304,.T.);
#302 = VERTEX_POINT('',#303);
#303 = CARTESIAN_POINT('',(105.5,-94.,-15.49));
#304 = LINE('',#305,#306);
#305 = CARTESIAN_POINT('',(95.5575,-94.,-25.4325));
#306 = VECTOR('',#307,1.);
#307 = DIRECTION('',(-0.707106781187,0.,-0.707106781187));
#308 = ORIENTED_EDGE('',*,*,#309,.T.);
#309 = EDGE_CURVE('',#302,#310,#312,.T.);
#310 = VERTEX_POINT('',#311);
#311 = CARTESIAN_POINT('',(120.49,-94.,-0.5));
#312 = LINE('',#313,#314);
#313 = CARTESIAN_POINT('',(95.5575,-94.,-25.4325));
#314 = VECTOR('',#315,1.);
#315 = DIRECTION('',(0.707106781187,0.,0.707106781187));
#316 = ORIENTED_EDGE('',*,*,#317,.T.);
#317 = EDGE_CURVE('',#310,#318,#320,.T.);
#318 = VERTEX_POINT('',#319);
#319 = CARTESIAN_POINT('',(120.5,-94.,-0.5));
#320 = LINE('',#321,#322);
#321 = CARTESIAN_POINT('',(105.5,-94.,-0.5));
#322 = VECTOR('',#323,1.);
#323 = DIRECTION('',(1.,0.,1.224646799147E-16));
#324 = ORIENTED_EDGE('',*,*,#325,.F.);
#325 = EDGE_CURVE('',#326,#318,#328,.T.);
#326 = VERTEX_POINT('',#327);
#327 = CARTESIAN_POINT('',(120.5,-94.,2.432671933706E-14));
#328 = LINE('',#329,#330);
#329 = CARTESIAN_POINT('',(120.5,-94.,2.432671933706E-14));
#330 = VECTOR('',#331,1.);
#331 = DIRECTION('',(1.224646799147E-16,0.,-1.));
#332 = ORIENTED_EDGE('',*,*,#333,.T.);
#333 = EDGE_CURVE('',#326,#80,#334,.T.);
#334 = LINE('',#335,#336);
#335 = CARTESIAN_POINT('',(120.5,-94.,1.475699392973E-14));
#336 = VECTOR('',#337,1.);
#337 = DIRECTION('',(-1.,0.,-1.224646799147E-16));
#338 = FACE_BOUND('',#339,.T.);
#339 = EDGE_LOOP('',(#340,#350,#358,#366,#374,#382,#390,#398));
#340 = ORIENTED_EDGE('',*,*,#341,.T.);
#341 = EDGE_CURVE('',#342,#344,#346,.T.);
#342 = VERTEX_POINT('',#343);
#343 = CARTESIAN_POINT('',(29.287096246824,-94.,-39.5679));
#344 = VERTEX_POINT('',#345);
#345 = CARTESIAN_POINT('',(29.287096246824,-94.,-39.81790639795));
#346 = LINE('',#347,#348);
#347 = CARTESIAN_POINT('',(29.287096246824,-94.,-12.16734032258));
#348 = VECTOR('',#349,1.);
#349 = DIRECTION('',(1.224646799147E-16,0.,-1.));
#350 = ORIENTED_EDGE('',*,*,#351,.T.);
#351 = EDGE_CURVE('',#344,#352,#354,.T.);
#352 = VERTEX_POINT('',#353);
#353 = CARTESIAN_POINT('',(25.913652708075,-94.,-39.84204109795));
#354 = LINE('',#355,#356);
#355 = CARTESIAN_POINT('',(29.288884781454,-94.,-39.8178936022));
#356 = VECTOR('',#357,1.);
#357 = DIRECTION('',(-0.999974408824,0.,-7.154138519703E-03));
#358 = ORIENTED_EDGE('',*,*,#359,.F.);
#359 = EDGE_CURVE('',#360,#352,#362,.T.);
#360 = VERTEX_POINT('',#361);
#361 = CARTESIAN_POINT('',(25.913652708075,-94.,-39.5920347));
#362 = LINE('',#363,#364);
#363 = CARTESIAN_POINT('',(25.913652708075,-94.,-31.20730767258));
#364 = VECTOR('',#365,1.);
#365 = DIRECTION('',(1.224646799147E-16,0.,-1.));
#366 = ORIENTED_EDGE('',*,*,#367,.T.);
#367 = EDGE_CURVE('',#360,#368,#370,.T.);
#368 = VERTEX_POINT('',#369);
#369 = CARTESIAN_POINT('',(25.913652708075,-94.,-1.5121));
#370 = LINE('',#371,#372);
#371 = CARTESIAN_POINT('',(25.913652708075,-94.,-32.29601735));
#372 = VECTOR('',#373,1.);
#373 = DIRECTION('',(-1.224646799147E-16,0.,1.));
#374 = ORIENTED_EDGE('',*,*,#375,.T.);
#375 = EDGE_CURVE('',#368,#376,#378,.T.);
#376 = VERTEX_POINT('',#377);
#377 = CARTESIAN_POINT('',(25.913652708075,-94.,-1.2621));
#378 = LINE('',#379,#380);
#379 = CARTESIAN_POINT('',(25.913652708075,-94.,-31.20730767258));
#380 = VECTOR('',#381,1.);
#381 = DIRECTION('',(-1.224646799147E-16,-0.,1.));
#382 = ORIENTED_EDGE('',*,*,#383,.F.);
#383 = EDGE_CURVE('',#384,#376,#386,.T.);
#384 = VERTEX_POINT('',#385);
#385 = CARTESIAN_POINT('',(29.287096246824,-94.,-1.2621));
#386 = LINE('',#387,#388);
#387 = CARTESIAN_POINT('',(29.287096246824,-94.,-1.2621));
#388 = VECTOR('',#389,1.);
#389 = DIRECTION('',(-1.,0.,-1.224646799147E-16));
#390 = ORIENTED_EDGE('',*,*,#391,.F.);
#391 = EDGE_CURVE('',#392,#384,#394,.T.);
#392 = VERTEX_POINT('',#393);
#393 = CARTESIAN_POINT('',(29.287096246824,-94.,-1.5121));
#394 = LINE('',#395,#396);
#395 = CARTESIAN_POINT('',(29.287096246824,-94.,-12.16734032258));
#396 = VECTOR('',#397,1.);
#397 = DIRECTION('',(-1.224646799147E-16,0.,1.));
#398 = ORIENTED_EDGE('',*,*,#399,.T.);
#399 = EDGE_CURVE('',#392,#342,#400,.T.);
#400 = LINE('',#401,#402);
#401 = CARTESIAN_POINT('',(29.287096246824,-94.,-13.25605));
#402 = VECTOR('',#403,1.);
#403 = DIRECTION('',(1.224646799147E-16,0.,-1.));
#404 = FACE_BOUND('',#405,.T.);
#405 = EDGE_LOOP('',(#406,#451,#459,#505));
#406 = ORIENTED_EDGE('',*,*,#407,.F.);
#407 = EDGE_CURVE('',#408,#410,#412,.T.);
#408 = VERTEX_POINT('',#409);
#409 = CARTESIAN_POINT('',(7.055895685495,-94.,-24.17592565658));
#410 = VERTEX_POINT('',#411);
#411 = CARTESIAN_POINT('',(10.965426614793,-94.,-32.43412427473));
#412 = B_SPLINE_CURVE_WITH_KNOTS('',13,(#413,#414,#415,#416,#417,#418,
    #419,#420,#421,#422,#423,#424,#425,#426,#427,#428,#429,#430,#431,
    #432,#433,#434,#435,#436,#437,#438,#439,#440,#441,#442,#443,#444,
    #445,#446,#447,#448,#449,#450),.UNSPECIFIED.,.F.,.F.,(14,12,12,14),(
    -0.182326573668,-7.577350293965E-02,8.356264733066,10.686086640643),
  .UNSPECIFIED.);
#413 = CARTESIAN_POINT('',(7.025395815962,-94.,-24.02083965181));
#414 = CARTESIAN_POINT('',(7.026950793784,-93.99999999998,
    -24.02891994424));
#415 = CARTESIAN_POINT('',(7.028509532968,-94.00000000007,-24.0370004558
    ));
#416 = CARTESIAN_POINT('',(7.030072051826,-93.99999999979,
    -24.04508113553));
#417 = CARTESIAN_POINT('',(7.031638365073,-94.0000000004,-24.05316193362
    ));
#418 = CARTESIAN_POINT('',(7.033208487113,-93.99999999941,
    -24.06124279933));
#419 = CARTESIAN_POINT('',(7.034782432874,-94.00000000066,
    -24.06932368348));
#420 = CARTESIAN_POINT('',(7.036360216567,-93.99999999939,
    -24.07740453477));
#421 = CARTESIAN_POINT('',(7.03794185321,-94.00000000043,-24.08548530426
    ));
#422 = CARTESIAN_POINT('',(7.039527357068,-93.99999999975,
    -24.09356594085));
#423 = CARTESIAN_POINT('',(7.04111674299,-94.0000000001,-24.10164639506)
  );
#424 = CARTESIAN_POINT('',(7.04271002545,-93.99999999996,-24.10972661642
    ));
#425 = CARTESIAN_POINT('',(7.044307219118,-94.,-24.11780655495));
#426 = CARTESIAN_POINT('',(7.172612341265,-93.99999999996,
    -24.76526278532));
#427 = CARTESIAN_POINT('',(7.32377159245,-94.00000000013,-25.40119315809
    ));
#428 = CARTESIAN_POINT('',(7.498838206344,-93.99999999965,-26.0287204548
    ));
#429 = CARTESIAN_POINT('',(7.698627880323,-94.00000000067,
    -26.65849524397));
#430 = CARTESIAN_POINT('',(7.920723596084,-93.99999999898,
    -27.26554227008));
#431 = CARTESIAN_POINT('',(8.168240988095,-94.00000000118,
    -27.88734897034));
#432 = CARTESIAN_POINT('',(8.436614902483,-93.99999999889,
    -28.47557898985));
#433 = CARTESIAN_POINT('',(8.729548371839,-94.00000000082,
    -29.07540916315));
#434 = CARTESIAN_POINT('',(9.043531630005,-93.9999999995,-29.6511648085)
  );
#435 = CARTESIAN_POINT('',(9.37991084836,-94.00000000023,-30.22240405385
    ));
#436 = CARTESIAN_POINT('',(9.737401118239,-93.99999999991,
    -30.77939092731));
#437 = CARTESIAN_POINT('',(10.115722735646,-94.00000000001,
    -31.3241677757));
#438 = CARTESIAN_POINT('',(10.624380314206,-93.99999999999,
    -32.00221947665));
#439 = CARTESIAN_POINT('',(10.736042978727,-94.00000000003,
    -32.14798257298));
#440 = CARTESIAN_POINT('',(10.849237426234,-93.99999999991,
    -32.29270198416));
#441 = CARTESIAN_POINT('',(10.96395115982,-94.00000000014,
    -32.43636249293));
#442 = CARTESIAN_POINT('',(11.080171411322,-93.99999999981,
    -32.57894986327));
#443 = CARTESIAN_POINT('',(11.197885141943,-94.0000000002,
    -32.72045084324));
#444 = CARTESIAN_POINT('',(11.317079041366,-93.99999999981,
    -32.86085316091));
#445 = CARTESIAN_POINT('',(11.437739528804,-94.00000000015,
    -33.00014552919));
#446 = CARTESIAN_POINT('',(11.55985275195,-93.99999999989,
    -33.13831764099));
#447 = CARTESIAN_POINT('',(11.683404587873,-94.00000000005,
    -33.27536017333));
#448 = CARTESIAN_POINT('',(11.808380642365,-93.99999999997,
    -33.41126478439));
#449 = CARTESIAN_POINT('',(11.934766250342,-94.,-33.54602411531));
#450 = CARTESIAN_POINT('',(12.062546474767,-94.,-33.67963179009));
#451 = ORIENTED_EDGE('',*,*,#452,.T.);
#452 = EDGE_CURVE('',#408,#453,#455,.T.);
#453 = VERTEX_POINT('',#454);
#454 = CARTESIAN_POINT('',(7.055895685495,-94.,-16.90407294972));
#455 = LINE('',#456,#457);
#456 = CARTESIAN_POINT('',(7.055895685495,-94.,-24.15096633049));
#457 = VECTOR('',#458,1.);
#458 = DIRECTION('',(6.159597100087E-15,0.,1.));
#459 = ORIENTED_EDGE('',*,*,#460,.F.);
#460 = EDGE_CURVE('',#461,#453,#463,.T.);
#461 = VERTEX_POINT('',#462);
#462 = CARTESIAN_POINT('',(10.926937662443,-94.,-8.693507252135));
#463 = B_SPLINE_CURVE_WITH_KNOTS('',14,(#464,#465,#466,#467,#468,#469,
    #470,#471,#472,#473,#474,#475,#476,#477,#478,#479,#480,#481,#482,
    #483,#484,#485,#486,#487,#488,#489,#490,#491,#492,#493,#494,#495,
    #496,#497,#498,#499,#500,#501,#502,#503,#504),.UNSPECIFIED.,.F.,.F.,
  (15,13,13,15),(-2.328561299124,0.,8.333862158757,8.439430707845),
  .UNSPECIFIED.);
#464 = CARTESIAN_POINT('',(12.019284991446,-94.,-7.445632592206));
#465 = CARTESIAN_POINT('',(11.901095500106,-93.99999999999,
    -7.569984894913));
#466 = CARTESIAN_POINT('',(11.784103524722,-94.00000000002,
    -7.695320032254));
#467 = CARTESIAN_POINT('',(11.668320779976,-93.99999999991,
    -7.821632929534));
#468 = CARTESIAN_POINT('',(11.55375878239,-94.00000000019,-7.9489178199)
  );
#469 = CARTESIAN_POINT('',(11.440428850347,-93.99999999965,
    -8.077168244182));
#470 = CARTESIAN_POINT('',(11.328342104297,-94.00000000051,
    -8.206377051382));
#471 = CARTESIAN_POINT('',(11.217509466354,-93.99999999938,
    -8.336536397902));
#472 = CARTESIAN_POINT('',(11.107941660936,-94.00000000062,
    -8.467637748567));
#473 = CARTESIAN_POINT('',(10.999649213916,-93.99999999949,
    -8.599671875469));
#474 = CARTESIAN_POINT('',(10.892642453579,-94.00000000033,
    -8.732628859097));
#475 = CARTESIAN_POINT('',(10.786931509704,-93.99999999983,
    -8.866498087375));
#476 = CARTESIAN_POINT('',(10.682526314306,-94.00000000006,
    -9.001268256375));
#477 = CARTESIAN_POINT('',(10.579436601137,-93.99999999998,
    -9.13692736986));
#478 = CARTESIAN_POINT('',(10.11345862863,-94.00000000004,
    -9.762119383909));
#479 = CARTESIAN_POINT('',(9.766225636843,-93.99999999982,
    -10.26194531512));
#480 = CARTESIAN_POINT('',(9.436311159836,-94.00000000046,
    -10.77296429563));
#481 = CARTESIAN_POINT('',(9.124574266009,-93.99999999909,
    -11.29149098184));
#482 = CARTESIAN_POINT('',(8.829825427201,-94.00000000136,
    -11.82756577691));
#483 = CARTESIAN_POINT('',(8.55628396587,-93.99999999834,-12.35435318563
    ));
#484 = CARTESIAN_POINT('',(8.297052458453,-94.00000000163,
    -12.92024702976));
#485 = CARTESIAN_POINT('',(8.062956931915,-93.99999999866,
    -13.45323663688));
#486 = CARTESIAN_POINT('',(7.842155889837,-94.00000000091,
    -14.03484722361));
#487 = CARTESIAN_POINT('',(7.645990455561,-93.99999999948,
    -14.58922897528));
#488 = CARTESIAN_POINT('',(7.466629755521,-94.00000000024,
    -15.17030078252));
#489 = CARTESIAN_POINT('',(7.308860531805,-93.9999999999,-15.74629548121
    ));
#490 = CARTESIAN_POINT('',(7.170839900977,-94.00000000002,
    -16.33014058056));
#491 = CARTESIAN_POINT('',(7.051860101027,-93.99999999999,
    -16.92419947979));
#492 = CARTESIAN_POINT('',(7.050365353633,-94.00000000006,
    -16.93162861644));
#493 = CARTESIAN_POINT('',(7.048891776094,-93.99999999977,
    -16.93906031798));
#494 = CARTESIAN_POINT('',(7.04742547995,-94.00000000051,-16.94649379744
    ));
#495 = CARTESIAN_POINT('',(7.045951291302,-93.99999999906,
    -16.95392541222));
#496 = CARTESIAN_POINT('',(7.044468269239,-94.00000000134,
    -16.96135199559));
#497 = CARTESIAN_POINT('',(7.042988714657,-93.99999999843,-16.9687704161
    ));
#498 = CARTESIAN_POINT('',(7.04152884876,-94.00000000147,-16.97616869584
    ));
#499 = CARTESIAN_POINT('',(7.040099338205,-93.99999999889,-16.9835039992
    ));
#500 = CARTESIAN_POINT('',(7.03870384733,-94.00000000066,-16.99066282889
    ));
#501 = CARTESIAN_POINT('',(7.0373537936,-93.99999999968,-16.99739873787)
  );
#502 = CARTESIAN_POINT('',(7.03610748685,-94.00000000011,-17.00324289298
    ));
#503 = CARTESIAN_POINT('',(7.035141829054,-93.99999999997,
    -17.00738280353));
#504 = CARTESIAN_POINT('',(7.034864749104,-94.,-17.00850454283));
#505 = ORIENTED_EDGE('',*,*,#506,.F.);
#506 = EDGE_CURVE('',#410,#461,#507,.T.);
#507 = LINE('',#508,#509);
#508 = CARTESIAN_POINT('',(10.964244538763,-94.,-31.70500039354));
#509 = VECTOR('',#510,1.);
#510 = DIRECTION('',(-1.621225839736E-03,0.,0.999998685813));
#511 = FACE_BOUND('',#512,.T.);
#512 = EDGE_LOOP('',(#513,#523,#538,#546));
#513 = ORIENTED_EDGE('',*,*,#514,.F.);
#514 = EDGE_CURVE('',#515,#517,#519,.T.);
#515 = VERTEX_POINT('',#516);
#516 = CARTESIAN_POINT('',(13.856600322457,-94.,-5.744677529747));
#517 = VERTEX_POINT('',#518);
#518 = CARTESIAN_POINT('',(13.856600322456,-94.,-35.3352751047));
#519 = LINE('',#520,#521);
#520 = CARTESIAN_POINT('',(13.856600322457,-94.,-5.863556413498));
#521 = VECTOR('',#522,1.);
#522 = DIRECTION('',(-3.182050191324E-14,0.,-1.));
#523 = ORIENTED_EDGE('',*,*,#524,.F.);
#524 = EDGE_CURVE('',#525,#515,#527,.T.);
#525 = VERTEX_POINT('',#526);
#526 = CARTESIAN_POINT('',(17.730043900358,-94.,-3.234406355644));
#527 = B_SPLINE_CURVE_WITH_KNOTS('',9,(#528,#529,#530,#531,#532,#533,
    #534,#535,#536,#537),.UNSPECIFIED.,.F.,.F.,(10,10),(-0.665890935907,
    4.272988677278),.PIECEWISE_BEZIER_KNOTS.);
#528 = CARTESIAN_POINT('',(17.968342278336,-94.,-3.116534555271));
#529 = CARTESIAN_POINT('',(17.465637749737,-93.99999999999,
    -3.361356579251));
#530 = CARTESIAN_POINT('',(16.970554460592,-94.,-3.620495690714));
#531 = CARTESIAN_POINT('',(16.484373954628,-93.99999999998,
    -3.893861499513));
#532 = CARTESIAN_POINT('',(16.006500179929,-94.00000000001,
    -4.181441437487));
#533 = CARTESIAN_POINT('',(15.539046667394,-93.99999999998,
    -4.481590170805));
#534 = CARTESIAN_POINT('',(15.080507726458,-94.,-4.796611742989));
#535 = CARTESIAN_POINT('',(14.633376295252,-93.99999999999,
    -5.122963553594));
#536 = CARTESIAN_POINT('',(14.196584594204,-94.,-5.462993271342));
#537 = CARTESIAN_POINT('',(13.771460324301,-94.,-5.814742825679));
#538 = ORIENTED_EDGE('',*,*,#539,.F.);
#539 = EDGE_CURVE('',#540,#525,#542,.T.);
#540 = VERTEX_POINT('',#541);
#541 = CARTESIAN_POINT('',(17.730040593204,-94.,-37.84544226427));
#542 = LINE('',#543,#544);
#543 = CARTESIAN_POINT('',(17.730040632341,-94.,-37.43584858644));
#544 = VECTOR('',#545,1.);
#545 = DIRECTION('',(9.555200887371E-08,0.,1.));
#546 = ORIENTED_EDGE('',*,*,#547,.F.);
#547 = EDGE_CURVE('',#517,#540,#548,.T.);
#548 = B_SPLINE_CURVE_WITH_KNOTS('',10,(#549,#550,#551,#552,#553,#554,
    #555,#556,#557,#558,#559),.UNSPECIFIED.,.F.,.F.,(11,11),(
    -0.234602779666,5.332661455186),.PIECEWISE_BEZIER_KNOTS.);
#549 = CARTESIAN_POINT('',(13.766725838036,-94.,-35.26124235934));
#550 = CARTESIAN_POINT('',(14.197776916547,-94.,-35.61835058931));
#551 = CARTESIAN_POINT('',(14.640839406624,-93.99999999998,
    -35.96364991134));
#552 = CARTESIAN_POINT('',(15.094087876162,-94.00000000002,
    -36.29447927986));
#553 = CARTESIAN_POINT('',(15.559798269772,-93.99999999996,
    -36.61506881079));
#554 = CARTESIAN_POINT('',(16.033393798224,-94.00000000003,
    -36.9184144444));
#555 = CARTESIAN_POINT('',(16.518975091487,-93.99999999997,
    -37.21129507201));
#556 = CARTESIAN_POINT('',(17.012062174242,-94.00000000001,
    -37.48786792753));
#557 = CARTESIAN_POINT('',(17.514746267874,-93.99999999999,
    -37.75100071864));
#558 = CARTESIAN_POINT('',(18.025233097383,-94.,-37.99905685786));
#559 = CARTESIAN_POINT('',(18.543268489571,-94.,-38.23240055126));
#560 = FACE_BOUND('',#561,.T.);
#561 = EDGE_LOOP('',(#562,#580,#588,#596,#604,#621));
#562 = ORIENTED_EDGE('',*,*,#563,.F.);
#563 = EDGE_CURVE('',#564,#566,#568,.T.);
#564 = VERTEX_POINT('',#565);
#565 = CARTESIAN_POINT('',(23.690195936554,-94.,-1.2621));
#566 = VERTEX_POINT('',#567);
#567 = CARTESIAN_POINT('',(20.603487399952,-94.,-2.043709651403));
#568 = B_SPLINE_CURVE_WITH_KNOTS('',10,(#569,#570,#571,#572,#573,#574,
    #575,#576,#577,#578,#579),.UNSPECIFIED.,.F.,.F.,(11,11),(
    -0.10187557822,3.531586889979),.PIECEWISE_BEZIER_KNOTS.);
#569 = CARTESIAN_POINT('',(23.770012038746,-94.,-1.248090835759));
#570 = CARTESIAN_POINT('',(23.407325548458,-94.,-1.311070795784));
#571 = CARTESIAN_POINT('',(23.045249697751,-93.99999999997,
    -1.380768803431));
#572 = CARTESIAN_POINT('',(22.686591444877,-94.00000000004,
    -1.457080229041));
#573 = CARTESIAN_POINT('',(22.3259147261,-93.99999999993,-1.540145206589
    ));
#574 = CARTESIAN_POINT('',(21.97184747872,-94.00000000007,
    -1.629642540471));
#575 = CARTESIAN_POINT('',(21.615082173374,-93.99999999994,
    -1.725906892734));
#576 = CARTESIAN_POINT('',(21.263614317258,-94.00000000003,
    -1.828537531442));
#577 = CARTESIAN_POINT('',(20.912828441825,-93.99999999998,
    -1.937689036099));
#578 = CARTESIAN_POINT('',(20.564897601177,-94.,-2.053349463947));
#579 = CARTESIAN_POINT('',(20.219488726737,-94.,-2.175264423294));
#580 = ORIENTED_EDGE('',*,*,#581,.F.);
#581 = EDGE_CURVE('',#582,#564,#584,.T.);
#582 = VERTEX_POINT('',#583);
#583 = CARTESIAN_POINT('',(24.476930938701,-94.,-1.2621));
#584 = LINE('',#585,#586);
#585 = CARTESIAN_POINT('',(24.226930938701,-94.,-1.2621));
#586 = VECTOR('',#587,1.);
#587 = DIRECTION('',(-1.,0.,6.780336171853E-15));
#588 = ORIENTED_EDGE('',*,*,#589,.F.);
#589 = EDGE_CURVE('',#590,#582,#592,.T.);
#590 = VERTEX_POINT('',#591);
#591 = CARTESIAN_POINT('',(24.476930938701,-94.,-39.8179));
#592 = LINE('',#593,#594);
#593 = CARTESIAN_POINT('',(24.476930938701,-94.,-39.5679));
#594 = VECTOR('',#595,1.);
#595 = DIRECTION('',(-1.224646799147E-16,0.,1.));
#596 = ORIENTED_EDGE('',*,*,#597,.T.);
#597 = EDGE_CURVE('',#590,#598,#600,.T.);
#598 = VERTEX_POINT('',#599);
#599 = CARTESIAN_POINT('',(23.690214306027,-93.99999999999,-39.8179));
#600 = LINE('',#601,#602);
#601 = CARTESIAN_POINT('',(24.226930938701,-94.,-39.8179));
#602 = VECTOR('',#603,1.);
#603 = DIRECTION('',(-1.,0.,4.129434043069E-14));
#604 = ORIENTED_EDGE('',*,*,#605,.F.);
#605 = EDGE_CURVE('',#606,#598,#608,.T.);
#606 = VERTEX_POINT('',#607);
#607 = CARTESIAN_POINT('',(20.603487399953,-94.,-39.03625534028));
#608 = B_SPLINE_CURVE_WITH_KNOTS('',11,(#609,#610,#611,#612,#613,#614,
    #615,#616,#617,#618,#619,#620),.UNSPECIFIED.,.F.,.F.,(12,12),(
    -0.306473033816,3.047634390802),.PIECEWISE_BEZIER_KNOTS.);
#609 = CARTESIAN_POINT('',(20.483044454954,-94.,-38.99582518507));
#610 = CARTESIAN_POINT('',(20.774313791972,-94.,-39.09453510486));
#611 = CARTESIAN_POINT('',(21.067384900736,-93.99999999996,
    -39.18888479866));
#612 = CARTESIAN_POINT('',(21.362147226486,-94.00000000007,
    -39.27856007163));
#613 = CARTESIAN_POINT('',(21.657815599662,-93.99999999987,
    -39.36378170918));
#614 = CARTESIAN_POINT('',(21.956615706781,-94.00000000016,
    -39.44465134888));
#615 = CARTESIAN_POINT('',(22.253989337128,-93.99999999984,
    -39.5203027578));
#616 = CARTESIAN_POINT('',(22.555896228529,-94.00000000011,
    -39.59226985922));
#617 = CARTESIAN_POINT('',(22.856239625002,-93.99999999993,
    -39.65871291648));
#618 = CARTESIAN_POINT('',(23.159333822372,-94.00000000002,
    -39.72111374989));
#619 = CARTESIAN_POINT('',(23.462774234072,-93.99999999999,
    -39.77856134061));
#620 = CARTESIAN_POINT('',(23.767263725798,-94.,-39.83141352933));
#621 = ORIENTED_EDGE('',*,*,#622,.F.);
#622 = EDGE_CURVE('',#566,#606,#623,.T.);
#623 = LINE('',#624,#625);
#624 = CARTESIAN_POINT('',(20.603487399952,-94.,-2.224877400065));
#625 = VECTOR('',#626,1.);
#626 = DIRECTION('',(1.312730760271E-14,0.,-1.));
#627 = FACE_BOUND('',#628,.T.);
#628 = EDGE_LOOP('',(#629,#658,#666,#682,#690,#698));
#629 = ORIENTED_EDGE('',*,*,#630,.F.);
#630 = EDGE_CURVE('',#631,#633,#635,.T.);
#631 = VERTEX_POINT('',#632);
#632 = CARTESIAN_POINT('',(34.597261589274,-94.,-2.07412358193));
#633 = VERTEX_POINT('',#634);
#634 = CARTESIAN_POINT('',(31.419738279186,-94.,-1.262100000004));
#635 = B_SPLINE_CURVE_WITH_KNOTS('',11,(#636,#637,#638,#639,#640,#641,
    #642,#643,#644,#645,#646,#647,#648,#649,#650,#651,#652,#653,#654,
    #655,#656,#657),.UNSPECIFIED.,.F.,.F.,(12,10,12),(-0.581472653597,
    1.282696700203,3.146866054003),.UNSPECIFIED.);
#636 = CARTESIAN_POINT('',(34.979936178575,-94.,-2.207097081015));
#637 = CARTESIAN_POINT('',(34.819098633357,-94.,-2.149535777556));
#638 = CARTESIAN_POINT('',(34.657698084305,-93.99999999998,
    -2.093327703886));
#639 = CARTESIAN_POINT('',(34.495752455247,-94.00000000004,
    -2.038485187328));
#640 = CARTESIAN_POINT('',(34.333279133663,-93.99999999991,
    -1.985019012406));
#641 = CARTESIAN_POINT('',(34.170294970894,-94.00000000011,
    -1.932938420946));
#642 = CARTESIAN_POINT('',(34.006816281683,-93.99999999989,
    -1.882251112053));
#643 = CARTESIAN_POINT('',(33.842858844845,-94.00000000007,
    -1.832963242146));
#644 = CARTESIAN_POINT('',(33.6784379025,-93.99999999995,-1.78507942492)
  );
#645 = CARTESIAN_POINT('',(33.513568160769,-94.00000000001,
    -1.738602731377));
#646 = CARTESIAN_POINT('',(33.348263789272,-93.99999999999,
    -1.693534689805));
#647 = CARTESIAN_POINT('',(33.016813053557,-94.,-1.606215881778));
#648 = CARTESIAN_POINT('',(32.850706108751,-93.99999999999,
    -1.563976511965));
#649 = CARTESIAN_POINT('',(32.683893902531,-94.,-1.5230953116));
#650 = CARTESIAN_POINT('',(32.517826843323,-93.99999999999,
    -1.48385662643));
#651 = CARTESIAN_POINT('',(32.34868076205,-94.,-1.445510643599));
#652 = CARTESIAN_POINT('',(32.18365157752,-94.00000000001,
    -1.409478583339));
#653 = CARTESIAN_POINT('',(32.012922128173,-93.99999999998,
    -1.373806783423));
#654 = CARTESIAN_POINT('',(31.846552089107,-94.00000000001,
    -1.340520452165));
#655 = CARTESIAN_POINT('',(31.676903389385,-93.99999999999,
    -1.308055918725));
#656 = CARTESIAN_POINT('',(31.508250484605,-94.,-1.277312324185));
#657 = CARTESIAN_POINT('',(31.338980549384,-94.,-1.24792823675));
#658 = ORIENTED_EDGE('',*,*,#659,.F.);
#659 = EDGE_CURVE('',#660,#631,#662,.T.);
#660 = VERTEX_POINT('',#661);
#661 = CARTESIAN_POINT('',(34.597254392944,-94.,-39.00586765304));
#662 = LINE('',#663,#664);
#663 = CARTESIAN_POINT('',(34.597254428078,-94.,-38.82555829413));
#664 = VECTOR('',#665,1.);
#665 = DIRECTION('',(1.94854850677E-07,0.,1.));
#666 = ORIENTED_EDGE('',*,*,#667,.F.);
#667 = EDGE_CURVE('',#668,#660,#670,.T.);
#668 = VERTEX_POINT('',#669);
#669 = CARTESIAN_POINT('',(31.419721934031,-94.,-39.8179));
#670 = B_SPLINE_CURVE_WITH_KNOTS('',10,(#671,#672,#673,#674,#675,#676,
    #677,#678,#679,#680,#681),.UNSPECIFIED.,.F.,.F.,(11,11),(
    -0.100041920599,3.350256431889),.PIECEWISE_BEZIER_KNOTS.);
#671 = CARTESIAN_POINT('',(31.341714055251,-94.,-39.83158766028));
#672 = CARTESIAN_POINT('',(31.686152943358,-94.,-39.77178055065));
#673 = CARTESIAN_POINT('',(32.030042282912,-93.99999999998,
    -39.70591139512));
#674 = CARTESIAN_POINT('',(32.370873140884,-94.00000000003,
    -39.63402745518));
#675 = CARTESIAN_POINT('',(32.713443050084,-93.99999999995,
    -39.55619601297));
#676 = CARTESIAN_POINT('',(33.050304942604,-94.00000000004,
    -39.47220247511));
#677 = CARTESIAN_POINT('',(33.389229852553,-93.99999999996,
    -39.38264034213));
#678 = CARTESIAN_POINT('',(33.72390124287,-94.00000000002,
    -39.28671145198));
#679 = CARTESIAN_POINT('',(34.057544456937,-93.99999999999,
    -39.18534411492));
#680 = CARTESIAN_POINT('',(34.388945373388,-94.,-39.07785890183));
#681 = CARTESIAN_POINT('',(34.718008669972,-94.,-38.96475228525));
#682 = ORIENTED_EDGE('',*,*,#683,.T.);
#683 = EDGE_CURVE('',#668,#684,#686,.T.);
#684 = VERTEX_POINT('',#685);
#685 = CARTESIAN_POINT('',(30.723811910537,-94.,-39.8179));
#686 = LINE('',#687,#688);
#687 = CARTESIAN_POINT('',(31.397674028466,-94.,-39.8179));
#688 = VECTOR('',#689,1.);
#689 = DIRECTION('',(-1.,0.,1.664107168022E-14));
#690 = ORIENTED_EDGE('',*,*,#691,.T.);
#691 = EDGE_CURVE('',#684,#692,#694,.T.);
#692 = VERTEX_POINT('',#693);
#693 = CARTESIAN_POINT('',(30.723818056046,-94.,-1.262099999998));
#694 = LINE('',#695,#696);
#695 = CARTESIAN_POINT('',(30.723811950385,-94.,-39.56789996015));
#696 = VECTOR('',#697,1.);
#697 = DIRECTION('',(1.593926101599E-07,0.,1.));
#698 = ORIENTED_EDGE('',*,*,#699,.F.);
#699 = EDGE_CURVE('',#633,#692,#700,.T.);
#700 = LINE('',#701,#702);
#701 = CARTESIAN_POINT('',(31.397674028417,-94.,-1.262100000004));
#702 = VECTOR('',#703,1.);
#703 = DIRECTION('',(-1.,0.,8.557785318879E-12));
#704 = FACE_BOUND('',#705,.T.);
#705 = EDGE_LOOP('',(#706,#722,#730,#745));
#706 = ORIENTED_EDGE('',*,*,#707,.F.);
#707 = EDGE_CURVE('',#708,#710,#712,.T.);
#708 = VERTEX_POINT('',#709);
#709 = CARTESIAN_POINT('',(41.344148632444,-94.,-5.819482384076));
#710 = VERTEX_POINT('',#711);
#711 = CARTESIAN_POINT('',(37.470705093695,-94.,-3.280277567808));
#712 = B_SPLINE_CURVE_WITH_KNOTS('',8,(#713,#714,#715,#716,#717,#718,
    #719,#720,#721),.UNSPECIFIED.,.F.,.F.,(9,9),(-0.414192245838,
    5.356141928532),.PIECEWISE_BEZIER_KNOTS.);
#713 = CARTESIAN_POINT('',(41.572147188661,-94.,-6.011082952631));
#714 = CARTESIAN_POINT('',(41.020590545727,-94.,-5.540763580175));
#715 = CARTESIAN_POINT('',(40.448492686232,-93.99999999999,
    -5.090989610014));
#716 = CARTESIAN_POINT('',(39.857499704409,-94.,-4.66452540433));
#717 = CARTESIAN_POINT('',(39.247792888111,-93.99999999999,
    -4.259281907212));
#718 = CARTESIAN_POINT('',(38.621708165951,-94.,-3.879386593018));
#719 = CARTESIAN_POINT('',(37.979456019116,-93.99999999999,
    -3.522721453829));
#720 = CARTESIAN_POINT('',(37.322819863697,-94.,-3.191825030596));
#721 = CARTESIAN_POINT('',(36.653109972254,-94.,-2.886216621633));
#722 = ORIENTED_EDGE('',*,*,#723,.F.);
#723 = EDGE_CURVE('',#724,#708,#726,.T.);
#724 = VERTEX_POINT('',#725);
#725 = CARTESIAN_POINT('',(41.344148632443,-94.,-35.26444147762));
#726 = LINE('',#727,#728);
#727 = CARTESIAN_POINT('',(41.344148632443,-94.,-35.1463663723));
#728 = VECTOR('',#729,1.);
#729 = DIRECTION('',(4.388620764216E-14,0.,1.));
#730 = ORIENTED_EDGE('',*,*,#731,.F.);
#731 = EDGE_CURVE('',#732,#724,#734,.T.);
#732 = VERTEX_POINT('',#733);
#733 = CARTESIAN_POINT('',(37.470705093695,-94.,-37.79921989216));
#734 = B_SPLINE_CURVE_WITH_KNOTS('',9,(#735,#736,#737,#738,#739,#740,
    #741,#742,#743,#744),.UNSPECIFIED.,.F.,.F.,(10,10),(-0.668662232646,
    4.284151617211),.PIECEWISE_BEZIER_KNOTS.);
#735 = CARTESIAN_POINT('',(37.231803944025,-94.,-37.91846668501));
#736 = CARTESIAN_POINT('',(37.735114190826,-94.,-37.67112687358));
#737 = CARTESIAN_POINT('',(38.230670916469,-94.,-37.40935745393));
#738 = CARTESIAN_POINT('',(38.717180959994,-93.99999999999,
    -37.13325611044));
#739 = CARTESIAN_POINT('',(39.195236768362,-94.,-36.84283300467));
#740 = CARTESIAN_POINT('',(39.66271458938,-93.99999999999,
    -36.53976463641));
#741 = CARTESIAN_POINT('',(40.121115874064,-94.,-36.2217143083));
#742 = CARTESIAN_POINT('',(40.567939922537,-94.,-35.89227732033));
#743 = CARTESIAN_POINT('',(41.004249303935,-94.,-35.54907850235));
#744 = CARTESIAN_POINT('',(41.428711018042,-94.,-35.19410384031));
#745 = ORIENTED_EDGE('',*,*,#746,.T.);
#746 = EDGE_CURVE('',#732,#710,#747,.T.);
#747 = LINE('',#748,#749);
#748 = CARTESIAN_POINT('',(37.470705093695,-94.,-37.38774508971));
#749 = VECTOR('',#750,1.);
#750 = DIRECTION('',(-1.224646799147E-16,0.,1.));
#751 = FACE_BOUND('',#752,.T.);
#752 = EDGE_LOOP('',(#753,#798,#806,#853));
#753 = ORIENTED_EDGE('',*,*,#754,.F.);
#754 = EDGE_CURVE('',#755,#757,#759,.T.);
#755 = VERTEX_POINT('',#756);
#756 = CARTESIAN_POINT('',(44.161369560999,-94.,-32.4122400703));
#757 = VERTEX_POINT('',#758);
#758 = CARTESIAN_POINT('',(48.054032159284,-93.99999999999,
    -24.17581544954));
#759 = B_SPLINE_CURVE_WITH_KNOTS('',13,(#760,#761,#762,#763,#764,#765,
    #766,#767,#768,#769,#770,#771,#772,#773,#774,#775,#776,#777,#778,
    #779,#780,#781,#782,#783,#784,#785,#786,#787,#788,#789,#790,#791,
    #792,#793,#794,#795,#796,#797),.UNSPECIFIED.,.F.,.F.,(14,12,12,14),(
    -2.331786472997,0.,8.404115235146,8.51041129166),.UNSPECIFIED.);
#760 = CARTESIAN_POINT('',(43.063536456978,-94.,-33.65915342811));
#761 = CARTESIAN_POINT('',(43.191429125752,-94.,-33.52541574973));
#762 = CARTESIAN_POINT('',(43.317919247902,-93.99999999999,
    -33.39052027107));
#763 = CARTESIAN_POINT('',(43.442991737491,-94.00000000003,
    -33.25447344911));
#764 = CARTESIAN_POINT('',(43.5666317846,-93.99999999988,-33.11728272625
    ));
#765 = CARTESIAN_POINT('',(43.688824858148,-94.00000000023,
    -32.97895653067));
#766 = CARTESIAN_POINT('',(43.809556699252,-93.99999999964,
    -32.83950427449));
#767 = CARTESIAN_POINT('',(43.928813331844,-94.00000000039,
    -32.69893635687));
#768 = CARTESIAN_POINT('',(44.046581048563,-93.99999999965,
    -32.55726415971));
#769 = CARTESIAN_POINT('',(44.162846426439,-94.00000000023,
    -32.41450005259));
#770 = CARTESIAN_POINT('',(44.277596312279,-93.99999999988,
    -32.27065738804));
#771 = CARTESIAN_POINT('',(44.390817834042,-94.00000000004,
    -32.12575050531));
#772 = CARTESIAN_POINT('',(44.502498393521,-93.99999999999,
    -31.97979472788));
#773 = CARTESIAN_POINT('',(45.009541225664,-94.,-31.30303781362));
#774 = CARTESIAN_POINT('',(45.386284844925,-93.99999999997,
    -30.75980001904));
#775 = CARTESIAN_POINT('',(45.742244987738,-94.00000000004,
    -30.20439761338));
#776 = CARTESIAN_POINT('',(46.077146475696,-93.99999999993,
    -29.63480932941));
#777 = CARTESIAN_POINT('',(46.389696923153,-94.00000000007,
    -29.06068832432));
#778 = CARTESIAN_POINT('',(46.681263373478,-93.99999999994,
    -28.46265690162));
#779 = CARTESIAN_POINT('',(46.948304547562,-94.00000000003,
    -27.87607461661));
#780 = CARTESIAN_POINT('',(47.194568622655,-93.99999999999,
    -27.25618274874));
#781 = CARTESIAN_POINT('',(47.415448522333,-93.99999999998,
    -26.65087783184));
#782 = CARTESIAN_POINT('',(47.61409503359,-94.00000000001,
    -26.02303019577));
#783 = CARTESIAN_POINT('',(47.788069256494,-93.99999999998,
    -25.39738095947));
#784 = CARTESIAN_POINT('',(47.938195753689,-94.,-24.76339352726));
#785 = CARTESIAN_POINT('',(48.065523111059,-93.99999999999,
    -24.11792207521));
#786 = CARTESIAN_POINT('',(48.06710969517,-94.00000000004,
    -24.10985798537));
#787 = CARTESIAN_POINT('',(48.068692275523,-93.99999999984,
    -24.10179470715));
#788 = CARTESIAN_POINT('',(48.07027081127,-94.00000000033,
    -24.09373291574));
#789 = CARTESIAN_POINT('',(48.071845383965,-93.99999999946,
    -24.08567193636));
#790 = CARTESIAN_POINT('',(48.073416107376,-94.00000000067,
    -24.07761060653));
#791 = CARTESIAN_POINT('',(48.074983036516,-93.99999999932,
    -24.06954813518));
#792 = CARTESIAN_POINT('',(48.076546077645,-94.00000000053,
    -24.06148496646));
#793 = CARTESIAN_POINT('',(48.078104897361,-93.99999999966,
    -24.05342363776));
#794 = CARTESIAN_POINT('',(48.079658832292,-94.00000000016,
    -24.04536964369));
#795 = CARTESIAN_POINT('',(48.081206798577,-93.99999999994,
    -24.0373322949));
#796 = CARTESIAN_POINT('',(48.082747201284,-94.00000000001,
    -24.02932558068));
#797 = CARTESIAN_POINT('',(48.084277843981,-94.,-24.02136902923));
#798 = ORIENTED_EDGE('',*,*,#799,.T.);
#799 = EDGE_CURVE('',#755,#800,#802,.T.);
#800 = VERTEX_POINT('',#801);
#801 = CARTESIAN_POINT('',(44.199751867721,-94.,-8.715380165515));
#802 = LINE('',#803,#804);
#803 = CARTESIAN_POINT('',(44.162551535225,-94.,-31.68250077022));
#804 = VECTOR('',#805,1.);
#805 = DIRECTION('',(1.619719090533E-03,0.,0.999998688254));
#806 = ORIENTED_EDGE('',*,*,#807,.F.);
#807 = EDGE_CURVE('',#808,#800,#810,.T.);
#808 = VERTEX_POINT('',#809);
#809 = CARTESIAN_POINT('',(48.054032159284,-94.,-16.90418233912));
#810 = B_SPLINE_CURVE_WITH_KNOTS('',11,(#811,#812,#813,#814,#815,#816,
    #817,#818,#819,#820,#821,#822,#823,#824,#825,#826,#827,#828,#829,
    #830,#831,#832,#833,#834,#835,#836,#837,#838,#839,#840,#841,#842,
    #843,#844,#845,#846,#847,#848,#849,#850,#851,#852),.UNSPECIFIED.,.F.
  ,.F.,(12,10,10,10,12),(-0.131925075104,-3.771631367433E-02,
    4.672721757831,9.383159829337,9.477368590758),.UNSPECIFIED.);
#811 = CARTESIAN_POINT('',(48.074831148915,-94.,-17.00964985756));
#812 = CARTESIAN_POINT('',(48.073191386661,-93.99999999999,
    -17.00121824402));
#813 = CARTESIAN_POINT('',(48.071547436441,-94.00000000003,
    -16.99278456328));
#814 = CARTESIAN_POINT('',(48.069899257928,-93.99999999992,
    -16.98434904494));
#815 = CARTESIAN_POINT('',(48.068246818525,-94.00000000012,
    -16.97591191728));
#816 = CARTESIAN_POINT('',(48.066590084914,-93.99999999984,
    -16.96747340836));
#817 = CARTESIAN_POINT('',(48.064929024875,-94.00000000015,
    -16.95903374658));
#818 = CARTESIAN_POINT('',(48.063263604858,-93.99999999988,
    -16.95059315992));
#819 = CARTESIAN_POINT('',(48.061593792607,-94.00000000006,
    -16.94215187678));
#820 = CARTESIAN_POINT('',(48.059919554856,-93.99999999997,
    -16.93371012522));
#821 = CARTESIAN_POINT('',(48.058240858961,-94.,-16.92526813352));
#822 = CARTESIAN_POINT('',(47.972398323424,-93.99999999999,
    -16.49472594623));
#823 = CARTESIAN_POINT('',(47.877334987125,-94.00000000001,
    -16.07404427184));
#824 = CARTESIAN_POINT('',(47.77173420297,-93.99999999998,
    -15.65718617056));
#825 = CARTESIAN_POINT('',(47.654909690945,-94.00000000001,
    -15.23927950046));
#826 = CARTESIAN_POINT('',(47.528228005547,-93.99999999999,
    -14.82947269518));
#827 = CARTESIAN_POINT('',(47.39011486402,-93.99999999999,
    -14.41666407442));
#828 = CARTESIAN_POINT('',(47.242254509386,-94.,-14.01206942492));
#829 = CARTESIAN_POINT('',(47.083595209153,-93.99999999999,
    -13.60804634488));
#830 = CARTESIAN_POINT('',(46.914853830113,-94.,-13.20904552114));
#831 = CARTESIAN_POINT('',(46.735919299536,-93.99999999999,
    -12.81376690766));
#832 = CARTESIAN_POINT('',(46.358017107624,-94.,-12.03189072017));
#833 = CARTESIAN_POINT('',(46.159049175456,-93.99999999998,
    -11.64524653446));
#834 = CARTESIAN_POINT('',(45.950171961505,-94.00000000002,
    -11.26316326981));
#835 = CARTESIAN_POINT('',(45.731523949623,-93.99999999994,
    -10.88588536315));
#836 = CARTESIAN_POINT('',(45.50325477322,-94.00000000007,-10.5136495422
    ));
#837 = CARTESIAN_POINT('',(45.265513895275,-93.99999999993,-10.146693695
    ));
#838 = CARTESIAN_POINT('',(45.018447749314,-94.00000000004,
    -9.78525974286));
#839 = CARTESIAN_POINT('',(44.762205340109,-93.99999999998,
    -9.429590515604));
#840 = CARTESIAN_POINT('',(44.496952305175,-94.,-9.079920630372));
#841 = CARTESIAN_POINT('',(44.222893436419,-94.,-8.736461372844));
#842 = CARTESIAN_POINT('',(43.934651866624,-93.99999999999,
    -8.392637945872));
#843 = CARTESIAN_POINT('',(43.92899665852,-94.00000000002,
    -8.385898857074));
#844 = CARTESIAN_POINT('',(43.923338039892,-93.99999999992,
    -8.379162316422));
#845 = CARTESIAN_POINT('',(43.917676013037,-94.00000000011,
    -8.372428325079));
#846 = CARTESIAN_POINT('',(43.912010579853,-93.99999999986,
    -8.365696884127));
#847 = CARTESIAN_POINT('',(43.906341742823,-94.00000000012,
    -8.358967994766));
#848 = CARTESIAN_POINT('',(43.900669503758,-93.99999999991,
    -8.352241658061));
#849 = CARTESIAN_POINT('',(43.894993865088,-94.00000000004,-8.3455178752
    ));
#850 = CARTESIAN_POINT('',(43.889314828781,-93.99999999998,
    -8.338796647282));
#851 = CARTESIAN_POINT('',(43.883632397085,-94.,-8.332077975456));
#852 = CARTESIAN_POINT('',(43.877946572116,-94.,-8.325361860847));
#853 = ORIENTED_EDGE('',*,*,#854,.T.);
#854 = EDGE_CURVE('',#808,#757,#855,.T.);
#855 = LINE('',#856,#857);
#856 = CARTESIAN_POINT('',(48.054032159284,-94.,-16.9290336695));
#857 = VECTOR('',#858,1.);
#858 = DIRECTION('',(-4.999389628023E-15,0.,-1.));
#859 = PLANE('',#860);
#860 = AXIS2_PLACEMENT_3D('',#861,#862,#863);
#861 = CARTESIAN_POINT('',(58.072580645161,-94.,-22.82258064516));
#862 = DIRECTION('',(0.,-1.,0.));
#863 = DIRECTION('',(-1.224646799147E-16,0.,1.));
#864 = ADVANCED_FACE('',(#865,#1082,#1093),#1104,.F.);
#865 = FACE_BOUND('',#866,.F.);
#866 = EDGE_LOOP('',(#867,#868,#876,#884,#892,#900,#908,#916,#924,#932,
    #940,#948,#956,#964,#972,#980,#988,#996,#1004,#1012,#1020,#1028,
    #1036,#1044,#1052,#1060,#1068,#1076));
#867 = ORIENTED_EDGE('',*,*,#39,.T.);
#868 = ORIENTED_EDGE('',*,*,#869,.T.);
#869 = EDGE_CURVE('',#32,#870,#872,.T.);
#870 = VERTEX_POINT('',#871);
#871 = CARTESIAN_POINT('',(68.05815734356,-51.560657,-47.));
#872 = LINE('',#873,#874);
#873 = CARTESIAN_POINT('',(0.,-51.560657,-47.));
#874 = VECTOR('',#875,1.);
#875 = DIRECTION('',(1.,0.,1.224646799147E-16));
#876 = ORIENTED_EDGE('',*,*,#877,.T.);
#877 = EDGE_CURVE('',#870,#878,#880,.T.);
#878 = VERTEX_POINT('',#879);
#879 = CARTESIAN_POINT('',(69.05815734356,-50.560657,-47.));
#880 = LINE('',#881,#882);
#881 = CARTESIAN_POINT('',(41.18378225767,-78.43503208589,-47.));
#882 = VECTOR('',#883,1.);
#883 = DIRECTION('',(0.707106781187,0.707106781187,2.436048514919E-16));
#884 = ORIENTED_EDGE('',*,*,#885,.T.);
#885 = EDGE_CURVE('',#878,#886,#888,.T.);
#886 = VERTEX_POINT('',#887);
#887 = CARTESIAN_POINT('',(69.05815734356,39.660662,-47.));
#888 = LINE('',#889,#890);
#889 = CARTESIAN_POINT('',(69.05815734356,-51.060657,-47.));
#890 = VECTOR('',#891,1.);
#891 = DIRECTION('',(-2.719262146894E-32,1.,2.22044604925E-16));
#892 = ORIENTED_EDGE('',*,*,#893,.F.);
#893 = EDGE_CURVE('',#894,#886,#896,.T.);
#894 = VERTEX_POINT('',#895);
#895 = CARTESIAN_POINT('',(68.05815734356,40.660662,-47.));
#896 = LINE('',#897,#898);
#897 = CARTESIAN_POINT('',(83.95878350767,24.760035835889,-47.));
#898 = VECTOR('',#899,1.);
#899 = DIRECTION('',(0.707106781187,-0.707106781187,-7.041364024483E-17)
  );
#900 = ORIENTED_EDGE('',*,*,#901,.T.);
#901 = EDGE_CURVE('',#894,#902,#904,.T.);
#902 = VERTEX_POINT('',#903);
#903 = CARTESIAN_POINT('',(0.,40.660662,-47.));
#904 = LINE('',#905,#906);
#905 = CARTESIAN_POINT('',(68.55815734356,40.660662,-47.));
#906 = VECTOR('',#907,1.);
#907 = DIRECTION('',(-1.,0.,-1.224646799147E-16));
#908 = ORIENTED_EDGE('',*,*,#909,.T.);
#909 = EDGE_CURVE('',#902,#910,#912,.T.);
#910 = VERTEX_POINT('',#911);
#911 = CARTESIAN_POINT('',(0.,84.,-47.));
#912 = LINE('',#913,#914);
#913 = CARTESIAN_POINT('',(0.,-91.,-47.));
#914 = VECTOR('',#915,1.);
#915 = DIRECTION('',(-2.719262146894E-32,1.,2.22044604925E-16));
#916 = ORIENTED_EDGE('',*,*,#917,.T.);
#917 = EDGE_CURVE('',#910,#918,#920,.T.);
#918 = VERTEX_POINT('',#919);
#919 = CARTESIAN_POINT('',(1.14,84.,-47.));
#920 = LINE('',#921,#922);
#921 = CARTESIAN_POINT('',(-8.,84.,-47.));
#922 = VECTOR('',#923,1.);
#923 = DIRECTION('',(1.,0.,1.224646799147E-16));
#924 = ORIENTED_EDGE('',*,*,#925,.F.);
#925 = EDGE_CURVE('',#926,#918,#928,.T.);
#926 = VERTEX_POINT('',#927);
#927 = CARTESIAN_POINT('',(6.14,89.,-47.));
#928 = LINE('',#929,#930);
#929 = CARTESIAN_POINT('',(-41.645,41.215,-47.));
#930 = VECTOR('',#931,1.);
#931 = DIRECTION('',(-0.707106781187,-0.707106781187,-2.436048514919E-16
    ));
#932 = ORIENTED_EDGE('',*,*,#933,.F.);
#933 = EDGE_CURVE('',#934,#926,#936,.T.);
#934 = VERTEX_POINT('',#935);
#935 = CARTESIAN_POINT('',(100.5,89.,-47.));
#936 = LINE('',#937,#938);
#937 = CARTESIAN_POINT('',(102.5,89.,-47.));
#938 = VECTOR('',#939,1.);
#939 = DIRECTION('',(-1.,0.,-1.224646799147E-16));
#940 = ORIENTED_EDGE('',*,*,#941,.T.);
#941 = EDGE_CURVE('',#934,#942,#944,.T.);
#942 = VERTEX_POINT('',#943);
#943 = CARTESIAN_POINT('',(100.5,75.5,-47.));
#944 = LINE('',#945,#946);
#945 = CARTESIAN_POINT('',(100.5,91.,-47.));
#946 = VECTOR('',#947,1.);
#947 = DIRECTION('',(0.,-1.,-0.));
#948 = ORIENTED_EDGE('',*,*,#949,.T.);
#949 = EDGE_CURVE('',#942,#950,#952,.T.);
#950 = VERTEX_POINT('',#951);
#951 = CARTESIAN_POINT('',(102.5,70.671572875254,-47.));
#952 = LINE('',#953,#954);
#953 = CARTESIAN_POINT('',(122.5743776442,22.207738110422,-47.));
#954 = VECTOR('',#955,1.);
#955 = DIRECTION('',(0.382683432365,-0.923879532511,-1.582772617415E-16)
  );
#956 = ORIENTED_EDGE('',*,*,#957,.T.);
#957 = EDGE_CURVE('',#950,#958,#960,.T.);
#958 = VERTEX_POINT('',#959);
#959 = CARTESIAN_POINT('',(104.67157287525,68.5,-47.));
#960 = LINE('',#961,#962);
#961 = CARTESIAN_POINT('',(101.08578643762,72.085786437627,-47.));
#962 = VECTOR('',#963,1.);
#963 = DIRECTION('',(0.707106781187,-0.707106781187,-7.041364024483E-17)
  );
#964 = ORIENTED_EDGE('',*,*,#965,.T.);
#965 = EDGE_CURVE('',#958,#966,#968,.T.);
#966 = VERTEX_POINT('',#967);
#967 = CARTESIAN_POINT('',(109.5,66.5,-47.));
#968 = LINE('',#969,#970);
#969 = CARTESIAN_POINT('',(88.196067811866,75.324377644202,-47.));
#970 = VECTOR('',#971,1.);
#971 = DIRECTION('',(0.923879532511,-0.382683432365,2.816981967791E-17)
  );
#972 = ORIENTED_EDGE('',*,*,#973,.T.);
#973 = EDGE_CURVE('',#966,#974,#976,.T.);
#974 = VERTEX_POINT('',#975);
#975 = CARTESIAN_POINT('',(115.5,66.5,-47.));
#976 = LINE('',#977,#978);
#977 = CARTESIAN_POINT('',(107.5,66.5,-47.));
#978 = VECTOR('',#979,1.);
#979 = DIRECTION('',(1.,0.,1.224646799147E-16));
#980 = ORIENTED_EDGE('',*,*,#981,.F.);
#981 = EDGE_CURVE('',#982,#974,#984,.T.);
#982 = VERTEX_POINT('',#983);
#983 = CARTESIAN_POINT('',(115.5,-66.5,-47.));
#984 = LINE('',#985,#986);
#985 = CARTESIAN_POINT('',(115.5,-68.5,-47.));
#986 = VECTOR('',#987,1.);
#987 = DIRECTION('',(-2.719262146894E-32,1.,2.22044604925E-16));
#988 = ORIENTED_EDGE('',*,*,#989,.T.);
#989 = EDGE_CURVE('',#982,#990,#992,.T.);
#990 = VERTEX_POINT('',#991);
#991 = CARTESIAN_POINT('',(109.5,-66.5,-47.));
#992 = LINE('',#993,#994);
#993 = CARTESIAN_POINT('',(117.5,-66.5,-47.));
#994 = VECTOR('',#995,1.);
#995 = DIRECTION('',(-1.,0.,-1.224646799147E-16));
#996 = ORIENTED_EDGE('',*,*,#997,.T.);
#997 = EDGE_CURVE('',#990,#998,#1000,.T.);
#998 = VERTEX_POINT('',#999);
#999 = CARTESIAN_POINT('',(104.67157287525,-68.5,-47.));
#1000 = LINE('',#1001,#1002);
#1001 = CARTESIAN_POINT('',(58.436922830251,-87.65101910021,-47.));
#1002 = VECTOR('',#1003,1.);
#1003 = DIRECTION('',(-0.923879532511,-0.382683432365,
    -1.981154027796E-16));
#1004 = ORIENTED_EDGE('',*,*,#1005,.T.);
#1005 = EDGE_CURVE('',#998,#1006,#1008,.T.);
#1006 = VERTEX_POINT('',#1007);
#1007 = CARTESIAN_POINT('',(102.5,-70.67157287525,-47.));
#1008 = LINE('',#1009,#1010);
#1009 = CARTESIAN_POINT('',(106.08578643762,-67.08578643762,-47.));
#1010 = VECTOR('',#1011,1.);
#1011 = DIRECTION('',(-0.707106781187,-0.707106781187,
    -2.436048514919E-16));
#1012 = ORIENTED_EDGE('',*,*,#1013,.T.);
#1013 = EDGE_CURVE('',#1006,#1014,#1016,.T.);
#1014 = VERTEX_POINT('',#1015);
#1015 = CARTESIAN_POINT('',(100.5,-75.5,-47.));
#1016 = LINE('',#1017,#1018);
#1017 = CARTESIAN_POINT('',(91.401019100214,-97.46688309203,-47.));
#1018 = VECTOR('',#1019,1.);
#1019 = DIRECTION('',(-0.382683432365,-0.923879532511,
    -2.520076698481E-16));
#1020 = ORIENTED_EDGE('',*,*,#1021,.T.);
#1021 = EDGE_CURVE('',#1014,#1022,#1024,.T.);
#1022 = VERTEX_POINT('',#1023);
#1023 = CARTESIAN_POINT('',(100.5,-89.,-47.));
#1024 = LINE('',#1025,#1026);
#1025 = CARTESIAN_POINT('',(100.5,-73.5,-47.));
#1026 = VECTOR('',#1027,1.);
#1027 = DIRECTION('',(0.,-1.,-0.));
#1028 = ORIENTED_EDGE('',*,*,#1029,.F.);
#1029 = EDGE_CURVE('',#1030,#1022,#1032,.T.);
#1030 = VERTEX_POINT('',#1031);
#1031 = CARTESIAN_POINT('',(56.008950245877,-89.,-47.));
#1032 = LINE('',#1033,#1034);
#1033 = CARTESIAN_POINT('',(53.152654232392,-89.,-47.));
#1034 = VECTOR('',#1035,1.);
#1035 = DIRECTION('',(1.,0.,1.224646799147E-16));
#1036 = ORIENTED_EDGE('',*,*,#1037,.F.);
#1037 = EDGE_CURVE('',#1038,#1030,#1040,.T.);
#1038 = VERTEX_POINT('',#1039);
#1039 = CARTESIAN_POINT('',(57.005612864326,-86.26169196099,-47.));
#1040 = LINE('',#1041,#1042);
#1041 = CARTESIAN_POINT('',(57.689653150977,-84.38230671942,-47.));
#1042 = VECTOR('',#1043,1.);
#1043 = DIRECTION('',(-0.342020143326,-0.939692620786,
    -2.505390641101E-16));
#1044 = ORIENTED_EDGE('',*,*,#1045,.T.);
#1045 = EDGE_CURVE('',#1038,#1046,#1048,.T.);
#1046 = VERTEX_POINT('',#1047);
#1047 = CARTESIAN_POINT('',(54.614922954485,-81.13484090455,-47.));
#1048 = LINE('',#1049,#1050);
#1049 = CARTESIAN_POINT('',(52.822273691955,-77.290492155,-47.));
#1050 = VECTOR('',#1051,1.);
#1051 = DIRECTION('',(-0.422618261741,0.906307787037,1.494849443628E-16)
  );
#1052 = ORIENTED_EDGE('',*,*,#1053,.F.);
#1053 = EDGE_CURVE('',#1054,#1046,#1056,.T.);
#1054 = VERTEX_POINT('',#1055);
#1055 = CARTESIAN_POINT('',(15.095398033237,-66.75091016087,-47.));
#1056 = LINE('',#1057,#1058);
#1057 = CARTESIAN_POINT('',(13.216012791665,-66.06686987422,-47.));
#1058 = VECTOR('',#1059,1.);
#1059 = DIRECTION('',(0.939692620786,-0.342020143326,3.913542842163E-17)
  );
#1060 = ORIENTED_EDGE('',*,*,#1061,.T.);
#1061 = EDGE_CURVE('',#1054,#1062,#1064,.T.);
#1062 = VERTEX_POINT('',#1063);
#1063 = CARTESIAN_POINT('',(9.968546976791,-69.14160007071,-47.));
#1064 = LINE('',#1065,#1066);
#1065 = CARTESIAN_POINT('',(4.251794689676,-71.80736544197,-47.));
#1066 = VECTOR('',#1067,1.);
#1067 = DIRECTION('',(-0.906307787037,-0.422618261741,-2.04830798006E-16
    ));
#1068 = ORIENTED_EDGE('',*,*,#1069,.T.);
#1069 = EDGE_CURVE('',#1062,#1070,#1072,.T.);
#1070 = VERTEX_POINT('',#1071);
#1071 = CARTESIAN_POINT('',(5.28847214224,-82.,-47.));
#1072 = LINE('',#1073,#1074);
#1073 = CARTESIAN_POINT('',(10.652587263442,-67.26221482914,-47.));
#1074 = VECTOR('',#1075,1.);
#1075 = DIRECTION('',(-0.342020143326,-0.939692620786,
    -2.505390641101E-16));
#1076 = ORIENTED_EDGE('',*,*,#1077,.T.);
#1077 = EDGE_CURVE('',#1070,#40,#1078,.T.);
#1078 = LINE('',#1079,#1080);
#1079 = CARTESIAN_POINT('',(6.68888721866,-82.,-47.));
#1080 = VECTOR('',#1081,1.);
#1081 = DIRECTION('',(-1.,0.,-1.224646799147E-16));
#1082 = FACE_BOUND('',#1083,.F.);
#1083 = EDGE_LOOP('',(#1084));
#1084 = ORIENTED_EDGE('',*,*,#1085,.T.);
#1085 = EDGE_CURVE('',#1086,#1086,#1088,.T.);
#1086 = VERTEX_POINT('',#1087);
#1087 = CARTESIAN_POINT('',(64.04739,-57.947861,-47.));
#1088 = CIRCLE('',#1089,6.5);
#1089 = AXIS2_PLACEMENT_3D('',#1090,#1091,#1092);
#1090 = CARTESIAN_POINT('',(70.54739,-57.947861,-47.));
#1091 = DIRECTION('',(-1.224646799147E-16,-2.22044604925E-16,1.));
#1092 = DIRECTION('',(-1.,-2.030122102172E-15,-1.224646799147E-16));
#1093 = FACE_BOUND('',#1094,.F.);
#1094 = EDGE_LOOP('',(#1095));
#1095 = ORIENTED_EDGE('',*,*,#1096,.T.);
#1096 = EDGE_CURVE('',#1097,#1097,#1099,.T.);
#1097 = VERTEX_POINT('',#1098);
#1098 = CARTESIAN_POINT('',(63.552175,57.04528,-47.));
#1099 = CIRCLE('',#1100,7.);
#1100 = AXIS2_PLACEMENT_3D('',#1101,#1102,#1103);
#1101 = CARTESIAN_POINT('',(70.552175,57.04528,-47.));
#1102 = DIRECTION('',(-1.224646799147E-16,-2.22044604925E-16,1.));
#1103 = DIRECTION('',(-1.,-5.329070518201E-15,-1.224646799147E-16));
#1104 = PLANE('',#1105);
#1105 = AXIS2_PLACEMENT_3D('',#1106,#1107,#1108);
#1106 = CARTESIAN_POINT('',(0.,-91.,-47.));
#1107 = DIRECTION('',(1.224646799147E-16,2.22044604925E-16,-1.));
#1108 = DIRECTION('',(1.,0.,1.224646799147E-16));
#1109 = ADVANCED_FACE('',(#1110,#1408,#1485,#1496,#1573),#1584,.T.);
#1110 = FACE_BOUND('',#1111,.T.);
#1111 = EDGE_LOOP('',(#1112,#1122,#1130,#1138,#1146,#1154,#1162,#1168,
    #1169,#1170,#1178,#1186,#1194,#1202,#1210,#1218,#1226,#1234,#1242,
    #1250,#1258,#1266,#1274,#1282,#1290,#1298,#1306,#1314,#1322,#1330,
    #1338,#1346,#1354,#1362,#1370,#1378,#1386,#1394,#1402));
#1112 = ORIENTED_EDGE('',*,*,#1113,.T.);
#1113 = EDGE_CURVE('',#1114,#1116,#1118,.T.);
#1114 = VERTEX_POINT('',#1115);
#1115 = CARTESIAN_POINT('',(53.930882667834,-83.01422614612,
    1.948321536909E-14));
#1116 = VERTEX_POINT('',#1117);
#1117 = CARTESIAN_POINT('',(14.411357746586,-68.63029540244,
    1.26450679549E-14));
#1118 = LINE('',#1119,#1120);
#1119 = CARTESIAN_POINT('',(23.351546311421,-71.88425792877,
    -2.077259519259E-14));
#1120 = VECTOR('',#1121,1.);
#1121 = DIRECTION('',(-0.939692620786,0.342020143326,-3.913542842163E-17
    ));
#1122 = ORIENTED_EDGE('',*,*,#1123,.F.);
#1123 = EDGE_CURVE('',#1124,#1116,#1126,.T.);
#1124 = VERTEX_POINT('',#1125);
#1125 = CARTESIAN_POINT('',(9.252312746883,-82.80465504508,
    1.06149791926E-14));
#1126 = LINE('',#1127,#1128);
#1127 = CARTESIAN_POINT('',(8.568272460231,-84.68404028665,
    1.111933009926E-14));
#1128 = VECTOR('',#1129,1.);
#1129 = DIRECTION('',(0.342020143326,0.939692620786,2.505390641101E-16)
  );
#1130 = ORIENTED_EDGE('',*,*,#1131,.F.);
#1131 = EDGE_CURVE('',#1132,#1124,#1134,.T.);
#1132 = VERTEX_POINT('',#1133);
#1133 = CARTESIAN_POINT('',(4.68888721866,-86.,1.005612074597E-14));
#1134 = LINE('',#1135,#1136);
#1135 = CARTESIAN_POINT('',(49.246920385088,-54.80012928906,
    1.551290601533E-14));
#1136 = VECTOR('',#1137,1.);
#1137 = DIRECTION('',(0.819152044289,0.573576436351,1.003171929054E-16)
  );
#1138 = ORIENTED_EDGE('',*,*,#1139,.T.);
#1139 = EDGE_CURVE('',#1132,#1140,#1142,.T.);
#1140 = VERTEX_POINT('',#1141);
#1141 = CARTESIAN_POINT('',(-7.,-86.,5.47101848096E-15));
#1142 = LINE('',#1143,#1144);
#1143 = CARTESIAN_POINT('',(6.68888721866,-86.,9.112814947812E-15));
#1144 = VECTOR('',#1145,1.);
#1145 = DIRECTION('',(-1.,0.,-1.224646799147E-16));
#1146 = ORIENTED_EDGE('',*,*,#1147,.T.);
#1147 = EDGE_CURVE('',#1140,#1148,#1150,.T.);
#1148 = VERTEX_POINT('',#1149);
#1149 = CARTESIAN_POINT('',(-8.,-87.,2.033656463349E-14));
#1150 = LINE('',#1151,#1152);
#1151 = CARTESIAN_POINT('',(35.769637188408,-43.23036281159,
    9.121466005737E-15));
#1152 = VECTOR('',#1153,1.);
#1153 = DIRECTION('',(-0.707106781187,-0.707106781187,
    -8.659560562355E-17));
#1154 = ORIENTED_EDGE('',*,*,#1155,.F.);
#1155 = EDGE_CURVE('',#1156,#1148,#1158,.T.);
#1156 = VERTEX_POINT('',#1157);
#1157 = CARTESIAN_POINT('',(-8.,-91.,2.033656463349E-14));
#1158 = LINE('',#1159,#1160);
#1159 = CARTESIAN_POINT('',(-8.,-91.,1.984175406873E-14));
#1160 = VECTOR('',#1161,1.);
#1161 = DIRECTION('',(-0.,1.,0.));
#1162 = ORIENTED_EDGE('',*,*,#1163,.F.);
#1163 = EDGE_CURVE('',#72,#1156,#1164,.T.);
#1164 = LINE('',#1165,#1166);
#1165 = CARTESIAN_POINT('',(4.141095578796,-91.,2.13286094526E-14));
#1166 = VECTOR('',#1167,1.);
#1167 = DIRECTION('',(-1.,0.,-1.224646799147E-16));
#1168 = ORIENTED_EDGE('',*,*,#79,.F.);
#1169 = ORIENTED_EDGE('',*,*,#333,.F.);
#1170 = ORIENTED_EDGE('',*,*,#1171,.T.);
#1171 = EDGE_CURVE('',#326,#1172,#1174,.T.);
#1172 = VERTEX_POINT('',#1173);
#1173 = CARTESIAN_POINT('',(120.5,94.,2.432671933706E-14));
#1174 = LINE('',#1175,#1176);
#1175 = CARTESIAN_POINT('',(120.5,-94.,2.432671933706E-14));
#1176 = VECTOR('',#1177,1.);
#1177 = DIRECTION('',(0.,1.,0.));
#1178 = ORIENTED_EDGE('',*,*,#1179,.F.);
#1179 = EDGE_CURVE('',#1180,#1172,#1182,.T.);
#1180 = VERTEX_POINT('',#1181);
#1181 = CARTESIAN_POINT('',(0.,94.,0.));
#1182 = LINE('',#1183,#1184);
#1183 = CARTESIAN_POINT('',(105.5,94.,2.248974913833E-14));
#1184 = VECTOR('',#1185,1.);
#1185 = DIRECTION('',(1.,0.,1.224646799147E-16));
#1186 = ORIENTED_EDGE('',*,*,#1187,.F.);
#1187 = EDGE_CURVE('',#1188,#1180,#1190,.T.);
#1188 = VERTEX_POINT('',#1189);
#1189 = CARTESIAN_POINT('',(0.,91.,4.107825191113E-14));
#1190 = LINE('',#1191,#1192);
#1191 = CARTESIAN_POINT('',(0.,-94.,0.));
#1192 = VECTOR('',#1193,1.);
#1193 = DIRECTION('',(0.,1.,0.));
#1194 = ORIENTED_EDGE('',*,*,#1195,.T.);
#1195 = EDGE_CURVE('',#1188,#1196,#1198,.T.);
#1196 = VERTEX_POINT('',#1197);
#1197 = CARTESIAN_POINT('',(-8.,91.,2.033656463349E-14));
#1198 = LINE('',#1199,#1200);
#1199 = CARTESIAN_POINT('',(6.14,91.,2.157340464273E-14));
#1200 = VECTOR('',#1201,1.);
#1201 = DIRECTION('',(-1.,0.,-1.224646799147E-16));
#1202 = ORIENTED_EDGE('',*,*,#1203,.T.);
#1203 = EDGE_CURVE('',#1196,#1204,#1206,.T.);
#1204 = VERTEX_POINT('',#1205);
#1205 = CARTESIAN_POINT('',(-8.,87.,2.033656463349E-14));
#1206 = LINE('',#1207,#1208);
#1207 = CARTESIAN_POINT('',(-8.,91.,1.984175406873E-14));
#1208 = VECTOR('',#1209,1.);
#1209 = DIRECTION('',(0.,-1.,0.));
#1210 = ORIENTED_EDGE('',*,*,#1211,.F.);
#1211 = EDGE_CURVE('',#1212,#1204,#1214,.T.);
#1212 = VERTEX_POINT('',#1213);
#1213 = CARTESIAN_POINT('',(-5.,84.,2.070395867323E-14));
#1214 = LINE('',#1215,#1216);
#1215 = CARTESIAN_POINT('',(36.105412538751,42.894587461249,
    9.16258662654E-15));
#1216 = VECTOR('',#1217,1.);
#1217 = DIRECTION('',(-0.707106781187,0.707106781187,-8.659560562355E-17
    ));
#1218 = ORIENTED_EDGE('',*,*,#1219,.T.);
#1219 = EDGE_CURVE('',#1212,#1220,#1222,.T.);
#1220 = VERTEX_POINT('',#1221);
#1221 = CARTESIAN_POINT('',(1.14,84.,2.145589180791E-14));
#1222 = LINE('',#1223,#1224);
#1223 = CARTESIAN_POINT('',(-8.,84.,1.984175406873E-14));
#1224 = VECTOR('',#1225,1.);
#1225 = DIRECTION('',(1.,0.,1.224646799147E-16));
#1226 = ORIENTED_EDGE('',*,*,#1227,.F.);
#1227 = EDGE_CURVE('',#1228,#1220,#1230,.T.);
#1228 = VERTEX_POINT('',#1229);
#1229 = CARTESIAN_POINT('',(6.14,89.,2.206821520748E-14));
#1230 = LINE('',#1231,#1232);
#1231 = CARTESIAN_POINT('',(0.374637188408,83.234637188408,
    4.786828660155E-15));
#1232 = VECTOR('',#1233,1.);
#1233 = DIRECTION('',(-0.707106781187,-0.707106781187,
    -8.659560562355E-17));
#1234 = ORIENTED_EDGE('',*,*,#1235,.T.);
#1235 = EDGE_CURVE('',#1228,#1236,#1238,.T.);
#1236 = VERTEX_POINT('',#1237);
#1237 = CARTESIAN_POINT('',(6.14,89.01,2.206821520748E-14));
#1238 = LINE('',#1239,#1240);
#1239 = CARTESIAN_POINT('',(6.14,84.,2.157340464273E-14));
#1240 = VECTOR('',#1241,1.);
#1241 = DIRECTION('',(-0.,1.,0.));
#1242 = ORIENTED_EDGE('',*,*,#1243,.T.);
#1243 = EDGE_CURVE('',#1236,#1244,#1246,.T.);
#1244 = VERTEX_POINT('',#1245);
#1245 = CARTESIAN_POINT('',(8.13,91.,4.362820199331E-14));
#1246 = LINE('',#1247,#1248);
#1247 = CARTESIAN_POINT('',(2.119637188408,84.989637188408,
    8.553243205407E-15));
#1248 = VECTOR('',#1249,1.);
#1249 = DIRECTION('',(0.707106781187,0.707106781187,8.659560562355E-17)
  );
#1250 = ORIENTED_EDGE('',*,*,#1251,.T.);
#1251 = EDGE_CURVE('',#1244,#1252,#1254,.T.);
#1252 = VERTEX_POINT('',#1253);
#1253 = CARTESIAN_POINT('',(10.13,93.,1.072246488112E-14));
#1254 = LINE('',#1255,#1256);
#1255 = CARTESIAN_POINT('',(2.119637188408,84.989637188408,
    8.553243205407E-15));
#1256 = VECTOR('',#1257,1.);
#1257 = DIRECTION('',(0.707106781187,0.707106781187,8.659560562355E-17)
  );
#1258 = ORIENTED_EDGE('',*,*,#1259,.T.);
#1259 = EDGE_CURVE('',#1252,#1260,#1262,.T.);
#1260 = VERTEX_POINT('',#1261);
#1261 = CARTESIAN_POINT('',(100.5,93.,2.178959800502E-14));
#1262 = LINE('',#1263,#1264);
#1263 = CARTESIAN_POINT('',(8.13,93.,1.047753552129E-14));
#1264 = VECTOR('',#1265,1.);
#1265 = DIRECTION('',(1.,0.,1.224646799147E-16));
#1266 = ORIENTED_EDGE('',*,*,#1267,.T.);
#1267 = EDGE_CURVE('',#1260,#1268,#1270,.T.);
#1268 = VERTEX_POINT('',#1269);
#1269 = CARTESIAN_POINT('',(104.5,89.,2.227945672468E-14));
#1270 = LINE('',#1271,#1272);
#1271 = CARTESIAN_POINT('',(118.23041253875,75.269587461249,
    2.396094730133E-14));
#1272 = VECTOR('',#1273,1.);
#1273 = DIRECTION('',(0.707106781187,-0.707106781187,8.659560562355E-17)
  );
#1274 = ORIENTED_EDGE('',*,*,#1275,.T.);
#1275 = EDGE_CURVE('',#1268,#1276,#1278,.T.);
#1276 = VERTEX_POINT('',#1277);
#1277 = CARTESIAN_POINT('',(104.5,75.5,2.227945672468E-14));
#1278 = LINE('',#1279,#1280);
#1279 = CARTESIAN_POINT('',(104.5,91.,2.286757840608E-14));
#1280 = VECTOR('',#1281,1.);
#1281 = DIRECTION('',(0.,-1.,-0.));
#1282 = ORIENTED_EDGE('',*,*,#1283,.T.);
#1283 = EDGE_CURVE('',#1276,#1284,#1286,.T.);
#1284 = VERTEX_POINT('',#1285);
#1285 = CARTESIAN_POINT('',(105.32842712474,73.5,2.238090978734E-14));
#1286 = LINE('',#1287,#1288);
#1287 = CARTESIAN_POINT('',(116.00663889004,47.72051633432,
    2.368861357324E-14));
#1288 = VECTOR('',#1289,1.);
#1289 = DIRECTION('',(0.382683432365,-0.923879532511,4.686520405326E-17)
  );
#1290 = ORIENTED_EDGE('',*,*,#1291,.T.);
#1291 = EDGE_CURVE('',#1284,#1292,#1294,.T.);
#1292 = VERTEX_POINT('',#1293);
#1293 = CARTESIAN_POINT('',(107.5,71.328427124746,2.264685076442E-14));
#1294 = LINE('',#1295,#1296);
#1295 = CARTESIAN_POINT('',(103.91421356237,74.914213562373,
    2.45721970969E-14));
#1296 = VECTOR('',#1297,1.);
#1297 = DIRECTION('',(0.707106781187,-0.707106781187,8.659560562355E-17)
  );
#1298 = ORIENTED_EDGE('',*,*,#1299,.T.);
#1299 = EDGE_CURVE('',#1292,#1300,#1302,.T.);
#1300 = VERTEX_POINT('',#1301);
#1301 = CARTESIAN_POINT('',(109.5,70.5,2.289178012425E-14));
#1302 = LINE('',#1303,#1304);
#1303 = CARTESIAN_POINT('',(107.53135390112,71.315439913669,
    2.265069050988E-14));
#1304 = VECTOR('',#1305,1.);
#1305 = DIRECTION('',(0.923879532511,-0.382683432365,1.131426112288E-16)
  );
#1306 = ORIENTED_EDGE('',*,*,#1307,.T.);
#1307 = EDGE_CURVE('',#1300,#1308,#1310,.T.);
#1308 = VERTEX_POINT('',#1309);
#1309 = CARTESIAN_POINT('',(115.5,70.5,2.362656820374E-14));
#1310 = LINE('',#1311,#1312);
#1311 = CARTESIAN_POINT('',(107.5,70.5,2.145861560643E-14));
#1312 = VECTOR('',#1313,1.);
#1313 = DIRECTION('',(1.,0.,1.224646799147E-16));
#1314 = ORIENTED_EDGE('',*,*,#1315,.T.);
#1315 = EDGE_CURVE('',#1308,#1316,#1318,.T.);
#1316 = VERTEX_POINT('',#1317);
#1317 = CARTESIAN_POINT('',(119.5,66.5,2.41164269234E-14));
#1318 = LINE('',#1319,#1320);
#1319 = CARTESIAN_POINT('',(123.85541253875,62.144587461249,
    2.464981112585E-14));
#1320 = VECTOR('',#1321,1.);
#1321 = DIRECTION('',(0.707106781187,-0.707106781187,8.659560562355E-17)
  );
#1322 = ORIENTED_EDGE('',*,*,#1323,.F.);
#1323 = EDGE_CURVE('',#1324,#1316,#1326,.T.);
#1324 = VERTEX_POINT('',#1325);
#1325 = CARTESIAN_POINT('',(119.5,-66.5,2.41164269234E-14));
#1326 = LINE('',#1327,#1328);
#1327 = CARTESIAN_POINT('',(119.5,-68.5,2.29281917654E-14));
#1328 = VECTOR('',#1329,1.);
#1329 = DIRECTION('',(-2.719262146894E-32,1.,2.22044604925E-16));
#1330 = ORIENTED_EDGE('',*,*,#1331,.T.);
#1331 = EDGE_CURVE('',#1324,#1332,#1334,.T.);
#1332 = VERTEX_POINT('',#1333);
#1333 = CARTESIAN_POINT('',(115.5,-70.5,2.362656820374E-14));
#1334 = LINE('',#1335,#1336);
#1335 = CARTESIAN_POINT('',(125.5196371884,-60.48036281159,
    2.485361986488E-14));
#1336 = VECTOR('',#1337,1.);
#1337 = DIRECTION('',(-0.707106781187,-0.707106781187,
    -8.659560562355E-17));
#1338 = ORIENTED_EDGE('',*,*,#1339,.T.);
#1339 = EDGE_CURVE('',#1332,#1340,#1342,.T.);
#1340 = VERTEX_POINT('',#1341);
#1341 = CARTESIAN_POINT('',(109.5,-70.5,2.289178012425E-14));
#1342 = LINE('',#1343,#1344);
#1343 = CARTESIAN_POINT('',(117.5,-70.5,2.445961924497E-14));
#1344 = VECTOR('',#1345,1.);
#1345 = DIRECTION('',(-1.,0.,-1.224646799147E-16));
#1346 = ORIENTED_EDGE('',*,*,#1347,.F.);
#1347 = EDGE_CURVE('',#1348,#1340,#1350,.T.);
#1348 = VERTEX_POINT('',#1349);
#1349 = CARTESIAN_POINT('',(107.5,-71.32842712474,2.264685076442E-14));
#1350 = LINE('',#1351,#1352);
#1351 = CARTESIAN_POINT('',(107.29392487393,-71.41378623682,
    2.262161384007E-14));
#1352 = VECTOR('',#1353,1.);
#1353 = DIRECTION('',(0.923879532511,0.382683432365,1.131426112288E-16)
  );
#1354 = ORIENTED_EDGE('',*,*,#1355,.T.);
#1355 = EDGE_CURVE('',#1348,#1356,#1358,.T.);
#1356 = VERTEX_POINT('',#1357);
#1357 = CARTESIAN_POINT('',(105.32842712474,-73.5,2.238090978734E-14));
#1358 = LINE('',#1359,#1360);
#1359 = CARTESIAN_POINT('',(108.91421356237,-69.91421356237,
    2.518452049647E-14));
#1360 = VECTOR('',#1361,1.);
#1361 = DIRECTION('',(-0.707106781187,-0.707106781187,
    -8.659560562355E-17));
#1362 = ORIENTED_EDGE('',*,*,#1363,.F.);
#1363 = EDGE_CURVE('',#1364,#1356,#1366,.T.);
#1364 = VERTEX_POINT('',#1365);
#1365 = CARTESIAN_POINT('',(104.5,-75.5,2.227945672468E-14));
#1366 = LINE('',#1367,#1368);
#1367 = CARTESIAN_POINT('',(115.76920986286,-48.29372071184,
    2.365953690342E-14));
#1368 = VECTOR('',#1369,1.);
#1369 = DIRECTION('',(0.382683432365,0.923879532511,4.686520405326E-17)
  );
#1370 = ORIENTED_EDGE('',*,*,#1371,.T.);
#1371 = EDGE_CURVE('',#1364,#1372,#1374,.T.);
#1372 = VERTEX_POINT('',#1373);
#1373 = CARTESIAN_POINT('',(104.5,-89.,2.227945672468E-14));
#1374 = LINE('',#1375,#1376);
#1375 = CARTESIAN_POINT('',(104.5,-73.5,2.109122156668E-14));
#1376 = VECTOR('',#1377,1.);
#1377 = DIRECTION('',(0.,-1.,-0.));
#1378 = ORIENTED_EDGE('',*,*,#1379,.F.);
#1379 = EDGE_CURVE('',#1380,#1372,#1382,.T.);
#1380 = VERTEX_POINT('',#1381);
#1381 = CARTESIAN_POINT('',(100.5,-93.,2.178959800502E-14));
#1382 = LINE('',#1383,#1384);
#1383 = CARTESIAN_POINT('',(117.8946371884,-75.60536281159,
    2.391982668053E-14));
#1384 = VECTOR('',#1385,1.);
#1385 = DIRECTION('',(0.707106781187,0.707106781187,8.659560562355E-17)
  );
#1386 = ORIENTED_EDGE('',*,*,#1387,.T.);
#1387 = EDGE_CURVE('',#1380,#1388,#1390,.T.);
#1388 = VERTEX_POINT('',#1389);
#1389 = CARTESIAN_POINT('',(55.152654232392,-93.,1.62361498206E-14));
#1390 = LINE('',#1391,#1392);
#1391 = CARTESIAN_POINT('',(102.5,-93.,2.262264904625E-14));
#1392 = VECTOR('',#1393,1.);
#1393 = DIRECTION('',(-1.,0.,-1.224646799147E-16));
#1394 = ORIENTED_EDGE('',*,*,#1395,.T.);
#1395 = EDGE_CURVE('',#1388,#1396,#1398,.T.);
#1396 = VERTEX_POINT('',#1397);
#1397 = CARTESIAN_POINT('',(51.957309277472,-88.43657447177,
    1.584483292348E-14));
#1398 = LINE('',#1399,#1400);
#1399 = CARTESIAN_POINT('',(37.179729550682,-67.33200344048,
    1.403510135233E-14));
#1400 = VECTOR('',#1401,1.);
#1401 = DIRECTION('',(-0.573576436351,0.819152044289,-7.024285468437E-17
    ));
#1402 = ORIENTED_EDGE('',*,*,#1403,.F.);
#1403 = EDGE_CURVE('',#1114,#1396,#1404,.T.);
#1404 = LINE('',#1405,#1406);
#1405 = CARTESIAN_POINT('',(53.930882667834,-83.01422614612,
    1.667464763843E-14));
#1406 = VECTOR('',#1407,1.);
#1407 = DIRECTION('',(-0.342020143326,-0.939692620786,
    -2.505390641101E-16));
#1408 = FACE_BOUND('',#1409,.T.);
#1409 = EDGE_LOOP('',(#1410,#1420,#1428,#1437,#1445,#1453,#1462,#1470,
    #1478));
#1410 = ORIENTED_EDGE('',*,*,#1411,.T.);
#1411 = EDGE_CURVE('',#1412,#1414,#1416,.T.);
#1412 = VERTEX_POINT('',#1413);
#1413 = CARTESIAN_POINT('',(113.00671399532,-84.5853802216,
    2.30926389122E-14));
#1414 = VERTEX_POINT('',#1415);
#1415 = CARTESIAN_POINT('',(113.711,-84.99199988832,2.30926389122E-14));
#1416 = LINE('',#1417,#1418);
#1417 = CARTESIAN_POINT('',(80.319749762879,-65.7135548353,
    1.936287685733E-14));
#1418 = VECTOR('',#1419,1.);
#1419 = DIRECTION('',(0.866025429165,-0.49999995604,1.060575269807E-16)
  );
#1420 = ORIENTED_EDGE('',*,*,#1421,.T.);
#1421 = EDGE_CURVE('',#1414,#1422,#1424,.T.);
#1422 = VERTEX_POINT('',#1423);
#1423 = CARTESIAN_POINT('',(113.0067140366,-85.39861962654,
    2.30926389122E-14));
#1424 = LINE('',#1425,#1426);
#1425 = CARTESIAN_POINT('',(118.48157691958,-82.23770569673,
    2.42783752871E-14));
#1426 = VECTOR('',#1427,1.);
#1427 = DIRECTION('',(-0.866025378404,-0.50000004396,-1.060575207643E-16
    ));
#1428 = ORIENTED_EDGE('',*,*,#1429,.F.);
#1429 = EDGE_CURVE('',#1430,#1422,#1432,.T.);
#1430 = VERTEX_POINT('',#1431);
#1431 = CARTESIAN_POINT('',(111.1152860601,-86.49063620594,
    2.30926389122E-14));
#1432 = CIRCLE('',#1433,1.55);
#1433 = AXIS2_PLACEMENT_3D('',#1434,#1435,#1436);
#1434 = CARTESIAN_POINT('',(111.511,-84.992,2.30926389122E-14));
#1435 = DIRECTION('',(8.659560562355E-17,8.659560562355E-17,1.));
#1436 = DIRECTION('',(-2.22044604925E-16,-1.,8.659560562355E-17));
#1437 = ORIENTED_EDGE('',*,*,#1438,.T.);
#1438 = EDGE_CURVE('',#1430,#1439,#1441,.T.);
#1439 = VERTEX_POINT('',#1440);
#1440 = CARTESIAN_POINT('',(110.41100009671,-86.89725594416,
    2.30926389122E-14));
#1441 = LINE('',#1442,#1443);
#1442 = CARTESIAN_POINT('',(118.48157691958,-82.23770569673,
    2.42783752871E-14));
#1443 = VECTOR('',#1444,1.);
#1444 = DIRECTION('',(-0.866025378404,-0.50000004396,-1.060575207643E-16
    ));
#1445 = ORIENTED_EDGE('',*,*,#1446,.T.);
#1446 = EDGE_CURVE('',#1439,#1447,#1449,.T.);
#1447 = VERTEX_POINT('',#1448);
#1448 = CARTESIAN_POINT('',(110.41100005543,-86.08401653922,
    2.30926389122E-14));
#1449 = LINE('',#1450,#1451);
#1450 = CARTESIAN_POINT('',(110.41099790826,-43.78440249347,
    2.260390270799E-14));
#1451 = VECTOR('',#1452,1.);
#1452 = DIRECTION('',(-5.076101552796E-08,1.,-6.216431518778E-24));
#1453 = ORIENTED_EDGE('',*,*,#1454,.F.);
#1454 = EDGE_CURVE('',#1455,#1447,#1457,.T.);
#1455 = VERTEX_POINT('',#1456);
#1456 = CARTESIAN_POINT('',(110.41099994456,-83.89998357244,
    2.30926389122E-14));
#1457 = CIRCLE('',#1458,1.55);
#1458 = AXIS2_PLACEMENT_3D('',#1459,#1460,#1461);
#1459 = CARTESIAN_POINT('',(111.511,-84.992,2.30926389122E-14));
#1460 = DIRECTION('',(8.659560562355E-17,8.659560562355E-17,1.));
#1461 = DIRECTION('',(-2.22044604925E-16,-1.,8.659560562355E-17));
#1462 = ORIENTED_EDGE('',*,*,#1463,.T.);
#1463 = EDGE_CURVE('',#1455,#1464,#1466,.T.);
#1464 = VERTEX_POINT('',#1465);
#1465 = CARTESIAN_POINT('',(110.41099990328,-83.08674416751,
    2.30926389122E-14));
#1466 = LINE('',#1467,#1468);
#1467 = CARTESIAN_POINT('',(110.41099790826,-43.78440249347,
    2.260390270799E-14));
#1468 = VECTOR('',#1469,1.);
#1469 = DIRECTION('',(-5.076101552796E-08,1.,-6.216431518778E-24));
#1470 = ORIENTED_EDGE('',*,*,#1471,.T.);
#1471 = EDGE_CURVE('',#1464,#1472,#1474,.T.);
#1472 = VERTEX_POINT('',#1473);
#1473 = CARTESIAN_POINT('',(111.11528590795,-83.49336383422,
    2.30926389122E-14));
#1474 = LINE('',#1475,#1476);
#1475 = CARTESIAN_POINT('',(80.319749762879,-65.7135548353,
    1.936287685733E-14));
#1476 = VECTOR('',#1477,1.);
#1477 = DIRECTION('',(0.866025429165,-0.49999995604,1.060575269807E-16)
  );
#1478 = ORIENTED_EDGE('',*,*,#1479,.F.);
#1479 = EDGE_CURVE('',#1412,#1472,#1480,.T.);
#1480 = CIRCLE('',#1481,1.55);
#1481 = AXIS2_PLACEMENT_3D('',#1482,#1483,#1484);
#1482 = CARTESIAN_POINT('',(111.511,-84.992,2.30926389122E-14));
#1483 = DIRECTION('',(8.659560562355E-17,8.659560562355E-17,1.));
#1484 = DIRECTION('',(-2.22044604925E-16,-1.,8.659560562355E-17));
#1485 = FACE_BOUND('',#1486,.T.);
#1486 = EDGE_LOOP('',(#1487));
#1487 = ORIENTED_EDGE('',*,*,#1488,.T.);
#1488 = EDGE_CURVE('',#1489,#1489,#1491,.T.);
#1489 = VERTEX_POINT('',#1490);
#1490 = CARTESIAN_POINT('',(108.,-76.,2.486404390651E-14));
#1491 = CIRCLE('',#1492,4.);
#1492 = AXIS2_PLACEMENT_3D('',#1493,#1494,#1495);
#1493 = CARTESIAN_POINT('',(112.,-76.,2.319794182404E-14));
#1494 = DIRECTION('',(1.224646799147E-16,0.,-1.));
#1495 = DIRECTION('',(-1.,0.,-1.224646799147E-16));
#1496 = FACE_BOUND('',#1497,.T.);
#1497 = EDGE_LOOP('',(#1498,#1508,#1516,#1525,#1533,#1541,#1550,#1558,
    #1566));
#1498 = ORIENTED_EDGE('',*,*,#1499,.T.);
#1499 = EDGE_CURVE('',#1500,#1502,#1504,.T.);
#1500 = VERTEX_POINT('',#1501);
#1501 = CARTESIAN_POINT('',(113.00671399532,85.374619778391,
    2.30926389122E-14));
#1502 = VERTEX_POINT('',#1503);
#1503 = CARTESIAN_POINT('',(113.711,84.968000111674,2.30926389122E-14));
#1504 = LINE('',#1505,#1506);
#1505 = CARTESIAN_POINT('',(117.11716701285,83.001448900429,
    2.386926078253E-14));
#1506 = VECTOR('',#1507,1.);
#1507 = DIRECTION('',(0.866025429165,-0.49999995604,1.060575269807E-16)
  );
#1508 = ORIENTED_EDGE('',*,*,#1509,.T.);
#1509 = EDGE_CURVE('',#1502,#1510,#1512,.T.);
#1510 = VERTEX_POINT('',#1511);
#1511 = CARTESIAN_POINT('',(113.0067140366,84.561380373457,
    2.30926389122E-14));
#1512 = LINE('',#1513,#1514);
#1513 = CARTESIAN_POINT('',(81.684155355962,66.477290567538,
    1.977199083363E-14));
#1514 = VECTOR('',#1515,1.);
#1515 = DIRECTION('',(-0.866025378404,-0.50000004396,-1.060575207643E-16
    ));
#1516 = ORIENTED_EDGE('',*,*,#1517,.F.);
#1517 = EDGE_CURVE('',#1518,#1510,#1520,.T.);
#1518 = VERTEX_POINT('',#1519);
#1519 = CARTESIAN_POINT('',(111.1152860601,83.469363794054,
    2.30926389122E-14));
#1520 = CIRCLE('',#1521,1.55);
#1521 = AXIS2_PLACEMENT_3D('',#1522,#1523,#1524);
#1522 = CARTESIAN_POINT('',(111.511,84.968,2.30926389122E-14));
#1523 = DIRECTION('',(8.659560562355E-17,8.659560562355E-17,1.));
#1524 = DIRECTION('',(-2.22044604925E-16,-1.,8.659560562355E-17));
#1525 = ORIENTED_EDGE('',*,*,#1526,.T.);
#1526 = EDGE_CURVE('',#1518,#1527,#1529,.T.);
#1527 = VERTEX_POINT('',#1528);
#1528 = CARTESIAN_POINT('',(110.41100009671,83.062744055837,
    2.30926389122E-14));
#1529 = LINE('',#1530,#1531);
#1530 = CARTESIAN_POINT('',(81.684155355962,66.477290567538,
    1.977199083363E-14));
#1531 = VECTOR('',#1532,1.);
#1532 = DIRECTION('',(-0.866025378404,-0.50000004396,-1.060575207643E-16
    ));
#1533 = ORIENTED_EDGE('',*,*,#1534,.T.);
#1534 = EDGE_CURVE('',#1527,#1535,#1537,.T.);
#1535 = VERTEX_POINT('',#1536);
#1536 = CARTESIAN_POINT('',(110.41100005543,83.875983460771,
    2.30926389122E-14));
#1537 = LINE('',#1538,#1539);
#1538 = CARTESIAN_POINT('',(110.41100222193,41.195597506526,
    2.260390323626E-14));
#1539 = VECTOR('',#1540,1.);
#1540 = DIRECTION('',(-5.076101552796E-08,1.,-6.216431518778E-24));
#1541 = ORIENTED_EDGE('',*,*,#1542,.F.);
#1542 = EDGE_CURVE('',#1543,#1535,#1545,.T.);
#1543 = VERTEX_POINT('',#1544);
#1544 = CARTESIAN_POINT('',(110.41099994456,86.060016427555,
    2.30926389122E-14));
#1545 = CIRCLE('',#1546,1.55);
#1546 = AXIS2_PLACEMENT_3D('',#1547,#1548,#1549);
#1547 = CARTESIAN_POINT('',(111.511,84.968,2.30926389122E-14));
#1548 = DIRECTION('',(8.659560562355E-17,8.659560562355E-17,1.));
#1549 = DIRECTION('',(-2.22044604925E-16,-1.,8.659560562355E-17));
#1550 = ORIENTED_EDGE('',*,*,#1551,.T.);
#1551 = EDGE_CURVE('',#1543,#1552,#1554,.T.);
#1552 = VERTEX_POINT('',#1553);
#1553 = CARTESIAN_POINT('',(110.41099990328,86.873255832489,
    2.30926389122E-14));
#1554 = LINE('',#1555,#1556);
#1555 = CARTESIAN_POINT('',(110.41100222193,41.195597506526,
    2.260390323626E-14));
#1556 = VECTOR('',#1557,1.);
#1557 = DIRECTION('',(-5.076101552796E-08,1.,-6.216431518778E-24));
#1558 = ORIENTED_EDGE('',*,*,#1559,.T.);
#1559 = EDGE_CURVE('',#1552,#1560,#1562,.T.);
#1560 = VERTEX_POINT('',#1561);
#1561 = CARTESIAN_POINT('',(111.11528590795,86.466636165772,
    2.30926389122E-14));
#1562 = LINE('',#1563,#1564);
#1563 = CARTESIAN_POINT('',(117.11716701285,83.001448900429,
    2.386926078253E-14));
#1564 = VECTOR('',#1565,1.);
#1565 = DIRECTION('',(0.866025429165,-0.49999995604,1.060575269807E-16)
  );
#1566 = ORIENTED_EDGE('',*,*,#1567,.F.);
#1567 = EDGE_CURVE('',#1500,#1560,#1568,.T.);
#1568 = CIRCLE('',#1569,1.55);
#1569 = AXIS2_PLACEMENT_3D('',#1570,#1571,#1572);
#1570 = CARTESIAN_POINT('',(111.511,84.968,2.30926389122E-14));
#1571 = DIRECTION('',(8.659560562355E-17,8.659560562355E-17,1.));
#1572 = DIRECTION('',(-2.22044604925E-16,-1.,8.659560562355E-17));
#1573 = FACE_BOUND('',#1574,.T.);
#1574 = EDGE_LOOP('',(#1575));
#1575 = ORIENTED_EDGE('',*,*,#1576,.T.);
#1576 = EDGE_CURVE('',#1577,#1577,#1579,.T.);
#1577 = VERTEX_POINT('',#1578);
#1578 = CARTESIAN_POINT('',(108.,76.,2.486404390651E-14));
#1579 = CIRCLE('',#1580,4.);
#1580 = AXIS2_PLACEMENT_3D('',#1581,#1582,#1583);
#1581 = CARTESIAN_POINT('',(112.,76.,2.319794182404E-14));
#1582 = DIRECTION('',(1.224646799147E-16,0.,-1.));
#1583 = DIRECTION('',(-1.,0.,-1.224646799147E-16));
#1584 = PLANE('',#1585);
#1585 = AXIS2_PLACEMENT_3D('',#1586,#1587,#1588);
#1586 = CARTESIAN_POINT('',(77.750099454317,-0.671550700686,
    1.90035387166E-14));
#1587 = DIRECTION('',(-1.224646799147E-16,-0.,1.));
#1588 = DIRECTION('',(1.,0.,1.224646799147E-16));
#1589 = ADVANCED_FACE('',(#1590),#1608,.F.);
#1590 = FACE_BOUND('',#1591,.F.);
#1591 = EDGE_LOOP('',(#1592,#1600,#1606,#1607));
#1592 = ORIENTED_EDGE('',*,*,#1593,.T.);
#1593 = EDGE_CURVE('',#1070,#1594,#1596,.T.);
#1594 = VERTEX_POINT('',#1595);
#1595 = CARTESIAN_POINT('',(4.68888721866,-84.,-45.));
#1596 = LINE('',#1597,#1598);
#1597 = CARTESIAN_POINT('',(5.175134796164,-82.37805268818,
    -46.62194731181));
#1598 = VECTOR('',#1599,1.);
#1599 = DIRECTION('',(-0.207376957729,-0.691735063953,0.691735063953));
#1600 = ORIENTED_EDGE('',*,*,#1601,.T.);
#1601 = EDGE_CURVE('',#1594,#48,#1602,.T.);
#1602 = LINE('',#1603,#1604);
#1603 = CARTESIAN_POINT('',(6.68888721866,-84.,-45.));
#1604 = VECTOR('',#1605,1.);
#1605 = DIRECTION('',(-1.,0.,-1.224646799147E-16));
#1606 = ORIENTED_EDGE('',*,*,#47,.T.);
#1607 = ORIENTED_EDGE('',*,*,#1077,.F.);
#1608 = PLANE('',#1609);
#1609 = AXIS2_PLACEMENT_3D('',#1610,#1611,#1612);
#1610 = CARTESIAN_POINT('',(6.68888721866,-83.,-46.));
#1611 = DIRECTION('',(8.659560562355E-17,-0.707106781187,-0.707106781187
    ));
#1612 = DIRECTION('',(-1.,0.,-1.224646799147E-16));
#1613 = ADVANCED_FACE('',(#1614,#1640,#1717),#1794,.T.);
#1614 = FACE_BOUND('',#1615,.T.);
#1615 = EDGE_LOOP('',(#1616,#1624,#1625,#1626,#1634));
#1616 = ORIENTED_EDGE('',*,*,#1617,.F.);
#1617 = EDGE_CURVE('',#64,#1618,#1620,.T.);
#1618 = VERTEX_POINT('',#1619);
#1619 = CARTESIAN_POINT('',(-9.999999999991E-03,-91.,-47.));
#1620 = LINE('',#1621,#1622);
#1621 = CARTESIAN_POINT('',(4.141095578796,-91.,-47.));
#1622 = VECTOR('',#1623,1.);
#1623 = DIRECTION('',(-1.,0.,-1.224646799147E-16));
#1624 = ORIENTED_EDGE('',*,*,#71,.F.);
#1625 = ORIENTED_EDGE('',*,*,#1163,.T.);
#1626 = ORIENTED_EDGE('',*,*,#1627,.F.);
#1627 = EDGE_CURVE('',#1628,#1156,#1630,.T.);
#1628 = VERTEX_POINT('',#1629);
#1629 = CARTESIAN_POINT('',(-8.,-91.,-39.01));
#1630 = LINE('',#1631,#1632);
#1631 = CARTESIAN_POINT('',(-8.,-91.,-47.));
#1632 = VECTOR('',#1633,1.);
#1633 = DIRECTION('',(-1.224646799147E-16,0.,1.));
#1634 = ORIENTED_EDGE('',*,*,#1635,.T.);
#1635 = EDGE_CURVE('',#1628,#1618,#1636,.T.);
#1636 = LINE('',#1637,#1638);
#1637 = CARTESIAN_POINT('',(-0.969726105301,-91.,-46.04027389469));
#1638 = VECTOR('',#1639,1.);
#1639 = DIRECTION('',(0.707106781187,0.,-0.707106781187));
#1640 = FACE_BOUND('',#1641,.T.);
#1641 = EDGE_LOOP('',(#1642,#1652,#1660,#1669,#1677,#1685,#1694,#1702,
    #1710));
#1642 = ORIENTED_EDGE('',*,*,#1643,.T.);
#1643 = EDGE_CURVE('',#1644,#1646,#1648,.T.);
#1644 = VERTEX_POINT('',#1645);
#1645 = CARTESIAN_POINT('',(-5.084057334518,-91.,-13.15977446561));
#1646 = VERTEX_POINT('',#1647);
#1647 = CARTESIAN_POINT('',(-5.897172878431,-91.,-13.17396749151));
#1648 = LINE('',#1649,#1650);
#1649 = CARTESIAN_POINT('',(0.730269552257,-91.,-13.05828471705));
#1650 = VECTOR('',#1651,1.);
#1651 = DIRECTION('',(-0.99984769427,0.,-1.745245719031E-02));
#1652 = ORIENTED_EDGE('',*,*,#1653,.T.);
#1653 = EDGE_CURVE('',#1646,#1654,#1656,.T.);
#1654 = VERTEX_POINT('',#1655);
#1655 = CARTESIAN_POINT('',(-5.502906627461,-91.,-12.46269226132));
#1656 = LINE('',#1657,#1658);
#1657 = CARTESIAN_POINT('',(-11.88899910133,-91.,-23.98350943294));
#1658 = VECTOR('',#1659,1.);
#1659 = DIRECTION('',(0.48480957585,0.,0.874619731749));
#1660 = ORIENTED_EDGE('',*,*,#1661,.F.);
#1661 = EDGE_CURVE('',#1662,#1654,#1664,.T.);
#1662 = VERTEX_POINT('',#1663);
#1663 = CARTESIAN_POINT('',(-4.444066531192,-91.,-10.55249393378));
#1664 = CIRCLE('',#1665,1.55);
#1665 = AXIS2_PLACEMENT_3D('',#1666,#1667,#1668);
#1666 = CARTESIAN_POINT('',(-4.011404874403,-91.,-12.04088363098));
#1667 = DIRECTION('',(-2.948876798795E-16,-1.,-3.714698827088E-16));
#1668 = DIRECTION('',(-0.51503807491,-1.665334536938E-16,0.857167300702)
  );
#1669 = ORIENTED_EDGE('',*,*,#1670,.T.);
#1670 = EDGE_CURVE('',#1662,#1671,#1673,.T.);
#1671 = VERTEX_POINT('',#1672);
#1672 = CARTESIAN_POINT('',(-4.049800280223,-91.,-9.841218703592));
#1673 = LINE('',#1674,#1675);
#1674 = CARTESIAN_POINT('',(-11.88899910133,-91.,-23.98350943294));
#1675 = VECTOR('',#1676,1.);
#1676 = DIRECTION('',(0.48480957585,0.,0.874619731749));
#1677 = ORIENTED_EDGE('',*,*,#1678,.T.);
#1678 = EDGE_CURVE('',#1671,#1679,#1681,.T.);
#1679 = VERTEX_POINT('',#1680);
#1680 = CARTESIAN_POINT('',(-3.63095098728,-91.,-10.53830090788));
#1681 = LINE('',#1682,#1683);
#1682 = CARTESIAN_POINT('',(5.238890265771,-91.,-25.3001940197));
#1683 = VECTOR('',#1684,1.);
#1684 = DIRECTION('',(0.515038118421,0.,-0.857167274558));
#1685 = ORIENTED_EDGE('',*,*,#1686,.F.);
#1686 = EDGE_CURVE('',#1687,#1679,#1689,.T.);
#1687 = VERTEX_POINT('',#1688);
#1688 = CARTESIAN_POINT('',(-2.506090757498,-91.,-12.41038249356));
#1689 = CIRCLE('',#1690,1.55);
#1690 = AXIS2_PLACEMENT_3D('',#1691,#1692,#1693);
#1691 = CARTESIAN_POINT('',(-4.011404874403,-91.,-12.04088363098));
#1692 = DIRECTION('',(-2.948876798795E-16,-1.,-3.714698827088E-16));
#1693 = DIRECTION('',(-0.51503807491,-1.665334536938E-16,0.857167300702)
  );
#1694 = ORIENTED_EDGE('',*,*,#1695,.T.);
#1695 = EDGE_CURVE('',#1687,#1696,#1698,.T.);
#1696 = VERTEX_POINT('',#1697);
#1697 = CARTESIAN_POINT('',(-2.087241464555,-91.,-13.10746469785));
#1698 = LINE('',#1699,#1700);
#1699 = CARTESIAN_POINT('',(5.238890265771,-91.,-25.3001940197));
#1700 = VECTOR('',#1701,1.);
#1701 = DIRECTION('',(0.515038118421,0.,-0.857167274558));
#1702 = ORIENTED_EDGE('',*,*,#1703,.T.);
#1703 = EDGE_CURVE('',#1696,#1704,#1706,.T.);
#1704 = VERTEX_POINT('',#1705);
#1705 = CARTESIAN_POINT('',(-2.900357008469,-91.,-13.12165772375));
#1706 = LINE('',#1707,#1708);
#1707 = CARTESIAN_POINT('',(0.730269552257,-91.,-13.05828471705));
#1708 = VECTOR('',#1709,1.);
#1709 = DIRECTION('',(-0.99984769427,0.,-1.745245719031E-02));
#1710 = ORIENTED_EDGE('',*,*,#1711,.F.);
#1711 = EDGE_CURVE('',#1644,#1704,#1712,.T.);
#1712 = CIRCLE('',#1713,1.55);
#1713 = AXIS2_PLACEMENT_3D('',#1714,#1715,#1716);
#1714 = CARTESIAN_POINT('',(-4.011404874403,-91.,-12.04088363098));
#1715 = DIRECTION('',(-2.948876798795E-16,-1.,-3.714698827088E-16));
#1716 = DIRECTION('',(-0.51503807491,-1.665334536938E-16,0.857167300702)
  );
#1717 = FACE_BOUND('',#1718,.T.);
#1718 = EDGE_LOOP('',(#1719,#1729,#1737,#1746,#1754,#1762,#1771,#1779,
    #1787));
#1719 = ORIENTED_EDGE('',*,*,#1720,.T.);
#1720 = EDGE_CURVE('',#1721,#1723,#1725,.T.);
#1721 = VERTEX_POINT('',#1722);
#1722 = CARTESIAN_POINT('',(-5.093925402702,-91.,-30.09355439276));
#1723 = VERTEX_POINT('',#1724);
#1724 = CARTESIAN_POINT('',(-5.907040946616,-91.,-30.10774741866));
#1725 = LINE('',#1726,#1727);
#1726 = CARTESIAN_POINT('',(0.873079544022,-91.,-29.98939963101));
#1727 = VECTOR('',#1728,1.);
#1728 = DIRECTION('',(-0.99984769427,0.,-1.745245719031E-02));
#1729 = ORIENTED_EDGE('',*,*,#1730,.T.);
#1730 = EDGE_CURVE('',#1723,#1731,#1733,.T.);
#1731 = VERTEX_POINT('',#1732);
#1732 = CARTESIAN_POINT('',(-5.512774695645,-91.,-29.39647218847));
#1733 = LINE('',#1734,#1735);
#1734 = CARTESIAN_POINT('',(-8.307542743307,-91.,-34.43836781493));
#1735 = VECTOR('',#1736,1.);
#1736 = DIRECTION('',(0.48480957585,0.,0.874619731749));
#1737 = ORIENTED_EDGE('',*,*,#1738,.F.);
#1738 = EDGE_CURVE('',#1739,#1731,#1741,.T.);
#1739 = VERTEX_POINT('',#1740);
#1740 = CARTESIAN_POINT('',(-4.453934599377,-91.,-27.48627386093));
#1741 = CIRCLE('',#1742,1.55);
#1742 = AXIS2_PLACEMENT_3D('',#1743,#1744,#1745);
#1743 = CARTESIAN_POINT('',(-4.021272942588,-91.,-28.97466355813));
#1744 = DIRECTION('',(-2.948876798795E-16,-1.,-3.714698827088E-16));
#1745 = DIRECTION('',(-0.51503807491,-1.665334536938E-16,0.857167300702)
  );
#1746 = ORIENTED_EDGE('',*,*,#1747,.T.);
#1747 = EDGE_CURVE('',#1739,#1748,#1750,.T.);
#1748 = VERTEX_POINT('',#1749);
#1749 = CARTESIAN_POINT('',(-4.059668348407,-91.,-26.77499863074));
#1750 = LINE('',#1751,#1752);
#1751 = CARTESIAN_POINT('',(-8.307542743307,-91.,-34.43836781493));
#1752 = VECTOR('',#1753,1.);
#1753 = DIRECTION('',(0.48480957585,0.,0.874619731749));
#1754 = ORIENTED_EDGE('',*,*,#1755,.T.);
#1755 = EDGE_CURVE('',#1748,#1756,#1758,.T.);
#1756 = VERTEX_POINT('',#1757);
#1757 = CARTESIAN_POINT('',(-3.640819055464,-91.,-27.47208083503));
#1758 = LINE('',#1759,#1760);
#1759 = CARTESIAN_POINT('',(1.492420762562,-91.,-36.01522555986));
#1760 = VECTOR('',#1761,1.);
#1761 = DIRECTION('',(0.515038118421,0.,-0.857167274558));
#1762 = ORIENTED_EDGE('',*,*,#1763,.F.);
#1763 = EDGE_CURVE('',#1764,#1756,#1766,.T.);
#1764 = VERTEX_POINT('',#1765);
#1765 = CARTESIAN_POINT('',(-2.515958825683,-91.,-29.34416242071));
#1766 = CIRCLE('',#1767,1.55);
#1767 = AXIS2_PLACEMENT_3D('',#1768,#1769,#1770);
#1768 = CARTESIAN_POINT('',(-4.021272942588,-91.,-28.97466355813));
#1769 = DIRECTION('',(-2.948876798795E-16,-1.,-3.714698827088E-16));
#1770 = DIRECTION('',(-0.51503807491,-1.665334536938E-16,0.857167300702)
  );
#1771 = ORIENTED_EDGE('',*,*,#1772,.T.);
#1772 = EDGE_CURVE('',#1764,#1773,#1775,.T.);
#1773 = VERTEX_POINT('',#1774);
#1774 = CARTESIAN_POINT('',(-2.09710953274,-91.,-30.041244625));
#1775 = LINE('',#1776,#1777);
#1776 = CARTESIAN_POINT('',(1.492420762562,-91.,-36.01522555986));
#1777 = VECTOR('',#1778,1.);
#1778 = DIRECTION('',(0.515038118421,0.,-0.857167274558));
#1779 = ORIENTED_EDGE('',*,*,#1780,.T.);
#1780 = EDGE_CURVE('',#1773,#1781,#1783,.T.);
#1781 = VERTEX_POINT('',#1782);
#1782 = CARTESIAN_POINT('',(-2.910225076653,-91.,-30.0554376509));
#1783 = LINE('',#1784,#1785);
#1784 = CARTESIAN_POINT('',(0.873079544022,-91.,-29.98939963101));
#1785 = VECTOR('',#1786,1.);
#1786 = DIRECTION('',(-0.99984769427,0.,-1.745245719031E-02));
#1787 = ORIENTED_EDGE('',*,*,#1788,.F.);
#1788 = EDGE_CURVE('',#1721,#1781,#1789,.T.);
#1789 = CIRCLE('',#1790,1.55);
#1790 = AXIS2_PLACEMENT_3D('',#1791,#1792,#1793);
#1791 = CARTESIAN_POINT('',(-4.021272942588,-91.,-28.97466355813));
#1792 = DIRECTION('',(-2.948876798795E-16,-1.,-3.714698827088E-16));
#1793 = DIRECTION('',(-0.51503807491,-1.665334536938E-16,0.857167300702)
  );
#1794 = PLANE('',#1795);
#1795 = AXIS2_PLACEMENT_3D('',#1796,#1797,#1798);
#1796 = CARTESIAN_POINT('',(4.141095578796,-91.,-47.));
#1797 = DIRECTION('',(0.,-1.,-0.));
#1798 = DIRECTION('',(-1.,0.,-1.224646799147E-16));
#1799 = ADVANCED_FACE('',(#1800),#1842,.F.);
#1800 = FACE_BOUND('',#1801,.F.);
#1801 = EDGE_LOOP('',(#1802,#1812,#1820,#1826,#1827,#1828,#1836));
#1802 = ORIENTED_EDGE('',*,*,#1803,.F.);
#1803 = EDGE_CURVE('',#1804,#1806,#1808,.T.);
#1804 = VERTEX_POINT('',#1805);
#1805 = CARTESIAN_POINT('',(-5.,-84.,-42.01));
#1806 = VERTEX_POINT('',#1807);
#1807 = CARTESIAN_POINT('',(-5.,-84.,-2.));
#1808 = LINE('',#1809,#1810);
#1809 = CARTESIAN_POINT('',(-5.,-84.,-39.01));
#1810 = VECTOR('',#1811,1.);
#1811 = DIRECTION('',(-1.224646799147E-16,0.,1.));
#1812 = ORIENTED_EDGE('',*,*,#1813,.T.);
#1813 = EDGE_CURVE('',#1804,#1814,#1816,.T.);
#1814 = VERTEX_POINT('',#1815);
#1815 = CARTESIAN_POINT('',(-9.999999999991E-03,-84.,-47.));
#1816 = LINE('',#1817,#1818);
#1817 = CARTESIAN_POINT('',(-0.332778195335,-84.,-46.67722180466));
#1818 = VECTOR('',#1819,1.);
#1819 = DIRECTION('',(0.707106781187,0.,-0.707106781187));
#1820 = ORIENTED_EDGE('',*,*,#1821,.F.);
#1821 = EDGE_CURVE('',#56,#1814,#1822,.T.);
#1822 = LINE('',#1823,#1824);
#1823 = CARTESIAN_POINT('',(6.68888721866,-84.,-47.));
#1824 = VECTOR('',#1825,1.);
#1825 = DIRECTION('',(-1.,0.,-1.224646799147E-16));
#1826 = ORIENTED_EDGE('',*,*,#55,.T.);
#1827 = ORIENTED_EDGE('',*,*,#1601,.F.);
#1828 = ORIENTED_EDGE('',*,*,#1829,.T.);
#1829 = EDGE_CURVE('',#1594,#1830,#1832,.T.);
#1830 = VERTEX_POINT('',#1831);
#1831 = CARTESIAN_POINT('',(4.68888721866,-84.,-2.));
#1832 = LINE('',#1833,#1834);
#1833 = CARTESIAN_POINT('',(4.68888721866,-84.,-47.));
#1834 = VECTOR('',#1835,1.);
#1835 = DIRECTION('',(-1.224646799147E-16,0.,1.));
#1836 = ORIENTED_EDGE('',*,*,#1837,.T.);
#1837 = EDGE_CURVE('',#1830,#1806,#1838,.T.);
#1838 = LINE('',#1839,#1840);
#1839 = CARTESIAN_POINT('',(6.68888721866,-84.,-2.));
#1840 = VECTOR('',#1841,1.);
#1841 = DIRECTION('',(-1.,0.,-1.224646799147E-16));
#1842 = PLANE('',#1843);
#1843 = AXIS2_PLACEMENT_3D('',#1844,#1845,#1846);
#1844 = CARTESIAN_POINT('',(6.68888721866,-84.,-47.));
#1845 = DIRECTION('',(0.,-1.,-0.));
#1846 = DIRECTION('',(-1.,0.,-1.224646799147E-16));
#1847 = ADVANCED_FACE('',(#1848),#1859,.T.);
#1848 = FACE_BOUND('',#1849,.T.);
#1849 = EDGE_LOOP('',(#1850,#1851,#1852,#1853));
#1850 = ORIENTED_EDGE('',*,*,#1821,.F.);
#1851 = ORIENTED_EDGE('',*,*,#63,.F.);
#1852 = ORIENTED_EDGE('',*,*,#1617,.T.);
#1853 = ORIENTED_EDGE('',*,*,#1854,.T.);
#1854 = EDGE_CURVE('',#1618,#1814,#1855,.T.);
#1855 = LINE('',#1856,#1857);
#1856 = CARTESIAN_POINT('',(-1.000000000001E-02,-91.,-47.));
#1857 = VECTOR('',#1858,1.);
#1858 = DIRECTION('',(0.,1.,0.));
#1859 = PLANE('',#1860);
#1860 = AXIS2_PLACEMENT_3D('',#1861,#1862,#1863);
#1861 = CARTESIAN_POINT('',(-1.053598341488,1.154688638805,-47.));
#1862 = DIRECTION('',(1.224646799147E-16,0.,-1.));
#1863 = DIRECTION('',(-1.,0.,-1.224646799147E-16));
#1864 = ADVANCED_FACE('',(#1865),#1904,.F.);
#1865 = FACE_BOUND('',#1866,.F.);
#1866 = EDGE_LOOP('',(#1867,#1868,#1876,#1882,#1883,#1891,#1897,#1898));
#1867 = ORIENTED_EDGE('',*,*,#109,.T.);
#1868 = ORIENTED_EDGE('',*,*,#1869,.F.);
#1869 = EDGE_CURVE('',#1870,#112,#1872,.T.);
#1870 = VERTEX_POINT('',#1871);
#1871 = CARTESIAN_POINT('',(0.,94.,-45.));
#1872 = LINE('',#1873,#1874);
#1873 = CARTESIAN_POINT('',(1.42108547152E-14,57.,-82.));
#1874 = VECTOR('',#1875,1.);
#1875 = DIRECTION('',(8.659560562355E-17,-0.707106781187,-0.707106781187
    ));
#1876 = ORIENTED_EDGE('',*,*,#1877,.F.);
#1877 = EDGE_CURVE('',#1180,#1870,#1878,.T.);
#1878 = LINE('',#1879,#1880);
#1879 = CARTESIAN_POINT('',(0.,94.,0.));
#1880 = VECTOR('',#1881,1.);
#1881 = DIRECTION('',(1.224646799147E-16,0.,-1.));
#1882 = ORIENTED_EDGE('',*,*,#1187,.F.);
#1883 = ORIENTED_EDGE('',*,*,#1884,.F.);
#1884 = EDGE_CURVE('',#1885,#1188,#1887,.T.);
#1885 = VERTEX_POINT('',#1886);
#1886 = CARTESIAN_POINT('',(0.,91.,-47.));
#1887 = LINE('',#1888,#1889);
#1888 = CARTESIAN_POINT('',(0.,91.,0.));
#1889 = VECTOR('',#1890,1.);
#1890 = DIRECTION('',(-1.224646799147E-16,0.,1.));
#1891 = ORIENTED_EDGE('',*,*,#1892,.F.);
#1892 = EDGE_CURVE('',#910,#1885,#1893,.T.);
#1893 = LINE('',#1894,#1895);
#1894 = CARTESIAN_POINT('',(0.,-91.,-47.));
#1895 = VECTOR('',#1896,1.);
#1896 = DIRECTION('',(-2.719262146894E-32,1.,2.22044604925E-16));
#1897 = ORIENTED_EDGE('',*,*,#909,.F.);
#1898 = ORIENTED_EDGE('',*,*,#1899,.T.);
#1899 = EDGE_CURVE('',#902,#110,#1900,.T.);
#1900 = LINE('',#1901,#1902);
#1901 = CARTESIAN_POINT('',(0.,40.660662,-47.));
#1902 = VECTOR('',#1903,1.);
#1903 = DIRECTION('',(1.224646799147E-16,0.,-1.));
#1904 = PLANE('',#1905);
#1905 = AXIS2_PLACEMENT_3D('',#1906,#1907,#1908);
#1906 = CARTESIAN_POINT('',(0.,-94.,0.));
#1907 = DIRECTION('',(1.,0.,1.224646799147E-16));
#1908 = DIRECTION('',(0.,1.,0.));
#1909 = ADVANCED_FACE('',(#1910),#1928,.T.);
#1910 = FACE_BOUND('',#1911,.T.);
#1911 = EDGE_LOOP('',(#1912,#1913,#1921,#1927));
#1912 = ORIENTED_EDGE('',*,*,#1869,.F.);
#1913 = ORIENTED_EDGE('',*,*,#1914,.T.);
#1914 = EDGE_CURVE('',#1870,#1915,#1917,.T.);
#1915 = VERTEX_POINT('',#1916);
#1916 = CARTESIAN_POINT('',(100.5,94.,-45.));
#1917 = LINE('',#1918,#1919);
#1918 = CARTESIAN_POINT('',(0.,94.,-45.));
#1919 = VECTOR('',#1920,1.);
#1920 = DIRECTION('',(1.,0.,1.224646799147E-16));
#1921 = ORIENTED_EDGE('',*,*,#1922,.F.);
#1922 = EDGE_CURVE('',#120,#1915,#1923,.T.);
#1923 = LINE('',#1924,#1925);
#1924 = CARTESIAN_POINT('',(100.5,91.5,-47.5));
#1925 = VECTOR('',#1926,1.);
#1926 = DIRECTION('',(-8.659560562355E-17,0.707106781187,0.707106781187)
  );
#1927 = ORIENTED_EDGE('',*,*,#119,.F.);
#1928 = PLANE('',#1929);
#1929 = AXIS2_PLACEMENT_3D('',#1930,#1931,#1932);
#1930 = CARTESIAN_POINT('',(0.,91.5,-47.5));
#1931 = DIRECTION('',(8.659560562355E-17,0.707106781187,-0.707106781187)
  );
#1932 = DIRECTION('',(1.,0.,1.224646799147E-16));
#1933 = ADVANCED_FACE('',(#1934),#1959,.T.);
#1934 = FACE_BOUND('',#1935,.T.);
#1935 = EDGE_LOOP('',(#1936,#1944,#1952,#1958));
#1936 = ORIENTED_EDGE('',*,*,#1937,.T.);
#1937 = EDGE_CURVE('',#215,#1938,#1940,.T.);
#1938 = VERTEX_POINT('',#1939);
#1939 = CARTESIAN_POINT('',(68.05815734356,40.160662,-49.5));
#1940 = LINE('',#1941,#1942);
#1941 = CARTESIAN_POINT('',(68.05815734356,40.535662,-49.875));
#1942 = VECTOR('',#1943,1.);
#1943 = DIRECTION('',(-8.659560562355E-17,-0.707106781187,0.707106781187
    ));
#1944 = ORIENTED_EDGE('',*,*,#1945,.T.);
#1945 = EDGE_CURVE('',#1938,#1946,#1948,.T.);
#1946 = VERTEX_POINT('',#1947);
#1947 = CARTESIAN_POINT('',(0.5,40.160662,-49.5));
#1948 = LINE('',#1949,#1950);
#1949 = CARTESIAN_POINT('',(68.55815734356,40.160662,-49.5));
#1950 = VECTOR('',#1951,1.);
#1951 = DIRECTION('',(-1.,0.,-1.224646799147E-16));
#1952 = ORIENTED_EDGE('',*,*,#1953,.T.);
#1953 = EDGE_CURVE('',#1946,#110,#1954,.T.);
#1954 = LINE('',#1955,#1956);
#1955 = CARTESIAN_POINT('',(12.093026223927,28.567635776073,
    -37.90697377607));
#1956 = VECTOR('',#1957,1.);
#1957 = DIRECTION('',(-0.57735026919,0.57735026919,-0.57735026919));
#1958 = ORIENTED_EDGE('',*,*,#222,.F.);
#1959 = PLANE('',#1960);
#1960 = AXIS2_PLACEMENT_3D('',#1961,#1962,#1963);
#1961 = CARTESIAN_POINT('',(68.55815734356,40.410662,-49.75));
#1962 = DIRECTION('',(8.659560562355E-17,-0.707106781187,-0.707106781187
    ));
#1963 = DIRECTION('',(-1.,0.,-1.224646799147E-16));
#1964 = ADVANCED_FACE('',(#1965),#1990,.T.);
#1965 = FACE_BOUND('',#1966,.T.);
#1966 = EDGE_LOOP('',(#1967,#1975,#1976,#1984));
#1967 = ORIENTED_EDGE('',*,*,#1968,.F.);
#1968 = EDGE_CURVE('',#128,#1969,#1971,.T.);
#1969 = VERTEX_POINT('',#1970);
#1970 = CARTESIAN_POINT('',(105.5,76.5,-45.));
#1971 = LINE('',#1972,#1973);
#1972 = CARTESIAN_POINT('',(101.75,76.5,-48.75));
#1973 = VECTOR('',#1974,1.);
#1974 = DIRECTION('',(0.707106781187,-0.,0.707106781187));
#1975 = ORIENTED_EDGE('',*,*,#127,.T.);
#1976 = ORIENTED_EDGE('',*,*,#1977,.F.);
#1977 = EDGE_CURVE('',#1978,#120,#1980,.T.);
#1978 = VERTEX_POINT('',#1979);
#1979 = CARTESIAN_POINT('',(105.5,89.,-45.));
#1980 = LINE('',#1981,#1982);
#1981 = CARTESIAN_POINT('',(104.25,89.,-46.25));
#1982 = VECTOR('',#1983,1.);
#1983 = DIRECTION('',(-0.707106781187,0.,-0.707106781187));
#1984 = ORIENTED_EDGE('',*,*,#1985,.F.);
#1985 = EDGE_CURVE('',#1969,#1978,#1986,.T.);
#1986 = LINE('',#1987,#1988);
#1987 = CARTESIAN_POINT('',(105.5,71.5,-45.));
#1988 = VECTOR('',#1989,1.);
#1989 = DIRECTION('',(0.,1.,0.));
#1990 = PLANE('',#1991);
#1991 = AXIS2_PLACEMENT_3D('',#1992,#1993,#1994);
#1992 = CARTESIAN_POINT('',(103.,71.5,-47.5));
#1993 = DIRECTION('',(0.707106781187,0.,-0.707106781187));
#1994 = DIRECTION('',(0.,1.,0.));
#1995 = ADVANCED_FACE('',(#1996),#2014,.T.);
#1996 = FACE_BOUND('',#1997,.T.);
#1997 = EDGE_LOOP('',(#1998,#1999,#2000,#2008));
#1998 = ORIENTED_EDGE('',*,*,#1937,.F.);
#1999 = ORIENTED_EDGE('',*,*,#214,.T.);
#2000 = ORIENTED_EDGE('',*,*,#2001,.T.);
#2001 = EDGE_CURVE('',#207,#2002,#2004,.T.);
#2002 = VERTEX_POINT('',#2003);
#2003 = CARTESIAN_POINT('',(68.55815734356,39.660662,-49.5));
#2004 = LINE('',#2005,#2006);
#2005 = CARTESIAN_POINT('',(68.683157343559,39.660662,-49.625));
#2006 = VECTOR('',#2007,1.);
#2007 = DIRECTION('',(-0.707106781187,-9.999405969194E-15,0.707106781187
    ));
#2008 = ORIENTED_EDGE('',*,*,#2009,.F.);
#2009 = EDGE_CURVE('',#1938,#2002,#2010,.T.);
#2010 = LINE('',#2011,#2012);
#2011 = CARTESIAN_POINT('',(68.05815734356,40.160662,-49.5));
#2012 = VECTOR('',#2013,1.);
#2013 = DIRECTION('',(0.707106781187,-0.707106781187,1.008600157482E-14)
  );
#2014 = PLANE('',#2015);
#2015 = AXIS2_PLACEMENT_3D('',#2016,#2017,#2018);
#2016 = CARTESIAN_POINT('',(68.05815734356,40.660662,-50.));
#2017 = DIRECTION('',(-0.57735026919,-0.57735026919,-0.57735026919));
#2018 = DIRECTION('',(0.707106781187,-0.707106781187,1.143511812392E-16)
  );
#2019 = ADVANCED_FACE('',(#2020),#2038,.F.);
#2020 = FACE_BOUND('',#2021,.F.);
#2021 = EDGE_LOOP('',(#2022,#2023,#2024,#2032));
#2022 = ORIENTED_EDGE('',*,*,#1968,.F.);
#2023 = ORIENTED_EDGE('',*,*,#135,.T.);
#2024 = ORIENTED_EDGE('',*,*,#2025,.T.);
#2025 = EDGE_CURVE('',#136,#2026,#2028,.T.);
#2026 = VERTEX_POINT('',#2027);
#2027 = CARTESIAN_POINT('',(110.5,71.5,-45.));
#2028 = LINE('',#2029,#2030);
#2029 = CARTESIAN_POINT('',(110.5,70.25,-46.25));
#2030 = VECTOR('',#2031,1.);
#2031 = DIRECTION('',(1.932515215079E-15,0.707106781187,0.707106781187)
  );
#2032 = ORIENTED_EDGE('',*,*,#2033,.F.);
#2033 = EDGE_CURVE('',#1969,#2026,#2034,.T.);
#2034 = LINE('',#2035,#2036);
#2035 = CARTESIAN_POINT('',(105.5,76.5,-45.));
#2036 = VECTOR('',#2037,1.);
#2037 = DIRECTION('',(0.707106781187,-0.707106781187,2.105706426326E-15)
  );
#2038 = PLANE('',#2039);
#2039 = AXIS2_PLACEMENT_3D('',#2040,#2041,#2042);
#2040 = CARTESIAN_POINT('',(100.5,76.5,-50.));
#2041 = DIRECTION('',(-0.57735026919,-0.57735026919,0.57735026919));
#2042 = DIRECTION('',(0.707106781187,-0.707106781187,8.659560562355E-17)
  );
#2043 = ADVANCED_FACE('',(#2044),#2062,.T.);
#2044 = FACE_BOUND('',#2045,.T.);
#2045 = EDGE_LOOP('',(#2046,#2054,#2060,#2061));
#2046 = ORIENTED_EDGE('',*,*,#2047,.T.);
#2047 = EDGE_CURVE('',#199,#2048,#2050,.T.);
#2048 = VERTEX_POINT('',#2049);
#2049 = CARTESIAN_POINT('',(68.55815734356,-50.560657,-49.5));
#2050 = LINE('',#2051,#2052);
#2051 = CARTESIAN_POINT('',(68.93315734356,-50.560657,-49.875));
#2052 = VECTOR('',#2053,1.);
#2053 = DIRECTION('',(-0.707106781187,0.,0.707106781187));
#2054 = ORIENTED_EDGE('',*,*,#2055,.T.);
#2055 = EDGE_CURVE('',#2048,#2002,#2056,.T.);
#2056 = LINE('',#2057,#2058);
#2057 = CARTESIAN_POINT('',(68.55815734356,-51.060657,-49.5));
#2058 = VECTOR('',#2059,1.);
#2059 = DIRECTION('',(0.,1.,0.));
#2060 = ORIENTED_EDGE('',*,*,#2001,.F.);
#2061 = ORIENTED_EDGE('',*,*,#206,.F.);
#2062 = PLANE('',#2063);
#2063 = AXIS2_PLACEMENT_3D('',#2064,#2065,#2066);
#2064 = CARTESIAN_POINT('',(68.80815734356,-51.060657,-49.75));
#2065 = DIRECTION('',(-0.707106781187,0.,-0.707106781187));
#2066 = DIRECTION('',(0.,1.,0.));
#2067 = ADVANCED_FACE('',(#2068),#2086,.T.);
#2068 = FACE_BOUND('',#2069,.T.);
#2069 = EDGE_LOOP('',(#2070,#2071,#2072,#2080));
#2070 = ORIENTED_EDGE('',*,*,#143,.T.);
#2071 = ORIENTED_EDGE('',*,*,#2025,.T.);
#2072 = ORIENTED_EDGE('',*,*,#2073,.F.);
#2073 = EDGE_CURVE('',#2074,#2026,#2076,.T.);
#2074 = VERTEX_POINT('',#2075);
#2075 = CARTESIAN_POINT('',(115.5,71.5,-45.));
#2076 = LINE('',#2077,#2078);
#2077 = CARTESIAN_POINT('',(120.5,71.5,-45.));
#2078 = VECTOR('',#2079,1.);
#2079 = DIRECTION('',(-1.,0.,-1.224646799147E-16));
#2080 = ORIENTED_EDGE('',*,*,#2081,.F.);
#2081 = EDGE_CURVE('',#144,#2074,#2082,.T.);
#2082 = LINE('',#2083,#2084);
#2083 = CARTESIAN_POINT('',(115.5,69.,-47.5));
#2084 = VECTOR('',#2085,1.);
#2085 = DIRECTION('',(-8.659560562355E-17,0.707106781187,0.707106781187)
  );
#2086 = PLANE('',#2087);
#2087 = AXIS2_PLACEMENT_3D('',#2088,#2089,#2090);
#2088 = CARTESIAN_POINT('',(120.5,69.,-47.5));
#2089 = DIRECTION('',(8.659560562355E-17,0.707106781187,-0.707106781187)
  );
#2090 = DIRECTION('',(-1.,0.,-1.224646799147E-16));
#2091 = ADVANCED_FACE('',(#2092),#2110,.T.);
#2092 = FACE_BOUND('',#2093,.T.);
#2093 = EDGE_LOOP('',(#2094,#2095,#2096,#2104));
#2094 = ORIENTED_EDGE('',*,*,#2047,.F.);
#2095 = ORIENTED_EDGE('',*,*,#198,.T.);
#2096 = ORIENTED_EDGE('',*,*,#2097,.T.);
#2097 = EDGE_CURVE('',#191,#2098,#2100,.T.);
#2098 = VERTEX_POINT('',#2099);
#2099 = CARTESIAN_POINT('',(68.05815734356,-51.060657,-49.5));
#2100 = LINE('',#2101,#2102);
#2101 = CARTESIAN_POINT('',(68.05815734356,-51.185657,-49.625));
#2102 = VECTOR('',#2103,1.);
#2103 = DIRECTION('',(1.000895849789E-14,0.707106781187,0.707106781187)
  );
#2104 = ORIENTED_EDGE('',*,*,#2105,.F.);
#2105 = EDGE_CURVE('',#2048,#2098,#2106,.T.);
#2106 = LINE('',#2107,#2108);
#2107 = CARTESIAN_POINT('',(68.55815734356,-50.560657,-49.5));
#2108 = VECTOR('',#2109,1.);
#2109 = DIRECTION('',(-0.707106781187,-0.707106781187,
    -1.018214970914E-14));
#2110 = PLANE('',#2111);
#2111 = AXIS2_PLACEMENT_3D('',#2112,#2113,#2114);
#2112 = CARTESIAN_POINT('',(69.05815734356,-50.560657,-50.));
#2113 = DIRECTION('',(-0.57735026919,0.57735026919,-0.57735026919));
#2114 = DIRECTION('',(-0.707106781187,-0.707106781187,-1.01618695541E-14
    ));
#2115 = ADVANCED_FACE('',(#2116),#2141,.T.);
#2116 = FACE_BOUND('',#2117,.T.);
#2117 = EDGE_LOOP('',(#2118,#2126,#2134,#2140));
#2118 = ORIENTED_EDGE('',*,*,#2119,.F.);
#2119 = EDGE_CURVE('',#2120,#144,#2122,.T.);
#2120 = VERTEX_POINT('',#2121);
#2121 = CARTESIAN_POINT('',(120.5,66.5,-45.));
#2122 = LINE('',#2123,#2124);
#2123 = CARTESIAN_POINT('',(119.25,66.5,-46.25));
#2124 = VECTOR('',#2125,1.);
#2125 = DIRECTION('',(-0.707106781187,-2.019110820703E-15,
    -0.707106781187));
#2126 = ORIENTED_EDGE('',*,*,#2127,.T.);
#2127 = EDGE_CURVE('',#2120,#2128,#2130,.T.);
#2128 = VERTEX_POINT('',#2129);
#2129 = CARTESIAN_POINT('',(120.5,-66.5,-45.));
#2130 = LINE('',#2131,#2132);
#2131 = CARTESIAN_POINT('',(120.5,71.5,-45.));
#2132 = VECTOR('',#2133,1.);
#2133 = DIRECTION('',(0.,-1.,-0.));
#2134 = ORIENTED_EDGE('',*,*,#2135,.F.);
#2135 = EDGE_CURVE('',#152,#2128,#2136,.T.);
#2136 = LINE('',#2137,#2138);
#2137 = CARTESIAN_POINT('',(118.,-66.5,-47.5));
#2138 = VECTOR('',#2139,1.);
#2139 = DIRECTION('',(0.707106781187,0.,0.707106781187));
#2140 = ORIENTED_EDGE('',*,*,#151,.F.);
#2141 = PLANE('',#2142);
#2142 = AXIS2_PLACEMENT_3D('',#2143,#2144,#2145);
#2143 = CARTESIAN_POINT('',(118.,71.5,-47.5));
#2144 = DIRECTION('',(0.707106781187,0.,-0.707106781187));
#2145 = DIRECTION('',(0.,-1.,-0.));
#2146 = ADVANCED_FACE('',(#2147),#2158,.T.);
#2147 = FACE_BOUND('',#2148,.T.);
#2148 = EDGE_LOOP('',(#2149,#2150,#2156,#2157));
#2149 = ORIENTED_EDGE('',*,*,#260,.T.);
#2150 = ORIENTED_EDGE('',*,*,#2151,.T.);
#2151 = EDGE_CURVE('',#261,#2098,#2152,.T.);
#2152 = LINE('',#2153,#2154);
#2153 = CARTESIAN_POINT('',(0.,-51.060657,-49.5));
#2154 = VECTOR('',#2155,1.);
#2155 = DIRECTION('',(1.,0.,1.224646799147E-16));
#2156 = ORIENTED_EDGE('',*,*,#2097,.F.);
#2157 = ORIENTED_EDGE('',*,*,#190,.F.);
#2158 = PLANE('',#2159);
#2159 = AXIS2_PLACEMENT_3D('',#2160,#2161,#2162);
#2160 = CARTESIAN_POINT('',(0.,-51.310657,-49.75));
#2161 = DIRECTION('',(8.659560562355E-17,0.707106781187,-0.707106781187)
  );
#2162 = DIRECTION('',(1.,0.,1.224646799147E-16));
#2163 = ADVANCED_FACE('',(#2164),#2189,.T.);
#2164 = FACE_BOUND('',#2165,.T.);
#2165 = EDGE_LOOP('',(#2166,#2174,#2175,#2183));
#2166 = ORIENTED_EDGE('',*,*,#2167,.F.);
#2167 = EDGE_CURVE('',#160,#2168,#2170,.T.);
#2168 = VERTEX_POINT('',#2169);
#2169 = CARTESIAN_POINT('',(110.5,-71.5,-45.));
#2170 = LINE('',#2171,#2172);
#2171 = CARTESIAN_POINT('',(110.5,-70.25,-46.25));
#2172 = VECTOR('',#2173,1.);
#2173 = DIRECTION('',(-8.659560562355E-17,-0.707106781187,0.707106781187
    ));
#2174 = ORIENTED_EDGE('',*,*,#159,.T.);
#2175 = ORIENTED_EDGE('',*,*,#2176,.F.);
#2176 = EDGE_CURVE('',#2177,#152,#2179,.T.);
#2177 = VERTEX_POINT('',#2178);
#2178 = CARTESIAN_POINT('',(115.5,-71.5,-45.));
#2179 = LINE('',#2180,#2181);
#2180 = CARTESIAN_POINT('',(115.5,-70.25,-46.25));
#2181 = VECTOR('',#2182,1.);
#2182 = DIRECTION('',(-8.748857375682E-16,0.707106781187,-0.707106781187
    ));
#2183 = ORIENTED_EDGE('',*,*,#2184,.F.);
#2184 = EDGE_CURVE('',#2168,#2177,#2185,.T.);
#2185 = LINE('',#2186,#2187);
#2186 = CARTESIAN_POINT('',(105.5,-71.5,-45.));
#2187 = VECTOR('',#2188,1.);
#2188 = DIRECTION('',(1.,0.,1.224646799147E-16));
#2189 = PLANE('',#2190);
#2190 = AXIS2_PLACEMENT_3D('',#2191,#2192,#2193);
#2191 = CARTESIAN_POINT('',(105.5,-69.,-47.5));
#2192 = DIRECTION('',(-9.332093610093E-16,-0.707106781187,
    -0.707106781187));
#2193 = DIRECTION('',(1.,-7.211110073938E-16,-5.986463274791E-16));
#2194 = ADVANCED_FACE('',(#2195),#2213,.T.);
#2195 = FACE_BOUND('',#2196,.T.);
#2196 = EDGE_LOOP('',(#2197,#2205,#2206,#2207));
#2197 = ORIENTED_EDGE('',*,*,#2198,.F.);
#2198 = EDGE_CURVE('',#168,#2199,#2201,.T.);
#2199 = VERTEX_POINT('',#2200);
#2200 = CARTESIAN_POINT('',(105.5,-76.5,-45.));
#2201 = LINE('',#2202,#2203);
#2202 = CARTESIAN_POINT('',(101.75,-76.5,-48.75));
#2203 = VECTOR('',#2204,1.);
#2204 = DIRECTION('',(0.707106781187,-0.,0.707106781187));
#2205 = ORIENTED_EDGE('',*,*,#167,.T.);
#2206 = ORIENTED_EDGE('',*,*,#2167,.T.);
#2207 = ORIENTED_EDGE('',*,*,#2208,.F.);
#2208 = EDGE_CURVE('',#2199,#2168,#2209,.T.);
#2209 = LINE('',#2210,#2211);
#2210 = CARTESIAN_POINT('',(105.5,-76.5,-45.));
#2211 = VECTOR('',#2212,1.);
#2212 = DIRECTION('',(0.707106781187,0.707106781187,8.659560562355E-17)
  );
#2213 = PLANE('',#2214);
#2214 = AXIS2_PLACEMENT_3D('',#2215,#2216,#2217);
#2215 = CARTESIAN_POINT('',(100.5,-76.5,-50.));
#2216 = DIRECTION('',(0.57735026919,-0.57735026919,-0.57735026919));
#2217 = DIRECTION('',(0.707106781187,0.707106781187,8.659560562355E-17)
  );
#2218 = ADVANCED_FACE('',(#2219),#2237,.T.);
#2219 = FACE_BOUND('',#2220,.T.);
#2220 = EDGE_LOOP('',(#2221,#2222,#2223,#2231));
#2221 = ORIENTED_EDGE('',*,*,#175,.T.);
#2222 = ORIENTED_EDGE('',*,*,#2198,.T.);
#2223 = ORIENTED_EDGE('',*,*,#2224,.F.);
#2224 = EDGE_CURVE('',#2225,#2199,#2227,.T.);
#2225 = VERTEX_POINT('',#2226);
#2226 = CARTESIAN_POINT('',(105.5,-89.,-45.));
#2227 = LINE('',#2228,#2229);
#2228 = CARTESIAN_POINT('',(105.5,-94.,-45.));
#2229 = VECTOR('',#2230,1.);
#2230 = DIRECTION('',(0.,1.,0.));
#2231 = ORIENTED_EDGE('',*,*,#2232,.F.);
#2232 = EDGE_CURVE('',#176,#2225,#2233,.T.);
#2233 = LINE('',#2234,#2235);
#2234 = CARTESIAN_POINT('',(103.,-89.,-47.5));
#2235 = VECTOR('',#2236,1.);
#2236 = DIRECTION('',(0.707106781187,0.,0.707106781187));
#2237 = PLANE('',#2238);
#2238 = AXIS2_PLACEMENT_3D('',#2239,#2240,#2241);
#2239 = CARTESIAN_POINT('',(103.,-94.,-47.5));
#2240 = DIRECTION('',(0.707106781187,0.,-0.707106781187));
#2241 = DIRECTION('',(0.,1.,0.));
#2242 = ADVANCED_FACE('',(#2243),#2253,.F.);
#2243 = FACE_BOUND('',#2244,.F.);
#2244 = EDGE_LOOP('',(#2245,#2246,#2252));
#2245 = ORIENTED_EDGE('',*,*,#236,.F.);
#2246 = ORIENTED_EDGE('',*,*,#2247,.T.);
#2247 = EDGE_CURVE('',#237,#2225,#2248,.T.);
#2248 = LINE('',#2249,#2250);
#2249 = CARTESIAN_POINT('',(101.75,-92.75,-45.));
#2250 = VECTOR('',#2251,1.);
#2251 = DIRECTION('',(0.707106781187,0.707106781187,8.659560562355E-17)
  );
#2252 = ORIENTED_EDGE('',*,*,#2232,.F.);
#2253 = PLANE('',#2254);
#2254 = AXIS2_PLACEMENT_3D('',#2255,#2256,#2257);
#2255 = CARTESIAN_POINT('',(100.5,-94.,-45.));
#2256 = DIRECTION('',(-0.57735026919,0.57735026919,0.57735026919));
#2257 = DIRECTION('',(0.707106781187,0.,0.707106781187));
#2258 = ADVANCED_FACE('',(#2259),#2277,.T.);
#2259 = FACE_BOUND('',#2260,.T.);
#2260 = EDGE_LOOP('',(#2261,#2269,#2270,#2271));
#2261 = ORIENTED_EDGE('',*,*,#2262,.T.);
#2262 = EDGE_CURVE('',#2263,#2098,#2265,.T.);
#2263 = VERTEX_POINT('',#2264);
#2264 = CARTESIAN_POINT('',(68.05815734356,-51.060657,-47.5));
#2265 = LINE('',#2266,#2267);
#2266 = CARTESIAN_POINT('',(68.05815734356,-51.060657,-47.));
#2267 = VECTOR('',#2268,1.);
#2268 = DIRECTION('',(1.224646799147E-16,0.,-1.));
#2269 = ORIENTED_EDGE('',*,*,#2151,.F.);
#2270 = ORIENTED_EDGE('',*,*,#277,.T.);
#2271 = ORIENTED_EDGE('',*,*,#2272,.T.);
#2272 = EDGE_CURVE('',#270,#2263,#2273,.T.);
#2273 = LINE('',#2274,#2275);
#2274 = CARTESIAN_POINT('',(0.,-51.060657,-47.5));
#2275 = VECTOR('',#2276,1.);
#2276 = DIRECTION('',(1.,0.,1.224646799147E-16));
#2277 = PLANE('',#2278);
#2278 = AXIS2_PLACEMENT_3D('',#2279,#2280,#2281);
#2279 = CARTESIAN_POINT('',(68.55815734356,-51.060657,-39.29049809265));
#2280 = DIRECTION('',(0.,1.,0.));
#2281 = DIRECTION('',(-1.,0.,-1.224646799147E-16));
#2282 = ADVANCED_FACE('',(#2283),#2294,.F.);
#2283 = FACE_BOUND('',#2284,.T.);
#2284 = EDGE_LOOP('',(#2285,#2286,#2287,#2293));
#2285 = ORIENTED_EDGE('',*,*,#269,.F.);
#2286 = ORIENTED_EDGE('',*,*,#869,.T.);
#2287 = ORIENTED_EDGE('',*,*,#2288,.T.);
#2288 = EDGE_CURVE('',#870,#2263,#2289,.T.);
#2289 = LINE('',#2290,#2291);
#2290 = CARTESIAN_POINT('',(68.05815734356,-51.435657,-47.125));
#2291 = VECTOR('',#2292,1.);
#2292 = DIRECTION('',(8.659560562355E-17,0.707106781187,-0.707106781187)
  );
#2293 = ORIENTED_EDGE('',*,*,#2272,.F.);
#2294 = PLANE('',#2295);
#2295 = AXIS2_PLACEMENT_3D('',#2296,#2297,#2298);
#2296 = CARTESIAN_POINT('',(0.,-51.310657,-47.25));
#2297 = DIRECTION('',(8.659560562355E-17,-0.707106781187,-0.707106781187
    ));
#2298 = DIRECTION('',(-1.,0.,-1.224646799147E-16));
#2299 = ADVANCED_FACE('',(#2300),#2318,.T.);
#2300 = FACE_BOUND('',#2301,.T.);
#2301 = EDGE_LOOP('',(#2302,#2310,#2311,#2312));
#2302 = ORIENTED_EDGE('',*,*,#2303,.F.);
#2303 = EDGE_CURVE('',#294,#2304,#2306,.T.);
#2304 = VERTEX_POINT('',#2305);
#2305 = CARTESIAN_POINT('',(105.5,-89.,-15.49));
#2306 = LINE('',#2307,#2308);
#2307 = CARTESIAN_POINT('',(106.33166666666,-88.16833333333,
    -14.65833333333));
#2308 = VECTOR('',#2309,1.);
#2309 = DIRECTION('',(0.57735026919,0.57735026919,0.57735026919));
#2310 = ORIENTED_EDGE('',*,*,#293,.T.);
#2311 = ORIENTED_EDGE('',*,*,#2247,.T.);
#2312 = ORIENTED_EDGE('',*,*,#2313,.F.);
#2313 = EDGE_CURVE('',#2304,#2225,#2314,.T.);
#2314 = LINE('',#2315,#2316);
#2315 = CARTESIAN_POINT('',(105.5,-89.,-15.49));
#2316 = VECTOR('',#2317,1.);
#2317 = DIRECTION('',(1.224646799147E-16,0.,-1.));
#2318 = PLANE('',#2319);
#2319 = AXIS2_PLACEMENT_3D('',#2320,#2321,#2322);
#2320 = CARTESIAN_POINT('',(103.,-91.5,-15.49));
#2321 = DIRECTION('',(0.707106781187,-0.707106781187,8.659560562355E-17)
  );
#2322 = DIRECTION('',(1.224646799147E-16,0.,-1.));
#2323 = ADVANCED_FACE('',(#2324,#2397,#2463,#2529,#2595,#2661,#2727,
    #2793,#2859,#2925,#2991),#3057,.T.);
#2324 = FACE_BOUND('',#2325,.T.);
#2325 = EDGE_LOOP('',(#2326,#2336,#2344,#2352,#2358,#2359,#2360,#2368,
    #2376,#2384,#2390,#2391));
#2326 = ORIENTED_EDGE('',*,*,#2327,.F.);
#2327 = EDGE_CURVE('',#2328,#2330,#2332,.T.);
#2328 = VERTEX_POINT('',#2329);
#2329 = CARTESIAN_POINT('',(120.5,71.5,-15.49));
#2330 = VERTEX_POINT('',#2331);
#2331 = CARTESIAN_POINT('',(120.5,66.5,-20.49));
#2332 = LINE('',#2333,#2334);
#2333 = CARTESIAN_POINT('',(120.5,56.164905462185,-30.82509453781));
#2334 = VECTOR('',#2335,1.);
#2335 = DIRECTION('',(8.659560562355E-17,-0.707106781187,-0.707106781187
    ));
#2336 = ORIENTED_EDGE('',*,*,#2337,.T.);
#2337 = EDGE_CURVE('',#2328,#2338,#2340,.T.);
#2338 = VERTEX_POINT('',#2339);
#2339 = CARTESIAN_POINT('',(120.5,86.49,-0.5));
#2340 = LINE('',#2341,#2342);
#2341 = CARTESIAN_POINT('',(120.5,56.164905462185,-30.82509453781));
#2342 = VECTOR('',#2343,1.);
#2343 = DIRECTION('',(-8.659560562355E-17,0.707106781187,0.707106781187)
  );
#2344 = ORIENTED_EDGE('',*,*,#2345,.F.);
#2345 = EDGE_CURVE('',#2346,#2338,#2348,.T.);
#2346 = VERTEX_POINT('',#2347);
#2347 = CARTESIAN_POINT('',(120.5,94.,-0.5));
#2348 = LINE('',#2349,#2350);
#2349 = CARTESIAN_POINT('',(120.5,94.,-0.5));
#2350 = VECTOR('',#2351,1.);
#2351 = DIRECTION('',(0.,-1.,0.));
#2352 = ORIENTED_EDGE('',*,*,#2353,.F.);
#2353 = EDGE_CURVE('',#1172,#2346,#2354,.T.);
#2354 = LINE('',#2355,#2356);
#2355 = CARTESIAN_POINT('',(120.5,94.,2.432671933706E-14));
#2356 = VECTOR('',#2357,1.);
#2357 = DIRECTION('',(1.224646799147E-16,0.,-1.));
#2358 = ORIENTED_EDGE('',*,*,#1171,.F.);
#2359 = ORIENTED_EDGE('',*,*,#325,.T.);
#2360 = ORIENTED_EDGE('',*,*,#2361,.T.);
#2361 = EDGE_CURVE('',#318,#2362,#2364,.T.);
#2362 = VERTEX_POINT('',#2363);
#2363 = CARTESIAN_POINT('',(120.5,-86.49,-0.5));
#2364 = LINE('',#2365,#2366);
#2365 = CARTESIAN_POINT('',(120.5,-94.,-0.5));
#2366 = VECTOR('',#2367,1.);
#2367 = DIRECTION('',(-0.,1.,0.));
#2368 = ORIENTED_EDGE('',*,*,#2369,.F.);
#2369 = EDGE_CURVE('',#2370,#2362,#2372,.T.);
#2370 = VERTEX_POINT('',#2371);
#2371 = CARTESIAN_POINT('',(120.5,-71.5,-15.49));
#2372 = LINE('',#2373,#2374);
#2373 = CARTESIAN_POINT('',(120.5,-56.16490546218,-30.82509453781));
#2374 = VECTOR('',#2375,1.);
#2375 = DIRECTION('',(-8.659560562355E-17,-0.707106781187,0.707106781187
    ));
#2376 = ORIENTED_EDGE('',*,*,#2377,.T.);
#2377 = EDGE_CURVE('',#2370,#2378,#2380,.T.);
#2378 = VERTEX_POINT('',#2379);
#2379 = CARTESIAN_POINT('',(120.5,-66.5,-20.49));
#2380 = LINE('',#2381,#2382);
#2381 = CARTESIAN_POINT('',(120.5,-56.16490546218,-30.82509453781));
#2382 = VECTOR('',#2383,1.);
#2383 = DIRECTION('',(8.659560562355E-17,0.707106781187,-0.707106781187)
  );
#2384 = ORIENTED_EDGE('',*,*,#2385,.T.);
#2385 = EDGE_CURVE('',#2378,#2128,#2386,.T.);
#2386 = LINE('',#2387,#2388);
#2387 = CARTESIAN_POINT('',(120.5,-66.5,-15.49));
#2388 = VECTOR('',#2389,1.);
#2389 = DIRECTION('',(1.224646799147E-16,0.,-1.));
#2390 = ORIENTED_EDGE('',*,*,#2127,.F.);
#2391 = ORIENTED_EDGE('',*,*,#2392,.F.);
#2392 = EDGE_CURVE('',#2330,#2120,#2393,.T.);
#2393 = LINE('',#2394,#2395);
#2394 = CARTESIAN_POINT('',(120.5,66.5,-15.49));
#2395 = VECTOR('',#2396,1.);
#2396 = DIRECTION('',(1.224646799147E-16,0.,-1.));
#2397 = FACE_BOUND('',#2398,.T.);
#2398 = EDGE_LOOP('',(#2399,#2409,#2417,#2425,#2433,#2441,#2449,#2457));
#2399 = ORIENTED_EDGE('',*,*,#2400,.F.);
#2400 = EDGE_CURVE('',#2401,#2403,#2405,.T.);
#2401 = VERTEX_POINT('',#2402);
#2402 = CARTESIAN_POINT('',(120.5,54.,-34.));
#2403 = VERTEX_POINT('',#2404);
#2404 = CARTESIAN_POINT('',(120.5,54.,-16.));
#2405 = LINE('',#2406,#2407);
#2406 = CARTESIAN_POINT('',(120.5,54.,-35.));
#2407 = VECTOR('',#2408,1.);
#2408 = DIRECTION('',(-1.224646799147E-16,0.,1.));
#2409 = ORIENTED_EDGE('',*,*,#2410,.F.);
#2410 = EDGE_CURVE('',#2411,#2401,#2413,.T.);
#2411 = VERTEX_POINT('',#2412);
#2412 = CARTESIAN_POINT('',(120.5,52.,-36.));
#2413 = LINE('',#2414,#2415);
#2414 = CARTESIAN_POINT('',(120.5,42.919905462185,-45.08009453781));
#2415 = VECTOR('',#2416,1.);
#2416 = DIRECTION('',(-8.659560562355E-17,0.707106781187,0.707106781187)
  );
#2417 = ORIENTED_EDGE('',*,*,#2418,.F.);
#2418 = EDGE_CURVE('',#2419,#2411,#2421,.T.);
#2419 = VERTEX_POINT('',#2420);
#2420 = CARTESIAN_POINT('',(120.5,51.,-36.));
#2421 = LINE('',#2422,#2423);
#2422 = CARTESIAN_POINT('',(120.5,50.,-36.));
#2423 = VECTOR('',#2424,1.);
#2424 = DIRECTION('',(0.,1.,0.));
#2425 = ORIENTED_EDGE('',*,*,#2426,.F.);
#2426 = EDGE_CURVE('',#2427,#2419,#2429,.T.);
#2427 = VERTEX_POINT('',#2428);
#2428 = CARTESIAN_POINT('',(120.5,49.,-34.));
#2429 = LINE('',#2430,#2431);
#2430 = CARTESIAN_POINT('',(120.5,33.330094537815,-18.33009453781));
#2431 = VECTOR('',#2432,1.);
#2432 = DIRECTION('',(8.659560562355E-17,0.707106781187,-0.707106781187)
  );
#2433 = ORIENTED_EDGE('',*,*,#2434,.F.);
#2434 = EDGE_CURVE('',#2435,#2427,#2437,.T.);
#2435 = VERTEX_POINT('',#2436);
#2436 = CARTESIAN_POINT('',(120.5,49.,-16.));
#2437 = LINE('',#2438,#2439);
#2438 = CARTESIAN_POINT('',(120.5,49.,-15.));
#2439 = VECTOR('',#2440,1.);
#2440 = DIRECTION('',(1.224646799147E-16,0.,-1.));
#2441 = ORIENTED_EDGE('',*,*,#2442,.F.);
#2442 = EDGE_CURVE('',#2443,#2435,#2445,.T.);
#2443 = VERTEX_POINT('',#2444);
#2444 = CARTESIAN_POINT('',(120.5,51.,-14.));
#2445 = LINE('',#2446,#2447);
#2446 = CARTESIAN_POINT('',(120.5,36.669905462185,-28.33009453781));
#2447 = VECTOR('',#2448,1.);
#2448 = DIRECTION('',(8.659560562355E-17,-0.707106781187,-0.707106781187
    ));
#2449 = ORIENTED_EDGE('',*,*,#2450,.F.);
#2450 = EDGE_CURVE('',#2451,#2443,#2453,.T.);
#2451 = VERTEX_POINT('',#2452);
#2452 = CARTESIAN_POINT('',(120.5,52.,-14.));
#2453 = LINE('',#2454,#2455);
#2454 = CARTESIAN_POINT('',(120.5,53.,-14.));
#2455 = VECTOR('',#2456,1.);
#2456 = DIRECTION('',(0.,-1.,-0.));
#2457 = ORIENTED_EDGE('',*,*,#2458,.T.);
#2458 = EDGE_CURVE('',#2451,#2403,#2459,.T.);
#2459 = LINE('',#2460,#2461);
#2460 = CARTESIAN_POINT('',(120.5,40.580094537815,-2.580094537815));
#2461 = VECTOR('',#2462,1.);
#2462 = DIRECTION('',(8.659560562355E-17,0.707106781187,-0.707106781187)
  );
#2463 = FACE_BOUND('',#2464,.T.);
#2464 = EDGE_LOOP('',(#2465,#2475,#2483,#2491,#2499,#2507,#2515,#2523));
#2465 = ORIENTED_EDGE('',*,*,#2466,.T.);
#2466 = EDGE_CURVE('',#2467,#2469,#2471,.T.);
#2467 = VERTEX_POINT('',#2468);
#2468 = CARTESIAN_POINT('',(120.5,44.5,-14.));
#2469 = VERTEX_POINT('',#2470);
#2470 = CARTESIAN_POINT('',(120.5,46.5,-16.));
#2471 = LINE('',#2472,#2473);
#2472 = CARTESIAN_POINT('',(120.5,33.080094537815,-2.580094537815));
#2473 = VECTOR('',#2474,1.);
#2474 = DIRECTION('',(8.659560562355E-17,0.707106781187,-0.707106781187)
  );
#2475 = ORIENTED_EDGE('',*,*,#2476,.F.);
#2476 = EDGE_CURVE('',#2477,#2469,#2479,.T.);
#2477 = VERTEX_POINT('',#2478);
#2478 = CARTESIAN_POINT('',(120.5,46.5,-34.));
#2479 = LINE('',#2480,#2481);
#2480 = CARTESIAN_POINT('',(120.5,46.5,-35.));
#2481 = VECTOR('',#2482,1.);
#2482 = DIRECTION('',(-1.224646799147E-16,0.,1.));
#2483 = ORIENTED_EDGE('',*,*,#2484,.F.);
#2484 = EDGE_CURVE('',#2485,#2477,#2487,.T.);
#2485 = VERTEX_POINT('',#2486);
#2486 = CARTESIAN_POINT('',(120.5,44.5,-36.));
#2487 = LINE('',#2488,#2489);
#2488 = CARTESIAN_POINT('',(120.5,35.419905462185,-45.08009453781));
#2489 = VECTOR('',#2490,1.);
#2490 = DIRECTION('',(-8.659560562355E-17,0.707106781187,0.707106781187)
  );
#2491 = ORIENTED_EDGE('',*,*,#2492,.F.);
#2492 = EDGE_CURVE('',#2493,#2485,#2495,.T.);
#2493 = VERTEX_POINT('',#2494);
#2494 = CARTESIAN_POINT('',(120.5,43.5,-36.));
#2495 = LINE('',#2496,#2497);
#2496 = CARTESIAN_POINT('',(120.5,42.5,-36.));
#2497 = VECTOR('',#2498,1.);
#2498 = DIRECTION('',(0.,1.,0.));
#2499 = ORIENTED_EDGE('',*,*,#2500,.F.);
#2500 = EDGE_CURVE('',#2501,#2493,#2503,.T.);
#2501 = VERTEX_POINT('',#2502);
#2502 = CARTESIAN_POINT('',(120.5,41.5,-34.));
#2503 = LINE('',#2504,#2505);
#2504 = CARTESIAN_POINT('',(120.5,25.830094537815,-18.33009453781));
#2505 = VECTOR('',#2506,1.);
#2506 = DIRECTION('',(8.659560562355E-17,0.707106781187,-0.707106781187)
  );
#2507 = ORIENTED_EDGE('',*,*,#2508,.F.);
#2508 = EDGE_CURVE('',#2509,#2501,#2511,.T.);
#2509 = VERTEX_POINT('',#2510);
#2510 = CARTESIAN_POINT('',(120.5,41.5,-16.));
#2511 = LINE('',#2512,#2513);
#2512 = CARTESIAN_POINT('',(120.5,41.5,-15.));
#2513 = VECTOR('',#2514,1.);
#2514 = DIRECTION('',(1.224646799147E-16,0.,-1.));
#2515 = ORIENTED_EDGE('',*,*,#2516,.F.);
#2516 = EDGE_CURVE('',#2517,#2509,#2519,.T.);
#2517 = VERTEX_POINT('',#2518);
#2518 = CARTESIAN_POINT('',(120.5,43.5,-14.));
#2519 = LINE('',#2520,#2521);
#2520 = CARTESIAN_POINT('',(120.5,29.169905462185,-28.33009453781));
#2521 = VECTOR('',#2522,1.);
#2522 = DIRECTION('',(8.659560562355E-17,-0.707106781187,-0.707106781187
    ));
#2523 = ORIENTED_EDGE('',*,*,#2524,.F.);
#2524 = EDGE_CURVE('',#2467,#2517,#2525,.T.);
#2525 = LINE('',#2526,#2527);
#2526 = CARTESIAN_POINT('',(120.5,45.5,-14.));
#2527 = VECTOR('',#2528,1.);
#2528 = DIRECTION('',(0.,-1.,-0.));
#2529 = FACE_BOUND('',#2530,.T.);
#2530 = EDGE_LOOP('',(#2531,#2541,#2549,#2557,#2565,#2573,#2581,#2589));
#2531 = ORIENTED_EDGE('',*,*,#2532,.T.);
#2532 = EDGE_CURVE('',#2533,#2535,#2537,.T.);
#2533 = VERTEX_POINT('',#2534);
#2534 = CARTESIAN_POINT('',(120.5,37.,-14.));
#2535 = VERTEX_POINT('',#2536);
#2536 = CARTESIAN_POINT('',(120.5,39.,-16.));
#2537 = LINE('',#2538,#2539);
#2538 = CARTESIAN_POINT('',(120.5,25.580094537815,-2.580094537815));
#2539 = VECTOR('',#2540,1.);
#2540 = DIRECTION('',(8.659560562355E-17,0.707106781187,-0.707106781187)
  );
#2541 = ORIENTED_EDGE('',*,*,#2542,.F.);
#2542 = EDGE_CURVE('',#2543,#2535,#2545,.T.);
#2543 = VERTEX_POINT('',#2544);
#2544 = CARTESIAN_POINT('',(120.5,39.,-34.));
#2545 = LINE('',#2546,#2547);
#2546 = CARTESIAN_POINT('',(120.5,39.,-35.));
#2547 = VECTOR('',#2548,1.);
#2548 = DIRECTION('',(-1.224646799147E-16,0.,1.));
#2549 = ORIENTED_EDGE('',*,*,#2550,.F.);
#2550 = EDGE_CURVE('',#2551,#2543,#2553,.T.);
#2551 = VERTEX_POINT('',#2552);
#2552 = CARTESIAN_POINT('',(120.5,37.,-36.));
#2553 = LINE('',#2554,#2555);
#2554 = CARTESIAN_POINT('',(120.5,27.919905462185,-45.08009453781));
#2555 = VECTOR('',#2556,1.);
#2556 = DIRECTION('',(-8.659560562355E-17,0.707106781187,0.707106781187)
  );
#2557 = ORIENTED_EDGE('',*,*,#2558,.F.);
#2558 = EDGE_CURVE('',#2559,#2551,#2561,.T.);
#2559 = VERTEX_POINT('',#2560);
#2560 = CARTESIAN_POINT('',(120.5,36.,-36.));
#2561 = LINE('',#2562,#2563);
#2562 = CARTESIAN_POINT('',(120.5,35.,-36.));
#2563 = VECTOR('',#2564,1.);
#2564 = DIRECTION('',(0.,1.,0.));
#2565 = ORIENTED_EDGE('',*,*,#2566,.F.);
#2566 = EDGE_CURVE('',#2567,#2559,#2569,.T.);
#2567 = VERTEX_POINT('',#2568);
#2568 = CARTESIAN_POINT('',(120.5,34.,-34.));
#2569 = LINE('',#2570,#2571);
#2570 = CARTESIAN_POINT('',(120.5,18.330094537815,-18.33009453781));
#2571 = VECTOR('',#2572,1.);
#2572 = DIRECTION('',(8.659560562355E-17,0.707106781187,-0.707106781187)
  );
#2573 = ORIENTED_EDGE('',*,*,#2574,.F.);
#2574 = EDGE_CURVE('',#2575,#2567,#2577,.T.);
#2575 = VERTEX_POINT('',#2576);
#2576 = CARTESIAN_POINT('',(120.5,34.,-16.));
#2577 = LINE('',#2578,#2579);
#2578 = CARTESIAN_POINT('',(120.5,34.,-15.));
#2579 = VECTOR('',#2580,1.);
#2580 = DIRECTION('',(1.224646799147E-16,0.,-1.));
#2581 = ORIENTED_EDGE('',*,*,#2582,.F.);
#2582 = EDGE_CURVE('',#2583,#2575,#2585,.T.);
#2583 = VERTEX_POINT('',#2584);
#2584 = CARTESIAN_POINT('',(120.5,36.,-14.));
#2585 = LINE('',#2586,#2587);
#2586 = CARTESIAN_POINT('',(120.5,21.669905462185,-28.33009453781));
#2587 = VECTOR('',#2588,1.);
#2588 = DIRECTION('',(8.659560562355E-17,-0.707106781187,-0.707106781187
    ));
#2589 = ORIENTED_EDGE('',*,*,#2590,.F.);
#2590 = EDGE_CURVE('',#2533,#2583,#2591,.T.);
#2591 = LINE('',#2592,#2593);
#2592 = CARTESIAN_POINT('',(120.5,38.,-14.));
#2593 = VECTOR('',#2594,1.);
#2594 = DIRECTION('',(0.,-1.,-0.));
#2595 = FACE_BOUND('',#2596,.T.);
#2596 = EDGE_LOOP('',(#2597,#2607,#2615,#2623,#2631,#2639,#2647,#2655));
#2597 = ORIENTED_EDGE('',*,*,#2598,.T.);
#2598 = EDGE_CURVE('',#2599,#2601,#2603,.T.);
#2599 = VERTEX_POINT('',#2600);
#2600 = CARTESIAN_POINT('',(120.5,29.5,-14.));
#2601 = VERTEX_POINT('',#2602);
#2602 = CARTESIAN_POINT('',(120.5,31.5,-16.));
#2603 = LINE('',#2604,#2605);
#2604 = CARTESIAN_POINT('',(120.5,18.080094537815,-2.580094537815));
#2605 = VECTOR('',#2606,1.);
#2606 = DIRECTION('',(8.659560562355E-17,0.707106781187,-0.707106781187)
  );
#2607 = ORIENTED_EDGE('',*,*,#2608,.F.);
#2608 = EDGE_CURVE('',#2609,#2601,#2611,.T.);
#2609 = VERTEX_POINT('',#2610);
#2610 = CARTESIAN_POINT('',(120.5,31.5,-34.));
#2611 = LINE('',#2612,#2613);
#2612 = CARTESIAN_POINT('',(120.5,31.5,-35.));
#2613 = VECTOR('',#2614,1.);
#2614 = DIRECTION('',(-1.224646799147E-16,0.,1.));
#2615 = ORIENTED_EDGE('',*,*,#2616,.F.);
#2616 = EDGE_CURVE('',#2617,#2609,#2619,.T.);
#2617 = VERTEX_POINT('',#2618);
#2618 = CARTESIAN_POINT('',(120.5,29.5,-36.));
#2619 = LINE('',#2620,#2621);
#2620 = CARTESIAN_POINT('',(120.5,20.419905462185,-45.08009453781));
#2621 = VECTOR('',#2622,1.);
#2622 = DIRECTION('',(-8.659560562355E-17,0.707106781187,0.707106781187)
  );
#2623 = ORIENTED_EDGE('',*,*,#2624,.F.);
#2624 = EDGE_CURVE('',#2625,#2617,#2627,.T.);
#2625 = VERTEX_POINT('',#2626);
#2626 = CARTESIAN_POINT('',(120.5,28.5,-36.));
#2627 = LINE('',#2628,#2629);
#2628 = CARTESIAN_POINT('',(120.5,27.5,-36.));
#2629 = VECTOR('',#2630,1.);
#2630 = DIRECTION('',(0.,1.,0.));
#2631 = ORIENTED_EDGE('',*,*,#2632,.F.);
#2632 = EDGE_CURVE('',#2633,#2625,#2635,.T.);
#2633 = VERTEX_POINT('',#2634);
#2634 = CARTESIAN_POINT('',(120.5,26.5,-34.));
#2635 = LINE('',#2636,#2637);
#2636 = CARTESIAN_POINT('',(120.5,10.830094537815,-18.33009453781));
#2637 = VECTOR('',#2638,1.);
#2638 = DIRECTION('',(8.659560562355E-17,0.707106781187,-0.707106781187)
  );
#2639 = ORIENTED_EDGE('',*,*,#2640,.F.);
#2640 = EDGE_CURVE('',#2641,#2633,#2643,.T.);
#2641 = VERTEX_POINT('',#2642);
#2642 = CARTESIAN_POINT('',(120.5,26.5,-16.));
#2643 = LINE('',#2644,#2645);
#2644 = CARTESIAN_POINT('',(120.5,26.5,-15.));
#2645 = VECTOR('',#2646,1.);
#2646 = DIRECTION('',(1.224646799147E-16,0.,-1.));
#2647 = ORIENTED_EDGE('',*,*,#2648,.F.);
#2648 = EDGE_CURVE('',#2649,#2641,#2651,.T.);
#2649 = VERTEX_POINT('',#2650);
#2650 = CARTESIAN_POINT('',(120.5,28.5,-14.));
#2651 = LINE('',#2652,#2653);
#2652 = CARTESIAN_POINT('',(120.5,14.169905462185,-28.33009453781));
#2653 = VECTOR('',#2654,1.);
#2654 = DIRECTION('',(8.659560562355E-17,-0.707106781187,-0.707106781187
    ));
#2655 = ORIENTED_EDGE('',*,*,#2656,.F.);
#2656 = EDGE_CURVE('',#2599,#2649,#2657,.T.);
#2657 = LINE('',#2658,#2659);
#2658 = CARTESIAN_POINT('',(120.5,30.5,-14.));
#2659 = VECTOR('',#2660,1.);
#2660 = DIRECTION('',(0.,-1.,-0.));
#2661 = FACE_BOUND('',#2662,.T.);
#2662 = EDGE_LOOP('',(#2663,#2673,#2681,#2689,#2697,#2705,#2713,#2721));
#2663 = ORIENTED_EDGE('',*,*,#2664,.T.);
#2664 = EDGE_CURVE('',#2665,#2667,#2669,.T.);
#2665 = VERTEX_POINT('',#2666);
#2666 = CARTESIAN_POINT('',(120.5,22.,-14.));
#2667 = VERTEX_POINT('',#2668);
#2668 = CARTESIAN_POINT('',(120.5,24.,-16.));
#2669 = LINE('',#2670,#2671);
#2670 = CARTESIAN_POINT('',(120.5,10.580094537815,-2.580094537815));
#2671 = VECTOR('',#2672,1.);
#2672 = DIRECTION('',(8.659560562355E-17,0.707106781187,-0.707106781187)
  );
#2673 = ORIENTED_EDGE('',*,*,#2674,.F.);
#2674 = EDGE_CURVE('',#2675,#2667,#2677,.T.);
#2675 = VERTEX_POINT('',#2676);
#2676 = CARTESIAN_POINT('',(120.5,24.,-34.));
#2677 = LINE('',#2678,#2679);
#2678 = CARTESIAN_POINT('',(120.5,24.,-35.));
#2679 = VECTOR('',#2680,1.);
#2680 = DIRECTION('',(-1.224646799147E-16,0.,1.));
#2681 = ORIENTED_EDGE('',*,*,#2682,.F.);
#2682 = EDGE_CURVE('',#2683,#2675,#2685,.T.);
#2683 = VERTEX_POINT('',#2684);
#2684 = CARTESIAN_POINT('',(120.5,22.,-36.));
#2685 = LINE('',#2686,#2687);
#2686 = CARTESIAN_POINT('',(120.5,12.919905462185,-45.08009453781));
#2687 = VECTOR('',#2688,1.);
#2688 = DIRECTION('',(-8.659560562355E-17,0.707106781187,0.707106781187)
  );
#2689 = ORIENTED_EDGE('',*,*,#2690,.F.);
#2690 = EDGE_CURVE('',#2691,#2683,#2693,.T.);
#2691 = VERTEX_POINT('',#2692);
#2692 = CARTESIAN_POINT('',(120.5,21.,-36.));
#2693 = LINE('',#2694,#2695);
#2694 = CARTESIAN_POINT('',(120.5,20.,-36.));
#2695 = VECTOR('',#2696,1.);
#2696 = DIRECTION('',(0.,1.,0.));
#2697 = ORIENTED_EDGE('',*,*,#2698,.F.);
#2698 = EDGE_CURVE('',#2699,#2691,#2701,.T.);
#2699 = VERTEX_POINT('',#2700);
#2700 = CARTESIAN_POINT('',(120.5,19.,-34.));
#2701 = LINE('',#2702,#2703);
#2702 = CARTESIAN_POINT('',(120.5,3.330094537815,-18.33009453781));
#2703 = VECTOR('',#2704,1.);
#2704 = DIRECTION('',(8.659560562355E-17,0.707106781187,-0.707106781187)
  );
#2705 = ORIENTED_EDGE('',*,*,#2706,.F.);
#2706 = EDGE_CURVE('',#2707,#2699,#2709,.T.);
#2707 = VERTEX_POINT('',#2708);
#2708 = CARTESIAN_POINT('',(120.5,19.,-16.));
#2709 = LINE('',#2710,#2711);
#2710 = CARTESIAN_POINT('',(120.5,19.,-15.));
#2711 = VECTOR('',#2712,1.);
#2712 = DIRECTION('',(1.224646799147E-16,0.,-1.));
#2713 = ORIENTED_EDGE('',*,*,#2714,.F.);
#2714 = EDGE_CURVE('',#2715,#2707,#2717,.T.);
#2715 = VERTEX_POINT('',#2716);
#2716 = CARTESIAN_POINT('',(120.5,21.,-14.));
#2717 = LINE('',#2718,#2719);
#2718 = CARTESIAN_POINT('',(120.5,6.669905462185,-28.33009453781));
#2719 = VECTOR('',#2720,1.);
#2720 = DIRECTION('',(8.659560562355E-17,-0.707106781187,-0.707106781187
    ));
#2721 = ORIENTED_EDGE('',*,*,#2722,.F.);
#2722 = EDGE_CURVE('',#2665,#2715,#2723,.T.);
#2723 = LINE('',#2724,#2725);
#2724 = CARTESIAN_POINT('',(120.5,23.,-14.));
#2725 = VECTOR('',#2726,1.);
#2726 = DIRECTION('',(0.,-1.,-0.));
#2727 = FACE_BOUND('',#2728,.T.);
#2728 = EDGE_LOOP('',(#2729,#2739,#2747,#2755,#2763,#2771,#2779,#2787));
#2729 = ORIENTED_EDGE('',*,*,#2730,.F.);
#2730 = EDGE_CURVE('',#2731,#2733,#2735,.T.);
#2731 = VERTEX_POINT('',#2732);
#2732 = CARTESIAN_POINT('',(120.5,-24.,-16.));
#2733 = VERTEX_POINT('',#2734);
#2734 = CARTESIAN_POINT('',(120.5,-24.,-34.));
#2735 = LINE('',#2736,#2737);
#2736 = CARTESIAN_POINT('',(120.5,-24.,-15.));
#2737 = VECTOR('',#2738,1.);
#2738 = DIRECTION('',(1.224646799147E-16,0.,-1.));
#2739 = ORIENTED_EDGE('',*,*,#2740,.F.);
#2740 = EDGE_CURVE('',#2741,#2731,#2743,.T.);
#2741 = VERTEX_POINT('',#2742);
#2742 = CARTESIAN_POINT('',(120.5,-22.,-14.));
#2743 = LINE('',#2744,#2745);
#2744 = CARTESIAN_POINT('',(120.5,-18.08009453781,-10.08009453781));
#2745 = VECTOR('',#2746,1.);
#2746 = DIRECTION('',(8.659560562355E-17,-0.707106781187,-0.707106781187
    ));
#2747 = ORIENTED_EDGE('',*,*,#2748,.F.);
#2748 = EDGE_CURVE('',#2749,#2741,#2751,.T.);
#2749 = VERTEX_POINT('',#2750);
#2750 = CARTESIAN_POINT('',(120.5,-21.,-14.));
#2751 = LINE('',#2752,#2753);
#2752 = CARTESIAN_POINT('',(120.5,-20.,-14.));
#2753 = VECTOR('',#2754,1.);
#2754 = DIRECTION('',(0.,-1.,-0.));
#2755 = ORIENTED_EDGE('',*,*,#2756,.F.);
#2756 = EDGE_CURVE('',#2757,#2749,#2759,.T.);
#2757 = VERTEX_POINT('',#2758);
#2758 = CARTESIAN_POINT('',(120.5,-19.,-16.));
#2759 = LINE('',#2760,#2761);
#2760 = CARTESIAN_POINT('',(120.5,-13.16990546218,-21.83009453781));
#2761 = VECTOR('',#2762,1.);
#2762 = DIRECTION('',(-8.659560562355E-17,-0.707106781187,0.707106781187
    ));
#2763 = ORIENTED_EDGE('',*,*,#2764,.F.);
#2764 = EDGE_CURVE('',#2765,#2757,#2767,.T.);
#2765 = VERTEX_POINT('',#2766);
#2766 = CARTESIAN_POINT('',(120.5,-19.,-34.));
#2767 = LINE('',#2768,#2769);
#2768 = CARTESIAN_POINT('',(120.5,-19.,-35.));
#2769 = VECTOR('',#2770,1.);
#2770 = DIRECTION('',(-1.224646799147E-16,0.,1.));
#2771 = ORIENTED_EDGE('',*,*,#2772,.T.);
#2772 = EDGE_CURVE('',#2765,#2773,#2775,.T.);
#2773 = VERTEX_POINT('',#2774);
#2774 = CARTESIAN_POINT('',(120.5,-21.,-36.));
#2775 = LINE('',#2776,#2777);
#2776 = CARTESIAN_POINT('',(120.5,-10.83009453781,-25.83009453781));
#2777 = VECTOR('',#2778,1.);
#2778 = DIRECTION('',(8.659560562355E-17,-0.707106781187,-0.707106781187
    ));
#2779 = ORIENTED_EDGE('',*,*,#2780,.F.);
#2780 = EDGE_CURVE('',#2781,#2773,#2783,.T.);
#2781 = VERTEX_POINT('',#2782);
#2782 = CARTESIAN_POINT('',(120.5,-22.,-36.));
#2783 = LINE('',#2784,#2785);
#2784 = CARTESIAN_POINT('',(120.5,-23.,-36.));
#2785 = VECTOR('',#2786,1.);
#2786 = DIRECTION('',(0.,1.,0.));
#2787 = ORIENTED_EDGE('',*,*,#2788,.T.);
#2788 = EDGE_CURVE('',#2781,#2733,#2789,.T.);
#2789 = LINE('',#2790,#2791);
#2790 = CARTESIAN_POINT('',(120.5,-20.41990546218,-37.58009453781));
#2791 = VECTOR('',#2792,1.);
#2792 = DIRECTION('',(-8.659560562355E-17,-0.707106781187,0.707106781187
    ));
#2793 = FACE_BOUND('',#2794,.T.);
#2794 = EDGE_LOOP('',(#2795,#2805,#2813,#2821,#2829,#2837,#2845,#2853));
#2795 = ORIENTED_EDGE('',*,*,#2796,.F.);
#2796 = EDGE_CURVE('',#2797,#2799,#2801,.T.);
#2797 = VERTEX_POINT('',#2798);
#2798 = CARTESIAN_POINT('',(120.5,-26.5,-16.));
#2799 = VERTEX_POINT('',#2800);
#2800 = CARTESIAN_POINT('',(120.5,-28.5,-14.));
#2801 = LINE('',#2802,#2803);
#2802 = CARTESIAN_POINT('',(120.5,-20.66990546218,-21.83009453781));
#2803 = VECTOR('',#2804,1.);
#2804 = DIRECTION('',(-8.659560562355E-17,-0.707106781187,0.707106781187
    ));
#2805 = ORIENTED_EDGE('',*,*,#2806,.F.);
#2806 = EDGE_CURVE('',#2807,#2797,#2809,.T.);
#2807 = VERTEX_POINT('',#2808);
#2808 = CARTESIAN_POINT('',(120.5,-26.5,-34.));
#2809 = LINE('',#2810,#2811);
#2810 = CARTESIAN_POINT('',(120.5,-26.5,-35.));
#2811 = VECTOR('',#2812,1.);
#2812 = DIRECTION('',(-1.224646799147E-16,0.,1.));
#2813 = ORIENTED_EDGE('',*,*,#2814,.T.);
#2814 = EDGE_CURVE('',#2807,#2815,#2817,.T.);
#2815 = VERTEX_POINT('',#2816);
#2816 = CARTESIAN_POINT('',(120.5,-28.5,-36.));
#2817 = LINE('',#2818,#2819);
#2818 = CARTESIAN_POINT('',(120.5,-18.33009453781,-25.83009453781));
#2819 = VECTOR('',#2820,1.);
#2820 = DIRECTION('',(8.659560562355E-17,-0.707106781187,-0.707106781187
    ));
#2821 = ORIENTED_EDGE('',*,*,#2822,.F.);
#2822 = EDGE_CURVE('',#2823,#2815,#2825,.T.);
#2823 = VERTEX_POINT('',#2824);
#2824 = CARTESIAN_POINT('',(120.5,-29.5,-36.));
#2825 = LINE('',#2826,#2827);
#2826 = CARTESIAN_POINT('',(120.5,-30.5,-36.));
#2827 = VECTOR('',#2828,1.);
#2828 = DIRECTION('',(0.,1.,0.));
#2829 = ORIENTED_EDGE('',*,*,#2830,.T.);
#2830 = EDGE_CURVE('',#2823,#2831,#2833,.T.);
#2831 = VERTEX_POINT('',#2832);
#2832 = CARTESIAN_POINT('',(120.5,-31.5,-34.));
#2833 = LINE('',#2834,#2835);
#2834 = CARTESIAN_POINT('',(120.5,-27.91990546218,-37.58009453781));
#2835 = VECTOR('',#2836,1.);
#2836 = DIRECTION('',(-8.659560562355E-17,-0.707106781187,0.707106781187
    ));
#2837 = ORIENTED_EDGE('',*,*,#2838,.F.);
#2838 = EDGE_CURVE('',#2839,#2831,#2841,.T.);
#2839 = VERTEX_POINT('',#2840);
#2840 = CARTESIAN_POINT('',(120.5,-31.5,-16.));
#2841 = LINE('',#2842,#2843);
#2842 = CARTESIAN_POINT('',(120.5,-31.5,-15.));
#2843 = VECTOR('',#2844,1.);
#2844 = DIRECTION('',(1.224646799147E-16,0.,-1.));
#2845 = ORIENTED_EDGE('',*,*,#2846,.F.);
#2846 = EDGE_CURVE('',#2847,#2839,#2849,.T.);
#2847 = VERTEX_POINT('',#2848);
#2848 = CARTESIAN_POINT('',(120.5,-29.5,-14.));
#2849 = LINE('',#2850,#2851);
#2850 = CARTESIAN_POINT('',(120.5,-25.58009453781,-10.08009453781));
#2851 = VECTOR('',#2852,1.);
#2852 = DIRECTION('',(8.659560562355E-17,-0.707106781187,-0.707106781187
    ));
#2853 = ORIENTED_EDGE('',*,*,#2854,.F.);
#2854 = EDGE_CURVE('',#2799,#2847,#2855,.T.);
#2855 = LINE('',#2856,#2857);
#2856 = CARTESIAN_POINT('',(120.5,-27.5,-14.));
#2857 = VECTOR('',#2858,1.);
#2858 = DIRECTION('',(0.,-1.,-0.));
#2859 = FACE_BOUND('',#2860,.T.);
#2860 = EDGE_LOOP('',(#2861,#2871,#2879,#2887,#2895,#2903,#2911,#2919));
#2861 = ORIENTED_EDGE('',*,*,#2862,.F.);
#2862 = EDGE_CURVE('',#2863,#2865,#2867,.T.);
#2863 = VERTEX_POINT('',#2864);
#2864 = CARTESIAN_POINT('',(120.5,-34.,-16.));
#2865 = VERTEX_POINT('',#2866);
#2866 = CARTESIAN_POINT('',(120.5,-36.,-14.));
#2867 = LINE('',#2868,#2869);
#2868 = CARTESIAN_POINT('',(120.5,-28.16990546218,-21.83009453781));
#2869 = VECTOR('',#2870,1.);
#2870 = DIRECTION('',(-8.659560562355E-17,-0.707106781187,0.707106781187
    ));
#2871 = ORIENTED_EDGE('',*,*,#2872,.F.);
#2872 = EDGE_CURVE('',#2873,#2863,#2875,.T.);
#2873 = VERTEX_POINT('',#2874);
#2874 = CARTESIAN_POINT('',(120.5,-34.,-34.));
#2875 = LINE('',#2876,#2877);
#2876 = CARTESIAN_POINT('',(120.5,-34.,-35.));
#2877 = VECTOR('',#2878,1.);
#2878 = DIRECTION('',(-1.224646799147E-16,0.,1.));
#2879 = ORIENTED_EDGE('',*,*,#2880,.T.);
#2880 = EDGE_CURVE('',#2873,#2881,#2883,.T.);
#2881 = VERTEX_POINT('',#2882);
#2882 = CARTESIAN_POINT('',(120.5,-36.,-36.));
#2883 = LINE('',#2884,#2885);
#2884 = CARTESIAN_POINT('',(120.5,-25.83009453781,-25.83009453781));
#2885 = VECTOR('',#2886,1.);
#2886 = DIRECTION('',(8.659560562355E-17,-0.707106781187,-0.707106781187
    ));
#2887 = ORIENTED_EDGE('',*,*,#2888,.F.);
#2888 = EDGE_CURVE('',#2889,#2881,#2891,.T.);
#2889 = VERTEX_POINT('',#2890);
#2890 = CARTESIAN_POINT('',(120.5,-37.,-36.));
#2891 = LINE('',#2892,#2893);
#2892 = CARTESIAN_POINT('',(120.5,-38.,-36.));
#2893 = VECTOR('',#2894,1.);
#2894 = DIRECTION('',(0.,1.,0.));
#2895 = ORIENTED_EDGE('',*,*,#2896,.T.);
#2896 = EDGE_CURVE('',#2889,#2897,#2899,.T.);
#2897 = VERTEX_POINT('',#2898);
#2898 = CARTESIAN_POINT('',(120.5,-39.,-34.));
#2899 = LINE('',#2900,#2901);
#2900 = CARTESIAN_POINT('',(120.5,-35.41990546218,-37.58009453781));
#2901 = VECTOR('',#2902,1.);
#2902 = DIRECTION('',(-8.659560562355E-17,-0.707106781187,0.707106781187
    ));
#2903 = ORIENTED_EDGE('',*,*,#2904,.F.);
#2904 = EDGE_CURVE('',#2905,#2897,#2907,.T.);
#2905 = VERTEX_POINT('',#2906);
#2906 = CARTESIAN_POINT('',(120.5,-39.,-16.));
#2907 = LINE('',#2908,#2909);
#2908 = CARTESIAN_POINT('',(120.5,-39.,-15.));
#2909 = VECTOR('',#2910,1.);
#2910 = DIRECTION('',(1.224646799147E-16,0.,-1.));
#2911 = ORIENTED_EDGE('',*,*,#2912,.F.);
#2912 = EDGE_CURVE('',#2913,#2905,#2915,.T.);
#2913 = VERTEX_POINT('',#2914);
#2914 = CARTESIAN_POINT('',(120.5,-37.,-14.));
#2915 = LINE('',#2916,#2917);
#2916 = CARTESIAN_POINT('',(120.5,-33.08009453781,-10.08009453781));
#2917 = VECTOR('',#2918,1.);
#2918 = DIRECTION('',(8.659560562355E-17,-0.707106781187,-0.707106781187
    ));
#2919 = ORIENTED_EDGE('',*,*,#2920,.F.);
#2920 = EDGE_CURVE('',#2865,#2913,#2921,.T.);
#2921 = LINE('',#2922,#2923);
#2922 = CARTESIAN_POINT('',(120.5,-35.,-14.));
#2923 = VECTOR('',#2924,1.);
#2924 = DIRECTION('',(0.,-1.,-0.));
#2925 = FACE_BOUND('',#2926,.T.);
#2926 = EDGE_LOOP('',(#2927,#2937,#2945,#2953,#2961,#2969,#2977,#2985));
#2927 = ORIENTED_EDGE('',*,*,#2928,.F.);
#2928 = EDGE_CURVE('',#2929,#2931,#2933,.T.);
#2929 = VERTEX_POINT('',#2930);
#2930 = CARTESIAN_POINT('',(120.5,-41.5,-16.));
#2931 = VERTEX_POINT('',#2932);
#2932 = CARTESIAN_POINT('',(120.5,-43.5,-14.));
#2933 = LINE('',#2934,#2935);
#2934 = CARTESIAN_POINT('',(120.5,-35.66990546218,-21.83009453781));
#2935 = VECTOR('',#2936,1.);
#2936 = DIRECTION('',(-8.659560562355E-17,-0.707106781187,0.707106781187
    ));
#2937 = ORIENTED_EDGE('',*,*,#2938,.F.);
#2938 = EDGE_CURVE('',#2939,#2929,#2941,.T.);
#2939 = VERTEX_POINT('',#2940);
#2940 = CARTESIAN_POINT('',(120.5,-41.5,-34.));
#2941 = LINE('',#2942,#2943);
#2942 = CARTESIAN_POINT('',(120.5,-41.5,-35.));
#2943 = VECTOR('',#2944,1.);
#2944 = DIRECTION('',(-1.224646799147E-16,0.,1.));
#2945 = ORIENTED_EDGE('',*,*,#2946,.T.);
#2946 = EDGE_CURVE('',#2939,#2947,#2949,.T.);
#2947 = VERTEX_POINT('',#2948);
#2948 = CARTESIAN_POINT('',(120.5,-43.5,-36.));
#2949 = LINE('',#2950,#2951);
#2950 = CARTESIAN_POINT('',(120.5,-33.33009453781,-25.83009453781));
#2951 = VECTOR('',#2952,1.);
#2952 = DIRECTION('',(8.659560562355E-17,-0.707106781187,-0.707106781187
    ));
#2953 = ORIENTED_EDGE('',*,*,#2954,.F.);
#2954 = EDGE_CURVE('',#2955,#2947,#2957,.T.);
#2955 = VERTEX_POINT('',#2956);
#2956 = CARTESIAN_POINT('',(120.5,-44.5,-36.));
#2957 = LINE('',#2958,#2959);
#2958 = CARTESIAN_POINT('',(120.5,-45.5,-36.));
#2959 = VECTOR('',#2960,1.);
#2960 = DIRECTION('',(0.,1.,0.));
#2961 = ORIENTED_EDGE('',*,*,#2962,.T.);
#2962 = EDGE_CURVE('',#2955,#2963,#2965,.T.);
#2963 = VERTEX_POINT('',#2964);
#2964 = CARTESIAN_POINT('',(120.5,-46.5,-34.));
#2965 = LINE('',#2966,#2967);
#2966 = CARTESIAN_POINT('',(120.5,-42.91990546218,-37.58009453781));
#2967 = VECTOR('',#2968,1.);
#2968 = DIRECTION('',(-8.659560562355E-17,-0.707106781187,0.707106781187
    ));
#2969 = ORIENTED_EDGE('',*,*,#2970,.F.);
#2970 = EDGE_CURVE('',#2971,#2963,#2973,.T.);
#2971 = VERTEX_POINT('',#2972);
#2972 = CARTESIAN_POINT('',(120.5,-46.5,-16.));
#2973 = LINE('',#2974,#2975);
#2974 = CARTESIAN_POINT('',(120.5,-46.5,-15.));
#2975 = VECTOR('',#2976,1.);
#2976 = DIRECTION('',(1.224646799147E-16,0.,-1.));
#2977 = ORIENTED_EDGE('',*,*,#2978,.F.);
#2978 = EDGE_CURVE('',#2979,#2971,#2981,.T.);
#2979 = VERTEX_POINT('',#2980);
#2980 = CARTESIAN_POINT('',(120.5,-44.5,-14.));
#2981 = LINE('',#2982,#2983);
#2982 = CARTESIAN_POINT('',(120.5,-40.58009453781,-10.08009453781));
#2983 = VECTOR('',#2984,1.);
#2984 = DIRECTION('',(8.659560562355E-17,-0.707106781187,-0.707106781187
    ));
#2985 = ORIENTED_EDGE('',*,*,#2986,.F.);
#2986 = EDGE_CURVE('',#2931,#2979,#2987,.T.);
#2987 = LINE('',#2988,#2989);
#2988 = CARTESIAN_POINT('',(120.5,-42.5,-14.));
#2989 = VECTOR('',#2990,1.);
#2990 = DIRECTION('',(0.,-1.,-0.));
#2991 = FACE_BOUND('',#2992,.T.);
#2992 = EDGE_LOOP('',(#2993,#3003,#3011,#3019,#3027,#3035,#3043,#3051));
#2993 = ORIENTED_EDGE('',*,*,#2994,.F.);
#2994 = EDGE_CURVE('',#2995,#2997,#2999,.T.);
#2995 = VERTEX_POINT('',#2996);
#2996 = CARTESIAN_POINT('',(120.5,-49.,-16.));
#2997 = VERTEX_POINT('',#2998);
#2998 = CARTESIAN_POINT('',(120.5,-51.,-14.));
#2999 = LINE('',#3000,#3001);
#3000 = CARTESIAN_POINT('',(120.5,-43.16990546218,-21.83009453781));
#3001 = VECTOR('',#3002,1.);
#3002 = DIRECTION('',(-8.659560562355E-17,-0.707106781187,0.707106781187
    ));
#3003 = ORIENTED_EDGE('',*,*,#3004,.F.);
#3004 = EDGE_CURVE('',#3005,#2995,#3007,.T.);
#3005 = VERTEX_POINT('',#3006);
#3006 = CARTESIAN_POINT('',(120.5,-49.,-34.));
#3007 = LINE('',#3008,#3009);
#3008 = CARTESIAN_POINT('',(120.5,-49.,-35.));
#3009 = VECTOR('',#3010,1.);
#3010 = DIRECTION('',(-1.224646799147E-16,0.,1.));
#3011 = ORIENTED_EDGE('',*,*,#3012,.T.);
#3012 = EDGE_CURVE('',#3005,#3013,#3015,.T.);
#3013 = VERTEX_POINT('',#3014);
#3014 = CARTESIAN_POINT('',(120.5,-51.,-36.));
#3015 = LINE('',#3016,#3017);
#3016 = CARTESIAN_POINT('',(120.5,-40.83009453781,-25.83009453781));
#3017 = VECTOR('',#3018,1.);
#3018 = DIRECTION('',(8.659560562355E-17,-0.707106781187,-0.707106781187
    ));
#3019 = ORIENTED_EDGE('',*,*,#3020,.F.);
#3020 = EDGE_CURVE('',#3021,#3013,#3023,.T.);
#3021 = VERTEX_POINT('',#3022);
#3022 = CARTESIAN_POINT('',(120.5,-52.,-36.));
#3023 = LINE('',#3024,#3025);
#3024 = CARTESIAN_POINT('',(120.5,-53.,-36.));
#3025 = VECTOR('',#3026,1.);
#3026 = DIRECTION('',(0.,1.,0.));
#3027 = ORIENTED_EDGE('',*,*,#3028,.T.);
#3028 = EDGE_CURVE('',#3021,#3029,#3031,.T.);
#3029 = VERTEX_POINT('',#3030);
#3030 = CARTESIAN_POINT('',(120.5,-54.,-34.));
#3031 = LINE('',#3032,#3033);
#3032 = CARTESIAN_POINT('',(120.5,-50.41990546218,-37.58009453781));
#3033 = VECTOR('',#3034,1.);
#3034 = DIRECTION('',(-8.659560562355E-17,-0.707106781187,0.707106781187
    ));
#3035 = ORIENTED_EDGE('',*,*,#3036,.F.);
#3036 = EDGE_CURVE('',#3037,#3029,#3039,.T.);
#3037 = VERTEX_POINT('',#3038);
#3038 = CARTESIAN_POINT('',(120.5,-54.,-16.));
#3039 = LINE('',#3040,#3041);
#3040 = CARTESIAN_POINT('',(120.5,-54.,-15.));
#3041 = VECTOR('',#3042,1.);
#3042 = DIRECTION('',(1.224646799147E-16,0.,-1.));
#3043 = ORIENTED_EDGE('',*,*,#3044,.F.);
#3044 = EDGE_CURVE('',#3045,#3037,#3047,.T.);
#3045 = VERTEX_POINT('',#3046);
#3046 = CARTESIAN_POINT('',(120.5,-52.,-14.));
#3047 = LINE('',#3048,#3049);
#3048 = CARTESIAN_POINT('',(120.5,-48.08009453781,-10.08009453781));
#3049 = VECTOR('',#3050,1.);
#3050 = DIRECTION('',(8.659560562355E-17,-0.707106781187,-0.707106781187
    ));
#3051 = ORIENTED_EDGE('',*,*,#3052,.F.);
#3052 = EDGE_CURVE('',#2997,#3045,#3053,.T.);
#3053 = LINE('',#3054,#3055);
#3054 = CARTESIAN_POINT('',(120.5,-50.,-14.));
#3055 = VECTOR('',#3056,1.);
#3056 = DIRECTION('',(0.,-1.,-0.));
#3057 = PLANE('',#3058);
#3058 = AXIS2_PLACEMENT_3D('',#3059,#3060,#3061);
#3059 = CARTESIAN_POINT('',(120.5,0.,-20.32037815126));
#3060 = DIRECTION('',(1.,-0.,1.224646799147E-16));
#3061 = DIRECTION('',(-1.224646799147E-16,0.,1.));
#3062 = ADVANCED_FACE('',(#3063,#3098),#3109,.F.);
#3063 = FACE_BOUND('',#3064,.T.);
#3064 = EDGE_LOOP('',(#3065,#3073,#3081,#3089,#3095,#3096,#3097));
#3065 = ORIENTED_EDGE('',*,*,#3066,.T.);
#3066 = EDGE_CURVE('',#2304,#3067,#3069,.T.);
#3067 = VERTEX_POINT('',#3068);
#3068 = CARTESIAN_POINT('',(105.5,-76.5,-15.49));
#3069 = LINE('',#3070,#3071);
#3070 = CARTESIAN_POINT('',(105.5,-94.,-15.49));
#3071 = VECTOR('',#3072,1.);
#3072 = DIRECTION('',(0.,1.,0.));
#3073 = ORIENTED_EDGE('',*,*,#3074,.T.);
#3074 = EDGE_CURVE('',#3067,#3075,#3077,.T.);
#3075 = VERTEX_POINT('',#3076);
#3076 = CARTESIAN_POINT('',(108.,-74.,-12.99));
#3077 = LINE('',#3078,#3079);
#3078 = CARTESIAN_POINT('',(100.16333333333,-81.83666666666,
    -20.82666666666));
#3079 = VECTOR('',#3080,1.);
#3080 = DIRECTION('',(0.57735026919,0.57735026919,0.57735026919));
#3081 = ORIENTED_EDGE('',*,*,#3082,.T.);
#3082 = EDGE_CURVE('',#3075,#3083,#3085,.T.);
#3083 = VERTEX_POINT('',#3084);
#3084 = CARTESIAN_POINT('',(120.49,-86.49,-0.5));
#3085 = LINE('',#3086,#3087);
#3086 = CARTESIAN_POINT('',(114.24666666666,-80.24666666666,
    -6.743333333333));
#3087 = VECTOR('',#3088,1.);
#3088 = DIRECTION('',(0.57735026919,-0.57735026919,0.57735026919));
#3089 = ORIENTED_EDGE('',*,*,#3090,.F.);
#3090 = EDGE_CURVE('',#310,#3083,#3091,.T.);
#3091 = LINE('',#3092,#3093);
#3092 = CARTESIAN_POINT('',(120.49,-94.,-0.5));
#3093 = VECTOR('',#3094,1.);
#3094 = DIRECTION('',(0.,1.,0.));
#3095 = ORIENTED_EDGE('',*,*,#309,.F.);
#3096 = ORIENTED_EDGE('',*,*,#301,.T.);
#3097 = ORIENTED_EDGE('',*,*,#2303,.T.);
#3098 = FACE_BOUND('',#3099,.T.);
#3099 = EDGE_LOOP('',(#3100));
#3100 = ORIENTED_EDGE('',*,*,#3101,.T.);
#3101 = EDGE_CURVE('',#3102,#3102,#3104,.T.);
#3102 = VERTEX_POINT('',#3103);
#3103 = CARTESIAN_POINT('',(108.,-85.,-12.99));
#3104 = ELLIPSE('',#3105,4.949747468306,3.5);
#3105 = AXIS2_PLACEMENT_3D('',#3106,#3107,#3108);
#3106 = CARTESIAN_POINT('',(111.5,-85.,-9.49));
#3107 = DIRECTION('',(-0.707106781187,-0.,0.707106781187));
#3108 = DIRECTION('',(-0.707106781187,0.,-0.707106781187));
#3109 = PLANE('',#3110);
#3110 = AXIS2_PLACEMENT_3D('',#3111,#3112,#3113);
#3111 = CARTESIAN_POINT('',(112.995,-94.,-7.995));
#3112 = DIRECTION('',(-0.707106781187,0.,0.707106781187));
#3113 = DIRECTION('',(0.,-1.,0.));
#3114 = ADVANCED_FACE('',(#3115),#3126,.T.);
#3115 = FACE_BOUND('',#3116,.T.);
#3116 = EDGE_LOOP('',(#3117,#3118,#3119,#3120));
#3117 = ORIENTED_EDGE('',*,*,#2361,.F.);
#3118 = ORIENTED_EDGE('',*,*,#317,.F.);
#3119 = ORIENTED_EDGE('',*,*,#3090,.T.);
#3120 = ORIENTED_EDGE('',*,*,#3121,.T.);
#3121 = EDGE_CURVE('',#3083,#2362,#3122,.T.);
#3122 = LINE('',#3123,#3124);
#3123 = CARTESIAN_POINT('',(105.5,-86.49,-0.5));
#3124 = VECTOR('',#3125,1.);
#3125 = DIRECTION('',(1.,0.,1.224646799147E-16));
#3126 = PLANE('',#3127);
#3127 = AXIS2_PLACEMENT_3D('',#3128,#3129,#3130);
#3128 = CARTESIAN_POINT('',(113.,0.,-0.5));
#3129 = DIRECTION('',(1.224646799147E-16,0.,-1.));
#3130 = DIRECTION('',(-1.,0.,-1.224646799147E-16));
#3131 = ADVANCED_FACE('',(#3132),#3175,.F.);
#3132 = FACE_BOUND('',#3133,.F.);
#3133 = EDGE_LOOP('',(#3134,#3144,#3152,#3160,#3166,#3167,#3168,#3169));
#3134 = ORIENTED_EDGE('',*,*,#3135,.F.);
#3135 = EDGE_CURVE('',#3136,#3138,#3140,.T.);
#3136 = VERTEX_POINT('',#3137);
#3137 = CARTESIAN_POINT('',(30.379006949622,-91.,-39.5679));
#3138 = VERTEX_POINT('',#3139);
#3139 = CARTESIAN_POINT('',(29.378088496915,-93.75000084752,-39.5679));
#3140 = LINE('',#3141,#3142);
#3141 = CARTESIAN_POINT('',(35.700631292762,-76.3789572824,-39.5679));
#3142 = VECTOR('',#3143,1.);
#3143 = DIRECTION('',(-0.342020143326,-0.939692620786,
    -4.188538737677E-17));
#3144 = ORIENTED_EDGE('',*,*,#3145,.F.);
#3145 = EDGE_CURVE('',#3146,#3136,#3148,.T.);
#3146 = VERTEX_POINT('',#3147);
#3147 = CARTESIAN_POINT('',(30.379006949622,-91.,-1.5121));
#3148 = LINE('',#3149,#3150);
#3149 = CARTESIAN_POINT('',(30.379006949622,-91.,-12.50605));
#3150 = VECTOR('',#3151,1.);
#3151 = DIRECTION('',(2.325142143789E-16,3.023586109617E-16,-1.));
#3152 = ORIENTED_EDGE('',*,*,#3153,.T.);
#3153 = EDGE_CURVE('',#3146,#3154,#3156,.T.);
#3154 = VERTEX_POINT('',#3155);
#3155 = CARTESIAN_POINT('',(29.37808880539,-93.75,-1.5121));
#3156 = LINE('',#3157,#3158);
#3157 = CARTESIAN_POINT('',(35.700631292762,-76.3789572824,-1.5121));
#3158 = VECTOR('',#3159,1.);
#3159 = DIRECTION('',(-0.342020143326,-0.939692620786,
    -4.188538737677E-17));
#3160 = ORIENTED_EDGE('',*,*,#3161,.F.);
#3161 = EDGE_CURVE('',#384,#3154,#3162,.T.);
#3162 = LINE('',#3163,#3164);
#3163 = CARTESIAN_POINT('',(31.032755929723,-89.20383943918,
    -6.058260560818));
#3164 = VECTOR('',#3165,1.);
#3165 = DIRECTION('',(0.249243569364,0.684791078772,-0.684791078772));
#3166 = ORIENTED_EDGE('',*,*,#391,.F.);
#3167 = ORIENTED_EDGE('',*,*,#399,.T.);
#3168 = ORIENTED_EDGE('',*,*,#341,.T.);
#3169 = ORIENTED_EDGE('',*,*,#3170,.T.);
#3170 = EDGE_CURVE('',#344,#3138,#3171,.T.);
#3171 = LINE('',#3172,#3173);
#3172 = CARTESIAN_POINT('',(34.280394302655,-80.28102634299,
    -26.09853513707));
#3173 = VECTOR('',#3174,1.);
#3174 = DIRECTION('',(0.249240181963,0.684781771965,0.684801618339));
#3175 = PLANE('',#3176);
#3176 = AXIS2_PLACEMENT_3D('',#3177,#3178,#3179);
#3177 = CARTESIAN_POINT('',(35.700631292762,-76.3789572824,-1.5121));
#3178 = DIRECTION('',(0.939692620786,-0.342020143326,1.150791560228E-16)
  );
#3179 = DIRECTION('',(1.224646799147E-16,0.,-1.));
#3180 = ADVANCED_FACE('',(#3181),#3199,.F.);
#3181 = FACE_BOUND('',#3182,.F.);
#3182 = EDGE_LOOP('',(#3183,#3184,#3185,#3193));
#3183 = ORIENTED_EDGE('',*,*,#3170,.F.);
#3184 = ORIENTED_EDGE('',*,*,#351,.T.);
#3185 = ORIENTED_EDGE('',*,*,#3186,.T.);
#3186 = EDGE_CURVE('',#352,#3187,#3189,.T.);
#3187 = VERTEX_POINT('',#3188);
#3188 = CARTESIAN_POINT('',(26.004644958166,-93.75000084752,-39.5920347)
  );
#3189 = LINE('',#3190,#3191);
#3190 = CARTESIAN_POINT('',(27.870887493747,-88.62254162179,
    -34.46442687002));
#3191 = VECTOR('',#3192,1.);
#3192 = DIRECTION('',(0.249240181963,0.684781771965,0.684801618339));
#3193 = ORIENTED_EDGE('',*,*,#3194,.F.);
#3194 = EDGE_CURVE('',#3138,#3187,#3195,.T.);
#3195 = LINE('',#3196,#3197);
#3196 = CARTESIAN_POINT('',(29.287100903962,-93.75000084752,
    -39.5685509545));
#3197 = VECTOR('',#3198,1.);
#3198 = DIRECTION('',(-0.999974408824,0.,-7.154138519703E-03));
#3199 = PLANE('',#3200);
#3200 = AXIS2_PLACEMENT_3D('',#3201,#3202,#3203);
#3201 = CARTESIAN_POINT('',(29.287992842708,-93.87500042376,
    -39.69322227835));
#3202 = DIRECTION('',(5.065321766509E-03,0.706185568868,-0.70800867568)
  );
#3203 = DIRECTION('',(-0.999974408824,-1.361757928642E-16,
    -7.154138519703E-03));
#3204 = ADVANCED_FACE('',(#3205),#3241,.F.);
#3205 = FACE_BOUND('',#3206,.F.);
#3206 = EDGE_LOOP('',(#3207,#3217,#3225,#3231,#3232,#3233,#3234,#3235));
#3207 = ORIENTED_EDGE('',*,*,#3208,.F.);
#3208 = EDGE_CURVE('',#3209,#3211,#3213,.T.);
#3209 = VERTEX_POINT('',#3210);
#3210 = CARTESIAN_POINT('',(27.005563410874,-91.,-1.5121));
#3211 = VERTEX_POINT('',#3212);
#3212 = CARTESIAN_POINT('',(26.004645266642,-93.75,-1.5121));
#3213 = LINE('',#3214,#3215);
#3214 = CARTESIAN_POINT('',(32.72180568487,-75.29475342806,-1.5121));
#3215 = VECTOR('',#3216,1.);
#3216 = DIRECTION('',(-0.342020143326,-0.939692620786,
    -4.188538737677E-17));
#3217 = ORIENTED_EDGE('',*,*,#3218,.F.);
#3218 = EDGE_CURVE('',#3219,#3209,#3221,.T.);
#3219 = VERTEX_POINT('',#3220);
#3220 = CARTESIAN_POINT('',(27.005563410874,-91.,-39.5920347));
#3221 = LINE('',#3222,#3223);
#3222 = CARTESIAN_POINT('',(27.005563410874,-91.,-31.54601735));
#3223 = VECTOR('',#3224,1.);
#3224 = DIRECTION('',(-2.325142143789E-16,-3.023586109617E-16,1.));
#3225 = ORIENTED_EDGE('',*,*,#3226,.T.);
#3226 = EDGE_CURVE('',#3219,#3187,#3227,.T.);
#3227 = LINE('',#3228,#3229);
#3228 = CARTESIAN_POINT('',(32.72180568487,-75.29475342806,-39.5920347)
  );
#3229 = VECTOR('',#3230,1.);
#3230 = DIRECTION('',(-0.342020143326,-0.939692620786,
    -4.188538737677E-17));
#3231 = ORIENTED_EDGE('',*,*,#3186,.F.);
#3232 = ORIENTED_EDGE('',*,*,#359,.F.);
#3233 = ORIENTED_EDGE('',*,*,#367,.T.);
#3234 = ORIENTED_EDGE('',*,*,#375,.T.);
#3235 = ORIENTED_EDGE('',*,*,#3236,.T.);
#3236 = EDGE_CURVE('',#376,#3211,#3237,.T.);
#3237 = LINE('',#3238,#3239);
#3238 = CARTESIAN_POINT('',(31.118615954673,-79.69948101088,
    -15.56261898912));
#3239 = VECTOR('',#3240,1.);
#3240 = DIRECTION('',(0.249243569364,0.684791078772,-0.684791078772));
#3241 = PLANE('',#3242);
#3242 = AXIS2_PLACEMENT_3D('',#3243,#3244,#3245);
#3243 = CARTESIAN_POINT('',(32.72180568487,-75.29475342806,-39.5920347)
  );
#3244 = DIRECTION('',(-0.939692620786,0.342020143326,-1.150791560228E-16
    ));
#3245 = DIRECTION('',(-1.224646799147E-16,0.,1.));
#3246 = ADVANCED_FACE('',(#3247),#3258,.T.);
#3247 = FACE_BOUND('',#3248,.T.);
#3248 = EDGE_LOOP('',(#3249,#3250,#3251,#3252));
#3249 = ORIENTED_EDGE('',*,*,#3161,.F.);
#3250 = ORIENTED_EDGE('',*,*,#383,.T.);
#3251 = ORIENTED_EDGE('',*,*,#3236,.T.);
#3252 = ORIENTED_EDGE('',*,*,#3253,.F.);
#3253 = EDGE_CURVE('',#3154,#3211,#3254,.T.);
#3254 = LINE('',#3255,#3256);
#3255 = CARTESIAN_POINT('',(29.287096246824,-93.75,-1.5121));
#3256 = VECTOR('',#3257,1.);
#3257 = DIRECTION('',(-1.,0.,-1.224646799147E-16));
#3258 = PLANE('',#3259);
#3259 = AXIS2_PLACEMENT_3D('',#3260,#3261,#3262);
#3260 = CARTESIAN_POINT('',(29.287096246824,-93.875,-1.3871));
#3261 = DIRECTION('',(8.659560562355E-17,-0.707106781187,-0.707106781187
    ));
#3262 = DIRECTION('',(-1.,0.,-1.224646799147E-16));
#3263 = ADVANCED_FACE('',(#3264),#3339,.F.);
#3264 = FACE_BOUND('',#3265,.F.);
#3265 = EDGE_LOOP('',(#3266,#3277,#3278,#3288,#3331));
#3266 = ORIENTED_EDGE('',*,*,#3267,.F.);
#3267 = EDGE_CURVE('',#410,#3268,#3270,.T.);
#3268 = VERTEX_POINT('',#3269);
#3269 = CARTESIAN_POINT('',(10.799764382607,-93.76507680868,
    -31.7143287641));
#3270 = B_SPLINE_CURVE_WITH_KNOTS('',5,(#3271,#3272,#3273,#3274,#3275,
    #3276),.UNSPECIFIED.,.F.,.F.,(6,6),(0.,1.),
  .PIECEWISE_BEZIER_KNOTS.);
#3271 = CARTESIAN_POINT('',(10.965426614793,-94.,-32.43412427473));
#3272 = CARTESIAN_POINT('',(10.932225170605,-93.95290755283,
    -32.2941689226));
#3273 = CARTESIAN_POINT('',(10.899056867757,-93.90586679957,
    -32.15232907712));
#3274 = CARTESIAN_POINT('',(10.865923147462,-93.85888005392,
    -32.00849442348));
#3275 = CARTESIAN_POINT('',(10.832825203266,-93.8119493035,
    -31.86254269682));
#3276 = CARTESIAN_POINT('',(10.799764382607,-93.76507680868,
    -31.7143287641));
#3277 = ORIENTED_EDGE('',*,*,#407,.F.);
#3278 = ORIENTED_EDGE('',*,*,#3279,.T.);
#3279 = EDGE_CURVE('',#408,#3280,#3282,.T.);
#3280 = VERTEX_POINT('',#3281);
#3281 = CARTESIAN_POINT('',(7.391599136607,-93.7645317033,
    -24.15096633049));
#3282 = B_SPLINE_CURVE_WITH_KNOTS('',4,(#3283,#3284,#3285,#3286,#3287),
  .UNSPECIFIED.,.F.,.F.,(5,5),(0.,1.),.PIECEWISE_BEZIER_KNOTS.);
#3283 = CARTESIAN_POINT('',(7.055895685495,-94.,-24.17592565658));
#3284 = CARTESIAN_POINT('',(7.139767302794,-93.94127246132,
    -24.17041498072));
#3285 = CARTESIAN_POINT('',(7.22364195081,-93.88254280052,
    -24.16490506484));
#3286 = CARTESIAN_POINT('',(7.307519721416,-93.82381095325,
    -24.15939608029));
#3287 = CARTESIAN_POINT('',(7.391400314812,-93.7648043144,
    -24.14998210747));
#3288 = ORIENTED_EDGE('',*,*,#3289,.T.);
#3289 = EDGE_CURVE('',#3280,#3290,#3292,.T.);
#3290 = VERTEX_POINT('',#3291);
#3291 = CARTESIAN_POINT('',(10.801616683005,-93.75994790927,-31.7054057)
  );
#3292 = B_SPLINE_CURVE_WITH_KNOTS('',13,(#3293,#3294,#3295,#3296,#3297,
    #3298,#3299,#3300,#3301,#3302,#3303,#3304,#3305,#3306,#3307,#3308,
    #3309,#3310,#3311,#3312,#3313,#3314,#3315,#3316,#3317,#3318,#3319,
    #3320,#3321,#3322,#3323,#3324,#3325,#3326,#3327,#3328,#3329,#3330),
  .UNSPECIFIED.,.F.,.F.,(14,12,12,14),(-0.182326573668,
    -7.577350293965E-02,8.356264733066,10.686086640643),.UNSPECIFIED.);
#3293 = CARTESIAN_POINT('',(7.35353575046,-93.76459190829,
    -23.95769230267));
#3294 = CARTESIAN_POINT('',(7.355056918982,-93.76458898281,
    -23.9656402363));
#3295 = CARTESIAN_POINT('',(7.356581816562,-93.76458614345,
    -23.97358725136));
#3296 = CARTESIAN_POINT('',(7.358110447907,-93.76458338268,
    -23.98153336075));
#3297 = CARTESIAN_POINT('',(7.359642818007,-93.76458069474,
    -23.98947857793));
#3298 = CARTESIAN_POINT('',(7.36117893154,-93.76457806921,
    -23.99742291511));
#3299 = CARTESIAN_POINT('',(7.362718793703,-93.76457550356,
    -24.00536638657));
#3300 = CARTESIAN_POINT('',(7.364262408995,-93.76457298449,
    -24.0133090038));
#3301 = CARTESIAN_POINT('',(7.365809782684,-93.76457051076,
    -24.02125078142));
#3302 = CARTESIAN_POINT('',(7.367360919338,-93.76456806997,
    -24.02919173111));
#3303 = CARTESIAN_POINT('',(7.368915824052,-93.76456565826,
    -24.03713186685));
#3304 = CARTESIAN_POINT('',(7.370474501595,-93.76456326639,
    -24.04507120115));
#3305 = CARTESIAN_POINT('',(7.3720369569,-93.76456088787,-24.05300974726
    ));
#3306 = CARTESIAN_POINT('',(7.497546860248,-93.7643707478,
    -24.68910011142));
#3307 = CARTESIAN_POINT('',(7.645282466905,-93.76417648054,
    -25.31284988723));
#3308 = CARTESIAN_POINT('',(7.816953002274,-93.76384288908,
    -25.93267035077));
#3309 = CARTESIAN_POINT('',(8.01146615663,-93.76375497213,
    -26.54388744956));
#3310 = CARTESIAN_POINT('',(8.23042633211,-93.76311031442,
    -27.15361161648));
#3311 = CARTESIAN_POINT('',(8.470603999536,-93.76319416153,
    -27.74832192826));
#3312 = CARTESIAN_POINT('',(8.735324271948,-93.76241705595,
    -28.34287772332));
#3313 = CARTESIAN_POINT('',(9.020693143582,-93.76232585138,
    -28.92125247479));
#3314 = CARTESIAN_POINT('',(9.32899273771,-93.76175208634,
    -29.49415863718));
#3315 = CARTESIAN_POINT('',(9.658226083141,-93.76138301843,
    -30.05407663883));
#3316 = CARTESIAN_POINT('',(10.008612450169,-93.76091974795,
    -30.60319087601));
#3317 = CARTESIAN_POINT('',(10.379433688212,-93.76045914711,
    -31.13982133952));
#3318 = CARTESIAN_POINT('',(10.878172928553,-93.75985515698,
    -31.80810512046));
#3319 = CARTESIAN_POINT('',(10.987666768492,-93.75972357482,
    -31.95178485289));
#3320 = CARTESIAN_POINT('',(11.09867179989,-93.75959120186,
    -32.09445357138));
#3321 = CARTESIAN_POINT('',(11.211177003169,-93.75945822761,
    -32.23609688124));
#3322 = CARTESIAN_POINT('',(11.325171540955,-93.75932499691,
    -32.37670080308));
#3323 = CARTESIAN_POINT('',(11.44064475808,-93.7591920093,
    -32.51625177258));
#3324 = CARTESIAN_POINT('',(11.557586181723,-93.75905992055,
    -32.65473664115));
#3325 = CARTESIAN_POINT('',(11.675985521055,-93.75892954013,
    -32.79214267478));
#3326 = CARTESIAN_POINT('',(11.795832667788,-93.75880183433,
    -32.92845755554));
#3327 = CARTESIAN_POINT('',(11.91711769555,-93.75867792331,
    -33.06366938001));
#3328 = CARTESIAN_POINT('',(12.039830860437,-93.75855908326,
    -33.19776666064));
#3329 = CARTESIAN_POINT('',(12.163962600628,-93.75844674518,
    -33.33073832478));
#3330 = CARTESIAN_POINT('',(12.289503536599,-93.75834249539,
    -33.46257371522));
#3331 = ORIENTED_EDGE('',*,*,#3332,.F.);
#3332 = EDGE_CURVE('',#3268,#3290,#3333,.T.);
#3333 = B_SPLINE_CURVE_WITH_KNOTS('',4,(#3334,#3335,#3336,#3337,#3338),
  .UNSPECIFIED.,.F.,.F.,(5,5),(0.,1.),.PIECEWISE_BEZIER_KNOTS.);
#3334 = CARTESIAN_POINT('',(10.799764382607,-93.76507680868,
    -31.7143287641));
#3335 = CARTESIAN_POINT('',(10.800227467803,-93.76379455844,
    -31.71209852586));
#3336 = CARTESIAN_POINT('',(10.800690546289,-93.76251232506,
    -31.70986793343));
#3337 = CARTESIAN_POINT('',(10.801153618057,-93.76123010855,
    -31.70763698638));
#3338 = CARTESIAN_POINT('',(10.801616683104,-93.75994790893,
    -31.70540568428));
#3339 = B_SPLINE_SURFACE_WITH_KNOTS('',1,13,(
    (#3340,#3341,#3342,#3343,#3344,#3345,#3346,#3347,#3348,#3349,#3350
      ,#3351,#3352,#3353,#3354,#3355,#3356,#3357,#3358,#3359,#3360,#3361
      ,#3362,#3363,#3364,#3365,#3366,#3367,#3368,#3369,#3370,#3371,#3372
      ,#3373,#3374,#3375,#3376,#3377)
    ,(#3378,#3379,#3380,#3381,#3382,#3383,#3384,#3385,#3386,#3387,#3388
      ,#3389,#3390,#3391,#3392,#3393,#3394,#3395,#3396,#3397,#3398,#3399
      ,#3400,#3401,#3402,#3403,#3404,#3405,#3406,#3407,#3408,#3409,#3410
      ,#3411,#3412,#3413,#3414,#3415
    )),.UNSPECIFIED.,.F.,.F.,.F.,(2,2),(14,12,12,14),(0.,10.868413214312
    ),(-0.182326573668,-7.577350293965E-02,8.356264733066,
    10.686086640643),.UNSPECIFIED.);
#3340 = CARTESIAN_POINT('',(7.025395815962,-94.,-24.02083965181));
#3341 = CARTESIAN_POINT('',(7.026950793784,-93.99999999998,
    -24.02891994424));
#3342 = CARTESIAN_POINT('',(7.028509532968,-94.00000000007,
    -24.0370004558));
#3343 = CARTESIAN_POINT('',(7.030072051826,-93.99999999979,
    -24.04508113553));
#3344 = CARTESIAN_POINT('',(7.031638365073,-94.0000000004,
    -24.05316193362));
#3345 = CARTESIAN_POINT('',(7.033208487113,-93.99999999941,
    -24.06124279933));
#3346 = CARTESIAN_POINT('',(7.034782432874,-94.00000000066,
    -24.06932368348));
#3347 = CARTESIAN_POINT('',(7.036360216567,-93.99999999939,
    -24.07740453477));
#3348 = CARTESIAN_POINT('',(7.03794185321,-94.00000000043,
    -24.08548530426));
#3349 = CARTESIAN_POINT('',(7.039527357068,-93.99999999975,
    -24.09356594085));
#3350 = CARTESIAN_POINT('',(7.04111674299,-94.0000000001,-24.10164639506
    ));
#3351 = CARTESIAN_POINT('',(7.04271002545,-93.99999999996,
    -24.10972661642));
#3352 = CARTESIAN_POINT('',(7.044307219118,-94.,-24.11780655495));
#3353 = CARTESIAN_POINT('',(7.172612341265,-93.99999999996,
    -24.76526278532));
#3354 = CARTESIAN_POINT('',(7.32377159245,-94.00000000013,
    -25.40119315809));
#3355 = CARTESIAN_POINT('',(7.498838206344,-93.99999999965,
    -26.0287204548));
#3356 = CARTESIAN_POINT('',(7.698627880323,-94.00000000067,
    -26.65849524397));
#3357 = CARTESIAN_POINT('',(7.920723596084,-93.99999999898,
    -27.26554227008));
#3358 = CARTESIAN_POINT('',(8.168240988095,-94.00000000118,
    -27.88734897034));
#3359 = CARTESIAN_POINT('',(8.436614902483,-93.99999999889,
    -28.47557898985));
#3360 = CARTESIAN_POINT('',(8.729548371839,-94.00000000082,
    -29.07540916315));
#3361 = CARTESIAN_POINT('',(9.043531630005,-93.9999999995,-29.6511648085
    ));
#3362 = CARTESIAN_POINT('',(9.37991084836,-94.00000000023,
    -30.22240405385));
#3363 = CARTESIAN_POINT('',(9.737401118239,-93.99999999991,
    -30.77939092731));
#3364 = CARTESIAN_POINT('',(10.115722735646,-94.00000000001,
    -31.3241677757));
#3365 = CARTESIAN_POINT('',(10.624380314206,-93.99999999999,
    -32.00221947665));
#3366 = CARTESIAN_POINT('',(10.736042978727,-94.00000000003,
    -32.14798257298));
#3367 = CARTESIAN_POINT('',(10.849237426234,-93.99999999991,
    -32.29270198416));
#3368 = CARTESIAN_POINT('',(10.96395115982,-94.00000000014,
    -32.43636249293));
#3369 = CARTESIAN_POINT('',(11.080171411322,-93.99999999981,
    -32.57894986327));
#3370 = CARTESIAN_POINT('',(11.197885141943,-94.0000000002,
    -32.72045084324));
#3371 = CARTESIAN_POINT('',(11.317079041366,-93.99999999981,
    -32.86085316091));
#3372 = CARTESIAN_POINT('',(11.437739528804,-94.00000000015,
    -33.00014552919));
#3373 = CARTESIAN_POINT('',(11.55985275195,-93.99999999989,
    -33.13831764099));
#3374 = CARTESIAN_POINT('',(11.683404587873,-94.00000000005,
    -33.27536017333));
#3375 = CARTESIAN_POINT('',(11.808380642365,-93.99999999997,
    -33.41126478439));
#3376 = CARTESIAN_POINT('',(11.934766250342,-94.,-33.54602411531));
#3377 = CARTESIAN_POINT('',(12.062546474767,-94.,-33.67963179009));
#3378 = CARTESIAN_POINT('',(7.35353575046,-93.76459190829,
    -23.95769230267));
#3379 = CARTESIAN_POINT('',(7.355056918982,-93.76458898281,
    -23.9656402363));
#3380 = CARTESIAN_POINT('',(7.356581816562,-93.76458614345,
    -23.97358725136));
#3381 = CARTESIAN_POINT('',(7.358110447907,-93.76458338268,
    -23.98153336075));
#3382 = CARTESIAN_POINT('',(7.359642818007,-93.76458069474,
    -23.98947857793));
#3383 = CARTESIAN_POINT('',(7.36117893154,-93.76457806921,
    -23.99742291511));
#3384 = CARTESIAN_POINT('',(7.362718793703,-93.76457550356,
    -24.00536638657));
#3385 = CARTESIAN_POINT('',(7.364262408995,-93.76457298449,
    -24.0133090038));
#3386 = CARTESIAN_POINT('',(7.365809782684,-93.76457051076,
    -24.02125078142));
#3387 = CARTESIAN_POINT('',(7.367360919338,-93.76456806997,
    -24.02919173111));
#3388 = CARTESIAN_POINT('',(7.368915824052,-93.76456565826,
    -24.03713186685));
#3389 = CARTESIAN_POINT('',(7.370474501595,-93.76456326639,
    -24.04507120115));
#3390 = CARTESIAN_POINT('',(7.3720369569,-93.76456088787,-24.05300974726
    ));
#3391 = CARTESIAN_POINT('',(7.497546860248,-93.7643707478,
    -24.68910011142));
#3392 = CARTESIAN_POINT('',(7.645282466905,-93.76417648054,
    -25.31284988723));
#3393 = CARTESIAN_POINT('',(7.816953002274,-93.76384288908,
    -25.93267035077));
#3394 = CARTESIAN_POINT('',(8.01146615663,-93.76375497213,
    -26.54388744956));
#3395 = CARTESIAN_POINT('',(8.23042633211,-93.76311031442,
    -27.15361161648));
#3396 = CARTESIAN_POINT('',(8.470603999536,-93.76319416153,
    -27.74832192826));
#3397 = CARTESIAN_POINT('',(8.735324271948,-93.76241705595,
    -28.34287772332));
#3398 = CARTESIAN_POINT('',(9.020693143582,-93.76232585138,
    -28.92125247479));
#3399 = CARTESIAN_POINT('',(9.32899273771,-93.76175208634,
    -29.49415863718));
#3400 = CARTESIAN_POINT('',(9.658226083141,-93.76138301843,
    -30.05407663883));
#3401 = CARTESIAN_POINT('',(10.008612450169,-93.76091974795,
    -30.60319087601));
#3402 = CARTESIAN_POINT('',(10.379433688212,-93.76045914711,
    -31.13982133952));
#3403 = CARTESIAN_POINT('',(10.878172928553,-93.75985515698,
    -31.80810512046));
#3404 = CARTESIAN_POINT('',(10.987666768492,-93.75972357482,
    -31.95178485289));
#3405 = CARTESIAN_POINT('',(11.09867179989,-93.75959120186,
    -32.09445357138));
#3406 = CARTESIAN_POINT('',(11.211177003169,-93.75945822761,
    -32.23609688124));
#3407 = CARTESIAN_POINT('',(11.325171540955,-93.75932499691,
    -32.37670080308));
#3408 = CARTESIAN_POINT('',(11.44064475808,-93.7591920093,
    -32.51625177258));
#3409 = CARTESIAN_POINT('',(11.557586181723,-93.75905992055,
    -32.65473664115));
#3410 = CARTESIAN_POINT('',(11.675985521055,-93.75892954013,
    -32.79214267478));
#3411 = CARTESIAN_POINT('',(11.795832667788,-93.75880183433,
    -32.92845755554));
#3412 = CARTESIAN_POINT('',(11.91711769555,-93.75867792331,
    -33.06366938001));
#3413 = CARTESIAN_POINT('',(12.039830860437,-93.75855908326,
    -33.19776666064));
#3414 = CARTESIAN_POINT('',(12.163962600628,-93.75844674518,
    -33.33073832478));
#3415 = CARTESIAN_POINT('',(12.289503536599,-93.75834249539,
    -33.46257371522));
#3416 = ADVANCED_FACE('',(#3417),#3437,.F.);
#3417 = FACE_BOUND('',#3418,.F.);
#3418 = EDGE_LOOP('',(#3419,#3420,#3421,#3431));
#3419 = ORIENTED_EDGE('',*,*,#3279,.F.);
#3420 = ORIENTED_EDGE('',*,*,#452,.T.);
#3421 = ORIENTED_EDGE('',*,*,#3422,.T.);
#3422 = EDGE_CURVE('',#453,#3423,#3425,.T.);
#3423 = VERTEX_POINT('',#3424);
#3424 = CARTESIAN_POINT('',(7.391400721327,-93.7650768448,-16.9290336695
    ));
#3425 = B_SPLINE_CURVE_WITH_KNOTS('',4,(#3426,#3427,#3428,#3429,#3430),
  .UNSPECIFIED.,.F.,.F.,(5,5),(0.,1.),.PIECEWISE_BEZIER_KNOTS.);
#3426 = CARTESIAN_POINT('',(7.055895685502,-93.99999999999,
    -16.90407294968));
#3427 = CARTESIAN_POINT('',(7.139767313158,-93.94127245406,
    -16.90958398977));
#3428 = CARTESIAN_POINT('',(7.223641963261,-93.8825427918,
    -16.91509442609));
#3429 = CARTESIAN_POINT('',(7.307519729798,-93.82381094738,
    -16.92060403584));
#3430 = CARTESIAN_POINT('',(7.391400315586,-93.76480439045,
    -16.93001766833));
#3431 = ORIENTED_EDGE('',*,*,#3432,.F.);
#3432 = EDGE_CURVE('',#3280,#3423,#3433,.T.);
#3433 = LINE('',#3434,#3435);
#3434 = CARTESIAN_POINT('',(7.391400721327,-93.7650768448,
    -24.15096633049));
#3435 = VECTOR('',#3436,1.);
#3436 = DIRECTION('',(6.159597100087E-15,0.,1.));
#3437 = PLANE('',#3438);
#3438 = AXIS2_PLACEMENT_3D('',#3439,#3440,#3441);
#3439 = CARTESIAN_POINT('',(7.223648203411,-93.8825384224,
    -24.15096633049));
#3440 = DIRECTION('',(-0.573576436351,0.819152044289,3.495866526106E-15)
  );
#3441 = DIRECTION('',(6.138298355546E-15,3.041775956222E-17,1.));
#3442 = ADVANCED_FACE('',(#3443),#3464,.T.);
#3443 = FACE_BOUND('',#3444,.T.);
#3444 = EDGE_LOOP('',(#3445,#3446,#3447,#3458));
#3445 = ORIENTED_EDGE('',*,*,#3267,.F.);
#3446 = ORIENTED_EDGE('',*,*,#506,.T.);
#3447 = ORIENTED_EDGE('',*,*,#3448,.T.);
#3448 = EDGE_CURVE('',#461,#3449,#3451,.T.);
#3449 = VERTEX_POINT('',#3450);
#3450 = CARTESIAN_POINT('',(10.763610492672,-93.76507680868,
    -9.414016533684));
#3451 = B_SPLINE_CURVE_WITH_KNOTS('',5,(#3452,#3453,#3454,#3455,#3456,
    #3457),.UNSPECIFIED.,.F.,.F.,(6,6),(0.,1.),
  .PIECEWISE_BEZIER_KNOTS.);
#3452 = CARTESIAN_POINT('',(10.926937662443,-94.,-8.693507252135));
#3453 = CARTESIAN_POINT('',(10.894190169292,-93.95290743814,
    -8.833605877091));
#3454 = CARTESIAN_POINT('',(10.861481970761,-93.90586663205,
    -8.975588739812));
#3455 = CARTESIAN_POINT('',(10.828814864841,-93.8588798941,
    -9.119566158384));
#3456 = CARTESIAN_POINT('',(10.796190436599,-93.8119492049,
    -9.265660393511));
#3457 = CARTESIAN_POINT('',(10.763610492672,-93.76507680868,
    -9.414016533684));
#3458 = ORIENTED_EDGE('',*,*,#3459,.F.);
#3459 = EDGE_CURVE('',#3268,#3449,#3460,.T.);
#3460 = LINE('',#3461,#3462);
#3461 = CARTESIAN_POINT('',(10.799749691547,-93.76507680868,
    -31.70526707718));
#3462 = VECTOR('',#3463,1.);
#3463 = DIRECTION('',(-1.621225839736E-03,0.,0.999998685813));
#3464 = PLANE('',#3465);
#3465 = AXIS2_PLACEMENT_3D('',#3466,#3467,#3468);
#3466 = CARTESIAN_POINT('',(10.881997115155,-93.88253840434,
    -31.70513373536));
#3467 = DIRECTION('',(-0.819150846639,-0.573576609344,
    -1.328030264493E-03));
#3468 = DIRECTION('',(-1.621225839736E-03,1.279358563533E-17,
    0.999998685813));
#3469 = ADVANCED_FACE('',(#3470),#3529,.F.);
#3470 = FACE_BOUND('',#3471,.F.);
#3471 = EDGE_LOOP('',(#3472,#3473,#3483,#3527,#3528));
#3472 = ORIENTED_EDGE('',*,*,#3448,.T.);
#3473 = ORIENTED_EDGE('',*,*,#3474,.T.);
#3474 = EDGE_CURVE('',#3449,#3475,#3477,.T.);
#3475 = VERTEX_POINT('',#3476);
#3476 = CARTESIAN_POINT('',(10.765475730244,-93.75999151839,
    -9.422863700037));
#3477 = B_SPLINE_CURVE_WITH_KNOTS('',4,(#3478,#3479,#3480,#3481,#3482),
  .UNSPECIFIED.,.F.,.F.,(5,5),(0.,1.),.PIECEWISE_BEZIER_KNOTS.);
#3478 = CARTESIAN_POINT('',(10.763610492672,-93.76507680868,
    -9.414016533684));
#3479 = CARTESIAN_POINT('',(10.764076810232,-93.76380546136,
    -9.416227806335));
#3480 = CARTESIAN_POINT('',(10.764543122325,-93.76253413061,
    -9.418439427252));
#3481 = CARTESIAN_POINT('',(10.765009428947,-93.76126281644,
    -9.420651396855));
#3482 = CARTESIAN_POINT('',(10.765475730093,-93.75999151888,
    -9.422863715564));
#3483 = ORIENTED_EDGE('',*,*,#3484,.T.);
#3484 = EDGE_CURVE('',#3475,#3423,#3485,.T.);
#3485 = B_SPLINE_CURVE_WITH_KNOTS('',14,(#3486,#3487,#3488,#3489,#3490,
    #3491,#3492,#3493,#3494,#3495,#3496,#3497,#3498,#3499,#3500,#3501,
    #3502,#3503,#3504,#3505,#3506,#3507,#3508,#3509,#3510,#3511,#3512,
    #3513,#3514,#3515,#3516,#3517,#3518,#3519,#3520,#3521,#3522,#3523,
    #3524,#3525,#3526),.UNSPECIFIED.,.F.,.F.,(15,13,13,15),(
    -2.328561299124,0.,8.333862158757,8.439430707845),.UNSPECIFIED.);
#3486 = CARTESIAN_POINT('',(12.247044094684,-93.75838914016,
    -7.662104117206));
#3487 = CARTESIAN_POINT('',(12.130928454904,-93.75848577231,
    -7.784802147753));
#3488 = CARTESIAN_POINT('',(12.016022723351,-93.75858932772,
    -7.908469716706));
#3489 = CARTESIAN_POINT('',(11.902334236846,-93.75869856168,
    -8.033098436253));
#3490 = CARTESIAN_POINT('',(11.789870460476,-93.75881233863,
    -8.158679623543));
#3491 = CARTESIAN_POINT('',(11.678638986986,-93.7589296359,
    -8.285204300282));
#3492 = CARTESIAN_POINT('',(11.568647538011,-93.75904953688,
    -8.412663193547));
#3493 = CARTESIAN_POINT('',(11.459903962004,-93.75917124135,
    -8.541046734427));
#3494 = CARTESIAN_POINT('',(11.352416237176,-93.75929405241,
    -8.670345059943));
#3495 = CARTESIAN_POINT('',(11.246192467934,-93.75941739033,
    -8.800548010723));
#3496 = CARTESIAN_POINT('',(11.141240888585,-93.75954078028,
    -8.931645133431));
#3497 = CARTESIAN_POINT('',(11.037569860037,-93.75966386138,
    -9.063625678579));
#3498 = CARTESIAN_POINT('',(10.935187872294,-93.7597863812,
    -9.196478602212));
#3499 = CARTESIAN_POINT('',(10.83410354288,-93.75990819845,
    -9.330192564816));
#3500 = CARTESIAN_POINT('',(10.377222939822,-93.76046263688,
    -9.946354828743));
#3501 = CARTESIAN_POINT('',(10.036850234629,-93.7608873368,
    -10.43884715303));
#3502 = CARTESIAN_POINT('',(9.713654173314,-93.76129173729,
    -10.94148117471));
#3503 = CARTESIAN_POINT('',(9.407791909148,-93.76172439577,
    -11.45472202104));
#3504 = CARTESIAN_POINT('',(9.120387647608,-93.76201018641,
    -11.97444475061));
#3505 = CARTESIAN_POINT('',(8.849885689914,-93.76257414984,
    -12.50878934674));
#3506 = CARTESIAN_POINT('',(8.600127188498,-93.76261684367,
    -13.0408238992));
#3507 = CARTESIAN_POINT('',(8.366253798096,-93.76329768079,
    -13.59370540577));
#3508 = CARTESIAN_POINT('',(8.154445003618,-93.76327923409,
    -14.13943977868));
#3509 = CARTESIAN_POINT('',(7.95951706939,-93.76378175518,
    -14.70243817126));
#3510 = CARTESIAN_POINT('',(7.785610028181,-93.76391763455,
    -15.26387887064));
#3511 = CARTESIAN_POINT('',(7.630665338183,-93.76418926649,
    -15.83347201163));
#3512 = CARTESIAN_POINT('',(7.495818036674,-93.76437536055,
    -16.4060341445));
#3513 = CARTESIAN_POINT('',(7.379424698973,-93.76454983185,
    -16.98966816137));
#3514 = CARTESIAN_POINT('',(7.377972714694,-93.76455060129,
    -16.99696784743));
#3515 = CARTESIAN_POINT('',(7.376522353344,-93.7645540044,
    -17.00427166618));
#3516 = CARTESIAN_POINT('',(7.375074879504,-93.76455795718,
    -17.01157668768));
#3517 = CARTESIAN_POINT('',(7.373631504766,-93.76456027833,
    -17.01888046361));
#3518 = CARTESIAN_POINT('',(7.372192134593,-93.76456089846,
    -17.02618363173));
#3519 = CARTESIAN_POINT('',(7.370755471075,-93.76456154388,
    -17.03348986246));
#3520 = CARTESIAN_POINT('',(7.369319414667,-93.76456418094,
    -17.04080642348));
#3521 = CARTESIAN_POINT('',(7.367880700603,-93.76456951198,
    -17.04814860457));
#3522 = CARTESIAN_POINT('',(7.366432715604,-93.76457682474,
    -17.05555128876));
#3523 = CARTESIAN_POINT('',(7.364960429139,-93.76458646753,
    -17.06309090663));
#3524 = CARTESIAN_POINT('',(7.363431384605,-93.76460626553,
    -17.07092105837));
#3525 = CARTESIAN_POINT('',(7.361781686511,-93.7646631477,-17.0793250483
    ));
#3526 = CARTESIAN_POINT('',(7.359895926576,-93.76482129172,
    -17.08878860501));
#3527 = ORIENTED_EDGE('',*,*,#3422,.F.);
#3528 = ORIENTED_EDGE('',*,*,#460,.F.);
#3529 = B_SPLINE_SURFACE_WITH_KNOTS('',1,14,(
    (#3530,#3531,#3532,#3533,#3534,#3535,#3536,#3537,#3538,#3539,#3540
      ,#3541,#3542,#3543,#3544,#3545,#3546,#3547,#3548,#3549,#3550,#3551
      ,#3552,#3553,#3554,#3555,#3556,#3557,#3558,#3559,#3560,#3561,#3562
      ,#3563,#3564,#3565,#3566,#3567,#3568,#3569,#3570)
    ,(#3571,#3572,#3573,#3574,#3575,#3576,#3577,#3578,#3579,#3580,#3581
      ,#3582,#3583,#3584,#3585,#3586,#3587,#3588,#3589,#3590,#3591,#3592
      ,#3593,#3594,#3595,#3596,#3597,#3598,#3599,#3600,#3601,#3602,#3603
      ,#3604,#3605,#3606,#3607,#3608,#3609,#3610,#3611
  )),.UNSPECIFIED.,.F.,.F.,.F.,(2,2),(15,13,13,15),(0.,10.767992006969),
  (-2.328561299124,0.,8.333862158757,8.439430707845),.UNSPECIFIED.);
#3530 = CARTESIAN_POINT('',(12.019284991446,-94.,-7.445632592206));
#3531 = CARTESIAN_POINT('',(11.901095500106,-93.99999999999,
    -7.569984894913));
#3532 = CARTESIAN_POINT('',(11.784103524722,-94.00000000002,
    -7.695320032254));
#3533 = CARTESIAN_POINT('',(11.668320779976,-93.99999999991,
    -7.821632929534));
#3534 = CARTESIAN_POINT('',(11.55375878239,-94.00000000019,-7.9489178199
    ));
#3535 = CARTESIAN_POINT('',(11.440428850347,-93.99999999965,
    -8.077168244182));
#3536 = CARTESIAN_POINT('',(11.328342104297,-94.00000000051,
    -8.206377051382));
#3537 = CARTESIAN_POINT('',(11.217509466354,-93.99999999938,
    -8.336536397902));
#3538 = CARTESIAN_POINT('',(11.107941660936,-94.00000000062,
    -8.467637748567));
#3539 = CARTESIAN_POINT('',(10.999649213916,-93.99999999949,
    -8.599671875469));
#3540 = CARTESIAN_POINT('',(10.892642453579,-94.00000000033,
    -8.732628859097));
#3541 = CARTESIAN_POINT('',(10.786931509704,-93.99999999983,
    -8.866498087375));
#3542 = CARTESIAN_POINT('',(10.682526314306,-94.00000000006,
    -9.001268256375));
#3543 = CARTESIAN_POINT('',(10.579436601137,-93.99999999998,
    -9.13692736986));
#3544 = CARTESIAN_POINT('',(10.11345862863,-94.00000000004,
    -9.762119383909));
#3545 = CARTESIAN_POINT('',(9.766225636843,-93.99999999982,
    -10.26194531512));
#3546 = CARTESIAN_POINT('',(9.436311159836,-94.00000000046,
    -10.77296429563));
#3547 = CARTESIAN_POINT('',(9.124574266009,-93.99999999909,
    -11.29149098184));
#3548 = CARTESIAN_POINT('',(8.829825427201,-94.00000000136,
    -11.82756577691));
#3549 = CARTESIAN_POINT('',(8.55628396587,-93.99999999834,
    -12.35435318563));
#3550 = CARTESIAN_POINT('',(8.297052458453,-94.00000000163,
    -12.92024702976));
#3551 = CARTESIAN_POINT('',(8.062956931915,-93.99999999866,
    -13.45323663688));
#3552 = CARTESIAN_POINT('',(7.842155889837,-94.00000000091,
    -14.03484722361));
#3553 = CARTESIAN_POINT('',(7.645990455561,-93.99999999948,
    -14.58922897528));
#3554 = CARTESIAN_POINT('',(7.466629755521,-94.00000000024,
    -15.17030078252));
#3555 = CARTESIAN_POINT('',(7.308860531805,-93.9999999999,
    -15.74629548121));
#3556 = CARTESIAN_POINT('',(7.170839900977,-94.00000000002,
    -16.33014058056));
#3557 = CARTESIAN_POINT('',(7.051860101027,-93.99999999999,
    -16.92419947979));
#3558 = CARTESIAN_POINT('',(7.050365353633,-94.00000000006,
    -16.93162861644));
#3559 = CARTESIAN_POINT('',(7.048891776094,-93.99999999977,
    -16.93906031798));
#3560 = CARTESIAN_POINT('',(7.04742547995,-94.00000000051,
    -16.94649379744));
#3561 = CARTESIAN_POINT('',(7.045951291302,-93.99999999906,
    -16.95392541222));
#3562 = CARTESIAN_POINT('',(7.044468269239,-94.00000000134,
    -16.96135199559));
#3563 = CARTESIAN_POINT('',(7.042988714657,-93.99999999843,
    -16.9687704161));
#3564 = CARTESIAN_POINT('',(7.04152884876,-94.00000000147,
    -16.97616869584));
#3565 = CARTESIAN_POINT('',(7.040099338205,-93.99999999889,
    -16.9835039992));
#3566 = CARTESIAN_POINT('',(7.03870384733,-94.00000000066,
    -16.99066282889));
#3567 = CARTESIAN_POINT('',(7.0373537936,-93.99999999968,-16.99739873787
    ));
#3568 = CARTESIAN_POINT('',(7.03610748685,-94.00000000011,
    -17.00324289298));
#3569 = CARTESIAN_POINT('',(7.035141829054,-93.99999999997,
    -17.00738280353));
#3570 = CARTESIAN_POINT('',(7.034864749104,-94.,-17.00850454283));
#3571 = CARTESIAN_POINT('',(12.247044094684,-93.75838914016,
    -7.662104117206));
#3572 = CARTESIAN_POINT('',(12.130928454904,-93.75848577231,
    -7.784802147753));
#3573 = CARTESIAN_POINT('',(12.016022723351,-93.75858932772,
    -7.908469716706));
#3574 = CARTESIAN_POINT('',(11.902334236846,-93.75869856168,
    -8.033098436253));
#3575 = CARTESIAN_POINT('',(11.789870460476,-93.75881233863,
    -8.158679623543));
#3576 = CARTESIAN_POINT('',(11.678638986986,-93.7589296359,
    -8.285204300282));
#3577 = CARTESIAN_POINT('',(11.568647538011,-93.75904953688,
    -8.412663193547));
#3578 = CARTESIAN_POINT('',(11.459903962004,-93.75917124135,
    -8.541046734427));
#3579 = CARTESIAN_POINT('',(11.352416237176,-93.75929405241,
    -8.670345059943));
#3580 = CARTESIAN_POINT('',(11.246192467934,-93.75941739033,
    -8.800548010723));
#3581 = CARTESIAN_POINT('',(11.141240888585,-93.75954078028,
    -8.931645133431));
#3582 = CARTESIAN_POINT('',(11.037569860037,-93.75966386138,
    -9.063625678579));
#3583 = CARTESIAN_POINT('',(10.935187872294,-93.7597863812,
    -9.196478602212));
#3584 = CARTESIAN_POINT('',(10.83410354288,-93.75990819845,
    -9.330192564816));
#3585 = CARTESIAN_POINT('',(10.377222939822,-93.76046263688,
    -9.946354828743));
#3586 = CARTESIAN_POINT('',(10.036850234629,-93.7608873368,
    -10.43884715303));
#3587 = CARTESIAN_POINT('',(9.713654173314,-93.76129173729,
    -10.94148117471));
#3588 = CARTESIAN_POINT('',(9.407791909148,-93.76172439577,
    -11.45472202104));
#3589 = CARTESIAN_POINT('',(9.120387647608,-93.76201018641,
    -11.97444475061));
#3590 = CARTESIAN_POINT('',(8.849885689914,-93.76257414984,
    -12.50878934674));
#3591 = CARTESIAN_POINT('',(8.600127188498,-93.76261684367,
    -13.0408238992));
#3592 = CARTESIAN_POINT('',(8.366253798096,-93.76329768079,
    -13.59370540577));
#3593 = CARTESIAN_POINT('',(8.154445003618,-93.76327923409,
    -14.13943977868));
#3594 = CARTESIAN_POINT('',(7.95951706939,-93.76378175518,
    -14.70243817126));
#3595 = CARTESIAN_POINT('',(7.785610028181,-93.76391763455,
    -15.26387887064));
#3596 = CARTESIAN_POINT('',(7.630665338183,-93.76418926649,
    -15.83347201163));
#3597 = CARTESIAN_POINT('',(7.495818036674,-93.76437536055,
    -16.4060341445));
#3598 = CARTESIAN_POINT('',(7.379424698973,-93.76454983185,
    -16.98966816137));
#3599 = CARTESIAN_POINT('',(7.377972714694,-93.76455060129,
    -16.99696784743));
#3600 = CARTESIAN_POINT('',(7.376522353344,-93.7645540044,
    -17.00427166618));
#3601 = CARTESIAN_POINT('',(7.375074879504,-93.76455795718,
    -17.01157668768));
#3602 = CARTESIAN_POINT('',(7.373631504766,-93.76456027833,
    -17.01888046361));
#3603 = CARTESIAN_POINT('',(7.372192134593,-93.76456089846,
    -17.02618363173));
#3604 = CARTESIAN_POINT('',(7.370755471075,-93.76456154388,
    -17.03348986246));
#3605 = CARTESIAN_POINT('',(7.369319414667,-93.76456418094,
    -17.04080642348));
#3606 = CARTESIAN_POINT('',(7.367880700603,-93.76456951198,
    -17.04814860457));
#3607 = CARTESIAN_POINT('',(7.366432715604,-93.76457682474,
    -17.05555128876));
#3608 = CARTESIAN_POINT('',(7.364960429139,-93.76458646753,
    -17.06309090663));
#3609 = CARTESIAN_POINT('',(7.363431384605,-93.76460626553,
    -17.07092105837));
#3610 = CARTESIAN_POINT('',(7.361781686511,-93.7646631477,-17.0793250483
    ));
#3611 = CARTESIAN_POINT('',(7.359895926576,-93.76482129172,
    -17.08878860501));
#3612 = ADVANCED_FACE('',(#3613),#3642,.T.);
#3613 = FACE_BOUND('',#3614,.T.);
#3614 = EDGE_LOOP('',(#3615,#3625,#3626,#3636));
#3615 = ORIENTED_EDGE('',*,*,#3616,.F.);
#3616 = EDGE_CURVE('',#515,#3617,#3619,.T.);
#3617 = VERTEX_POINT('',#3618);
#3618 = CARTESIAN_POINT('',(14.192105358289,-93.7650768448,
    -5.851949026441));
#3619 = B_SPLINE_CURVE_WITH_KNOTS('',4,(#3620,#3621,#3622,#3623,#3624),
  .UNSPECIFIED.,.F.,.F.,(5,5),(0.,1.),.PIECEWISE_BEZIER_KNOTS.);
#3620 = CARTESIAN_POINT('',(13.856600322457,-94.,-5.744677529747));
#3621 = CARTESIAN_POINT('',(13.940430129251,-93.94130173735,
    -5.771437357833));
#3622 = CARTESIAN_POINT('',(14.024290758299,-93.88258189273,
    -5.798234451105));
#3623 = CARTESIAN_POINT('',(14.108182317191,-93.82384039081,
    -5.82507152973));
#3624 = CARTESIAN_POINT('',(14.192105358289,-93.7650768448,
    -5.851949026441));
#3625 = ORIENTED_EDGE('',*,*,#514,.T.);
#3626 = ORIENTED_EDGE('',*,*,#3627,.T.);
#3627 = EDGE_CURVE('',#517,#3628,#3630,.T.);
#3628 = VERTEX_POINT('',#3629);
#3629 = CARTESIAN_POINT('',(14.192105358288,-93.7650768448,
    -35.22804815449));
#3630 = B_SPLINE_CURVE_WITH_KNOTS('',4,(#3631,#3632,#3633,#3634,#3635),
  .UNSPECIFIED.,.F.,.F.,(5,5),(0.,1.),.PIECEWISE_BEZIER_KNOTS.);
#3631 = CARTESIAN_POINT('',(13.856600322456,-94.,-35.3352751047));
#3632 = CARTESIAN_POINT('',(13.940429510609,-93.94130217053,
    -35.30852675751));
#3633 = CARTESIAN_POINT('',(14.024289918264,-93.88258248093,
    -35.28174096762));
#3634 = CARTESIAN_POINT('',(14.108181662307,-93.82384084936,
    -35.25491484191));
#3635 = CARTESIAN_POINT('',(14.192105358288,-93.7650768448,
    -35.22804815449));
#3636 = ORIENTED_EDGE('',*,*,#3637,.F.);
#3637 = EDGE_CURVE('',#3617,#3628,#3638,.T.);
#3638 = LINE('',#3639,#3640);
#3639 = CARTESIAN_POINT('',(14.192105358289,-93.7650768448,
    -5.863556413498));
#3640 = VECTOR('',#3641,1.);
#3641 = DIRECTION('',(-3.182050191324E-14,0.,-1.));
#3642 = PLANE('',#3643);
#3643 = AXIS2_PLACEMENT_3D('',#3644,#3645,#3646);
#3644 = CARTESIAN_POINT('',(14.024352840373,-93.8825384224,
    -5.863556413498));
#3645 = DIRECTION('',(0.573576436351,-0.819152044289,-1.827074034817E-14
    ));
#3646 = DIRECTION('',(-3.183154340755E-14,1.576888809213E-17,-1.));
#3647 = ADVANCED_FACE('',(#3648),#3695,.F.);
#3648 = FACE_BOUND('',#3649,.F.);
#3649 = EDGE_LOOP('',(#3650,#3651,#3652,#3662,#3672,#3687));
#3650 = ORIENTED_EDGE('',*,*,#3616,.F.);
#3651 = ORIENTED_EDGE('',*,*,#524,.F.);
#3652 = ORIENTED_EDGE('',*,*,#3653,.T.);
#3653 = EDGE_CURVE('',#525,#3654,#3656,.T.);
#3654 = VERTEX_POINT('',#3655);
#3655 = CARTESIAN_POINT('',(17.565548898305,-93.7650768448,
    -3.630881915235));
#3656 = B_SPLINE_CURVE_WITH_KNOTS('',4,(#3657,#3658,#3659,#3660,#3661),
  .UNSPECIFIED.,.F.,.F.,(5,5),(0.,1.),.PIECEWISE_BEZIER_KNOTS.);
#3657 = CARTESIAN_POINT('',(17.730043900358,-94.,-3.234406355645));
#3658 = CARTESIAN_POINT('',(17.688880703312,-93.94121287557,
    -3.332539900738));
#3659 = CARTESIAN_POINT('',(17.647742878469,-93.8824619865,
    -3.431314744738));
#3660 = CARTESIAN_POINT('',(17.606631872516,-93.82374939887,
    -3.530754775897));
#3661 = CARTESIAN_POINT('',(17.565548898305,-93.7650768448,
    -3.630881915235));
#3662 = ORIENTED_EDGE('',*,*,#3663,.T.);
#3663 = EDGE_CURVE('',#3654,#3664,#3666,.T.);
#3664 = VERTEX_POINT('',#3665);
#3665 = CARTESIAN_POINT('',(17.569763983019,-93.75349599125,
    -3.644149737311));
#3666 = B_SPLINE_CURVE_WITH_KNOTS('',4,(#3667,#3668,#3669,#3670,#3671),
  .UNSPECIFIED.,.F.,.F.,(5,5),(0.,1.),.PIECEWISE_BEZIER_KNOTS.);
#3667 = CARTESIAN_POINT('',(17.565548898305,-93.7650768448,
    -3.630881915235));
#3668 = CARTESIAN_POINT('',(17.566602686496,-93.76218158467,
    -3.634198701024));
#3669 = CARTESIAN_POINT('',(17.567656470111,-93.75928633711,
    -3.637515593094));
#3670 = CARTESIAN_POINT('',(17.568710249146,-93.75639110214,
    -3.640832591573));
#3671 = CARTESIAN_POINT('',(17.569764023593,-93.75349587977,
    -3.64414969659));
#3672 = ORIENTED_EDGE('',*,*,#3673,.T.);
#3673 = EDGE_CURVE('',#3664,#3674,#3676,.T.);
#3674 = VERTEX_POINT('',#3675);
#3675 = CARTESIAN_POINT('',(14.195308107338,-93.75627736411,
    -5.863556413498));
#3676 = B_SPLINE_CURVE_WITH_KNOTS('',9,(#3677,#3678,#3679,#3680,#3681,
    #3682,#3683,#3684,#3685,#3686),.UNSPECIFIED.,.F.,.F.,(10,10),(
    -0.665890935907,4.272988677278),.PIECEWISE_BEZIER_KNOTS.);
#3677 = CARTESIAN_POINT('',(18.095102086252,-93.7531414493,
    -3.376816405931));
#3678 = CARTESIAN_POINT('',(17.599962275949,-93.75345703082,
    -3.6201476203));
#3679 = CARTESIAN_POINT('',(17.112804078975,-93.75382110703,
    -3.877583326702));
#3680 = CARTESIAN_POINT('',(16.634015817289,-93.75416221394,
    -4.148951507834));
#3681 = CARTESIAN_POINT('',(16.164383223882,-93.75451400409,
    -4.433770295212));
#3682 = CARTESIAN_POINT('',(15.703890746135,-93.75495171816,
    -4.732111140462));
#3683 = CARTESIAN_POINT('',(15.253762816065,-93.75525740319,
    -5.043114521278));
#3684 = CARTESIAN_POINT('',(14.813671240177,-93.75571954878,
    -5.367018463393));
#3685 = CARTESIAN_POINT('',(14.384700696392,-93.75608389013,
    -5.703013147494));
#3686 = CARTESIAN_POINT('',(13.966928189975,-93.75649691805,
    -6.050985153949));
#3687 = ORIENTED_EDGE('',*,*,#3688,.F.);
#3688 = EDGE_CURVE('',#3617,#3674,#3689,.T.);
#3689 = B_SPLINE_CURVE_WITH_KNOTS('',4,(#3690,#3691,#3692,#3693,#3694),
  .UNSPECIFIED.,.F.,.F.,(5,5),(0.,1.),.PIECEWISE_BEZIER_KNOTS.);
#3690 = CARTESIAN_POINT('',(14.192118592746,-93.76504048343,
    -5.851996980913));
#3691 = CARTESIAN_POINT('',(14.192916031841,-93.76284953752,
    -5.854886468073));
#3692 = CARTESIAN_POINT('',(14.193713462338,-93.76065861523,
    -5.857776196775));
#3693 = CARTESIAN_POINT('',(14.194510884227,-93.7584677166,
    -5.860666167318));
#3694 = CARTESIAN_POINT('',(14.195308297495,-93.75627684166,
    -5.863556380005));
#3695 = B_SPLINE_SURFACE_WITH_KNOTS('',1,9,(
    (#3696,#3697,#3698,#3699,#3700,#3701,#3702,#3703,#3704,#3705)
    ,(#3706,#3707,#3708,#3709,#3710,#3711,#3712,#3713,#3714,#3715
  )),.UNSPECIFIED.,.F.,.F.,.F.,(2,2),(10,10),(0.,4.938879613185),(
    -0.665890935907,4.272988677278),.PIECEWISE_BEZIER_KNOTS.);
#3696 = CARTESIAN_POINT('',(17.968342278336,-94.,-3.116534555271));
#3697 = CARTESIAN_POINT('',(17.465637749737,-93.99999999999,
    -3.361356579251));
#3698 = CARTESIAN_POINT('',(16.970554460592,-94.,-3.620495690714));
#3699 = CARTESIAN_POINT('',(16.484373954628,-93.99999999998,
    -3.893861499513));
#3700 = CARTESIAN_POINT('',(16.006500179929,-94.00000000001,
    -4.181441437487));
#3701 = CARTESIAN_POINT('',(15.539046667394,-93.99999999998,
    -4.481590170805));
#3702 = CARTESIAN_POINT('',(15.080507726458,-94.,-4.796611742989));
#3703 = CARTESIAN_POINT('',(14.633376295252,-93.99999999999,
    -5.122963553594));
#3704 = CARTESIAN_POINT('',(14.196584594204,-94.,-5.462993271342));
#3705 = CARTESIAN_POINT('',(13.771460324301,-94.,-5.814742825679));
#3706 = CARTESIAN_POINT('',(18.095102086252,-93.7531414493,
    -3.376816405931));
#3707 = CARTESIAN_POINT('',(17.599962275949,-93.75345703082,
    -3.6201476203));
#3708 = CARTESIAN_POINT('',(17.112804078975,-93.75382110703,
    -3.877583326702));
#3709 = CARTESIAN_POINT('',(16.634015817289,-93.75416221394,
    -4.148951507834));
#3710 = CARTESIAN_POINT('',(16.164383223882,-93.75451400409,
    -4.433770295212));
#3711 = CARTESIAN_POINT('',(15.703890746135,-93.75495171816,
    -4.732111140462));
#3712 = CARTESIAN_POINT('',(15.253762816065,-93.75525740319,
    -5.043114521278));
#3713 = CARTESIAN_POINT('',(14.813671240177,-93.75571954878,
    -5.367018463393));
#3714 = CARTESIAN_POINT('',(14.384700696392,-93.75608389013,
    -5.703013147494));
#3715 = CARTESIAN_POINT('',(13.966928189975,-93.75649691805,
    -6.050985153949));
#3716 = ADVANCED_FACE('',(#3717),#3765,.F.);
#3717 = FACE_BOUND('',#3718,.F.);
#3718 = EDGE_LOOP('',(#3719,#3720,#3730,#3746,#3756,#3764));
#3719 = ORIENTED_EDGE('',*,*,#3627,.T.);
#3720 = ORIENTED_EDGE('',*,*,#3721,.T.);
#3721 = EDGE_CURVE('',#3628,#3722,#3724,.T.);
#3722 = VERTEX_POINT('',#3723);
#3723 = CARTESIAN_POINT('',(14.195306506087,-93.7562817635,
    -35.2164435865));
#3724 = B_SPLINE_CURVE_WITH_KNOTS('',4,(#3725,#3726,#3727,#3728,#3729),
  .UNSPECIFIED.,.F.,.F.,(5,5),(0.,1.),.PIECEWISE_BEZIER_KNOTS.);
#3725 = CARTESIAN_POINT('',(14.192105358288,-93.7650768448,
    -35.22804815449));
#3726 = CARTESIAN_POINT('',(14.192905700679,-93.76287792215,
    -35.2251473936));
#3727 = CARTESIAN_POINT('',(14.193706034545,-93.76067902293,
    -35.22224638759));
#3728 = CARTESIAN_POINT('',(14.194506359875,-93.75848014715,
    -35.21934513615));
#3729 = CARTESIAN_POINT('',(14.195306676656,-93.75628129487,
    -35.21644363899));
#3730 = ORIENTED_EDGE('',*,*,#3731,.T.);
#3731 = EDGE_CURVE('',#3722,#3732,#3734,.T.);
#3732 = VERTEX_POINT('',#3733);
#3733 = CARTESIAN_POINT('',(17.569762191595,-93.75349204191,
    -37.43584856255));
#3734 = B_SPLINE_CURVE_WITH_KNOTS('',10,(#3735,#3736,#3737,#3738,#3739,
    #3740,#3741,#3742,#3743,#3744,#3745),.UNSPECIFIED.,.F.,.F.,(11,11),(
    -0.234602779666,5.332661455186),.PIECEWISE_BEZIER_KNOTS.);
#3735 = CARTESIAN_POINT('',(13.962368216913,-93.75650664005,
    -35.02509025939));
#3736 = CARTESIAN_POINT('',(14.385958894864,-93.75608530649,
    -35.37836893133));
#3737 = CARTESIAN_POINT('',(14.820942498163,-93.75572137277,
    -35.71941815859));
#3738 = CARTESIAN_POINT('',(15.267407850029,-93.75521944199,
    -36.04824368096));
#3739 = CARTESIAN_POINT('',(15.723812528155,-93.75498262272,
    -36.36371323893));
#3740 = CARTESIAN_POINT('',(16.19131871177,-93.75442984842,
    -36.66663100416));
#3741 = CARTESIAN_POINT('',(16.667585258023,-93.75417219643,
    -36.95539161705));
#3742 = CARTESIAN_POINT('',(17.153723219467,-93.75375996804,
    -37.23077619229));
#3743 = CARTESIAN_POINT('',(17.648164028363,-93.75342435714,
    -37.491795618));
#3744 = CARTESIAN_POINT('',(18.150859535935,-93.75307893656,
    -37.73849522247));
#3745 = CARTESIAN_POINT('',(18.661208546012,-93.75277862474,
    -37.97056734073));
#3746 = ORIENTED_EDGE('',*,*,#3747,.F.);
#3747 = EDGE_CURVE('',#3748,#3732,#3750,.T.);
#3748 = VERTEX_POINT('',#3749);
#3749 = CARTESIAN_POINT('',(17.565545666905,-93.7650768448,
    -37.4491185389));
#3750 = B_SPLINE_CURVE_WITH_KNOTS('',4,(#3751,#3752,#3753,#3754,#3755),
  .UNSPECIFIED.,.F.,.F.,(5,5),(0.,1.),.PIECEWISE_BEZIER_KNOTS.);
#3751 = CARTESIAN_POINT('',(17.565545666905,-93.7650768448,
    -37.4491185389));
#3752 = CARTESIAN_POINT('',(17.566599808737,-93.76218061479,
    -37.44580121141));
#3753 = CARTESIAN_POINT('',(17.567653946047,-93.7592843972,
    -37.44248377743));
#3754 = CARTESIAN_POINT('',(17.568708078828,-93.75638819206,
    -37.43916623683));
#3755 = CARTESIAN_POINT('',(17.569762207074,-93.75349199938,
    -37.43584858949));
#3756 = ORIENTED_EDGE('',*,*,#3757,.F.);
#3757 = EDGE_CURVE('',#540,#3748,#3758,.T.);
#3758 = B_SPLINE_CURVE_WITH_KNOTS('',4,(#3759,#3760,#3761,#3762,#3763),
  .UNSPECIFIED.,.F.,.F.,(5,5),(0.,1.),.PIECEWISE_BEZIER_KNOTS.);
#3759 = CARTESIAN_POINT('',(17.730040593204,-94.,-37.84544226427));
#3760 = CARTESIAN_POINT('',(17.68887857749,-93.94121453591,
    -37.74735424979));
#3761 = CARTESIAN_POINT('',(17.647741295586,-93.88246439529,
    -37.64861844264));
#3762 = CARTESIAN_POINT('',(17.606629924298,-93.82375125876,
    -37.5492139226));
#3763 = CARTESIAN_POINT('',(17.565545666905,-93.7650768448,
    -37.4491185389));
#3764 = ORIENTED_EDGE('',*,*,#547,.F.);
#3765 = B_SPLINE_SURFACE_WITH_KNOTS('',1,10,(
    (#3766,#3767,#3768,#3769,#3770,#3771,#3772,#3773,#3774,#3775,#3776)
    ,(#3777,#3778,#3779,#3780,#3781,#3782,#3783,#3784,#3785,#3786,#3787
    )),.UNSPECIFIED.,.F.,.F.,.F.,(2,2),(11,11),(0.,5.567264234852),(
    -0.234602779666,5.332661455186),.PIECEWISE_BEZIER_KNOTS.);
#3766 = CARTESIAN_POINT('',(13.766725838036,-94.,-35.26124235934));
#3767 = CARTESIAN_POINT('',(14.197776916547,-94.,-35.61835058931));
#3768 = CARTESIAN_POINT('',(14.640839406624,-93.99999999998,
    -35.96364991134));
#3769 = CARTESIAN_POINT('',(15.094087876162,-94.00000000002,
    -36.29447927986));
#3770 = CARTESIAN_POINT('',(15.559798269772,-93.99999999996,
    -36.61506881079));
#3771 = CARTESIAN_POINT('',(16.033393798224,-94.00000000003,
    -36.9184144444));
#3772 = CARTESIAN_POINT('',(16.518975091487,-93.99999999997,
    -37.21129507201));
#3773 = CARTESIAN_POINT('',(17.012062174242,-94.00000000001,
    -37.48786792753));
#3774 = CARTESIAN_POINT('',(17.514746267874,-93.99999999999,
    -37.75100071864));
#3775 = CARTESIAN_POINT('',(18.025233097383,-94.,-37.99905685786));
#3776 = CARTESIAN_POINT('',(18.543268489571,-94.,-38.23240055126));
#3777 = CARTESIAN_POINT('',(13.962368216913,-93.75650664005,
    -35.02509025939));
#3778 = CARTESIAN_POINT('',(14.385958894864,-93.75608530649,
    -35.37836893133));
#3779 = CARTESIAN_POINT('',(14.820942498163,-93.75572137277,
    -35.71941815859));
#3780 = CARTESIAN_POINT('',(15.267407850029,-93.75521944199,
    -36.04824368096));
#3781 = CARTESIAN_POINT('',(15.723812528155,-93.75498262272,
    -36.36371323893));
#3782 = CARTESIAN_POINT('',(16.19131871177,-93.75442984842,
    -36.66663100416));
#3783 = CARTESIAN_POINT('',(16.667585258023,-93.75417219643,
    -36.95539161705));
#3784 = CARTESIAN_POINT('',(17.153723219467,-93.75375996804,
    -37.23077619229));
#3785 = CARTESIAN_POINT('',(17.648164028363,-93.75342435714,
    -37.491795618));
#3786 = CARTESIAN_POINT('',(18.150859535935,-93.75307893656,
    -37.73849522247));
#3787 = CARTESIAN_POINT('',(18.661208546012,-93.75277862474,
    -37.97056734073));
#3788 = ADVANCED_FACE('',(#3789),#3800,.T.);
#3789 = FACE_BOUND('',#3790,.T.);
#3790 = EDGE_LOOP('',(#3791,#3792,#3793,#3794));
#3791 = ORIENTED_EDGE('',*,*,#3757,.F.);
#3792 = ORIENTED_EDGE('',*,*,#539,.T.);
#3793 = ORIENTED_EDGE('',*,*,#3653,.T.);
#3794 = ORIENTED_EDGE('',*,*,#3795,.F.);
#3795 = EDGE_CURVE('',#3748,#3654,#3796,.T.);
#3796 = LINE('',#3797,#3798);
#3797 = CARTESIAN_POINT('',(17.565545668173,-93.7650768448,
    -37.43584857072));
#3798 = VECTOR('',#3799,1.);
#3799 = DIRECTION('',(9.555200887371E-08,0.,1.));
#3800 = PLANE('',#3801);
#3801 = AXIS2_PLACEMENT_3D('',#3802,#3803,#3804);
#3802 = CARTESIAN_POINT('',(17.647793150257,-93.8825384224,
    -37.43584857858));
#3803 = DIRECTION('',(-0.819152044289,-0.573576436351,7.827162338663E-08
    ));
#3804 = DIRECTION('',(9.555200885881E-08,-1.043173352358E-17,1.));
#3805 = ADVANCED_FACE('',(#3806),#3853,.F.);
#3806 = FACE_BOUND('',#3807,.F.);
#3807 = EDGE_LOOP('',(#3808,#3818,#3819,#3829,#3845));
#3808 = ORIENTED_EDGE('',*,*,#3809,.F.);
#3809 = EDGE_CURVE('',#566,#3810,#3812,.T.);
#3810 = VERTEX_POINT('',#3811);
#3811 = CARTESIAN_POINT('',(20.938992435783,-93.7650768448,
    -2.210564734236));
#3812 = B_SPLINE_CURVE_WITH_KNOTS('',4,(#3813,#3814,#3815,#3816,#3817),
  .UNSPECIFIED.,.F.,.F.,(5,5),(0.,1.),.PIECEWISE_BEZIER_KNOTS.);
#3813 = CARTESIAN_POINT('',(20.603487399952,-94.,-2.043709651403));
#3814 = CARTESIAN_POINT('',(20.687330638481,-93.94129233235,
    -2.085269280465));
#3815 = CARTESIAN_POINT('',(20.771196118144,-93.88256909129,
    -2.126930453256));
#3816 = CARTESIAN_POINT('',(20.855083484032,-93.82383052534,
    -2.168695176842));
#3817 = CARTESIAN_POINT('',(20.938992435783,-93.7650768448,
    -2.210564734236));
#3818 = ORIENTED_EDGE('',*,*,#563,.F.);
#3819 = ORIENTED_EDGE('',*,*,#3820,.T.);
#3820 = EDGE_CURVE('',#564,#3821,#3823,.T.);
#3821 = VERTEX_POINT('',#3822);
#3822 = CARTESIAN_POINT('',(23.803065206502,-93.75049775602,-1.5121));
#3823 = B_SPLINE_CURVE_WITH_KNOTS('',4,(#3824,#3825,#3826,#3827,#3828),
  .UNSPECIFIED.,.F.,.F.,(5,5),(0.,1.),.PIECEWISE_BEZIER_KNOTS.);
#3824 = CARTESIAN_POINT('',(23.690195936558,-94.,-1.2621));
#3825 = CARTESIAN_POINT('',(23.719382318975,-93.93762996128,
    -1.32447003872));
#3826 = CARTESIAN_POINT('',(23.74838738636,-93.87525607249,
    -1.386843927509));
#3827 = CARTESIAN_POINT('',(23.777210426983,-93.81287839912,
    -1.449221600874));
#3828 = CARTESIAN_POINT('',(23.803069262819,-93.75024887575,
    -1.51209963821));
#3829 = ORIENTED_EDGE('',*,*,#3830,.T.);
#3830 = EDGE_CURVE('',#3821,#3831,#3833,.T.);
#3831 = VERTEX_POINT('',#3832);
#3832 = CARTESIAN_POINT('',(20.94392275006,-93.75153091765,
    -2.224877400065));
#3833 = B_SPLINE_CURVE_WITH_KNOTS('',10,(#3834,#3835,#3836,#3837,#3838,
    #3839,#3840,#3841,#3842,#3843,#3844),.UNSPECIFIED.,.F.,.F.,(11,11),(
    -0.10187557822,3.531586889979),.PIECEWISE_BEZIER_KNOTS.);
#3834 = CARTESIAN_POINT('',(23.81547308832,-93.75049454308,
    -1.509890120948));
#3835 = CARTESIAN_POINT('',(23.457262648352,-93.75058695369,
    -1.573581773784));
#3836 = CARTESIAN_POINT('',(23.100448255658,-93.75069497096,
    -1.643866308399));
#3837 = CARTESIAN_POINT('',(22.745025509362,-93.75079527367,
    -1.720744572828));
#3838 = CARTESIAN_POINT('',(22.391488465578,-93.75093634989,
    -1.804118137815));
#3839 = CARTESIAN_POINT('',(22.039467220618,-93.75104532166,
    -1.894053337841));
#3840 = CARTESIAN_POINT('',(21.689712058472,-93.75120160227,
    -1.990388890098));
#3841 = CARTESIAN_POINT('',(21.341861758252,-93.75133819976,
    -2.093188116724));
#3842 = CARTESIAN_POINT('',(20.996382557498,-93.75150383712,
    -2.202335492723));
#3843 = CARTESIAN_POINT('',(20.65330295409,-93.75166036784,
    -2.317805556777));
#3844 = CARTESIAN_POINT('',(20.312769377912,-93.75183825367,
    -2.439546714013));
#3845 = ORIENTED_EDGE('',*,*,#3846,.F.);
#3846 = EDGE_CURVE('',#3810,#3831,#3847,.T.);
#3847 = B_SPLINE_CURVE_WITH_KNOTS('',4,(#3848,#3849,#3850,#3851,#3852),
  .UNSPECIFIED.,.F.,.F.,(5,5),(0.,1.),.PIECEWISE_BEZIER_KNOTS.);
#3848 = CARTESIAN_POINT('',(20.939014972254,-93.76501492636,
    -2.21063015773));
#3849 = CARTESIAN_POINT('',(20.940241916927,-93.76164392357,
    -2.214191984635));
#3850 = CARTESIAN_POINT('',(20.941468862152,-93.75827291927,
    -2.217753798664));
#3851 = CARTESIAN_POINT('',(20.94269580793,-93.75490191345,
    -2.221315599801));
#3852 = CARTESIAN_POINT('',(20.943922754262,-93.75153090611,
    -2.224877388031));
#3853 = B_SPLINE_SURFACE_WITH_KNOTS('',1,10,(
    (#3854,#3855,#3856,#3857,#3858,#3859,#3860,#3861,#3862,#3863,#3864)
    ,(#3865,#3866,#3867,#3868,#3869,#3870,#3871,#3872,#3873,#3874,#3875
    )),.UNSPECIFIED.,.F.,.F.,.F.,(2,2),(11,11),(0.,3.633462468199),(
    -0.10187557822,3.531586889979),.PIECEWISE_BEZIER_KNOTS.);
#3854 = CARTESIAN_POINT('',(23.770012038746,-94.,-1.248090835759));
#3855 = CARTESIAN_POINT('',(23.407325548458,-94.,-1.311070795784));
#3856 = CARTESIAN_POINT('',(23.045249697751,-93.99999999997,
    -1.380768803431));
#3857 = CARTESIAN_POINT('',(22.686591444877,-94.00000000004,
    -1.457080229041));
#3858 = CARTESIAN_POINT('',(22.3259147261,-93.99999999993,
    -1.540145206589));
#3859 = CARTESIAN_POINT('',(21.97184747872,-94.00000000007,
    -1.629642540471));
#3860 = CARTESIAN_POINT('',(21.615082173374,-93.99999999994,
    -1.725906892734));
#3861 = CARTESIAN_POINT('',(21.263614317258,-94.00000000003,
    -1.828537531442));
#3862 = CARTESIAN_POINT('',(20.912828441825,-93.99999999998,
    -1.937689036099));
#3863 = CARTESIAN_POINT('',(20.564897601177,-94.,-2.053349463947));
#3864 = CARTESIAN_POINT('',(20.219488726737,-94.,-2.175264423294));
#3865 = CARTESIAN_POINT('',(23.81547308832,-93.75049454308,
    -1.509890120948));
#3866 = CARTESIAN_POINT('',(23.457262648352,-93.75058695369,
    -1.573581773784));
#3867 = CARTESIAN_POINT('',(23.100448255658,-93.75069497096,
    -1.643866308399));
#3868 = CARTESIAN_POINT('',(22.745025509362,-93.75079527367,
    -1.720744572828));
#3869 = CARTESIAN_POINT('',(22.391488465578,-93.75093634989,
    -1.804118137815));
#3870 = CARTESIAN_POINT('',(22.039467220618,-93.75104532166,
    -1.894053337841));
#3871 = CARTESIAN_POINT('',(21.689712058472,-93.75120160227,
    -1.990388890098));
#3872 = CARTESIAN_POINT('',(21.341861758252,-93.75133819976,
    -2.093188116724));
#3873 = CARTESIAN_POINT('',(20.996382557498,-93.75150383712,
    -2.202335492723));
#3874 = CARTESIAN_POINT('',(20.65330295409,-93.75166036784,
    -2.317805556777));
#3875 = CARTESIAN_POINT('',(20.312769377912,-93.75183825367,
    -2.439546714013));
#3876 = ADVANCED_FACE('',(#3877),#3903,.T.);
#3877 = FACE_BOUND('',#3878,.T.);
#3878 = EDGE_LOOP('',(#3879,#3887,#3888,#3889,#3897));
#3879 = ORIENTED_EDGE('',*,*,#3880,.F.);
#3880 = EDGE_CURVE('',#582,#3881,#3883,.T.);
#3881 = VERTEX_POINT('',#3882);
#3882 = CARTESIAN_POINT('',(24.312435974532,-93.7650768448,
    -1.497023155196));
#3883 = LINE('',#3884,#3885);
#3884 = CARTESIAN_POINT('',(19.007246569825,-86.18848117108,
    -9.073618828919));
#3885 = VECTOR('',#3886,1.);
#3886 = DIRECTION('',(-0.44371260628,0.633687274225,-0.633687274225));
#3887 = ORIENTED_EDGE('',*,*,#581,.T.);
#3888 = ORIENTED_EDGE('',*,*,#3820,.T.);
#3889 = ORIENTED_EDGE('',*,*,#3890,.F.);
#3890 = EDGE_CURVE('',#3891,#3821,#3893,.T.);
#3891 = VERTEX_POINT('',#3892);
#3892 = CARTESIAN_POINT('',(24.317923497267,-93.75,-1.5121));
#3893 = LINE('',#3894,#3895);
#3894 = CARTESIAN_POINT('',(24.226930938701,-93.75,-1.5121));
#3895 = VECTOR('',#3896,1.);
#3896 = DIRECTION('',(-1.,0.,6.780336171853E-15));
#3897 = ORIENTED_EDGE('',*,*,#3898,.F.);
#3898 = EDGE_CURVE('',#3881,#3891,#3899,.T.);
#3899 = LINE('',#3900,#3901);
#3900 = CARTESIAN_POINT('',(29.377442966895,-79.8490845039,
    -15.41301549609));
#3901 = VECTOR('',#3902,1.);
#3902 = DIRECTION('',(0.249243569364,0.684791078772,-0.684791078772));
#3903 = PLANE('',#3904);
#3904 = AXIS2_PLACEMENT_3D('',#3905,#3906,#3907);
#3905 = CARTESIAN_POINT('',(24.226930938701,-93.875,-1.3871));
#3906 = DIRECTION('',(-4.797966247864E-15,-0.707106781187,
    -0.707106781187));
#3907 = DIRECTION('',(-1.,2.506383841877E-18,6.782842555695E-15));
#3908 = ADVANCED_FACE('',(#3909),#3929,.T.);
#3909 = FACE_BOUND('',#3910,.T.);
#3910 = EDGE_LOOP('',(#3911,#3912,#3913,#3923));
#3911 = ORIENTED_EDGE('',*,*,#3809,.F.);
#3912 = ORIENTED_EDGE('',*,*,#622,.T.);
#3913 = ORIENTED_EDGE('',*,*,#3914,.T.);
#3914 = EDGE_CURVE('',#606,#3915,#3917,.T.);
#3915 = VERTEX_POINT('',#3916);
#3916 = CARTESIAN_POINT('',(20.938992435784,-93.7650768448,
    -38.86943443373));
#3917 = B_SPLINE_CURVE_WITH_KNOTS('',4,(#3918,#3919,#3920,#3921,#3922),
  .UNSPECIFIED.,.F.,.F.,(5,5),(0.,1.),.PIECEWISE_BEZIER_KNOTS.);
#3918 = CARTESIAN_POINT('',(20.603487399951,-94.,-39.03625534028));
#3919 = CARTESIAN_POINT('',(20.687331679948,-93.94129160311,
    -38.99470342475));
#3920 = CARTESIAN_POINT('',(20.771197599849,-93.88256805379,
    -38.95305141599));
#3921 = CARTESIAN_POINT('',(20.855084594089,-93.82382974807,
    -38.91129518338));
#3922 = CARTESIAN_POINT('',(20.938992435784,-93.7650768448,
    -38.86943443373));
#3923 = ORIENTED_EDGE('',*,*,#3924,.F.);
#3924 = EDGE_CURVE('',#3810,#3915,#3925,.T.);
#3925 = LINE('',#3926,#3927);
#3926 = CARTESIAN_POINT('',(20.938992435783,-93.7650768448,
    -2.224877400065));
#3927 = VECTOR('',#3928,1.);
#3928 = DIRECTION('',(1.312730760271E-14,0.,-1.));
#3929 = PLANE('',#3930);
#3930 = AXIS2_PLACEMENT_3D('',#3931,#3932,#3933);
#3931 = CARTESIAN_POINT('',(20.771239917868,-93.8825384224,
    -2.224877400065));
#3932 = DIRECTION('',(0.573576436351,-0.819152044289,7.400385895432E-15)
  );
#3933 = DIRECTION('',(1.305324258476E-14,1.057758077562E-16,-1.));
#3934 = ADVANCED_FACE('',(#3935),#3953,.T.);
#3935 = FACE_BOUND('',#3936,.T.);
#3936 = EDGE_LOOP('',(#3937,#3945,#3946,#3947));
#3937 = ORIENTED_EDGE('',*,*,#3938,.F.);
#3938 = EDGE_CURVE('',#590,#3939,#3941,.T.);
#3939 = VERTEX_POINT('',#3940);
#3940 = CARTESIAN_POINT('',(24.312435974532,-93.7650768448,
    -39.5829768448));
#3941 = LINE('',#3942,#3943);
#3942 = CARTESIAN_POINT('',(24.357416961455,-93.82931635161,
    -39.64721635161));
#3943 = VECTOR('',#3944,1.);
#3944 = DIRECTION('',(-0.44371260628,0.633687274225,0.633687274225));
#3945 = ORIENTED_EDGE('',*,*,#589,.T.);
#3946 = ORIENTED_EDGE('',*,*,#3880,.T.);
#3947 = ORIENTED_EDGE('',*,*,#3948,.F.);
#3948 = EDGE_CURVE('',#3939,#3881,#3949,.T.);
#3949 = LINE('',#3950,#3951);
#3950 = CARTESIAN_POINT('',(24.312435974532,-93.7650768448,-39.5679));
#3951 = VECTOR('',#3952,1.);
#3952 = DIRECTION('',(-1.224646799147E-16,0.,1.));
#3953 = PLANE('',#3954);
#3954 = AXIS2_PLACEMENT_3D('',#3955,#3956,#3957);
#3955 = CARTESIAN_POINT('',(24.394683456616,-93.8825384224,-39.5679));
#3956 = DIRECTION('',(-0.819152044289,-0.573576436351,
    -9.858175619281E-17));
#3957 = DIRECTION('',(-1.210430933839E-16,9.954056050927E-19,1.));
#3958 = ADVANCED_FACE('',(#3959),#3998,.F.);
#3959 = FACE_BOUND('',#3960,.F.);
#3960 = EDGE_LOOP('',(#3961,#3962,#3972,#3989,#3997));
#3961 = ORIENTED_EDGE('',*,*,#3914,.T.);
#3962 = ORIENTED_EDGE('',*,*,#3963,.T.);
#3963 = EDGE_CURVE('',#3915,#3964,#3966,.T.);
#3964 = VERTEX_POINT('',#3965);
#3965 = CARTESIAN_POINT('',(20.943922160358,-93.75153253785,
    -38.85512259993));
#3966 = B_SPLINE_CURVE_WITH_KNOTS('',4,(#3967,#3968,#3969,#3970,#3971),
  .UNSPECIFIED.,.F.,.F.,(5,5),(0.,1.),.PIECEWISE_BEZIER_KNOTS.);
#3967 = CARTESIAN_POINT('',(20.938992435784,-93.7650768448,
    -38.86943443373));
#3968 = CARTESIAN_POINT('',(20.940224865394,-93.76169077227,
    -38.8658564565));
#3969 = CARTESIAN_POINT('',(20.941457295565,-93.75830469821,
    -38.86227849217));
#3970 = CARTESIAN_POINT('',(20.942689726297,-93.7549186226,
    -38.85870054076));
#3971 = CARTESIAN_POINT('',(20.943922157591,-93.75153254545,
    -38.85512260228));
#3972 = ORIENTED_EDGE('',*,*,#3973,.T.);
#3973 = EDGE_CURVE('',#3964,#3974,#3976,.T.);
#3974 = VERTEX_POINT('',#3975);
#3975 = CARTESIAN_POINT('',(23.803065574953,-93.75049674371,-39.5679));
#3976 = B_SPLINE_CURVE_WITH_KNOTS('',11,(#3977,#3978,#3979,#3980,#3981,
    #3982,#3983,#3984,#3985,#3986,#3987,#3988),.UNSPECIFIED.,.F.,.F.,(12
    ,12),(-0.306473033816,3.047634390802),.PIECEWISE_BEZIER_KNOTS.);
#3977 = CARTESIAN_POINT('',(20.572654439258,-93.75170986828,
    -38.73140757867));
#3978 = CARTESIAN_POINT('',(20.859849698732,-93.75156664201,
    -38.83002318728));
#3979 = CARTESIAN_POINT('',(21.148754634241,-93.75143867024,
    -38.92423051673));
#3980 = CARTESIAN_POINT('',(21.439326582901,-93.75129750849,
    -39.01401329452));
#3981 = CARTESIAN_POINT('',(21.731468088828,-93.75118902923,
    -39.09933374656));
#3982 = CARTESIAN_POINT('',(22.025005092991,-93.75106082284,
    -39.18015474618));
#3983 = CARTESIAN_POINT('',(22.320090705,-93.75095157547,-39.25649122154
    ));
#3984 = CARTESIAN_POINT('',(22.616272459568,-93.75085331869,
    -39.32825481892));
#3985 = CARTESIAN_POINT('',(22.91384644549,-93.7507460841,
    -39.39549217246));
#3986 = CARTESIAN_POINT('',(23.212433047552,-93.75066051228,
    -39.45813136715));
#3987 = CARTESIAN_POINT('',(23.512101107721,-93.75057220574,
    -39.51618137099));
#3988 = CARTESIAN_POINT('',(23.812705628921,-93.75049423906,
    -39.56961581916));
#3989 = ORIENTED_EDGE('',*,*,#3990,.F.);
#3990 = EDGE_CURVE('',#598,#3974,#3991,.T.);
#3991 = B_SPLINE_CURVE_WITH_KNOTS('',4,(#3992,#3993,#3994,#3995,#3996),
  .UNSPECIFIED.,.F.,.F.,(5,5),(0.,1.),.PIECEWISE_BEZIER_KNOTS.);
#3992 = CARTESIAN_POINT('',(23.690214306023,-93.99999999999,
    -39.81789999999));
#3993 = CARTESIAN_POINT('',(23.71939702015,-93.93762992984,
    -39.75552992984));
#3994 = CARTESIAN_POINT('',(23.748397585261,-93.87525586307,
    -39.69315586307));
#3995 = CARTESIAN_POINT('',(23.777215014071,-93.81287786336,
    -39.63077786336));
#3996 = CARTESIAN_POINT('',(23.803069647043,-93.7502483716,
    -39.56790036286));
#3997 = ORIENTED_EDGE('',*,*,#605,.F.);
#3998 = B_SPLINE_SURFACE_WITH_KNOTS('',1,11,(
    (#3999,#4000,#4001,#4002,#4003,#4004,#4005,#4006,#4007,#4008,#4009
      ,#4010)
    ,(#4011,#4012,#4013,#4014,#4015,#4016,#4017,#4018,#4019,#4020,#4021
      ,#4022
    )),.UNSPECIFIED.,.F.,.F.,.F.,(2,2),(12,12),(0.,3.354107424618),(
    -0.306473033816,3.047634390802),.PIECEWISE_BEZIER_KNOTS.);
#3999 = CARTESIAN_POINT('',(20.483044454954,-94.,-38.99582518507));
#4000 = CARTESIAN_POINT('',(20.774313791972,-94.,-39.09453510486));
#4001 = CARTESIAN_POINT('',(21.067384900736,-93.99999999996,
    -39.18888479866));
#4002 = CARTESIAN_POINT('',(21.362147226486,-94.00000000007,
    -39.27856007163));
#4003 = CARTESIAN_POINT('',(21.657815599662,-93.99999999987,
    -39.36378170918));
#4004 = CARTESIAN_POINT('',(21.956615706781,-94.00000000016,
    -39.44465134888));
#4005 = CARTESIAN_POINT('',(22.253989337128,-93.99999999984,
    -39.5203027578));
#4006 = CARTESIAN_POINT('',(22.555896228529,-94.00000000011,
    -39.59226985922));
#4007 = CARTESIAN_POINT('',(22.856239625002,-93.99999999993,
    -39.65871291648));
#4008 = CARTESIAN_POINT('',(23.159333822372,-94.00000000002,
    -39.72111374989));
#4009 = CARTESIAN_POINT('',(23.462774234072,-93.99999999999,
    -39.77856134061));
#4010 = CARTESIAN_POINT('',(23.767263725798,-94.,-39.83141352933));
#4011 = CARTESIAN_POINT('',(20.572654439258,-93.75170986828,
    -38.73140757867));
#4012 = CARTESIAN_POINT('',(20.859849698732,-93.75156664201,
    -38.83002318728));
#4013 = CARTESIAN_POINT('',(21.148754634241,-93.75143867024,
    -38.92423051673));
#4014 = CARTESIAN_POINT('',(21.439326582901,-93.75129750849,
    -39.01401329452));
#4015 = CARTESIAN_POINT('',(21.731468088828,-93.75118902923,
    -39.09933374656));
#4016 = CARTESIAN_POINT('',(22.025005092991,-93.75106082284,
    -39.18015474618));
#4017 = CARTESIAN_POINT('',(22.320090705,-93.75095157547,-39.25649122154
    ));
#4018 = CARTESIAN_POINT('',(22.616272459568,-93.75085331869,
    -39.32825481892));
#4019 = CARTESIAN_POINT('',(22.91384644549,-93.7507460841,
    -39.39549217246));
#4020 = CARTESIAN_POINT('',(23.212433047552,-93.75066051228,
    -39.45813136715));
#4021 = CARTESIAN_POINT('',(23.512101107721,-93.75057220574,
    -39.51618137099));
#4022 = CARTESIAN_POINT('',(23.812705628921,-93.75049423906,
    -39.56961581916));
#4023 = ADVANCED_FACE('',(#4024),#4043,.F.);
#4024 = FACE_BOUND('',#4025,.F.);
#4025 = EDGE_LOOP('',(#4026,#4027,#4028,#4029,#4037));
#4026 = ORIENTED_EDGE('',*,*,#3938,.F.);
#4027 = ORIENTED_EDGE('',*,*,#597,.T.);
#4028 = ORIENTED_EDGE('',*,*,#3990,.T.);
#4029 = ORIENTED_EDGE('',*,*,#4030,.F.);
#4030 = EDGE_CURVE('',#4031,#3974,#4033,.T.);
#4031 = VERTEX_POINT('',#4032);
#4032 = CARTESIAN_POINT('',(24.317923497267,-93.75,-39.5679));
#4033 = LINE('',#4034,#4035);
#4034 = CARTESIAN_POINT('',(24.226930938701,-93.75,-39.5679));
#4035 = VECTOR('',#4036,1.);
#4036 = DIRECTION('',(-1.,0.,4.129434043069E-14));
#4037 = ORIENTED_EDGE('',*,*,#4038,.F.);
#4038 = EDGE_CURVE('',#3939,#4031,#4039,.T.);
#4039 = LINE('',#4040,#4041);
#4040 = CARTESIAN_POINT('',(26.129765319144,-88.77200550676,
    -34.58990550676));
#4041 = VECTOR('',#4042,1.);
#4042 = DIRECTION('',(0.249243569364,0.684791078772,0.684791078772));
#4043 = PLANE('',#4044);
#4044 = AXIS2_PLACEMENT_3D('',#4045,#4046,#4047);
#4045 = CARTESIAN_POINT('',(24.226930938701,-93.875,-39.6929));
#4046 = DIRECTION('',(-2.90541380107E-14,0.707106781187,-0.707106781187)
  );
#4047 = DIRECTION('',(-1.,1.027922064456E-16,4.119154822424E-14));
#4048 = ADVANCED_FACE('',(#4049),#4107,.F.);
#4049 = FACE_BOUND('',#4050,.F.);
#4050 = EDGE_LOOP('',(#4051,#4061,#4071,#4098,#4106));
#4051 = ORIENTED_EDGE('',*,*,#4052,.T.);
#4052 = EDGE_CURVE('',#631,#4053,#4055,.T.);
#4053 = VERTEX_POINT('',#4054);
#4054 = CARTESIAN_POINT('',(34.432766592747,-93.7650768448,
    -2.240188175133));
#4055 = B_SPLINE_CURVE_WITH_KNOTS('',4,(#4056,#4057,#4058,#4059,#4060),
  .UNSPECIFIED.,.F.,.F.,(5,5),(0.,1.),.PIECEWISE_BEZIER_KNOTS.);
#4056 = CARTESIAN_POINT('',(34.597261589274,-94.,-2.07412358193));
#4057 = CARTESIAN_POINT('',(34.556144834665,-93.94127920037,
    -2.115477862059));
#4058 = CARTESIAN_POINT('',(34.515023429402,-93.88255175894,
    -2.156939087092));
#4059 = CARTESIAN_POINT('',(34.473897352973,-93.82381764643,
    -2.198508715053));
#4060 = CARTESIAN_POINT('',(34.432766592747,-93.7650768448,
    -2.240188175133));
#4061 = ORIENTED_EDGE('',*,*,#4062,.T.);
#4062 = EDGE_CURVE('',#4053,#4063,#4065,.T.);
#4063 = VERTEX_POINT('',#4064);
#4064 = CARTESIAN_POINT('',(34.437667577949,-93.75161149099,
    -2.254444091972));
#4065 = B_SPLINE_CURVE_WITH_KNOTS('',4,(#4066,#4067,#4068,#4069,#4070),
  .UNSPECIFIED.,.F.,.F.,(5,5),(0.,1.),.PIECEWISE_BEZIER_KNOTS.);
#4066 = CARTESIAN_POINT('',(34.432766592747,-93.7650768448,
    -2.240188175133));
#4067 = CARTESIAN_POINT('',(34.4339917936,-93.76171063121,-2.24375217662
    ));
#4068 = CARTESIAN_POINT('',(34.435216980003,-93.75834445733,
    -2.247316166175));
#4069 = CARTESIAN_POINT('',(34.436442151936,-93.7549783232,
    -2.250880143888));
#4070 = CARTESIAN_POINT('',(34.437667309379,-93.75161222888,
    -2.254444109854));
#4071 = ORIENTED_EDGE('',*,*,#4072,.T.);
#4072 = EDGE_CURVE('',#4063,#4073,#4075,.T.);
#4073 = VERTEX_POINT('',#4074);
#4074 = CARTESIAN_POINT('',(31.488476948601,-93.75052102716,
    -1.512100000004));
#4075 = B_SPLINE_CURVE_WITH_KNOTS('',11,(#4076,#4077,#4078,#4079,#4080,
    #4081,#4082,#4083,#4084,#4085,#4086,#4087,#4088,#4089,#4090,#4091,
    #4092,#4093,#4094,#4095,#4096,#4097),.UNSPECIFIED.,.F.,.F.,(12,10,12
    ),(-0.581472653597,1.282696700203,3.146866054003),.UNSPECIFIED.);
#4076 = CARTESIAN_POINT('',(34.90589316789,-93.75183796891,
    -2.413987740927));
#4077 = CARTESIAN_POINT('',(34.746444244997,-93.75176014011,
    -2.357601344474));
#4078 = CARTESIAN_POINT('',(34.586454914663,-93.75168227022,
    -2.302577654693));
#4079 = CARTESIAN_POINT('',(34.425939976901,-93.75160506414,
    -2.248921820398));
#4080 = CARTESIAN_POINT('',(34.264914266711,-93.75152909299,
    -2.196638806025));
#4081 = CARTESIAN_POINT('',(34.103392653925,-93.75145479406,
    -2.145733391647));
#4082 = CARTESIAN_POINT('',(33.941390043449,-93.75138247069,
    -2.096210172942));
#4083 = CARTESIAN_POINT('',(33.778921374943,-93.75131229258,
    -2.048073561244));
#4084 = CARTESIAN_POINT('',(33.616001623189,-93.75124429541,
    -2.001327783482));
#4085 = CARTESIAN_POINT('',(33.452645797727,-93.75117838115,
    -1.955976882236));
#4086 = CARTESIAN_POINT('',(33.288868943154,-93.75111431786,
    -1.912024715695));
#4087 = CARTESIAN_POINT('',(32.960503334705,-93.75098916177,
    -1.826925199675));
#4088 = CARTESIAN_POINT('',(32.795916903617,-93.75092851375,
    -1.785778301576));
#4089 = CARTESIAN_POINT('',(32.630921006419,-93.75086942919,
    -1.746034408633));
#4090 = CARTESIAN_POINT('',(32.465619285823,-93.75081370533,
    -1.707712268516));
#4091 = CARTESIAN_POINT('',(32.299790018167,-93.75075644368,
    -1.670774660781));
#4092 = CARTESIAN_POINT('',(32.133891486149,-93.75070736981,
    -1.635300865203));
#4093 = CARTESIAN_POINT('',(31.967332190261,-93.7506522746,
    -1.601189787505));
#4094 = CARTESIAN_POINT('',(31.800747390581,-93.7506070749,
    -1.568550896513));
#4095 = CARTESIAN_POINT('',(31.633679852095,-93.75055812035,
    -1.537305631108));
#4096 = CARTESIAN_POINT('',(31.466407957951,-93.75051447417,
    -1.507501952101));
#4097 = CARTESIAN_POINT('',(31.298846423879,-93.75047142857,
    -1.47912484088));
#4098 = ORIENTED_EDGE('',*,*,#4099,.F.);
#4099 = EDGE_CURVE('',#633,#4073,#4100,.T.);
#4100 = B_SPLINE_CURVE_WITH_KNOTS('',4,(#4101,#4102,#4103,#4104,#4105),
  .UNSPECIFIED.,.F.,.F.,(5,5),(0.,1.),.PIECEWISE_BEZIER_KNOTS.);
#4101 = CARTESIAN_POINT('',(31.419738279185,-94.,-1.262100000004));
#4102 = CARTESIAN_POINT('',(31.435985548797,-93.93762174532,
    -1.324478254681));
#4103 = CARTESIAN_POINT('',(31.452372392034,-93.87524888154,
    -1.386851118459));
#4104 = CARTESIAN_POINT('',(31.468897193421,-93.81288162656,
    -1.449218373439));
#4105 = CARTESIAN_POINT('',(31.488472563709,-93.75026051256,
    -1.512099609405));
#4106 = ORIENTED_EDGE('',*,*,#630,.F.);
#4107 = B_SPLINE_SURFACE_WITH_KNOTS('',1,11,(
    (#4108,#4109,#4110,#4111,#4112,#4113,#4114,#4115,#4116,#4117,#4118
      ,#4119,#4120,#4121,#4122,#4123,#4124,#4125,#4126,#4127,#4128,#4129
      )
    ,(#4130,#4131,#4132,#4133,#4134,#4135,#4136,#4137,#4138,#4139,#4140
      ,#4141,#4142,#4143,#4144,#4145,#4146,#4147,#4148,#4149,#4150,#4151
      )),.UNSPECIFIED.,.F.,.F.,.F.,(2,2),(12,10,12),(0.,3.7283387076),(
    -0.581472653597,1.282696700203,3.146866054003),.UNSPECIFIED.);
#4108 = CARTESIAN_POINT('',(34.979936178575,-94.,-2.207097081015));
#4109 = CARTESIAN_POINT('',(34.819098633357,-94.,-2.149535777556));
#4110 = CARTESIAN_POINT('',(34.657698084305,-93.99999999998,
    -2.093327703886));
#4111 = CARTESIAN_POINT('',(34.495752455247,-94.00000000004,
    -2.038485187328));
#4112 = CARTESIAN_POINT('',(34.333279133663,-93.99999999991,
    -1.985019012406));
#4113 = CARTESIAN_POINT('',(34.170294970894,-94.00000000011,
    -1.932938420946));
#4114 = CARTESIAN_POINT('',(34.006816281683,-93.99999999989,
    -1.882251112053));
#4115 = CARTESIAN_POINT('',(33.842858844845,-94.00000000007,
    -1.832963242146));
#4116 = CARTESIAN_POINT('',(33.6784379025,-93.99999999995,-1.78507942492
    ));
#4117 = CARTESIAN_POINT('',(33.513568160769,-94.00000000001,
    -1.738602731377));
#4118 = CARTESIAN_POINT('',(33.348263789272,-93.99999999999,
    -1.693534689805));
#4119 = CARTESIAN_POINT('',(33.016813053557,-94.,-1.606215881778));
#4120 = CARTESIAN_POINT('',(32.850706108751,-93.99999999999,
    -1.563976511965));
#4121 = CARTESIAN_POINT('',(32.683893902531,-94.,-1.5230953116));
#4122 = CARTESIAN_POINT('',(32.517826843323,-93.99999999999,
    -1.48385662643));
#4123 = CARTESIAN_POINT('',(32.34868076205,-94.,-1.445510643599));
#4124 = CARTESIAN_POINT('',(32.18365157752,-94.00000000001,
    -1.409478583339));
#4125 = CARTESIAN_POINT('',(32.012922128173,-93.99999999998,
    -1.373806783423));
#4126 = CARTESIAN_POINT('',(31.846552089107,-94.00000000001,
    -1.340520452165));
#4127 = CARTESIAN_POINT('',(31.676903389385,-93.99999999999,
    -1.308055918725));
#4128 = CARTESIAN_POINT('',(31.508250484605,-94.,-1.277312324185));
#4129 = CARTESIAN_POINT('',(31.338980549384,-94.,-1.24792823675));
#4130 = CARTESIAN_POINT('',(34.90589316789,-93.75183796891,
    -2.413987740927));
#4131 = CARTESIAN_POINT('',(34.746444244997,-93.75176014011,
    -2.357601344474));
#4132 = CARTESIAN_POINT('',(34.586454914663,-93.75168227022,
    -2.302577654693));
#4133 = CARTESIAN_POINT('',(34.425939976901,-93.75160506414,
    -2.248921820398));
#4134 = CARTESIAN_POINT('',(34.264914266711,-93.75152909299,
    -2.196638806025));
#4135 = CARTESIAN_POINT('',(34.103392653925,-93.75145479406,
    -2.145733391647));
#4136 = CARTESIAN_POINT('',(33.941390043449,-93.75138247069,
    -2.096210172942));
#4137 = CARTESIAN_POINT('',(33.778921374943,-93.75131229258,
    -2.048073561244));
#4138 = CARTESIAN_POINT('',(33.616001623189,-93.75124429541,
    -2.001327783482));
#4139 = CARTESIAN_POINT('',(33.452645797727,-93.75117838115,
    -1.955976882236));
#4140 = CARTESIAN_POINT('',(33.288868943154,-93.75111431786,
    -1.912024715695));
#4141 = CARTESIAN_POINT('',(32.960503334705,-93.75098916177,
    -1.826925199675));
#4142 = CARTESIAN_POINT('',(32.795916903617,-93.75092851375,
    -1.785778301576));
#4143 = CARTESIAN_POINT('',(32.630921006419,-93.75086942919,
    -1.746034408633));
#4144 = CARTESIAN_POINT('',(32.465619285823,-93.75081370533,
    -1.707712268516));
#4145 = CARTESIAN_POINT('',(32.299790018167,-93.75075644368,
    -1.670774660781));
#4146 = CARTESIAN_POINT('',(32.133891486149,-93.75070736981,
    -1.635300865203));
#4147 = CARTESIAN_POINT('',(31.967332190261,-93.7506522746,
    -1.601189787505));
#4148 = CARTESIAN_POINT('',(31.800747390581,-93.7506070749,
    -1.568550896513));
#4149 = CARTESIAN_POINT('',(31.633679852095,-93.75055812035,
    -1.537305631108));
#4150 = CARTESIAN_POINT('',(31.466407957951,-93.75051447417,
    -1.507501952101));
#4151 = CARTESIAN_POINT('',(31.298846423879,-93.75047142857,
    -1.47912484088));
#4152 = ADVANCED_FACE('',(#4153),#4173,.T.);
#4153 = FACE_BOUND('',#4154,.T.);
#4154 = EDGE_LOOP('',(#4155,#4165,#4166,#4167));
#4155 = ORIENTED_EDGE('',*,*,#4156,.F.);
#4156 = EDGE_CURVE('',#660,#4157,#4159,.T.);
#4157 = VERTEX_POINT('',#4158);
#4158 = CARTESIAN_POINT('',(34.432759461132,-93.7650768448,
    -38.83981479385));
#4159 = B_SPLINE_CURVE_WITH_KNOTS('',4,(#4160,#4161,#4162,#4163,#4164),
  .UNSPECIFIED.,.F.,.F.,(5,5),(0.,1.),.PIECEWISE_BEZIER_KNOTS.);
#4160 = CARTESIAN_POINT('',(34.597254392944,-94.,-39.00586765304));
#4161 = CARTESIAN_POINT('',(34.556137546443,-93.94127904611,
    -38.96451626548));
#4162 = CARTESIAN_POINT('',(34.515016121802,-93.88255155394,
    -38.92305802274));
#4163 = CARTESIAN_POINT('',(34.473890094377,-93.82381748828,
    -38.88149130823));
#4164 = CARTESIAN_POINT('',(34.432759461132,-93.7650768448,
    -38.83981479385));
#4165 = ORIENTED_EDGE('',*,*,#659,.T.);
#4166 = ORIENTED_EDGE('',*,*,#4052,.T.);
#4167 = ORIENTED_EDGE('',*,*,#4168,.F.);
#4168 = EDGE_CURVE('',#4157,#4053,#4169,.T.);
#4169 = LINE('',#4170,#4171);
#4170 = CARTESIAN_POINT('',(34.43275946391,-93.7650768448,
    -38.82555826208));
#4171 = VECTOR('',#4172,1.);
#4172 = DIRECTION('',(1.94854850677E-07,0.,1.));
#4173 = PLANE('',#4174);
#4174 = AXIS2_PLACEMENT_3D('',#4175,#4176,#4177);
#4175 = CARTESIAN_POINT('',(34.515006945994,-93.8825384224,
    -38.8255582781));
#4176 = DIRECTION('',(-0.819152044289,-0.573576436351,1.596157492967E-07
    ));
#4177 = DIRECTION('',(1.948548506975E-07,1.430703498873E-17,1.));
#4178 = ADVANCED_FACE('',(#4179),#4205,.T.);
#4179 = FACE_BOUND('',#4180,.T.);
#4180 = EDGE_LOOP('',(#4181,#4189,#4197,#4203,#4204));
#4181 = ORIENTED_EDGE('',*,*,#4182,.T.);
#4182 = EDGE_CURVE('',#692,#4183,#4185,.T.);
#4183 = VERTEX_POINT('',#4184);
#4184 = CARTESIAN_POINT('',(31.059323054433,-93.7650768448,
    -1.497023155196));
#4185 = LINE('',#4186,#4187);
#4186 = CARTESIAN_POINT('',(37.772484299271,-89.06447021132,
    -6.197629788717));
#4187 = VECTOR('',#4188,1.);
#4188 = DIRECTION('',(0.710564736196,0.4975428402,-0.497542840205));
#4189 = ORIENTED_EDGE('',*,*,#4190,.T.);
#4190 = EDGE_CURVE('',#4183,#4191,#4193,.T.);
#4191 = VERTEX_POINT('',#4192);
#4192 = CARTESIAN_POINT('',(31.064810574765,-93.75,-1.5121));
#4193 = LINE('',#4194,#4195);
#4194 = CARTESIAN_POINT('',(35.927927295289,-80.3886907709,
    -14.8734092291));
#4195 = VECTOR('',#4196,1.);
#4196 = DIRECTION('',(0.249243466994,0.684791097402,-0.684791097402));
#4197 = ORIENTED_EDGE('',*,*,#4198,.F.);
#4198 = EDGE_CURVE('',#4073,#4191,#4199,.T.);
#4199 = LINE('',#4200,#4201);
#4200 = CARTESIAN_POINT('',(31.397674028415,-93.75,-1.512100000003));
#4201 = VECTOR('',#4202,1.);
#4202 = DIRECTION('',(-1.,0.,8.557785318879E-12));
#4203 = ORIENTED_EDGE('',*,*,#4099,.F.);
#4204 = ORIENTED_EDGE('',*,*,#699,.T.);
#4205 = PLANE('',#4206);
#4206 = AXIS2_PLACEMENT_3D('',#4207,#4208,#4209);
#4207 = CARTESIAN_POINT('',(31.397674028416,-93.875,-1.387100000003));
#4208 = DIRECTION('',(-6.051264121838E-12,-0.707106781185,
    -0.707106781188));
#4209 = DIRECTION('',(-1.,-2.764144126864E-18,8.557782554735E-12));
#4210 = ADVANCED_FACE('',(#4211),#4249,.F.);
#4211 = FACE_BOUND('',#4212,.F.);
#4212 = EDGE_LOOP('',(#4213,#4214,#4215,#4225,#4241));
#4213 = ORIENTED_EDGE('',*,*,#4156,.F.);
#4214 = ORIENTED_EDGE('',*,*,#667,.F.);
#4215 = ORIENTED_EDGE('',*,*,#4216,.T.);
#4216 = EDGE_CURVE('',#668,#4217,#4219,.T.);
#4217 = VERTEX_POINT('',#4218);
#4218 = CARTESIAN_POINT('',(31.488477128606,-93.75052053274,-39.5679));
#4219 = B_SPLINE_CURVE_WITH_KNOTS('',4,(#4220,#4221,#4222,#4223,#4224),
  .UNSPECIFIED.,.F.,.F.,(5,5),(0.,1.),.PIECEWISE_BEZIER_KNOTS.);
#4220 = CARTESIAN_POINT('',(31.419721934029,-94.,-39.8179));
#4221 = CARTESIAN_POINT('',(31.435972190146,-93.93762140721,
    -39.75552140721));
#4222 = CARTESIAN_POINT('',(31.452363724786,-93.87524835868,
    -39.69314835868));
#4223 = CARTESIAN_POINT('',(31.468893553749,-93.81288106524,
    -39.63078106524));
#4224 = CARTESIAN_POINT('',(31.48847272609,-93.75026028425,
    -39.56790039041));
#4225 = ORIENTED_EDGE('',*,*,#4226,.T.);
#4226 = EDGE_CURVE('',#4217,#4227,#4229,.T.);
#4227 = VERTEX_POINT('',#4228);
#4228 = CARTESIAN_POINT('',(34.437660127743,-93.75161238158,
    -38.82555824542));
#4229 = B_SPLINE_CURVE_WITH_KNOTS('',10,(#4230,#4231,#4232,#4233,#4234,
    #4235,#4236,#4237,#4238,#4239,#4240),.UNSPECIFIED.,.F.,.F.,(11,11),(
    -0.100041920599,3.350256431889),.PIECEWISE_BEZIER_KNOTS.);
#4230 = CARTESIAN_POINT('',(31.301570651842,-93.75047158556,
    -39.60039525892));
#4231 = CARTESIAN_POINT('',(31.642702379913,-93.75055958585,
    -39.54261448391));
#4232 = CARTESIAN_POINT('',(31.98274495603,-93.75065037637,
    -39.47883192538));
#4233 = CARTESIAN_POINT('',(32.321420995516,-93.7507684267,
    -39.40909069663));
#4234 = CARTESIAN_POINT('',(32.658892599412,-93.75085395193,
    -39.33337158564));
#4235 = CARTESIAN_POINT('',(32.994591152073,-93.75101279435,
    -39.25176191721));
#4236 = CARTESIAN_POINT('',(33.328847986015,-93.75110181969,
    -39.16423511436));
#4237 = CARTESIAN_POINT('',(33.661179608557,-93.75126971707,
    -39.07085741211));
#4238 = CARTESIAN_POINT('',(33.991631149531,-93.75139514318,
    -38.97166116844));
#4239 = CARTESIAN_POINT('',(34.320032297081,-93.75155603624,
    -38.86667243192));
#4240 = CARTESIAN_POINT('',(34.646238045614,-93.75171183886,
    -38.75594860114));
#4241 = ORIENTED_EDGE('',*,*,#4242,.F.);
#4242 = EDGE_CURVE('',#4157,#4227,#4243,.T.);
#4243 = B_SPLINE_CURVE_WITH_KNOTS('',4,(#4244,#4245,#4246,#4247,#4248),
  .UNSPECIFIED.,.F.,.F.,(5,5),(0.,1.),.PIECEWISE_BEZIER_KNOTS.);
#4244 = CARTESIAN_POINT('',(34.432777004087,-93.76502864595,
    -38.8397637602));
#4245 = CARTESIAN_POINT('',(34.433997804937,-93.76167452509,
    -38.83621236719));
#4246 = CARTESIAN_POINT('',(34.435218591301,-93.75832044402,
    -38.83266098591));
#4247 = CARTESIAN_POINT('',(34.436439363159,-93.7549664028,
    -38.82910961632));
#4248 = CARTESIAN_POINT('',(34.437660120492,-93.7516124015,
    -38.82555825834));
#4249 = B_SPLINE_SURFACE_WITH_KNOTS('',1,10,(
    (#4250,#4251,#4252,#4253,#4254,#4255,#4256,#4257,#4258,#4259,#4260)
    ,(#4261,#4262,#4263,#4264,#4265,#4266,#4267,#4268,#4269,#4270,#4271
    )),.UNSPECIFIED.,.F.,.F.,.F.,(2,2),(11,11),(0.,3.450298352488),(
    -0.100041920599,3.350256431889),.PIECEWISE_BEZIER_KNOTS.);
#4250 = CARTESIAN_POINT('',(31.341714055251,-94.,-39.83158766028));
#4251 = CARTESIAN_POINT('',(31.686152943358,-94.,-39.77178055065));
#4252 = CARTESIAN_POINT('',(32.030042282912,-93.99999999998,
    -39.70591139512));
#4253 = CARTESIAN_POINT('',(32.370873140884,-94.00000000003,
    -39.63402745518));
#4254 = CARTESIAN_POINT('',(32.713443050084,-93.99999999995,
    -39.55619601297));
#4255 = CARTESIAN_POINT('',(33.050304942604,-94.00000000004,
    -39.47220247511));
#4256 = CARTESIAN_POINT('',(33.389229852553,-93.99999999996,
    -39.38264034213));
#4257 = CARTESIAN_POINT('',(33.72390124287,-94.00000000002,
    -39.28671145198));
#4258 = CARTESIAN_POINT('',(34.057544456937,-93.99999999999,
    -39.18534411492));
#4259 = CARTESIAN_POINT('',(34.388945373388,-94.,-39.07785890183));
#4260 = CARTESIAN_POINT('',(34.718008669972,-94.,-38.96475228525));
#4261 = CARTESIAN_POINT('',(31.301570651842,-93.75047158556,
    -39.60039525892));
#4262 = CARTESIAN_POINT('',(31.642702379913,-93.75055958585,
    -39.54261448391));
#4263 = CARTESIAN_POINT('',(31.98274495603,-93.75065037637,
    -39.47883192538));
#4264 = CARTESIAN_POINT('',(32.321420995516,-93.7507684267,
    -39.40909069663));
#4265 = CARTESIAN_POINT('',(32.658892599412,-93.75085395193,
    -39.33337158564));
#4266 = CARTESIAN_POINT('',(32.994591152073,-93.75101279435,
    -39.25176191721));
#4267 = CARTESIAN_POINT('',(33.328847986015,-93.75110181969,
    -39.16423511436));
#4268 = CARTESIAN_POINT('',(33.661179608557,-93.75126971707,
    -39.07085741211));
#4269 = CARTESIAN_POINT('',(33.991631149531,-93.75139514318,
    -38.97166116844));
#4270 = CARTESIAN_POINT('',(34.320032297081,-93.75155603624,
    -38.86667243192));
#4271 = CARTESIAN_POINT('',(34.646238045614,-93.75171183886,
    -38.75594860114));
#4272 = ADVANCED_FACE('',(#4273),#4291,.F.);
#4273 = FACE_BOUND('',#4274,.F.);
#4274 = EDGE_LOOP('',(#4275,#4283,#4284,#4285));
#4275 = ORIENTED_EDGE('',*,*,#4276,.F.);
#4276 = EDGE_CURVE('',#684,#4277,#4279,.T.);
#4277 = VERTEX_POINT('',#4278);
#4278 = CARTESIAN_POINT('',(31.059316983813,-93.7650768448,
    -39.5829768448));
#4279 = LINE('',#4280,#4281);
#4280 = CARTESIAN_POINT('',(31.045426099598,-93.77480334555,
    -39.59270334555));
#4281 = VECTOR('',#4282,1.);
#4282 = DIRECTION('',(0.710564814725,0.497542784127,0.497542784127));
#4283 = ORIENTED_EDGE('',*,*,#691,.T.);
#4284 = ORIENTED_EDGE('',*,*,#4182,.T.);
#4285 = ORIENTED_EDGE('',*,*,#4286,.F.);
#4286 = EDGE_CURVE('',#4277,#4183,#4287,.T.);
#4287 = LINE('',#4288,#4289);
#4288 = CARTESIAN_POINT('',(31.059316986216,-93.7650768448,
    -39.56790001362));
#4289 = VECTOR('',#4290,1.);
#4290 = DIRECTION('',(1.593926101599E-07,0.,1.));
#4291 = PLANE('',#4292);
#4292 = AXIS2_PLACEMENT_3D('',#4293,#4294,#4295);
#4293 = CARTESIAN_POINT('',(30.8915644683,-93.8825384224,-39.56789998689
    ));
#4294 = DIRECTION('',(-0.573576436351,0.819152044289,9.142384538012E-08)
  );
#4295 = DIRECTION('',(1.593926101966E-07,-5.234954781607E-17,1.));
#4296 = ADVANCED_FACE('',(#4297),#4316,.F.);
#4297 = FACE_BOUND('',#4298,.F.);
#4298 = EDGE_LOOP('',(#4299,#4300,#4308,#4314,#4315));
#4299 = ORIENTED_EDGE('',*,*,#4276,.T.);
#4300 = ORIENTED_EDGE('',*,*,#4301,.T.);
#4301 = EDGE_CURVE('',#4277,#4302,#4304,.T.);
#4302 = VERTEX_POINT('',#4303);
#4303 = CARTESIAN_POINT('',(31.064804508951,-93.75,-39.5679));
#4304 = LINE('',#4305,#4306);
#4305 = CARTESIAN_POINT('',(32.680246618883,-89.31161122422,
    -35.12951122422));
#4306 = VECTOR('',#4307,1.);
#4307 = DIRECTION('',(0.249243671734,0.684791060142,0.684791060142));
#4308 = ORIENTED_EDGE('',*,*,#4309,.F.);
#4309 = EDGE_CURVE('',#4217,#4302,#4310,.T.);
#4310 = LINE('',#4311,#4312);
#4311 = CARTESIAN_POINT('',(31.397674028466,-93.75,-39.5679));
#4312 = VECTOR('',#4313,1.);
#4313 = DIRECTION('',(-1.,0.,1.664107168022E-14));
#4314 = ORIENTED_EDGE('',*,*,#4216,.F.);
#4315 = ORIENTED_EDGE('',*,*,#683,.T.);
#4316 = PLANE('',#4317);
#4317 = AXIS2_PLACEMENT_3D('',#4318,#4319,#4320);
#4318 = CARTESIAN_POINT('',(31.397674028466,-93.875,-39.6929));
#4319 = DIRECTION('',(-1.197032217487E-14,0.707106781187,-0.707106781187
    ));
#4320 = DIRECTION('',(-1.,-1.437601427293E-16,1.678483182295E-14));
#4321 = ADVANCED_FACE('',(#4322),#4377,.F.);
#4322 = FACE_BOUND('',#4323,.F.);
#4323 = EDGE_LOOP('',(#4324,#4334,#4344,#4358,#4368,#4376));
#4324 = ORIENTED_EDGE('',*,*,#4325,.T.);
#4325 = EDGE_CURVE('',#708,#4326,#4328,.T.);
#4326 = VERTEX_POINT('',#4327);
#4327 = CARTESIAN_POINT('',(41.179653668275,-93.7650768448,
    -5.92598801477));
#4328 = B_SPLINE_CURVE_WITH_KNOTS('',4,(#4329,#4330,#4331,#4332,#4333),
  .UNSPECIFIED.,.F.,.F.,(5,5),(0.,1.),.PIECEWISE_BEZIER_KNOTS.);
#4329 = CARTESIAN_POINT('',(41.344148632444,-94.,-5.819482384076));
#4330 = CARTESIAN_POINT('',(41.303032109454,-93.94127951964,
    -5.846028895304));
#4331 = CARTESIAN_POINT('',(41.261910807806,-93.88255221466,
    -5.872628302908));
#4332 = CARTESIAN_POINT('',(41.220784676778,-93.82381801261,
    -5.899281161694));
#4333 = CARTESIAN_POINT('',(41.179653668275,-93.7650768448,
    -5.92598801477));
#4334 = ORIENTED_EDGE('',*,*,#4335,.T.);
#4335 = EDGE_CURVE('',#4326,#4336,#4338,.T.);
#4336 = VERTEX_POINT('',#4337);
#4337 = CARTESIAN_POINT('',(41.182806451678,-93.75641464359,
    -5.93747712348));
#4338 = B_SPLINE_CURVE_WITH_KNOTS('',4,(#4339,#4340,#4341,#4342,#4343),
  .UNSPECIFIED.,.F.,.F.,(5,5),(0.,1.),.PIECEWISE_BEZIER_KNOTS.);
#4339 = CARTESIAN_POINT('',(41.179653668275,-93.7650768448,
    -5.92598801477));
#4340 = CARTESIAN_POINT('',(41.180441791525,-93.76291149397,
    -5.928859940045));
#4341 = CARTESIAN_POINT('',(41.181229898266,-93.76074618849,
    -5.9317321108));
#4342 = CARTESIAN_POINT('',(41.182017988493,-93.75858092839,
    -5.934604527424));
#4343 = CARTESIAN_POINT('',(41.182806062198,-93.75641571368,
    -5.937477190314));
#4344 = ORIENTED_EDGE('',*,*,#4345,.T.);
#4345 = EDGE_CURVE('',#4336,#4346,#4348,.T.);
#4346 = VERTEX_POINT('',#4347);
#4347 = CARTESIAN_POINT('',(37.810383820139,-93.75360972409,
    -3.69225491029));
#4348 = B_SPLINE_CURVE_WITH_KNOTS('',8,(#4349,#4350,#4351,#4352,#4353,
    #4354,#4355,#4356,#4357),.UNSPECIFIED.,.F.,.F.,(9,9),(
    -0.414192245838,5.356141928532),.PIECEWISE_BEZIER_KNOTS.);
#4349 = CARTESIAN_POINT('',(41.447146615022,-93.75666679733,
    -6.157674610977));
#4350 = CARTESIAN_POINT('',(40.899267097173,-93.75615230458,
    -5.693359653749));
#4351 = CARTESIAN_POINT('',(40.331212363867,-93.75556695705,
    -5.250076824906));
#4352 = CARTESIAN_POINT('',(39.744246817457,-93.75514833336,
    -4.828953428038));
#4353 = CARTESIAN_POINT('',(39.139220587932,-93.75453414851,
    -4.430476671984));
#4354 = CARTESIAN_POINT('',(38.517640415202,-93.75413232825,
    -4.055795075919));
#4355 = CARTESIAN_POINT('',(37.880417932121,-93.75361623986,
    -3.705309666968));
#4356 = CARTESIAN_POINT('',(37.22908052086,-93.7532059486,
    -3.379861788417));
#4357 = CARTESIAN_POINT('',(36.564726903211,-93.75276881963,
    -3.079899170405));
#4358 = ORIENTED_EDGE('',*,*,#4359,.F.);
#4359 = EDGE_CURVE('',#4360,#4346,#4362,.T.);
#4360 = VERTEX_POINT('',#4361);
#4361 = CARTESIAN_POINT('',(37.806210129527,-93.7650768448,
    -3.67907262908));
#4362 = B_SPLINE_CURVE_WITH_KNOTS('',4,(#4363,#4364,#4365,#4366,#4367),
  .UNSPECIFIED.,.F.,.F.,(5,5),(0.,1.),.PIECEWISE_BEZIER_KNOTS.);
#4363 = CARTESIAN_POINT('',(37.806210129527,-93.7650768448,
    -3.67907262908));
#4364 = CARTESIAN_POINT('',(37.807253550427,-93.76221006944,
    -3.682368061264));
#4365 = CARTESIAN_POINT('',(37.808296952956,-93.75934334455,
    -3.685663602274));
#4366 = CARTESIAN_POINT('',(37.809340337093,-93.75647667019,
    -3.688959252284));
#4367 = CARTESIAN_POINT('',(37.810383702815,-93.75361004643,
    -3.692255011469));
#4368 = ORIENTED_EDGE('',*,*,#4369,.F.);
#4369 = EDGE_CURVE('',#710,#4360,#4370,.T.);
#4370 = B_SPLINE_CURVE_WITH_KNOTS('',4,(#4371,#4372,#4373,#4374,#4375),
  .UNSPECIFIED.,.F.,.F.,(5,5),(0.,1.),.PIECEWISE_BEZIER_KNOTS.);
#4371 = CARTESIAN_POINT('',(37.470705093695,-94.,-3.280277567808));
#4372 = CARTESIAN_POINT('',(37.554694014597,-93.94119032445,
    -3.378986287025));
#4373 = CARTESIAN_POINT('',(37.638609783789,-93.88243187029,
    -3.478340589982));
#4374 = CARTESIAN_POINT('',(37.72244954472,-93.82372663769,
    -3.578361964615));
#4375 = CARTESIAN_POINT('',(37.806210129527,-93.7650768448,
    -3.67907262908));
#4376 = ORIENTED_EDGE('',*,*,#707,.F.);
#4377 = B_SPLINE_SURFACE_WITH_KNOTS('',1,8,(
    (#4378,#4379,#4380,#4381,#4382,#4383,#4384,#4385,#4386)
    ,(#4387,#4388,#4389,#4390,#4391,#4392,#4393,#4394,#4395
  )),.UNSPECIFIED.,.F.,.F.,.F.,(2,2),(9,9),(0.,5.77033417437),(
    -0.414192245838,5.356141928532),.PIECEWISE_BEZIER_KNOTS.);
#4378 = CARTESIAN_POINT('',(41.572147188661,-94.,-6.011082952631));
#4379 = CARTESIAN_POINT('',(41.020590545727,-94.,-5.540763580175));
#4380 = CARTESIAN_POINT('',(40.448492686232,-93.99999999999,
    -5.090989610014));
#4381 = CARTESIAN_POINT('',(39.857499704409,-94.,-4.66452540433));
#4382 = CARTESIAN_POINT('',(39.247792888111,-93.99999999999,
    -4.259281907212));
#4383 = CARTESIAN_POINT('',(38.621708165951,-94.,-3.879386593018));
#4384 = CARTESIAN_POINT('',(37.979456019116,-93.99999999999,
    -3.522721453829));
#4385 = CARTESIAN_POINT('',(37.322819863697,-94.,-3.191825030596));
#4386 = CARTESIAN_POINT('',(36.653109972254,-94.,-2.886216621633));
#4387 = CARTESIAN_POINT('',(41.447146615022,-93.75666679733,
    -6.157674610977));
#4388 = CARTESIAN_POINT('',(40.899267097173,-93.75615230458,
    -5.693359653749));
#4389 = CARTESIAN_POINT('',(40.331212363867,-93.75556695705,
    -5.250076824906));
#4390 = CARTESIAN_POINT('',(39.744246817457,-93.75514833336,
    -4.828953428038));
#4391 = CARTESIAN_POINT('',(39.139220587932,-93.75453414851,
    -4.430476671984));
#4392 = CARTESIAN_POINT('',(38.517640415202,-93.75413232825,
    -4.055795075919));
#4393 = CARTESIAN_POINT('',(37.880417932121,-93.75361623986,
    -3.705309666968));
#4394 = CARTESIAN_POINT('',(37.22908052086,-93.7532059486,
    -3.379861788417));
#4395 = CARTESIAN_POINT('',(36.564726903211,-93.75276881963,
    -3.079899170405));
#4396 = ADVANCED_FACE('',(#4397),#4417,.T.);
#4397 = FACE_BOUND('',#4398,.T.);
#4398 = EDGE_LOOP('',(#4399,#4409,#4410,#4411));
#4399 = ORIENTED_EDGE('',*,*,#4400,.F.);
#4400 = EDGE_CURVE('',#724,#4401,#4403,.T.);
#4401 = VERTEX_POINT('',#4402);
#4402 = CARTESIAN_POINT('',(41.179653668274,-93.7650768448,
    -35.1578612484));
#4403 = B_SPLINE_CURVE_WITH_KNOTS('',4,(#4404,#4405,#4406,#4407,#4408),
  .UNSPECIFIED.,.F.,.F.,(5,5),(0.,1.),.PIECEWISE_BEZIER_KNOTS.);
#4404 = CARTESIAN_POINT('',(41.344148632443,-94.,-35.26444147762));
#4405 = CARTESIAN_POINT('',(41.303032079531,-93.94127947691,
    -35.23787638037));
#4406 = CARTESIAN_POINT('',(41.261910773309,-93.88255216539,
    -35.21125839208));
#4407 = CARTESIAN_POINT('',(41.220784653995,-93.82381798007,
    -35.18458687939));
#4408 = CARTESIAN_POINT('',(41.179653668274,-93.7650768448,
    -35.1578612484));
#4409 = ORIENTED_EDGE('',*,*,#723,.T.);
#4410 = ORIENTED_EDGE('',*,*,#4325,.T.);
#4411 = ORIENTED_EDGE('',*,*,#4412,.F.);
#4412 = EDGE_CURVE('',#4401,#4326,#4413,.T.);
#4413 = LINE('',#4414,#4415);
#4414 = CARTESIAN_POINT('',(41.179653668274,-93.7650768448,
    -35.1463663723));
#4415 = VECTOR('',#4416,1.);
#4416 = DIRECTION('',(4.388620764216E-14,0.,1.));
#4417 = PLANE('',#4418);
#4418 = AXIS2_PLACEMENT_3D('',#4419,#4420,#4421);
#4419 = CARTESIAN_POINT('',(41.261901150358,-93.8825384224,
    -35.1463663723));
#4420 = DIRECTION('',(-0.819152044289,-0.573576436351,3.59863538077E-14)
  );
#4421 = DIRECTION('',(4.391641559527E-14,2.115183648104E-17,1.));
#4422 = ADVANCED_FACE('',(#4423),#4443,.F.);
#4423 = FACE_BOUND('',#4424,.F.);
#4424 = EDGE_LOOP('',(#4425,#4435,#4436,#4437));
#4425 = ORIENTED_EDGE('',*,*,#4426,.F.);
#4426 = EDGE_CURVE('',#732,#4427,#4429,.T.);
#4427 = VERTEX_POINT('',#4428);
#4428 = CARTESIAN_POINT('',(37.806210129527,-93.7650768448,
    -37.40093582608));
#4429 = B_SPLINE_CURVE_WITH_KNOTS('',4,(#4430,#4431,#4432,#4433,#4434),
  .UNSPECIFIED.,.F.,.F.,(5,5),(0.,1.),.PIECEWISE_BEZIER_KNOTS.);
#4430 = CARTESIAN_POINT('',(37.470705093695,-94.,-37.79921989216));
#4431 = CARTESIAN_POINT('',(37.55469808555,-93.94118747394,
    -37.70063148453));
#4432 = CARTESIAN_POINT('',(37.63861500723,-93.8824282128,
    -37.60140634519));
#4433 = CARTESIAN_POINT('',(37.72245363988,-93.82372377022,
    -37.50151427348));
#4434 = CARTESIAN_POINT('',(37.806210129527,-93.7650768448,
    -37.40093582608));
#4435 = ORIENTED_EDGE('',*,*,#746,.T.);
#4436 = ORIENTED_EDGE('',*,*,#4369,.T.);
#4437 = ORIENTED_EDGE('',*,*,#4438,.F.);
#4438 = EDGE_CURVE('',#4427,#4360,#4439,.T.);
#4439 = LINE('',#4440,#4441);
#4440 = CARTESIAN_POINT('',(37.806210129527,-93.7650768448,
    -37.38774508971));
#4441 = VECTOR('',#4442,1.);
#4442 = DIRECTION('',(-1.224646799147E-16,0.,1.));
#4443 = PLANE('',#4444);
#4444 = AXIS2_PLACEMENT_3D('',#4445,#4446,#4447);
#4445 = CARTESIAN_POINT('',(37.638457611611,-93.8825384224,
    -37.38774508971));
#4446 = DIRECTION('',(-0.573576436351,0.819152044289,-7.371521045924E-17
    ));
#4447 = DIRECTION('',(-1.244563413658E-16,2.844387331482E-18,1.));
#4448 = ADVANCED_FACE('',(#4449),#4487,.F.);
#4449 = FACE_BOUND('',#4450,.F.);
#4450 = EDGE_LOOP('',(#4451,#4452,#4462,#4477,#4485,#4486));
#4451 = ORIENTED_EDGE('',*,*,#4426,.T.);
#4452 = ORIENTED_EDGE('',*,*,#4453,.T.);
#4453 = EDGE_CURVE('',#4427,#4454,#4456,.T.);
#4454 = VERTEX_POINT('',#4455);
#4455 = CARTESIAN_POINT('',(37.810388928618,-93.75359568866,
    -37.38774508971));
#4456 = B_SPLINE_CURVE_WITH_KNOTS('',4,(#4457,#4458,#4459,#4460,#4461),
  .UNSPECIFIED.,.F.,.F.,(5,5),(0.,1.),.PIECEWISE_BEZIER_KNOTS.);
#4457 = CARTESIAN_POINT('',(37.806210129527,-93.7650768448,
    -37.40093582608));
#4458 = CARTESIAN_POINT('',(37.807254858541,-93.76220647542,
    -37.39763830827));
#4459 = CARTESIAN_POINT('',(37.808299568956,-93.75933615715,
    -37.39434068198));
#4460 = CARTESIAN_POINT('',(37.809344260751,-93.75646589003,
    -37.39104294705));
#4461 = CARTESIAN_POINT('',(37.810388933901,-93.75359567414,
    -37.38774510332));
#4462 = ORIENTED_EDGE('',*,*,#4463,.T.);
#4463 = EDGE_CURVE('',#4454,#4464,#4466,.T.);
#4464 = VERTEX_POINT('',#4465);
#4465 = CARTESIAN_POINT('',(41.182809200237,-93.75640709198,
    -35.1463663723));
#4466 = B_SPLINE_CURVE_WITH_KNOTS('',9,(#4467,#4468,#4469,#4470,#4471,
    #4472,#4473,#4474,#4475,#4476),.UNSPECIFIED.,.F.,.F.,(10,10),(
    -0.668662232646,4.284151617211),.PIECEWISE_BEZIER_KNOTS.);
#4467 = CARTESIAN_POINT('',(37.138935664725,-93.75313011964,
    -37.72948959978));
#4468 = CARTESIAN_POINT('',(37.638297226601,-93.75347448614,
    -37.4864922064));
#4469 = CARTESIAN_POINT('',(38.129782176717,-93.75379945408,
    -37.22901945764));
#4470 = CARTESIAN_POINT('',(38.612774212148,-93.75417394963,
    -36.95736896359));
#4471 = CARTESIAN_POINT('',(39.086903640787,-93.75456227204,
    -36.67168008029));
#4472 = CARTESIAN_POINT('',(39.551324816139,-93.75488377732,
    -36.37257349635));
#4473 = CARTESIAN_POINT('',(40.006024645566,-93.75535710542,
    -36.05985885217));
#4474 = CARTESIAN_POINT('',(40.449963928033,-93.75568638244,
    -35.73444371545));
#4475 = CARTESIAN_POINT('',(40.883103070852,-93.75612563932,
    -35.39622916527));
#4476 = CARTESIAN_POINT('',(41.30472841844,-93.75652334815,
    -35.04585138246));
#4477 = ORIENTED_EDGE('',*,*,#4478,.F.);
#4478 = EDGE_CURVE('',#4401,#4464,#4479,.T.);
#4479 = B_SPLINE_CURVE_WITH_KNOTS('',4,(#4480,#4481,#4482,#4483,#4484),
  .UNSPECIFIED.,.F.,.F.,(5,5),(0.,1.),.PIECEWISE_BEZIER_KNOTS.);
#4480 = CARTESIAN_POINT('',(41.179653668274,-93.7650768448,
    -35.1578612484));
#4481 = CARTESIAN_POINT('',(41.18044253219,-93.762909459,-35.15498789374
    ));
#4482 = CARTESIAN_POINT('',(41.18123138563,-93.76074211762,
    -35.15211427886));
#4483 = CARTESIAN_POINT('',(41.182020204128,-93.75857482729,
    -35.14924046012));
#4484 = CARTESIAN_POINT('',(41.182809017677,-93.75640757988,
    -35.14636636741));
#4485 = ORIENTED_EDGE('',*,*,#4400,.F.);
#4486 = ORIENTED_EDGE('',*,*,#731,.F.);
#4487 = B_SPLINE_SURFACE_WITH_KNOTS('',1,9,(
    (#4488,#4489,#4490,#4491,#4492,#4493,#4494,#4495,#4496,#4497)
    ,(#4498,#4499,#4500,#4501,#4502,#4503,#4504,#4505,#4506,#4507
  )),.UNSPECIFIED.,.F.,.F.,.F.,(2,2),(10,10),(0.,4.952813849857),(
    -0.668662232646,4.284151617211),.PIECEWISE_BEZIER_KNOTS.);
#4488 = CARTESIAN_POINT('',(37.231803944025,-94.,-37.91846668501));
#4489 = CARTESIAN_POINT('',(37.735114190826,-94.,-37.67112687358));
#4490 = CARTESIAN_POINT('',(38.230670916469,-94.,-37.40935745393));
#4491 = CARTESIAN_POINT('',(38.717180959994,-93.99999999999,
    -37.13325611044));
#4492 = CARTESIAN_POINT('',(39.195236768362,-94.,-36.84283300467));
#4493 = CARTESIAN_POINT('',(39.66271458938,-93.99999999999,
    -36.53976463641));
#4494 = CARTESIAN_POINT('',(40.121115874064,-94.,-36.2217143083));
#4495 = CARTESIAN_POINT('',(40.567939922537,-94.,-35.89227732033));
#4496 = CARTESIAN_POINT('',(41.004249303935,-94.,-35.54907850235));
#4497 = CARTESIAN_POINT('',(41.428711018042,-94.,-35.19410384031));
#4498 = CARTESIAN_POINT('',(37.138935664725,-93.75313011964,
    -37.72948959978));
#4499 = CARTESIAN_POINT('',(37.638297226601,-93.75347448614,
    -37.4864922064));
#4500 = CARTESIAN_POINT('',(38.129782176717,-93.75379945408,
    -37.22901945764));
#4501 = CARTESIAN_POINT('',(38.612774212148,-93.75417394963,
    -36.95736896359));
#4502 = CARTESIAN_POINT('',(39.086903640787,-93.75456227204,
    -36.67168008029));
#4503 = CARTESIAN_POINT('',(39.551324816139,-93.75488377732,
    -36.37257349635));
#4504 = CARTESIAN_POINT('',(40.006024645566,-93.75535710542,
    -36.05985885217));
#4505 = CARTESIAN_POINT('',(40.449963928033,-93.75568638244,
    -35.73444371545));
#4506 = CARTESIAN_POINT('',(40.883103070852,-93.75612563932,
    -35.39622916527));
#4507 = CARTESIAN_POINT('',(41.30472841844,-93.75652334815,
    -35.04585138246));
#4508 = ADVANCED_FACE('',(#4509),#4584,.F.);
#4509 = FACE_BOUND('',#4510,.F.);
#4510 = EDGE_LOOP('',(#4511,#4522,#4532,#4575,#4583));
#4511 = ORIENTED_EDGE('',*,*,#4512,.T.);
#4512 = EDGE_CURVE('',#755,#4513,#4515,.T.);
#4513 = VERTEX_POINT('',#4514);
#4514 = CARTESIAN_POINT('',(44.498041915231,-93.76507680875,
    -31.6917596988));
#4515 = B_SPLINE_CURVE_WITH_KNOTS('',5,(#4516,#4517,#4518,#4519,#4520,
    #4521),.UNSPECIFIED.,.F.,.F.,(6,6),(0.,1.),
  .PIECEWISE_BEZIER_KNOTS.);
#4516 = CARTESIAN_POINT('',(44.161369560999,-94.,-32.4122400703));
#4517 = CARTESIAN_POINT('',(44.228874172853,-93.95289168204,
    -32.27215213639));
#4518 = CARTESIAN_POINT('',(44.296295333898,-93.90584393317,
    -32.13018061829));
#4519 = CARTESIAN_POINT('',(44.363631867198,-93.85885770774,
    -31.98621066536));
#4520 = CARTESIAN_POINT('',(44.430881519872,-93.81193472233,
    -31.84011962281));
#4521 = CARTESIAN_POINT('',(44.498041915231,-93.76507680875,
    -31.6917596988));
#4522 = ORIENTED_EDGE('',*,*,#4523,.T.);
#4523 = EDGE_CURVE('',#4513,#4524,#4526,.T.);
#4524 = VERTEX_POINT('',#4525);
#4525 = CARTESIAN_POINT('',(44.499906131704,-93.75999431769,-31.6829057)
  );
#4526 = B_SPLINE_CURVE_WITH_KNOTS('',4,(#4527,#4528,#4529,#4530,#4531),
  .UNSPECIFIED.,.F.,.F.,(5,5),(0.,1.),.PIECEWISE_BEZIER_KNOTS.);
#4527 = CARTESIAN_POINT('',(44.498041915231,-93.76507680875,
    -31.6917596988));
#4528 = CARTESIAN_POINT('',(44.498507980288,-93.76380615362,
    -31.68954671789));
#4529 = CARTESIAN_POINT('',(44.498974049504,-93.76253551754,
    -31.68733335414));
#4530 = CARTESIAN_POINT('',(44.499440077517,-93.76126491309,
    -31.68511973109));
#4531 = CARTESIAN_POINT('',(44.499906119928,-93.75999432487,
    -31.68290569638));
#4532 = ORIENTED_EDGE('',*,*,#4533,.T.);
#4533 = EDGE_CURVE('',#4524,#4534,#4536,.T.);
#4534 = VERTEX_POINT('',#4535);
#4535 = CARTESIAN_POINT('',(47.889732094175,-93.76454136403,
    -24.15096633049));
#4536 = B_SPLINE_CURVE_WITH_KNOTS('',13,(#4537,#4538,#4539,#4540,#4541,
    #4542,#4543,#4544,#4545,#4546,#4547,#4548,#4549,#4550,#4551,#4552,
    #4553,#4554,#4555,#4556,#4557,#4558,#4559,#4560,#4561,#4562,#4563,
    #4564,#4565,#4566,#4567,#4568,#4569,#4570,#4571,#4572,#4573,#4574),
  .UNSPECIFIED.,.F.,.F.,(14,12,12,14),(-2.331786472997,0.,8.404115235146
    ,8.51041129166),.UNSPECIFIED.);
#4537 = CARTESIAN_POINT('',(42.928430583897,-93.75808385922,
    -33.52995236052));
#4538 = CARTESIAN_POINT('',(43.05562899065,-93.75825509349,
    -33.39789114041));
#4539 = CARTESIAN_POINT('',(43.181411328224,-93.75841791903,
    -33.26465285485));
#4540 = CARTESIAN_POINT('',(43.305767192124,-93.75857376175,
    -33.13024842703));
#4541 = CARTESIAN_POINT('',(43.428685998017,-93.75872389958,
    -32.99468922564));
#4542 = CARTESIAN_POINT('',(43.550156981652,-93.75886946421,
    -32.85798706543));
#4543 = CARTESIAN_POINT('',(43.670169198804,-93.7590114375,
    -32.72015420597));
#4544 = CARTESIAN_POINT('',(43.788711525683,-93.7591506575,
    -32.58120335379));
#4545 = CARTESIAN_POINT('',(43.905772658036,-93.75928781017,
    -32.4411476594));
#4546 = CARTESIAN_POINT('',(44.021341112439,-93.75942343882,
    -32.30000072072));
#4547 = CARTESIAN_POINT('',(44.135405224912,-93.75955793516,
    -32.15777657979));
#4548 = CARTESIAN_POINT('',(44.247953152078,-93.75969154634,
    -32.01448972537));
#4549 = CARTESIAN_POINT('',(44.358972870393,-93.75982437038,
    -31.87015509128));
#4550 = CARTESIAN_POINT('',(44.863032347364,-93.76043206423,
    -31.20086302398));
#4551 = CARTESIAN_POINT('',(45.237605792076,-93.76089851605,
    -30.66351465053));
#4552 = CARTESIAN_POINT('',(45.591577005568,-93.76133444394,
    -30.11366626597));
#4553 = CARTESIAN_POINT('',(45.924562195599,-93.7618286234,
    -29.55115814573));
#4554 = CARTESIAN_POINT('',(46.235594898954,-93.76208728929,
    -28.97970220045));
#4555 = CARTESIAN_POINT('',(46.525283301045,-93.76277012662,
    -28.39343540929));
#4556 = CARTESIAN_POINT('',(46.79137485278,-93.76274259588,
    -27.80458803316));
#4557 = CARTESIAN_POINT('',(47.035901146404,-93.76349564436,
    -27.19893717042));
#4558 = CARTESIAN_POINT('',(47.256023008113,-93.76348865378,
    -26.59287729886));
#4559 = CARTESIAN_POINT('',(47.453450197519,-93.76396049666,
    -25.97472561828));
#4560 = CARTESIAN_POINT('',(47.626651820334,-93.76413335203,
    -25.35324559281));
#4561 = CARTESIAN_POINT('',(47.776011805635,-93.76437691871,
    -24.72555164074));
#4562 = CARTESIAN_POINT('',(47.902718680102,-93.76456039766,
    -24.08588083431));
#4563 = CARTESIAN_POINT('',(47.904297465795,-93.76456272209,
    -24.07789012393));
#4564 = CARTESIAN_POINT('',(47.905872307091,-93.76456498783,
    -24.06989922644));
#4565 = CARTESIAN_POINT('',(47.907443172756,-93.76456716858,
    -24.06190836626));
#4566 = CARTESIAN_POINT('',(47.909010098789,-93.76456927735,
    -24.05391731942));
#4567 = CARTESIAN_POINT('',(47.910573146443,-93.76457134973,
    -24.04592570142));
#4568 = CARTESIAN_POINT('',(47.91213235071,-93.7645734114,
    -24.03793325089));
#4569 = CARTESIAN_POINT('',(47.91368768215,-93.76457546804,
    -24.02994011931));
#4570 = CARTESIAN_POINT('',(47.915238993118,-93.76457746864,
    -24.0219471534));
#4571 = CARTESIAN_POINT('',(47.916785979352,-93.76457929543,
    -24.01395618501));
#4572 = CARTESIAN_POINT('',(47.918328128798,-93.76458073129,
    -24.00597031452));
#4573 = CARTESIAN_POINT('',(47.91986467936,-93.76458144325,
    -23.99799419895));
#4574 = CARTESIAN_POINT('',(47.921394571439,-93.76458095634,
    -23.99003433723));
#4575 = ORIENTED_EDGE('',*,*,#4576,.F.);
#4576 = EDGE_CURVE('',#757,#4534,#4577,.T.);
#4577 = B_SPLINE_CURVE_WITH_KNOTS('',4,(#4578,#4579,#4580,#4581,#4582),
  .UNSPECIFIED.,.F.,.F.,(5,5),(0.,1.),.PIECEWISE_BEZIER_KNOTS.);
#4578 = CARTESIAN_POINT('',(48.054032159282,-93.99999999999,
    -24.17581544956));
#4579 = CARTESIAN_POINT('',(48.0129089573,-93.94126998105,
    -24.17033568077));
#4580 = CARTESIAN_POINT('',(47.97178539834,-93.88253945229,
    -24.16484774406));
#4581 = CARTESIAN_POINT('',(47.930661478822,-93.8238084086,
    -24.15935158334));
#4582 = CARTESIAN_POINT('',(47.889537586958,-93.76480903107,
    -24.15192979275));
#4583 = ORIENTED_EDGE('',*,*,#754,.F.);
#4584 = B_SPLINE_SURFACE_WITH_KNOTS('',1,13,(
    (#4585,#4586,#4587,#4588,#4589,#4590,#4591,#4592,#4593,#4594,#4595
      ,#4596,#4597,#4598,#4599,#4600,#4601,#4602,#4603,#4604,#4605,#4606
      ,#4607,#4608,#4609,#4610,#4611,#4612,#4613,#4614,#4615,#4616,#4617
      ,#4618,#4619,#4620,#4621,#4622)
    ,(#4623,#4624,#4625,#4626,#4627,#4628,#4629,#4630,#4631,#4632,#4633
      ,#4634,#4635,#4636,#4637,#4638,#4639,#4640,#4641,#4642,#4643,#4644
      ,#4645,#4646,#4647,#4648,#4649,#4650,#4651,#4652,#4653,#4654,#4655
      ,#4656,#4657,#4658,#4659,#4660
    )),.UNSPECIFIED.,.F.,.F.,.F.,(2,2),(14,12,12,14),(0.,10.842197764658
    ),(-2.331786472997,0.,8.404115235146,8.51041129166),.UNSPECIFIED.);
#4585 = CARTESIAN_POINT('',(43.063536456978,-94.,-33.65915342811));
#4586 = CARTESIAN_POINT('',(43.191429125752,-94.,-33.52541574973));
#4587 = CARTESIAN_POINT('',(43.317919247902,-93.99999999999,
    -33.39052027107));
#4588 = CARTESIAN_POINT('',(43.442991737491,-94.00000000003,
    -33.25447344911));
#4589 = CARTESIAN_POINT('',(43.5666317846,-93.99999999988,
    -33.11728272625));
#4590 = CARTESIAN_POINT('',(43.688824858148,-94.00000000023,
    -32.97895653067));
#4591 = CARTESIAN_POINT('',(43.809556699252,-93.99999999964,
    -32.83950427449));
#4592 = CARTESIAN_POINT('',(43.928813331844,-94.00000000039,
    -32.69893635687));
#4593 = CARTESIAN_POINT('',(44.046581048563,-93.99999999965,
    -32.55726415971));
#4594 = CARTESIAN_POINT('',(44.162846426439,-94.00000000023,
    -32.41450005259));
#4595 = CARTESIAN_POINT('',(44.277596312279,-93.99999999988,
    -32.27065738804));
#4596 = CARTESIAN_POINT('',(44.390817834042,-94.00000000004,
    -32.12575050531));
#4597 = CARTESIAN_POINT('',(44.502498393521,-93.99999999999,
    -31.97979472788));
#4598 = CARTESIAN_POINT('',(45.009541225664,-94.,-31.30303781362));
#4599 = CARTESIAN_POINT('',(45.386284844925,-93.99999999997,
    -30.75980001904));
#4600 = CARTESIAN_POINT('',(45.742244987738,-94.00000000004,
    -30.20439761338));
#4601 = CARTESIAN_POINT('',(46.077146475696,-93.99999999993,
    -29.63480932941));
#4602 = CARTESIAN_POINT('',(46.389696923153,-94.00000000007,
    -29.06068832432));
#4603 = CARTESIAN_POINT('',(46.681263373478,-93.99999999994,
    -28.46265690162));
#4604 = CARTESIAN_POINT('',(46.948304547562,-94.00000000003,
    -27.87607461661));
#4605 = CARTESIAN_POINT('',(47.194568622655,-93.99999999999,
    -27.25618274874));
#4606 = CARTESIAN_POINT('',(47.415448522333,-93.99999999998,
    -26.65087783184));
#4607 = CARTESIAN_POINT('',(47.61409503359,-94.00000000001,
    -26.02303019577));
#4608 = CARTESIAN_POINT('',(47.788069256494,-93.99999999998,
    -25.39738095947));
#4609 = CARTESIAN_POINT('',(47.938195753689,-94.,-24.76339352726));
#4610 = CARTESIAN_POINT('',(48.065523111059,-93.99999999999,
    -24.11792207521));
#4611 = CARTESIAN_POINT('',(48.06710969517,-94.00000000004,
    -24.10985798537));
#4612 = CARTESIAN_POINT('',(48.068692275523,-93.99999999984,
    -24.10179470715));
#4613 = CARTESIAN_POINT('',(48.07027081127,-94.00000000033,
    -24.09373291574));
#4614 = CARTESIAN_POINT('',(48.071845383965,-93.99999999946,
    -24.08567193636));
#4615 = CARTESIAN_POINT('',(48.073416107376,-94.00000000067,
    -24.07761060653));
#4616 = CARTESIAN_POINT('',(48.074983036516,-93.99999999932,
    -24.06954813518));
#4617 = CARTESIAN_POINT('',(48.076546077645,-94.00000000053,
    -24.06148496646));
#4618 = CARTESIAN_POINT('',(48.078104897361,-93.99999999966,
    -24.05342363776));
#4619 = CARTESIAN_POINT('',(48.079658832292,-94.00000000016,
    -24.04536964369));
#4620 = CARTESIAN_POINT('',(48.081206798577,-93.99999999994,
    -24.0373322949));
#4621 = CARTESIAN_POINT('',(48.082747201284,-94.00000000001,
    -24.02932558068));
#4622 = CARTESIAN_POINT('',(48.084277843981,-94.,-24.02136902923));
#4623 = CARTESIAN_POINT('',(42.928430583897,-93.75808385922,
    -33.52995236052));
#4624 = CARTESIAN_POINT('',(43.05562899065,-93.75825509349,
    -33.39789114041));
#4625 = CARTESIAN_POINT('',(43.181411328224,-93.75841791903,
    -33.26465285485));
#4626 = CARTESIAN_POINT('',(43.305767192124,-93.75857376175,
    -33.13024842703));
#4627 = CARTESIAN_POINT('',(43.428685998017,-93.75872389958,
    -32.99468922564));
#4628 = CARTESIAN_POINT('',(43.550156981652,-93.75886946421,
    -32.85798706543));
#4629 = CARTESIAN_POINT('',(43.670169198804,-93.7590114375,
    -32.72015420597));
#4630 = CARTESIAN_POINT('',(43.788711525683,-93.7591506575,
    -32.58120335379));
#4631 = CARTESIAN_POINT('',(43.905772658036,-93.75928781017,
    -32.4411476594));
#4632 = CARTESIAN_POINT('',(44.021341112439,-93.75942343882,
    -32.30000072072));
#4633 = CARTESIAN_POINT('',(44.135405224912,-93.75955793516,
    -32.15777657979));
#4634 = CARTESIAN_POINT('',(44.247953152078,-93.75969154634,
    -32.01448972537));
#4635 = CARTESIAN_POINT('',(44.358972870393,-93.75982437038,
    -31.87015509128));
#4636 = CARTESIAN_POINT('',(44.863032347364,-93.76043206423,
    -31.20086302398));
#4637 = CARTESIAN_POINT('',(45.237605792076,-93.76089851605,
    -30.66351465053));
#4638 = CARTESIAN_POINT('',(45.591577005568,-93.76133444394,
    -30.11366626597));
#4639 = CARTESIAN_POINT('',(45.924562195599,-93.7618286234,
    -29.55115814573));
#4640 = CARTESIAN_POINT('',(46.235594898954,-93.76208728929,
    -28.97970220045));
#4641 = CARTESIAN_POINT('',(46.525283301045,-93.76277012662,
    -28.39343540929));
#4642 = CARTESIAN_POINT('',(46.79137485278,-93.76274259588,
    -27.80458803316));
#4643 = CARTESIAN_POINT('',(47.035901146404,-93.76349564436,
    -27.19893717042));
#4644 = CARTESIAN_POINT('',(47.256023008113,-93.76348865378,
    -26.59287729886));
#4645 = CARTESIAN_POINT('',(47.453450197519,-93.76396049666,
    -25.97472561828));
#4646 = CARTESIAN_POINT('',(47.626651820334,-93.76413335203,
    -25.35324559281));
#4647 = CARTESIAN_POINT('',(47.776011805635,-93.76437691871,
    -24.72555164074));
#4648 = CARTESIAN_POINT('',(47.902718680102,-93.76456039766,
    -24.08588083431));
#4649 = CARTESIAN_POINT('',(47.904297465795,-93.76456272209,
    -24.07789012393));
#4650 = CARTESIAN_POINT('',(47.905872307091,-93.76456498783,
    -24.06989922644));
#4651 = CARTESIAN_POINT('',(47.907443172756,-93.76456716858,
    -24.06190836626));
#4652 = CARTESIAN_POINT('',(47.909010098789,-93.76456927735,
    -24.05391731942));
#4653 = CARTESIAN_POINT('',(47.910573146443,-93.76457134973,
    -24.04592570142));
#4654 = CARTESIAN_POINT('',(47.91213235071,-93.7645734114,
    -24.03793325089));
#4655 = CARTESIAN_POINT('',(47.91368768215,-93.76457546804,
    -24.02994011931));
#4656 = CARTESIAN_POINT('',(47.915238993118,-93.76457746864,
    -24.0219471534));
#4657 = CARTESIAN_POINT('',(47.916785979352,-93.76457929543,
    -24.01395618501));
#4658 = CARTESIAN_POINT('',(47.918328128798,-93.76458073129,
    -24.00597031452));
#4659 = CARTESIAN_POINT('',(47.91986467936,-93.76458144325,
    -23.99799419895));
#4660 = CARTESIAN_POINT('',(47.921394571439,-93.76458095634,
    -23.99003433723));
#4661 = ADVANCED_FACE('',(#4662),#4683,.F.);
#4662 = FACE_BOUND('',#4663,.F.);
#4663 = EDGE_LOOP('',(#4664,#4665,#4666,#4677));
#4664 = ORIENTED_EDGE('',*,*,#4512,.F.);
#4665 = ORIENTED_EDGE('',*,*,#799,.T.);
#4666 = ORIENTED_EDGE('',*,*,#4667,.T.);
#4667 = EDGE_CURVE('',#800,#4668,#4670,.T.);
#4668 = VERTEX_POINT('',#4669);
#4669 = CARTESIAN_POINT('',(44.534089087595,-93.76507680875,
    -9.436588854803));
#4670 = B_SPLINE_CURVE_WITH_KNOTS('',5,(#4671,#4672,#4673,#4674,#4675,
    #4676),.UNSPECIFIED.,.F.,.F.,(6,6),(0.,1.),
  .PIECEWISE_BEZIER_KNOTS.);
#4671 = CARTESIAN_POINT('',(44.199751867721,-94.,-8.715380165515));
#4672 = CARTESIAN_POINT('',(44.266807393805,-93.9528881894,
    -8.855632937733));
#4673 = CARTESIAN_POINT('',(44.333770232903,-93.9058391604,
    -8.997753610045));
#4674 = CARTESIAN_POINT('',(44.400640014796,-93.85885303185,
    -9.141865984023));
#4675 = CARTESIAN_POINT('',(44.46741400428,-93.81193157637,
    -9.288095753335));
#4676 = CARTESIAN_POINT('',(44.534089087595,-93.76507680875,
    -9.436588854803));
#4677 = ORIENTED_EDGE('',*,*,#4678,.F.);
#4678 = EDGE_CURVE('',#4513,#4668,#4679,.T.);
#4679 = LINE('',#4680,#4681);
#4680 = CARTESIAN_POINT('',(44.498056031919,-93.76507680875,
    -31.68304419397));
#4681 = VECTOR('',#4682,1.);
#4682 = DIRECTION('',(1.619719090533E-03,0.,0.999998688254));
#4683 = PLANE('',#4684);
#4684 = AXIS2_PLACEMENT_3D('',#4685,#4686,#4687);
#4685 = CARTESIAN_POINT('',(44.330303783572,-93.88253840437,
    -31.6827724821));
#4686 = DIRECTION('',(-0.573575856636,0.819151923383,9.290329835181E-04)
  );
#4687 = DIRECTION('',(1.619719090533E-03,-1.393199791644E-16,
    0.999998688254));
#4688 = ADVANCED_FACE('',(#4689),#4709,.F.);
#4689 = FACE_BOUND('',#4690,.F.);
#4690 = EDGE_LOOP('',(#4691,#4701,#4702,#4703));
#4691 = ORIENTED_EDGE('',*,*,#4692,.F.);
#4692 = EDGE_CURVE('',#808,#4693,#4695,.T.);
#4693 = VERTEX_POINT('',#4694);
#4694 = CARTESIAN_POINT('',(47.889537195116,-93.7650768448,
    -16.9290336695));
#4695 = B_SPLINE_CURVE_WITH_KNOTS('',4,(#4696,#4697,#4698,#4699,#4700),
  .UNSPECIFIED.,.F.,.F.,(5,5),(0.,1.),.PIECEWISE_BEZIER_KNOTS.);
#4696 = CARTESIAN_POINT('',(48.054032159286,-94.,-16.90418233913));
#4697 = CARTESIAN_POINT('',(48.012908958164,-93.94126998229,
    -16.90966246264));
#4698 = CARTESIAN_POINT('',(47.97178539942,-93.88253945383,
    -16.91515077177));
#4699 = CARTESIAN_POINT('',(47.93066147958,-93.82380840969,
    -16.92064732057));
#4700 = CARTESIAN_POINT('',(47.889537587937,-93.76480896579,
    -16.92806996768));
#4701 = ORIENTED_EDGE('',*,*,#854,.T.);
#4702 = ORIENTED_EDGE('',*,*,#4576,.T.);
#4703 = ORIENTED_EDGE('',*,*,#4704,.F.);
#4704 = EDGE_CURVE('',#4693,#4534,#4705,.T.);
#4705 = LINE('',#4706,#4707);
#4706 = CARTESIAN_POINT('',(47.889537195116,-93.7650768448,
    -16.9290336695));
#4707 = VECTOR('',#4708,1.);
#4708 = DIRECTION('',(-4.999389628023E-15,0.,-1.));
#4709 = PLANE('',#4710);
#4710 = AXIS2_PLACEMENT_3D('',#4711,#4712,#4713);
#4711 = CARTESIAN_POINT('',(47.9717846772,-93.8825384224,-16.9290336695)
  );
#4712 = DIRECTION('',(0.819152044289,0.573576436351,-3.976223644856E-15)
  );
#4713 = DIRECTION('',(-4.901880562687E-15,6.827658259186E-17,-1.));
#4714 = ADVANCED_FACE('',(#4715),#4775,.F.);
#4715 = FACE_BOUND('',#4716,.F.);
#4716 = EDGE_LOOP('',(#4717,#4718,#4719,#4720,#4767));
#4717 = ORIENTED_EDGE('',*,*,#4667,.F.);
#4718 = ORIENTED_EDGE('',*,*,#807,.F.);
#4719 = ORIENTED_EDGE('',*,*,#4692,.T.);
#4720 = ORIENTED_EDGE('',*,*,#4721,.T.);
#4721 = EDGE_CURVE('',#4693,#4722,#4724,.T.);
#4722 = VERTEX_POINT('',#4723);
#4723 = CARTESIAN_POINT('',(44.535908917251,-93.7600378041,
    -9.445366938169));
#4724 = B_SPLINE_CURVE_WITH_KNOTS('',11,(#4725,#4726,#4727,#4728,#4729,
    #4730,#4731,#4732,#4733,#4734,#4735,#4736,#4737,#4738,#4739,#4740,
    #4741,#4742,#4743,#4744,#4745,#4746,#4747,#4748,#4749,#4750,#4751,
    #4752,#4753,#4754,#4755,#4756,#4757,#4758,#4759,#4760,#4761,#4762,
    #4763,#4764,#4765,#4766),.UNSPECIFIED.,.F.,.F.,(12,10,10,10,12),(
    -0.131925075104,-3.771631367433E-02,4.672721757831,9.383159829337,
    9.477368590758),.UNSPECIFIED.);
#4725 = CARTESIAN_POINT('',(47.911981925062,-93.76457012228,
    -17.04132027368));
#4726 = CARTESIAN_POINT('',(47.910350743674,-93.76456877772,
    -17.03295247741));
#4727 = CARTESIAN_POINT('',(47.908715151862,-93.764567217,
    -17.02458451462));
#4728 = CARTESIAN_POINT('',(47.907075154522,-93.76456546402,
    -17.01621646011));
#4729 = CARTESIAN_POINT('',(47.905430757114,-93.76456354265,
    -17.00784838882));
#4730 = CARTESIAN_POINT('',(47.903781964554,-93.76456147525,
    -16.99948037536));
#4731 = CARTESIAN_POINT('',(47.902128782583,-93.76455928644,
    -16.99111249481));
#4732 = CARTESIAN_POINT('',(47.900471215952,-93.76455699816,
    -16.98274482169));
#4733 = CARTESIAN_POINT('',(47.898809270363,-93.7645546349,
    -16.97437743107));
#4734 = CARTESIAN_POINT('',(47.897142950787,-93.76455221919,
    -16.96601039759));
#4735 = CARTESIAN_POINT('',(47.895472262637,-93.76454977476,
    -16.95764379614));
#4736 = CARTESIAN_POINT('',(47.810044635515,-93.76442482614,
    -16.53097297005));
#4737 = CARTESIAN_POINT('',(47.715486254622,-93.76427890534,
    -16.11442158944));
#4738 = CARTESIAN_POINT('',(47.610306945308,-93.76414487651,
    -15.70060805341));
#4739 = CARTESIAN_POINT('',(47.494260324226,-93.7639383904,
    -15.28809049155));
#4740 = CARTESIAN_POINT('',(47.367956979202,-93.76380652845,
    -14.88009766384));
#4741 = CARTESIAN_POINT('',(47.230791945879,-93.76356172424,
    -14.47310920691));
#4742 = CARTESIAN_POINT('',(47.083518448394,-93.76338584902,
    -14.07103945509));
#4743 = CARTESIAN_POINT('',(46.925758426797,-93.76314848507,
    -13.67151705648));
#4744 = CARTESIAN_POINT('',(46.757873472329,-93.76291975201,
    -13.27619801511));
#4745 = CARTESIAN_POINT('',(46.579886099399,-93.76267449585,
    -12.88481982431));
#4746 = CARTESIAN_POINT('',(46.204000218497,-93.76216448972,
    -12.11069350985));
#4747 = CARTESIAN_POINT('',(46.00609881016,-93.76189715152,
    -11.7279304077));
#4748 = CARTESIAN_POINT('',(45.798364709667,-93.76162334764,
    -11.3497230683));
#4749 = CARTESIAN_POINT('',(45.580930602873,-93.76134176108,
    -10.97631904752));
#4750 = CARTESIAN_POINT('',(45.353936849432,-93.76104993279,
    -10.60796103015));
#4751 = CARTESIAN_POINT('',(45.117531910631,-93.76074776712,
    -10.24488869735));
#4752 = CARTESIAN_POINT('',(44.871872445264,-93.7604385025,
    -9.887339181089));
#4753 = CARTESIAN_POINT('',(44.617123068356,-93.76012714201,
    -9.535546105092));
#4754 = CARTESIAN_POINT('',(44.353455778412,-93.75981634933,
    -9.189737212946));
#4755 = CARTESIAN_POINT('',(44.081049048109,-93.75949980556,
    -8.850130582752));
#4756 = CARTESIAN_POINT('',(43.794467332816,-93.75914609425,
    -8.510265405637));
#4757 = CARTESIAN_POINT('',(43.788844660778,-93.75913914623,
    -8.503603944242));
#4758 = CARTESIAN_POINT('',(43.783218567428,-93.75913218536,
    -8.496945046136));
#4759 = CARTESIAN_POINT('',(43.777589054356,-93.75912521176,
    -8.490288712972));
#4760 = CARTESIAN_POINT('',(43.7719561228,-93.7591182247,-8.483634946302
    ));
#4761 = CARTESIAN_POINT('',(43.766319774497,-93.75911122463,
    -8.476983747828));
#4762 = CARTESIAN_POINT('',(43.760680010638,-93.75910421069,
    -8.47033511908));
#4763 = CARTESIAN_POINT('',(43.755036832885,-93.75909718319,
    -8.463689061746));
#4764 = CARTESIAN_POINT('',(43.749390242575,-93.7590901416,
    -8.457045577397));
#4765 = CARTESIAN_POINT('',(43.743740241226,-93.75908308589,
    -8.450404667674));
#4766 = CARTESIAN_POINT('',(43.738086830276,-93.75907601577,
    -8.443766334183));
#4767 = ORIENTED_EDGE('',*,*,#4768,.F.);
#4768 = EDGE_CURVE('',#4668,#4722,#4769,.T.);
#4769 = B_SPLINE_CURVE_WITH_KNOTS('',4,(#4770,#4771,#4772,#4773,#4774),
  .UNSPECIFIED.,.F.,.F.,(5,5),(0.,1.),.PIECEWISE_BEZIER_KNOTS.);
#4770 = CARTESIAN_POINT('',(44.534089087595,-93.76507680875,
    -9.436588854803));
#4771 = CARTESIAN_POINT('',(44.534544048315,-93.76381705079,
    -9.438782863058));
#4772 = CARTESIAN_POINT('',(44.534999000451,-93.76255731487,
    -9.440977216245));
#4773 = CARTESIAN_POINT('',(44.535453943999,-93.76129760101,
    -9.443171914778));
#4774 = CARTESIAN_POINT('',(44.535908878953,-93.76003790923,
    -9.445366959076));
#4775 = B_SPLINE_SURFACE_WITH_KNOTS('',1,11,(
    (#4776,#4777,#4778,#4779,#4780,#4781,#4782,#4783,#4784,#4785,#4786
      ,#4787,#4788,#4789,#4790,#4791,#4792,#4793,#4794,#4795,#4796,#4797
      ,#4798,#4799,#4800,#4801,#4802,#4803,#4804,#4805,#4806,#4807,#4808
      ,#4809,#4810,#4811,#4812,#4813,#4814,#4815,#4816,#4817)
    ,(#4818,#4819,#4820,#4821,#4822,#4823,#4824,#4825,#4826,#4827,#4828
      ,#4829,#4830,#4831,#4832,#4833,#4834,#4835,#4836,#4837,#4838,#4839
      ,#4840,#4841,#4842,#4843,#4844,#4845,#4846,#4847,#4848,#4849,#4850
      ,#4851,#4852,#4853,#4854,#4855,#4856,#4857,#4858,#4859
  )),.UNSPECIFIED.,.F.,.F.,.F.,(2,2),(12,10,10,10,12),(0.,9.609293665862
    ),(-0.131925075104,-3.771631367433E-02,4.672721757831,9.383159829337
    ,9.477368590758),.UNSPECIFIED.);
#4776 = CARTESIAN_POINT('',(48.074831148915,-94.,-17.00964985756));
#4777 = CARTESIAN_POINT('',(48.073191386661,-93.99999999999,
    -17.00121824402));
#4778 = CARTESIAN_POINT('',(48.071547436441,-94.00000000003,
    -16.99278456328));
#4779 = CARTESIAN_POINT('',(48.069899257928,-93.99999999992,
    -16.98434904494));
#4780 = CARTESIAN_POINT('',(48.068246818525,-94.00000000012,
    -16.97591191728));
#4781 = CARTESIAN_POINT('',(48.066590084914,-93.99999999984,
    -16.96747340836));
#4782 = CARTESIAN_POINT('',(48.064929024875,-94.00000000015,
    -16.95903374658));
#4783 = CARTESIAN_POINT('',(48.063263604858,-93.99999999988,
    -16.95059315992));
#4784 = CARTESIAN_POINT('',(48.061593792607,-94.00000000006,
    -16.94215187678));
#4785 = CARTESIAN_POINT('',(48.059919554856,-93.99999999997,
    -16.93371012522));
#4786 = CARTESIAN_POINT('',(48.058240858961,-94.,-16.92526813352));
#4787 = CARTESIAN_POINT('',(47.972398323424,-93.99999999999,
    -16.49472594623));
#4788 = CARTESIAN_POINT('',(47.877334987125,-94.00000000001,
    -16.07404427184));
#4789 = CARTESIAN_POINT('',(47.77173420297,-93.99999999998,
    -15.65718617056));
#4790 = CARTESIAN_POINT('',(47.654909690945,-94.00000000001,
    -15.23927950046));
#4791 = CARTESIAN_POINT('',(47.528228005547,-93.99999999999,
    -14.82947269518));
#4792 = CARTESIAN_POINT('',(47.39011486402,-93.99999999999,
    -14.41666407442));
#4793 = CARTESIAN_POINT('',(47.242254509386,-94.,-14.01206942492));
#4794 = CARTESIAN_POINT('',(47.083595209153,-93.99999999999,
    -13.60804634488));
#4795 = CARTESIAN_POINT('',(46.914853830113,-94.,-13.20904552114));
#4796 = CARTESIAN_POINT('',(46.735919299536,-93.99999999999,
    -12.81376690766));
#4797 = CARTESIAN_POINT('',(46.358017107624,-94.,-12.03189072017));
#4798 = CARTESIAN_POINT('',(46.159049175456,-93.99999999998,
    -11.64524653446));
#4799 = CARTESIAN_POINT('',(45.950171961505,-94.00000000002,
    -11.26316326981));
#4800 = CARTESIAN_POINT('',(45.731523949623,-93.99999999994,
    -10.88588536315));
#4801 = CARTESIAN_POINT('',(45.50325477322,-94.00000000007,
    -10.5136495422));
#4802 = CARTESIAN_POINT('',(45.265513895275,-93.99999999993,
    -10.146693695));
#4803 = CARTESIAN_POINT('',(45.018447749314,-94.00000000004,
    -9.78525974286));
#4804 = CARTESIAN_POINT('',(44.762205340109,-93.99999999998,
    -9.429590515604));
#4805 = CARTESIAN_POINT('',(44.496952305175,-94.,-9.079920630372));
#4806 = CARTESIAN_POINT('',(44.222893436419,-94.,-8.736461372844));
#4807 = CARTESIAN_POINT('',(43.934651866624,-93.99999999999,
    -8.392637945872));
#4808 = CARTESIAN_POINT('',(43.92899665852,-94.00000000002,
    -8.385898857074));
#4809 = CARTESIAN_POINT('',(43.923338039892,-93.99999999992,
    -8.379162316422));
#4810 = CARTESIAN_POINT('',(43.917676013037,-94.00000000011,
    -8.372428325079));
#4811 = CARTESIAN_POINT('',(43.912010579853,-93.99999999986,
    -8.365696884127));
#4812 = CARTESIAN_POINT('',(43.906341742823,-94.00000000012,
    -8.358967994766));
#4813 = CARTESIAN_POINT('',(43.900669503758,-93.99999999991,
    -8.352241658061));
#4814 = CARTESIAN_POINT('',(43.894993865088,-94.00000000004,
    -8.3455178752));
#4815 = CARTESIAN_POINT('',(43.889314828781,-93.99999999998,
    -8.338796647282));
#4816 = CARTESIAN_POINT('',(43.883632397085,-94.,-8.332077975456));
#4817 = CARTESIAN_POINT('',(43.877946572116,-94.,-8.325361860847));
#4818 = CARTESIAN_POINT('',(47.911981925062,-93.76457012228,
    -17.04132027368));
#4819 = CARTESIAN_POINT('',(47.910350743674,-93.76456877772,
    -17.03295247741));
#4820 = CARTESIAN_POINT('',(47.908715151862,-93.764567217,
    -17.02458451462));
#4821 = CARTESIAN_POINT('',(47.907075154522,-93.76456546402,
    -17.01621646011));
#4822 = CARTESIAN_POINT('',(47.905430757114,-93.76456354265,
    -17.00784838882));
#4823 = CARTESIAN_POINT('',(47.903781964554,-93.76456147525,
    -16.99948037536));
#4824 = CARTESIAN_POINT('',(47.902128782583,-93.76455928644,
    -16.99111249481));
#4825 = CARTESIAN_POINT('',(47.900471215952,-93.76455699816,
    -16.98274482169));
#4826 = CARTESIAN_POINT('',(47.898809270363,-93.7645546349,
    -16.97437743107));
#4827 = CARTESIAN_POINT('',(47.897142950787,-93.76455221919,
    -16.96601039759));
#4828 = CARTESIAN_POINT('',(47.895472262637,-93.76454977476,
    -16.95764379614));
#4829 = CARTESIAN_POINT('',(47.810044635515,-93.76442482614,
    -16.53097297005));
#4830 = CARTESIAN_POINT('',(47.715486254622,-93.76427890534,
    -16.11442158944));
#4831 = CARTESIAN_POINT('',(47.610306945308,-93.76414487651,
    -15.70060805341));
#4832 = CARTESIAN_POINT('',(47.494260324226,-93.7639383904,
    -15.28809049155));
#4833 = CARTESIAN_POINT('',(47.367956979202,-93.76380652845,
    -14.88009766384));
#4834 = CARTESIAN_POINT('',(47.230791945879,-93.76356172424,
    -14.47310920691));
#4835 = CARTESIAN_POINT('',(47.083518448394,-93.76338584902,
    -14.07103945509));
#4836 = CARTESIAN_POINT('',(46.925758426797,-93.76314848507,
    -13.67151705648));
#4837 = CARTESIAN_POINT('',(46.757873472329,-93.76291975201,
    -13.27619801511));
#4838 = CARTESIAN_POINT('',(46.579886099399,-93.76267449585,
    -12.88481982431));
#4839 = CARTESIAN_POINT('',(46.204000218497,-93.76216448972,
    -12.11069350985));
#4840 = CARTESIAN_POINT('',(46.00609881016,-93.76189715152,
    -11.7279304077));
#4841 = CARTESIAN_POINT('',(45.798364709667,-93.76162334764,
    -11.3497230683));
#4842 = CARTESIAN_POINT('',(45.580930602873,-93.76134176108,
    -10.97631904752));
#4843 = CARTESIAN_POINT('',(45.353936849432,-93.76104993279,
    -10.60796103015));
#4844 = CARTESIAN_POINT('',(45.117531910631,-93.76074776712,
    -10.24488869735));
#4845 = CARTESIAN_POINT('',(44.871872445264,-93.7604385025,
    -9.887339181089));
#4846 = CARTESIAN_POINT('',(44.617123068356,-93.76012714201,
    -9.535546105092));
#4847 = CARTESIAN_POINT('',(44.353455778412,-93.75981634933,
    -9.189737212946));
#4848 = CARTESIAN_POINT('',(44.081049048109,-93.75949980556,
    -8.850130582752));
#4849 = CARTESIAN_POINT('',(43.794467332816,-93.75914609425,
    -8.510265405637));
#4850 = CARTESIAN_POINT('',(43.788844660778,-93.75913914623,
    -8.503603944242));
#4851 = CARTESIAN_POINT('',(43.783218567428,-93.75913218536,
    -8.496945046136));
#4852 = CARTESIAN_POINT('',(43.777589054356,-93.75912521176,
    -8.490288712972));
#4853 = CARTESIAN_POINT('',(43.7719561228,-93.7591182247,-8.483634946302
    ));
#4854 = CARTESIAN_POINT('',(43.766319774497,-93.75911122463,
    -8.476983747828));
#4855 = CARTESIAN_POINT('',(43.760680010638,-93.75910421069,
    -8.47033511908));
#4856 = CARTESIAN_POINT('',(43.755036832885,-93.75909718319,
    -8.463689061746));
#4857 = CARTESIAN_POINT('',(43.749390242575,-93.7590901416,
    -8.457045577397));
#4858 = CARTESIAN_POINT('',(43.743740241226,-93.75908308589,
    -8.450404667674));
#4859 = CARTESIAN_POINT('',(43.738086830276,-93.75907601577,
    -8.443766334183));
#4860 = ADVANCED_FACE('',(#4861),#4886,.T.);
#4861 = FACE_BOUND('',#4862,.F.);
#4862 = EDGE_LOOP('',(#4863,#4871,#4879,#4885));
#4863 = ORIENTED_EDGE('',*,*,#4864,.T.);
#4864 = EDGE_CURVE('',#1062,#4865,#4867,.T.);
#4865 = VERTEX_POINT('',#4866);
#4866 = CARTESIAN_POINT('',(11.847932218362,-69.82564035736,-45.));
#4867 = LINE('',#4868,#4869);
#4868 = CARTESIAN_POINT('',(11.378085907969,-69.6546302857,-45.5));
#4869 = VECTOR('',#4870,1.);
#4870 = DIRECTION('',(0.664463024389,-0.241844762648,0.707106781187));
#4871 = ORIENTED_EDGE('',*,*,#4872,.T.);
#4872 = EDGE_CURVE('',#4865,#4873,#4875,.T.);
#4873 = VERTEX_POINT('',#4874);
#4874 = CARTESIAN_POINT('',(7.372927505311,-82.12061475842,-45.));
#4875 = LINE('',#4876,#4877);
#4876 = CARTESIAN_POINT('',(12.531972505014,-67.94625511579,-45.));
#4877 = VECTOR('',#4878,1.);
#4878 = DIRECTION('',(-0.342020143326,-0.939692620786,
    -2.505390641101E-16));
#4879 = ORIENTED_EDGE('',*,*,#4880,.F.);
#4880 = EDGE_CURVE('',#1070,#4873,#4881,.T.);
#4881 = LINE('',#4882,#4883);
#4882 = CARTESIAN_POINT('',(6.959584806628,-82.09669712956,
    -45.39659539465));
#4883 = VECTOR('',#4884,1.);
#4884 = DIRECTION('',(0.72094543194,-4.171672881748E-02,0.691735063953)
  );
#4885 = ORIENTED_EDGE('',*,*,#1069,.F.);
#4886 = PLANE('',#4887);
#4887 = AXIS2_PLACEMENT_3D('',#4888,#4889,#4890);
#4888 = CARTESIAN_POINT('',(11.592279884228,-67.60423497246,-46.));
#4889 = DIRECTION('',(-0.664463024389,0.241844762648,0.707106781187));
#4890 = DIRECTION('',(0.342020143326,0.939692620786,3.471967191487E-16)
  );
#4891 = ADVANCED_FACE('',(#4892),#4910,.T.);
#4892 = FACE_BOUND('',#4893,.T.);
#4893 = EDGE_LOOP('',(#4894,#4895,#4896,#4904));
#4894 = ORIENTED_EDGE('',*,*,#2288,.F.);
#4895 = ORIENTED_EDGE('',*,*,#877,.T.);
#4896 = ORIENTED_EDGE('',*,*,#4897,.T.);
#4897 = EDGE_CURVE('',#878,#4898,#4900,.T.);
#4898 = VERTEX_POINT('',#4899);
#4899 = CARTESIAN_POINT('',(68.55815734356,-50.560657,-47.5));
#4900 = LINE('',#4901,#4902);
#4901 = CARTESIAN_POINT('',(68.68315734356,-50.560657,-47.375));
#4902 = VECTOR('',#4903,1.);
#4903 = DIRECTION('',(-0.707106781187,9.999405969194E-15,-0.707106781187
    ));
#4904 = ORIENTED_EDGE('',*,*,#4905,.F.);
#4905 = EDGE_CURVE('',#2263,#4898,#4906,.T.);
#4906 = LINE('',#4907,#4908);
#4907 = CARTESIAN_POINT('',(68.05815734356,-51.060657,-47.5));
#4908 = VECTOR('',#4909,1.);
#4909 = DIRECTION('',(0.707106781187,0.707106781187,-9.912810363571E-15)
  );
#4910 = PLANE('',#4911);
#4911 = AXIS2_PLACEMENT_3D('',#4912,#4913,#4914);
#4912 = CARTESIAN_POINT('',(68.05815734356,-51.560657,-47.));
#4913 = DIRECTION('',(-0.57735026919,0.57735026919,0.57735026919));
#4914 = DIRECTION('',(0.707106781187,0.707106781187,-9.98867834285E-15)
  );
#4915 = ADVANCED_FACE('',(#4916),#4934,.T.);
#4916 = FACE_BOUND('',#4917,.T.);
#4917 = EDGE_LOOP('',(#4918,#4926,#4927,#4928));
#4918 = ORIENTED_EDGE('',*,*,#4919,.F.);
#4919 = EDGE_CURVE('',#1054,#4920,#4922,.T.);
#4920 = VERTEX_POINT('',#4921);
#4921 = CARTESIAN_POINT('',(14.411357746586,-68.63029540244,-45.));
#4922 = LINE('',#4923,#4924);
#4923 = CARTESIAN_POINT('',(14.924387961574,-67.22075647126,-46.5));
#4924 = VECTOR('',#4925,1.);
#4925 = DIRECTION('',(-0.241844762648,-0.664463024389,0.707106781187));
#4926 = ORIENTED_EDGE('',*,*,#1061,.T.);
#4927 = ORIENTED_EDGE('',*,*,#4864,.T.);
#4928 = ORIENTED_EDGE('',*,*,#4929,.F.);
#4929 = EDGE_CURVE('',#4920,#4865,#4930,.T.);
#4930 = LINE('',#4931,#4932);
#4931 = CARTESIAN_POINT('',(14.411357746585,-68.63029540244,-45.));
#4932 = VECTOR('',#4933,1.);
#4933 = DIRECTION('',(-0.906307787037,-0.422618261741,5.850193634745E-15
    ));
#4934 = PLANE('',#4935);
#4935 = AXIS2_PLACEMENT_3D('',#4936,#4937,#4938);
#4936 = CARTESIAN_POINT('',(15.095398033237,-66.75091016087,-47.));
#4937 = DIRECTION('',(-0.345066365749,0.739997209384,0.57735026919));
#4938 = DIRECTION('',(-0.906307787037,-0.422618261741,2.414766687979E-15
    ));
#4939 = ADVANCED_FACE('',(#4940),#4958,.F.);
#4940 = FACE_BOUND('',#4941,.T.);
#4941 = EDGE_LOOP('',(#4942,#4943,#4944,#4952));
#4942 = ORIENTED_EDGE('',*,*,#4897,.F.);
#4943 = ORIENTED_EDGE('',*,*,#885,.T.);
#4944 = ORIENTED_EDGE('',*,*,#4945,.T.);
#4945 = EDGE_CURVE('',#886,#4946,#4948,.T.);
#4946 = VERTEX_POINT('',#4947);
#4947 = CARTESIAN_POINT('',(68.55815734356,39.660662,-47.5));
#4948 = LINE('',#4949,#4950);
#4949 = CARTESIAN_POINT('',(68.68315734356,39.660662,-47.37499999999));
#4950 = VECTOR('',#4951,1.);
#4951 = DIRECTION('',(-0.707106781187,2.009496007271E-14,-0.707106781187
    ));
#4952 = ORIENTED_EDGE('',*,*,#4953,.F.);
#4953 = EDGE_CURVE('',#4898,#4946,#4954,.T.);
#4954 = LINE('',#4955,#4956);
#4955 = CARTESIAN_POINT('',(68.55815734356,-51.060657,-47.5));
#4956 = VECTOR('',#4957,1.);
#4957 = DIRECTION('',(-2.719262146894E-32,1.,2.22044604925E-16));
#4958 = PLANE('',#4959);
#4959 = AXIS2_PLACEMENT_3D('',#4960,#4961,#4962);
#4960 = CARTESIAN_POINT('',(68.80815734356,-51.060657,-47.25));
#4961 = DIRECTION('',(0.707106781187,5.008478046239E-16,-0.707106781187)
  );
#4962 = DIRECTION('',(2.431305765294E-16,-1.,-4.651751814544E-16));
#4963 = ADVANCED_FACE('',(#4964),#4982,.T.);
#4964 = FACE_BOUND('',#4965,.T.);
#4965 = EDGE_LOOP('',(#4966,#4967,#4975,#4981));
#4966 = ORIENTED_EDGE('',*,*,#4919,.T.);
#4967 = ORIENTED_EDGE('',*,*,#4968,.T.);
#4968 = EDGE_CURVE('',#4920,#4969,#4971,.T.);
#4969 = VERTEX_POINT('',#4970);
#4970 = CARTESIAN_POINT('',(53.930882667834,-83.01422614612,-45.));
#4971 = LINE('',#4972,#4973);
#4972 = CARTESIAN_POINT('',(12.531972505014,-67.94625511579,-45.));
#4973 = VECTOR('',#4974,1.);
#4974 = DIRECTION('',(0.939692620786,-0.342020143326,3.913542842163E-17)
  );
#4975 = ORIENTED_EDGE('',*,*,#4976,.F.);
#4976 = EDGE_CURVE('',#1046,#4969,#4977,.T.);
#4977 = LINE('',#4978,#4979);
#4978 = CARTESIAN_POINT('',(54.101892739496,-82.54437983572,-45.5));
#4979 = VECTOR('',#4980,1.);
#4980 = DIRECTION('',(-0.241844762648,-0.664463024389,0.707106781187));
#4981 = ORIENTED_EDGE('',*,*,#1053,.F.);
#4982 = PLANE('',#4983);
#4983 = AXIS2_PLACEMENT_3D('',#4984,#4985,#4986);
#4984 = CARTESIAN_POINT('',(12.873992648339,-67.006562495,-46.));
#4985 = DIRECTION('',(0.241844762648,0.664463024389,0.707106781187));
#4986 = DIRECTION('',(0.939692620786,-0.342020143326,-3.012544782116E-16
    ));
#4987 = ADVANCED_FACE('',(#4988),#5006,.F.);
#4988 = FACE_BOUND('',#4989,.F.);
#4989 = EDGE_LOOP('',(#4990,#4998,#4999,#5000));
#4990 = ORIENTED_EDGE('',*,*,#4991,.F.);
#4991 = EDGE_CURVE('',#894,#4992,#4994,.T.);
#4992 = VERTEX_POINT('',#4993);
#4993 = CARTESIAN_POINT('',(68.05815734356,40.160662,-47.5));
#4994 = LINE('',#4995,#4996);
#4995 = CARTESIAN_POINT('',(68.05815734356,40.535662,-47.125));
#4996 = VECTOR('',#4997,1.);
#4997 = DIRECTION('',(8.659560562355E-17,-0.707106781187,-0.707106781187
    ));
#4998 = ORIENTED_EDGE('',*,*,#893,.T.);
#4999 = ORIENTED_EDGE('',*,*,#4945,.T.);
#5000 = ORIENTED_EDGE('',*,*,#5001,.F.);
#5001 = EDGE_CURVE('',#4992,#4946,#5002,.T.);
#5002 = LINE('',#5003,#5004);
#5003 = CARTESIAN_POINT('',(68.05815734356,40.160662,-47.5));
#5004 = VECTOR('',#5005,1.);
#5005 = DIRECTION('',(0.707106781187,-0.707106781187,2.018155567833E-14)
  );
#5006 = PLANE('',#5007);
#5007 = AXIS2_PLACEMENT_3D('',#5008,#5009,#5010);
#5008 = CARTESIAN_POINT('',(68.05815734356,40.660662,-47.));
#5009 = DIRECTION('',(0.57735026919,0.57735026919,-0.57735026919));
#5010 = DIRECTION('',(0.707106781187,-0.707106781187,2.020938792695E-14)
  );
#5011 = ADVANCED_FACE('',(#5012),#5030,.T.);
#5012 = FACE_BOUND('',#5013,.T.);
#5013 = EDGE_LOOP('',(#5014,#5022,#5023,#5024));
#5014 = ORIENTED_EDGE('',*,*,#5015,.F.);
#5015 = EDGE_CURVE('',#1038,#5016,#5018,.T.);
#5016 = VERTEX_POINT('',#5017);
#5017 = CARTESIAN_POINT('',(55.126227622754,-85.57765167434,-45.));
#5018 = LINE('',#5019,#5020);
#5019 = CARTESIAN_POINT('',(56.535766553933,-86.09068188933,-46.5));
#5020 = VECTOR('',#5021,1.);
#5021 = DIRECTION('',(-0.664463024389,0.241844762648,0.707106781187));
#5022 = ORIENTED_EDGE('',*,*,#1045,.T.);
#5023 = ORIENTED_EDGE('',*,*,#4976,.T.);
#5024 = ORIENTED_EDGE('',*,*,#5025,.F.);
#5025 = EDGE_CURVE('',#5016,#4969,#5026,.T.);
#5026 = LINE('',#5027,#5028);
#5027 = CARTESIAN_POINT('',(55.126227622754,-85.57765167434,-45.));
#5028 = VECTOR('',#5029,1.);
#5029 = DIRECTION('',(-0.422618261741,0.906307787037,-6.974421481131E-15
    ));
#5030 = PLANE('',#5031);
#5031 = AXIS2_PLACEMENT_3D('',#5032,#5033,#5034);
#5032 = CARTESIAN_POINT('',(57.005612864326,-86.26169196099,-47.));
#5033 = DIRECTION('',(0.739997209384,0.345066365749,0.57735026919));
#5034 = DIRECTION('',(-0.422618261741,0.906307787037,-1.015478533424E-14
    ));
#5035 = ADVANCED_FACE('',(#5036),#5054,.F.);
#5036 = FACE_BOUND('',#5037,.T.);
#5037 = EDGE_LOOP('',(#5038,#5039,#5040,#5048));
#5038 = ORIENTED_EDGE('',*,*,#4991,.F.);
#5039 = ORIENTED_EDGE('',*,*,#901,.T.);
#5040 = ORIENTED_EDGE('',*,*,#5041,.T.);
#5041 = EDGE_CURVE('',#902,#5042,#5044,.T.);
#5042 = VERTEX_POINT('',#5043);
#5043 = CARTESIAN_POINT('',(0.5,40.160662,-47.5));
#5044 = LINE('',#5045,#5046);
#5045 = CARTESIAN_POINT('',(11.593026223927,29.067635776073,
    -58.59302622392));
#5046 = VECTOR('',#5047,1.);
#5047 = DIRECTION('',(0.57735026919,-0.57735026919,-0.57735026919));
#5048 = ORIENTED_EDGE('',*,*,#5049,.F.);
#5049 = EDGE_CURVE('',#4992,#5042,#5050,.T.);
#5050 = LINE('',#5051,#5052);
#5051 = CARTESIAN_POINT('',(68.55815734356,40.160662,-47.5));
#5052 = VECTOR('',#5053,1.);
#5053 = DIRECTION('',(-1.,0.,-1.224646799147E-16));
#5054 = PLANE('',#5055);
#5055 = AXIS2_PLACEMENT_3D('',#5056,#5057,#5058);
#5056 = CARTESIAN_POINT('',(68.55815734356,40.410662,-47.25));
#5057 = DIRECTION('',(8.659560562355E-17,0.707106781187,-0.707106781187)
  );
#5058 = DIRECTION('',(1.,-0.,1.224646799147E-16));
#5059 = ADVANCED_FACE('',(#5060),#5078,.T.);
#5060 = FACE_BOUND('',#5061,.T.);
#5061 = EDGE_LOOP('',(#5062,#5063,#5071,#5077));
#5062 = ORIENTED_EDGE('',*,*,#5015,.T.);
#5063 = ORIENTED_EDGE('',*,*,#5064,.T.);
#5064 = EDGE_CURVE('',#5016,#5065,#5067,.T.);
#5065 = VERTEX_POINT('',#5066);
#5066 = CARTESIAN_POINT('',(53.836694519044,-89.12061475842,-45.));
#5067 = LINE('',#5068,#5069);
#5068 = CARTESIAN_POINT('',(55.810267909405,-83.69826643277,-45.));
#5069 = VECTOR('',#5070,1.);
#5070 = DIRECTION('',(-0.342020143326,-0.939692620786,
    -2.505390641101E-16));
#5071 = ORIENTED_EDGE('',*,*,#5072,.T.);
#5072 = EDGE_CURVE('',#5065,#1030,#5073,.T.);
#5073 = LINE('',#5074,#5075);
#5074 = CARTESIAN_POINT('',(54.9486756196,-89.05887187513,
    -46.02380312485));
#5075 = VECTOR('',#5076,1.);
#5076 = DIRECTION('',(0.735060663124,4.081433102812E-02,-0.676771757619)
  );
#5077 = ORIENTED_EDGE('',*,*,#1037,.F.);
#5078 = PLANE('',#5079);
#5079 = AXIS2_PLACEMENT_3D('',#5080,#5081,#5082);
#5080 = CARTESIAN_POINT('',(56.749960530191,-84.04028657609,-46.));
#5081 = DIRECTION('',(0.664463024389,-0.241844762648,0.707106781187));
#5082 = DIRECTION('',(-0.342020143326,-0.939692620786,
    -9.578193826925E-16));
#5083 = ADVANCED_FACE('',(#5084),#5109,.T.);
#5084 = FACE_BOUND('',#5085,.T.);
#5085 = EDGE_LOOP('',(#5086,#5096,#5102,#5103));
#5086 = ORIENTED_EDGE('',*,*,#5087,.T.);
#5087 = EDGE_CURVE('',#5088,#5090,#5092,.T.);
#5088 = VERTEX_POINT('',#5089);
#5089 = CARTESIAN_POINT('',(55.152654232392,-91.,-45.));
#5090 = VERTEX_POINT('',#5091);
#5091 = CARTESIAN_POINT('',(100.5,-91.,-45.));
#5092 = LINE('',#5093,#5094);
#5093 = CARTESIAN_POINT('',(53.152654232392,-91.,-45.));
#5094 = VECTOR('',#5095,1.);
#5095 = DIRECTION('',(1.,0.,1.224646799147E-16));
#5096 = ORIENTED_EDGE('',*,*,#5097,.T.);
#5097 = EDGE_CURVE('',#5090,#1022,#5098,.T.);
#5098 = LINE('',#5099,#5100);
#5099 = CARTESIAN_POINT('',(100.5,-90.5,-45.5));
#5100 = VECTOR('',#5101,1.);
#5101 = DIRECTION('',(-4.913107378974E-15,0.707106781187,-0.707106781187
    ));
#5102 = ORIENTED_EDGE('',*,*,#1029,.F.);
#5103 = ORIENTED_EDGE('',*,*,#5104,.T.);
#5104 = EDGE_CURVE('',#1030,#5088,#5105,.T.);
#5105 = LINE('',#5106,#5107);
#5106 = CARTESIAN_POINT('',(55.393824694936,-90.43671240144,
    -45.56328759855));
#5107 = VECTOR('',#5108,1.);
#5108 = DIRECTION('',(-0.289758479044,-0.676771757619,0.676771757619));
#5109 = PLANE('',#5110);
#5110 = AXIS2_PLACEMENT_3D('',#5111,#5112,#5113);
#5111 = CARTESIAN_POINT('',(53.152654232392,-90.,-46.));
#5112 = DIRECTION('',(-8.659560562355E-17,0.707106781187,0.707106781187)
  );
#5113 = DIRECTION('',(1.,0.,1.224646799147E-16));
#5114 = ADVANCED_FACE('',(#5115),#5147,.F.);
#5115 = FACE_BOUND('',#5116,.F.);
#5116 = EDGE_LOOP('',(#5117,#5118,#5124,#5125,#5133,#5141));
#5117 = ORIENTED_EDGE('',*,*,#1219,.T.);
#5118 = ORIENTED_EDGE('',*,*,#5119,.F.);
#5119 = EDGE_CURVE('',#918,#1220,#5120,.T.);
#5120 = LINE('',#5121,#5122);
#5121 = CARTESIAN_POINT('',(1.14,84.,-47.));
#5122 = VECTOR('',#5123,1.);
#5123 = DIRECTION('',(-1.224646799147E-16,0.,1.));
#5124 = ORIENTED_EDGE('',*,*,#917,.F.);
#5125 = ORIENTED_EDGE('',*,*,#5126,.F.);
#5126 = EDGE_CURVE('',#5127,#910,#5129,.T.);
#5127 = VERTEX_POINT('',#5128);
#5128 = CARTESIAN_POINT('',(-9.999999999991E-03,84.,-47.));
#5129 = LINE('',#5130,#5131);
#5130 = CARTESIAN_POINT('',(-8.,84.,-47.));
#5131 = VECTOR('',#5132,1.);
#5132 = DIRECTION('',(1.,0.,1.224646799147E-16));
#5133 = ORIENTED_EDGE('',*,*,#5134,.T.);
#5134 = EDGE_CURVE('',#5127,#5135,#5137,.T.);
#5135 = VERTEX_POINT('',#5136);
#5136 = CARTESIAN_POINT('',(-5.,84.,-42.01));
#5137 = LINE('',#5138,#5139);
#5138 = CARTESIAN_POINT('',(-4.005,84.,-43.005));
#5139 = VECTOR('',#5140,1.);
#5140 = DIRECTION('',(-0.707106781187,0.,0.707106781187));
#5141 = ORIENTED_EDGE('',*,*,#5142,.T.);
#5142 = EDGE_CURVE('',#5135,#1212,#5143,.T.);
#5143 = LINE('',#5144,#5145);
#5144 = CARTESIAN_POINT('',(-5.,84.,-39.01));
#5145 = VECTOR('',#5146,1.);
#5146 = DIRECTION('',(-1.224646799147E-16,0.,1.));
#5147 = PLANE('',#5148);
#5148 = AXIS2_PLACEMENT_3D('',#5149,#5150,#5151);
#5149 = CARTESIAN_POINT('',(-8.,84.,-47.));
#5150 = DIRECTION('',(0.,1.,0.));
#5151 = DIRECTION('',(1.,0.,1.224646799147E-16));
#5152 = ADVANCED_FACE('',(#5153),#5178,.F.);
#5153 = FACE_BOUND('',#5154,.F.);
#5154 = EDGE_LOOP('',(#5155,#5163,#5171,#5177));
#5155 = ORIENTED_EDGE('',*,*,#5156,.T.);
#5156 = EDGE_CURVE('',#1014,#5157,#5159,.T.);
#5157 = VERTEX_POINT('',#5158);
#5158 = CARTESIAN_POINT('',(102.5,-75.5,-45.));
#5159 = LINE('',#5160,#5161);
#5160 = CARTESIAN_POINT('',(101.5,-75.5,-46.));
#5161 = VECTOR('',#5162,1.);
#5162 = DIRECTION('',(0.707106781187,3.159825549062E-15,0.707106781187)
  );
#5163 = ORIENTED_EDGE('',*,*,#5164,.T.);
#5164 = EDGE_CURVE('',#5157,#5165,#5167,.T.);
#5165 = VERTEX_POINT('',#5166);
#5166 = CARTESIAN_POINT('',(102.5,-89.,-45.));
#5167 = LINE('',#5168,#5169);
#5168 = CARTESIAN_POINT('',(102.5,-73.5,-45.));
#5169 = VECTOR('',#5170,1.);
#5170 = DIRECTION('',(0.,-1.,-0.));
#5171 = ORIENTED_EDGE('',*,*,#5172,.F.);
#5172 = EDGE_CURVE('',#1022,#5165,#5173,.T.);
#5173 = LINE('',#5174,#5175);
#5174 = CARTESIAN_POINT('',(101.5,-89.,-46.));
#5175 = VECTOR('',#5176,1.);
#5176 = DIRECTION('',(0.707106781187,-4.999702984597E-15,0.707106781187)
  );
#5177 = ORIENTED_EDGE('',*,*,#1021,.F.);
#5178 = PLANE('',#5179);
#5179 = AXIS2_PLACEMENT_3D('',#5180,#5181,#5182);
#5180 = CARTESIAN_POINT('',(101.5,-73.5,-46.));
#5181 = DIRECTION('',(0.707106781187,4.903554850278E-16,-0.707106781187)
  );
#5182 = DIRECTION('',(3.467336886552E-16,-1.,-3.467336886552E-16));
#5183 = ADVANCED_FACE('',(#5184),#5195,.T.);
#5184 = FACE_BOUND('',#5185,.T.);
#5185 = EDGE_LOOP('',(#5186,#5187,#5193,#5194));
#5186 = ORIENTED_EDGE('',*,*,#925,.F.);
#5187 = ORIENTED_EDGE('',*,*,#5188,.T.);
#5188 = EDGE_CURVE('',#926,#1228,#5189,.T.);
#5189 = LINE('',#5190,#5191);
#5190 = CARTESIAN_POINT('',(6.14,89.,-47.));
#5191 = VECTOR('',#5192,1.);
#5192 = DIRECTION('',(-1.224646799147E-16,0.,1.));
#5193 = ORIENTED_EDGE('',*,*,#1227,.T.);
#5194 = ORIENTED_EDGE('',*,*,#5119,.F.);
#5195 = PLANE('',#5196);
#5196 = AXIS2_PLACEMENT_3D('',#5197,#5198,#5199);
#5197 = CARTESIAN_POINT('',(3.64,86.5,-47.));
#5198 = DIRECTION('',(0.707106781187,-0.707106781187,8.659560562355E-17)
  );
#5199 = DIRECTION('',(-1.224646799147E-16,0.,1.));
#5200 = ADVANCED_FACE('',(#5201),#5219,.T.);
#5201 = FACE_BOUND('',#5202,.T.);
#5202 = EDGE_LOOP('',(#5203,#5211,#5212,#5213));
#5203 = ORIENTED_EDGE('',*,*,#5204,.F.);
#5204 = EDGE_CURVE('',#1006,#5205,#5207,.T.);
#5205 = VERTEX_POINT('',#5206);
#5206 = CARTESIAN_POINT('',(103.91421356237,-72.08578643762,-45.));
#5207 = LINE('',#5208,#5209);
#5208 = CARTESIAN_POINT('',(102.85355339059,-71.02512626584,-46.5));
#5209 = VECTOR('',#5210,1.);
#5210 = DIRECTION('',(0.5,-0.5,0.707106781187));
#5211 = ORIENTED_EDGE('',*,*,#1013,.T.);
#5212 = ORIENTED_EDGE('',*,*,#5156,.T.);
#5213 = ORIENTED_EDGE('',*,*,#5214,.F.);
#5214 = EDGE_CURVE('',#5205,#5157,#5215,.T.);
#5215 = LINE('',#5216,#5217);
#5216 = CARTESIAN_POINT('',(103.70710678118,-72.58578643762,-45.));
#5217 = VECTOR('',#5218,1.);
#5218 = DIRECTION('',(-0.382683432365,-0.923879532511,
    -1.286678663754E-16));
#5219 = PLANE('',#5220);
#5220 = AXIS2_PLACEMENT_3D('',#5221,#5222,#5223);
#5221 = CARTESIAN_POINT('',(102.5,-70.67157287525,-47.));
#5222 = DIRECTION('',(-0.678598344546,0.281084637715,0.678598344546));
#5223 = DIRECTION('',(-0.382683432365,-0.923879532511,
    -4.686520405326E-17));
#5224 = ADVANCED_FACE('',(#5225),#5258,.T.);
#5225 = FACE_BOUND('',#5226,.T.);
#5226 = EDGE_LOOP('',(#5227,#5237,#5243,#5244,#5252));
#5227 = ORIENTED_EDGE('',*,*,#5228,.T.);
#5228 = EDGE_CURVE('',#5229,#5231,#5233,.T.);
#5229 = VERTEX_POINT('',#5230);
#5230 = CARTESIAN_POINT('',(8.13,91.,-45.));
#5231 = VERTEX_POINT('',#5232);
#5232 = CARTESIAN_POINT('',(6.14,89.01,-46.99));
#5233 = LINE('',#5234,#5235);
#5234 = CARTESIAN_POINT('',(22.86,105.73,-30.27));
#5235 = VECTOR('',#5236,1.);
#5236 = DIRECTION('',(-0.57735026919,-0.57735026919,-0.57735026919));
#5237 = ORIENTED_EDGE('',*,*,#5238,.T.);
#5238 = EDGE_CURVE('',#5231,#926,#5239,.T.);
#5239 = LINE('',#5240,#5241);
#5240 = CARTESIAN_POINT('',(6.14,88.25,-47.75));
#5241 = VECTOR('',#5242,1.);
#5242 = DIRECTION('',(8.659560562355E-17,-0.707106781187,-0.707106781187
    ));
#5243 = ORIENTED_EDGE('',*,*,#933,.F.);
#5244 = ORIENTED_EDGE('',*,*,#5245,.T.);
#5245 = EDGE_CURVE('',#934,#5246,#5248,.T.);
#5246 = VERTEX_POINT('',#5247);
#5247 = CARTESIAN_POINT('',(100.5,91.,-45.));
#5248 = LINE('',#5249,#5250);
#5249 = CARTESIAN_POINT('',(100.5,90.,-46.));
#5250 = VECTOR('',#5251,1.);
#5251 = DIRECTION('',(-5.18244672454E-15,0.707106781187,0.707106781187)
  );
#5252 = ORIENTED_EDGE('',*,*,#5253,.T.);
#5253 = EDGE_CURVE('',#5246,#5229,#5254,.T.);
#5254 = LINE('',#5255,#5256);
#5255 = CARTESIAN_POINT('',(102.5,91.,-45.));
#5256 = VECTOR('',#5257,1.);
#5257 = DIRECTION('',(-1.,0.,-1.224646799147E-16));
#5258 = PLANE('',#5259);
#5259 = AXIS2_PLACEMENT_3D('',#5260,#5261,#5262);
#5260 = CARTESIAN_POINT('',(102.5,90.,-46.));
#5261 = DIRECTION('',(-8.659560562355E-17,-0.707106781187,0.707106781187
    ));
#5262 = DIRECTION('',(-1.,0.,-1.224646799147E-16));
#5263 = ADVANCED_FACE('',(#5264),#5282,.F.);
#5264 = FACE_BOUND('',#5265,.F.);
#5265 = EDGE_LOOP('',(#5266,#5274,#5280,#5281));
#5266 = ORIENTED_EDGE('',*,*,#5267,.T.);
#5267 = EDGE_CURVE('',#998,#5268,#5270,.T.);
#5268 = VERTEX_POINT('',#5269);
#5269 = CARTESIAN_POINT('',(106.08578643762,-69.91421356237,-45.));
#5270 = LINE('',#5271,#5272);
#5271 = CARTESIAN_POINT('',(105.37867965644,-69.20710678118,-46.));
#5272 = VECTOR('',#5273,1.);
#5273 = DIRECTION('',(0.5,-0.5,0.707106781187));
#5274 = ORIENTED_EDGE('',*,*,#5275,.T.);
#5275 = EDGE_CURVE('',#5268,#5205,#5276,.T.);
#5276 = LINE('',#5277,#5278);
#5277 = CARTESIAN_POINT('',(107.5,-68.5,-45.));
#5278 = VECTOR('',#5279,1.);
#5279 = DIRECTION('',(-0.707106781187,-0.707106781187,
    -2.436048514919E-16));
#5280 = ORIENTED_EDGE('',*,*,#5204,.F.);
#5281 = ORIENTED_EDGE('',*,*,#1005,.F.);
#5282 = PLANE('',#5283);
#5283 = AXIS2_PLACEMENT_3D('',#5284,#5285,#5286);
#5284 = CARTESIAN_POINT('',(106.79289321881,-67.79289321881,-46.));
#5285 = DIRECTION('',(0.5,-0.5,-0.707106781187));
#5286 = DIRECTION('',(-0.707106781187,-0.707106781187,
    -1.421067568548E-16));
#5287 = ADVANCED_FACE('',(#5288),#5313,.T.);
#5288 = FACE_BOUND('',#5289,.F.);
#5289 = EDGE_LOOP('',(#5290,#5298,#5306,#5312));
#5290 = ORIENTED_EDGE('',*,*,#5291,.F.);
#5291 = EDGE_CURVE('',#5292,#934,#5294,.T.);
#5292 = VERTEX_POINT('',#5293);
#5293 = CARTESIAN_POINT('',(102.5,89.,-45.));
#5294 = LINE('',#5295,#5296);
#5295 = CARTESIAN_POINT('',(102.,89.,-45.5));
#5296 = VECTOR('',#5297,1.);
#5297 = DIRECTION('',(-0.707106781187,-2.499851492299E-15,
    -0.707106781187));
#5298 = ORIENTED_EDGE('',*,*,#5299,.T.);
#5299 = EDGE_CURVE('',#5292,#5300,#5302,.T.);
#5300 = VERTEX_POINT('',#5301);
#5301 = CARTESIAN_POINT('',(102.5,75.5,-45.));
#5302 = LINE('',#5303,#5304);
#5303 = CARTESIAN_POINT('',(102.5,91.,-45.));
#5304 = VECTOR('',#5305,1.);
#5305 = DIRECTION('',(0.,-1.,-0.));
#5306 = ORIENTED_EDGE('',*,*,#5307,.F.);
#5307 = EDGE_CURVE('',#942,#5300,#5308,.T.);
#5308 = LINE('',#5309,#5310);
#5309 = CARTESIAN_POINT('',(101.,75.5,-46.5));
#5310 = VECTOR('',#5311,1.);
#5311 = DIRECTION('',(0.707106781187,-1.737904051984E-14,0.707106781187)
  );
#5312 = ORIENTED_EDGE('',*,*,#941,.F.);
#5313 = PLANE('',#5314);
#5314 = AXIS2_PLACEMENT_3D('',#5315,#5316,#5317);
#5315 = CARTESIAN_POINT('',(101.5,91.,-46.));
#5316 = DIRECTION('',(-0.707106781187,0.,0.707106781187));
#5317 = DIRECTION('',(0.,1.,0.));
#5318 = ADVANCED_FACE('',(#5319),#5337,.T.);
#5319 = FACE_BOUND('',#5320,.T.);
#5320 = EDGE_LOOP('',(#5321,#5329,#5330,#5331));
#5321 = ORIENTED_EDGE('',*,*,#5322,.F.);
#5322 = EDGE_CURVE('',#990,#5323,#5325,.T.);
#5323 = VERTEX_POINT('',#5324);
#5324 = CARTESIAN_POINT('',(109.5,-68.5,-45.));
#5325 = LINE('',#5326,#5327);
#5326 = CARTESIAN_POINT('',(109.5,-67.,-46.5));
#5327 = VECTOR('',#5328,1.);
#5328 = DIRECTION('',(-8.659560562355E-17,-0.707106781187,0.707106781187
    ));
#5329 = ORIENTED_EDGE('',*,*,#997,.T.);
#5330 = ORIENTED_EDGE('',*,*,#5267,.T.);
#5331 = ORIENTED_EDGE('',*,*,#5332,.F.);
#5332 = EDGE_CURVE('',#5323,#5268,#5333,.T.);
#5333 = LINE('',#5334,#5335);
#5334 = CARTESIAN_POINT('',(109.,-68.70710678118,-45.));
#5335 = VECTOR('',#5336,1.);
#5336 = DIRECTION('',(-0.923879532511,-0.382683432365,
    -1.994603844638E-15));
#5337 = PLANE('',#5338);
#5338 = AXIS2_PLACEMENT_3D('',#5339,#5340,#5341);
#5339 = CARTESIAN_POINT('',(109.5,-66.5,-47.));
#5340 = DIRECTION('',(-0.281084637715,0.678598344546,0.678598344546));
#5341 = DIRECTION('',(-0.923879532511,-0.382683432365,
    -2.056032904323E-15));
#5342 = ADVANCED_FACE('',(#5343),#5361,.T.);
#5343 = FACE_BOUND('',#5344,.T.);
#5344 = EDGE_LOOP('',(#5345,#5346,#5347,#5355));
#5345 = ORIENTED_EDGE('',*,*,#5307,.F.);
#5346 = ORIENTED_EDGE('',*,*,#949,.T.);
#5347 = ORIENTED_EDGE('',*,*,#5348,.T.);
#5348 = EDGE_CURVE('',#950,#5349,#5351,.T.);
#5349 = VERTEX_POINT('',#5350);
#5350 = CARTESIAN_POINT('',(103.91421356237,72.085786437627,-45.));
#5351 = LINE('',#5352,#5353);
#5352 = CARTESIAN_POINT('',(103.20710678118,71.37867965644,-46.));
#5353 = VECTOR('',#5354,1.);
#5354 = DIRECTION('',(0.5,0.5,0.707106781187));
#5355 = ORIENTED_EDGE('',*,*,#5356,.F.);
#5356 = EDGE_CURVE('',#5300,#5349,#5357,.T.);
#5357 = LINE('',#5358,#5359);
#5358 = CARTESIAN_POINT('',(102.70710678118,75.,-45.));
#5359 = VECTOR('',#5360,1.);
#5360 = DIRECTION('',(0.382683432365,-0.923879532511,-1.916398691678E-15
    ));
#5361 = PLANE('',#5362);
#5362 = AXIS2_PLACEMENT_3D('',#5363,#5364,#5365);
#5363 = CARTESIAN_POINT('',(100.5,75.5,-47.));
#5364 = DIRECTION('',(-0.678598344546,-0.281084637715,0.678598344546));
#5365 = DIRECTION('',(0.382683432365,-0.923879532511,-1.923780664656E-15
    ));
#5366 = ADVANCED_FACE('',(#5367),#5385,.T.);
#5367 = FACE_BOUND('',#5368,.F.);
#5368 = EDGE_LOOP('',(#5369,#5377,#5383,#5384));
#5369 = ORIENTED_EDGE('',*,*,#5370,.F.);
#5370 = EDGE_CURVE('',#5371,#982,#5373,.T.);
#5371 = VERTEX_POINT('',#5372);
#5372 = CARTESIAN_POINT('',(115.5,-68.5,-45.));
#5373 = LINE('',#5374,#5375);
#5374 = CARTESIAN_POINT('',(115.5,-68.,-45.5));
#5375 = VECTOR('',#5376,1.);
#5376 = DIRECTION('',(8.659560562355E-17,0.707106781187,-0.707106781187)
  );
#5377 = ORIENTED_EDGE('',*,*,#5378,.T.);
#5378 = EDGE_CURVE('',#5371,#5323,#5379,.T.);
#5379 = LINE('',#5380,#5381);
#5380 = CARTESIAN_POINT('',(117.5,-68.5,-45.));
#5381 = VECTOR('',#5382,1.);
#5382 = DIRECTION('',(-1.,0.,-1.224646799147E-16));
#5383 = ORIENTED_EDGE('',*,*,#5322,.F.);
#5384 = ORIENTED_EDGE('',*,*,#989,.F.);
#5385 = PLANE('',#5386);
#5386 = AXIS2_PLACEMENT_3D('',#5387,#5388,#5389);
#5387 = CARTESIAN_POINT('',(117.5,-67.5,-46.));
#5388 = DIRECTION('',(-8.659560562355E-17,0.707106781187,0.707106781187)
  );
#5389 = DIRECTION('',(1.,-0.,1.224646799147E-16));
#5390 = ADVANCED_FACE('',(#5391),#5409,.F.);
#5391 = FACE_BOUND('',#5392,.F.);
#5392 = EDGE_LOOP('',(#5393,#5394,#5402,#5408));
#5393 = ORIENTED_EDGE('',*,*,#5348,.T.);
#5394 = ORIENTED_EDGE('',*,*,#5395,.T.);
#5395 = EDGE_CURVE('',#5349,#5396,#5398,.T.);
#5396 = VERTEX_POINT('',#5397);
#5397 = CARTESIAN_POINT('',(106.08578643762,69.914213562373,-45.));
#5398 = LINE('',#5399,#5400);
#5399 = CARTESIAN_POINT('',(102.5,73.5,-45.));
#5400 = VECTOR('',#5401,1.);
#5401 = DIRECTION('',(0.707106781187,-0.707106781187,-7.041364024483E-17
    ));
#5402 = ORIENTED_EDGE('',*,*,#5403,.F.);
#5403 = EDGE_CURVE('',#958,#5396,#5404,.T.);
#5404 = LINE('',#5405,#5406);
#5405 = CARTESIAN_POINT('',(105.02512626584,68.853553390593,-46.5));
#5406 = VECTOR('',#5407,1.);
#5407 = DIRECTION('',(0.5,0.5,0.707106781187));
#5408 = ORIENTED_EDGE('',*,*,#957,.F.);
#5409 = PLANE('',#5410);
#5410 = AXIS2_PLACEMENT_3D('',#5411,#5412,#5413);
#5411 = CARTESIAN_POINT('',(101.79289321881,72.792893218813,-46.));
#5412 = DIRECTION('',(0.5,0.5,-0.707106781187));
#5413 = DIRECTION('',(0.707106781187,-0.707106781187,3.108445439229E-17)
  );
#5414 = ADVANCED_FACE('',(#5415),#5440,.F.);
#5415 = FACE_BOUND('',#5416,.T.);
#5416 = EDGE_LOOP('',(#5417,#5427,#5433,#5434));
#5417 = ORIENTED_EDGE('',*,*,#5418,.T.);
#5418 = EDGE_CURVE('',#5419,#5421,#5423,.T.);
#5419 = VERTEX_POINT('',#5420);
#5420 = CARTESIAN_POINT('',(117.5,-66.5,-45.));
#5421 = VERTEX_POINT('',#5422);
#5422 = CARTESIAN_POINT('',(117.5,66.5,-45.));
#5423 = LINE('',#5424,#5425);
#5424 = CARTESIAN_POINT('',(117.5,-68.5,-45.));
#5425 = VECTOR('',#5426,1.);
#5426 = DIRECTION('',(-2.719262146894E-32,1.,2.22044604925E-16));
#5427 = ORIENTED_EDGE('',*,*,#5428,.F.);
#5428 = EDGE_CURVE('',#974,#5421,#5429,.T.);
#5429 = LINE('',#5430,#5431);
#5430 = CARTESIAN_POINT('',(116.5,66.5,-46.));
#5431 = VECTOR('',#5432,1.);
#5432 = DIRECTION('',(0.707106781187,4.999702984597E-15,0.707106781187)
  );
#5433 = ORIENTED_EDGE('',*,*,#981,.F.);
#5434 = ORIENTED_EDGE('',*,*,#5435,.T.);
#5435 = EDGE_CURVE('',#982,#5419,#5436,.T.);
#5436 = LINE('',#5437,#5438);
#5437 = CARTESIAN_POINT('',(116.5,-66.5,-46.));
#5438 = VECTOR('',#5439,1.);
#5439 = DIRECTION('',(0.707106781187,-2.595999626618E-15,0.707106781187)
  );
#5440 = PLANE('',#5441);
#5441 = AXIS2_PLACEMENT_3D('',#5442,#5443,#5444);
#5442 = CARTESIAN_POINT('',(116.5,-68.5,-46.));
#5443 = DIRECTION('',(0.707106781187,0.,-0.707106781187));
#5444 = DIRECTION('',(-1.110223024625E-16,-1.,-1.110223024625E-16));
#5445 = ADVANCED_FACE('',(#5446),#5464,.T.);
#5446 = FACE_BOUND('',#5447,.T.);
#5447 = EDGE_LOOP('',(#5448,#5449,#5450,#5458));
#5448 = ORIENTED_EDGE('',*,*,#5403,.F.);
#5449 = ORIENTED_EDGE('',*,*,#965,.T.);
#5450 = ORIENTED_EDGE('',*,*,#5451,.T.);
#5451 = EDGE_CURVE('',#966,#5452,#5454,.T.);
#5452 = VERTEX_POINT('',#5453);
#5453 = CARTESIAN_POINT('',(109.5,68.5,-45.));
#5454 = LINE('',#5455,#5456);
#5455 = CARTESIAN_POINT('',(109.5,67.5,-46.));
#5456 = VECTOR('',#5457,1.);
#5457 = DIRECTION('',(-2.003299438408E-14,0.707106781187,0.707106781187)
  );
#5458 = ORIENTED_EDGE('',*,*,#5459,.F.);
#5459 = EDGE_CURVE('',#5396,#5452,#5460,.T.);
#5460 = LINE('',#5461,#5462);
#5461 = CARTESIAN_POINT('',(106.58578643762,69.707106781187,-45.));
#5462 = VECTOR('',#5463,1.);
#5463 = DIRECTION('',(0.923879532511,-0.382683432365,1.994603844638E-15)
  );
#5464 = PLANE('',#5465);
#5465 = AXIS2_PLACEMENT_3D('',#5466,#5467,#5468);
#5466 = CARTESIAN_POINT('',(104.67157287525,68.5,-47.));
#5467 = DIRECTION('',(-0.281084637715,-0.678598344546,0.678598344546));
#5468 = DIRECTION('',(0.923879532511,-0.382683432365,2.028277328707E-15)
  );
#5469 = ADVANCED_FACE('',(#5470),#5488,.F.);
#5470 = FACE_BOUND('',#5471,.F.);
#5471 = EDGE_LOOP('',(#5472,#5473,#5481,#5487));
#5472 = ORIENTED_EDGE('',*,*,#5451,.T.);
#5473 = ORIENTED_EDGE('',*,*,#5474,.T.);
#5474 = EDGE_CURVE('',#5452,#5475,#5477,.T.);
#5475 = VERTEX_POINT('',#5476);
#5476 = CARTESIAN_POINT('',(115.5,68.5,-45.));
#5477 = LINE('',#5478,#5479);
#5478 = CARTESIAN_POINT('',(107.5,68.5,-45.));
#5479 = VECTOR('',#5480,1.);
#5480 = DIRECTION('',(1.,0.,1.224646799147E-16));
#5481 = ORIENTED_EDGE('',*,*,#5482,.T.);
#5482 = EDGE_CURVE('',#5475,#974,#5483,.T.);
#5483 = LINE('',#5484,#5485);
#5484 = CARTESIAN_POINT('',(115.5,68.,-45.5));
#5485 = VECTOR('',#5486,1.);
#5486 = DIRECTION('',(7.58615008252E-15,-0.707106781187,-0.707106781187)
  );
#5487 = ORIENTED_EDGE('',*,*,#973,.F.);
#5488 = PLANE('',#5489);
#5489 = AXIS2_PLACEMENT_3D('',#5490,#5491,#5492);
#5490 = CARTESIAN_POINT('',(107.5,67.5,-46.));
#5491 = DIRECTION('',(8.659560562355E-17,0.707106781187,-0.707106781187)
  );
#5492 = DIRECTION('',(1.,0.,1.224646799147E-16));
#5493 = ADVANCED_FACE('',(#5494),#5513,.T.);
#5494 = FACE_BOUND('',#5495,.T.);
#5495 = EDGE_LOOP('',(#5496,#5504,#5505,#5506));
#5496 = ORIENTED_EDGE('',*,*,#5497,.F.);
#5497 = EDGE_CURVE('',#1086,#5498,#5500,.T.);
#5498 = VERTEX_POINT('',#5499);
#5499 = CARTESIAN_POINT('',(67.04739,-57.947861,-44.));
#5500 = LINE('',#5501,#5502);
#5501 = CARTESIAN_POINT('',(67.04739,-57.947861,-44.));
#5502 = VECTOR('',#5503,1.);
#5503 = DIRECTION('',(0.707106781187,1.278503859214E-15,0.707106781187)
  );
#5504 = ORIENTED_EDGE('',*,*,#1085,.T.);
#5505 = ORIENTED_EDGE('',*,*,#5497,.T.);
#5506 = ORIENTED_EDGE('',*,*,#5507,.F.);
#5507 = EDGE_CURVE('',#5498,#5498,#5508,.T.);
#5508 = CIRCLE('',#5509,3.5);
#5509 = AXIS2_PLACEMENT_3D('',#5510,#5511,#5512);
#5510 = CARTESIAN_POINT('',(70.54739,-57.947861,-44.));
#5511 = DIRECTION('',(-1.224646799147E-16,-2.22044604925E-16,1.));
#5512 = DIRECTION('',(-1.,-2.030122102172E-15,-1.224646799147E-16));
#5513 = CONICAL_SURFACE('',#5514,3.5,0.785398163397);
#5514 = AXIS2_PLACEMENT_3D('',#5515,#5516,#5517);
#5515 = CARTESIAN_POINT('',(70.54739,-57.947861,-44.));
#5516 = DIRECTION('',(1.224646799147E-16,2.22044604925E-16,-1.));
#5517 = DIRECTION('',(-1.,-2.030122102172E-15,-1.224646799147E-16));
#5518 = ADVANCED_FACE('',(#5519),#5538,.T.);
#5519 = FACE_BOUND('',#5520,.T.);
#5520 = EDGE_LOOP('',(#5521,#5529,#5530,#5531));
#5521 = ORIENTED_EDGE('',*,*,#5522,.F.);
#5522 = EDGE_CURVE('',#1097,#5523,#5525,.T.);
#5523 = VERTEX_POINT('',#5524);
#5524 = CARTESIAN_POINT('',(66.552175,57.04528,-44.));
#5525 = LINE('',#5526,#5527);
#5526 = CARTESIAN_POINT('',(66.552175,57.04528,-44.));
#5527 = VECTOR('',#5528,1.);
#5528 = DIRECTION('',(0.707106781187,3.611212654973E-15,0.707106781187)
  );
#5529 = ORIENTED_EDGE('',*,*,#1096,.T.);
#5530 = ORIENTED_EDGE('',*,*,#5522,.T.);
#5531 = ORIENTED_EDGE('',*,*,#5532,.F.);
#5532 = EDGE_CURVE('',#5523,#5523,#5533,.T.);
#5533 = CIRCLE('',#5534,4.);
#5534 = AXIS2_PLACEMENT_3D('',#5535,#5536,#5537);
#5535 = CARTESIAN_POINT('',(70.552175,57.04528,-44.));
#5536 = DIRECTION('',(-1.224646799147E-16,-2.22044604925E-16,1.));
#5537 = DIRECTION('',(-1.,-5.329070518201E-15,-1.224646799147E-16));
#5538 = CONICAL_SURFACE('',#5539,4.,0.785398163397);
#5539 = AXIS2_PLACEMENT_3D('',#5540,#5541,#5542);
#5540 = CARTESIAN_POINT('',(70.552175,57.04528,-44.));
#5541 = DIRECTION('',(1.224646799147E-16,2.22044604925E-16,-1.));
#5542 = DIRECTION('',(-1.,-5.329070518201E-15,-1.224646799147E-16));
#5543 = ADVANCED_FACE('',(#5544,#5560,#5637,#5714,#5791,#5802),#5879,.T.
  );
#5544 = FACE_BOUND('',#5545,.T.);
#5545 = EDGE_LOOP('',(#5546,#5547,#5553,#5554));
#5546 = ORIENTED_EDGE('',*,*,#1113,.F.);
#5547 = ORIENTED_EDGE('',*,*,#5548,.T.);
#5548 = EDGE_CURVE('',#1114,#4969,#5549,.T.);
#5549 = LINE('',#5550,#5551);
#5550 = CARTESIAN_POINT('',(53.930882667834,-83.01422614612,
    -2.181708114697E-14));
#5551 = VECTOR('',#5552,1.);
#5552 = DIRECTION('',(1.224646799147E-16,0.,-1.));
#5553 = ORIENTED_EDGE('',*,*,#4968,.F.);
#5554 = ORIENTED_EDGE('',*,*,#5555,.F.);
#5555 = EDGE_CURVE('',#1116,#4920,#5556,.T.);
#5556 = LINE('',#5557,#5558);
#5557 = CARTESIAN_POINT('',(14.411357746586,-68.63029540244,
    -1.955139975923E-14));
#5558 = VECTOR('',#5559,1.);
#5559 = DIRECTION('',(1.224646799147E-16,0.,-1.));
#5560 = FACE_BOUND('',#5561,.T.);
#5561 = EDGE_LOOP('',(#5562,#5572,#5580,#5589,#5597,#5605,#5614,#5622,
    #5630));
#5562 = ORIENTED_EDGE('',*,*,#5563,.T.);
#5563 = EDGE_CURVE('',#5564,#5566,#5568,.T.);
#5564 = VERTEX_POINT('',#5565);
#5565 = CARTESIAN_POINT('',(47.527228614056,-80.68348668,-37.08596674489
    ));
#5566 = VERTEX_POINT('',#5567);
#5567 = CARTESIAN_POINT('',(47.063700361284,-80.51477619325,
    -37.95212707938));
#5568 = LINE('',#5569,#5570);
#5569 = CARTESIAN_POINT('',(49.491047269012,-81.3982582159,
    -33.41632673294));
#5570 = VECTOR('',#5571,1.);
#5571 = DIRECTION('',(-0.465029139514,0.169256764849,-0.868964928496));
#5572 = ORIENTED_EDGE('',*,*,#5573,.T.);
#5573 = EDGE_CURVE('',#5566,#5574,#5576,.T.);
#5574 = VERTEX_POINT('',#5575);
#5575 = CARTESIAN_POINT('',(48.000343759549,-80.85568651034,
    -37.94623686063));
#5576 = LINE('',#5577,#5578);
#5577 = CARTESIAN_POINT('',(40.657760418789,-78.18320473169,
    -37.9924117679));
#5578 = VECTOR('',#5579,1.);
#5579 = DIRECTION('',(0.939676213741,-0.34201417165,5.909291052281E-03)
  );
#5580 = ORIENTED_EDGE('',*,*,#5581,.F.);
#5581 = EDGE_CURVE('',#5582,#5574,#5584,.T.);
#5582 = VERTEX_POINT('',#5583);
#5583 = CARTESIAN_POINT('',(50.516116743231,-81.77135299258,
    -37.93041605495));
#5584 = CIRCLE('',#5585,1.9);
#5585 = AXIS2_PLACEMENT_3D('',#5586,#5587,#5588);
#5586 = CARTESIAN_POINT('',(49.250742975489,-81.3107946059,-36.59));
#5587 = DIRECTION('',(0.342020143326,0.939692620786,-7.777526983175E-16)
  );
#5588 = DIRECTION('',(0.939692620786,-0.342020143326,1.387778780781E-16)
  );
#5589 = ORIENTED_EDGE('',*,*,#5590,.T.);
#5590 = EDGE_CURVE('',#5582,#5591,#5593,.T.);
#5591 = VERTEX_POINT('',#5592);
#5592 = CARTESIAN_POINT('',(51.452760141496,-82.11226330967,
    -37.9245258362));
#5593 = LINE('',#5594,#5595);
#5594 = CARTESIAN_POINT('',(40.657760418789,-78.18320473169,
    -37.9924117679));
#5595 = VECTOR('',#5596,1.);
#5596 = DIRECTION('',(0.939676213741,-0.34201417165,5.909291052281E-03)
  );
#5597 = ORIENTED_EDGE('',*,*,#5598,.T.);
#5598 = EDGE_CURVE('',#5591,#5599,#5601,.T.);
#5599 = VERTEX_POINT('',#5600);
#5600 = CARTESIAN_POINT('',(50.979644996002,-81.94006347933,
    -37.06425572046));
#5601 = LINE('',#5602,#5603);
#5602 = CARTESIAN_POINT('',(46.293704162461,-80.23452049638,
    -28.54376149914));
#5603 = VECTOR('',#5604,1.);
#5604 = DIRECTION('',(-0.474647074227,0.1727574068,0.863055637444));
#5605 = ORIENTED_EDGE('',*,*,#5606,.F.);
#5606 = EDGE_CURVE('',#5607,#5599,#5609,.T.);
#5607 = VERTEX_POINT('',#5608);
#5608 = CARTESIAN_POINT('',(49.70888356918,-81.47754414511,
    -34.75361720015));
#5609 = CIRCLE('',#5610,1.9);
#5610 = AXIS2_PLACEMENT_3D('',#5611,#5612,#5613);
#5611 = CARTESIAN_POINT('',(49.250742975489,-81.3107946059,-36.59));
#5612 = DIRECTION('',(0.342020143326,0.939692620786,-7.777526983175E-16)
  );
#5613 = DIRECTION('',(0.939692620786,-0.342020143326,1.387778780781E-16)
  );
#5614 = ORIENTED_EDGE('',*,*,#5615,.T.);
#5615 = EDGE_CURVE('',#5607,#5616,#5618,.T.);
#5616 = VERTEX_POINT('',#5617);
#5617 = CARTESIAN_POINT('',(49.235768423687,-81.30534431477,
    -33.89334708441));
#5618 = LINE('',#5619,#5620);
#5619 = CARTESIAN_POINT('',(46.293704162461,-80.23452049638,
    -28.54376149914));
#5620 = VECTOR('',#5621,1.);
#5621 = DIRECTION('',(-0.474647074227,0.1727574068,0.863055637444));
#5622 = ORIENTED_EDGE('',*,*,#5623,.T.);
#5623 = EDGE_CURVE('',#5616,#5624,#5626,.T.);
#5624 = VERTEX_POINT('',#5625);
#5625 = CARTESIAN_POINT('',(48.772240170915,-81.13663382802,
    -34.75950741889));
#5626 = LINE('',#5627,#5628);
#5627 = CARTESIAN_POINT('',(49.491047269012,-81.3982582159,
    -33.41632673294));
#5628 = VECTOR('',#5629,1.);
#5629 = DIRECTION('',(-0.465029139514,0.169256764849,-0.868964928496));
#5630 = ORIENTED_EDGE('',*,*,#5631,.F.);
#5631 = EDGE_CURVE('',#5564,#5624,#5632,.T.);
#5632 = CIRCLE('',#5633,1.9);
#5633 = AXIS2_PLACEMENT_3D('',#5634,#5635,#5636);
#5634 = CARTESIAN_POINT('',(49.250742975489,-81.3107946059,-36.59));
#5635 = DIRECTION('',(0.342020143326,0.939692620786,-7.777526983175E-16)
  );
#5636 = DIRECTION('',(0.939692620786,-0.342020143326,1.387778780781E-16)
  );
#5637 = FACE_BOUND('',#5638,.T.);
#5638 = EDGE_LOOP('',(#5639,#5649,#5657,#5666,#5674,#5682,#5691,#5699,
    #5707));
#5639 = ORIENTED_EDGE('',*,*,#5640,.T.);
#5640 = EDGE_CURVE('',#5641,#5643,#5645,.T.);
#5641 = VERTEX_POINT('',#5642);
#5642 = CARTESIAN_POINT('',(17.306713929581,-69.68411887065,
    -37.08596674489));
#5643 = VERTEX_POINT('',#5644);
#5644 = CARTESIAN_POINT('',(16.84318567681,-69.5154083839,
    -37.95212707938));
#5645 = LINE('',#5646,#5647);
#5646 = CARTESIAN_POINT('',(22.971033898134,-71.74576273656,
    -26.50147863819));
#5647 = VECTOR('',#5648,1.);
#5648 = DIRECTION('',(-0.465029139514,0.169256764849,-0.868964928496));
#5649 = ORIENTED_EDGE('',*,*,#5650,.T.);
#5650 = EDGE_CURVE('',#5643,#5651,#5653,.T.);
#5651 = VERTEX_POINT('',#5652);
#5652 = CARTESIAN_POINT('',(17.779829075074,-69.85631870099,
    -37.94623686063));
#5653 = LINE('',#5654,#5655);
#5654 = CARTESIAN_POINT('',(25.546975430585,-72.68332877959,
    -37.89739202686));
#5655 = VECTOR('',#5656,1.);
#5656 = DIRECTION('',(0.939676213741,-0.34201417165,5.909291052281E-03)
  );
#5657 = ORIENTED_EDGE('',*,*,#5658,.F.);
#5658 = EDGE_CURVE('',#5659,#5651,#5661,.T.);
#5659 = VERTEX_POINT('',#5660);
#5660 = CARTESIAN_POINT('',(20.295602058756,-70.77198518322,
    -37.93041605495));
#5661 = CIRCLE('',#5662,1.9);
#5662 = AXIS2_PLACEMENT_3D('',#5663,#5664,#5665);
#5663 = CARTESIAN_POINT('',(19.030228291014,-70.31142679654,-36.59));
#5664 = DIRECTION('',(0.342020143326,0.939692620786,-7.777526983175E-16)
  );
#5665 = DIRECTION('',(0.939692620786,-0.342020143326,1.387778780781E-16)
  );
#5666 = ORIENTED_EDGE('',*,*,#5667,.T.);
#5667 = EDGE_CURVE('',#5659,#5668,#5670,.T.);
#5668 = VERTEX_POINT('',#5669);
#5669 = CARTESIAN_POINT('',(21.232245457021,-71.11289550031,
    -37.9245258362));
#5670 = LINE('',#5671,#5672);
#5671 = CARTESIAN_POINT('',(25.546975430585,-72.68332877959,
    -37.89739202686));
#5672 = VECTOR('',#5673,1.);
#5673 = DIRECTION('',(0.939676213741,-0.34201417165,5.909291052281E-03)
  );
#5674 = ORIENTED_EDGE('',*,*,#5675,.T.);
#5675 = EDGE_CURVE('',#5668,#5676,#5678,.T.);
#5676 = VERTEX_POINT('',#5677);
#5677 = CARTESIAN_POINT('',(20.759130311527,-70.94069566997,
    -37.06425572046));
#5678 = LINE('',#5679,#5680);
#5679 = CARTESIAN_POINT('',(19.92834448147,-70.63831435678,
    -35.55362933494));
#5680 = VECTOR('',#5681,1.);
#5681 = DIRECTION('',(-0.474647074227,0.1727574068,0.863055637444));
#5682 = ORIENTED_EDGE('',*,*,#5683,.F.);
#5683 = EDGE_CURVE('',#5684,#5676,#5686,.T.);
#5684 = VERTEX_POINT('',#5685);
#5685 = CARTESIAN_POINT('',(19.488368884705,-70.47817633575,
    -34.75361720015));
#5686 = CIRCLE('',#5687,1.9);
#5687 = AXIS2_PLACEMENT_3D('',#5688,#5689,#5690);
#5688 = CARTESIAN_POINT('',(19.030228291014,-70.31142679654,-36.59));
#5689 = DIRECTION('',(0.342020143326,0.939692620786,-7.777526983175E-16)
  );
#5690 = DIRECTION('',(0.939692620786,-0.342020143326,1.387778780781E-16)
  );
#5691 = ORIENTED_EDGE('',*,*,#5692,.T.);
#5692 = EDGE_CURVE('',#5684,#5693,#5695,.T.);
#5693 = VERTEX_POINT('',#5694);
#5694 = CARTESIAN_POINT('',(19.015253739212,-70.30597650541,
    -33.89334708441));
#5695 = LINE('',#5696,#5697);
#5696 = CARTESIAN_POINT('',(19.92834448147,-70.63831435678,
    -35.55362933494));
#5697 = VECTOR('',#5698,1.);
#5698 = DIRECTION('',(-0.474647074227,0.1727574068,0.863055637444));
#5699 = ORIENTED_EDGE('',*,*,#5700,.T.);
#5700 = EDGE_CURVE('',#5693,#5701,#5703,.T.);
#5701 = VERTEX_POINT('',#5702);
#5702 = CARTESIAN_POINT('',(18.55172548644,-70.13726601866,
    -34.75950741889));
#5703 = LINE('',#5704,#5705);
#5704 = CARTESIAN_POINT('',(22.971033898134,-71.74576273656,
    -26.50147863819));
#5705 = VECTOR('',#5706,1.);
#5706 = DIRECTION('',(-0.465029139514,0.169256764849,-0.868964928496));
#5707 = ORIENTED_EDGE('',*,*,#5708,.F.);
#5708 = EDGE_CURVE('',#5641,#5701,#5709,.T.);
#5709 = CIRCLE('',#5710,1.9);
#5710 = AXIS2_PLACEMENT_3D('',#5711,#5712,#5713);
#5711 = CARTESIAN_POINT('',(19.030228291014,-70.31142679654,-36.59));
#5712 = DIRECTION('',(0.342020143326,0.939692620786,-7.777526983175E-16)
  );
#5713 = DIRECTION('',(0.939692620786,-0.342020143326,1.387778780781E-16)
  );
#5714 = FACE_BOUND('',#5715,.T.);
#5715 = EDGE_LOOP('',(#5716,#5726,#5734,#5743,#5751,#5759,#5768,#5776,
    #5784));
#5716 = ORIENTED_EDGE('',*,*,#5717,.T.);
#5717 = EDGE_CURVE('',#5718,#5720,#5722,.T.);
#5718 = VERTEX_POINT('',#5719);
#5719 = CARTESIAN_POINT('',(47.461450130601,-80.65954526997,
    -4.945966744899));
#5720 = VERTEX_POINT('',#5721);
#5721 = CARTESIAN_POINT('',(46.997921877829,-80.49083478322,
    -5.812127079382));
#5722 = LINE('',#5723,#5724);
#5723 = CARTESIAN_POINT('',(42.939532570948,-79.01370187645,
    -13.39573351219));
#5724 = VECTOR('',#5725,1.);
#5725 = DIRECTION('',(-0.465029139514,0.169256764849,-0.868964928496));
#5726 = ORIENTED_EDGE('',*,*,#5727,.T.);
#5727 = EDGE_CURVE('',#5720,#5728,#5730,.T.);
#5728 = VERTEX_POINT('',#5729);
#5729 = CARTESIAN_POINT('',(47.934565276094,-80.83174510031,
    -5.806236860633));
#5730 = LINE('',#5731,#5732);
#5731 = CARTESIAN_POINT('',(40.535636207291,-78.13875515382,
    -5.852766106242));
#5732 = VECTOR('',#5733,1.);
#5733 = DIRECTION('',(0.939676213741,-0.34201417165,5.909291052281E-03)
  );
#5734 = ORIENTED_EDGE('',*,*,#5735,.F.);
#5735 = EDGE_CURVE('',#5736,#5728,#5738,.T.);
#5736 = VERTEX_POINT('',#5737);
#5737 = CARTESIAN_POINT('',(50.450338259776,-81.74741158254,
    -5.790416054951));
#5738 = CIRCLE('',#5739,1.9);
#5739 = AXIS2_PLACEMENT_3D('',#5740,#5741,#5742);
#5740 = CARTESIAN_POINT('',(49.184964492034,-81.28685319586,-4.45));
#5741 = DIRECTION('',(0.342020143326,0.939692620786,-7.777526983175E-16)
  );
#5742 = DIRECTION('',(0.939692620786,-0.342020143326,1.387778780781E-16)
  );
#5743 = ORIENTED_EDGE('',*,*,#5744,.T.);
#5744 = EDGE_CURVE('',#5736,#5745,#5747,.T.);
#5745 = VERTEX_POINT('',#5746);
#5746 = CARTESIAN_POINT('',(51.386981658041,-82.08832189963,
    -5.784525836201));
#5747 = LINE('',#5748,#5749);
#5748 = CARTESIAN_POINT('',(40.535636207291,-78.13875515382,
    -5.852766106242));
#5749 = VECTOR('',#5750,1.);
#5750 = DIRECTION('',(0.939676213741,-0.34201417165,5.909291052281E-03)
  );
#5751 = ORIENTED_EDGE('',*,*,#5752,.T.);
#5752 = EDGE_CURVE('',#5745,#5753,#5755,.T.);
#5753 = VERTEX_POINT('',#5754);
#5754 = CARTESIAN_POINT('',(50.913866512547,-81.91612206929,
    -4.924255720468));
#5755 = LINE('',#5756,#5757);
#5756 = CARTESIAN_POINT('',(52.819341484246,-82.60965824113,
    -8.389000381563));
#5757 = VECTOR('',#5758,1.);
#5758 = DIRECTION('',(-0.474647074227,0.1727574068,0.863055637444));
#5759 = ORIENTED_EDGE('',*,*,#5760,.F.);
#5760 = EDGE_CURVE('',#5761,#5753,#5763,.T.);
#5761 = VERTEX_POINT('',#5762);
#5762 = CARTESIAN_POINT('',(49.643105085725,-81.45360273508,
    -2.61361720015));
#5763 = CIRCLE('',#5764,1.9);
#5764 = AXIS2_PLACEMENT_3D('',#5765,#5766,#5767);
#5765 = CARTESIAN_POINT('',(49.184964492034,-81.28685319586,-4.45));
#5766 = DIRECTION('',(0.342020143326,0.939692620786,-7.777526983175E-16)
  );
#5767 = DIRECTION('',(0.939692620786,-0.342020143326,1.387778780781E-16)
  );
#5768 = ORIENTED_EDGE('',*,*,#5769,.T.);
#5769 = EDGE_CURVE('',#5761,#5770,#5772,.T.);
#5770 = VERTEX_POINT('',#5771);
#5771 = CARTESIAN_POINT('',(49.169989940232,-81.28140290474,
    -1.753347084417));
#5772 = LINE('',#5773,#5774);
#5773 = CARTESIAN_POINT('',(52.819341484246,-82.60965824113,
    -8.389000381563));
#5774 = VECTOR('',#5775,1.);
#5775 = DIRECTION('',(-0.474647074227,0.1727574068,0.863055637444));
#5776 = ORIENTED_EDGE('',*,*,#5777,.T.);
#5777 = EDGE_CURVE('',#5770,#5778,#5780,.T.);
#5778 = VERTEX_POINT('',#5779);
#5779 = CARTESIAN_POINT('',(48.70646168746,-81.11269241799,
    -2.619507418899));
#5780 = LINE('',#5781,#5782);
#5781 = CARTESIAN_POINT('',(42.939532570948,-79.01370187645,
    -13.39573351219));
#5782 = VECTOR('',#5783,1.);
#5783 = DIRECTION('',(-0.465029139514,0.169256764849,-0.868964928496));
#5784 = ORIENTED_EDGE('',*,*,#5785,.F.);
#5785 = EDGE_CURVE('',#5718,#5778,#5786,.T.);
#5786 = CIRCLE('',#5787,1.9);
#5787 = AXIS2_PLACEMENT_3D('',#5788,#5789,#5790);
#5788 = CARTESIAN_POINT('',(49.184964492034,-81.28685319586,-4.45));
#5789 = DIRECTION('',(0.342020143326,0.939692620786,-7.777526983175E-16)
  );
#5790 = DIRECTION('',(0.939692620786,-0.342020143326,1.387778780781E-16)
  );
#5791 = FACE_BOUND('',#5792,.T.);
#5792 = EDGE_LOOP('',(#5793));
#5793 = ORIENTED_EDGE('',*,*,#5794,.T.);
#5794 = EDGE_CURVE('',#5795,#5795,#5797,.T.);
#5795 = VERTEX_POINT('',#5796);
#5796 = CARTESIAN_POINT('',(15.351050119767,-68.97231545565,-20.54));
#5797 = CIRCLE('',#5798,20.0279);
#5798 = AXIS2_PLACEMENT_3D('',#5799,#5800,#5801);
#5799 = CARTESIAN_POINT('',(34.171119959605,-75.82226068416,-20.54));
#5800 = DIRECTION('',(-0.342020143326,-0.939692620786,
    -4.188538737677E-17));
#5801 = DIRECTION('',(-0.939692620786,0.342020143326,-1.150791560228E-16
    ));
#5802 = FACE_BOUND('',#5803,.T.);
#5803 = EDGE_LOOP('',(#5804,#5814,#5822,#5831,#5839,#5847,#5856,#5864,
    #5872));
#5804 = ORIENTED_EDGE('',*,*,#5805,.T.);
#5805 = EDGE_CURVE('',#5806,#5808,#5810,.T.);
#5806 = VERTEX_POINT('',#5807);
#5807 = CARTESIAN_POINT('',(17.26912622475,-69.67043806492,
    -4.945966744899));
#5808 = VERTEX_POINT('',#5809);
#5809 = CARTESIAN_POINT('',(16.805597971978,-69.50172757817,
    -5.812127079382));
#5810 = LINE('',#5811,#5812);
#5811 = CARTESIAN_POINT('',(16.444258018514,-69.37021059065,
    -6.487335835447));
#5812 = VECTOR('',#5813,1.);
#5813 = DIRECTION('',(-0.465029139514,0.169256764849,-0.868964928496));
#5814 = ORIENTED_EDGE('',*,*,#5815,.T.);
#5815 = EDGE_CURVE('',#5808,#5816,#5818,.T.);
#5816 = VERTEX_POINT('',#5817);
#5817 = CARTESIAN_POINT('',(17.742241370242,-69.84263789526,
    -5.806236860633));
#5818 = LINE('',#5819,#5820);
#5819 = CARTESIAN_POINT('',(25.438947100606,-72.64400968302,
    -5.757835003015));
#5820 = VECTOR('',#5821,1.);
#5821 = DIRECTION('',(0.939676213741,-0.34201417165,5.909291052281E-03)
  );
#5822 = ORIENTED_EDGE('',*,*,#5823,.F.);
#5823 = EDGE_CURVE('',#5824,#5816,#5826,.T.);
#5824 = VERTEX_POINT('',#5825);
#5825 = CARTESIAN_POINT('',(20.258014353925,-70.75830437749,
    -5.790416054951));
#5826 = CIRCLE('',#5827,1.9);
#5827 = AXIS2_PLACEMENT_3D('',#5828,#5829,#5830);
#5828 = CARTESIAN_POINT('',(18.992640586183,-70.29774599081,-4.45));
#5829 = DIRECTION('',(0.342020143326,0.939692620786,-7.777526983175E-16)
  );
#5830 = DIRECTION('',(0.939692620786,-0.342020143326,1.387778780781E-16)
  );
#5831 = ORIENTED_EDGE('',*,*,#5832,.T.);
#5832 = EDGE_CURVE('',#5824,#5833,#5835,.T.);
#5833 = VERTEX_POINT('',#5834);
#5834 = CARTESIAN_POINT('',(21.19465775219,-71.09921469458,
    -5.784525836201));
#5835 = LINE('',#5836,#5837);
#5836 = CARTESIAN_POINT('',(25.438947100606,-72.64400968302,
    -5.757835003015));
#5837 = VECTOR('',#5838,1.);
#5838 = DIRECTION('',(0.939676213741,-0.34201417165,5.909291052281E-03)
  );
#5839 = ORIENTED_EDGE('',*,*,#5840,.T.);
#5840 = EDGE_CURVE('',#5833,#5841,#5843,.T.);
#5841 = VERTEX_POINT('',#5842);
#5842 = CARTESIAN_POINT('',(20.721542606696,-70.92701486424,
    -4.924255720468));
#5843 = LINE('',#5844,#5845);
#5844 = CARTESIAN_POINT('',(26.478576355196,-73.02240378636,
    -15.39232916154));
#5845 = VECTOR('',#5846,1.);
#5846 = DIRECTION('',(-0.474647074227,0.1727574068,0.863055637444));
#5847 = ORIENTED_EDGE('',*,*,#5848,.F.);
#5848 = EDGE_CURVE('',#5849,#5841,#5851,.T.);
#5849 = VERTEX_POINT('',#5850);
#5850 = CARTESIAN_POINT('',(19.450781179874,-70.46449553002,
    -2.61361720015));
#5851 = CIRCLE('',#5852,1.9);
#5852 = AXIS2_PLACEMENT_3D('',#5853,#5854,#5855);
#5853 = CARTESIAN_POINT('',(18.992640586183,-70.29774599081,-4.45));
#5854 = DIRECTION('',(0.342020143326,0.939692620786,-7.777526983175E-16)
  );
#5855 = DIRECTION('',(0.939692620786,-0.342020143326,1.387778780781E-16)
  );
#5856 = ORIENTED_EDGE('',*,*,#5857,.T.);
#5857 = EDGE_CURVE('',#5849,#5858,#5860,.T.);
#5858 = VERTEX_POINT('',#5859);
#5859 = CARTESIAN_POINT('',(18.97766603438,-70.29229569968,
    -1.753347084417));
#5860 = LINE('',#5861,#5862);
#5861 = CARTESIAN_POINT('',(26.478576355196,-73.02240378636,
    -15.39232916154));
#5862 = VECTOR('',#5863,1.);
#5863 = DIRECTION('',(-0.474647074227,0.1727574068,0.863055637444));
#5864 = ORIENTED_EDGE('',*,*,#5865,.T.);
#5865 = EDGE_CURVE('',#5858,#5866,#5868,.T.);
#5866 = VERTEX_POINT('',#5867);
#5867 = CARTESIAN_POINT('',(18.514137781609,-70.12358521293,
    -2.619507418899));
#5868 = LINE('',#5869,#5870);
#5869 = CARTESIAN_POINT('',(16.444258018514,-69.37021059065,
    -6.487335835447));
#5870 = VECTOR('',#5871,1.);
#5871 = DIRECTION('',(-0.465029139514,0.169256764849,-0.868964928496));
#5872 = ORIENTED_EDGE('',*,*,#5873,.F.);
#5873 = EDGE_CURVE('',#5806,#5866,#5874,.T.);
#5874 = CIRCLE('',#5875,1.9);
#5875 = AXIS2_PLACEMENT_3D('',#5876,#5877,#5878);
#5876 = CARTESIAN_POINT('',(18.992640586183,-70.29774599081,-4.45));
#5877 = DIRECTION('',(0.342020143326,0.939692620786,-7.777526983175E-16)
  );
#5878 = DIRECTION('',(0.939692620786,-0.342020143326,1.387778780781E-16)
  );
#5879 = PLANE('',#5880);
#5880 = AXIS2_PLACEMENT_3D('',#5881,#5882,#5883);
#5881 = CARTESIAN_POINT('',(34.17112020721,-75.82226077428,-23.5));
#5882 = DIRECTION('',(0.342020143326,0.939692620786,-2.215895919266E-16)
  );
#5883 = DIRECTION('',(-0.939692620786,0.342020143326,-1.150791560228E-16
    ));
#5884 = ADVANCED_FACE('',(#5885),#5910,.T.);
#5885 = FACE_BOUND('',#5886,.T.);
#5886 = EDGE_LOOP('',(#5887,#5895,#5896,#5904));
#5887 = ORIENTED_EDGE('',*,*,#5888,.F.);
#5888 = EDGE_CURVE('',#1114,#5889,#5891,.T.);
#5889 = VERTEX_POINT('',#5890);
#5890 = CARTESIAN_POINT('',(55.126227622754,-85.57765167434,-2.));
#5891 = LINE('',#5892,#5893);
#5892 = CARTESIAN_POINT('',(54.32933098614,-83.86870132219,
    -0.666666666667));
#5893 = VECTOR('',#5894,1.);
#5894 = DIRECTION('',(0.345066365749,-0.739997209384,-0.57735026919));
#5895 = ORIENTED_EDGE('',*,*,#1403,.T.);
#5896 = ORIENTED_EDGE('',*,*,#5897,.T.);
#5897 = EDGE_CURVE('',#1396,#5898,#5900,.T.);
#5898 = VERTEX_POINT('',#5899);
#5899 = CARTESIAN_POINT('',(53.836694519044,-89.12061475842,-2.));
#5900 = LINE('',#5901,#5902);
#5901 = CARTESIAN_POINT('',(53.499209911459,-88.99778040674,
    -1.640856382056));
#5902 = VECTOR('',#5903,1.);
#5903 = DIRECTION('',(0.664463024389,-0.241844762648,-0.707106781187));
#5904 = ORIENTED_EDGE('',*,*,#5905,.F.);
#5905 = EDGE_CURVE('',#5889,#5898,#5906,.T.);
#5906 = LINE('',#5907,#5908);
#5907 = CARTESIAN_POINT('',(55.810267909405,-83.69826643277,-2.));
#5908 = VECTOR('',#5909,1.);
#5909 = DIRECTION('',(-0.342020143326,-0.939692620786,
    -2.505390641101E-16));
#5910 = PLANE('',#5911);
#5911 = AXIS2_PLACEMENT_3D('',#5912,#5913,#5914);
#5912 = CARTESIAN_POINT('',(54.870575288619,-83.35624628944,-1.));
#5913 = DIRECTION('',(0.664463024389,-0.241844762648,0.707106781187));
#5914 = DIRECTION('',(-0.342020143326,-0.939692620786,
    -6.525080509206E-16));
#5915 = ADVANCED_FACE('',(#5916),#5941,.T.);
#5916 = FACE_BOUND('',#5917,.T.);
#5917 = EDGE_LOOP('',(#5918,#5926,#5927,#5935));
#5918 = ORIENTED_EDGE('',*,*,#5919,.F.);
#5919 = EDGE_CURVE('',#1124,#5920,#5922,.T.);
#5920 = VERTEX_POINT('',#5921);
#5921 = CARTESIAN_POINT('',(7.372927505311,-82.12061475842,-2.));
#5922 = LINE('',#5923,#5924);
#5923 = CARTESIAN_POINT('',(8.031805917739,-82.36042688855,
    -1.29883623873));
#5924 = VECTOR('',#5925,1.);
#5925 = DIRECTION('',(-0.664463024389,0.241844762648,-0.707106781187));
#5926 = ORIENTED_EDGE('',*,*,#1123,.T.);
#5927 = ORIENTED_EDGE('',*,*,#5928,.T.);
#5928 = EDGE_CURVE('',#1116,#5929,#5931,.T.);
#5929 = VERTEX_POINT('',#5930);
#5930 = CARTESIAN_POINT('',(11.847932218362,-69.82564035736,-2.));
#5931 = LINE('',#5932,#5933);
#5932 = CARTESIAN_POINT('',(9.907410875418,-70.73052032039,
    -3.514006411795));
#5933 = VECTOR('',#5934,1.);
#5934 = DIRECTION('',(-0.739997209384,-0.345066365749,-0.57735026919));
#5935 = ORIENTED_EDGE('',*,*,#5936,.F.);
#5936 = EDGE_CURVE('',#5920,#5929,#5937,.T.);
#5937 = LINE('',#5938,#5939);
#5938 = CARTESIAN_POINT('',(6.68888721866,-84.,-2.));
#5939 = VECTOR('',#5940,1.);
#5940 = DIRECTION('',(0.342020143326,0.939692620786,2.505390641101E-16)
  );
#5941 = PLANE('',#5942);
#5942 = AXIS2_PLACEMENT_3D('',#5943,#5944,#5945);
#5943 = CARTESIAN_POINT('',(7.628579839445,-84.34202014332,-1.));
#5944 = DIRECTION('',(-0.664463024389,0.241844762648,0.707106781187));
#5945 = DIRECTION('',(0.342020143326,0.939692620786,1.412981176114E-17)
  );
#5946 = ADVANCED_FACE('',(#5947),#5965,.F.);
#5947 = FACE_BOUND('',#5948,.F.);
#5948 = EDGE_LOOP('',(#5949,#5957,#5958,#5959));
#5949 = ORIENTED_EDGE('',*,*,#5950,.F.);
#5950 = EDGE_CURVE('',#1388,#5951,#5953,.T.);
#5951 = VERTEX_POINT('',#5952);
#5952 = CARTESIAN_POINT('',(55.152654232392,-91.,-2.));
#5953 = LINE('',#5954,#5955);
#5954 = CARTESIAN_POINT('',(55.152654232392,-92.5,-0.5));
#5955 = VECTOR('',#5956,1.);
#5956 = DIRECTION('',(1.961537448448E-15,0.707106781187,-0.707106781187)
  );
#5957 = ORIENTED_EDGE('',*,*,#1395,.T.);
#5958 = ORIENTED_EDGE('',*,*,#5897,.T.);
#5959 = ORIENTED_EDGE('',*,*,#5960,.F.);
#5960 = EDGE_CURVE('',#5951,#5898,#5961,.T.);
#5961 = LINE('',#5962,#5963);
#5962 = CARTESIAN_POINT('',(55.293510614448,-91.20116376127,-2.));
#5963 = VECTOR('',#5964,1.);
#5964 = DIRECTION('',(-0.573576436351,0.819152044289,-1.520660684794E-15
    ));
#5965 = PLANE('',#5966);
#5966 = AXIS2_PLACEMENT_3D('',#5967,#5968,#5969);
#5967 = CARTESIAN_POINT('',(55.152654232392,-93.,1.62361498206E-14));
#5968 = DIRECTION('',(-0.710564775462,-0.497542812165,-0.497542812165));
#5969 = DIRECTION('',(-0.573576436351,0.819152044289,-1.402510484235E-15
    ));
#5970 = ADVANCED_FACE('',(#5971),#5987,.T.);
#5971 = FACE_BOUND('',#5972,.T.);
#5972 = EDGE_LOOP('',(#5973,#5979,#5980,#5981));
#5973 = ORIENTED_EDGE('',*,*,#5974,.F.);
#5974 = EDGE_CURVE('',#1132,#1830,#5975,.T.);
#5975 = LINE('',#5976,#5977);
#5976 = CARTESIAN_POINT('',(4.68888721866,-85.5,-0.5));
#5977 = VECTOR('',#5978,1.);
#5978 = DIRECTION('',(4.965733289295E-15,0.707106781187,-0.707106781187)
  );
#5979 = ORIENTED_EDGE('',*,*,#1131,.T.);
#5980 = ORIENTED_EDGE('',*,*,#5919,.T.);
#5981 = ORIENTED_EDGE('',*,*,#5982,.F.);
#5982 = EDGE_CURVE('',#1830,#5920,#5983,.T.);
#5983 = LINE('',#5984,#5985);
#5984 = CARTESIAN_POINT('',(4.890050979929,-83.85914361794,-2.));
#5985 = VECTOR('',#5986,1.);
#5986 = DIRECTION('',(0.819152044289,0.573576436351,1.501920879498E-15)
  );
#5987 = PLANE('',#5988);
#5988 = AXIS2_PLACEMENT_3D('',#5989,#5990,#5991);
#5989 = CARTESIAN_POINT('',(4.68888721866,-86.,1.005612074597E-14));
#5990 = DIRECTION('',(-0.44371260628,0.633687274225,0.633687274225));
#5991 = DIRECTION('',(0.819152044289,0.573576436351,2.098718637231E-15)
  );
#5992 = ADVANCED_FACE('',(#5993),#6011,.T.);
#5993 = FACE_BOUND('',#5994,.F.);
#5994 = EDGE_LOOP('',(#5995,#6003,#6004,#6005));
#5995 = ORIENTED_EDGE('',*,*,#5996,.F.);
#5996 = EDGE_CURVE('',#1380,#5997,#5999,.T.);
#5997 = VERTEX_POINT('',#5998);
#5998 = CARTESIAN_POINT('',(100.5,-91.,-2.));
#5999 = LINE('',#6000,#6001);
#6000 = CARTESIAN_POINT('',(100.5,-92.5,-0.5));
#6001 = VECTOR('',#6002,1.);
#6002 = DIRECTION('',(-2.509404020994E-15,0.707106781187,-0.707106781187
    ));
#6003 = ORIENTED_EDGE('',*,*,#1387,.T.);
#6004 = ORIENTED_EDGE('',*,*,#5950,.T.);
#6005 = ORIENTED_EDGE('',*,*,#6006,.F.);
#6006 = EDGE_CURVE('',#5997,#5951,#6007,.T.);
#6007 = LINE('',#6008,#6009);
#6008 = CARTESIAN_POINT('',(102.5,-91.,-2.));
#6009 = VECTOR('',#6010,1.);
#6010 = DIRECTION('',(-1.,0.,-1.224646799147E-16));
#6011 = PLANE('',#6012);
#6012 = AXIS2_PLACEMENT_3D('',#6013,#6014,#6015);
#6013 = CARTESIAN_POINT('',(102.5,-92.,-1.));
#6014 = DIRECTION('',(-8.659560562355E-17,0.707106781187,0.707106781187)
  );
#6015 = DIRECTION('',(1.,-0.,1.224646799147E-16));
#6016 = ADVANCED_FACE('',(#6017),#6028,.F.);
#6017 = FACE_BOUND('',#6018,.F.);
#6018 = EDGE_LOOP('',(#6019,#6020,#6021,#6027));
#6019 = ORIENTED_EDGE('',*,*,#5974,.F.);
#6020 = ORIENTED_EDGE('',*,*,#1139,.T.);
#6021 = ORIENTED_EDGE('',*,*,#6022,.T.);
#6022 = EDGE_CURVE('',#1140,#1806,#6023,.T.);
#6023 = LINE('',#6024,#6025);
#6024 = CARTESIAN_POINT('',(2.283147869777,-76.71685213022,
    -9.283147869777));
#6025 = VECTOR('',#6026,1.);
#6026 = DIRECTION('',(0.57735026919,0.57735026919,-0.57735026919));
#6027 = ORIENTED_EDGE('',*,*,#1837,.F.);
#6028 = PLANE('',#6029);
#6029 = AXIS2_PLACEMENT_3D('',#6030,#6031,#6032);
#6030 = CARTESIAN_POINT('',(6.68888721866,-85.,-1.));
#6031 = DIRECTION('',(8.659560562355E-17,-0.707106781187,-0.707106781187
    ));
#6032 = DIRECTION('',(-1.,0.,-1.224646799147E-16));
#6033 = ADVANCED_FACE('',(#6034),#6052,.T.);
#6034 = FACE_BOUND('',#6035,.T.);
#6035 = EDGE_LOOP('',(#6036,#6037,#6038,#6046));
#6036 = ORIENTED_EDGE('',*,*,#5996,.F.);
#6037 = ORIENTED_EDGE('',*,*,#1379,.T.);
#6038 = ORIENTED_EDGE('',*,*,#6039,.T.);
#6039 = EDGE_CURVE('',#1372,#6040,#6042,.T.);
#6040 = VERTEX_POINT('',#6041);
#6041 = CARTESIAN_POINT('',(102.5,-89.,-2.));
#6042 = LINE('',#6043,#6044);
#6043 = CARTESIAN_POINT('',(103.,-89.,-1.5));
#6044 = VECTOR('',#6045,1.);
#6045 = DIRECTION('',(-0.707106781187,5.095851118916E-15,-0.707106781187
    ));
#6046 = ORIENTED_EDGE('',*,*,#6047,.F.);
#6047 = EDGE_CURVE('',#5997,#6040,#6048,.T.);
#6048 = LINE('',#6049,#6050);
#6049 = CARTESIAN_POINT('',(100.5,-91.,-2.));
#6050 = VECTOR('',#6051,1.);
#6051 = DIRECTION('',(0.707106781187,0.707106781187,-2.413255886675E-15)
  );
#6052 = PLANE('',#6053);
#6053 = AXIS2_PLACEMENT_3D('',#6054,#6055,#6056);
#6054 = CARTESIAN_POINT('',(100.5,-93.,2.178959800502E-14));
#6055 = DIRECTION('',(-0.57735026919,0.57735026919,0.57735026919));
#6056 = DIRECTION('',(0.707106781187,0.707106781187,-2.244872746089E-15)
  );
#6057 = ADVANCED_FACE('',(#6058),#6077,.F.);
#6058 = FACE_BOUND('',#6059,.F.);
#6059 = EDGE_LOOP('',(#6060,#6061,#6062,#6063,#6071));
#6060 = ORIENTED_EDGE('',*,*,#1803,.T.);
#6061 = ORIENTED_EDGE('',*,*,#6022,.F.);
#6062 = ORIENTED_EDGE('',*,*,#1147,.T.);
#6063 = ORIENTED_EDGE('',*,*,#6064,.F.);
#6064 = EDGE_CURVE('',#6065,#1148,#6067,.T.);
#6065 = VERTEX_POINT('',#6066);
#6066 = CARTESIAN_POINT('',(-8.,-87.,-39.01));
#6067 = LINE('',#6068,#6069);
#6068 = CARTESIAN_POINT('',(-8.,-87.,-39.01));
#6069 = VECTOR('',#6070,1.);
#6070 = DIRECTION('',(-1.224646799147E-16,0.,1.));
#6071 = ORIENTED_EDGE('',*,*,#6072,.F.);
#6072 = EDGE_CURVE('',#1804,#6065,#6073,.T.);
#6073 = LINE('',#6074,#6075);
#6074 = CARTESIAN_POINT('',(-6.835,-85.835,-40.175));
#6075 = VECTOR('',#6076,1.);
#6076 = DIRECTION('',(-0.57735026919,-0.57735026919,0.57735026919));
#6077 = PLANE('',#6078);
#6078 = AXIS2_PLACEMENT_3D('',#6079,#6080,#6081);
#6079 = CARTESIAN_POINT('',(-6.5,-85.5,-39.01));
#6080 = DIRECTION('',(0.707106781187,-0.707106781187,8.659560562355E-17)
  );
#6081 = DIRECTION('',(-1.224646799147E-16,0.,1.));
#6082 = ADVANCED_FACE('',(#6083),#6101,.F.);
#6083 = FACE_BOUND('',#6084,.F.);
#6084 = EDGE_LOOP('',(#6085,#6093,#6094,#6095));
#6085 = ORIENTED_EDGE('',*,*,#6086,.F.);
#6086 = EDGE_CURVE('',#1364,#6087,#6089,.T.);
#6087 = VERTEX_POINT('',#6088);
#6088 = CARTESIAN_POINT('',(102.5,-75.5,-2.));
#6089 = LINE('',#6090,#6091);
#6090 = CARTESIAN_POINT('',(104.,-75.5,-0.5));
#6091 = VECTOR('',#6092,1.);
#6092 = DIRECTION('',(-0.707106781187,-5.924672904491E-16,
    -0.707106781187));
#6093 = ORIENTED_EDGE('',*,*,#1371,.T.);
#6094 = ORIENTED_EDGE('',*,*,#6039,.T.);
#6095 = ORIENTED_EDGE('',*,*,#6096,.F.);
#6096 = EDGE_CURVE('',#6087,#6040,#6097,.T.);
#6097 = LINE('',#6098,#6099);
#6098 = CARTESIAN_POINT('',(102.5,-73.5,-2.));
#6099 = VECTOR('',#6100,1.);
#6100 = DIRECTION('',(0.,-1.,-0.));
#6101 = PLANE('',#6102);
#6102 = AXIS2_PLACEMENT_3D('',#6103,#6104,#6105);
#6103 = CARTESIAN_POINT('',(103.5,-73.5,-1.));
#6104 = DIRECTION('',(0.707106781187,0.,-0.707106781187));
#6105 = DIRECTION('',(0.,-1.,-0.));
#6106 = ADVANCED_FACE('',(#6107),#6118,.T.);
#6107 = FACE_BOUND('',#6108,.T.);
#6108 = EDGE_LOOP('',(#6109,#6115,#6116,#6117));
#6109 = ORIENTED_EDGE('',*,*,#6110,.F.);
#6110 = EDGE_CURVE('',#1628,#6065,#6111,.T.);
#6111 = LINE('',#6112,#6113);
#6112 = CARTESIAN_POINT('',(-8.,-91.,-39.01));
#6113 = VECTOR('',#6114,1.);
#6114 = DIRECTION('',(0.,1.,0.));
#6115 = ORIENTED_EDGE('',*,*,#1627,.T.);
#6116 = ORIENTED_EDGE('',*,*,#1155,.T.);
#6117 = ORIENTED_EDGE('',*,*,#6064,.F.);
#6118 = PLANE('',#6119);
#6119 = AXIS2_PLACEMENT_3D('',#6120,#6121,#6122);
#6120 = CARTESIAN_POINT('',(-8.,-91.,-47.));
#6121 = DIRECTION('',(-1.,0.,-1.224646799147E-16));
#6122 = DIRECTION('',(0.,1.,0.));
#6123 = ADVANCED_FACE('',(#6124),#6142,.T.);
#6124 = FACE_BOUND('',#6125,.T.);
#6125 = EDGE_LOOP('',(#6126,#6127,#6128,#6136));
#6126 = ORIENTED_EDGE('',*,*,#6086,.F.);
#6127 = ORIENTED_EDGE('',*,*,#1363,.T.);
#6128 = ORIENTED_EDGE('',*,*,#6129,.T.);
#6129 = EDGE_CURVE('',#1356,#6130,#6132,.T.);
#6130 = VERTEX_POINT('',#6131);
#6131 = CARTESIAN_POINT('',(103.91421356237,-72.08578643762,-2.));
#6132 = LINE('',#6133,#6134);
#6133 = CARTESIAN_POINT('',(105.12132034356,-73.29289321881,
    -0.292893218813));
#6134 = VECTOR('',#6135,1.);
#6135 = DIRECTION('',(-0.5,0.5,-0.707106781187));
#6136 = ORIENTED_EDGE('',*,*,#6137,.F.);
#6137 = EDGE_CURVE('',#6087,#6130,#6138,.T.);
#6138 = LINE('',#6139,#6140);
#6139 = CARTESIAN_POINT('',(103.,-74.29289321881,-2.));
#6140 = VECTOR('',#6141,1.);
#6141 = DIRECTION('',(0.382683432365,0.923879532511,1.192102476563E-15)
  );
#6142 = PLANE('',#6143);
#6143 = AXIS2_PLACEMENT_3D('',#6144,#6145,#6146);
#6144 = CARTESIAN_POINT('',(104.5,-75.5,2.227945672468E-14));
#6145 = DIRECTION('',(-0.678598344546,0.281084637715,0.678598344546));
#6146 = DIRECTION('',(0.382683432365,0.923879532511,1.157088228678E-15)
  );
#6147 = ADVANCED_FACE('',(#6148),#6166,.F.);
#6148 = FACE_BOUND('',#6149,.F.);
#6149 = EDGE_LOOP('',(#6150,#6158,#6159,#6160));
#6150 = ORIENTED_EDGE('',*,*,#6151,.F.);
#6151 = EDGE_CURVE('',#1348,#6152,#6154,.T.);
#6152 = VERTEX_POINT('',#6153);
#6153 = CARTESIAN_POINT('',(106.08578643762,-69.91421356237,-2.));
#6154 = LINE('',#6155,#6156);
#6155 = CARTESIAN_POINT('',(107.1464466094,-70.97487373415,-0.5));
#6156 = VECTOR('',#6157,1.);
#6157 = DIRECTION('',(-0.5,0.5,-0.707106781187));
#6158 = ORIENTED_EDGE('',*,*,#1355,.T.);
#6159 = ORIENTED_EDGE('',*,*,#6129,.T.);
#6160 = ORIENTED_EDGE('',*,*,#6161,.F.);
#6161 = EDGE_CURVE('',#6152,#6130,#6162,.T.);
#6162 = LINE('',#6163,#6164);
#6163 = CARTESIAN_POINT('',(107.5,-68.5,-2.));
#6164 = VECTOR('',#6165,1.);
#6165 = DIRECTION('',(-0.707106781187,-0.707106781187,
    -8.659560562355E-17));
#6166 = PLANE('',#6167);
#6167 = AXIS2_PLACEMENT_3D('',#6168,#6169,#6170);
#6168 = CARTESIAN_POINT('',(108.20710678118,-69.20710678118,-1.));
#6169 = DIRECTION('',(0.5,-0.5,-0.707106781187));
#6170 = DIRECTION('',(-0.707106781187,-0.707106781187,
    -3.363957861642E-16));
#6171 = ADVANCED_FACE('',(#6172),#6190,.T.);
#6172 = FACE_BOUND('',#6173,.T.);
#6173 = EDGE_LOOP('',(#6174,#6175,#6176,#6184));
#6174 = ORIENTED_EDGE('',*,*,#6151,.F.);
#6175 = ORIENTED_EDGE('',*,*,#1347,.T.);
#6176 = ORIENTED_EDGE('',*,*,#6177,.T.);
#6177 = EDGE_CURVE('',#1340,#6178,#6180,.T.);
#6178 = VERTEX_POINT('',#6179);
#6179 = CARTESIAN_POINT('',(109.5,-68.5,-2.));
#6180 = LINE('',#6181,#6182);
#6181 = CARTESIAN_POINT('',(109.5,-70.20710678118,-0.292893218813));
#6182 = VECTOR('',#6183,1.);
#6183 = DIRECTION('',(-7.220500976582E-15,0.707106781187,-0.707106781187
    ));
#6184 = ORIENTED_EDGE('',*,*,#6185,.F.);
#6185 = EDGE_CURVE('',#6152,#6178,#6186,.T.);
#6186 = LINE('',#6187,#6188);
#6187 = CARTESIAN_POINT('',(107.29289321881,-69.41421356237,-2.));
#6188 = VECTOR('',#6189,1.);
#6189 = DIRECTION('',(0.923879532511,0.382683432365,2.321814493927E-15)
  );
#6190 = PLANE('',#6191);
#6191 = AXIS2_PLACEMENT_3D('',#6192,#6193,#6194);
#6192 = CARTESIAN_POINT('',(107.5,-71.32842712474,2.264685076442E-14));
#6193 = DIRECTION('',(-0.281084637715,0.678598344546,0.678598344546));
#6194 = DIRECTION('',(0.923879532511,0.382683432365,-1.496680774478E-15)
  );
#6195 = ADVANCED_FACE('',(#6196),#6214,.T.);
#6196 = FACE_BOUND('',#6197,.F.);
#6197 = EDGE_LOOP('',(#6198,#6206,#6207,#6208));
#6198 = ORIENTED_EDGE('',*,*,#6199,.F.);
#6199 = EDGE_CURVE('',#1332,#6200,#6202,.T.);
#6200 = VERTEX_POINT('',#6201);
#6201 = CARTESIAN_POINT('',(115.5,-68.5,-2.));
#6202 = LINE('',#6203,#6204);
#6203 = CARTESIAN_POINT('',(115.5,-69.,-1.5));
#6204 = VECTOR('',#6205,1.);
#6205 = DIRECTION('',(-4.14392230442E-15,0.707106781187,-0.707106781187)
  );
#6206 = ORIENTED_EDGE('',*,*,#1339,.T.);
#6207 = ORIENTED_EDGE('',*,*,#6177,.T.);
#6208 = ORIENTED_EDGE('',*,*,#6209,.F.);
#6209 = EDGE_CURVE('',#6200,#6178,#6210,.T.);
#6210 = LINE('',#6211,#6212);
#6211 = CARTESIAN_POINT('',(117.5,-68.5,-2.));
#6212 = VECTOR('',#6213,1.);
#6213 = DIRECTION('',(-1.,0.,-1.224646799147E-16));
#6214 = PLANE('',#6215);
#6215 = AXIS2_PLACEMENT_3D('',#6216,#6217,#6218);
#6216 = CARTESIAN_POINT('',(117.5,-69.5,-1.));
#6217 = DIRECTION('',(-8.659560562355E-17,0.707106781187,0.707106781187)
  );
#6218 = DIRECTION('',(1.,-0.,1.224646799147E-16));
#6219 = ADVANCED_FACE('',(#6220),#6238,.F.);
#6220 = FACE_BOUND('',#6221,.F.);
#6221 = EDGE_LOOP('',(#6222,#6230,#6231,#6232));
#6222 = ORIENTED_EDGE('',*,*,#6223,.F.);
#6223 = EDGE_CURVE('',#1324,#6224,#6226,.T.);
#6224 = VERTEX_POINT('',#6225);
#6225 = CARTESIAN_POINT('',(117.5,-66.5,-2.));
#6226 = LINE('',#6227,#6228);
#6227 = CARTESIAN_POINT('',(119.,-66.5,-0.5));
#6228 = VECTOR('',#6229,1.);
#6229 = DIRECTION('',(-0.707106781187,1.730666417745E-15,-0.707106781187
    ));
#6230 = ORIENTED_EDGE('',*,*,#1331,.T.);
#6231 = ORIENTED_EDGE('',*,*,#6199,.T.);
#6232 = ORIENTED_EDGE('',*,*,#6233,.F.);
#6233 = EDGE_CURVE('',#6224,#6200,#6234,.T.);
#6234 = LINE('',#6235,#6236);
#6235 = CARTESIAN_POINT('',(117.5,-66.5,-2.));
#6236 = VECTOR('',#6237,1.);
#6237 = DIRECTION('',(-0.707106781187,-0.707106781187,
    -2.586447097922E-15));
#6238 = PLANE('',#6239);
#6239 = AXIS2_PLACEMENT_3D('',#6240,#6241,#6242);
#6240 = CARTESIAN_POINT('',(119.5,-66.5,2.41164269234E-14));
#6241 = DIRECTION('',(0.57735026919,-0.57735026919,-0.57735026919));
#6242 = DIRECTION('',(-0.707106781187,-0.707106781187,2.439161775399E-15
    ));
#6243 = ADVANCED_FACE('',(#6244),#6280,.T.);
#6244 = FACE_BOUND('',#6245,.T.);
#6245 = EDGE_LOOP('',(#6246,#6247,#6248,#6249,#6257,#6265,#6273,#6279));
#6246 = ORIENTED_EDGE('',*,*,#1877,.F.);
#6247 = ORIENTED_EDGE('',*,*,#1179,.T.);
#6248 = ORIENTED_EDGE('',*,*,#2353,.T.);
#6249 = ORIENTED_EDGE('',*,*,#6250,.F.);
#6250 = EDGE_CURVE('',#6251,#2346,#6253,.T.);
#6251 = VERTEX_POINT('',#6252);
#6252 = CARTESIAN_POINT('',(120.49,94.,-0.5));
#6253 = LINE('',#6254,#6255);
#6254 = CARTESIAN_POINT('',(105.5,94.,-0.5));
#6255 = VECTOR('',#6256,1.);
#6256 = DIRECTION('',(1.,0.,1.224646799147E-16));
#6257 = ORIENTED_EDGE('',*,*,#6258,.F.);
#6258 = EDGE_CURVE('',#6259,#6251,#6261,.T.);
#6259 = VERTEX_POINT('',#6260);
#6260 = CARTESIAN_POINT('',(105.5,94.,-15.49));
#6261 = LINE('',#6262,#6263);
#6262 = CARTESIAN_POINT('',(95.5575,94.,-25.4325));
#6263 = VECTOR('',#6264,1.);
#6264 = DIRECTION('',(0.707106781187,0.,0.707106781187));
#6265 = ORIENTED_EDGE('',*,*,#6266,.T.);
#6266 = EDGE_CURVE('',#6259,#6267,#6269,.T.);
#6267 = VERTEX_POINT('',#6268);
#6268 = CARTESIAN_POINT('',(100.5,94.,-20.49));
#6269 = LINE('',#6270,#6271);
#6270 = CARTESIAN_POINT('',(95.5575,94.,-25.4325));
#6271 = VECTOR('',#6272,1.);
#6272 = DIRECTION('',(-0.707106781187,0.,-0.707106781187));
#6273 = ORIENTED_EDGE('',*,*,#6274,.T.);
#6274 = EDGE_CURVE('',#6267,#1915,#6275,.T.);
#6275 = LINE('',#6276,#6277);
#6276 = CARTESIAN_POINT('',(100.5,94.,-15.49));
#6277 = VECTOR('',#6278,1.);
#6278 = DIRECTION('',(1.224646799147E-16,0.,-1.));
#6279 = ORIENTED_EDGE('',*,*,#1914,.F.);
#6280 = PLANE('',#6281);
#6281 = AXIS2_PLACEMENT_3D('',#6282,#6283,#6284);
#6282 = CARTESIAN_POINT('',(58.072580645161,94.,-22.82258064516));
#6283 = DIRECTION('',(0.,1.,0.));
#6284 = DIRECTION('',(1.224646799147E-16,0.,-1.));
#6285 = ADVANCED_FACE('',(#6286),#6304,.F.);
#6286 = FACE_BOUND('',#6287,.T.);
#6287 = EDGE_LOOP('',(#6288,#6289,#6290,#6298));
#6288 = ORIENTED_EDGE('',*,*,#6223,.F.);
#6289 = ORIENTED_EDGE('',*,*,#1323,.T.);
#6290 = ORIENTED_EDGE('',*,*,#6291,.T.);
#6291 = EDGE_CURVE('',#1316,#6292,#6294,.T.);
#6292 = VERTEX_POINT('',#6293);
#6293 = CARTESIAN_POINT('',(117.5,66.5,-2.));
#6294 = LINE('',#6295,#6296);
#6295 = CARTESIAN_POINT('',(118.,66.5,-1.5));
#6296 = VECTOR('',#6297,1.);
#6297 = DIRECTION('',(-0.707106781187,4.038221641405E-15,-0.707106781187
    ));
#6298 = ORIENTED_EDGE('',*,*,#6299,.F.);
#6299 = EDGE_CURVE('',#6224,#6292,#6300,.T.);
#6300 = LINE('',#6301,#6302);
#6301 = CARTESIAN_POINT('',(117.5,-68.5,-2.));
#6302 = VECTOR('',#6303,1.);
#6303 = DIRECTION('',(-2.719262146894E-32,1.,2.22044604925E-16));
#6304 = PLANE('',#6305);
#6305 = AXIS2_PLACEMENT_3D('',#6306,#6307,#6308);
#6306 = CARTESIAN_POINT('',(118.5,-68.5,-1.));
#6307 = DIRECTION('',(0.707106781187,0.,-0.707106781187));
#6308 = DIRECTION('',(-1.110223024625E-16,-1.,-1.110223024625E-16));
#6309 = ADVANCED_FACE('',(#6310),#6328,.F.);
#6310 = FACE_BOUND('',#6311,.F.);
#6311 = EDGE_LOOP('',(#6312,#6320,#6321,#6322));
#6312 = ORIENTED_EDGE('',*,*,#6313,.F.);
#6313 = EDGE_CURVE('',#1308,#6314,#6316,.T.);
#6314 = VERTEX_POINT('',#6315);
#6315 = CARTESIAN_POINT('',(115.5,68.5,-2.));
#6316 = LINE('',#6317,#6318);
#6317 = CARTESIAN_POINT('',(115.5,70.,-0.5));
#6318 = VECTOR('',#6319,1.);
#6319 = DIRECTION('',(1.144225083135E-15,-0.707106781187,-0.707106781187
    ));
#6320 = ORIENTED_EDGE('',*,*,#1315,.T.);
#6321 = ORIENTED_EDGE('',*,*,#6291,.T.);
#6322 = ORIENTED_EDGE('',*,*,#6323,.F.);
#6323 = EDGE_CURVE('',#6314,#6292,#6324,.T.);
#6324 = LINE('',#6325,#6326);
#6325 = CARTESIAN_POINT('',(115.5,68.5,-2.));
#6326 = VECTOR('',#6327,1.);
#6327 = DIRECTION('',(0.707106781187,-0.707106781187,3.067187769518E-15)
  );
#6328 = PLANE('',#6329);
#6329 = AXIS2_PLACEMENT_3D('',#6330,#6331,#6332);
#6330 = CARTESIAN_POINT('',(115.5,70.5,2.362656820374E-14));
#6331 = DIRECTION('',(0.57735026919,0.57735026919,-0.57735026919));
#6332 = DIRECTION('',(0.707106781187,-0.707106781187,3.056442196496E-15)
  );
#6333 = ADVANCED_FACE('',(#6334,#6360,#6437),#6514,.F.);
#6334 = FACE_BOUND('',#6335,.F.);
#6335 = EDGE_LOOP('',(#6336,#6344,#6345,#6346,#6354));
#6336 = ORIENTED_EDGE('',*,*,#6337,.F.);
#6337 = EDGE_CURVE('',#1885,#6338,#6340,.T.);
#6338 = VERTEX_POINT('',#6339);
#6339 = CARTESIAN_POINT('',(-9.999999999991E-03,91.,-47.));
#6340 = LINE('',#6341,#6342);
#6341 = CARTESIAN_POINT('',(6.14,91.,-47.));
#6342 = VECTOR('',#6343,1.);
#6343 = DIRECTION('',(-1.,0.,-1.224646799147E-16));
#6344 = ORIENTED_EDGE('',*,*,#1884,.T.);
#6345 = ORIENTED_EDGE('',*,*,#1195,.T.);
#6346 = ORIENTED_EDGE('',*,*,#6347,.F.);
#6347 = EDGE_CURVE('',#6348,#1196,#6350,.T.);
#6348 = VERTEX_POINT('',#6349);
#6349 = CARTESIAN_POINT('',(-8.,91.,-39.01));
#6350 = LINE('',#6351,#6352);
#6351 = CARTESIAN_POINT('',(-8.,91.,-47.));
#6352 = VECTOR('',#6353,1.);
#6353 = DIRECTION('',(-1.224646799147E-16,0.,1.));
#6354 = ORIENTED_EDGE('',*,*,#6355,.F.);
#6355 = EDGE_CURVE('',#6338,#6348,#6356,.T.);
#6356 = LINE('',#6357,#6358);
#6357 = CARTESIAN_POINT('',(-0.47,91.,-46.54));
#6358 = VECTOR('',#6359,1.);
#6359 = DIRECTION('',(-0.707106781187,0.,0.707106781187));
#6360 = FACE_BOUND('',#6361,.F.);
#6361 = EDGE_LOOP('',(#6362,#6372,#6380,#6389,#6397,#6405,#6414,#6422,
    #6430));
#6362 = ORIENTED_EDGE('',*,*,#6363,.T.);
#6363 = EDGE_CURVE('',#6364,#6366,#6368,.T.);
#6364 = VERTEX_POINT('',#6365);
#6365 = CARTESIAN_POINT('',(-5.094358096016,91.,-13.14263111959));
#6366 = VERTEX_POINT('',#6367);
#6367 = CARTESIAN_POINT('',(-5.907473639929,91.,-13.15682414549));
#6368 = LINE('',#6369,#6370);
#6369 = CARTESIAN_POINT('',(1.724115817981,91.,-13.0236138685));
#6370 = VECTOR('',#6371,1.);
#6371 = DIRECTION('',(-0.99984769427,0.,-1.745245719031E-02));
#6372 = ORIENTED_EDGE('',*,*,#6373,.T.);
#6373 = EDGE_CURVE('',#6366,#6374,#6376,.T.);
#6374 = VERTEX_POINT('',#6375);
#6375 = CARTESIAN_POINT('',(-5.513207388959,91.,-12.4455489153));
#6376 = LINE('',#6377,#6378);
#6377 = CARTESIAN_POINT('',(-11.66681233868,91.,-23.54694744066));
#6378 = VECTOR('',#6379,1.);
#6379 = DIRECTION('',(0.48480957585,0.,0.874619731749));
#6380 = ORIENTED_EDGE('',*,*,#6381,.F.);
#6381 = EDGE_CURVE('',#6382,#6374,#6384,.T.);
#6382 = VERTEX_POINT('',#6383);
#6383 = CARTESIAN_POINT('',(-4.45436729269,91.,-10.53535058776));
#6384 = CIRCLE('',#6385,1.55);
#6385 = AXIS2_PLACEMENT_3D('',#6386,#6387,#6388);
#6386 = CARTESIAN_POINT('',(-4.021705635901,91.,-12.02374028497));
#6387 = DIRECTION('',(-2.948876798795E-16,-1.,-3.714698827088E-16));
#6388 = DIRECTION('',(-0.51503807491,-1.665334536938E-16,0.857167300702)
  );
#6389 = ORIENTED_EDGE('',*,*,#6390,.T.);
#6390 = EDGE_CURVE('',#6382,#6391,#6393,.T.);
#6391 = VERTEX_POINT('',#6392);
#6392 = CARTESIAN_POINT('',(-4.060101041721,91.,-9.824075357578));
#6393 = LINE('',#6394,#6395);
#6394 = CARTESIAN_POINT('',(-11.66681233868,91.,-23.54694744066));
#6395 = VECTOR('',#6396,1.);
#6396 = DIRECTION('',(0.48480957585,0.,0.874619731749));
#6397 = ORIENTED_EDGE('',*,*,#6398,.T.);
#6398 = EDGE_CURVE('',#6391,#6399,#6401,.T.);
#6399 = VERTEX_POINT('',#6400);
#6400 = CARTESIAN_POINT('',(-3.641251748778,91.,-10.52115756186));
#6401 = LINE('',#6402,#6403);
#6402 = CARTESIAN_POINT('',(5.498858839932,91.,-25.73285433202));
#6403 = VECTOR('',#6404,1.);
#6404 = DIRECTION('',(0.515038118421,0.,-0.857167274558));
#6405 = ORIENTED_EDGE('',*,*,#6406,.F.);
#6406 = EDGE_CURVE('',#6407,#6399,#6409,.T.);
#6407 = VERTEX_POINT('',#6408);
#6408 = CARTESIAN_POINT('',(-2.516391518996,91.,-12.39323914755));
#6409 = CIRCLE('',#6410,1.55);
#6410 = AXIS2_PLACEMENT_3D('',#6411,#6412,#6413);
#6411 = CARTESIAN_POINT('',(-4.021705635901,91.,-12.02374028497));
#6412 = DIRECTION('',(-2.948876798795E-16,-1.,-3.714698827088E-16));
#6413 = DIRECTION('',(-0.51503807491,-1.665334536938E-16,0.857167300702)
  );
#6414 = ORIENTED_EDGE('',*,*,#6415,.T.);
#6415 = EDGE_CURVE('',#6407,#6416,#6418,.T.);
#6416 = VERTEX_POINT('',#6417);
#6417 = CARTESIAN_POINT('',(-2.097542226053,91.,-13.09032135184));
#6418 = LINE('',#6419,#6420);
#6419 = CARTESIAN_POINT('',(5.498858839932,91.,-25.73285433202));
#6420 = VECTOR('',#6421,1.);
#6421 = DIRECTION('',(0.515038118421,0.,-0.857167274558));
#6422 = ORIENTED_EDGE('',*,*,#6423,.T.);
#6423 = EDGE_CURVE('',#6416,#6424,#6426,.T.);
#6424 = VERTEX_POINT('',#6425);
#6425 = CARTESIAN_POINT('',(-2.910657769967,91.,-13.10451437774));
#6426 = LINE('',#6427,#6428);
#6427 = CARTESIAN_POINT('',(1.724115817981,91.,-13.0236138685));
#6428 = VECTOR('',#6429,1.);
#6429 = DIRECTION('',(-0.99984769427,0.,-1.745245719031E-02));
#6430 = ORIENTED_EDGE('',*,*,#6431,.F.);
#6431 = EDGE_CURVE('',#6364,#6424,#6432,.T.);
#6432 = CIRCLE('',#6433,1.55);
#6433 = AXIS2_PLACEMENT_3D('',#6434,#6435,#6436);
#6434 = CARTESIAN_POINT('',(-4.021705635901,91.,-12.02374028497));
#6435 = DIRECTION('',(-2.948876798795E-16,-1.,-3.714698827088E-16));
#6436 = DIRECTION('',(-0.51503807491,-1.665334536938E-16,0.857167300702)
  );
#6437 = FACE_BOUND('',#6438,.F.);
#6438 = EDGE_LOOP('',(#6439,#6449,#6457,#6466,#6474,#6482,#6491,#6499,
    #6507));
#6439 = ORIENTED_EDGE('',*,*,#6440,.T.);
#6440 = EDGE_CURVE('',#6441,#6443,#6445,.T.);
#6441 = VERTEX_POINT('',#6442);
#6442 = CARTESIAN_POINT('',(-5.093925402702,91.,-30.09355439276));
#6443 = VERTEX_POINT('',#6444);
#6444 = CARTESIAN_POINT('',(-5.907040946616,91.,-30.10774741866));
#6445 = LINE('',#6446,#6447);
#6446 = CARTESIAN_POINT('',(1.872227333213,91.,-29.97195939074));
#6447 = VECTOR('',#6448,1.);
#6448 = DIRECTION('',(-0.99984769427,0.,-1.745245719031E-02));
#6449 = ORIENTED_EDGE('',*,*,#6450,.T.);
#6450 = EDGE_CURVE('',#6443,#6451,#6453,.T.);
#6451 = VERTEX_POINT('',#6452);
#6452 = CARTESIAN_POINT('',(-5.512774695645,91.,-29.39647218847));
#6453 = LINE('',#6454,#6455);
#6454 = CARTESIAN_POINT('',(-8.07263117107,91.,-34.01457606962));
#6455 = VECTOR('',#6456,1.);
#6456 = DIRECTION('',(0.48480957585,0.,0.874619731749));
#6457 = ORIENTED_EDGE('',*,*,#6458,.F.);
#6458 = EDGE_CURVE('',#6459,#6451,#6461,.T.);
#6459 = VERTEX_POINT('',#6460);
#6460 = CARTESIAN_POINT('',(-4.453934599377,91.,-27.48627386093));
#6461 = CIRCLE('',#6462,1.55);
#6462 = AXIS2_PLACEMENT_3D('',#6463,#6464,#6465);
#6463 = CARTESIAN_POINT('',(-4.021272942588,91.,-28.97466355813));
#6464 = DIRECTION('',(-2.948876798795E-16,-1.,-3.714698827088E-16));
#6465 = DIRECTION('',(-0.51503807491,-1.665334536938E-16,0.857167300702)
  );
#6466 = ORIENTED_EDGE('',*,*,#6467,.T.);
#6467 = EDGE_CURVE('',#6459,#6468,#6470,.T.);
#6468 = VERTEX_POINT('',#6469);
#6469 = CARTESIAN_POINT('',(-4.059668348407,91.,-26.77499863074));
#6470 = LINE('',#6471,#6472);
#6471 = CARTESIAN_POINT('',(-8.07263117107,91.,-34.01457606962));
#6472 = VECTOR('',#6473,1.);
#6473 = DIRECTION('',(0.48480957585,0.,0.874619731749));
#6474 = ORIENTED_EDGE('',*,*,#6475,.T.);
#6475 = EDGE_CURVE('',#6468,#6476,#6478,.T.);
#6476 = VERTEX_POINT('',#6477);
#6477 = CARTESIAN_POINT('',(-3.640819055464,91.,-27.47208083503));
#6478 = LINE('',#6479,#6480);
#6479 = CARTESIAN_POINT('',(1.757539717037,91.,-36.45645754544));
#6480 = VECTOR('',#6481,1.);
#6481 = DIRECTION('',(0.515038118421,0.,-0.857167274558));
#6482 = ORIENTED_EDGE('',*,*,#6483,.F.);
#6483 = EDGE_CURVE('',#6484,#6476,#6486,.T.);
#6484 = VERTEX_POINT('',#6485);
#6485 = CARTESIAN_POINT('',(-2.515958825683,91.,-29.34416242071));
#6486 = CIRCLE('',#6487,1.55);
#6487 = AXIS2_PLACEMENT_3D('',#6488,#6489,#6490);
#6488 = CARTESIAN_POINT('',(-4.021272942588,91.,-28.97466355813));
#6489 = DIRECTION('',(-2.948876798795E-16,-1.,-3.714698827088E-16));
#6490 = DIRECTION('',(-0.51503807491,-1.665334536938E-16,0.857167300702)
  );
#6491 = ORIENTED_EDGE('',*,*,#6492,.T.);
#6492 = EDGE_CURVE('',#6484,#6493,#6495,.T.);
#6493 = VERTEX_POINT('',#6494);
#6494 = CARTESIAN_POINT('',(-2.09710953274,91.,-30.041244625));
#6495 = LINE('',#6496,#6497);
#6496 = CARTESIAN_POINT('',(1.757539717037,91.,-36.45645754544));
#6497 = VECTOR('',#6498,1.);
#6498 = DIRECTION('',(0.515038118421,0.,-0.857167274558));
#6499 = ORIENTED_EDGE('',*,*,#6500,.T.);
#6500 = EDGE_CURVE('',#6493,#6501,#6503,.T.);
#6501 = VERTEX_POINT('',#6502);
#6502 = CARTESIAN_POINT('',(-2.910225076653,91.,-30.0554376509));
#6503 = LINE('',#6504,#6505);
#6504 = CARTESIAN_POINT('',(1.872227333213,91.,-29.97195939074));
#6505 = VECTOR('',#6506,1.);
#6506 = DIRECTION('',(-0.99984769427,0.,-1.745245719031E-02));
#6507 = ORIENTED_EDGE('',*,*,#6508,.F.);
#6508 = EDGE_CURVE('',#6441,#6501,#6509,.T.);
#6509 = CIRCLE('',#6510,1.55);
#6510 = AXIS2_PLACEMENT_3D('',#6511,#6512,#6513);
#6511 = CARTESIAN_POINT('',(-4.021272942588,91.,-28.97466355813));
#6512 = DIRECTION('',(-2.948876798795E-16,-1.,-3.714698827088E-16));
#6513 = DIRECTION('',(-0.51503807491,-1.665334536938E-16,0.857167300702)
  );
#6514 = PLANE('',#6515);
#6515 = AXIS2_PLACEMENT_3D('',#6516,#6517,#6518);
#6516 = CARTESIAN_POINT('',(6.14,91.,-47.));
#6517 = DIRECTION('',(0.,-1.,-0.));
#6518 = DIRECTION('',(-1.,0.,-1.224646799147E-16));
#6519 = ADVANCED_FACE('',(#6520),#6538,.F.);
#6520 = FACE_BOUND('',#6521,.F.);
#6521 = EDGE_LOOP('',(#6522,#6530,#6531,#6532));
#6522 = ORIENTED_EDGE('',*,*,#6523,.F.);
#6523 = EDGE_CURVE('',#1300,#6524,#6526,.T.);
#6524 = VERTEX_POINT('',#6525);
#6525 = CARTESIAN_POINT('',(109.5,68.5,-2.));
#6526 = LINE('',#6527,#6528);
#6527 = CARTESIAN_POINT('',(109.5,70.207106781187,-0.292893218813));
#6528 = VECTOR('',#6529,1.);
#6529 = DIRECTION('',(1.015853954326E-14,-0.707106781187,-0.707106781187
    ));
#6530 = ORIENTED_EDGE('',*,*,#1307,.T.);
#6531 = ORIENTED_EDGE('',*,*,#6313,.T.);
#6532 = ORIENTED_EDGE('',*,*,#6533,.F.);
#6533 = EDGE_CURVE('',#6524,#6314,#6534,.T.);
#6534 = LINE('',#6535,#6536);
#6535 = CARTESIAN_POINT('',(107.5,68.5,-2.));
#6536 = VECTOR('',#6537,1.);
#6537 = DIRECTION('',(1.,0.,1.224646799147E-16));
#6538 = PLANE('',#6539);
#6539 = AXIS2_PLACEMENT_3D('',#6540,#6541,#6542);
#6540 = CARTESIAN_POINT('',(107.5,69.5,-1.));
#6541 = DIRECTION('',(8.659560562355E-17,0.707106781187,-0.707106781187)
  );
#6542 = DIRECTION('',(1.,0.,1.224646799147E-16));
#6543 = ADVANCED_FACE('',(#6544),#6562,.F.);
#6544 = FACE_BOUND('',#6545,.F.);
#6545 = EDGE_LOOP('',(#6546,#6554,#6555,#6556));
#6546 = ORIENTED_EDGE('',*,*,#6547,.F.);
#6547 = EDGE_CURVE('',#6348,#6548,#6550,.T.);
#6548 = VERTEX_POINT('',#6549);
#6549 = CARTESIAN_POINT('',(-8.,87.,-39.01));
#6550 = LINE('',#6551,#6552);
#6551 = CARTESIAN_POINT('',(-8.,91.,-39.01));
#6552 = VECTOR('',#6553,1.);
#6553 = DIRECTION('',(0.,-1.,-0.));
#6554 = ORIENTED_EDGE('',*,*,#6347,.T.);
#6555 = ORIENTED_EDGE('',*,*,#1203,.T.);
#6556 = ORIENTED_EDGE('',*,*,#6557,.F.);
#6557 = EDGE_CURVE('',#6548,#1204,#6558,.T.);
#6558 = LINE('',#6559,#6560);
#6559 = CARTESIAN_POINT('',(-8.,87.,-39.01));
#6560 = VECTOR('',#6561,1.);
#6561 = DIRECTION('',(-1.224646799147E-16,0.,1.));
#6562 = PLANE('',#6563);
#6563 = AXIS2_PLACEMENT_3D('',#6564,#6565,#6566);
#6564 = CARTESIAN_POINT('',(-8.,91.,-47.));
#6565 = DIRECTION('',(1.,-0.,1.224646799147E-16));
#6566 = DIRECTION('',(0.,-1.,-0.));
#6567 = ADVANCED_FACE('',(#6568),#6586,.F.);
#6568 = FACE_BOUND('',#6569,.F.);
#6569 = EDGE_LOOP('',(#6570,#6578,#6579,#6580));
#6570 = ORIENTED_EDGE('',*,*,#6571,.F.);
#6571 = EDGE_CURVE('',#1292,#6572,#6574,.T.);
#6572 = VERTEX_POINT('',#6573);
#6573 = CARTESIAN_POINT('',(106.08578643762,69.914213562373,-2.));
#6574 = LINE('',#6575,#6576);
#6575 = CARTESIAN_POINT('',(107.1464466094,70.974873734153,-0.5));
#6576 = VECTOR('',#6577,1.);
#6577 = DIRECTION('',(-0.5,-0.5,-0.707106781187));
#6578 = ORIENTED_EDGE('',*,*,#1299,.T.);
#6579 = ORIENTED_EDGE('',*,*,#6523,.T.);
#6580 = ORIENTED_EDGE('',*,*,#6581,.F.);
#6581 = EDGE_CURVE('',#6572,#6524,#6582,.T.);
#6582 = LINE('',#6583,#6584);
#6583 = CARTESIAN_POINT('',(107.29289321881,69.414213562373,-2.));
#6584 = VECTOR('',#6585,1.);
#6585 = DIRECTION('',(0.923879532511,-0.382683432365,-1.850121284503E-15
    ));
#6586 = PLANE('',#6587);
#6587 = AXIS2_PLACEMENT_3D('',#6588,#6589,#6590);
#6588 = CARTESIAN_POINT('',(107.5,71.328427124746,2.264685076442E-14));
#6589 = DIRECTION('',(0.281084637715,0.678598344546,-0.678598344546));
#6590 = DIRECTION('',(0.923879532511,-0.382683432365,-1.829747681865E-15
    ));
#6591 = ADVANCED_FACE('',(#6592),#6603,.T.);
#6592 = FACE_BOUND('',#6593,.T.);
#6593 = EDGE_LOOP('',(#6594,#6600,#6601,#6602));
#6594 = ORIENTED_EDGE('',*,*,#6595,.F.);
#6595 = EDGE_CURVE('',#5135,#6548,#6596,.T.);
#6596 = LINE('',#6597,#6598);
#6597 = CARTESIAN_POINT('',(-6.835,85.835,-40.175));
#6598 = VECTOR('',#6599,1.);
#6599 = DIRECTION('',(-0.57735026919,0.57735026919,0.57735026919));
#6600 = ORIENTED_EDGE('',*,*,#5142,.T.);
#6601 = ORIENTED_EDGE('',*,*,#1211,.T.);
#6602 = ORIENTED_EDGE('',*,*,#6557,.F.);
#6603 = PLANE('',#6604);
#6604 = AXIS2_PLACEMENT_3D('',#6605,#6606,#6607);
#6605 = CARTESIAN_POINT('',(-6.5,85.5,-39.01));
#6606 = DIRECTION('',(-0.707106781187,-0.707106781187,
    -8.659560562355E-17));
#6607 = DIRECTION('',(-1.224646799147E-16,0.,1.));
#6608 = ADVANCED_FACE('',(#6609),#6627,.F.);
#6609 = FACE_BOUND('',#6610,.F.);
#6610 = EDGE_LOOP('',(#6611,#6619,#6620,#6621));
#6611 = ORIENTED_EDGE('',*,*,#6612,.F.);
#6612 = EDGE_CURVE('',#1284,#6613,#6615,.T.);
#6613 = VERTEX_POINT('',#6614);
#6614 = CARTESIAN_POINT('',(103.91421356237,72.085786437627,-2.));
#6615 = LINE('',#6616,#6617);
#6616 = CARTESIAN_POINT('',(105.12132034356,73.292893218813,
    -0.292893218813));
#6617 = VECTOR('',#6618,1.);
#6618 = DIRECTION('',(-0.5,-0.5,-0.707106781187));
#6619 = ORIENTED_EDGE('',*,*,#1291,.T.);
#6620 = ORIENTED_EDGE('',*,*,#6571,.T.);
#6621 = ORIENTED_EDGE('',*,*,#6622,.F.);
#6622 = EDGE_CURVE('',#6613,#6572,#6623,.T.);
#6623 = LINE('',#6624,#6625);
#6624 = CARTESIAN_POINT('',(102.5,73.5,-2.));
#6625 = VECTOR('',#6626,1.);
#6626 = DIRECTION('',(0.707106781187,-0.707106781187,8.659560562355E-17)
  );
#6627 = PLANE('',#6628);
#6628 = AXIS2_PLACEMENT_3D('',#6629,#6630,#6631);
#6629 = CARTESIAN_POINT('',(103.20710678118,74.207106781187,-1.));
#6630 = DIRECTION('',(0.5,0.5,-0.707106781187));
#6631 = DIRECTION('',(0.707106781187,-0.707106781187,8.659560562355E-17)
  );
#6632 = ADVANCED_FACE('',(#6633),#6651,.F.);
#6633 = FACE_BOUND('',#6634,.F.);
#6634 = EDGE_LOOP('',(#6635,#6643,#6644,#6645));
#6635 = ORIENTED_EDGE('',*,*,#6636,.F.);
#6636 = EDGE_CURVE('',#1276,#6637,#6639,.T.);
#6637 = VERTEX_POINT('',#6638);
#6638 = CARTESIAN_POINT('',(102.5,75.5,-2.));
#6639 = LINE('',#6640,#6641);
#6640 = CARTESIAN_POINT('',(104.,75.5,-0.5));
#6641 = VECTOR('',#6642,1.);
#6642 = DIRECTION('',(-0.707106781187,-5.134716517226E-15,
    -0.707106781187));
#6643 = ORIENTED_EDGE('',*,*,#1283,.T.);
#6644 = ORIENTED_EDGE('',*,*,#6612,.T.);
#6645 = ORIENTED_EDGE('',*,*,#6646,.F.);
#6646 = EDGE_CURVE('',#6637,#6613,#6647,.T.);
#6647 = LINE('',#6648,#6649);
#6648 = CARTESIAN_POINT('',(103.,74.292893218814,-2.));
#6649 = VECTOR('',#6650,1.);
#6650 = DIRECTION('',(0.382683432365,-0.923879532511,4.955024943383E-15)
  );
#6651 = PLANE('',#6652);
#6652 = AXIS2_PLACEMENT_3D('',#6653,#6654,#6655);
#6653 = CARTESIAN_POINT('',(104.5,75.5,2.227945672468E-14));
#6654 = DIRECTION('',(0.678598344546,0.281084637715,-0.678598344546));
#6655 = DIRECTION('',(0.382683432365,-0.923879532511,3.43304542916E-15)
  );
#6656 = ADVANCED_FACE('',(#6657),#6675,.T.);
#6657 = FACE_BOUND('',#6658,.F.);
#6658 = EDGE_LOOP('',(#6659,#6667,#6668,#6669));
#6659 = ORIENTED_EDGE('',*,*,#6660,.F.);
#6660 = EDGE_CURVE('',#1268,#6661,#6663,.T.);
#6661 = VERTEX_POINT('',#6662);
#6662 = CARTESIAN_POINT('',(102.5,89.,-2.));
#6663 = LINE('',#6664,#6665);
#6664 = CARTESIAN_POINT('',(103.,89.,-1.5));
#6665 = VECTOR('',#6666,1.);
#6666 = DIRECTION('',(-0.707106781187,-1.269155373013E-14,
    -0.707106781187));
#6667 = ORIENTED_EDGE('',*,*,#1275,.T.);
#6668 = ORIENTED_EDGE('',*,*,#6636,.T.);
#6669 = ORIENTED_EDGE('',*,*,#6670,.F.);
#6670 = EDGE_CURVE('',#6661,#6637,#6671,.T.);
#6671 = LINE('',#6672,#6673);
#6672 = CARTESIAN_POINT('',(102.5,91.,-2.));
#6673 = VECTOR('',#6674,1.);
#6674 = DIRECTION('',(0.,-1.,-0.));
#6675 = PLANE('',#6676);
#6676 = AXIS2_PLACEMENT_3D('',#6677,#6678,#6679);
#6677 = CARTESIAN_POINT('',(103.5,91.,-1.));
#6678 = DIRECTION('',(-0.707106781187,0.,0.707106781187));
#6679 = DIRECTION('',(0.,1.,0.));
#6680 = ADVANCED_FACE('',(#6681),#6692,.F.);
#6681 = FACE_BOUND('',#6682,.F.);
#6682 = EDGE_LOOP('',(#6683,#6689,#6690,#6691));
#6683 = ORIENTED_EDGE('',*,*,#6684,.F.);
#6684 = EDGE_CURVE('',#5231,#1236,#6685,.T.);
#6685 = LINE('',#6686,#6687);
#6686 = CARTESIAN_POINT('',(6.14,89.01,-47.));
#6687 = VECTOR('',#6688,1.);
#6688 = DIRECTION('',(-1.224646799147E-16,0.,1.));
#6689 = ORIENTED_EDGE('',*,*,#5238,.T.);
#6690 = ORIENTED_EDGE('',*,*,#5188,.T.);
#6691 = ORIENTED_EDGE('',*,*,#1235,.T.);
#6692 = PLANE('',#6693);
#6693 = AXIS2_PLACEMENT_3D('',#6694,#6695,#6696);
#6694 = CARTESIAN_POINT('',(6.14,84.,-47.));
#6695 = DIRECTION('',(-1.,0.,-1.224646799147E-16));
#6696 = DIRECTION('',(0.,1.,0.));
#6697 = ADVANCED_FACE('',(#6698),#6716,.F.);
#6698 = FACE_BOUND('',#6699,.F.);
#6699 = EDGE_LOOP('',(#6700,#6708,#6709,#6710));
#6700 = ORIENTED_EDGE('',*,*,#6701,.F.);
#6701 = EDGE_CURVE('',#1260,#6702,#6704,.T.);
#6702 = VERTEX_POINT('',#6703);
#6703 = CARTESIAN_POINT('',(100.5,91.,-2.));
#6704 = LINE('',#6705,#6706);
#6705 = CARTESIAN_POINT('',(100.5,92.5,-0.5));
#6706 = VECTOR('',#6707,1.);
#6707 = DIRECTION('',(-7.412958871272E-15,-0.707106781187,
    -0.707106781187));
#6708 = ORIENTED_EDGE('',*,*,#1267,.T.);
#6709 = ORIENTED_EDGE('',*,*,#6660,.T.);
#6710 = ORIENTED_EDGE('',*,*,#6711,.F.);
#6711 = EDGE_CURVE('',#6702,#6661,#6712,.T.);
#6712 = LINE('',#6713,#6714);
#6713 = CARTESIAN_POINT('',(100.5,91.,-2.));
#6714 = VECTOR('',#6715,1.);
#6715 = DIRECTION('',(0.707106781187,-0.707106781187,-5.105403647612E-15
    ));
#6716 = PLANE('',#6717);
#6717 = AXIS2_PLACEMENT_3D('',#6718,#6719,#6720);
#6718 = CARTESIAN_POINT('',(100.5,93.,2.178959800502E-14));
#6719 = DIRECTION('',(0.57735026919,0.57735026919,-0.57735026919));
#6720 = DIRECTION('',(0.707106781187,-0.707106781187,-5.103697034499E-15
    ));
#6721 = ADVANCED_FACE('',(#6722),#6742,.T.);
#6722 = FACE_BOUND('',#6723,.F.);
#6723 = EDGE_LOOP('',(#6724,#6725,#6726,#6727,#6735,#6741));
#6724 = ORIENTED_EDGE('',*,*,#6684,.T.);
#6725 = ORIENTED_EDGE('',*,*,#1243,.T.);
#6726 = ORIENTED_EDGE('',*,*,#1251,.T.);
#6727 = ORIENTED_EDGE('',*,*,#6728,.T.);
#6728 = EDGE_CURVE('',#1252,#6729,#6731,.T.);
#6729 = VERTEX_POINT('',#6730);
#6730 = CARTESIAN_POINT('',(8.13,91.,-2.));
#6731 = LINE('',#6732,#6733);
#6732 = CARTESIAN_POINT('',(0.631666666667,83.501666666667,
    -9.498333333333));
#6733 = VECTOR('',#6734,1.);
#6734 = DIRECTION('',(-0.57735026919,-0.57735026919,-0.57735026919));
#6735 = ORIENTED_EDGE('',*,*,#6736,.F.);
#6736 = EDGE_CURVE('',#5229,#6729,#6737,.T.);
#6737 = LINE('',#6738,#6739);
#6738 = CARTESIAN_POINT('',(8.13,91.,-47.));
#6739 = VECTOR('',#6740,1.);
#6740 = DIRECTION('',(-1.224646799147E-16,0.,1.));
#6741 = ORIENTED_EDGE('',*,*,#5228,.T.);
#6742 = PLANE('',#6743);
#6743 = AXIS2_PLACEMENT_3D('',#6744,#6745,#6746);
#6744 = CARTESIAN_POINT('',(7.135,90.005,-47.));
#6745 = DIRECTION('',(0.707106781187,-0.707106781187,8.659560562355E-17)
  );
#6746 = DIRECTION('',(1.224646799147E-16,0.,-1.));
#6747 = ADVANCED_FACE('',(#6748),#6759,.T.);
#6748 = FACE_BOUND('',#6749,.F.);
#6749 = EDGE_LOOP('',(#6750,#6751,#6752,#6753));
#6750 = ORIENTED_EDGE('',*,*,#6728,.F.);
#6751 = ORIENTED_EDGE('',*,*,#1259,.T.);
#6752 = ORIENTED_EDGE('',*,*,#6701,.T.);
#6753 = ORIENTED_EDGE('',*,*,#6754,.F.);
#6754 = EDGE_CURVE('',#6729,#6702,#6755,.T.);
#6755 = LINE('',#6756,#6757);
#6756 = CARTESIAN_POINT('',(8.13,91.,-2.));
#6757 = VECTOR('',#6758,1.);
#6758 = DIRECTION('',(1.,0.,1.224646799147E-16));
#6759 = PLANE('',#6760);
#6760 = AXIS2_PLACEMENT_3D('',#6761,#6762,#6763);
#6761 = CARTESIAN_POINT('',(8.13,92.,-1.));
#6762 = DIRECTION('',(-8.659560562355E-17,-0.707106781187,0.707106781187
    ));
#6763 = DIRECTION('',(-1.,0.,-1.224646799147E-16));
#6764 = ADVANCED_FACE('',(#6765),#6806,.T.);
#6765 = FACE_BOUND('',#6766,.T.);
#6766 = EDGE_LOOP('',(#6767,#6768,#6776,#6784,#6792,#6800));
#6767 = ORIENTED_EDGE('',*,*,#1411,.F.);
#6768 = ORIENTED_EDGE('',*,*,#6769,.F.);
#6769 = EDGE_CURVE('',#6770,#1412,#6772,.T.);
#6770 = VERTEX_POINT('',#6771);
#6771 = CARTESIAN_POINT('',(113.00671399532,-84.5853802216,-2.));
#6772 = LINE('',#6773,#6774);
#6773 = CARTESIAN_POINT('',(113.00671399532,-84.5853802216,4.845));
#6774 = VECTOR('',#6775,1.);
#6775 = DIRECTION('',(8.659560562355E-17,8.659560562355E-17,1.));
#6776 = ORIENTED_EDGE('',*,*,#6777,.F.);
#6777 = EDGE_CURVE('',#6778,#6770,#6780,.T.);
#6778 = VERTEX_POINT('',#6779);
#6779 = CARTESIAN_POINT('',(113.49561592189,-84.86764784742,-2.));
#6780 = LINE('',#6781,#6782);
#6781 = CARTESIAN_POINT('',(92.830568226176,-72.93667839612,-2.));
#6782 = VECTOR('',#6783,1.);
#6783 = DIRECTION('',(-0.866025429165,0.49999995604,-1.060575269807E-16)
  );
#6784 = ORIENTED_EDGE('',*,*,#6785,.T.);
#6785 = EDGE_CURVE('',#6778,#6786,#6788,.T.);
#6786 = VERTEX_POINT('',#6787);
#6787 = CARTESIAN_POINT('',(113.49561592189,-84.86764784743,-2.155));
#6788 = LINE('',#6789,#6790);
#6789 = CARTESIAN_POINT('',(113.49561592189,-84.86764784743,-4.));
#6790 = VECTOR('',#6791,1.);
#6791 = DIRECTION('',(1.224646799147E-16,0.,-1.));
#6792 = ORIENTED_EDGE('',*,*,#6793,.T.);
#6793 = EDGE_CURVE('',#6786,#6794,#6796,.T.);
#6794 = VERTEX_POINT('',#6795);
#6795 = CARTESIAN_POINT('',(113.711,-84.99199988832,-2.155));
#6796 = LINE('',#6797,#6798);
#6797 = CARTESIAN_POINT('',(110.41099990328,-83.08674416751,-2.155));
#6798 = VECTOR('',#6799,1.);
#6799 = DIRECTION('',(0.866025429165,-0.49999995604,-3.16961975189E-17)
  );
#6800 = ORIENTED_EDGE('',*,*,#6801,.F.);
#6801 = EDGE_CURVE('',#1414,#6794,#6802,.T.);
#6802 = LINE('',#6803,#6804);
#6803 = CARTESIAN_POINT('',(113.711,-84.99199988832,4.845));
#6804 = VECTOR('',#6805,1.);
#6805 = DIRECTION('',(-8.659560562355E-17,-8.659560562355E-17,-1.));
#6806 = PLANE('',#6807);
#6807 = AXIS2_PLACEMENT_3D('',#6808,#6809,#6810);
#6808 = CARTESIAN_POINT('',(110.41099990328,-83.08674416751,4.845));
#6809 = DIRECTION('',(-0.49999995604,-0.866025429165,1.182917955289E-16)
  );
#6810 = DIRECTION('',(0.866025429165,-0.49999995604,-3.16961975189E-17)
  );
#6811 = ADVANCED_FACE('',(#6812),#6831,.F.);
#6812 = FACE_BOUND('',#6813,.F.);
#6813 = EDGE_LOOP('',(#6814,#6823,#6829,#6830));
#6814 = ORIENTED_EDGE('',*,*,#6815,.T.);
#6815 = EDGE_CURVE('',#6770,#6816,#6818,.T.);
#6816 = VERTEX_POINT('',#6817);
#6817 = CARTESIAN_POINT('',(111.11528590795,-83.49336383422,-2.));
#6818 = CIRCLE('',#6819,1.55);
#6819 = AXIS2_PLACEMENT_3D('',#6820,#6821,#6822);
#6820 = CARTESIAN_POINT('',(111.511,-84.992,-2.));
#6821 = DIRECTION('',(8.659560562355E-17,8.659560562355E-17,1.));
#6822 = DIRECTION('',(-2.22044604925E-16,-1.,8.659560562355E-17));
#6823 = ORIENTED_EDGE('',*,*,#6824,.T.);
#6824 = EDGE_CURVE('',#6816,#1472,#6825,.T.);
#6825 = LINE('',#6826,#6827);
#6826 = CARTESIAN_POINT('',(111.11528590795,-83.49336383422,4.845));
#6827 = VECTOR('',#6828,1.);
#6828 = DIRECTION('',(8.659560562355E-17,8.659560562355E-17,1.));
#6829 = ORIENTED_EDGE('',*,*,#1479,.F.);
#6830 = ORIENTED_EDGE('',*,*,#6769,.F.);
#6831 = CYLINDRICAL_SURFACE('',#6832,1.55);
#6832 = AXIS2_PLACEMENT_3D('',#6833,#6834,#6835);
#6833 = CARTESIAN_POINT('',(111.511,-84.992,4.845));
#6834 = DIRECTION('',(8.659560562355E-17,8.659560562355E-17,1.));
#6835 = DIRECTION('',(-2.22044604925E-16,-1.,8.659560562355E-17));
#6836 = ADVANCED_FACE('',(#6837),#6871,.T.);
#6837 = FACE_BOUND('',#6838,.T.);
#6838 = EDGE_LOOP('',(#6839,#6840,#6848,#6856,#6864,#6870));
#6839 = ORIENTED_EDGE('',*,*,#1471,.F.);
#6840 = ORIENTED_EDGE('',*,*,#6841,.T.);
#6841 = EDGE_CURVE('',#1464,#6842,#6844,.T.);
#6842 = VERTEX_POINT('',#6843);
#6843 = CARTESIAN_POINT('',(110.41099990328,-83.08674416751,-2.155));
#6844 = LINE('',#6845,#6846);
#6845 = CARTESIAN_POINT('',(110.41099990328,-83.08674416751,4.845));
#6846 = VECTOR('',#6847,1.);
#6847 = DIRECTION('',(-8.659560562355E-17,-8.659560562355E-17,-1.));
#6848 = ORIENTED_EDGE('',*,*,#6849,.T.);
#6849 = EDGE_CURVE('',#6842,#6850,#6852,.T.);
#6850 = VERTEX_POINT('',#6851);
#6851 = CARTESIAN_POINT('',(110.61681218325,-83.20556992882,-2.155));
#6852 = LINE('',#6853,#6854);
#6853 = CARTESIAN_POINT('',(110.41099990328,-83.08674416751,-2.155));
#6854 = VECTOR('',#6855,1.);
#6855 = DIRECTION('',(0.866025429165,-0.49999995604,-3.16961975189E-17)
  );
#6856 = ORIENTED_EDGE('',*,*,#6857,.F.);
#6857 = EDGE_CURVE('',#6858,#6850,#6860,.T.);
#6858 = VERTEX_POINT('',#6859);
#6859 = CARTESIAN_POINT('',(110.61681218325,-83.20556992882,-2.));
#6860 = LINE('',#6861,#6862);
#6861 = CARTESIAN_POINT('',(110.61681218325,-83.20556992882,-4.));
#6862 = VECTOR('',#6863,1.);
#6863 = DIRECTION('',(1.224646799147E-16,0.,-1.));
#6864 = ORIENTED_EDGE('',*,*,#6865,.F.);
#6865 = EDGE_CURVE('',#6816,#6858,#6866,.T.);
#6866 = LINE('',#6867,#6868);
#6867 = CARTESIAN_POINT('',(92.830568226176,-72.93667839612,-2.));
#6868 = VECTOR('',#6869,1.);
#6869 = DIRECTION('',(-0.866025429165,0.49999995604,-1.060575269807E-16)
  );
#6870 = ORIENTED_EDGE('',*,*,#6824,.T.);
#6871 = PLANE('',#6872);
#6872 = AXIS2_PLACEMENT_3D('',#6873,#6874,#6875);
#6873 = CARTESIAN_POINT('',(110.41099990328,-83.08674416751,4.845));
#6874 = DIRECTION('',(-0.49999995604,-0.866025429165,1.182917955289E-16)
  );
#6875 = DIRECTION('',(0.866025429165,-0.49999995604,-3.16961975189E-17)
  );
#6876 = ADVANCED_FACE('',(#6877),#6911,.T.);
#6877 = FACE_BOUND('',#6878,.T.);
#6878 = EDGE_LOOP('',(#6879,#6880,#6888,#6896,#6904,#6910));
#6879 = ORIENTED_EDGE('',*,*,#1463,.F.);
#6880 = ORIENTED_EDGE('',*,*,#6881,.F.);
#6881 = EDGE_CURVE('',#6882,#1455,#6884,.T.);
#6882 = VERTEX_POINT('',#6883);
#6883 = CARTESIAN_POINT('',(110.41099994456,-83.89998357244,-2.));
#6884 = LINE('',#6885,#6886);
#6885 = CARTESIAN_POINT('',(110.41099994456,-83.89998357244,4.845));
#6886 = VECTOR('',#6887,1.);
#6887 = DIRECTION('',(8.659560562355E-17,8.659560562355E-17,1.));
#6888 = ORIENTED_EDGE('',*,*,#6889,.F.);
#6889 = EDGE_CURVE('',#6890,#6882,#6892,.T.);
#6890 = VERTEX_POINT('',#6891);
#6891 = CARTESIAN_POINT('',(110.41099991525,-83.3224783711,-2.));
#6892 = LINE('',#6893,#6894);
#6893 = CARTESIAN_POINT('',(110.41099789121,-43.44862799972,-2.));
#6894 = VECTOR('',#6895,1.);
#6895 = DIRECTION('',(5.076101552796E-08,-1.,6.216431518778E-24));
#6896 = ORIENTED_EDGE('',*,*,#6897,.T.);
#6897 = EDGE_CURVE('',#6890,#6898,#6900,.T.);
#6898 = VERTEX_POINT('',#6899);
#6899 = CARTESIAN_POINT('',(110.41099991525,-83.3224783711,-2.155));
#6900 = LINE('',#6901,#6902);
#6901 = CARTESIAN_POINT('',(110.41099991525,-83.3224783711,-4.));
#6902 = VECTOR('',#6903,1.);
#6903 = DIRECTION('',(1.224646799147E-16,0.,-1.));
#6904 = ORIENTED_EDGE('',*,*,#6905,.T.);
#6905 = EDGE_CURVE('',#6898,#6842,#6906,.T.);
#6906 = LINE('',#6907,#6908);
#6907 = CARTESIAN_POINT('',(110.41100009671,-86.89725594416,-2.155));
#6908 = VECTOR('',#6909,1.);
#6909 = DIRECTION('',(-5.076101552796E-08,1.,-8.659560122787E-17));
#6910 = ORIENTED_EDGE('',*,*,#6841,.F.);
#6911 = PLANE('',#6912);
#6912 = AXIS2_PLACEMENT_3D('',#6913,#6914,#6915);
#6913 = CARTESIAN_POINT('',(110.41100009671,-86.89725594416,4.845));
#6914 = DIRECTION('',(1.,5.076101552796E-08,-8.659561001923E-17));
#6915 = DIRECTION('',(-5.076101552796E-08,1.,-8.659560122787E-17));
#6916 = ADVANCED_FACE('',(#6917),#6936,.F.);
#6917 = FACE_BOUND('',#6918,.F.);
#6918 = EDGE_LOOP('',(#6919,#6920,#6929,#6935));
#6919 = ORIENTED_EDGE('',*,*,#6881,.F.);
#6920 = ORIENTED_EDGE('',*,*,#6921,.T.);
#6921 = EDGE_CURVE('',#6882,#6922,#6924,.T.);
#6922 = VERTEX_POINT('',#6923);
#6923 = CARTESIAN_POINT('',(110.41100005543,-86.08401653922,-2.));
#6924 = CIRCLE('',#6925,1.55);
#6925 = AXIS2_PLACEMENT_3D('',#6926,#6927,#6928);
#6926 = CARTESIAN_POINT('',(111.511,-84.992,-2.));
#6927 = DIRECTION('',(8.659560562355E-17,8.659560562355E-17,1.));
#6928 = DIRECTION('',(-2.22044604925E-16,-1.,8.659560562355E-17));
#6929 = ORIENTED_EDGE('',*,*,#6930,.T.);
#6930 = EDGE_CURVE('',#6922,#1447,#6931,.T.);
#6931 = LINE('',#6932,#6933);
#6932 = CARTESIAN_POINT('',(110.41100005543,-86.08401653922,4.845));
#6933 = VECTOR('',#6934,1.);
#6934 = DIRECTION('',(8.659560562355E-17,8.659560562355E-17,1.));
#6935 = ORIENTED_EDGE('',*,*,#1454,.F.);
#6936 = CYLINDRICAL_SURFACE('',#6937,1.55);
#6937 = AXIS2_PLACEMENT_3D('',#6938,#6939,#6940);
#6938 = CARTESIAN_POINT('',(111.511,-84.992,4.845));
#6939 = DIRECTION('',(8.659560562355E-17,8.659560562355E-17,1.));
#6940 = DIRECTION('',(-2.22044604925E-16,-1.,8.659560562355E-17));
#6941 = ADVANCED_FACE('',(#6942),#6976,.T.);
#6942 = FACE_BOUND('',#6943,.T.);
#6943 = EDGE_LOOP('',(#6944,#6945,#6953,#6961,#6969,#6975));
#6944 = ORIENTED_EDGE('',*,*,#1446,.F.);
#6945 = ORIENTED_EDGE('',*,*,#6946,.T.);
#6946 = EDGE_CURVE('',#1439,#6947,#6949,.T.);
#6947 = VERTEX_POINT('',#6948);
#6948 = CARTESIAN_POINT('',(110.41100009671,-86.89725594416,-2.155));
#6949 = LINE('',#6950,#6951);
#6950 = CARTESIAN_POINT('',(110.41100009671,-86.89725594416,4.845));
#6951 = VECTOR('',#6952,1.);
#6952 = DIRECTION('',(-8.659560562355E-17,-8.659560562355E-17,-1.));
#6953 = ORIENTED_EDGE('',*,*,#6954,.T.);
#6954 = EDGE_CURVE('',#6947,#6955,#6957,.T.);
#6955 = VERTEX_POINT('',#6956);
#6956 = CARTESIAN_POINT('',(110.41100008555,-86.67752173945,-2.155));
#6957 = LINE('',#6958,#6959);
#6958 = CARTESIAN_POINT('',(110.41100009671,-86.89725594416,-2.155));
#6959 = VECTOR('',#6960,1.);
#6960 = DIRECTION('',(-5.076101552796E-08,1.,-8.659560122787E-17));
#6961 = ORIENTED_EDGE('',*,*,#6962,.F.);
#6962 = EDGE_CURVE('',#6963,#6955,#6965,.T.);
#6963 = VERTEX_POINT('',#6964);
#6964 = CARTESIAN_POINT('',(110.41100008555,-86.67752173945,-2.));
#6965 = LINE('',#6966,#6967);
#6966 = CARTESIAN_POINT('',(110.41100008555,-86.67752173945,-4.));
#6967 = VECTOR('',#6968,1.);
#6968 = DIRECTION('',(1.224646799147E-16,0.,-1.));
#6969 = ORIENTED_EDGE('',*,*,#6970,.F.);
#6970 = EDGE_CURVE('',#6922,#6963,#6971,.T.);
#6971 = LINE('',#6972,#6973);
#6972 = CARTESIAN_POINT('',(110.41099789121,-43.44862799972,-2.));
#6973 = VECTOR('',#6974,1.);
#6974 = DIRECTION('',(5.076101552796E-08,-1.,6.216431518778E-24));
#6975 = ORIENTED_EDGE('',*,*,#6930,.T.);
#6976 = PLANE('',#6977);
#6977 = AXIS2_PLACEMENT_3D('',#6978,#6979,#6980);
#6978 = CARTESIAN_POINT('',(110.41100009671,-86.89725594416,4.845));
#6979 = DIRECTION('',(1.,5.076101552796E-08,-8.659561001923E-17));
#6980 = DIRECTION('',(-5.076101552796E-08,1.,-8.659560122787E-17));
#6981 = ADVANCED_FACE('',(#6982),#7016,.T.);
#6982 = FACE_BOUND('',#6983,.T.);
#6983 = EDGE_LOOP('',(#6984,#6985,#6993,#7001,#7009,#7015));
#6984 = ORIENTED_EDGE('',*,*,#1438,.F.);
#6985 = ORIENTED_EDGE('',*,*,#6986,.F.);
#6986 = EDGE_CURVE('',#6987,#1430,#6989,.T.);
#6987 = VERTEX_POINT('',#6988);
#6988 = CARTESIAN_POINT('',(111.1152860601,-86.49063620594,-2.));
#6989 = LINE('',#6990,#6991);
#6990 = CARTESIAN_POINT('',(111.1152860601,-86.49063620594,4.845));
#6991 = VECTOR('',#6992,1.);
#6992 = DIRECTION('',(8.659560562355E-17,8.659560562355E-17,1.));
#6993 = ORIENTED_EDGE('',*,*,#6994,.F.);
#6994 = EDGE_CURVE('',#6995,#6987,#6997,.T.);
#6995 = VERTEX_POINT('',#6996);
#6996 = CARTESIAN_POINT('',(110.60192459559,-86.78702562041,-2.));
#6997 = LINE('',#6998,#6999);
#6998 = CARTESIAN_POINT('',(131.28318388259,-74.84669360415,-2.));
#6999 = VECTOR('',#7000,1.);
#7000 = DIRECTION('',(0.866025378404,0.50000004396,1.060575207643E-16));
#7001 = ORIENTED_EDGE('',*,*,#7002,.T.);
#7002 = EDGE_CURVE('',#6995,#7003,#7005,.T.);
#7003 = VERTEX_POINT('',#7004);
#7004 = CARTESIAN_POINT('',(110.60192459559,-86.78702562041,-2.155));
#7005 = LINE('',#7006,#7007);
#7006 = CARTESIAN_POINT('',(110.60192459559,-86.78702562041,-4.));
#7007 = VECTOR('',#7008,1.);
#7008 = DIRECTION('',(1.224646799147E-16,0.,-1.));
#7009 = ORIENTED_EDGE('',*,*,#7010,.T.);
#7010 = EDGE_CURVE('',#7003,#6947,#7011,.T.);
#7011 = LINE('',#7012,#7013);
#7012 = CARTESIAN_POINT('',(113.711,-84.99199988832,-2.155));
#7013 = VECTOR('',#7014,1.);
#7014 = DIRECTION('',(-0.866025378404,-0.50000004396,1.182917987468E-16)
  );
#7015 = ORIENTED_EDGE('',*,*,#6946,.F.);
#7016 = PLANE('',#7017);
#7017 = AXIS2_PLACEMENT_3D('',#7018,#7019,#7020);
#7018 = CARTESIAN_POINT('',(113.711,-84.99199988832,4.845));
#7019 = DIRECTION('',(-0.50000004396,0.866025378404,-3.169618550974E-17)
  );
#7020 = DIRECTION('',(-0.866025378404,-0.50000004396,1.182917987468E-16)
  );
#7021 = ADVANCED_FACE('',(#7022),#7041,.F.);
#7022 = FACE_BOUND('',#7023,.F.);
#7023 = EDGE_LOOP('',(#7024,#7032,#7033,#7034));
#7024 = ORIENTED_EDGE('',*,*,#7025,.T.);
#7025 = EDGE_CURVE('',#7026,#1422,#7028,.T.);
#7026 = VERTEX_POINT('',#7027);
#7027 = CARTESIAN_POINT('',(113.0067140366,-85.39861962654,-2.));
#7028 = LINE('',#7029,#7030);
#7029 = CARTESIAN_POINT('',(113.0067140366,-85.39861962654,4.845));
#7030 = VECTOR('',#7031,1.);
#7031 = DIRECTION('',(8.659560562355E-17,8.659560562355E-17,1.));
#7032 = ORIENTED_EDGE('',*,*,#1429,.F.);
#7033 = ORIENTED_EDGE('',*,*,#6986,.F.);
#7034 = ORIENTED_EDGE('',*,*,#7035,.T.);
#7035 = EDGE_CURVE('',#6987,#7026,#7036,.T.);
#7036 = CIRCLE('',#7037,1.55);
#7037 = AXIS2_PLACEMENT_3D('',#7038,#7039,#7040);
#7038 = CARTESIAN_POINT('',(111.511,-84.992,-2.));
#7039 = DIRECTION('',(8.659560562355E-17,8.659560562355E-17,1.));
#7040 = DIRECTION('',(-2.22044604925E-16,-1.,8.659560562355E-17));
#7041 = CYLINDRICAL_SURFACE('',#7042,1.55);
#7042 = AXIS2_PLACEMENT_3D('',#7043,#7044,#7045);
#7043 = CARTESIAN_POINT('',(111.511,-84.992,4.845));
#7044 = DIRECTION('',(8.659560562355E-17,8.659560562355E-17,1.));
#7045 = DIRECTION('',(-2.22044604925E-16,-1.,8.659560562355E-17));
#7046 = ADVANCED_FACE('',(#7047),#7074,.T.);
#7047 = FACE_BOUND('',#7048,.T.);
#7048 = EDGE_LOOP('',(#7049,#7050,#7051,#7059,#7067,#7073));
#7049 = ORIENTED_EDGE('',*,*,#1421,.F.);
#7050 = ORIENTED_EDGE('',*,*,#6801,.T.);
#7051 = ORIENTED_EDGE('',*,*,#7052,.T.);
#7052 = EDGE_CURVE('',#6794,#7053,#7055,.T.);
#7053 = VERTEX_POINT('',#7054);
#7054 = CARTESIAN_POINT('',(113.49664729844,-85.11575649277,-2.155));
#7055 = LINE('',#7056,#7057);
#7056 = CARTESIAN_POINT('',(113.711,-84.99199988832,-2.155));
#7057 = VECTOR('',#7058,1.);
#7058 = DIRECTION('',(-0.866025378404,-0.50000004396,1.182917987468E-16)
  );
#7059 = ORIENTED_EDGE('',*,*,#7060,.F.);
#7060 = EDGE_CURVE('',#7061,#7053,#7063,.T.);
#7061 = VERTEX_POINT('',#7062);
#7062 = CARTESIAN_POINT('',(113.49664729844,-85.11575649277,-2.));
#7063 = LINE('',#7064,#7065);
#7064 = CARTESIAN_POINT('',(113.49664729844,-85.11575649277,-4.));
#7065 = VECTOR('',#7066,1.);
#7066 = DIRECTION('',(1.224646799147E-16,0.,-1.));
#7067 = ORIENTED_EDGE('',*,*,#7068,.F.);
#7068 = EDGE_CURVE('',#7026,#7061,#7069,.T.);
#7069 = LINE('',#7070,#7071);
#7070 = CARTESIAN_POINT('',(131.28318388259,-74.84669360415,-2.));
#7071 = VECTOR('',#7072,1.);
#7072 = DIRECTION('',(0.866025378404,0.50000004396,1.060575207643E-16));
#7073 = ORIENTED_EDGE('',*,*,#7025,.T.);
#7074 = PLANE('',#7075);
#7075 = AXIS2_PLACEMENT_3D('',#7076,#7077,#7078);
#7076 = CARTESIAN_POINT('',(113.711,-84.99199988832,4.845));
#7077 = DIRECTION('',(-0.50000004396,0.866025378404,-3.169618550974E-17)
  );
#7078 = DIRECTION('',(-0.866025378404,-0.50000004396,1.182917987468E-16)
  );
#7079 = ADVANCED_FACE('',(#7080),#7093,.F.);
#7080 = FACE_BOUND('',#7081,.F.);
#7081 = EDGE_LOOP('',(#7082,#7091,#7092));
#7082 = ORIENTED_EDGE('',*,*,#7083,.T.);
#7083 = EDGE_CURVE('',#1489,#7084,#7086,.T.);
#7084 = VERTEX_POINT('',#7085);
#7085 = CARTESIAN_POINT('',(112.,-76.,-4.));
#7086 = CIRCLE('',#7087,4.);
#7087 = AXIS2_PLACEMENT_3D('',#7088,#7089,#7090);
#7088 = CARTESIAN_POINT('',(112.,-76.,1.371604415045E-14));
#7089 = DIRECTION('',(2.449293598295E-16,-1.,2.999519565324E-32));
#7090 = DIRECTION('',(-1.,-2.449293598295E-16,-1.224646799147E-16));
#7091 = ORIENTED_EDGE('',*,*,#7083,.F.);
#7092 = ORIENTED_EDGE('',*,*,#1488,.T.);
#7093 = SPHERICAL_SURFACE('',#7094,4.);
#7094 = AXIS2_PLACEMENT_3D('',#7095,#7096,#7097);
#7095 = CARTESIAN_POINT('',(112.,-76.,1.371604415045E-14));
#7096 = DIRECTION('',(1.224646799147E-16,0.,-1.));
#7097 = DIRECTION('',(-1.,0.,-1.224646799147E-16));
#7098 = ADVANCED_FACE('',(#7099),#7140,.T.);
#7099 = FACE_BOUND('',#7100,.T.);
#7100 = EDGE_LOOP('',(#7101,#7102,#7110,#7118,#7126,#7134));
#7101 = ORIENTED_EDGE('',*,*,#1499,.F.);
#7102 = ORIENTED_EDGE('',*,*,#7103,.F.);
#7103 = EDGE_CURVE('',#7104,#1500,#7106,.T.);
#7104 = VERTEX_POINT('',#7105);
#7105 = CARTESIAN_POINT('',(113.00671399532,85.374619778391,-2.));
#7106 = LINE('',#7107,#7108);
#7107 = CARTESIAN_POINT('',(113.00671399532,85.374619778391,4.845));
#7108 = VECTOR('',#7109,1.);
#7109 = DIRECTION('',(8.659560562355E-17,8.659560562355E-17,1.));
#7110 = ORIENTED_EDGE('',*,*,#7111,.F.);
#7111 = EDGE_CURVE('',#7112,#7104,#7114,.T.);
#7112 = VERTEX_POINT('',#7113);
#7113 = CARTESIAN_POINT('',(113.4979278876,85.091017338702,-2.));
#7114 = LINE('',#7115,#7116);
#7115 = CARTESIAN_POINT('',(129.62798547615,75.778325339607,-2.));
#7116 = VECTOR('',#7117,1.);
#7117 = DIRECTION('',(-0.866025429165,0.49999995604,-1.060575269807E-16)
  );
#7118 = ORIENTED_EDGE('',*,*,#7119,.T.);
#7119 = EDGE_CURVE('',#7112,#7120,#7122,.T.);
#7120 = VERTEX_POINT('',#7121);
#7121 = CARTESIAN_POINT('',(113.4979278876,85.091017338702,-2.155));
#7122 = LINE('',#7123,#7124);
#7123 = CARTESIAN_POINT('',(113.4979278876,85.091017338702,-4.));
#7124 = VECTOR('',#7125,1.);
#7125 = DIRECTION('',(1.224646799147E-16,0.,-1.));
#7126 = ORIENTED_EDGE('',*,*,#7127,.T.);
#7127 = EDGE_CURVE('',#7120,#7128,#7130,.T.);
#7128 = VERTEX_POINT('',#7129);
#7129 = CARTESIAN_POINT('',(113.711,84.968000111674,-2.155));
#7130 = LINE('',#7131,#7132);
#7131 = CARTESIAN_POINT('',(110.41099990328,86.873255832489,-2.155));
#7132 = VECTOR('',#7133,1.);
#7133 = DIRECTION('',(0.866025429165,-0.49999995604,-3.16961975189E-17)
  );
#7134 = ORIENTED_EDGE('',*,*,#7135,.F.);
#7135 = EDGE_CURVE('',#1502,#7128,#7136,.T.);
#7136 = LINE('',#7137,#7138);
#7137 = CARTESIAN_POINT('',(113.711,84.968000111674,4.845));
#7138 = VECTOR('',#7139,1.);
#7139 = DIRECTION('',(-8.659560562355E-17,-8.659560562355E-17,-1.));
#7140 = PLANE('',#7141);
#7141 = AXIS2_PLACEMENT_3D('',#7142,#7143,#7144);
#7142 = CARTESIAN_POINT('',(110.41099990328,86.873255832489,4.845));
#7143 = DIRECTION('',(-0.49999995604,-0.866025429165,1.182917955289E-16)
  );
#7144 = DIRECTION('',(0.866025429165,-0.49999995604,-3.16961975189E-17)
  );
#7145 = ADVANCED_FACE('',(#7146),#7165,.F.);
#7146 = FACE_BOUND('',#7147,.F.);
#7147 = EDGE_LOOP('',(#7148,#7157,#7163,#7164));
#7148 = ORIENTED_EDGE('',*,*,#7149,.T.);
#7149 = EDGE_CURVE('',#7104,#7150,#7152,.T.);
#7150 = VERTEX_POINT('',#7151);
#7151 = CARTESIAN_POINT('',(111.11528590795,86.466636165772,-2.));
#7152 = CIRCLE('',#7153,1.55);
#7153 = AXIS2_PLACEMENT_3D('',#7154,#7155,#7156);
#7154 = CARTESIAN_POINT('',(111.511,84.968,-2.));
#7155 = DIRECTION('',(8.659560562355E-17,8.659560562355E-17,1.));
#7156 = DIRECTION('',(-2.22044604925E-16,-1.,8.659560562355E-17));
#7157 = ORIENTED_EDGE('',*,*,#7158,.T.);
#7158 = EDGE_CURVE('',#7150,#1560,#7159,.T.);
#7159 = LINE('',#7160,#7161);
#7160 = CARTESIAN_POINT('',(111.11528590795,86.466636165772,4.845));
#7161 = VECTOR('',#7162,1.);
#7162 = DIRECTION('',(8.659560562355E-17,8.659560562355E-17,1.));
#7163 = ORIENTED_EDGE('',*,*,#1567,.F.);
#7164 = ORIENTED_EDGE('',*,*,#7103,.F.);
#7165 = CYLINDRICAL_SURFACE('',#7166,1.55);
#7166 = AXIS2_PLACEMENT_3D('',#7167,#7168,#7169);
#7167 = CARTESIAN_POINT('',(111.511,84.968,4.845));
#7168 = DIRECTION('',(8.659560562355E-17,8.659560562355E-17,1.));
#7169 = DIRECTION('',(-2.22044604925E-16,-1.,8.659560562355E-17));
#7170 = ADVANCED_FACE('',(#7171),#7205,.T.);
#7171 = FACE_BOUND('',#7172,.T.);
#7172 = EDGE_LOOP('',(#7173,#7174,#7182,#7190,#7198,#7204));
#7173 = ORIENTED_EDGE('',*,*,#1559,.F.);
#7174 = ORIENTED_EDGE('',*,*,#7175,.T.);
#7175 = EDGE_CURVE('',#1552,#7176,#7178,.T.);
#7176 = VERTEX_POINT('',#7177);
#7177 = CARTESIAN_POINT('',(110.41099990328,86.873255832489,-2.155));
#7178 = LINE('',#7179,#7180);
#7179 = CARTESIAN_POINT('',(110.41099990328,86.873255832489,4.845));
#7180 = VECTOR('',#7181,1.);
#7181 = DIRECTION('',(-8.659560562355E-17,-8.659560562355E-17,-1.));
#7182 = ORIENTED_EDGE('',*,*,#7183,.T.);
#7183 = EDGE_CURVE('',#7176,#7184,#7186,.T.);
#7184 = VERTEX_POINT('',#7185);
#7185 = CARTESIAN_POINT('',(110.57985920342,86.77576488153,-2.155));
#7186 = LINE('',#7187,#7188);
#7187 = CARTESIAN_POINT('',(110.41099990328,86.873255832489,-2.155));
#7188 = VECTOR('',#7189,1.);
#7189 = DIRECTION('',(0.866025429165,-0.49999995604,-3.16961975189E-17)
  );
#7190 = ORIENTED_EDGE('',*,*,#7191,.F.);
#7191 = EDGE_CURVE('',#7192,#7184,#7194,.T.);
#7192 = VERTEX_POINT('',#7193);
#7193 = CARTESIAN_POINT('',(110.57985920342,86.775764881529,-2.));
#7194 = LINE('',#7195,#7196);
#7195 = CARTESIAN_POINT('',(110.57985920342,86.775764881529,-4.));
#7196 = VECTOR('',#7197,1.);
#7197 = DIRECTION('',(1.224646799147E-16,0.,-1.));
#7198 = ORIENTED_EDGE('',*,*,#7199,.F.);
#7199 = EDGE_CURVE('',#7150,#7192,#7200,.T.);
#7200 = LINE('',#7201,#7202);
#7201 = CARTESIAN_POINT('',(129.62798547615,75.778325339607,-2.));
#7202 = VECTOR('',#7203,1.);
#7203 = DIRECTION('',(-0.866025429165,0.49999995604,-1.060575269807E-16)
  );
#7204 = ORIENTED_EDGE('',*,*,#7158,.T.);
#7205 = PLANE('',#7206);
#7206 = AXIS2_PLACEMENT_3D('',#7207,#7208,#7209);
#7207 = CARTESIAN_POINT('',(110.41099990328,86.873255832489,4.845));
#7208 = DIRECTION('',(-0.49999995604,-0.866025429165,1.182917955289E-16)
  );
#7209 = DIRECTION('',(0.866025429165,-0.49999995604,-3.16961975189E-17)
  );
#7210 = ADVANCED_FACE('',(#7211),#7245,.T.);
#7211 = FACE_BOUND('',#7212,.T.);
#7212 = EDGE_LOOP('',(#7213,#7214,#7222,#7230,#7238,#7244));
#7213 = ORIENTED_EDGE('',*,*,#1551,.F.);
#7214 = ORIENTED_EDGE('',*,*,#7215,.F.);
#7215 = EDGE_CURVE('',#7216,#1543,#7218,.T.);
#7216 = VERTEX_POINT('',#7217);
#7217 = CARTESIAN_POINT('',(110.41099994456,86.060016427555,-2.));
#7218 = LINE('',#7219,#7220);
#7219 = CARTESIAN_POINT('',(110.41099994456,86.060016427555,4.845));
#7220 = VECTOR('',#7221,1.);
#7221 = DIRECTION('',(8.659560562355E-17,8.659560562355E-17,1.));
#7222 = ORIENTED_EDGE('',*,*,#7223,.F.);
#7223 = EDGE_CURVE('',#7224,#7216,#7226,.T.);
#7224 = VERTEX_POINT('',#7225);
#7225 = CARTESIAN_POINT('',(110.41099991322,86.67752162758,-2.));
#7226 = LINE('',#7227,#7228);
#7227 = CARTESIAN_POINT('',(110.41100220488,41.531372000279,-2.));
#7228 = VECTOR('',#7229,1.);
#7229 = DIRECTION('',(5.076101552796E-08,-1.,6.216431518778E-24));
#7230 = ORIENTED_EDGE('',*,*,#7231,.T.);
#7231 = EDGE_CURVE('',#7224,#7232,#7234,.T.);
#7232 = VERTEX_POINT('',#7233);
#7233 = CARTESIAN_POINT('',(110.41099991322,86.677521627582,-2.155));
#7234 = LINE('',#7235,#7236);
#7235 = CARTESIAN_POINT('',(110.41099991322,86.67752162758,-4.));
#7236 = VECTOR('',#7237,1.);
#7237 = DIRECTION('',(1.224646799147E-16,0.,-1.));
#7238 = ORIENTED_EDGE('',*,*,#7239,.T.);
#7239 = EDGE_CURVE('',#7232,#7176,#7240,.T.);
#7240 = LINE('',#7241,#7242);
#7241 = CARTESIAN_POINT('',(110.41100009671,83.062744055837,-2.155));
#7242 = VECTOR('',#7243,1.);
#7243 = DIRECTION('',(-5.076101552796E-08,1.,-8.659560122787E-17));
#7244 = ORIENTED_EDGE('',*,*,#7175,.F.);
#7245 = PLANE('',#7246);
#7246 = AXIS2_PLACEMENT_3D('',#7247,#7248,#7249);
#7247 = CARTESIAN_POINT('',(110.41100009671,83.062744055837,4.845));
#7248 = DIRECTION('',(1.,5.076101552796E-08,-8.659561001923E-17));
#7249 = DIRECTION('',(-5.076101552796E-08,1.,-8.659560122787E-17));
#7250 = ADVANCED_FACE('',(#7251),#7270,.F.);
#7251 = FACE_BOUND('',#7252,.F.);
#7252 = EDGE_LOOP('',(#7253,#7254,#7263,#7269));
#7253 = ORIENTED_EDGE('',*,*,#7215,.F.);
#7254 = ORIENTED_EDGE('',*,*,#7255,.T.);
#7255 = EDGE_CURVE('',#7216,#7256,#7258,.T.);
#7256 = VERTEX_POINT('',#7257);
#7257 = CARTESIAN_POINT('',(110.41100005543,83.875983460771,-2.));
#7258 = CIRCLE('',#7259,1.55);
#7259 = AXIS2_PLACEMENT_3D('',#7260,#7261,#7262);
#7260 = CARTESIAN_POINT('',(111.511,84.968,-2.));
#7261 = DIRECTION('',(8.659560562355E-17,8.659560562355E-17,1.));
#7262 = DIRECTION('',(-2.22044604925E-16,-1.,8.659560562355E-17));
#7263 = ORIENTED_EDGE('',*,*,#7264,.T.);
#7264 = EDGE_CURVE('',#7256,#1535,#7265,.T.);
#7265 = LINE('',#7266,#7267);
#7266 = CARTESIAN_POINT('',(110.41100005543,83.875983460771,4.845));
#7267 = VECTOR('',#7268,1.);
#7268 = DIRECTION('',(8.659560562355E-17,8.659560562355E-17,1.));
#7269 = ORIENTED_EDGE('',*,*,#1542,.F.);
#7270 = CYLINDRICAL_SURFACE('',#7271,1.55);
#7271 = AXIS2_PLACEMENT_3D('',#7272,#7273,#7274);
#7272 = CARTESIAN_POINT('',(111.511,84.968,4.845));
#7273 = DIRECTION('',(8.659560562355E-17,8.659560562355E-17,1.));
#7274 = DIRECTION('',(-2.22044604925E-16,-1.,8.659560562355E-17));
#7275 = ADVANCED_FACE('',(#7276),#7310,.T.);
#7276 = FACE_BOUND('',#7277,.T.);
#7277 = EDGE_LOOP('',(#7278,#7279,#7287,#7295,#7303,#7309));
#7278 = ORIENTED_EDGE('',*,*,#1534,.F.);
#7279 = ORIENTED_EDGE('',*,*,#7280,.T.);
#7280 = EDGE_CURVE('',#1527,#7281,#7283,.T.);
#7281 = VERTEX_POINT('',#7282);
#7282 = CARTESIAN_POINT('',(110.41100009671,83.062744055837,-2.155));
#7283 = LINE('',#7284,#7285);
#7284 = CARTESIAN_POINT('',(110.41100009671,83.062744055837,4.845));
#7285 = VECTOR('',#7286,1.);
#7286 = DIRECTION('',(-8.659560562355E-17,-8.659560562355E-17,-1.));
#7287 = ORIENTED_EDGE('',*,*,#7288,.T.);
#7288 = EDGE_CURVE('',#7281,#7289,#7291,.T.);
#7289 = VERTEX_POINT('',#7290);
#7290 = CARTESIAN_POINT('',(110.41100008352,83.322478261861,-2.155));
#7291 = LINE('',#7292,#7293);
#7292 = CARTESIAN_POINT('',(110.41100009671,83.062744055837,-2.155));
#7293 = VECTOR('',#7294,1.);
#7294 = DIRECTION('',(-5.076101552796E-08,1.,-8.659560122787E-17));
#7295 = ORIENTED_EDGE('',*,*,#7296,.F.);
#7296 = EDGE_CURVE('',#7297,#7289,#7299,.T.);
#7297 = VERTEX_POINT('',#7298);
#7298 = CARTESIAN_POINT('',(110.41100008352,83.322478261862,-2.));
#7299 = LINE('',#7300,#7301);
#7300 = CARTESIAN_POINT('',(110.41100008352,83.322478261862,-4.));
#7301 = VECTOR('',#7302,1.);
#7302 = DIRECTION('',(1.224646799147E-16,0.,-1.));
#7303 = ORIENTED_EDGE('',*,*,#7304,.F.);
#7304 = EDGE_CURVE('',#7256,#7297,#7305,.T.);
#7305 = LINE('',#7306,#7307);
#7306 = CARTESIAN_POINT('',(110.41100220488,41.531372000279,-2.));
#7307 = VECTOR('',#7308,1.);
#7308 = DIRECTION('',(5.076101552796E-08,-1.,6.216431518778E-24));
#7309 = ORIENTED_EDGE('',*,*,#7264,.T.);
#7310 = PLANE('',#7311);
#7311 = AXIS2_PLACEMENT_3D('',#7312,#7313,#7314);
#7312 = CARTESIAN_POINT('',(110.41100009671,83.062744055837,4.845));
#7313 = DIRECTION('',(1.,5.076101552796E-08,-8.659561001923E-17));
#7314 = DIRECTION('',(-5.076101552796E-08,1.,-8.659560122787E-17));
#7315 = ADVANCED_FACE('',(#7316),#7350,.T.);
#7316 = FACE_BOUND('',#7317,.T.);
#7317 = EDGE_LOOP('',(#7318,#7319,#7327,#7335,#7343,#7349));
#7318 = ORIENTED_EDGE('',*,*,#1526,.F.);
#7319 = ORIENTED_EDGE('',*,*,#7320,.F.);
#7320 = EDGE_CURVE('',#7321,#1518,#7323,.T.);
#7321 = VERTEX_POINT('',#7322);
#7322 = CARTESIAN_POINT('',(111.1152860601,83.469363794054,-2.));
#7323 = LINE('',#7324,#7325);
#7324 = CARTESIAN_POINT('',(111.1152860601,83.469363794054,4.845));
#7325 = VECTOR('',#7326,1.);
#7326 = DIRECTION('',(8.659560562355E-17,8.659560562355E-17,1.));
#7327 = ORIENTED_EDGE('',*,*,#7328,.F.);
#7328 = EDGE_CURVE('',#7329,#7321,#7331,.T.);
#7329 = VERTEX_POINT('',#7330);
#7330 = CARTESIAN_POINT('',(110.63941641212,83.194620292491,-2.));
#7331 = LINE('',#7332,#7333);
#7332 = CARTESIAN_POINT('',(94.485762318972,73.868302660116,-2.));
#7333 = VECTOR('',#7334,1.);
#7334 = DIRECTION('',(0.866025378404,0.50000004396,1.060575207643E-16));
#7335 = ORIENTED_EDGE('',*,*,#7336,.T.);
#7336 = EDGE_CURVE('',#7329,#7337,#7339,.T.);
#7337 = VERTEX_POINT('',#7338);
#7338 = CARTESIAN_POINT('',(110.63941641212,83.194620292491,-2.155));
#7339 = LINE('',#7340,#7341);
#7340 = CARTESIAN_POINT('',(110.63941641212,83.194620292491,-4.));
#7341 = VECTOR('',#7342,1.);
#7342 = DIRECTION('',(1.224646799147E-16,0.,-1.));
#7343 = ORIENTED_EDGE('',*,*,#7344,.T.);
#7344 = EDGE_CURVE('',#7337,#7281,#7345,.T.);
#7345 = LINE('',#7346,#7347);
#7346 = CARTESIAN_POINT('',(113.711,84.968000111674,-2.155));
#7347 = VECTOR('',#7348,1.);
#7348 = DIRECTION('',(-0.866025378404,-0.50000004396,1.182917987468E-16)
  );
#7349 = ORIENTED_EDGE('',*,*,#7280,.F.);
#7350 = PLANE('',#7351);
#7351 = AXIS2_PLACEMENT_3D('',#7352,#7353,#7354);
#7352 = CARTESIAN_POINT('',(113.711,84.968000111674,4.845));
#7353 = DIRECTION('',(-0.50000004396,0.866025378404,-3.169618550974E-17)
  );
#7354 = DIRECTION('',(-0.866025378404,-0.50000004396,1.182917987468E-16)
  );
#7355 = ADVANCED_FACE('',(#7356),#7375,.F.);
#7356 = FACE_BOUND('',#7357,.F.);
#7357 = EDGE_LOOP('',(#7358,#7366,#7367,#7368));
#7358 = ORIENTED_EDGE('',*,*,#7359,.T.);
#7359 = EDGE_CURVE('',#7360,#1510,#7362,.T.);
#7360 = VERTEX_POINT('',#7361);
#7361 = CARTESIAN_POINT('',(113.0067140366,84.561380373457,-2.));
#7362 = LINE('',#7363,#7364);
#7363 = CARTESIAN_POINT('',(113.0067140366,84.561380373457,4.845));
#7364 = VECTOR('',#7365,1.);
#7365 = DIRECTION('',(8.659560562355E-17,8.659560562355E-17,1.));
#7366 = ORIENTED_EDGE('',*,*,#1517,.F.);
#7367 = ORIENTED_EDGE('',*,*,#7320,.F.);
#7368 = ORIENTED_EDGE('',*,*,#7369,.T.);
#7369 = EDGE_CURVE('',#7321,#7360,#7370,.T.);
#7370 = CIRCLE('',#7371,1.55);
#7371 = AXIS2_PLACEMENT_3D('',#7372,#7373,#7374);
#7372 = CARTESIAN_POINT('',(111.511,84.968,-2.));
#7373 = DIRECTION('',(8.659560562355E-17,8.659560562355E-17,1.));
#7374 = DIRECTION('',(-2.22044604925E-16,-1.,8.659560562355E-17));
#7375 = CYLINDRICAL_SURFACE('',#7376,1.55);
#7376 = AXIS2_PLACEMENT_3D('',#7377,#7378,#7379);
#7377 = CARTESIAN_POINT('',(111.511,84.968,4.845));
#7378 = DIRECTION('',(8.659560562355E-17,8.659560562355E-17,1.));
#7379 = DIRECTION('',(-2.22044604925E-16,-1.,8.659560562355E-17));
#7380 = ADVANCED_FACE('',(#7381),#7408,.T.);
#7381 = FACE_BOUND('',#7382,.T.);
#7382 = EDGE_LOOP('',(#7383,#7384,#7385,#7393,#7401,#7407));
#7383 = ORIENTED_EDGE('',*,*,#1509,.F.);
#7384 = ORIENTED_EDGE('',*,*,#7135,.T.);
#7385 = ORIENTED_EDGE('',*,*,#7386,.T.);
#7386 = EDGE_CURVE('',#7128,#7387,#7389,.T.);
#7387 = VERTEX_POINT('',#7388);
#7388 = CARTESIAN_POINT('',(113.49379650009,84.842597597835,-2.155));
#7389 = LINE('',#7390,#7391);
#7390 = CARTESIAN_POINT('',(113.711,84.968000111674,-2.155));
#7391 = VECTOR('',#7392,1.);
#7392 = DIRECTION('',(-0.866025378404,-0.50000004396,1.182917987468E-16)
  );
#7393 = ORIENTED_EDGE('',*,*,#7394,.F.);
#7394 = EDGE_CURVE('',#7395,#7387,#7397,.T.);
#7395 = VERTEX_POINT('',#7396);
#7396 = CARTESIAN_POINT('',(113.49379650009,84.842597597835,-2.));
#7397 = LINE('',#7398,#7399);
#7398 = CARTESIAN_POINT('',(113.49379650009,84.842597597835,-4.));
#7399 = VECTOR('',#7400,1.);
#7400 = DIRECTION('',(1.224646799147E-16,0.,-1.));
#7401 = ORIENTED_EDGE('',*,*,#7402,.F.);
#7402 = EDGE_CURVE('',#7360,#7395,#7403,.T.);
#7403 = LINE('',#7404,#7405);
#7404 = CARTESIAN_POINT('',(94.485762318972,73.868302660116,-2.));
#7405 = VECTOR('',#7406,1.);
#7406 = DIRECTION('',(0.866025378404,0.50000004396,1.060575207643E-16));
#7407 = ORIENTED_EDGE('',*,*,#7359,.T.);
#7408 = PLANE('',#7409);
#7409 = AXIS2_PLACEMENT_3D('',#7410,#7411,#7412);
#7410 = CARTESIAN_POINT('',(113.711,84.968000111674,4.845));
#7411 = DIRECTION('',(-0.50000004396,0.866025378404,-3.169618550974E-17)
  );
#7412 = DIRECTION('',(-0.866025378404,-0.50000004396,1.182917987468E-16)
  );
#7413 = ADVANCED_FACE('',(#7414),#7427,.F.);
#7414 = FACE_BOUND('',#7415,.F.);
#7415 = EDGE_LOOP('',(#7416,#7425,#7426));
#7416 = ORIENTED_EDGE('',*,*,#7417,.T.);
#7417 = EDGE_CURVE('',#1577,#7418,#7420,.T.);
#7418 = VERTEX_POINT('',#7419);
#7419 = CARTESIAN_POINT('',(112.,76.,-4.));
#7420 = CIRCLE('',#7421,4.);
#7421 = AXIS2_PLACEMENT_3D('',#7422,#7423,#7424);
#7422 = CARTESIAN_POINT('',(112.,76.,1.371604415045E-14));
#7423 = DIRECTION('',(2.449293598295E-16,-1.,2.999519565324E-32));
#7424 = DIRECTION('',(-1.,-2.449293598295E-16,-1.224646799147E-16));
#7425 = ORIENTED_EDGE('',*,*,#7417,.F.);
#7426 = ORIENTED_EDGE('',*,*,#1576,.T.);
#7427 = SPHERICAL_SURFACE('',#7428,4.);
#7428 = AXIS2_PLACEMENT_3D('',#7429,#7430,#7431);
#7429 = CARTESIAN_POINT('',(112.,76.,1.371604415045E-14));
#7430 = DIRECTION('',(1.224646799147E-16,0.,-1.));
#7431 = DIRECTION('',(-1.,0.,-1.224646799147E-16));
#7432 = ADVANCED_FACE('',(#7433),#7443,.F.);
#7433 = FACE_BOUND('',#7434,.F.);
#7434 = EDGE_LOOP('',(#7435,#7436,#7437));
#7435 = ORIENTED_EDGE('',*,*,#1593,.F.);
#7436 = ORIENTED_EDGE('',*,*,#4880,.T.);
#7437 = ORIENTED_EDGE('',*,*,#7438,.F.);
#7438 = EDGE_CURVE('',#1594,#4873,#7439,.T.);
#7439 = LINE('',#7440,#7441);
#7440 = CARTESIAN_POINT('',(6.030907361985,-83.06030737921,-45.));
#7441 = VECTOR('',#7442,1.);
#7442 = DIRECTION('',(0.819152044289,0.573576436351,-1.943036596527E-15)
  );
#7443 = PLANE('',#7444);
#7444 = AXIS2_PLACEMENT_3D('',#7445,#7446,#7447);
#7445 = CARTESIAN_POINT('',(5.28847214224,-82.,-47.));
#7446 = DIRECTION('',(0.481527056613,-0.687691906094,-0.543333724374));
#7447 = DIRECTION('',(0.819152044289,0.573576436351,7.256161728972E-17)
  );
#7448 = ADVANCED_FACE('',(#7449),#7456,.T.);
#7449 = FACE_BOUND('',#7450,.T.);
#7450 = EDGE_LOOP('',(#7451,#7452,#7453,#7454,#7455));
#7451 = ORIENTED_EDGE('',*,*,#6110,.T.);
#7452 = ORIENTED_EDGE('',*,*,#6072,.F.);
#7453 = ORIENTED_EDGE('',*,*,#1813,.T.);
#7454 = ORIENTED_EDGE('',*,*,#1854,.F.);
#7455 = ORIENTED_EDGE('',*,*,#1635,.F.);
#7456 = PLANE('',#7457);
#7457 = AXIS2_PLACEMENT_3D('',#7458,#7459,#7460);
#7458 = CARTESIAN_POINT('',(-4.005,-91.,-43.005));
#7459 = DIRECTION('',(-0.707106781187,8.376119530418E-17,-0.707106781187
    ));
#7460 = DIRECTION('',(5.922810919988E-17,1.,5.922810919988E-17));
#7461 = ADVANCED_FACE('',(#7462),#7487,.T.);
#7462 = FACE_BOUND('',#7463,.T.);
#7463 = EDGE_LOOP('',(#7464,#7465,#7473,#7481));
#7464 = ORIENTED_EDGE('',*,*,#1643,.F.);
#7465 = ORIENTED_EDGE('',*,*,#7466,.F.);
#7466 = EDGE_CURVE('',#7467,#1644,#7469,.T.);
#7467 = VERTEX_POINT('',#7468);
#7468 = CARTESIAN_POINT('',(-5.084057334518,-86.28,-13.15977446561));
#7469 = LINE('',#7470,#7471);
#7470 = CARTESIAN_POINT('',(-5.084057334518,-93.28,-13.15977446561));
#7471 = VECTOR('',#7472,1.);
#7472 = DIRECTION('',(-2.948876798795E-16,-1.,-3.714698827088E-16));
#7473 = ORIENTED_EDGE('',*,*,#7474,.T.);
#7474 = EDGE_CURVE('',#7467,#7475,#7477,.T.);
#7475 = VERTEX_POINT('',#7476);
#7476 = CARTESIAN_POINT('',(-5.897172878431,-86.28,-13.17396749151));
#7477 = LINE('',#7478,#7479);
#7478 = CARTESIAN_POINT('',(-2.087241464555,-86.28,-13.10746469785));
#7479 = VECTOR('',#7480,1.);
#7480 = DIRECTION('',(-0.99984769427,3.013258290218E-16,
    -1.745245719031E-02));
#7481 = ORIENTED_EDGE('',*,*,#7482,.F.);
#7482 = EDGE_CURVE('',#1646,#7475,#7483,.T.);
#7483 = LINE('',#7484,#7485);
#7484 = CARTESIAN_POINT('',(-5.897172878431,-93.28,-13.17396749151));
#7485 = VECTOR('',#7486,1.);
#7486 = DIRECTION('',(2.948876798795E-16,1.,3.714698827088E-16));
#7487 = PLANE('',#7488);
#7488 = AXIS2_PLACEMENT_3D('',#7489,#7490,#7491);
#7489 = CARTESIAN_POINT('',(-2.087241464555,-93.28,-13.10746469785));
#7490 = DIRECTION('',(-1.745245719031E-02,-3.662667911083E-16,
    0.99984769427));
#7491 = DIRECTION('',(-0.99984769427,3.013258290218E-16,
    -1.745245719031E-02));
#7492 = ADVANCED_FACE('',(#7493),#7512,.F.);
#7493 = FACE_BOUND('',#7494,.F.);
#7494 = EDGE_LOOP('',(#7495,#7504,#7510,#7511));
#7495 = ORIENTED_EDGE('',*,*,#7496,.F.);
#7496 = EDGE_CURVE('',#7497,#7467,#7499,.T.);
#7497 = VERTEX_POINT('',#7498);
#7498 = CARTESIAN_POINT('',(-2.900357008469,-86.28,-13.12165772375));
#7499 = CIRCLE('',#7500,1.55);
#7500 = AXIS2_PLACEMENT_3D('',#7501,#7502,#7503);
#7501 = CARTESIAN_POINT('',(-4.011404874403,-86.28,-12.04088363098));
#7502 = DIRECTION('',(2.948876798795E-16,1.,3.714698827088E-16));
#7503 = DIRECTION('',(-0.51503807491,-1.665334536938E-16,0.857167300702)
  );
#7504 = ORIENTED_EDGE('',*,*,#7505,.T.);
#7505 = EDGE_CURVE('',#7497,#1704,#7506,.T.);
#7506 = LINE('',#7507,#7508);
#7507 = CARTESIAN_POINT('',(-2.900357008469,-93.28,-13.12165772375));
#7508 = VECTOR('',#7509,1.);
#7509 = DIRECTION('',(-2.948876798795E-16,-1.,-3.714698827088E-16));
#7510 = ORIENTED_EDGE('',*,*,#1711,.F.);
#7511 = ORIENTED_EDGE('',*,*,#7466,.F.);
#7512 = CYLINDRICAL_SURFACE('',#7513,1.55);
#7513 = AXIS2_PLACEMENT_3D('',#7514,#7515,#7516);
#7514 = CARTESIAN_POINT('',(-4.011404874403,-93.28,-12.04088363098));
#7515 = DIRECTION('',(-2.948876798795E-16,-1.,-3.714698827088E-16));
#7516 = DIRECTION('',(-0.51503807491,-1.665334536938E-16,0.857167300702)
  );
#7517 = ADVANCED_FACE('',(#7518),#7536,.T.);
#7518 = FACE_BOUND('',#7519,.T.);
#7519 = EDGE_LOOP('',(#7520,#7521,#7529,#7535));
#7520 = ORIENTED_EDGE('',*,*,#1703,.F.);
#7521 = ORIENTED_EDGE('',*,*,#7522,.T.);
#7522 = EDGE_CURVE('',#1696,#7523,#7525,.T.);
#7523 = VERTEX_POINT('',#7524);
#7524 = CARTESIAN_POINT('',(-2.087241464555,-86.28,-13.10746469785));
#7525 = LINE('',#7526,#7527);
#7526 = CARTESIAN_POINT('',(-2.087241464555,-93.28,-13.10746469785));
#7527 = VECTOR('',#7528,1.);
#7528 = DIRECTION('',(2.948876798795E-16,1.,3.714698827088E-16));
#7529 = ORIENTED_EDGE('',*,*,#7530,.T.);
#7530 = EDGE_CURVE('',#7523,#7497,#7531,.T.);
#7531 = LINE('',#7532,#7533);
#7532 = CARTESIAN_POINT('',(-2.087241464555,-86.28,-13.10746469785));
#7533 = VECTOR('',#7534,1.);
#7534 = DIRECTION('',(-0.99984769427,3.013258290218E-16,
    -1.745245719031E-02));
#7535 = ORIENTED_EDGE('',*,*,#7505,.T.);
#7536 = PLANE('',#7537);
#7537 = AXIS2_PLACEMENT_3D('',#7538,#7539,#7540);
#7538 = CARTESIAN_POINT('',(-2.087241464555,-93.28,-13.10746469785));
#7539 = DIRECTION('',(-1.745245719031E-02,-3.662667911083E-16,
    0.99984769427));
#7540 = DIRECTION('',(-0.99984769427,3.013258290218E-16,
    -1.745245719031E-02));
#7541 = ADVANCED_FACE('',(#7542),#7560,.T.);
#7542 = FACE_BOUND('',#7543,.T.);
#7543 = EDGE_LOOP('',(#7544,#7545,#7553,#7559));
#7544 = ORIENTED_EDGE('',*,*,#1695,.F.);
#7545 = ORIENTED_EDGE('',*,*,#7546,.F.);
#7546 = EDGE_CURVE('',#7547,#1687,#7549,.T.);
#7547 = VERTEX_POINT('',#7548);
#7548 = CARTESIAN_POINT('',(-2.506090757498,-86.28,-12.41038249356));
#7549 = LINE('',#7550,#7551);
#7550 = CARTESIAN_POINT('',(-2.506090757498,-93.28,-12.41038249356));
#7551 = VECTOR('',#7552,1.);
#7552 = DIRECTION('',(-2.948876798795E-16,-1.,-3.714698827088E-16));
#7553 = ORIENTED_EDGE('',*,*,#7554,.T.);
#7554 = EDGE_CURVE('',#7547,#7523,#7555,.T.);
#7555 = LINE('',#7556,#7557);
#7556 = CARTESIAN_POINT('',(-4.049800280223,-86.28,-9.841218703592));
#7557 = VECTOR('',#7558,1.);
#7558 = DIRECTION('',(0.515038118421,1.665334311514E-16,-0.857167274558)
  );
#7559 = ORIENTED_EDGE('',*,*,#7522,.F.);
#7560 = PLANE('',#7561);
#7561 = AXIS2_PLACEMENT_3D('',#7562,#7563,#7564);
#7562 = CARTESIAN_POINT('',(-4.049800280223,-93.28,-9.841218703592));
#7563 = DIRECTION('',(-0.857167274558,4.440892183035E-16,-0.515038118421
    ));
#7564 = DIRECTION('',(0.515038118421,1.665334311514E-16,-0.857167274558)
  );
#7565 = ADVANCED_FACE('',(#7566),#7585,.F.);
#7566 = FACE_BOUND('',#7567,.F.);
#7567 = EDGE_LOOP('',(#7568,#7569,#7578,#7584));
#7568 = ORIENTED_EDGE('',*,*,#7546,.F.);
#7569 = ORIENTED_EDGE('',*,*,#7570,.F.);
#7570 = EDGE_CURVE('',#7571,#7547,#7573,.T.);
#7571 = VERTEX_POINT('',#7572);
#7572 = CARTESIAN_POINT('',(-3.63095098728,-86.28,-10.53830090788));
#7573 = CIRCLE('',#7574,1.55);
#7574 = AXIS2_PLACEMENT_3D('',#7575,#7576,#7577);
#7575 = CARTESIAN_POINT('',(-4.011404874403,-86.28,-12.04088363098));
#7576 = DIRECTION('',(2.948876798795E-16,1.,3.714698827088E-16));
#7577 = DIRECTION('',(-0.51503807491,-1.665334536938E-16,0.857167300702)
  );
#7578 = ORIENTED_EDGE('',*,*,#7579,.T.);
#7579 = EDGE_CURVE('',#7571,#1679,#7580,.T.);
#7580 = LINE('',#7581,#7582);
#7581 = CARTESIAN_POINT('',(-3.63095098728,-93.28,-10.53830090788));
#7582 = VECTOR('',#7583,1.);
#7583 = DIRECTION('',(-2.948876798795E-16,-1.,-3.714698827088E-16));
#7584 = ORIENTED_EDGE('',*,*,#1686,.F.);
#7585 = CYLINDRICAL_SURFACE('',#7586,1.55);
#7586 = AXIS2_PLACEMENT_3D('',#7587,#7588,#7589);
#7587 = CARTESIAN_POINT('',(-4.011404874403,-93.28,-12.04088363098));
#7588 = DIRECTION('',(-2.948876798795E-16,-1.,-3.714698827088E-16));
#7589 = DIRECTION('',(-0.51503807491,-1.665334536938E-16,0.857167300702)
  );
#7590 = ADVANCED_FACE('',(#7591),#7609,.T.);
#7591 = FACE_BOUND('',#7592,.T.);
#7592 = EDGE_LOOP('',(#7593,#7594,#7602,#7608));
#7593 = ORIENTED_EDGE('',*,*,#1678,.F.);
#7594 = ORIENTED_EDGE('',*,*,#7595,.T.);
#7595 = EDGE_CURVE('',#1671,#7596,#7598,.T.);
#7596 = VERTEX_POINT('',#7597);
#7597 = CARTESIAN_POINT('',(-4.049800280223,-86.28,-9.841218703592));
#7598 = LINE('',#7599,#7600);
#7599 = CARTESIAN_POINT('',(-4.049800280223,-93.28,-9.841218703592));
#7600 = VECTOR('',#7601,1.);
#7601 = DIRECTION('',(2.948876798795E-16,1.,3.714698827088E-16));
#7602 = ORIENTED_EDGE('',*,*,#7603,.T.);
#7603 = EDGE_CURVE('',#7596,#7571,#7604,.T.);
#7604 = LINE('',#7605,#7606);
#7605 = CARTESIAN_POINT('',(-4.049800280223,-86.28,-9.841218703592));
#7606 = VECTOR('',#7607,1.);
#7607 = DIRECTION('',(0.515038118421,1.665334311514E-16,-0.857167274558)
  );
#7608 = ORIENTED_EDGE('',*,*,#7579,.T.);
#7609 = PLANE('',#7610);
#7610 = AXIS2_PLACEMENT_3D('',#7611,#7612,#7613);
#7611 = CARTESIAN_POINT('',(-4.049800280223,-93.28,-9.841218703592));
#7612 = DIRECTION('',(-0.857167274558,4.440892183035E-16,-0.515038118421
    ));
#7613 = DIRECTION('',(0.515038118421,1.665334311514E-16,-0.857167274558)
  );
#7614 = ADVANCED_FACE('',(#7615),#7633,.T.);
#7615 = FACE_BOUND('',#7616,.T.);
#7616 = EDGE_LOOP('',(#7617,#7618,#7626,#7632));
#7617 = ORIENTED_EDGE('',*,*,#1670,.F.);
#7618 = ORIENTED_EDGE('',*,*,#7619,.F.);
#7619 = EDGE_CURVE('',#7620,#1662,#7622,.T.);
#7620 = VERTEX_POINT('',#7621);
#7621 = CARTESIAN_POINT('',(-4.444066531192,-86.28,-10.55249393378));
#7622 = LINE('',#7623,#7624);
#7623 = CARTESIAN_POINT('',(-4.444066531192,-93.28,-10.55249393378));
#7624 = VECTOR('',#7625,1.);
#7625 = DIRECTION('',(-2.948876798795E-16,-1.,-3.714698827088E-16));
#7626 = ORIENTED_EDGE('',*,*,#7627,.T.);
#7627 = EDGE_CURVE('',#7620,#7596,#7628,.T.);
#7628 = LINE('',#7629,#7630);
#7629 = CARTESIAN_POINT('',(-5.897172878431,-86.28,-13.17396749151));
#7630 = VECTOR('',#7631,1.);
#7631 = DIRECTION('',(0.48480957585,-4.678592601733E-16,0.874619731749)
  );
#7632 = ORIENTED_EDGE('',*,*,#7595,.F.);
#7633 = PLANE('',#7634);
#7634 = AXIS2_PLACEMENT_3D('',#7635,#7636,#7637);
#7635 = CARTESIAN_POINT('',(-5.897172878431,-93.28,-13.17396749151));
#7636 = DIRECTION('',(0.874619731749,-7.782242719513E-17,-0.48480957585)
  );
#7637 = DIRECTION('',(0.48480957585,-4.678592601733E-16,0.874619731749)
  );
#7638 = ADVANCED_FACE('',(#7639),#7667,.F.);
#7639 = FACE_BOUND('',#7640,.F.);
#7640 = EDGE_LOOP('',(#7641,#7649,#7650,#7651,#7660));
#7641 = ORIENTED_EDGE('',*,*,#7642,.T.);
#7642 = EDGE_CURVE('',#7643,#1654,#7645,.T.);
#7643 = VERTEX_POINT('',#7644);
#7644 = CARTESIAN_POINT('',(-5.502906627461,-86.28,-12.46269226132));
#7645 = LINE('',#7646,#7647);
#7646 = CARTESIAN_POINT('',(-5.502906627461,-93.28,-12.46269226132));
#7647 = VECTOR('',#7648,1.);
#7648 = DIRECTION('',(-2.948876798795E-16,-1.,-3.714698827088E-16));
#7649 = ORIENTED_EDGE('',*,*,#1661,.F.);
#7650 = ORIENTED_EDGE('',*,*,#7619,.F.);
#7651 = ORIENTED_EDGE('',*,*,#7652,.F.);
#7652 = EDGE_CURVE('',#7653,#7620,#7655,.T.);
#7653 = VERTEX_POINT('',#7654);
#7654 = CARTESIAN_POINT('',(-4.809713890514,-86.28,-10.71227431489));
#7655 = CIRCLE('',#7656,1.55);
#7656 = AXIS2_PLACEMENT_3D('',#7657,#7658,#7659);
#7657 = CARTESIAN_POINT('',(-4.011404874403,-86.28,-12.04088363098));
#7658 = DIRECTION('',(2.948876798795E-16,1.,3.714698827088E-16));
#7659 = DIRECTION('',(-0.51503807491,-1.665334536938E-16,0.857167300702)
  );
#7660 = ORIENTED_EDGE('',*,*,#7661,.F.);
#7661 = EDGE_CURVE('',#7643,#7653,#7662,.T.);
#7662 = CIRCLE('',#7663,1.55);
#7663 = AXIS2_PLACEMENT_3D('',#7664,#7665,#7666);
#7664 = CARTESIAN_POINT('',(-4.011404874403,-86.28,-12.04088363098));
#7665 = DIRECTION('',(2.948876798795E-16,1.,3.714698827088E-16));
#7666 = DIRECTION('',(-0.51503807491,-1.665334536938E-16,0.857167300702)
  );
#7667 = CYLINDRICAL_SURFACE('',#7668,1.55);
#7668 = AXIS2_PLACEMENT_3D('',#7669,#7670,#7671);
#7669 = CARTESIAN_POINT('',(-4.011404874403,-93.28,-12.04088363098));
#7670 = DIRECTION('',(-2.948876798795E-16,-1.,-3.714698827088E-16));
#7671 = DIRECTION('',(-0.51503807491,-1.665334536938E-16,0.857167300702)
  );
#7672 = ADVANCED_FACE('',(#7673),#7684,.T.);
#7673 = FACE_BOUND('',#7674,.T.);
#7674 = EDGE_LOOP('',(#7675,#7676,#7677,#7683));
#7675 = ORIENTED_EDGE('',*,*,#1653,.F.);
#7676 = ORIENTED_EDGE('',*,*,#7482,.T.);
#7677 = ORIENTED_EDGE('',*,*,#7678,.T.);
#7678 = EDGE_CURVE('',#7475,#7643,#7679,.T.);
#7679 = LINE('',#7680,#7681);
#7680 = CARTESIAN_POINT('',(-5.897172878431,-86.28,-13.17396749151));
#7681 = VECTOR('',#7682,1.);
#7682 = DIRECTION('',(0.48480957585,-4.678592601733E-16,0.874619731749)
  );
#7683 = ORIENTED_EDGE('',*,*,#7642,.T.);
#7684 = PLANE('',#7685);
#7685 = AXIS2_PLACEMENT_3D('',#7686,#7687,#7688);
#7686 = CARTESIAN_POINT('',(-5.897172878431,-93.28,-13.17396749151));
#7687 = DIRECTION('',(0.874619731749,-7.782242719513E-17,-0.48480957585)
  );
#7688 = DIRECTION('',(0.48480957585,-4.678592601733E-16,0.874619731749)
  );
#7689 = ADVANCED_FACE('',(#7690),#7715,.T.);
#7690 = FACE_BOUND('',#7691,.T.);
#7691 = EDGE_LOOP('',(#7692,#7693,#7701,#7709));
#7692 = ORIENTED_EDGE('',*,*,#1720,.F.);
#7693 = ORIENTED_EDGE('',*,*,#7694,.F.);
#7694 = EDGE_CURVE('',#7695,#1721,#7697,.T.);
#7695 = VERTEX_POINT('',#7696);
#7696 = CARTESIAN_POINT('',(-5.093925402702,-86.28,-30.09355439276));
#7697 = LINE('',#7698,#7699);
#7698 = CARTESIAN_POINT('',(-5.093925402702,-93.28,-30.09355439276));
#7699 = VECTOR('',#7700,1.);
#7700 = DIRECTION('',(-2.948876798795E-16,-1.,-3.714698827088E-16));
#7701 = ORIENTED_EDGE('',*,*,#7702,.T.);
#7702 = EDGE_CURVE('',#7695,#7703,#7705,.T.);
#7703 = VERTEX_POINT('',#7704);
#7704 = CARTESIAN_POINT('',(-5.907040946616,-86.28,-30.10774741866));
#7705 = LINE('',#7706,#7707);
#7706 = CARTESIAN_POINT('',(-2.09710953274,-86.28,-30.041244625));
#7707 = VECTOR('',#7708,1.);
#7708 = DIRECTION('',(-0.99984769427,3.013258290218E-16,
    -1.745245719031E-02));
#7709 = ORIENTED_EDGE('',*,*,#7710,.F.);
#7710 = EDGE_CURVE('',#1723,#7703,#7711,.T.);
#7711 = LINE('',#7712,#7713);
#7712 = CARTESIAN_POINT('',(-5.907040946616,-93.28,-30.10774741866));
#7713 = VECTOR('',#7714,1.);
#7714 = DIRECTION('',(2.948876798795E-16,1.,3.714698827088E-16));
#7715 = PLANE('',#7716);
#7716 = AXIS2_PLACEMENT_3D('',#7717,#7718,#7719);
#7717 = CARTESIAN_POINT('',(-2.09710953274,-93.28,-30.041244625));
#7718 = DIRECTION('',(-1.745245719031E-02,-3.662667911083E-16,
    0.99984769427));
#7719 = DIRECTION('',(-0.99984769427,3.013258290218E-16,
    -1.745245719031E-02));
#7720 = ADVANCED_FACE('',(#7721),#7740,.F.);
#7721 = FACE_BOUND('',#7722,.F.);
#7722 = EDGE_LOOP('',(#7723,#7732,#7738,#7739));
#7723 = ORIENTED_EDGE('',*,*,#7724,.F.);
#7724 = EDGE_CURVE('',#7725,#7695,#7727,.T.);
#7725 = VERTEX_POINT('',#7726);
#7726 = CARTESIAN_POINT('',(-2.910225076653,-86.28,-30.0554376509));
#7727 = CIRCLE('',#7728,1.55);
#7728 = AXIS2_PLACEMENT_3D('',#7729,#7730,#7731);
#7729 = CARTESIAN_POINT('',(-4.021272942588,-86.28,-28.97466355813));
#7730 = DIRECTION('',(2.948876798795E-16,1.,3.714698827088E-16));
#7731 = DIRECTION('',(-0.51503807491,-1.665334536938E-16,0.857167300702)
  );
#7732 = ORIENTED_EDGE('',*,*,#7733,.T.);
#7733 = EDGE_CURVE('',#7725,#1781,#7734,.T.);
#7734 = LINE('',#7735,#7736);
#7735 = CARTESIAN_POINT('',(-2.910225076653,-93.28,-30.0554376509));
#7736 = VECTOR('',#7737,1.);
#7737 = DIRECTION('',(-2.948876798795E-16,-1.,-3.714698827088E-16));
#7738 = ORIENTED_EDGE('',*,*,#1788,.F.);
#7739 = ORIENTED_EDGE('',*,*,#7694,.F.);
#7740 = CYLINDRICAL_SURFACE('',#7741,1.55);
#7741 = AXIS2_PLACEMENT_3D('',#7742,#7743,#7744);
#7742 = CARTESIAN_POINT('',(-4.021272942588,-93.28,-28.97466355813));
#7743 = DIRECTION('',(-2.948876798795E-16,-1.,-3.714698827088E-16));
#7744 = DIRECTION('',(-0.51503807491,-1.665334536938E-16,0.857167300702)
  );
#7745 = ADVANCED_FACE('',(#7746),#7764,.T.);
#7746 = FACE_BOUND('',#7747,.T.);
#7747 = EDGE_LOOP('',(#7748,#7749,#7757,#7763));
#7748 = ORIENTED_EDGE('',*,*,#1780,.F.);
#7749 = ORIENTED_EDGE('',*,*,#7750,.T.);
#7750 = EDGE_CURVE('',#1773,#7751,#7753,.T.);
#7751 = VERTEX_POINT('',#7752);
#7752 = CARTESIAN_POINT('',(-2.09710953274,-86.28,-30.041244625));
#7753 = LINE('',#7754,#7755);
#7754 = CARTESIAN_POINT('',(-2.09710953274,-93.28,-30.041244625));
#7755 = VECTOR('',#7756,1.);
#7756 = DIRECTION('',(2.948876798795E-16,1.,3.714698827088E-16));
#7757 = ORIENTED_EDGE('',*,*,#7758,.T.);
#7758 = EDGE_CURVE('',#7751,#7725,#7759,.T.);
#7759 = LINE('',#7760,#7761);
#7760 = CARTESIAN_POINT('',(-2.09710953274,-86.28,-30.041244625));
#7761 = VECTOR('',#7762,1.);
#7762 = DIRECTION('',(-0.99984769427,3.013258290218E-16,
    -1.745245719031E-02));
#7763 = ORIENTED_EDGE('',*,*,#7733,.T.);
#7764 = PLANE('',#7765);
#7765 = AXIS2_PLACEMENT_3D('',#7766,#7767,#7768);
#7766 = CARTESIAN_POINT('',(-2.09710953274,-93.28,-30.041244625));
#7767 = DIRECTION('',(-1.745245719031E-02,-3.662667911083E-16,
    0.99984769427));
#7768 = DIRECTION('',(-0.99984769427,3.013258290218E-16,
    -1.745245719031E-02));
#7769 = ADVANCED_FACE('',(#7770),#7788,.T.);
#7770 = FACE_BOUND('',#7771,.T.);
#7771 = EDGE_LOOP('',(#7772,#7773,#7781,#7787));
#7772 = ORIENTED_EDGE('',*,*,#1772,.F.);
#7773 = ORIENTED_EDGE('',*,*,#7774,.F.);
#7774 = EDGE_CURVE('',#7775,#1764,#7777,.T.);
#7775 = VERTEX_POINT('',#7776);
#7776 = CARTESIAN_POINT('',(-2.515958825683,-86.28,-29.34416242071));
#7777 = LINE('',#7778,#7779);
#7778 = CARTESIAN_POINT('',(-2.515958825683,-93.28,-29.34416242071));
#7779 = VECTOR('',#7780,1.);
#7780 = DIRECTION('',(-2.948876798795E-16,-1.,-3.714698827088E-16));
#7781 = ORIENTED_EDGE('',*,*,#7782,.T.);
#7782 = EDGE_CURVE('',#7775,#7751,#7783,.T.);
#7783 = LINE('',#7784,#7785);
#7784 = CARTESIAN_POINT('',(-4.059668348407,-86.28,-26.77499863074));
#7785 = VECTOR('',#7786,1.);
#7786 = DIRECTION('',(0.515038118421,1.665334311514E-16,-0.857167274558)
  );
#7787 = ORIENTED_EDGE('',*,*,#7750,.F.);
#7788 = PLANE('',#7789);
#7789 = AXIS2_PLACEMENT_3D('',#7790,#7791,#7792);
#7790 = CARTESIAN_POINT('',(-4.059668348407,-93.28,-26.77499863074));
#7791 = DIRECTION('',(-0.857167274558,4.440892183035E-16,-0.515038118421
    ));
#7792 = DIRECTION('',(0.515038118421,1.665334311514E-16,-0.857167274558)
  );
#7793 = ADVANCED_FACE('',(#7794),#7813,.F.);
#7794 = FACE_BOUND('',#7795,.F.);
#7795 = EDGE_LOOP('',(#7796,#7797,#7806,#7812));
#7796 = ORIENTED_EDGE('',*,*,#7774,.F.);
#7797 = ORIENTED_EDGE('',*,*,#7798,.F.);
#7798 = EDGE_CURVE('',#7799,#7775,#7801,.T.);
#7799 = VERTEX_POINT('',#7800);
#7800 = CARTESIAN_POINT('',(-3.640819055464,-86.28,-27.47208083503));
#7801 = CIRCLE('',#7802,1.55);
#7802 = AXIS2_PLACEMENT_3D('',#7803,#7804,#7805);
#7803 = CARTESIAN_POINT('',(-4.021272942588,-86.28,-28.97466355813));
#7804 = DIRECTION('',(2.948876798795E-16,1.,3.714698827088E-16));
#7805 = DIRECTION('',(-0.51503807491,-1.665334536938E-16,0.857167300702)
  );
#7806 = ORIENTED_EDGE('',*,*,#7807,.T.);
#7807 = EDGE_CURVE('',#7799,#1756,#7808,.T.);
#7808 = LINE('',#7809,#7810);
#7809 = CARTESIAN_POINT('',(-3.640819055464,-93.28,-27.47208083503));
#7810 = VECTOR('',#7811,1.);
#7811 = DIRECTION('',(-2.948876798795E-16,-1.,-3.714698827088E-16));
#7812 = ORIENTED_EDGE('',*,*,#1763,.F.);
#7813 = CYLINDRICAL_SURFACE('',#7814,1.55);
#7814 = AXIS2_PLACEMENT_3D('',#7815,#7816,#7817);
#7815 = CARTESIAN_POINT('',(-4.021272942588,-93.28,-28.97466355813));
#7816 = DIRECTION('',(-2.948876798795E-16,-1.,-3.714698827088E-16));
#7817 = DIRECTION('',(-0.51503807491,-1.665334536938E-16,0.857167300702)
  );
#7818 = ADVANCED_FACE('',(#7819),#7837,.T.);
#7819 = FACE_BOUND('',#7820,.T.);
#7820 = EDGE_LOOP('',(#7821,#7822,#7830,#7836));
#7821 = ORIENTED_EDGE('',*,*,#1755,.F.);
#7822 = ORIENTED_EDGE('',*,*,#7823,.T.);
#7823 = EDGE_CURVE('',#1748,#7824,#7826,.T.);
#7824 = VERTEX_POINT('',#7825);
#7825 = CARTESIAN_POINT('',(-4.059668348407,-86.28,-26.77499863074));
#7826 = LINE('',#7827,#7828);
#7827 = CARTESIAN_POINT('',(-4.059668348407,-93.28,-26.77499863074));
#7828 = VECTOR('',#7829,1.);
#7829 = DIRECTION('',(2.948876798795E-16,1.,3.714698827088E-16));
#7830 = ORIENTED_EDGE('',*,*,#7831,.T.);
#7831 = EDGE_CURVE('',#7824,#7799,#7832,.T.);
#7832 = LINE('',#7833,#7834);
#7833 = CARTESIAN_POINT('',(-4.059668348407,-86.28,-26.77499863074));
#7834 = VECTOR('',#7835,1.);
#7835 = DIRECTION('',(0.515038118421,1.665334311514E-16,-0.857167274558)
  );
#7836 = ORIENTED_EDGE('',*,*,#7807,.T.);
#7837 = PLANE('',#7838);
#7838 = AXIS2_PLACEMENT_3D('',#7839,#7840,#7841);
#7839 = CARTESIAN_POINT('',(-4.059668348407,-93.28,-26.77499863074));
#7840 = DIRECTION('',(-0.857167274558,4.440892183035E-16,-0.515038118421
    ));
#7841 = DIRECTION('',(0.515038118421,1.665334311514E-16,-0.857167274558)
  );
#7842 = ADVANCED_FACE('',(#7843),#7861,.T.);
#7843 = FACE_BOUND('',#7844,.T.);
#7844 = EDGE_LOOP('',(#7845,#7846,#7854,#7860));
#7845 = ORIENTED_EDGE('',*,*,#1747,.F.);
#7846 = ORIENTED_EDGE('',*,*,#7847,.F.);
#7847 = EDGE_CURVE('',#7848,#1739,#7850,.T.);
#7848 = VERTEX_POINT('',#7849);
#7849 = CARTESIAN_POINT('',(-4.453934599377,-86.28,-27.48627386093));
#7850 = LINE('',#7851,#7852);
#7851 = CARTESIAN_POINT('',(-4.453934599377,-93.28,-27.48627386093));
#7852 = VECTOR('',#7853,1.);
#7853 = DIRECTION('',(-2.948876798795E-16,-1.,-3.714698827088E-16));
#7854 = ORIENTED_EDGE('',*,*,#7855,.T.);
#7855 = EDGE_CURVE('',#7848,#7824,#7856,.T.);
#7856 = LINE('',#7857,#7858);
#7857 = CARTESIAN_POINT('',(-5.907040946616,-86.28,-30.10774741866));
#7858 = VECTOR('',#7859,1.);
#7859 = DIRECTION('',(0.48480957585,-4.678592601733E-16,0.874619731749)
  );
#7860 = ORIENTED_EDGE('',*,*,#7823,.F.);
#7861 = PLANE('',#7862);
#7862 = AXIS2_PLACEMENT_3D('',#7863,#7864,#7865);
#7863 = CARTESIAN_POINT('',(-5.907040946616,-93.28,-30.10774741866));
#7864 = DIRECTION('',(0.874619731749,-7.782242719513E-17,-0.48480957585)
  );
#7865 = DIRECTION('',(0.48480957585,-4.678592601733E-16,0.874619731749)
  );
#7866 = ADVANCED_FACE('',(#7867),#7895,.F.);
#7867 = FACE_BOUND('',#7868,.F.);
#7868 = EDGE_LOOP('',(#7869,#7877,#7878,#7879,#7888));
#7869 = ORIENTED_EDGE('',*,*,#7870,.T.);
#7870 = EDGE_CURVE('',#7871,#1731,#7873,.T.);
#7871 = VERTEX_POINT('',#7872);
#7872 = CARTESIAN_POINT('',(-5.512774695645,-86.28,-29.39647218847));
#7873 = LINE('',#7874,#7875);
#7874 = CARTESIAN_POINT('',(-5.512774695645,-93.28,-29.39647218847));
#7875 = VECTOR('',#7876,1.);
#7876 = DIRECTION('',(-2.948876798795E-16,-1.,-3.714698827088E-16));
#7877 = ORIENTED_EDGE('',*,*,#1738,.F.);
#7878 = ORIENTED_EDGE('',*,*,#7847,.F.);
#7879 = ORIENTED_EDGE('',*,*,#7880,.F.);
#7880 = EDGE_CURVE('',#7881,#7848,#7883,.T.);
#7881 = VERTEX_POINT('',#7882);
#7882 = CARTESIAN_POINT('',(-4.819581958698,-86.28,-27.64605424205));
#7883 = CIRCLE('',#7884,1.55);
#7884 = AXIS2_PLACEMENT_3D('',#7885,#7886,#7887);
#7885 = CARTESIAN_POINT('',(-4.021272942588,-86.28,-28.97466355813));
#7886 = DIRECTION('',(2.948876798795E-16,1.,3.714698827088E-16));
#7887 = DIRECTION('',(-0.51503807491,-1.665334536938E-16,0.857167300702)
  );
#7888 = ORIENTED_EDGE('',*,*,#7889,.F.);
#7889 = EDGE_CURVE('',#7871,#7881,#7890,.T.);
#7890 = CIRCLE('',#7891,1.55);
#7891 = AXIS2_PLACEMENT_3D('',#7892,#7893,#7894);
#7892 = CARTESIAN_POINT('',(-4.021272942588,-86.28,-28.97466355813));
#7893 = DIRECTION('',(2.948876798795E-16,1.,3.714698827088E-16));
#7894 = DIRECTION('',(-0.51503807491,-1.665334536938E-16,0.857167300702)
  );
#7895 = CYLINDRICAL_SURFACE('',#7896,1.55);
#7896 = AXIS2_PLACEMENT_3D('',#7897,#7898,#7899);
#7897 = CARTESIAN_POINT('',(-4.021272942588,-93.28,-28.97466355813));
#7898 = DIRECTION('',(-2.948876798795E-16,-1.,-3.714698827088E-16));
#7899 = DIRECTION('',(-0.51503807491,-1.665334536938E-16,0.857167300702)
  );
#7900 = ADVANCED_FACE('',(#7901),#7912,.T.);
#7901 = FACE_BOUND('',#7902,.T.);
#7902 = EDGE_LOOP('',(#7903,#7904,#7905,#7911));
#7903 = ORIENTED_EDGE('',*,*,#1730,.F.);
#7904 = ORIENTED_EDGE('',*,*,#7710,.T.);
#7905 = ORIENTED_EDGE('',*,*,#7906,.T.);
#7906 = EDGE_CURVE('',#7703,#7871,#7907,.T.);
#7907 = LINE('',#7908,#7909);
#7908 = CARTESIAN_POINT('',(-5.907040946616,-86.28,-30.10774741866));
#7909 = VECTOR('',#7910,1.);
#7910 = DIRECTION('',(0.48480957585,-4.678592601733E-16,0.874619731749)
  );
#7911 = ORIENTED_EDGE('',*,*,#7870,.T.);
#7912 = PLANE('',#7913);
#7913 = AXIS2_PLACEMENT_3D('',#7914,#7915,#7916);
#7914 = CARTESIAN_POINT('',(-5.907040946616,-93.28,-30.10774741866));
#7915 = DIRECTION('',(0.874619731749,-7.782242719513E-17,-0.48480957585)
  );
#7916 = DIRECTION('',(0.48480957585,-4.678592601733E-16,0.874619731749)
  );
#7917 = ADVANCED_FACE('',(#7918),#7929,.T.);
#7918 = FACE_BOUND('',#7919,.F.);
#7919 = EDGE_LOOP('',(#7920,#7926,#7927,#7928));
#7920 = ORIENTED_EDGE('',*,*,#7921,.T.);
#7921 = EDGE_CURVE('',#4873,#5920,#7922,.T.);
#7922 = LINE('',#7923,#7924);
#7923 = CARTESIAN_POINT('',(7.372927505311,-82.12061475842,-47.));
#7924 = VECTOR('',#7925,1.);
#7925 = DIRECTION('',(-1.224646799147E-16,0.,1.));
#7926 = ORIENTED_EDGE('',*,*,#5982,.F.);
#7927 = ORIENTED_EDGE('',*,*,#1829,.F.);
#7928 = ORIENTED_EDGE('',*,*,#7438,.T.);
#7929 = PLANE('',#7930);
#7930 = AXIS2_PLACEMENT_3D('',#7931,#7932,#7933);
#7931 = CARTESIAN_POINT('',(6.030907361985,-83.06030737921,-47.));
#7932 = DIRECTION('',(-0.573576436351,0.819152044289,-9.945039403151E-17
    ));
#7933 = DIRECTION('',(1.392174362481E-16,-2.392541556486E-17,-1.));
#7934 = ADVANCED_FACE('',(#7935),#7946,.F.);
#7935 = FACE_BOUND('',#7936,.T.);
#7936 = EDGE_LOOP('',(#7937,#7938,#7939,#7940));
#7937 = ORIENTED_EDGE('',*,*,#5041,.F.);
#7938 = ORIENTED_EDGE('',*,*,#1899,.T.);
#7939 = ORIENTED_EDGE('',*,*,#1953,.F.);
#7940 = ORIENTED_EDGE('',*,*,#7941,.F.);
#7941 = EDGE_CURVE('',#5042,#1946,#7942,.T.);
#7942 = LINE('',#7943,#7944);
#7943 = CARTESIAN_POINT('',(0.5,40.160662,-47.));
#7944 = VECTOR('',#7945,1.);
#7945 = DIRECTION('',(1.224646799147E-16,0.,-1.));
#7946 = PLANE('',#7947);
#7947 = AXIS2_PLACEMENT_3D('',#7948,#7949,#7950);
#7948 = CARTESIAN_POINT('',(0.25,40.410662,-47.));
#7949 = DIRECTION('',(0.707106781187,0.707106781187,8.659560562355E-17)
  );
#7950 = DIRECTION('',(-1.224646799147E-16,-0.,1.));
#7951 = ADVANCED_FACE('',(#7952),#7963,.T.);
#7952 = FACE_BOUND('',#7953,.T.);
#7953 = EDGE_LOOP('',(#7954,#7955,#7956,#7957));
#7954 = ORIENTED_EDGE('',*,*,#6337,.F.);
#7955 = ORIENTED_EDGE('',*,*,#1892,.F.);
#7956 = ORIENTED_EDGE('',*,*,#5126,.F.);
#7957 = ORIENTED_EDGE('',*,*,#7958,.F.);
#7958 = EDGE_CURVE('',#6338,#5127,#7959,.T.);
#7959 = LINE('',#7960,#7961);
#7960 = CARTESIAN_POINT('',(-1.000000000001E-02,91.,-47.));
#7961 = VECTOR('',#7962,1.);
#7962 = DIRECTION('',(0.,-1.,-0.));
#7963 = PLANE('',#7964);
#7964 = AXIS2_PLACEMENT_3D('',#7965,#7966,#7967);
#7965 = CARTESIAN_POINT('',(-1.053598341488,1.154688638805,-47.));
#7966 = DIRECTION('',(1.224646799147E-16,0.,-1.));
#7967 = DIRECTION('',(-1.,0.,-1.224646799147E-16));
#7968 = ADVANCED_FACE('',(#7969),#7979,.F.);
#7969 = FACE_BOUND('',#7970,.F.);
#7970 = EDGE_LOOP('',(#7971,#7972,#7978));
#7971 = ORIENTED_EDGE('',*,*,#1977,.F.);
#7972 = ORIENTED_EDGE('',*,*,#7973,.T.);
#7973 = EDGE_CURVE('',#1978,#1915,#7974,.T.);
#7974 = LINE('',#7975,#7976);
#7975 = CARTESIAN_POINT('',(104.25,90.25,-45.));
#7976 = VECTOR('',#7977,1.);
#7977 = DIRECTION('',(-0.707106781187,0.707106781187,-8.659560562355E-17
    ));
#7978 = ORIENTED_EDGE('',*,*,#1922,.F.);
#7979 = PLANE('',#7980);
#7980 = AXIS2_PLACEMENT_3D('',#7981,#7982,#7983);
#7981 = CARTESIAN_POINT('',(105.5,89.,-45.));
#7982 = DIRECTION('',(-0.57735026919,-0.57735026919,0.57735026919));
#7983 = DIRECTION('',(-8.659560562355E-17,0.707106781187,0.707106781187)
  );
#7984 = ADVANCED_FACE('',(#7985),#7996,.T.);
#7985 = FACE_BOUND('',#7986,.T.);
#7986 = EDGE_LOOP('',(#7987,#7993,#7994,#7995));
#7987 = ORIENTED_EDGE('',*,*,#7988,.F.);
#7988 = EDGE_CURVE('',#4992,#1938,#7989,.T.);
#7989 = LINE('',#7990,#7991);
#7990 = CARTESIAN_POINT('',(68.05815734356,40.160662,-47.));
#7991 = VECTOR('',#7992,1.);
#7992 = DIRECTION('',(1.224646799147E-16,0.,-1.));
#7993 = ORIENTED_EDGE('',*,*,#5049,.T.);
#7994 = ORIENTED_EDGE('',*,*,#7941,.T.);
#7995 = ORIENTED_EDGE('',*,*,#1945,.F.);
#7996 = PLANE('',#7997);
#7997 = AXIS2_PLACEMENT_3D('',#7998,#7999,#8000);
#7998 = CARTESIAN_POINT('',(-88.06315734356,40.160662,-39.29049809265));
#7999 = DIRECTION('',(0.,-1.,-0.));
#8000 = DIRECTION('',(1.,0.,1.224646799147E-16));
#8001 = ADVANCED_FACE('',(#8002),#8027,.T.);
#8002 = FACE_BOUND('',#8003,.T.);
#8003 = EDGE_LOOP('',(#8004,#8014,#8020,#8021));
#8004 = ORIENTED_EDGE('',*,*,#8005,.T.);
#8005 = EDGE_CURVE('',#8006,#8008,#8010,.T.);
#8006 = VERTEX_POINT('',#8007);
#8007 = CARTESIAN_POINT('',(105.5,89.,-15.49));
#8008 = VERTEX_POINT('',#8009);
#8009 = CARTESIAN_POINT('',(105.5,76.5,-15.49));
#8010 = LINE('',#8011,#8012);
#8011 = CARTESIAN_POINT('',(105.5,94.,-15.49));
#8012 = VECTOR('',#8013,1.);
#8013 = DIRECTION('',(0.,-1.,-0.));
#8014 = ORIENTED_EDGE('',*,*,#8015,.T.);
#8015 = EDGE_CURVE('',#8008,#1969,#8016,.T.);
#8016 = LINE('',#8017,#8018);
#8017 = CARTESIAN_POINT('',(105.5,76.5,-15.49));
#8018 = VECTOR('',#8019,1.);
#8019 = DIRECTION('',(1.224646799147E-16,0.,-1.));
#8020 = ORIENTED_EDGE('',*,*,#1985,.T.);
#8021 = ORIENTED_EDGE('',*,*,#8022,.F.);
#8022 = EDGE_CURVE('',#8006,#1978,#8023,.T.);
#8023 = LINE('',#8024,#8025);
#8024 = CARTESIAN_POINT('',(105.5,89.,-15.49));
#8025 = VECTOR('',#8026,1.);
#8026 = DIRECTION('',(1.224646799147E-16,0.,-1.));
#8027 = PLANE('',#8028);
#8028 = AXIS2_PLACEMENT_3D('',#8029,#8030,#8031);
#8029 = CARTESIAN_POINT('',(105.5,82.75,-25.));
#8030 = DIRECTION('',(1.,-0.,1.224646799147E-16));
#8031 = DIRECTION('',(-1.224646799147E-16,0.,1.));
#8032 = ADVANCED_FACE('',(#8033),#8044,.F.);
#8033 = FACE_BOUND('',#8034,.T.);
#8034 = EDGE_LOOP('',(#8035,#8036,#8037,#8043));
#8035 = ORIENTED_EDGE('',*,*,#7988,.T.);
#8036 = ORIENTED_EDGE('',*,*,#2009,.T.);
#8037 = ORIENTED_EDGE('',*,*,#8038,.F.);
#8038 = EDGE_CURVE('',#4946,#2002,#8039,.T.);
#8039 = LINE('',#8040,#8041);
#8040 = CARTESIAN_POINT('',(68.55815734356,39.660662,-47.));
#8041 = VECTOR('',#8042,1.);
#8042 = DIRECTION('',(1.224646799147E-16,0.,-1.));
#8043 = ORIENTED_EDGE('',*,*,#5001,.F.);
#8044 = PLANE('',#8045);
#8045 = AXIS2_PLACEMENT_3D('',#8046,#8047,#8048);
#8046 = CARTESIAN_POINT('',(68.30815734356,39.910662,-47.));
#8047 = DIRECTION('',(0.707106781187,0.707106781187,8.659560562355E-17)
  );
#8048 = DIRECTION('',(-1.224646799147E-16,-0.,1.));
#8049 = ADVANCED_FACE('',(#8050),#8076,.F.);
#8050 = FACE_BOUND('',#8051,.T.);
#8051 = EDGE_LOOP('',(#8052,#8062,#8068,#8069,#8070));
#8052 = ORIENTED_EDGE('',*,*,#8053,.F.);
#8053 = EDGE_CURVE('',#8054,#8056,#8058,.T.);
#8054 = VERTEX_POINT('',#8055);
#8055 = CARTESIAN_POINT('',(110.5,71.5,-15.49));
#8056 = VERTEX_POINT('',#8057);
#8057 = CARTESIAN_POINT('',(108.,74.,-12.99));
#8058 = LINE('',#8059,#8060);
#8059 = CARTESIAN_POINT('',(106.335,75.665,-11.325));
#8060 = VECTOR('',#8061,1.);
#8061 = DIRECTION('',(-0.57735026919,0.57735026919,0.57735026919));
#8062 = ORIENTED_EDGE('',*,*,#8063,.T.);
#8063 = EDGE_CURVE('',#8054,#2026,#8064,.T.);
#8064 = LINE('',#8065,#8066);
#8065 = CARTESIAN_POINT('',(110.5,71.5,-15.49));
#8066 = VECTOR('',#8067,1.);
#8067 = DIRECTION('',(1.224646799147E-16,0.,-1.));
#8068 = ORIENTED_EDGE('',*,*,#2033,.F.);
#8069 = ORIENTED_EDGE('',*,*,#8015,.F.);
#8070 = ORIENTED_EDGE('',*,*,#8071,.F.);
#8071 = EDGE_CURVE('',#8056,#8008,#8072,.T.);
#8072 = LINE('',#8073,#8074);
#8073 = CARTESIAN_POINT('',(105.915,76.085,-15.075));
#8074 = VECTOR('',#8075,1.);
#8075 = DIRECTION('',(-0.57735026919,0.57735026919,-0.57735026919));
#8076 = PLANE('',#8077);
#8077 = AXIS2_PLACEMENT_3D('',#8078,#8079,#8080);
#8078 = CARTESIAN_POINT('',(108.,74.,-15.49));
#8079 = DIRECTION('',(-0.707106781187,-0.707106781187,
    -8.659560562355E-17));
#8080 = DIRECTION('',(-1.224646799147E-16,-0.,1.));
#8081 = ADVANCED_FACE('',(#8082),#8093,.T.);
#8082 = FACE_BOUND('',#8083,.T.);
#8083 = EDGE_LOOP('',(#8084,#8085,#8086,#8092));
#8084 = ORIENTED_EDGE('',*,*,#8038,.T.);
#8085 = ORIENTED_EDGE('',*,*,#2055,.F.);
#8086 = ORIENTED_EDGE('',*,*,#8087,.F.);
#8087 = EDGE_CURVE('',#4898,#2048,#8088,.T.);
#8088 = LINE('',#8089,#8090);
#8089 = CARTESIAN_POINT('',(68.55815734356,-50.560657,-47.));
#8090 = VECTOR('',#8091,1.);
#8091 = DIRECTION('',(1.224646799147E-16,0.,-1.));
#8092 = ORIENTED_EDGE('',*,*,#4953,.T.);
#8093 = PLANE('',#8094);
#8094 = AXIS2_PLACEMENT_3D('',#8095,#8096,#8097);
#8095 = CARTESIAN_POINT('',(68.55815734356,40.160662,-39.29049809265));
#8096 = DIRECTION('',(-1.,0.,-1.224646799147E-16));
#8097 = DIRECTION('',(0.,-1.,-0.));
#8098 = ADVANCED_FACE('',(#8099),#8109,.F.);
#8099 = FACE_BOUND('',#8100,.F.);
#8100 = EDGE_LOOP('',(#8101,#8102,#8108));
#8101 = ORIENTED_EDGE('',*,*,#2119,.F.);
#8102 = ORIENTED_EDGE('',*,*,#8103,.T.);
#8103 = EDGE_CURVE('',#2120,#2074,#8104,.T.);
#8104 = LINE('',#8105,#8106);
#8105 = CARTESIAN_POINT('',(119.25,67.75,-45.));
#8106 = VECTOR('',#8107,1.);
#8107 = DIRECTION('',(-0.707106781187,0.707106781187,1.932515215079E-15)
  );
#8108 = ORIENTED_EDGE('',*,*,#2081,.F.);
#8109 = PLANE('',#8110);
#8110 = AXIS2_PLACEMENT_3D('',#8111,#8112,#8113);
#8111 = CARTESIAN_POINT('',(120.5,66.5,-45.));
#8112 = DIRECTION('',(-0.57735026919,-0.57735026919,0.57735026919));
#8113 = DIRECTION('',(-8.659560562355E-17,0.707106781187,0.707106781187)
  );
#8114 = ADVANCED_FACE('',(#8115),#8133,.T.);
#8115 = FACE_BOUND('',#8116,.T.);
#8116 = EDGE_LOOP('',(#8117,#8125,#8131,#8132));
#8117 = ORIENTED_EDGE('',*,*,#8118,.T.);
#8118 = EDGE_CURVE('',#8054,#8119,#8121,.T.);
#8119 = VERTEX_POINT('',#8120);
#8120 = CARTESIAN_POINT('',(115.5,71.5,-15.49));
#8121 = LINE('',#8122,#8123);
#8122 = CARTESIAN_POINT('',(105.5,71.5,-15.49));
#8123 = VECTOR('',#8124,1.);
#8124 = DIRECTION('',(1.,0.,1.224646799147E-16));
#8125 = ORIENTED_EDGE('',*,*,#8126,.T.);
#8126 = EDGE_CURVE('',#8119,#2074,#8127,.T.);
#8127 = LINE('',#8128,#8129);
#8128 = CARTESIAN_POINT('',(115.5,71.5,-15.49));
#8129 = VECTOR('',#8130,1.);
#8130 = DIRECTION('',(1.224646799147E-16,0.,-1.));
#8131 = ORIENTED_EDGE('',*,*,#2073,.T.);
#8132 = ORIENTED_EDGE('',*,*,#8063,.F.);
#8133 = PLANE('',#8134);
#8134 = AXIS2_PLACEMENT_3D('',#8135,#8136,#8137);
#8135 = CARTESIAN_POINT('',(113.,71.5,-25.));
#8136 = DIRECTION('',(7.476211106826E-16,1.,9.155718001725E-32));
#8137 = DIRECTION('',(-1.,7.476211106826E-16,-1.224646799147E-16));
#8138 = ADVANCED_FACE('',(#8139),#8145,.F.);
#8139 = FACE_BOUND('',#8140,.T.);
#8140 = EDGE_LOOP('',(#8141,#8142,#8143,#8144));
#8141 = ORIENTED_EDGE('',*,*,#8087,.T.);
#8142 = ORIENTED_EDGE('',*,*,#2105,.T.);
#8143 = ORIENTED_EDGE('',*,*,#2262,.F.);
#8144 = ORIENTED_EDGE('',*,*,#4905,.T.);
#8145 = PLANE('',#8146);
#8146 = AXIS2_PLACEMENT_3D('',#8147,#8148,#8149);
#8147 = CARTESIAN_POINT('',(68.30815734356,-50.810657,-47.));
#8148 = DIRECTION('',(0.707106781187,-0.707106781187,8.659560562355E-17)
  );
#8149 = DIRECTION('',(-1.224646799147E-16,-0.,1.));
#8150 = ADVANCED_FACE('',(#8151),#8161,.F.);
#8151 = FACE_BOUND('',#8152,.F.);
#8152 = EDGE_LOOP('',(#8153,#8154,#8160));
#8153 = ORIENTED_EDGE('',*,*,#2176,.F.);
#8154 = ORIENTED_EDGE('',*,*,#8155,.T.);
#8155 = EDGE_CURVE('',#2177,#2128,#8156,.T.);
#8156 = LINE('',#8157,#8158);
#8157 = CARTESIAN_POINT('',(116.75,-70.25,-45.));
#8158 = VECTOR('',#8159,1.);
#8159 = DIRECTION('',(0.707106781187,0.707106781187,1.048076948815E-15)
  );
#8160 = ORIENTED_EDGE('',*,*,#2135,.F.);
#8161 = PLANE('',#8162);
#8162 = AXIS2_PLACEMENT_3D('',#8163,#8164,#8165);
#8163 = CARTESIAN_POINT('',(115.5,-71.5,-45.));
#8164 = DIRECTION('',(-0.57735026919,0.57735026919,0.57735026919));
#8165 = DIRECTION('',(0.707106781187,0.,0.707106781187));
#8166 = ADVANCED_FACE('',(#8167),#8192,.T.);
#8167 = FACE_BOUND('',#8168,.T.);
#8168 = EDGE_LOOP('',(#8169,#8179,#8185,#8186));
#8169 = ORIENTED_EDGE('',*,*,#8170,.F.);
#8170 = EDGE_CURVE('',#8171,#8173,#8175,.T.);
#8171 = VERTEX_POINT('',#8172);
#8172 = CARTESIAN_POINT('',(110.5,-71.5,-15.49));
#8173 = VERTEX_POINT('',#8174);
#8174 = CARTESIAN_POINT('',(115.5,-71.5,-15.49));
#8175 = LINE('',#8176,#8177);
#8176 = CARTESIAN_POINT('',(105.5,-71.5,-15.49));
#8177 = VECTOR('',#8178,1.);
#8178 = DIRECTION('',(1.,0.,1.224646799147E-16));
#8179 = ORIENTED_EDGE('',*,*,#8180,.F.);
#8180 = EDGE_CURVE('',#2168,#8171,#8181,.T.);
#8181 = LINE('',#8182,#8183);
#8182 = CARTESIAN_POINT('',(110.5,-71.5,-50.));
#8183 = VECTOR('',#8184,1.);
#8184 = DIRECTION('',(-1.224646799147E-16,0.,1.));
#8185 = ORIENTED_EDGE('',*,*,#2184,.T.);
#8186 = ORIENTED_EDGE('',*,*,#8187,.F.);
#8187 = EDGE_CURVE('',#8173,#2177,#8188,.T.);
#8188 = LINE('',#8189,#8190);
#8189 = CARTESIAN_POINT('',(115.5,-71.5,-15.49));
#8190 = VECTOR('',#8191,1.);
#8191 = DIRECTION('',(1.224646799147E-16,0.,-1.));
#8192 = PLANE('',#8193);
#8193 = AXIS2_PLACEMENT_3D('',#8194,#8195,#8196);
#8194 = CARTESIAN_POINT('',(113.,-71.5,-25.));
#8195 = DIRECTION('',(-7.476211106826E-16,-1.,-9.155718001725E-32));
#8196 = DIRECTION('',(1.,-7.476211106826E-16,1.224646799147E-16));
#8197 = ADVANCED_FACE('',(#8198),#8215,.F.);
#8198 = FACE_BOUND('',#8199,.F.);
#8199 = EDGE_LOOP('',(#8200,#8201,#8207,#8208,#8209));
#8200 = ORIENTED_EDGE('',*,*,#3074,.T.);
#8201 = ORIENTED_EDGE('',*,*,#8202,.T.);
#8202 = EDGE_CURVE('',#3075,#8171,#8203,.T.);
#8203 = LINE('',#8204,#8205);
#8204 = CARTESIAN_POINT('',(112.08666666666,-69.91333333333,
    -17.07666666666));
#8205 = VECTOR('',#8206,1.);
#8206 = DIRECTION('',(0.57735026919,0.57735026919,-0.57735026919));
#8207 = ORIENTED_EDGE('',*,*,#8180,.F.);
#8208 = ORIENTED_EDGE('',*,*,#2208,.F.);
#8209 = ORIENTED_EDGE('',*,*,#8210,.T.);
#8210 = EDGE_CURVE('',#2199,#3067,#8211,.T.);
#8211 = LINE('',#8212,#8213);
#8212 = CARTESIAN_POINT('',(105.5,-76.5,-50.));
#8213 = VECTOR('',#8214,1.);
#8214 = DIRECTION('',(-1.224646799147E-16,0.,1.));
#8215 = PLANE('',#8216);
#8216 = AXIS2_PLACEMENT_3D('',#8217,#8218,#8219);
#8217 = CARTESIAN_POINT('',(108.,-74.,-50.));
#8218 = DIRECTION('',(-0.707106781187,0.707106781187,-8.659560562355E-17
    ));
#8219 = DIRECTION('',(-1.224646799147E-16,0.,1.));
#8220 = ADVANCED_FACE('',(#8221),#8227,.T.);
#8221 = FACE_BOUND('',#8222,.T.);
#8222 = EDGE_LOOP('',(#8223,#8224,#8225,#8226));
#8223 = ORIENTED_EDGE('',*,*,#3066,.F.);
#8224 = ORIENTED_EDGE('',*,*,#2313,.T.);
#8225 = ORIENTED_EDGE('',*,*,#2224,.T.);
#8226 = ORIENTED_EDGE('',*,*,#8210,.T.);
#8227 = PLANE('',#8228);
#8228 = AXIS2_PLACEMENT_3D('',#8229,#8230,#8231);
#8229 = CARTESIAN_POINT('',(105.5,-82.75,-25.));
#8230 = DIRECTION('',(1.,-0.,1.224646799147E-16));
#8231 = DIRECTION('',(-1.224646799147E-16,0.,1.));
#8232 = ADVANCED_FACE('',(#8233),#8259,.F.);
#8233 = FACE_BOUND('',#8234,.F.);
#8234 = EDGE_LOOP('',(#8235,#8243,#8244,#8245,#8251,#8252,#8253));
#8235 = ORIENTED_EDGE('',*,*,#8236,.F.);
#8236 = EDGE_CURVE('',#8056,#8237,#8239,.T.);
#8237 = VERTEX_POINT('',#8238);
#8238 = CARTESIAN_POINT('',(120.49,86.49,-0.5));
#8239 = LINE('',#8240,#8241);
#8240 = CARTESIAN_POINT('',(114.24666666666,80.246666666667,
    -6.743333333333));
#8241 = VECTOR('',#8242,1.);
#8242 = DIRECTION('',(0.57735026919,0.57735026919,0.57735026919));
#8243 = ORIENTED_EDGE('',*,*,#8053,.F.);
#8244 = ORIENTED_EDGE('',*,*,#8118,.T.);
#8245 = ORIENTED_EDGE('',*,*,#8246,.F.);
#8246 = EDGE_CURVE('',#2330,#8119,#8247,.T.);
#8247 = LINE('',#8248,#8249);
#8248 = CARTESIAN_POINT('',(112.16833333333,74.831666666667,
    -12.15833333333));
#8249 = VECTOR('',#8250,1.);
#8250 = DIRECTION('',(-0.57735026919,0.57735026919,0.57735026919));
#8251 = ORIENTED_EDGE('',*,*,#2327,.F.);
#8252 = ORIENTED_EDGE('',*,*,#2337,.T.);
#8253 = ORIENTED_EDGE('',*,*,#8254,.F.);
#8254 = EDGE_CURVE('',#8237,#2338,#8255,.T.);
#8255 = LINE('',#8256,#8257);
#8256 = CARTESIAN_POINT('',(105.5,86.49,-0.5));
#8257 = VECTOR('',#8258,1.);
#8258 = DIRECTION('',(1.,0.,1.224646799147E-16));
#8259 = PLANE('',#8260);
#8260 = AXIS2_PLACEMENT_3D('',#8261,#8262,#8263);
#8261 = CARTESIAN_POINT('',(105.5,78.995,-7.995));
#8262 = DIRECTION('',(-1.12750907357E-15,-0.707106781187,0.707106781187)
  );
#8263 = DIRECTION('',(1.,-7.360369718131E-16,8.585016517278E-16));
#8264 = ADVANCED_FACE('',(#8265),#8271,.T.);
#8265 = FACE_BOUND('',#8266,.T.);
#8266 = EDGE_LOOP('',(#8267,#8268,#8269,#8270));
#8267 = ORIENTED_EDGE('',*,*,#8246,.F.);
#8268 = ORIENTED_EDGE('',*,*,#2392,.T.);
#8269 = ORIENTED_EDGE('',*,*,#8103,.T.);
#8270 = ORIENTED_EDGE('',*,*,#8126,.F.);
#8271 = PLANE('',#8272);
#8272 = AXIS2_PLACEMENT_3D('',#8273,#8274,#8275);
#8273 = CARTESIAN_POINT('',(118.,69.,-15.49));
#8274 = DIRECTION('',(0.707106781187,0.707106781187,8.659560562355E-17)
  );
#8275 = DIRECTION('',(1.224646799147E-16,0.,-1.));
#8276 = ADVANCED_FACE('',(#8277),#8288,.T.);
#8277 = FACE_BOUND('',#8278,.T.);
#8278 = EDGE_LOOP('',(#8279,#8280,#8281,#8282));
#8279 = ORIENTED_EDGE('',*,*,#6250,.T.);
#8280 = ORIENTED_EDGE('',*,*,#2345,.T.);
#8281 = ORIENTED_EDGE('',*,*,#8254,.F.);
#8282 = ORIENTED_EDGE('',*,*,#8283,.F.);
#8283 = EDGE_CURVE('',#6251,#8237,#8284,.T.);
#8284 = LINE('',#8285,#8286);
#8285 = CARTESIAN_POINT('',(120.49,94.,-0.5));
#8286 = VECTOR('',#8287,1.);
#8287 = DIRECTION('',(0.,-1.,-0.));
#8288 = PLANE('',#8289);
#8289 = AXIS2_PLACEMENT_3D('',#8290,#8291,#8292);
#8290 = CARTESIAN_POINT('',(113.,0.,-0.5));
#8291 = DIRECTION('',(1.224646799147E-16,0.,-1.));
#8292 = DIRECTION('',(-1.,0.,-1.224646799147E-16));
#8293 = ADVANCED_FACE('',(#8294),#8305,.T.);
#8294 = FACE_BOUND('',#8295,.F.);
#8295 = EDGE_LOOP('',(#8296,#8302,#8303,#8304));
#8296 = ORIENTED_EDGE('',*,*,#8297,.F.);
#8297 = EDGE_CURVE('',#2378,#8173,#8298,.T.);
#8298 = LINE('',#8299,#8300);
#8299 = CARTESIAN_POINT('',(112.16833333333,-74.83166666666,
    -12.15833333333));
#8300 = VECTOR('',#8301,1.);
#8301 = DIRECTION('',(-0.57735026919,-0.57735026919,0.57735026919));
#8302 = ORIENTED_EDGE('',*,*,#2385,.T.);
#8303 = ORIENTED_EDGE('',*,*,#8155,.F.);
#8304 = ORIENTED_EDGE('',*,*,#8187,.F.);
#8305 = PLANE('',#8306);
#8306 = AXIS2_PLACEMENT_3D('',#8307,#8308,#8309);
#8307 = CARTESIAN_POINT('',(118.,-69.,-15.49));
#8308 = DIRECTION('',(0.707106781187,-0.707106781187,8.659560562355E-17)
  );
#8309 = DIRECTION('',(-1.224646799147E-16,-0.,1.));
#8310 = ADVANCED_FACE('',(#8311),#8320,.F.);
#8311 = FACE_BOUND('',#8312,.T.);
#8312 = EDGE_LOOP('',(#8313,#8314,#8315,#8316,#8317,#8318,#8319));
#8313 = ORIENTED_EDGE('',*,*,#3082,.F.);
#8314 = ORIENTED_EDGE('',*,*,#8202,.T.);
#8315 = ORIENTED_EDGE('',*,*,#8170,.T.);
#8316 = ORIENTED_EDGE('',*,*,#8297,.F.);
#8317 = ORIENTED_EDGE('',*,*,#2377,.F.);
#8318 = ORIENTED_EDGE('',*,*,#2369,.T.);
#8319 = ORIENTED_EDGE('',*,*,#3121,.F.);
#8320 = PLANE('',#8321);
#8321 = AXIS2_PLACEMENT_3D('',#8322,#8323,#8324);
#8322 = CARTESIAN_POINT('',(105.5,-78.995,-7.995));
#8323 = DIRECTION('',(-8.659560562355E-17,0.707106781187,0.707106781187)
  );
#8324 = DIRECTION('',(-1.,0.,-1.224646799147E-16));
#8325 = ADVANCED_FACE('',(#8326),#8351,.F.);
#8326 = FACE_BOUND('',#8327,.T.);
#8327 = EDGE_LOOP('',(#8328,#8336,#8337,#8345));
#8328 = ORIENTED_EDGE('',*,*,#8329,.F.);
#8329 = EDGE_CURVE('',#2401,#8330,#8332,.T.);
#8330 = VERTEX_POINT('',#8331);
#8331 = CARTESIAN_POINT('',(119.5,53.,-34.));
#8332 = LINE('',#8333,#8334);
#8333 = CARTESIAN_POINT('',(119.75,53.25,-34.));
#8334 = VECTOR('',#8335,1.);
#8335 = DIRECTION('',(-0.707106781187,-0.707106781187,
    -8.659560562355E-17));
#8336 = ORIENTED_EDGE('',*,*,#2400,.T.);
#8337 = ORIENTED_EDGE('',*,*,#8338,.T.);
#8338 = EDGE_CURVE('',#2403,#8339,#8341,.T.);
#8339 = VERTEX_POINT('',#8340);
#8340 = CARTESIAN_POINT('',(119.5,53.,-16.));
#8341 = LINE('',#8342,#8343);
#8342 = CARTESIAN_POINT('',(119.75,53.25,-16.));
#8343 = VECTOR('',#8344,1.);
#8344 = DIRECTION('',(-0.707106781187,-0.707106781187,-5.18244672454E-15
    ));
#8345 = ORIENTED_EDGE('',*,*,#8346,.F.);
#8346 = EDGE_CURVE('',#8330,#8339,#8347,.T.);
#8347 = LINE('',#8348,#8349);
#8348 = CARTESIAN_POINT('',(119.5,53.,-35.));
#8349 = VECTOR('',#8350,1.);
#8350 = DIRECTION('',(-1.224646799147E-16,0.,1.));
#8351 = PLANE('',#8352);
#8352 = AXIS2_PLACEMENT_3D('',#8353,#8354,#8355);
#8353 = CARTESIAN_POINT('',(120.,53.5,-35.));
#8354 = DIRECTION('',(-0.707106781187,0.707106781187,-8.659560562355E-17
    ));
#8355 = DIRECTION('',(1.224646799147E-16,0.,-1.));
#8356 = ADVANCED_FACE('',(#8357),#8375,.T.);
#8357 = FACE_BOUND('',#8358,.T.);
#8358 = EDGE_LOOP('',(#8359,#8367,#8368,#8369));
#8359 = ORIENTED_EDGE('',*,*,#8360,.F.);
#8360 = EDGE_CURVE('',#2411,#8361,#8363,.T.);
#8361 = VERTEX_POINT('',#8362);
#8362 = CARTESIAN_POINT('',(119.5,52.,-35.));
#8363 = LINE('',#8364,#8365);
#8364 = CARTESIAN_POINT('',(120.25,52.,-35.75));
#8365 = VECTOR('',#8366,1.);
#8366 = DIRECTION('',(-0.707106781187,0.,0.707106781187));
#8367 = ORIENTED_EDGE('',*,*,#2410,.T.);
#8368 = ORIENTED_EDGE('',*,*,#8329,.T.);
#8369 = ORIENTED_EDGE('',*,*,#8370,.F.);
#8370 = EDGE_CURVE('',#8361,#8330,#8371,.T.);
#8371 = LINE('',#8372,#8373);
#8372 = CARTESIAN_POINT('',(119.5,52.,-35.));
#8373 = VECTOR('',#8374,1.);
#8374 = DIRECTION('',(-8.659560562355E-17,0.707106781187,0.707106781187)
  );
#8375 = PLANE('',#8376);
#8376 = AXIS2_PLACEMENT_3D('',#8377,#8378,#8379);
#8377 = CARTESIAN_POINT('',(120.5,52.,-36.));
#8378 = DIRECTION('',(0.57735026919,-0.57735026919,0.57735026919));
#8379 = DIRECTION('',(-8.659560562355E-17,0.707106781187,0.707106781187)
  );
#8380 = ADVANCED_FACE('',(#8381),#8399,.F.);
#8381 = FACE_BOUND('',#8382,.F.);
#8382 = EDGE_LOOP('',(#8383,#8391,#8392,#8393));
#8383 = ORIENTED_EDGE('',*,*,#8384,.F.);
#8384 = EDGE_CURVE('',#2451,#8385,#8387,.T.);
#8385 = VERTEX_POINT('',#8386);
#8386 = CARTESIAN_POINT('',(119.5,52.,-15.));
#8387 = LINE('',#8388,#8389);
#8388 = CARTESIAN_POINT('',(120.25,52.,-14.25));
#8389 = VECTOR('',#8390,1.);
#8390 = DIRECTION('',(-0.707106781187,-2.499851492299E-15,
    -0.707106781187));
#8391 = ORIENTED_EDGE('',*,*,#2458,.T.);
#8392 = ORIENTED_EDGE('',*,*,#8338,.T.);
#8393 = ORIENTED_EDGE('',*,*,#8394,.F.);
#8394 = EDGE_CURVE('',#8385,#8339,#8395,.T.);
#8395 = LINE('',#8396,#8397);
#8396 = CARTESIAN_POINT('',(119.5,52.,-15.));
#8397 = VECTOR('',#8398,1.);
#8398 = DIRECTION('',(-2.509404020994E-15,0.707106781187,-0.707106781187
    ));
#8399 = PLANE('',#8400);
#8400 = AXIS2_PLACEMENT_3D('',#8401,#8402,#8403);
#8401 = CARTESIAN_POINT('',(120.5,52.,-14.));
#8402 = DIRECTION('',(-0.57735026919,0.57735026919,0.57735026919));
#8403 = DIRECTION('',(5.884003000792E-17,0.707106781187,-0.707106781187)
  );
#8404 = ADVANCED_FACE('',(#8405),#8423,.F.);
#8405 = FACE_BOUND('',#8406,.T.);
#8406 = EDGE_LOOP('',(#8407,#8415,#8416,#8417));
#8407 = ORIENTED_EDGE('',*,*,#8408,.F.);
#8408 = EDGE_CURVE('',#2419,#8409,#8411,.T.);
#8409 = VERTEX_POINT('',#8410);
#8410 = CARTESIAN_POINT('',(119.5,51.,-35.));
#8411 = LINE('',#8412,#8413);
#8412 = CARTESIAN_POINT('',(119.75,51.,-35.25));
#8413 = VECTOR('',#8414,1.);
#8414 = DIRECTION('',(-0.707106781187,0.,0.707106781187));
#8415 = ORIENTED_EDGE('',*,*,#2418,.T.);
#8416 = ORIENTED_EDGE('',*,*,#8360,.T.);
#8417 = ORIENTED_EDGE('',*,*,#8418,.F.);
#8418 = EDGE_CURVE('',#8409,#8361,#8419,.T.);
#8419 = LINE('',#8420,#8421);
#8420 = CARTESIAN_POINT('',(119.5,50.,-35.));
#8421 = VECTOR('',#8422,1.);
#8422 = DIRECTION('',(0.,1.,0.));
#8423 = PLANE('',#8424);
#8424 = AXIS2_PLACEMENT_3D('',#8425,#8426,#8427);
#8425 = CARTESIAN_POINT('',(120.,50.,-35.5));
#8426 = DIRECTION('',(-0.707106781187,0.,-0.707106781187));
#8427 = DIRECTION('',(0.,-1.,0.));
#8428 = ADVANCED_FACE('',(#8429),#8447,.F.);
#8429 = FACE_BOUND('',#8430,.T.);
#8430 = EDGE_LOOP('',(#8431,#8432,#8433,#8441));
#8431 = ORIENTED_EDGE('',*,*,#8384,.F.);
#8432 = ORIENTED_EDGE('',*,*,#2450,.T.);
#8433 = ORIENTED_EDGE('',*,*,#8434,.T.);
#8434 = EDGE_CURVE('',#2443,#8435,#8437,.T.);
#8435 = VERTEX_POINT('',#8436);
#8436 = CARTESIAN_POINT('',(119.5,51.,-15.));
#8437 = LINE('',#8438,#8439);
#8438 = CARTESIAN_POINT('',(120.25,51.,-14.25));
#8439 = VECTOR('',#8440,1.);
#8440 = DIRECTION('',(-0.707106781187,2.595999626618E-15,-0.707106781187
    ));
#8441 = ORIENTED_EDGE('',*,*,#8442,.F.);
#8442 = EDGE_CURVE('',#8385,#8435,#8443,.T.);
#8443 = LINE('',#8444,#8445);
#8444 = CARTESIAN_POINT('',(119.5,53.,-15.));
#8445 = VECTOR('',#8446,1.);
#8446 = DIRECTION('',(0.,-1.,-0.));
#8447 = PLANE('',#8448);
#8448 = AXIS2_PLACEMENT_3D('',#8449,#8450,#8451);
#8449 = CARTESIAN_POINT('',(120.,53.,-14.5));
#8450 = DIRECTION('',(-0.707106781187,0.,0.707106781187));
#8451 = DIRECTION('',(0.,1.,0.));
#8452 = ADVANCED_FACE('',(#8453),#8471,.T.);
#8453 = FACE_BOUND('',#8454,.T.);
#8454 = EDGE_LOOP('',(#8455,#8463,#8464,#8465));
#8455 = ORIENTED_EDGE('',*,*,#8456,.F.);
#8456 = EDGE_CURVE('',#2427,#8457,#8459,.T.);
#8457 = VERTEX_POINT('',#8458);
#8458 = CARTESIAN_POINT('',(119.5,50.,-34.));
#8459 = LINE('',#8460,#8461);
#8460 = CARTESIAN_POINT('',(120.25,49.25,-34.));
#8461 = VECTOR('',#8462,1.);
#8462 = DIRECTION('',(-0.707106781187,0.707106781187,-8.659560562355E-17
    ));
#8463 = ORIENTED_EDGE('',*,*,#2426,.T.);
#8464 = ORIENTED_EDGE('',*,*,#8408,.T.);
#8465 = ORIENTED_EDGE('',*,*,#8466,.F.);
#8466 = EDGE_CURVE('',#8457,#8409,#8467,.T.);
#8467 = LINE('',#8468,#8469);
#8468 = CARTESIAN_POINT('',(119.5,50.,-34.));
#8469 = VECTOR('',#8470,1.);
#8470 = DIRECTION('',(8.659560562355E-17,0.707106781187,-0.707106781187)
  );
#8471 = PLANE('',#8472);
#8472 = AXIS2_PLACEMENT_3D('',#8473,#8474,#8475);
#8473 = CARTESIAN_POINT('',(120.5,49.,-34.));
#8474 = DIRECTION('',(0.57735026919,0.57735026919,0.57735026919));
#8475 = DIRECTION('',(8.659560562355E-17,0.707106781187,-0.707106781187)
  );
#8476 = ADVANCED_FACE('',(#8477),#8495,.T.);
#8477 = FACE_BOUND('',#8478,.T.);
#8478 = EDGE_LOOP('',(#8479,#8480,#8481,#8489));
#8479 = ORIENTED_EDGE('',*,*,#8434,.F.);
#8480 = ORIENTED_EDGE('',*,*,#2442,.T.);
#8481 = ORIENTED_EDGE('',*,*,#8482,.T.);
#8482 = EDGE_CURVE('',#2435,#8483,#8485,.T.);
#8483 = VERTEX_POINT('',#8484);
#8484 = CARTESIAN_POINT('',(119.5,50.,-16.));
#8485 = LINE('',#8486,#8487);
#8486 = CARTESIAN_POINT('',(119.75,49.75,-16.));
#8487 = VECTOR('',#8488,1.);
#8488 = DIRECTION('',(-0.707106781187,0.707106781187,-6.33622433637E-15)
  );
#8489 = ORIENTED_EDGE('',*,*,#8490,.F.);
#8490 = EDGE_CURVE('',#8435,#8483,#8491,.T.);
#8491 = LINE('',#8492,#8493);
#8492 = CARTESIAN_POINT('',(119.5,51.,-15.));
#8493 = VECTOR('',#8494,1.);
#8494 = DIRECTION('',(-3.567033498505E-15,-0.707106781187,
    -0.707106781187));
#8495 = PLANE('',#8496);
#8496 = AXIS2_PLACEMENT_3D('',#8497,#8498,#8499);
#8497 = CARTESIAN_POINT('',(120.5,51.,-14.));
#8498 = DIRECTION('',(0.57735026919,0.57735026919,-0.57735026919));
#8499 = DIRECTION('',(1.421067568548E-16,-0.707106781187,-0.707106781187
    ));
#8500 = ADVANCED_FACE('',(#8501),#8512,.F.);
#8501 = FACE_BOUND('',#8502,.T.);
#8502 = EDGE_LOOP('',(#8503,#8504,#8505,#8506));
#8503 = ORIENTED_EDGE('',*,*,#8482,.F.);
#8504 = ORIENTED_EDGE('',*,*,#2434,.T.);
#8505 = ORIENTED_EDGE('',*,*,#8456,.T.);
#8506 = ORIENTED_EDGE('',*,*,#8507,.F.);
#8507 = EDGE_CURVE('',#8483,#8457,#8508,.T.);
#8508 = LINE('',#8509,#8510);
#8509 = CARTESIAN_POINT('',(119.5,50.,-15.));
#8510 = VECTOR('',#8511,1.);
#8511 = DIRECTION('',(1.224646799147E-16,0.,-1.));
#8512 = PLANE('',#8513);
#8513 = AXIS2_PLACEMENT_3D('',#8514,#8515,#8516);
#8514 = CARTESIAN_POINT('',(120.,49.5,-15.));
#8515 = DIRECTION('',(-0.707106781187,-0.707106781187,
    -8.659560562355E-17));
#8516 = DIRECTION('',(-1.224646799147E-16,-0.,1.));
#8517 = ADVANCED_FACE('',(#8518),#8543,.T.);
#8518 = FACE_BOUND('',#8519,.T.);
#8519 = EDGE_LOOP('',(#8520,#8528,#8536,#8542));
#8520 = ORIENTED_EDGE('',*,*,#8521,.T.);
#8521 = EDGE_CURVE('',#2467,#8522,#8524,.T.);
#8522 = VERTEX_POINT('',#8523);
#8523 = CARTESIAN_POINT('',(119.5,44.5,-15.));
#8524 = LINE('',#8525,#8526);
#8525 = CARTESIAN_POINT('',(120.25,44.5,-14.25));
#8526 = VECTOR('',#8527,1.);
#8527 = DIRECTION('',(-0.707106781187,-2.499851492299E-15,
    -0.707106781187));
#8528 = ORIENTED_EDGE('',*,*,#8529,.T.);
#8529 = EDGE_CURVE('',#8522,#8530,#8532,.T.);
#8530 = VERTEX_POINT('',#8531);
#8531 = CARTESIAN_POINT('',(119.5,45.5,-16.));
#8532 = LINE('',#8533,#8534);
#8533 = CARTESIAN_POINT('',(119.5,44.5,-15.));
#8534 = VECTOR('',#8535,1.);
#8535 = DIRECTION('',(-2.509404020994E-15,0.707106781187,-0.707106781187
    ));
#8536 = ORIENTED_EDGE('',*,*,#8537,.F.);
#8537 = EDGE_CURVE('',#2469,#8530,#8538,.T.);
#8538 = LINE('',#8539,#8540);
#8539 = CARTESIAN_POINT('',(119.75,45.75,-16.));
#8540 = VECTOR('',#8541,1.);
#8541 = DIRECTION('',(-0.707106781187,-0.707106781187,-5.18244672454E-15
    ));
#8542 = ORIENTED_EDGE('',*,*,#2466,.F.);
#8543 = PLANE('',#8544);
#8544 = AXIS2_PLACEMENT_3D('',#8545,#8546,#8547);
#8545 = CARTESIAN_POINT('',(120.1,45.3,-15.2));
#8546 = DIRECTION('',(0.57735026919,-0.57735026919,-0.57735026919));
#8547 = DIRECTION('',(0.707106781187,0.,0.707106781187));
#8548 = ADVANCED_FACE('',(#8549),#8567,.F.);
#8549 = FACE_BOUND('',#8550,.T.);
#8550 = EDGE_LOOP('',(#8551,#8552,#8553,#8561));
#8551 = ORIENTED_EDGE('',*,*,#8521,.F.);
#8552 = ORIENTED_EDGE('',*,*,#2524,.T.);
#8553 = ORIENTED_EDGE('',*,*,#8554,.T.);
#8554 = EDGE_CURVE('',#2517,#8555,#8557,.T.);
#8555 = VERTEX_POINT('',#8556);
#8556 = CARTESIAN_POINT('',(119.5,43.5,-15.));
#8557 = LINE('',#8558,#8559);
#8558 = CARTESIAN_POINT('',(120.25,43.5,-14.25));
#8559 = VECTOR('',#8560,1.);
#8560 = DIRECTION('',(-0.707106781187,2.595999626618E-15,-0.707106781187
    ));
#8561 = ORIENTED_EDGE('',*,*,#8562,.F.);
#8562 = EDGE_CURVE('',#8522,#8555,#8563,.T.);
#8563 = LINE('',#8564,#8565);
#8564 = CARTESIAN_POINT('',(119.5,45.5,-15.));
#8565 = VECTOR('',#8566,1.);
#8566 = DIRECTION('',(0.,-1.,-0.));
#8567 = PLANE('',#8568);
#8568 = AXIS2_PLACEMENT_3D('',#8569,#8570,#8571);
#8569 = CARTESIAN_POINT('',(120.,45.5,-14.5));
#8570 = DIRECTION('',(-0.707106781187,0.,0.707106781187));
#8571 = DIRECTION('',(0.,1.,0.));
#8572 = ADVANCED_FACE('',(#8573),#8591,.T.);
#8573 = FACE_BOUND('',#8574,.T.);
#8574 = EDGE_LOOP('',(#8575,#8576,#8577,#8585));
#8575 = ORIENTED_EDGE('',*,*,#8554,.F.);
#8576 = ORIENTED_EDGE('',*,*,#2516,.T.);
#8577 = ORIENTED_EDGE('',*,*,#8578,.T.);
#8578 = EDGE_CURVE('',#2509,#8579,#8581,.T.);
#8579 = VERTEX_POINT('',#8580);
#8580 = CARTESIAN_POINT('',(119.5,42.5,-16.));
#8581 = LINE('',#8582,#8583);
#8582 = CARTESIAN_POINT('',(119.75,42.25,-16.));
#8583 = VECTOR('',#8584,1.);
#8584 = DIRECTION('',(-0.707106781187,0.707106781187,-6.33622433637E-15)
  );
#8585 = ORIENTED_EDGE('',*,*,#8586,.F.);
#8586 = EDGE_CURVE('',#8555,#8579,#8587,.T.);
#8587 = LINE('',#8588,#8589);
#8588 = CARTESIAN_POINT('',(119.5,43.5,-15.));
#8589 = VECTOR('',#8590,1.);
#8590 = DIRECTION('',(-3.567033498505E-15,-0.707106781187,
    -0.707106781187));
#8591 = PLANE('',#8592);
#8592 = AXIS2_PLACEMENT_3D('',#8593,#8594,#8595);
#8593 = CARTESIAN_POINT('',(120.1,42.7,-15.2));
#8594 = DIRECTION('',(0.57735026919,0.57735026919,-0.57735026919));
#8595 = DIRECTION('',(0.707106781187,0.,0.707106781187));
#8596 = ADVANCED_FACE('',(#8597),#8615,.F.);
#8597 = FACE_BOUND('',#8598,.T.);
#8598 = EDGE_LOOP('',(#8599,#8600,#8601,#8609));
#8599 = ORIENTED_EDGE('',*,*,#8578,.F.);
#8600 = ORIENTED_EDGE('',*,*,#2508,.T.);
#8601 = ORIENTED_EDGE('',*,*,#8602,.T.);
#8602 = EDGE_CURVE('',#2501,#8603,#8605,.T.);
#8603 = VERTEX_POINT('',#8604);
#8604 = CARTESIAN_POINT('',(119.5,42.5,-34.));
#8605 = LINE('',#8606,#8607);
#8606 = CARTESIAN_POINT('',(120.25,41.75,-34.));
#8607 = VECTOR('',#8608,1.);
#8608 = DIRECTION('',(-0.707106781187,0.707106781187,-8.659560562355E-17
    ));
#8609 = ORIENTED_EDGE('',*,*,#8610,.F.);
#8610 = EDGE_CURVE('',#8579,#8603,#8611,.T.);
#8611 = LINE('',#8612,#8613);
#8612 = CARTESIAN_POINT('',(119.5,42.5,-15.));
#8613 = VECTOR('',#8614,1.);
#8614 = DIRECTION('',(1.224646799147E-16,0.,-1.));
#8615 = PLANE('',#8616);
#8616 = AXIS2_PLACEMENT_3D('',#8617,#8618,#8619);
#8617 = CARTESIAN_POINT('',(120.,42.,-15.));
#8618 = DIRECTION('',(-0.707106781187,-0.707106781187,
    -8.659560562355E-17));
#8619 = DIRECTION('',(-1.224646799147E-16,-0.,1.));
#8620 = ADVANCED_FACE('',(#8621),#8639,.T.);
#8621 = FACE_BOUND('',#8622,.T.);
#8622 = EDGE_LOOP('',(#8623,#8624,#8625,#8633));
#8623 = ORIENTED_EDGE('',*,*,#8602,.F.);
#8624 = ORIENTED_EDGE('',*,*,#2500,.T.);
#8625 = ORIENTED_EDGE('',*,*,#8626,.T.);
#8626 = EDGE_CURVE('',#2493,#8627,#8629,.T.);
#8627 = VERTEX_POINT('',#8628);
#8628 = CARTESIAN_POINT('',(119.5,43.5,-35.));
#8629 = LINE('',#8630,#8631);
#8630 = CARTESIAN_POINT('',(119.75,43.5,-35.25));
#8631 = VECTOR('',#8632,1.);
#8632 = DIRECTION('',(-0.707106781187,0.,0.707106781187));
#8633 = ORIENTED_EDGE('',*,*,#8634,.F.);
#8634 = EDGE_CURVE('',#8603,#8627,#8635,.T.);
#8635 = LINE('',#8636,#8637);
#8636 = CARTESIAN_POINT('',(119.5,42.5,-34.));
#8637 = VECTOR('',#8638,1.);
#8638 = DIRECTION('',(8.659560562355E-17,0.707106781187,-0.707106781187)
  );
#8639 = PLANE('',#8640);
#8640 = AXIS2_PLACEMENT_3D('',#8641,#8642,#8643);
#8641 = CARTESIAN_POINT('',(120.1,42.7,-34.8));
#8642 = DIRECTION('',(0.57735026919,0.57735026919,0.57735026919));
#8643 = DIRECTION('',(-1.143511812392E-16,-0.707106781187,0.707106781187
    ));
#8644 = ADVANCED_FACE('',(#8645),#8663,.F.);
#8645 = FACE_BOUND('',#8646,.T.);
#8646 = EDGE_LOOP('',(#8647,#8648,#8649,#8657));
#8647 = ORIENTED_EDGE('',*,*,#8626,.F.);
#8648 = ORIENTED_EDGE('',*,*,#2492,.T.);
#8649 = ORIENTED_EDGE('',*,*,#8650,.T.);
#8650 = EDGE_CURVE('',#2485,#8651,#8653,.T.);
#8651 = VERTEX_POINT('',#8652);
#8652 = CARTESIAN_POINT('',(119.5,44.5,-35.));
#8653 = LINE('',#8654,#8655);
#8654 = CARTESIAN_POINT('',(120.25,44.5,-35.75));
#8655 = VECTOR('',#8656,1.);
#8656 = DIRECTION('',(-0.707106781187,0.,0.707106781187));
#8657 = ORIENTED_EDGE('',*,*,#8658,.F.);
#8658 = EDGE_CURVE('',#8627,#8651,#8659,.T.);
#8659 = LINE('',#8660,#8661);
#8660 = CARTESIAN_POINT('',(119.5,42.5,-35.));
#8661 = VECTOR('',#8662,1.);
#8662 = DIRECTION('',(0.,1.,0.));
#8663 = PLANE('',#8664);
#8664 = AXIS2_PLACEMENT_3D('',#8665,#8666,#8667);
#8665 = CARTESIAN_POINT('',(120.,42.5,-35.5));
#8666 = DIRECTION('',(-0.707106781187,0.,-0.707106781187));
#8667 = DIRECTION('',(0.,-1.,0.));
#8668 = ADVANCED_FACE('',(#8669),#8687,.T.);
#8669 = FACE_BOUND('',#8670,.T.);
#8670 = EDGE_LOOP('',(#8671,#8672,#8673,#8681));
#8671 = ORIENTED_EDGE('',*,*,#8650,.F.);
#8672 = ORIENTED_EDGE('',*,*,#2484,.T.);
#8673 = ORIENTED_EDGE('',*,*,#8674,.T.);
#8674 = EDGE_CURVE('',#2477,#8675,#8677,.T.);
#8675 = VERTEX_POINT('',#8676);
#8676 = CARTESIAN_POINT('',(119.5,45.5,-34.));
#8677 = LINE('',#8678,#8679);
#8678 = CARTESIAN_POINT('',(119.75,45.75,-34.));
#8679 = VECTOR('',#8680,1.);
#8680 = DIRECTION('',(-0.707106781187,-0.707106781187,
    -8.659560562355E-17));
#8681 = ORIENTED_EDGE('',*,*,#8682,.F.);
#8682 = EDGE_CURVE('',#8651,#8675,#8683,.T.);
#8683 = LINE('',#8684,#8685);
#8684 = CARTESIAN_POINT('',(119.5,44.5,-35.));
#8685 = VECTOR('',#8686,1.);
#8686 = DIRECTION('',(-8.659560562355E-17,0.707106781187,0.707106781187)
  );
#8687 = PLANE('',#8688);
#8688 = AXIS2_PLACEMENT_3D('',#8689,#8690,#8691);
#8689 = CARTESIAN_POINT('',(120.1,45.3,-34.8));
#8690 = DIRECTION('',(0.57735026919,-0.57735026919,0.57735026919));
#8691 = DIRECTION('',(-0.707106781187,-0.707106781187,
    -5.884003000792E-17));
#8692 = ADVANCED_FACE('',(#8693),#8704,.F.);
#8693 = FACE_BOUND('',#8694,.T.);
#8694 = EDGE_LOOP('',(#8695,#8696,#8697,#8698));
#8695 = ORIENTED_EDGE('',*,*,#8674,.F.);
#8696 = ORIENTED_EDGE('',*,*,#2476,.T.);
#8697 = ORIENTED_EDGE('',*,*,#8537,.T.);
#8698 = ORIENTED_EDGE('',*,*,#8699,.F.);
#8699 = EDGE_CURVE('',#8675,#8530,#8700,.T.);
#8700 = LINE('',#8701,#8702);
#8701 = CARTESIAN_POINT('',(119.5,45.5,-35.));
#8702 = VECTOR('',#8703,1.);
#8703 = DIRECTION('',(-1.224646799147E-16,0.,1.));
#8704 = PLANE('',#8705);
#8705 = AXIS2_PLACEMENT_3D('',#8706,#8707,#8708);
#8706 = CARTESIAN_POINT('',(120.,46.,-35.));
#8707 = DIRECTION('',(-0.707106781187,0.707106781187,-8.659560562355E-17
    ));
#8708 = DIRECTION('',(1.224646799147E-16,0.,-1.));
#8709 = ADVANCED_FACE('',(#8710),#8735,.T.);
#8710 = FACE_BOUND('',#8711,.T.);
#8711 = EDGE_LOOP('',(#8712,#8720,#8728,#8734));
#8712 = ORIENTED_EDGE('',*,*,#8713,.T.);
#8713 = EDGE_CURVE('',#2533,#8714,#8716,.T.);
#8714 = VERTEX_POINT('',#8715);
#8715 = CARTESIAN_POINT('',(119.5,37.,-15.));
#8716 = LINE('',#8717,#8718);
#8717 = CARTESIAN_POINT('',(120.25,37.,-14.25));
#8718 = VECTOR('',#8719,1.);
#8719 = DIRECTION('',(-0.707106781187,-2.499851492299E-15,
    -0.707106781187));
#8720 = ORIENTED_EDGE('',*,*,#8721,.T.);
#8721 = EDGE_CURVE('',#8714,#8722,#8724,.T.);
#8722 = VERTEX_POINT('',#8723);
#8723 = CARTESIAN_POINT('',(119.5,38.,-16.));
#8724 = LINE('',#8725,#8726);
#8725 = CARTESIAN_POINT('',(119.5,37.,-15.));
#8726 = VECTOR('',#8727,1.);
#8727 = DIRECTION('',(-2.509404020994E-15,0.707106781187,-0.707106781187
    ));
#8728 = ORIENTED_EDGE('',*,*,#8729,.F.);
#8729 = EDGE_CURVE('',#2535,#8722,#8730,.T.);
#8730 = LINE('',#8731,#8732);
#8731 = CARTESIAN_POINT('',(119.75,38.25,-16.));
#8732 = VECTOR('',#8733,1.);
#8733 = DIRECTION('',(-0.707106781187,-0.707106781187,-5.18244672454E-15
    ));
#8734 = ORIENTED_EDGE('',*,*,#2532,.F.);
#8735 = PLANE('',#8736);
#8736 = AXIS2_PLACEMENT_3D('',#8737,#8738,#8739);
#8737 = CARTESIAN_POINT('',(120.1,37.8,-15.2));
#8738 = DIRECTION('',(0.57735026919,-0.57735026919,-0.57735026919));
#8739 = DIRECTION('',(0.707106781187,-2.775557561563E-17,0.707106781187)
  );
#8740 = ADVANCED_FACE('',(#8741),#8759,.F.);
#8741 = FACE_BOUND('',#8742,.T.);
#8742 = EDGE_LOOP('',(#8743,#8744,#8745,#8753));
#8743 = ORIENTED_EDGE('',*,*,#8713,.F.);
#8744 = ORIENTED_EDGE('',*,*,#2590,.T.);
#8745 = ORIENTED_EDGE('',*,*,#8746,.T.);
#8746 = EDGE_CURVE('',#2583,#8747,#8749,.T.);
#8747 = VERTEX_POINT('',#8748);
#8748 = CARTESIAN_POINT('',(119.5,36.,-15.));
#8749 = LINE('',#8750,#8751);
#8750 = CARTESIAN_POINT('',(120.25,36.,-14.25));
#8751 = VECTOR('',#8752,1.);
#8752 = DIRECTION('',(-0.707106781187,2.595999626618E-15,-0.707106781187
    ));
#8753 = ORIENTED_EDGE('',*,*,#8754,.F.);
#8754 = EDGE_CURVE('',#8714,#8747,#8755,.T.);
#8755 = LINE('',#8756,#8757);
#8756 = CARTESIAN_POINT('',(119.5,38.,-15.));
#8757 = VECTOR('',#8758,1.);
#8758 = DIRECTION('',(0.,-1.,-0.));
#8759 = PLANE('',#8760);
#8760 = AXIS2_PLACEMENT_3D('',#8761,#8762,#8763);
#8761 = CARTESIAN_POINT('',(120.,38.,-14.5));
#8762 = DIRECTION('',(-0.707106781187,0.,0.707106781187));
#8763 = DIRECTION('',(0.,1.,0.));
#8764 = ADVANCED_FACE('',(#8765),#8783,.T.);
#8765 = FACE_BOUND('',#8766,.T.);
#8766 = EDGE_LOOP('',(#8767,#8768,#8769,#8777));
#8767 = ORIENTED_EDGE('',*,*,#8746,.F.);
#8768 = ORIENTED_EDGE('',*,*,#2582,.T.);
#8769 = ORIENTED_EDGE('',*,*,#8770,.T.);
#8770 = EDGE_CURVE('',#2575,#8771,#8773,.T.);
#8771 = VERTEX_POINT('',#8772);
#8772 = CARTESIAN_POINT('',(119.5,35.,-16.));
#8773 = LINE('',#8774,#8775);
#8774 = CARTESIAN_POINT('',(119.75,34.75,-16.));
#8775 = VECTOR('',#8776,1.);
#8776 = DIRECTION('',(-0.707106781187,0.707106781187,-6.33622433637E-15)
  );
#8777 = ORIENTED_EDGE('',*,*,#8778,.F.);
#8778 = EDGE_CURVE('',#8747,#8771,#8779,.T.);
#8779 = LINE('',#8780,#8781);
#8780 = CARTESIAN_POINT('',(119.5,36.,-15.));
#8781 = VECTOR('',#8782,1.);
#8782 = DIRECTION('',(-3.567033498505E-15,-0.707106781187,
    -0.707106781187));
#8783 = PLANE('',#8784);
#8784 = AXIS2_PLACEMENT_3D('',#8785,#8786,#8787);
#8785 = CARTESIAN_POINT('',(120.1,35.2,-15.2));
#8786 = DIRECTION('',(0.57735026919,0.57735026919,-0.57735026919));
#8787 = DIRECTION('',(0.707106781187,2.775557561563E-17,0.707106781187)
  );
#8788 = ADVANCED_FACE('',(#8789),#8807,.F.);
#8789 = FACE_BOUND('',#8790,.T.);
#8790 = EDGE_LOOP('',(#8791,#8792,#8793,#8801));
#8791 = ORIENTED_EDGE('',*,*,#8770,.F.);
#8792 = ORIENTED_EDGE('',*,*,#2574,.T.);
#8793 = ORIENTED_EDGE('',*,*,#8794,.T.);
#8794 = EDGE_CURVE('',#2567,#8795,#8797,.T.);
#8795 = VERTEX_POINT('',#8796);
#8796 = CARTESIAN_POINT('',(119.5,35.,-34.));
#8797 = LINE('',#8798,#8799);
#8798 = CARTESIAN_POINT('',(120.25,34.25,-34.));
#8799 = VECTOR('',#8800,1.);
#8800 = DIRECTION('',(-0.707106781187,0.707106781187,-8.659560562355E-17
    ));
#8801 = ORIENTED_EDGE('',*,*,#8802,.F.);
#8802 = EDGE_CURVE('',#8771,#8795,#8803,.T.);
#8803 = LINE('',#8804,#8805);
#8804 = CARTESIAN_POINT('',(119.5,35.,-15.));
#8805 = VECTOR('',#8806,1.);
#8806 = DIRECTION('',(1.224646799147E-16,0.,-1.));
#8807 = PLANE('',#8808);
#8808 = AXIS2_PLACEMENT_3D('',#8809,#8810,#8811);
#8809 = CARTESIAN_POINT('',(120.,34.5,-15.));
#8810 = DIRECTION('',(-0.707106781187,-0.707106781187,
    -8.659560562355E-17));
#8811 = DIRECTION('',(-1.224646799147E-16,-0.,1.));
#8812 = ADVANCED_FACE('',(#8813),#8831,.T.);
#8813 = FACE_BOUND('',#8814,.T.);
#8814 = EDGE_LOOP('',(#8815,#8816,#8817,#8825));
#8815 = ORIENTED_EDGE('',*,*,#8794,.F.);
#8816 = ORIENTED_EDGE('',*,*,#2566,.T.);
#8817 = ORIENTED_EDGE('',*,*,#8818,.T.);
#8818 = EDGE_CURVE('',#2559,#8819,#8821,.T.);
#8819 = VERTEX_POINT('',#8820);
#8820 = CARTESIAN_POINT('',(119.5,36.,-35.));
#8821 = LINE('',#8822,#8823);
#8822 = CARTESIAN_POINT('',(119.75,36.,-35.25));
#8823 = VECTOR('',#8824,1.);
#8824 = DIRECTION('',(-0.707106781187,0.,0.707106781187));
#8825 = ORIENTED_EDGE('',*,*,#8826,.F.);
#8826 = EDGE_CURVE('',#8795,#8819,#8827,.T.);
#8827 = LINE('',#8828,#8829);
#8828 = CARTESIAN_POINT('',(119.5,35.,-34.));
#8829 = VECTOR('',#8830,1.);
#8830 = DIRECTION('',(8.659560562355E-17,0.707106781187,-0.707106781187)
  );
#8831 = PLANE('',#8832);
#8832 = AXIS2_PLACEMENT_3D('',#8833,#8834,#8835);
#8833 = CARTESIAN_POINT('',(120.1,35.2,-34.8));
#8834 = DIRECTION('',(0.57735026919,0.57735026919,0.57735026919));
#8835 = DIRECTION('',(-5.884003000792E-17,-0.707106781187,0.707106781187
    ));
#8836 = ADVANCED_FACE('',(#8837),#8855,.F.);
#8837 = FACE_BOUND('',#8838,.T.);
#8838 = EDGE_LOOP('',(#8839,#8840,#8841,#8849));
#8839 = ORIENTED_EDGE('',*,*,#8818,.F.);
#8840 = ORIENTED_EDGE('',*,*,#2558,.T.);
#8841 = ORIENTED_EDGE('',*,*,#8842,.T.);
#8842 = EDGE_CURVE('',#2551,#8843,#8845,.T.);
#8843 = VERTEX_POINT('',#8844);
#8844 = CARTESIAN_POINT('',(119.5,37.,-35.));
#8845 = LINE('',#8846,#8847);
#8846 = CARTESIAN_POINT('',(120.25,37.,-35.75));
#8847 = VECTOR('',#8848,1.);
#8848 = DIRECTION('',(-0.707106781187,0.,0.707106781187));
#8849 = ORIENTED_EDGE('',*,*,#8850,.F.);
#8850 = EDGE_CURVE('',#8819,#8843,#8851,.T.);
#8851 = LINE('',#8852,#8853);
#8852 = CARTESIAN_POINT('',(119.5,35.,-35.));
#8853 = VECTOR('',#8854,1.);
#8854 = DIRECTION('',(0.,1.,0.));
#8855 = PLANE('',#8856);
#8856 = AXIS2_PLACEMENT_3D('',#8857,#8858,#8859);
#8857 = CARTESIAN_POINT('',(120.,35.,-35.5));
#8858 = DIRECTION('',(-0.707106781187,0.,-0.707106781187));
#8859 = DIRECTION('',(0.,-1.,0.));
#8860 = ADVANCED_FACE('',(#8861),#8879,.T.);
#8861 = FACE_BOUND('',#8862,.T.);
#8862 = EDGE_LOOP('',(#8863,#8864,#8865,#8873));
#8863 = ORIENTED_EDGE('',*,*,#8842,.F.);
#8864 = ORIENTED_EDGE('',*,*,#2550,.T.);
#8865 = ORIENTED_EDGE('',*,*,#8866,.T.);
#8866 = EDGE_CURVE('',#2543,#8867,#8869,.T.);
#8867 = VERTEX_POINT('',#8868);
#8868 = CARTESIAN_POINT('',(119.5,38.,-34.));
#8869 = LINE('',#8870,#8871);
#8870 = CARTESIAN_POINT('',(119.75,38.25,-34.));
#8871 = VECTOR('',#8872,1.);
#8872 = DIRECTION('',(-0.707106781187,-0.707106781187,
    -8.659560562355E-17));
#8873 = ORIENTED_EDGE('',*,*,#8874,.F.);
#8874 = EDGE_CURVE('',#8843,#8867,#8875,.T.);
#8875 = LINE('',#8876,#8877);
#8876 = CARTESIAN_POINT('',(119.5,37.,-35.));
#8877 = VECTOR('',#8878,1.);
#8878 = DIRECTION('',(-8.659560562355E-17,0.707106781187,0.707106781187)
  );
#8879 = PLANE('',#8880);
#8880 = AXIS2_PLACEMENT_3D('',#8881,#8882,#8883);
#8881 = CARTESIAN_POINT('',(120.1,37.8,-34.8));
#8882 = DIRECTION('',(0.57735026919,-0.57735026919,0.57735026919));
#8883 = DIRECTION('',(-0.707106781187,-0.707106781187,
    -5.884003000792E-17));
#8884 = ADVANCED_FACE('',(#8885),#8896,.F.);
#8885 = FACE_BOUND('',#8886,.T.);
#8886 = EDGE_LOOP('',(#8887,#8888,#8889,#8890));
#8887 = ORIENTED_EDGE('',*,*,#8866,.F.);
#8888 = ORIENTED_EDGE('',*,*,#2542,.T.);
#8889 = ORIENTED_EDGE('',*,*,#8729,.T.);
#8890 = ORIENTED_EDGE('',*,*,#8891,.F.);
#8891 = EDGE_CURVE('',#8867,#8722,#8892,.T.);
#8892 = LINE('',#8893,#8894);
#8893 = CARTESIAN_POINT('',(119.5,38.,-35.));
#8894 = VECTOR('',#8895,1.);
#8895 = DIRECTION('',(-1.224646799147E-16,0.,1.));
#8896 = PLANE('',#8897);
#8897 = AXIS2_PLACEMENT_3D('',#8898,#8899,#8900);
#8898 = CARTESIAN_POINT('',(120.,38.5,-35.));
#8899 = DIRECTION('',(-0.707106781187,0.707106781187,-8.659560562355E-17
    ));
#8900 = DIRECTION('',(1.224646799147E-16,0.,-1.));
#8901 = ADVANCED_FACE('',(#8902),#8927,.T.);
#8902 = FACE_BOUND('',#8903,.T.);
#8903 = EDGE_LOOP('',(#8904,#8912,#8920,#8926));
#8904 = ORIENTED_EDGE('',*,*,#8905,.T.);
#8905 = EDGE_CURVE('',#2599,#8906,#8908,.T.);
#8906 = VERTEX_POINT('',#8907);
#8907 = CARTESIAN_POINT('',(119.5,29.5,-15.));
#8908 = LINE('',#8909,#8910);
#8909 = CARTESIAN_POINT('',(120.25,29.5,-14.25));
#8910 = VECTOR('',#8911,1.);
#8911 = DIRECTION('',(-0.707106781187,-2.499851492299E-15,
    -0.707106781187));
#8912 = ORIENTED_EDGE('',*,*,#8913,.T.);
#8913 = EDGE_CURVE('',#8906,#8914,#8916,.T.);
#8914 = VERTEX_POINT('',#8915);
#8915 = CARTESIAN_POINT('',(119.5,30.5,-16.));
#8916 = LINE('',#8917,#8918);
#8917 = CARTESIAN_POINT('',(119.5,29.5,-15.));
#8918 = VECTOR('',#8919,1.);
#8919 = DIRECTION('',(-2.509404020994E-15,0.707106781187,-0.707106781187
    ));
#8920 = ORIENTED_EDGE('',*,*,#8921,.F.);
#8921 = EDGE_CURVE('',#2601,#8914,#8922,.T.);
#8922 = LINE('',#8923,#8924);
#8923 = CARTESIAN_POINT('',(119.75,30.75,-16.));
#8924 = VECTOR('',#8925,1.);
#8925 = DIRECTION('',(-0.707106781187,-0.707106781187,-5.18244672454E-15
    ));
#8926 = ORIENTED_EDGE('',*,*,#2598,.F.);
#8927 = PLANE('',#8928);
#8928 = AXIS2_PLACEMENT_3D('',#8929,#8930,#8931);
#8929 = CARTESIAN_POINT('',(120.1,30.3,-15.2));
#8930 = DIRECTION('',(0.57735026919,-0.57735026919,-0.57735026919));
#8931 = DIRECTION('',(0.707106781187,2.775557561563E-17,0.707106781187)
  );
#8932 = ADVANCED_FACE('',(#8933),#8951,.F.);
#8933 = FACE_BOUND('',#8934,.T.);
#8934 = EDGE_LOOP('',(#8935,#8936,#8937,#8945));
#8935 = ORIENTED_EDGE('',*,*,#8905,.F.);
#8936 = ORIENTED_EDGE('',*,*,#2656,.T.);
#8937 = ORIENTED_EDGE('',*,*,#8938,.T.);
#8938 = EDGE_CURVE('',#2649,#8939,#8941,.T.);
#8939 = VERTEX_POINT('',#8940);
#8940 = CARTESIAN_POINT('',(119.5,28.5,-15.));
#8941 = LINE('',#8942,#8943);
#8942 = CARTESIAN_POINT('',(120.25,28.5,-14.25));
#8943 = VECTOR('',#8944,1.);
#8944 = DIRECTION('',(-0.707106781187,2.595999626618E-15,-0.707106781187
    ));
#8945 = ORIENTED_EDGE('',*,*,#8946,.F.);
#8946 = EDGE_CURVE('',#8906,#8939,#8947,.T.);
#8947 = LINE('',#8948,#8949);
#8948 = CARTESIAN_POINT('',(119.5,30.5,-15.));
#8949 = VECTOR('',#8950,1.);
#8950 = DIRECTION('',(0.,-1.,-0.));
#8951 = PLANE('',#8952);
#8952 = AXIS2_PLACEMENT_3D('',#8953,#8954,#8955);
#8953 = CARTESIAN_POINT('',(120.,30.5,-14.5));
#8954 = DIRECTION('',(-0.707106781187,0.,0.707106781187));
#8955 = DIRECTION('',(0.,1.,0.));
#8956 = ADVANCED_FACE('',(#8957),#8975,.T.);
#8957 = FACE_BOUND('',#8958,.T.);
#8958 = EDGE_LOOP('',(#8959,#8960,#8961,#8969));
#8959 = ORIENTED_EDGE('',*,*,#8938,.F.);
#8960 = ORIENTED_EDGE('',*,*,#2648,.T.);
#8961 = ORIENTED_EDGE('',*,*,#8962,.T.);
#8962 = EDGE_CURVE('',#2641,#8963,#8965,.T.);
#8963 = VERTEX_POINT('',#8964);
#8964 = CARTESIAN_POINT('',(119.5,27.5,-16.));
#8965 = LINE('',#8966,#8967);
#8966 = CARTESIAN_POINT('',(119.75,27.25,-16.));
#8967 = VECTOR('',#8968,1.);
#8968 = DIRECTION('',(-0.707106781187,0.707106781187,-6.33622433637E-15)
  );
#8969 = ORIENTED_EDGE('',*,*,#8970,.F.);
#8970 = EDGE_CURVE('',#8939,#8963,#8971,.T.);
#8971 = LINE('',#8972,#8973);
#8972 = CARTESIAN_POINT('',(119.5,28.5,-15.));
#8973 = VECTOR('',#8974,1.);
#8974 = DIRECTION('',(-3.567033498505E-15,-0.707106781187,
    -0.707106781187));
#8975 = PLANE('',#8976);
#8976 = AXIS2_PLACEMENT_3D('',#8977,#8978,#8979);
#8977 = CARTESIAN_POINT('',(120.1,27.7,-15.2));
#8978 = DIRECTION('',(0.57735026919,0.57735026919,-0.57735026919));
#8979 = DIRECTION('',(0.707106781187,2.775557561563E-17,0.707106781187)
  );
#8980 = ADVANCED_FACE('',(#8981),#8999,.F.);
#8981 = FACE_BOUND('',#8982,.T.);
#8982 = EDGE_LOOP('',(#8983,#8984,#8985,#8993));
#8983 = ORIENTED_EDGE('',*,*,#8962,.F.);
#8984 = ORIENTED_EDGE('',*,*,#2640,.T.);
#8985 = ORIENTED_EDGE('',*,*,#8986,.T.);
#8986 = EDGE_CURVE('',#2633,#8987,#8989,.T.);
#8987 = VERTEX_POINT('',#8988);
#8988 = CARTESIAN_POINT('',(119.5,27.5,-34.));
#8989 = LINE('',#8990,#8991);
#8990 = CARTESIAN_POINT('',(120.25,26.75,-34.));
#8991 = VECTOR('',#8992,1.);
#8992 = DIRECTION('',(-0.707106781187,0.707106781187,-8.659560562355E-17
    ));
#8993 = ORIENTED_EDGE('',*,*,#8994,.F.);
#8994 = EDGE_CURVE('',#8963,#8987,#8995,.T.);
#8995 = LINE('',#8996,#8997);
#8996 = CARTESIAN_POINT('',(119.5,27.5,-15.));
#8997 = VECTOR('',#8998,1.);
#8998 = DIRECTION('',(1.224646799147E-16,0.,-1.));
#8999 = PLANE('',#9000);
#9000 = AXIS2_PLACEMENT_3D('',#9001,#9002,#9003);
#9001 = CARTESIAN_POINT('',(120.,27.,-15.));
#9002 = DIRECTION('',(-0.707106781187,-0.707106781187,
    -8.659560562355E-17));
#9003 = DIRECTION('',(-1.224646799147E-16,-0.,1.));
#9004 = ADVANCED_FACE('',(#9005),#9023,.T.);
#9005 = FACE_BOUND('',#9006,.T.);
#9006 = EDGE_LOOP('',(#9007,#9008,#9009,#9017));
#9007 = ORIENTED_EDGE('',*,*,#8986,.F.);
#9008 = ORIENTED_EDGE('',*,*,#2632,.T.);
#9009 = ORIENTED_EDGE('',*,*,#9010,.T.);
#9010 = EDGE_CURVE('',#2625,#9011,#9013,.T.);
#9011 = VERTEX_POINT('',#9012);
#9012 = CARTESIAN_POINT('',(119.5,28.5,-35.));
#9013 = LINE('',#9014,#9015);
#9014 = CARTESIAN_POINT('',(119.75,28.5,-35.25));
#9015 = VECTOR('',#9016,1.);
#9016 = DIRECTION('',(-0.707106781187,0.,0.707106781187));
#9017 = ORIENTED_EDGE('',*,*,#9018,.F.);
#9018 = EDGE_CURVE('',#8987,#9011,#9019,.T.);
#9019 = LINE('',#9020,#9021);
#9020 = CARTESIAN_POINT('',(119.5,27.5,-34.));
#9021 = VECTOR('',#9022,1.);
#9022 = DIRECTION('',(8.659560562355E-17,0.707106781187,-0.707106781187)
  );
#9023 = PLANE('',#9024);
#9024 = AXIS2_PLACEMENT_3D('',#9025,#9026,#9027);
#9025 = CARTESIAN_POINT('',(120.1,27.7,-34.8));
#9026 = DIRECTION('',(0.57735026919,0.57735026919,0.57735026919));
#9027 = DIRECTION('',(-1.143511812392E-16,-0.707106781187,0.707106781187
    ));
#9028 = ADVANCED_FACE('',(#9029),#9047,.F.);
#9029 = FACE_BOUND('',#9030,.T.);
#9030 = EDGE_LOOP('',(#9031,#9032,#9033,#9041));
#9031 = ORIENTED_EDGE('',*,*,#9010,.F.);
#9032 = ORIENTED_EDGE('',*,*,#2624,.T.);
#9033 = ORIENTED_EDGE('',*,*,#9034,.T.);
#9034 = EDGE_CURVE('',#2617,#9035,#9037,.T.);
#9035 = VERTEX_POINT('',#9036);
#9036 = CARTESIAN_POINT('',(119.5,29.5,-35.));
#9037 = LINE('',#9038,#9039);
#9038 = CARTESIAN_POINT('',(120.25,29.5,-35.75));
#9039 = VECTOR('',#9040,1.);
#9040 = DIRECTION('',(-0.707106781187,0.,0.707106781187));
#9041 = ORIENTED_EDGE('',*,*,#9042,.F.);
#9042 = EDGE_CURVE('',#9011,#9035,#9043,.T.);
#9043 = LINE('',#9044,#9045);
#9044 = CARTESIAN_POINT('',(119.5,27.5,-35.));
#9045 = VECTOR('',#9046,1.);
#9046 = DIRECTION('',(0.,1.,0.));
#9047 = PLANE('',#9048);
#9048 = AXIS2_PLACEMENT_3D('',#9049,#9050,#9051);
#9049 = CARTESIAN_POINT('',(120.,27.5,-35.5));
#9050 = DIRECTION('',(-0.707106781187,0.,-0.707106781187));
#9051 = DIRECTION('',(0.,-1.,0.));
#9052 = ADVANCED_FACE('',(#9053),#9071,.T.);
#9053 = FACE_BOUND('',#9054,.T.);
#9054 = EDGE_LOOP('',(#9055,#9056,#9057,#9065));
#9055 = ORIENTED_EDGE('',*,*,#9034,.F.);
#9056 = ORIENTED_EDGE('',*,*,#2616,.T.);
#9057 = ORIENTED_EDGE('',*,*,#9058,.T.);
#9058 = EDGE_CURVE('',#2609,#9059,#9061,.T.);
#9059 = VERTEX_POINT('',#9060);
#9060 = CARTESIAN_POINT('',(119.5,30.5,-34.));
#9061 = LINE('',#9062,#9063);
#9062 = CARTESIAN_POINT('',(119.75,30.75,-34.));
#9063 = VECTOR('',#9064,1.);
#9064 = DIRECTION('',(-0.707106781187,-0.707106781187,
    -8.659560562355E-17));
#9065 = ORIENTED_EDGE('',*,*,#9066,.F.);
#9066 = EDGE_CURVE('',#9035,#9059,#9067,.T.);
#9067 = LINE('',#9068,#9069);
#9068 = CARTESIAN_POINT('',(119.5,29.5,-35.));
#9069 = VECTOR('',#9070,1.);
#9070 = DIRECTION('',(-8.659560562355E-17,0.707106781187,0.707106781187)
  );
#9071 = PLANE('',#9072);
#9072 = AXIS2_PLACEMENT_3D('',#9073,#9074,#9075);
#9073 = CARTESIAN_POINT('',(120.1,30.3,-34.8));
#9074 = DIRECTION('',(0.57735026919,-0.57735026919,0.57735026919));
#9075 = DIRECTION('',(-0.707106781187,-0.707106781187,
    -5.884003000792E-17));
#9076 = ADVANCED_FACE('',(#9077),#9088,.F.);
#9077 = FACE_BOUND('',#9078,.T.);
#9078 = EDGE_LOOP('',(#9079,#9080,#9081,#9082));
#9079 = ORIENTED_EDGE('',*,*,#9058,.F.);
#9080 = ORIENTED_EDGE('',*,*,#2608,.T.);
#9081 = ORIENTED_EDGE('',*,*,#8921,.T.);
#9082 = ORIENTED_EDGE('',*,*,#9083,.F.);
#9083 = EDGE_CURVE('',#9059,#8914,#9084,.T.);
#9084 = LINE('',#9085,#9086);
#9085 = CARTESIAN_POINT('',(119.5,30.5,-35.));
#9086 = VECTOR('',#9087,1.);
#9087 = DIRECTION('',(-1.224646799147E-16,0.,1.));
#9088 = PLANE('',#9089);
#9089 = AXIS2_PLACEMENT_3D('',#9090,#9091,#9092);
#9090 = CARTESIAN_POINT('',(120.,31.,-35.));
#9091 = DIRECTION('',(-0.707106781187,0.707106781187,-8.659560562355E-17
    ));
#9092 = DIRECTION('',(1.224646799147E-16,0.,-1.));
#9093 = ADVANCED_FACE('',(#9094),#9119,.T.);
#9094 = FACE_BOUND('',#9095,.T.);
#9095 = EDGE_LOOP('',(#9096,#9104,#9112,#9118));
#9096 = ORIENTED_EDGE('',*,*,#9097,.T.);
#9097 = EDGE_CURVE('',#2665,#9098,#9100,.T.);
#9098 = VERTEX_POINT('',#9099);
#9099 = CARTESIAN_POINT('',(119.5,22.,-15.));
#9100 = LINE('',#9101,#9102);
#9101 = CARTESIAN_POINT('',(120.25,22.,-14.25));
#9102 = VECTOR('',#9103,1.);
#9103 = DIRECTION('',(-0.707106781187,-2.499851492299E-15,
    -0.707106781187));
#9104 = ORIENTED_EDGE('',*,*,#9105,.T.);
#9105 = EDGE_CURVE('',#9098,#9106,#9108,.T.);
#9106 = VERTEX_POINT('',#9107);
#9107 = CARTESIAN_POINT('',(119.5,23.,-16.));
#9108 = LINE('',#9109,#9110);
#9109 = CARTESIAN_POINT('',(119.5,22.,-15.));
#9110 = VECTOR('',#9111,1.);
#9111 = DIRECTION('',(-2.509404020994E-15,0.707106781187,-0.707106781187
    ));
#9112 = ORIENTED_EDGE('',*,*,#9113,.F.);
#9113 = EDGE_CURVE('',#2667,#9106,#9114,.T.);
#9114 = LINE('',#9115,#9116);
#9115 = CARTESIAN_POINT('',(119.75,23.25,-16.));
#9116 = VECTOR('',#9117,1.);
#9117 = DIRECTION('',(-0.707106781187,-0.707106781187,-5.18244672454E-15
    ));
#9118 = ORIENTED_EDGE('',*,*,#2664,.F.);
#9119 = PLANE('',#9120);
#9120 = AXIS2_PLACEMENT_3D('',#9121,#9122,#9123);
#9121 = CARTESIAN_POINT('',(120.1,22.8,-15.2));
#9122 = DIRECTION('',(0.57735026919,-0.57735026919,-0.57735026919));
#9123 = DIRECTION('',(0.707106781187,0.,0.707106781187));
#9124 = ADVANCED_FACE('',(#9125),#9143,.F.);
#9125 = FACE_BOUND('',#9126,.T.);
#9126 = EDGE_LOOP('',(#9127,#9128,#9129,#9137));
#9127 = ORIENTED_EDGE('',*,*,#9097,.F.);
#9128 = ORIENTED_EDGE('',*,*,#2722,.T.);
#9129 = ORIENTED_EDGE('',*,*,#9130,.T.);
#9130 = EDGE_CURVE('',#2715,#9131,#9133,.T.);
#9131 = VERTEX_POINT('',#9132);
#9132 = CARTESIAN_POINT('',(119.5,21.,-15.));
#9133 = LINE('',#9134,#9135);
#9134 = CARTESIAN_POINT('',(120.25,21.,-14.25));
#9135 = VECTOR('',#9136,1.);
#9136 = DIRECTION('',(-0.707106781187,2.595999626618E-15,-0.707106781187
    ));
#9137 = ORIENTED_EDGE('',*,*,#9138,.F.);
#9138 = EDGE_CURVE('',#9098,#9131,#9139,.T.);
#9139 = LINE('',#9140,#9141);
#9140 = CARTESIAN_POINT('',(119.5,23.,-15.));
#9141 = VECTOR('',#9142,1.);
#9142 = DIRECTION('',(0.,-1.,-0.));
#9143 = PLANE('',#9144);
#9144 = AXIS2_PLACEMENT_3D('',#9145,#9146,#9147);
#9145 = CARTESIAN_POINT('',(120.,23.,-14.5));
#9146 = DIRECTION('',(-0.707106781187,0.,0.707106781187));
#9147 = DIRECTION('',(0.,1.,0.));
#9148 = ADVANCED_FACE('',(#9149),#9167,.T.);
#9149 = FACE_BOUND('',#9150,.T.);
#9150 = EDGE_LOOP('',(#9151,#9152,#9153,#9161));
#9151 = ORIENTED_EDGE('',*,*,#9130,.F.);
#9152 = ORIENTED_EDGE('',*,*,#2714,.T.);
#9153 = ORIENTED_EDGE('',*,*,#9154,.T.);
#9154 = EDGE_CURVE('',#2707,#9155,#9157,.T.);
#9155 = VERTEX_POINT('',#9156);
#9156 = CARTESIAN_POINT('',(119.5,20.,-16.));
#9157 = LINE('',#9158,#9159);
#9158 = CARTESIAN_POINT('',(119.75,19.75,-16.));
#9159 = VECTOR('',#9160,1.);
#9160 = DIRECTION('',(-0.707106781187,0.707106781187,-6.33622433637E-15)
  );
#9161 = ORIENTED_EDGE('',*,*,#9162,.F.);
#9162 = EDGE_CURVE('',#9131,#9155,#9163,.T.);
#9163 = LINE('',#9164,#9165);
#9164 = CARTESIAN_POINT('',(119.5,21.,-15.));
#9165 = VECTOR('',#9166,1.);
#9166 = DIRECTION('',(-3.567033498505E-15,-0.707106781187,
    -0.707106781187));
#9167 = PLANE('',#9168);
#9168 = AXIS2_PLACEMENT_3D('',#9169,#9170,#9171);
#9169 = CARTESIAN_POINT('',(120.1,20.2,-15.2));
#9170 = DIRECTION('',(0.57735026919,0.57735026919,-0.57735026919));
#9171 = DIRECTION('',(0.707106781187,0.,0.707106781187));
#9172 = ADVANCED_FACE('',(#9173),#9191,.F.);
#9173 = FACE_BOUND('',#9174,.T.);
#9174 = EDGE_LOOP('',(#9175,#9176,#9177,#9185));
#9175 = ORIENTED_EDGE('',*,*,#9154,.F.);
#9176 = ORIENTED_EDGE('',*,*,#2706,.T.);
#9177 = ORIENTED_EDGE('',*,*,#9178,.T.);
#9178 = EDGE_CURVE('',#2699,#9179,#9181,.T.);
#9179 = VERTEX_POINT('',#9180);
#9180 = CARTESIAN_POINT('',(119.5,20.,-34.));
#9181 = LINE('',#9182,#9183);
#9182 = CARTESIAN_POINT('',(120.25,19.25,-34.));
#9183 = VECTOR('',#9184,1.);
#9184 = DIRECTION('',(-0.707106781187,0.707106781187,-8.659560562355E-17
    ));
#9185 = ORIENTED_EDGE('',*,*,#9186,.F.);
#9186 = EDGE_CURVE('',#9155,#9179,#9187,.T.);
#9187 = LINE('',#9188,#9189);
#9188 = CARTESIAN_POINT('',(119.5,20.,-15.));
#9189 = VECTOR('',#9190,1.);
#9190 = DIRECTION('',(1.224646799147E-16,0.,-1.));
#9191 = PLANE('',#9192);
#9192 = AXIS2_PLACEMENT_3D('',#9193,#9194,#9195);
#9193 = CARTESIAN_POINT('',(120.,19.5,-15.));
#9194 = DIRECTION('',(-0.707106781187,-0.707106781187,
    -8.659560562355E-17));
#9195 = DIRECTION('',(-1.224646799147E-16,-0.,1.));
#9196 = ADVANCED_FACE('',(#9197),#9215,.T.);
#9197 = FACE_BOUND('',#9198,.T.);
#9198 = EDGE_LOOP('',(#9199,#9200,#9201,#9209));
#9199 = ORIENTED_EDGE('',*,*,#9178,.F.);
#9200 = ORIENTED_EDGE('',*,*,#2698,.T.);
#9201 = ORIENTED_EDGE('',*,*,#9202,.T.);
#9202 = EDGE_CURVE('',#2691,#9203,#9205,.T.);
#9203 = VERTEX_POINT('',#9204);
#9204 = CARTESIAN_POINT('',(119.5,21.,-35.));
#9205 = LINE('',#9206,#9207);
#9206 = CARTESIAN_POINT('',(119.75,21.,-35.25));
#9207 = VECTOR('',#9208,1.);
#9208 = DIRECTION('',(-0.707106781187,0.,0.707106781187));
#9209 = ORIENTED_EDGE('',*,*,#9210,.F.);
#9210 = EDGE_CURVE('',#9179,#9203,#9211,.T.);
#9211 = LINE('',#9212,#9213);
#9212 = CARTESIAN_POINT('',(119.5,20.,-34.));
#9213 = VECTOR('',#9214,1.);
#9214 = DIRECTION('',(8.659560562355E-17,0.707106781187,-0.707106781187)
  );
#9215 = PLANE('',#9216);
#9216 = AXIS2_PLACEMENT_3D('',#9217,#9218,#9219);
#9217 = CARTESIAN_POINT('',(120.1,20.2,-34.8));
#9218 = DIRECTION('',(0.57735026919,0.57735026919,0.57735026919));
#9219 = DIRECTION('',(-5.884003000792E-17,-0.707106781187,0.707106781187
    ));
#9220 = ADVANCED_FACE('',(#9221),#9239,.F.);
#9221 = FACE_BOUND('',#9222,.T.);
#9222 = EDGE_LOOP('',(#9223,#9224,#9225,#9233));
#9223 = ORIENTED_EDGE('',*,*,#9202,.F.);
#9224 = ORIENTED_EDGE('',*,*,#2690,.T.);
#9225 = ORIENTED_EDGE('',*,*,#9226,.T.);
#9226 = EDGE_CURVE('',#2683,#9227,#9229,.T.);
#9227 = VERTEX_POINT('',#9228);
#9228 = CARTESIAN_POINT('',(119.5,22.,-35.));
#9229 = LINE('',#9230,#9231);
#9230 = CARTESIAN_POINT('',(120.25,22.,-35.75));
#9231 = VECTOR('',#9232,1.);
#9232 = DIRECTION('',(-0.707106781187,0.,0.707106781187));
#9233 = ORIENTED_EDGE('',*,*,#9234,.F.);
#9234 = EDGE_CURVE('',#9203,#9227,#9235,.T.);
#9235 = LINE('',#9236,#9237);
#9236 = CARTESIAN_POINT('',(119.5,20.,-35.));
#9237 = VECTOR('',#9238,1.);
#9238 = DIRECTION('',(0.,1.,0.));
#9239 = PLANE('',#9240);
#9240 = AXIS2_PLACEMENT_3D('',#9241,#9242,#9243);
#9241 = CARTESIAN_POINT('',(120.,20.,-35.5));
#9242 = DIRECTION('',(-0.707106781187,0.,-0.707106781187));
#9243 = DIRECTION('',(0.,-1.,0.));
#9244 = ADVANCED_FACE('',(#9245),#9263,.T.);
#9245 = FACE_BOUND('',#9246,.T.);
#9246 = EDGE_LOOP('',(#9247,#9248,#9249,#9257));
#9247 = ORIENTED_EDGE('',*,*,#9226,.F.);
#9248 = ORIENTED_EDGE('',*,*,#2682,.T.);
#9249 = ORIENTED_EDGE('',*,*,#9250,.T.);
#9250 = EDGE_CURVE('',#2675,#9251,#9253,.T.);
#9251 = VERTEX_POINT('',#9252);
#9252 = CARTESIAN_POINT('',(119.5,23.,-34.));
#9253 = LINE('',#9254,#9255);
#9254 = CARTESIAN_POINT('',(119.75,23.25,-34.));
#9255 = VECTOR('',#9256,1.);
#9256 = DIRECTION('',(-0.707106781187,-0.707106781187,
    -8.659560562355E-17));
#9257 = ORIENTED_EDGE('',*,*,#9258,.F.);
#9258 = EDGE_CURVE('',#9227,#9251,#9259,.T.);
#9259 = LINE('',#9260,#9261);
#9260 = CARTESIAN_POINT('',(119.5,22.,-35.));
#9261 = VECTOR('',#9262,1.);
#9262 = DIRECTION('',(-8.659560562355E-17,0.707106781187,0.707106781187)
  );
#9263 = PLANE('',#9264);
#9264 = AXIS2_PLACEMENT_3D('',#9265,#9266,#9267);
#9265 = CARTESIAN_POINT('',(120.1,22.8,-34.8));
#9266 = DIRECTION('',(0.57735026919,-0.57735026919,0.57735026919));
#9267 = DIRECTION('',(-0.707106781187,-0.707106781187,
    -8.659560562355E-17));
#9268 = ADVANCED_FACE('',(#9269),#9280,.F.);
#9269 = FACE_BOUND('',#9270,.T.);
#9270 = EDGE_LOOP('',(#9271,#9272,#9273,#9274));
#9271 = ORIENTED_EDGE('',*,*,#9250,.F.);
#9272 = ORIENTED_EDGE('',*,*,#2674,.T.);
#9273 = ORIENTED_EDGE('',*,*,#9113,.T.);
#9274 = ORIENTED_EDGE('',*,*,#9275,.F.);
#9275 = EDGE_CURVE('',#9251,#9106,#9276,.T.);
#9276 = LINE('',#9277,#9278);
#9277 = CARTESIAN_POINT('',(119.5,23.,-35.));
#9278 = VECTOR('',#9279,1.);
#9279 = DIRECTION('',(-1.224646799147E-16,0.,1.));
#9280 = PLANE('',#9281);
#9281 = AXIS2_PLACEMENT_3D('',#9282,#9283,#9284);
#9282 = CARTESIAN_POINT('',(120.,23.5,-35.));
#9283 = DIRECTION('',(-0.707106781187,0.707106781187,-8.659560562355E-17
    ));
#9284 = DIRECTION('',(1.224646799147E-16,0.,-1.));
#9285 = ADVANCED_FACE('',(#9286),#9311,.F.);
#9286 = FACE_BOUND('',#9287,.T.);
#9287 = EDGE_LOOP('',(#9288,#9296,#9297,#9305));
#9288 = ORIENTED_EDGE('',*,*,#9289,.F.);
#9289 = EDGE_CURVE('',#2731,#9290,#9292,.T.);
#9290 = VERTEX_POINT('',#9291);
#9291 = CARTESIAN_POINT('',(119.5,-23.,-16.));
#9292 = LINE('',#9293,#9294);
#9293 = CARTESIAN_POINT('',(119.75,-23.25,-16.));
#9294 = VECTOR('',#9295,1.);
#9295 = DIRECTION('',(-0.707106781187,0.707106781187,-6.33622433637E-15)
  );
#9296 = ORIENTED_EDGE('',*,*,#2730,.T.);
#9297 = ORIENTED_EDGE('',*,*,#9298,.T.);
#9298 = EDGE_CURVE('',#2733,#9299,#9301,.T.);
#9299 = VERTEX_POINT('',#9300);
#9300 = CARTESIAN_POINT('',(119.5,-23.,-34.));
#9301 = LINE('',#9302,#9303);
#9302 = CARTESIAN_POINT('',(119.75,-23.25,-34.));
#9303 = VECTOR('',#9304,1.);
#9304 = DIRECTION('',(-0.707106781187,0.707106781187,-8.659560562355E-17
    ));
#9305 = ORIENTED_EDGE('',*,*,#9306,.F.);
#9306 = EDGE_CURVE('',#9290,#9299,#9307,.T.);
#9307 = LINE('',#9308,#9309);
#9308 = CARTESIAN_POINT('',(119.5,-23.,-15.));
#9309 = VECTOR('',#9310,1.);
#9310 = DIRECTION('',(1.224646799147E-16,0.,-1.));
#9311 = PLANE('',#9312);
#9312 = AXIS2_PLACEMENT_3D('',#9313,#9314,#9315);
#9313 = CARTESIAN_POINT('',(120.,-23.5,-15.));
#9314 = DIRECTION('',(-0.707106781187,-0.707106781187,
    -8.659560562355E-17));
#9315 = DIRECTION('',(-1.224646799147E-16,-0.,1.));
#9316 = ADVANCED_FACE('',(#9317),#9335,.T.);
#9317 = FACE_BOUND('',#9318,.T.);
#9318 = EDGE_LOOP('',(#9319,#9327,#9328,#9329));
#9319 = ORIENTED_EDGE('',*,*,#9320,.F.);
#9320 = EDGE_CURVE('',#2741,#9321,#9323,.T.);
#9321 = VERTEX_POINT('',#9322);
#9322 = CARTESIAN_POINT('',(119.5,-22.,-15.));
#9323 = LINE('',#9324,#9325);
#9324 = CARTESIAN_POINT('',(120.25,-22.,-14.25));
#9325 = VECTOR('',#9326,1.);
#9326 = DIRECTION('',(-0.707106781187,2.595999626618E-15,-0.707106781187
    ));
#9327 = ORIENTED_EDGE('',*,*,#2740,.T.);
#9328 = ORIENTED_EDGE('',*,*,#9289,.T.);
#9329 = ORIENTED_EDGE('',*,*,#9330,.F.);
#9330 = EDGE_CURVE('',#9321,#9290,#9331,.T.);
#9331 = LINE('',#9332,#9333);
#9332 = CARTESIAN_POINT('',(119.5,-22.,-15.));
#9333 = VECTOR('',#9334,1.);
#9334 = DIRECTION('',(-3.567033498505E-15,-0.707106781187,
    -0.707106781187));
#9335 = PLANE('',#9336);
#9336 = AXIS2_PLACEMENT_3D('',#9337,#9338,#9339);
#9337 = CARTESIAN_POINT('',(120.5,-22.,-14.));
#9338 = DIRECTION('',(0.57735026919,0.57735026919,-0.57735026919));
#9339 = DIRECTION('',(1.421067568548E-16,-0.707106781187,-0.707106781187
    ));
#9340 = ADVANCED_FACE('',(#9341),#9359,.F.);
#9341 = FACE_BOUND('',#9342,.F.);
#9342 = EDGE_LOOP('',(#9343,#9351,#9352,#9353));
#9343 = ORIENTED_EDGE('',*,*,#9344,.F.);
#9344 = EDGE_CURVE('',#2781,#9345,#9347,.T.);
#9345 = VERTEX_POINT('',#9346);
#9346 = CARTESIAN_POINT('',(119.5,-22.,-35.));
#9347 = LINE('',#9348,#9349);
#9348 = CARTESIAN_POINT('',(120.25,-22.,-35.75));
#9349 = VECTOR('',#9350,1.);
#9350 = DIRECTION('',(-0.707106781187,0.,0.707106781187));
#9351 = ORIENTED_EDGE('',*,*,#2788,.T.);
#9352 = ORIENTED_EDGE('',*,*,#9298,.T.);
#9353 = ORIENTED_EDGE('',*,*,#9354,.F.);
#9354 = EDGE_CURVE('',#9345,#9299,#9355,.T.);
#9355 = LINE('',#9356,#9357);
#9356 = CARTESIAN_POINT('',(119.5,-22.,-35.));
#9357 = VECTOR('',#9358,1.);
#9358 = DIRECTION('',(-8.659560562355E-17,-0.707106781187,0.707106781187
    ));
#9359 = PLANE('',#9360);
#9360 = AXIS2_PLACEMENT_3D('',#9361,#9362,#9363);
#9361 = CARTESIAN_POINT('',(120.5,-22.,-36.));
#9362 = DIRECTION('',(-0.57735026919,-0.57735026919,-0.57735026919));
#9363 = DIRECTION('',(-8.659560562355E-17,-0.707106781187,0.707106781187
    ));
#9364 = ADVANCED_FACE('',(#9365),#9383,.F.);
#9365 = FACE_BOUND('',#9366,.T.);
#9366 = EDGE_LOOP('',(#9367,#9375,#9376,#9377));
#9367 = ORIENTED_EDGE('',*,*,#9368,.F.);
#9368 = EDGE_CURVE('',#2749,#9369,#9371,.T.);
#9369 = VERTEX_POINT('',#9370);
#9370 = CARTESIAN_POINT('',(119.5,-21.,-15.));
#9371 = LINE('',#9372,#9373);
#9372 = CARTESIAN_POINT('',(119.75,-21.,-14.75));
#9373 = VECTOR('',#9374,1.);
#9374 = DIRECTION('',(-0.707106781187,1.346073880468E-15,-0.707106781187
    ));
#9375 = ORIENTED_EDGE('',*,*,#2748,.T.);
#9376 = ORIENTED_EDGE('',*,*,#9320,.T.);
#9377 = ORIENTED_EDGE('',*,*,#9378,.F.);
#9378 = EDGE_CURVE('',#9369,#9321,#9379,.T.);
#9379 = LINE('',#9380,#9381);
#9380 = CARTESIAN_POINT('',(119.5,-20.,-15.));
#9381 = VECTOR('',#9382,1.);
#9382 = DIRECTION('',(0.,-1.,-0.));
#9383 = PLANE('',#9384);
#9384 = AXIS2_PLACEMENT_3D('',#9385,#9386,#9387);
#9385 = CARTESIAN_POINT('',(120.,-20.,-14.5));
#9386 = DIRECTION('',(-0.707106781187,0.,0.707106781187));
#9387 = DIRECTION('',(0.,1.,0.));
#9388 = ADVANCED_FACE('',(#9389),#9407,.F.);
#9389 = FACE_BOUND('',#9390,.T.);
#9390 = EDGE_LOOP('',(#9391,#9392,#9393,#9401));
#9391 = ORIENTED_EDGE('',*,*,#9344,.F.);
#9392 = ORIENTED_EDGE('',*,*,#2780,.T.);
#9393 = ORIENTED_EDGE('',*,*,#9394,.T.);
#9394 = EDGE_CURVE('',#2773,#9395,#9397,.T.);
#9395 = VERTEX_POINT('',#9396);
#9396 = CARTESIAN_POINT('',(119.5,-21.,-35.));
#9397 = LINE('',#9398,#9399);
#9398 = CARTESIAN_POINT('',(119.75,-21.,-35.25));
#9399 = VECTOR('',#9400,1.);
#9400 = DIRECTION('',(-0.707106781187,-4.999702984597E-15,0.707106781187
    ));
#9401 = ORIENTED_EDGE('',*,*,#9402,.F.);
#9402 = EDGE_CURVE('',#9345,#9395,#9403,.T.);
#9403 = LINE('',#9404,#9405);
#9404 = CARTESIAN_POINT('',(119.5,-23.,-35.));
#9405 = VECTOR('',#9406,1.);
#9406 = DIRECTION('',(0.,1.,0.));
#9407 = PLANE('',#9408);
#9408 = AXIS2_PLACEMENT_3D('',#9409,#9410,#9411);
#9409 = CARTESIAN_POINT('',(120.,-23.,-35.5));
#9410 = DIRECTION('',(-0.707106781187,0.,-0.707106781187));
#9411 = DIRECTION('',(0.,-1.,0.));
#9412 = ADVANCED_FACE('',(#9413),#9431,.T.);
#9413 = FACE_BOUND('',#9414,.T.);
#9414 = EDGE_LOOP('',(#9415,#9423,#9424,#9425));
#9415 = ORIENTED_EDGE('',*,*,#9416,.F.);
#9416 = EDGE_CURVE('',#2757,#9417,#9419,.T.);
#9417 = VERTEX_POINT('',#9418);
#9418 = CARTESIAN_POINT('',(119.5,-20.,-16.));
#9419 = LINE('',#9420,#9421);
#9420 = CARTESIAN_POINT('',(120.25,-19.25,-16.));
#9421 = VECTOR('',#9422,1.);
#9422 = DIRECTION('',(-0.707106781187,-0.707106781187,
    -8.659560562355E-17));
#9423 = ORIENTED_EDGE('',*,*,#2756,.T.);
#9424 = ORIENTED_EDGE('',*,*,#9368,.T.);
#9425 = ORIENTED_EDGE('',*,*,#9426,.F.);
#9426 = EDGE_CURVE('',#9417,#9369,#9427,.T.);
#9427 = LINE('',#9428,#9429);
#9428 = CARTESIAN_POINT('',(119.5,-20.,-16.));
#9429 = VECTOR('',#9430,1.);
#9430 = DIRECTION('',(1.259478274845E-15,-0.707106781187,0.707106781187)
  );
#9431 = PLANE('',#9432);
#9432 = AXIS2_PLACEMENT_3D('',#9433,#9434,#9435);
#9433 = CARTESIAN_POINT('',(120.5,-19.,-16.));
#9434 = DIRECTION('',(0.57735026919,-0.57735026919,-0.57735026919));
#9435 = DIRECTION('',(-5.884003000792E-17,-0.707106781187,0.707106781187
    ));
#9436 = ADVANCED_FACE('',(#9437),#9455,.F.);
#9437 = FACE_BOUND('',#9438,.F.);
#9438 = EDGE_LOOP('',(#9439,#9447,#9448,#9449));
#9439 = ORIENTED_EDGE('',*,*,#9440,.F.);
#9440 = EDGE_CURVE('',#2765,#9441,#9443,.T.);
#9441 = VERTEX_POINT('',#9442);
#9442 = CARTESIAN_POINT('',(119.5,-20.,-34.));
#9443 = LINE('',#9444,#9445);
#9444 = CARTESIAN_POINT('',(120.25,-19.25,-34.));
#9445 = VECTOR('',#9446,1.);
#9446 = DIRECTION('',(-0.707106781187,-0.707106781187,
    -8.659560562355E-17));
#9447 = ORIENTED_EDGE('',*,*,#2772,.T.);
#9448 = ORIENTED_EDGE('',*,*,#9394,.T.);
#9449 = ORIENTED_EDGE('',*,*,#9450,.F.);
#9450 = EDGE_CURVE('',#9441,#9395,#9451,.T.);
#9451 = LINE('',#9452,#9453);
#9452 = CARTESIAN_POINT('',(119.5,-20.,-34.));
#9453 = VECTOR('',#9454,1.);
#9454 = DIRECTION('',(-4.913107378974E-15,-0.707106781187,
    -0.707106781187));
#9455 = PLANE('',#9456);
#9456 = AXIS2_PLACEMENT_3D('',#9457,#9458,#9459);
#9457 = CARTESIAN_POINT('',(120.5,-19.,-34.));
#9458 = DIRECTION('',(-0.57735026919,0.57735026919,-0.57735026919));
#9459 = DIRECTION('',(5.884003000792E-17,-0.707106781187,-0.707106781187
    ));
#9460 = ADVANCED_FACE('',(#9461),#9472,.F.);
#9461 = FACE_BOUND('',#9462,.T.);
#9462 = EDGE_LOOP('',(#9463,#9464,#9465,#9466));
#9463 = ORIENTED_EDGE('',*,*,#9440,.F.);
#9464 = ORIENTED_EDGE('',*,*,#2764,.T.);
#9465 = ORIENTED_EDGE('',*,*,#9416,.T.);
#9466 = ORIENTED_EDGE('',*,*,#9467,.F.);
#9467 = EDGE_CURVE('',#9441,#9417,#9468,.T.);
#9468 = LINE('',#9469,#9470);
#9469 = CARTESIAN_POINT('',(119.5,-20.,-35.));
#9470 = VECTOR('',#9471,1.);
#9471 = DIRECTION('',(-1.224646799147E-16,0.,1.));
#9472 = PLANE('',#9473);
#9473 = AXIS2_PLACEMENT_3D('',#9474,#9475,#9476);
#9474 = CARTESIAN_POINT('',(120.,-19.5,-35.));
#9475 = DIRECTION('',(-0.707106781187,0.707106781187,-8.659560562355E-17
    ));
#9476 = DIRECTION('',(1.224646799147E-16,0.,-1.));
#9477 = ADVANCED_FACE('',(#9478),#9503,.T.);
#9478 = FACE_BOUND('',#9479,.T.);
#9479 = EDGE_LOOP('',(#9480,#9488,#9496,#9502));
#9480 = ORIENTED_EDGE('',*,*,#9481,.T.);
#9481 = EDGE_CURVE('',#2799,#9482,#9484,.T.);
#9482 = VERTEX_POINT('',#9483);
#9483 = CARTESIAN_POINT('',(119.5,-28.5,-15.));
#9484 = LINE('',#9485,#9486);
#9485 = CARTESIAN_POINT('',(119.75,-28.5,-14.75));
#9486 = VECTOR('',#9487,1.);
#9487 = DIRECTION('',(-0.707106781187,1.346073880468E-15,-0.707106781187
    ));
#9488 = ORIENTED_EDGE('',*,*,#9489,.F.);
#9489 = EDGE_CURVE('',#9490,#9482,#9492,.T.);
#9490 = VERTEX_POINT('',#9491);
#9491 = CARTESIAN_POINT('',(119.5,-27.5,-16.));
#9492 = LINE('',#9493,#9494);
#9493 = CARTESIAN_POINT('',(119.5,-27.5,-16.));
#9494 = VECTOR('',#9495,1.);
#9495 = DIRECTION('',(1.259478274845E-15,-0.707106781187,0.707106781187)
  );
#9496 = ORIENTED_EDGE('',*,*,#9497,.F.);
#9497 = EDGE_CURVE('',#2797,#9490,#9498,.T.);
#9498 = LINE('',#9499,#9500);
#9499 = CARTESIAN_POINT('',(120.25,-26.75,-16.));
#9500 = VECTOR('',#9501,1.);
#9501 = DIRECTION('',(-0.707106781187,-0.707106781187,
    -8.659560562355E-17));
#9502 = ORIENTED_EDGE('',*,*,#2796,.T.);
#9503 = PLANE('',#9504);
#9504 = AXIS2_PLACEMENT_3D('',#9505,#9506,#9507);
#9505 = CARTESIAN_POINT('',(120.1,-27.7,-15.2));
#9506 = DIRECTION('',(0.57735026919,-0.57735026919,-0.57735026919));
#9507 = DIRECTION('',(0.707106781187,0.,0.707106781187));
#9508 = ADVANCED_FACE('',(#9509),#9527,.F.);
#9509 = FACE_BOUND('',#9510,.T.);
#9510 = EDGE_LOOP('',(#9511,#9512,#9513,#9521));
#9511 = ORIENTED_EDGE('',*,*,#9481,.F.);
#9512 = ORIENTED_EDGE('',*,*,#2854,.T.);
#9513 = ORIENTED_EDGE('',*,*,#9514,.T.);
#9514 = EDGE_CURVE('',#2847,#9515,#9517,.T.);
#9515 = VERTEX_POINT('',#9516);
#9516 = CARTESIAN_POINT('',(119.5,-29.5,-15.));
#9517 = LINE('',#9518,#9519);
#9518 = CARTESIAN_POINT('',(120.25,-29.5,-14.25));
#9519 = VECTOR('',#9520,1.);
#9520 = DIRECTION('',(-0.707106781187,2.595999626618E-15,-0.707106781187
    ));
#9521 = ORIENTED_EDGE('',*,*,#9522,.F.);
#9522 = EDGE_CURVE('',#9482,#9515,#9523,.T.);
#9523 = LINE('',#9524,#9525);
#9524 = CARTESIAN_POINT('',(119.5,-27.5,-15.));
#9525 = VECTOR('',#9526,1.);
#9526 = DIRECTION('',(0.,-1.,-0.));
#9527 = PLANE('',#9528);
#9528 = AXIS2_PLACEMENT_3D('',#9529,#9530,#9531);
#9529 = CARTESIAN_POINT('',(120.,-27.5,-14.5));
#9530 = DIRECTION('',(-0.707106781187,0.,0.707106781187));
#9531 = DIRECTION('',(0.,1.,0.));
#9532 = ADVANCED_FACE('',(#9533),#9551,.T.);
#9533 = FACE_BOUND('',#9534,.T.);
#9534 = EDGE_LOOP('',(#9535,#9536,#9537,#9545));
#9535 = ORIENTED_EDGE('',*,*,#9514,.F.);
#9536 = ORIENTED_EDGE('',*,*,#2846,.T.);
#9537 = ORIENTED_EDGE('',*,*,#9538,.T.);
#9538 = EDGE_CURVE('',#2839,#9539,#9541,.T.);
#9539 = VERTEX_POINT('',#9540);
#9540 = CARTESIAN_POINT('',(119.5,-30.5,-16.));
#9541 = LINE('',#9542,#9543);
#9542 = CARTESIAN_POINT('',(119.75,-30.75,-16.));
#9543 = VECTOR('',#9544,1.);
#9544 = DIRECTION('',(-0.707106781187,0.707106781187,-6.33622433637E-15)
  );
#9545 = ORIENTED_EDGE('',*,*,#9546,.F.);
#9546 = EDGE_CURVE('',#9515,#9539,#9547,.T.);
#9547 = LINE('',#9548,#9549);
#9548 = CARTESIAN_POINT('',(119.5,-29.5,-15.));
#9549 = VECTOR('',#9550,1.);
#9550 = DIRECTION('',(-3.567033498505E-15,-0.707106781187,
    -0.707106781187));
#9551 = PLANE('',#9552);
#9552 = AXIS2_PLACEMENT_3D('',#9553,#9554,#9555);
#9553 = CARTESIAN_POINT('',(120.1,-30.3,-15.2));
#9554 = DIRECTION('',(0.57735026919,0.57735026919,-0.57735026919));
#9555 = DIRECTION('',(0.707106781187,0.,0.707106781187));
#9556 = ADVANCED_FACE('',(#9557),#9575,.F.);
#9557 = FACE_BOUND('',#9558,.T.);
#9558 = EDGE_LOOP('',(#9559,#9560,#9561,#9569));
#9559 = ORIENTED_EDGE('',*,*,#9538,.F.);
#9560 = ORIENTED_EDGE('',*,*,#2838,.T.);
#9561 = ORIENTED_EDGE('',*,*,#9562,.T.);
#9562 = EDGE_CURVE('',#2831,#9563,#9565,.T.);
#9563 = VERTEX_POINT('',#9564);
#9564 = CARTESIAN_POINT('',(119.5,-30.5,-34.));
#9565 = LINE('',#9566,#9567);
#9566 = CARTESIAN_POINT('',(119.75,-30.75,-34.));
#9567 = VECTOR('',#9568,1.);
#9568 = DIRECTION('',(-0.707106781187,0.707106781187,-8.659560562355E-17
    ));
#9569 = ORIENTED_EDGE('',*,*,#9570,.F.);
#9570 = EDGE_CURVE('',#9539,#9563,#9571,.T.);
#9571 = LINE('',#9572,#9573);
#9572 = CARTESIAN_POINT('',(119.5,-30.5,-15.));
#9573 = VECTOR('',#9574,1.);
#9574 = DIRECTION('',(1.224646799147E-16,0.,-1.));
#9575 = PLANE('',#9576);
#9576 = AXIS2_PLACEMENT_3D('',#9577,#9578,#9579);
#9577 = CARTESIAN_POINT('',(120.,-31.,-15.));
#9578 = DIRECTION('',(-0.707106781187,-0.707106781187,
    -8.659560562355E-17));
#9579 = DIRECTION('',(-1.224646799147E-16,-0.,1.));
#9580 = ADVANCED_FACE('',(#9581),#9599,.T.);
#9581 = FACE_BOUND('',#9582,.T.);
#9582 = EDGE_LOOP('',(#9583,#9584,#9585,#9593));
#9583 = ORIENTED_EDGE('',*,*,#9562,.F.);
#9584 = ORIENTED_EDGE('',*,*,#2830,.F.);
#9585 = ORIENTED_EDGE('',*,*,#9586,.T.);
#9586 = EDGE_CURVE('',#2823,#9587,#9589,.T.);
#9587 = VERTEX_POINT('',#9588);
#9588 = CARTESIAN_POINT('',(119.5,-29.5,-35.));
#9589 = LINE('',#9590,#9591);
#9590 = CARTESIAN_POINT('',(120.25,-29.5,-35.75));
#9591 = VECTOR('',#9592,1.);
#9592 = DIRECTION('',(-0.707106781187,0.,0.707106781187));
#9593 = ORIENTED_EDGE('',*,*,#9594,.T.);
#9594 = EDGE_CURVE('',#9587,#9563,#9595,.T.);
#9595 = LINE('',#9596,#9597);
#9596 = CARTESIAN_POINT('',(119.5,-29.5,-35.));
#9597 = VECTOR('',#9598,1.);
#9598 = DIRECTION('',(-8.659560562355E-17,-0.707106781187,0.707106781187
    ));
#9599 = PLANE('',#9600);
#9600 = AXIS2_PLACEMENT_3D('',#9601,#9602,#9603);
#9601 = CARTESIAN_POINT('',(120.1,-30.3,-34.8));
#9602 = DIRECTION('',(0.57735026919,0.57735026919,0.57735026919));
#9603 = DIRECTION('',(0.707106781187,-0.707106781187,8.659560562355E-17)
  );
#9604 = ADVANCED_FACE('',(#9605),#9623,.F.);
#9605 = FACE_BOUND('',#9606,.T.);
#9606 = EDGE_LOOP('',(#9607,#9608,#9609,#9617));
#9607 = ORIENTED_EDGE('',*,*,#9586,.F.);
#9608 = ORIENTED_EDGE('',*,*,#2822,.T.);
#9609 = ORIENTED_EDGE('',*,*,#9610,.T.);
#9610 = EDGE_CURVE('',#2815,#9611,#9613,.T.);
#9611 = VERTEX_POINT('',#9612);
#9612 = CARTESIAN_POINT('',(119.5,-28.5,-35.));
#9613 = LINE('',#9614,#9615);
#9614 = CARTESIAN_POINT('',(119.75,-28.5,-35.25));
#9615 = VECTOR('',#9616,1.);
#9616 = DIRECTION('',(-0.707106781187,-4.999702984597E-15,0.707106781187
    ));
#9617 = ORIENTED_EDGE('',*,*,#9618,.F.);
#9618 = EDGE_CURVE('',#9587,#9611,#9619,.T.);
#9619 = LINE('',#9620,#9621);
#9620 = CARTESIAN_POINT('',(119.5,-30.5,-35.));
#9621 = VECTOR('',#9622,1.);
#9622 = DIRECTION('',(0.,1.,0.));
#9623 = PLANE('',#9624);
#9624 = AXIS2_PLACEMENT_3D('',#9625,#9626,#9627);
#9625 = CARTESIAN_POINT('',(120.,-30.5,-35.5));
#9626 = DIRECTION('',(-0.707106781187,0.,-0.707106781187));
#9627 = DIRECTION('',(0.,-1.,0.));
#9628 = ADVANCED_FACE('',(#9629),#9647,.T.);
#9629 = FACE_BOUND('',#9630,.T.);
#9630 = EDGE_LOOP('',(#9631,#9632,#9633,#9641));
#9631 = ORIENTED_EDGE('',*,*,#9610,.F.);
#9632 = ORIENTED_EDGE('',*,*,#2814,.F.);
#9633 = ORIENTED_EDGE('',*,*,#9634,.T.);
#9634 = EDGE_CURVE('',#2807,#9635,#9637,.T.);
#9635 = VERTEX_POINT('',#9636);
#9636 = CARTESIAN_POINT('',(119.5,-27.5,-34.));
#9637 = LINE('',#9638,#9639);
#9638 = CARTESIAN_POINT('',(120.25,-26.75,-34.));
#9639 = VECTOR('',#9640,1.);
#9640 = DIRECTION('',(-0.707106781187,-0.707106781187,
    -8.659560562355E-17));
#9641 = ORIENTED_EDGE('',*,*,#9642,.T.);
#9642 = EDGE_CURVE('',#9635,#9611,#9643,.T.);
#9643 = LINE('',#9644,#9645);
#9644 = CARTESIAN_POINT('',(119.5,-27.5,-34.));
#9645 = VECTOR('',#9646,1.);
#9646 = DIRECTION('',(-4.913107378974E-15,-0.707106781187,
    -0.707106781187));
#9647 = PLANE('',#9648);
#9648 = AXIS2_PLACEMENT_3D('',#9649,#9650,#9651);
#9649 = CARTESIAN_POINT('',(120.1,-27.7,-34.8));
#9650 = DIRECTION('',(0.57735026919,-0.57735026919,0.57735026919));
#9651 = DIRECTION('',(-0.707106781187,-0.707106781187,
    -8.659560562355E-17));
#9652 = ADVANCED_FACE('',(#9653),#9664,.F.);
#9653 = FACE_BOUND('',#9654,.T.);
#9654 = EDGE_LOOP('',(#9655,#9656,#9657,#9658));
#9655 = ORIENTED_EDGE('',*,*,#9634,.F.);
#9656 = ORIENTED_EDGE('',*,*,#2806,.T.);
#9657 = ORIENTED_EDGE('',*,*,#9497,.T.);
#9658 = ORIENTED_EDGE('',*,*,#9659,.F.);
#9659 = EDGE_CURVE('',#9635,#9490,#9660,.T.);
#9660 = LINE('',#9661,#9662);
#9661 = CARTESIAN_POINT('',(119.5,-27.5,-35.));
#9662 = VECTOR('',#9663,1.);
#9663 = DIRECTION('',(-1.224646799147E-16,0.,1.));
#9664 = PLANE('',#9665);
#9665 = AXIS2_PLACEMENT_3D('',#9666,#9667,#9668);
#9666 = CARTESIAN_POINT('',(120.,-27.,-35.));
#9667 = DIRECTION('',(-0.707106781187,0.707106781187,-8.659560562355E-17
    ));
#9668 = DIRECTION('',(1.224646799147E-16,0.,-1.));
#9669 = ADVANCED_FACE('',(#9670),#9695,.T.);
#9670 = FACE_BOUND('',#9671,.T.);
#9671 = EDGE_LOOP('',(#9672,#9680,#9688,#9694));
#9672 = ORIENTED_EDGE('',*,*,#9673,.T.);
#9673 = EDGE_CURVE('',#2865,#9674,#9676,.T.);
#9674 = VERTEX_POINT('',#9675);
#9675 = CARTESIAN_POINT('',(119.5,-36.,-15.));
#9676 = LINE('',#9677,#9678);
#9677 = CARTESIAN_POINT('',(119.75,-36.,-14.75));
#9678 = VECTOR('',#9679,1.);
#9679 = DIRECTION('',(-0.707106781187,1.346073880468E-15,-0.707106781187
    ));
#9680 = ORIENTED_EDGE('',*,*,#9681,.F.);
#9681 = EDGE_CURVE('',#9682,#9674,#9684,.T.);
#9682 = VERTEX_POINT('',#9683);
#9683 = CARTESIAN_POINT('',(119.5,-35.,-16.));
#9684 = LINE('',#9685,#9686);
#9685 = CARTESIAN_POINT('',(119.5,-35.,-16.));
#9686 = VECTOR('',#9687,1.);
#9687 = DIRECTION('',(1.259478274845E-15,-0.707106781187,0.707106781187)
  );
#9688 = ORIENTED_EDGE('',*,*,#9689,.F.);
#9689 = EDGE_CURVE('',#2863,#9682,#9690,.T.);
#9690 = LINE('',#9691,#9692);
#9691 = CARTESIAN_POINT('',(120.25,-34.25,-16.));
#9692 = VECTOR('',#9693,1.);
#9693 = DIRECTION('',(-0.707106781187,-0.707106781187,
    -8.659560562355E-17));
#9694 = ORIENTED_EDGE('',*,*,#2862,.T.);
#9695 = PLANE('',#9696);
#9696 = AXIS2_PLACEMENT_3D('',#9697,#9698,#9699);
#9697 = CARTESIAN_POINT('',(120.1,-35.2,-15.2));
#9698 = DIRECTION('',(0.57735026919,-0.57735026919,-0.57735026919));
#9699 = DIRECTION('',(0.707106781187,0.,0.707106781187));
#9700 = ADVANCED_FACE('',(#9701),#9719,.F.);
#9701 = FACE_BOUND('',#9702,.T.);
#9702 = EDGE_LOOP('',(#9703,#9704,#9705,#9713));
#9703 = ORIENTED_EDGE('',*,*,#9673,.F.);
#9704 = ORIENTED_EDGE('',*,*,#2920,.T.);
#9705 = ORIENTED_EDGE('',*,*,#9706,.T.);
#9706 = EDGE_CURVE('',#2913,#9707,#9709,.T.);
#9707 = VERTEX_POINT('',#9708);
#9708 = CARTESIAN_POINT('',(119.5,-37.,-15.));
#9709 = LINE('',#9710,#9711);
#9710 = CARTESIAN_POINT('',(120.25,-37.,-14.25));
#9711 = VECTOR('',#9712,1.);
#9712 = DIRECTION('',(-0.707106781187,2.595999626618E-15,-0.707106781187
    ));
#9713 = ORIENTED_EDGE('',*,*,#9714,.F.);
#9714 = EDGE_CURVE('',#9674,#9707,#9715,.T.);
#9715 = LINE('',#9716,#9717);
#9716 = CARTESIAN_POINT('',(119.5,-35.,-15.));
#9717 = VECTOR('',#9718,1.);
#9718 = DIRECTION('',(0.,-1.,-0.));
#9719 = PLANE('',#9720);
#9720 = AXIS2_PLACEMENT_3D('',#9721,#9722,#9723);
#9721 = CARTESIAN_POINT('',(120.,-35.,-14.5));
#9722 = DIRECTION('',(-0.707106781187,0.,0.707106781187));
#9723 = DIRECTION('',(0.,1.,0.));
#9724 = ADVANCED_FACE('',(#9725),#9743,.T.);
#9725 = FACE_BOUND('',#9726,.T.);
#9726 = EDGE_LOOP('',(#9727,#9728,#9729,#9737));
#9727 = ORIENTED_EDGE('',*,*,#9706,.F.);
#9728 = ORIENTED_EDGE('',*,*,#2912,.T.);
#9729 = ORIENTED_EDGE('',*,*,#9730,.T.);
#9730 = EDGE_CURVE('',#2905,#9731,#9733,.T.);
#9731 = VERTEX_POINT('',#9732);
#9732 = CARTESIAN_POINT('',(119.5,-38.,-16.));
#9733 = LINE('',#9734,#9735);
#9734 = CARTESIAN_POINT('',(119.75,-38.25,-16.));
#9735 = VECTOR('',#9736,1.);
#9736 = DIRECTION('',(-0.707106781187,0.707106781187,-6.33622433637E-15)
  );
#9737 = ORIENTED_EDGE('',*,*,#9738,.F.);
#9738 = EDGE_CURVE('',#9707,#9731,#9739,.T.);
#9739 = LINE('',#9740,#9741);
#9740 = CARTESIAN_POINT('',(119.5,-37.,-15.));
#9741 = VECTOR('',#9742,1.);
#9742 = DIRECTION('',(-3.567033498505E-15,-0.707106781187,
    -0.707106781187));
#9743 = PLANE('',#9744);
#9744 = AXIS2_PLACEMENT_3D('',#9745,#9746,#9747);
#9745 = CARTESIAN_POINT('',(120.1,-37.8,-15.2));
#9746 = DIRECTION('',(0.57735026919,0.57735026919,-0.57735026919));
#9747 = DIRECTION('',(0.707106781187,-2.775557561563E-17,0.707106781187)
  );
#9748 = ADVANCED_FACE('',(#9749),#9767,.F.);
#9749 = FACE_BOUND('',#9750,.T.);
#9750 = EDGE_LOOP('',(#9751,#9752,#9753,#9761));
#9751 = ORIENTED_EDGE('',*,*,#9730,.F.);
#9752 = ORIENTED_EDGE('',*,*,#2904,.T.);
#9753 = ORIENTED_EDGE('',*,*,#9754,.T.);
#9754 = EDGE_CURVE('',#2897,#9755,#9757,.T.);
#9755 = VERTEX_POINT('',#9756);
#9756 = CARTESIAN_POINT('',(119.5,-38.,-34.));
#9757 = LINE('',#9758,#9759);
#9758 = CARTESIAN_POINT('',(119.75,-38.25,-34.));
#9759 = VECTOR('',#9760,1.);
#9760 = DIRECTION('',(-0.707106781187,0.707106781187,-8.659560562355E-17
    ));
#9761 = ORIENTED_EDGE('',*,*,#9762,.F.);
#9762 = EDGE_CURVE('',#9731,#9755,#9763,.T.);
#9763 = LINE('',#9764,#9765);
#9764 = CARTESIAN_POINT('',(119.5,-38.,-15.));
#9765 = VECTOR('',#9766,1.);
#9766 = DIRECTION('',(1.224646799147E-16,0.,-1.));
#9767 = PLANE('',#9768);
#9768 = AXIS2_PLACEMENT_3D('',#9769,#9770,#9771);
#9769 = CARTESIAN_POINT('',(120.,-38.5,-15.));
#9770 = DIRECTION('',(-0.707106781187,-0.707106781187,
    -8.659560562355E-17));
#9771 = DIRECTION('',(-1.224646799147E-16,-0.,1.));
#9772 = ADVANCED_FACE('',(#9773),#9791,.T.);
#9773 = FACE_BOUND('',#9774,.T.);
#9774 = EDGE_LOOP('',(#9775,#9776,#9777,#9785));
#9775 = ORIENTED_EDGE('',*,*,#9754,.F.);
#9776 = ORIENTED_EDGE('',*,*,#2896,.F.);
#9777 = ORIENTED_EDGE('',*,*,#9778,.T.);
#9778 = EDGE_CURVE('',#2889,#9779,#9781,.T.);
#9779 = VERTEX_POINT('',#9780);
#9780 = CARTESIAN_POINT('',(119.5,-37.,-35.));
#9781 = LINE('',#9782,#9783);
#9782 = CARTESIAN_POINT('',(120.25,-37.,-35.75));
#9783 = VECTOR('',#9784,1.);
#9784 = DIRECTION('',(-0.707106781187,0.,0.707106781187));
#9785 = ORIENTED_EDGE('',*,*,#9786,.T.);
#9786 = EDGE_CURVE('',#9779,#9755,#9787,.T.);
#9787 = LINE('',#9788,#9789);
#9788 = CARTESIAN_POINT('',(119.5,-37.,-35.));
#9789 = VECTOR('',#9790,1.);
#9790 = DIRECTION('',(-8.659560562355E-17,-0.707106781187,0.707106781187
    ));
#9791 = PLANE('',#9792);
#9792 = AXIS2_PLACEMENT_3D('',#9793,#9794,#9795);
#9793 = CARTESIAN_POINT('',(120.1,-37.8,-34.8));
#9794 = DIRECTION('',(0.57735026919,0.57735026919,0.57735026919));
#9795 = DIRECTION('',(0.707106781187,-0.707106781187,1.143511812392E-16)
  );
#9796 = ADVANCED_FACE('',(#9797),#9815,.F.);
#9797 = FACE_BOUND('',#9798,.T.);
#9798 = EDGE_LOOP('',(#9799,#9800,#9801,#9809));
#9799 = ORIENTED_EDGE('',*,*,#9778,.F.);
#9800 = ORIENTED_EDGE('',*,*,#2888,.T.);
#9801 = ORIENTED_EDGE('',*,*,#9802,.T.);
#9802 = EDGE_CURVE('',#2881,#9803,#9805,.T.);
#9803 = VERTEX_POINT('',#9804);
#9804 = CARTESIAN_POINT('',(119.5,-36.,-35.));
#9805 = LINE('',#9806,#9807);
#9806 = CARTESIAN_POINT('',(119.75,-36.,-35.25));
#9807 = VECTOR('',#9808,1.);
#9808 = DIRECTION('',(-0.707106781187,-4.999702984597E-15,0.707106781187
    ));
#9809 = ORIENTED_EDGE('',*,*,#9810,.F.);
#9810 = EDGE_CURVE('',#9779,#9803,#9811,.T.);
#9811 = LINE('',#9812,#9813);
#9812 = CARTESIAN_POINT('',(119.5,-38.,-35.));
#9813 = VECTOR('',#9814,1.);
#9814 = DIRECTION('',(0.,1.,0.));
#9815 = PLANE('',#9816);
#9816 = AXIS2_PLACEMENT_3D('',#9817,#9818,#9819);
#9817 = CARTESIAN_POINT('',(120.,-38.,-35.5));
#9818 = DIRECTION('',(-0.707106781187,0.,-0.707106781187));
#9819 = DIRECTION('',(0.,-1.,0.));
#9820 = ADVANCED_FACE('',(#9821),#9839,.T.);
#9821 = FACE_BOUND('',#9822,.T.);
#9822 = EDGE_LOOP('',(#9823,#9824,#9825,#9833));
#9823 = ORIENTED_EDGE('',*,*,#9802,.F.);
#9824 = ORIENTED_EDGE('',*,*,#2880,.F.);
#9825 = ORIENTED_EDGE('',*,*,#9826,.T.);
#9826 = EDGE_CURVE('',#2873,#9827,#9829,.T.);
#9827 = VERTEX_POINT('',#9828);
#9828 = CARTESIAN_POINT('',(119.5,-35.,-34.));
#9829 = LINE('',#9830,#9831);
#9830 = CARTESIAN_POINT('',(120.25,-34.25,-34.));
#9831 = VECTOR('',#9832,1.);
#9832 = DIRECTION('',(-0.707106781187,-0.707106781187,
    -8.659560562355E-17));
#9833 = ORIENTED_EDGE('',*,*,#9834,.T.);
#9834 = EDGE_CURVE('',#9827,#9803,#9835,.T.);
#9835 = LINE('',#9836,#9837);
#9836 = CARTESIAN_POINT('',(119.5,-35.,-34.));
#9837 = VECTOR('',#9838,1.);
#9838 = DIRECTION('',(-4.913107378974E-15,-0.707106781187,
    -0.707106781187));
#9839 = PLANE('',#9840);
#9840 = AXIS2_PLACEMENT_3D('',#9841,#9842,#9843);
#9841 = CARTESIAN_POINT('',(120.1,-35.2,-34.8));
#9842 = DIRECTION('',(0.57735026919,-0.57735026919,0.57735026919));
#9843 = DIRECTION('',(-0.707106781187,-0.707106781187,
    -3.108445439229E-17));
#9844 = ADVANCED_FACE('',(#9845),#9856,.F.);
#9845 = FACE_BOUND('',#9846,.T.);
#9846 = EDGE_LOOP('',(#9847,#9848,#9849,#9850));
#9847 = ORIENTED_EDGE('',*,*,#9826,.F.);
#9848 = ORIENTED_EDGE('',*,*,#2872,.T.);
#9849 = ORIENTED_EDGE('',*,*,#9689,.T.);
#9850 = ORIENTED_EDGE('',*,*,#9851,.F.);
#9851 = EDGE_CURVE('',#9827,#9682,#9852,.T.);
#9852 = LINE('',#9853,#9854);
#9853 = CARTESIAN_POINT('',(119.5,-35.,-35.));
#9854 = VECTOR('',#9855,1.);
#9855 = DIRECTION('',(-1.224646799147E-16,0.,1.));
#9856 = PLANE('',#9857);
#9857 = AXIS2_PLACEMENT_3D('',#9858,#9859,#9860);
#9858 = CARTESIAN_POINT('',(120.,-34.5,-35.));
#9859 = DIRECTION('',(-0.707106781187,0.707106781187,-8.659560562355E-17
    ));
#9860 = DIRECTION('',(1.224646799147E-16,0.,-1.));
#9861 = ADVANCED_FACE('',(#9862),#9887,.T.);
#9862 = FACE_BOUND('',#9863,.T.);
#9863 = EDGE_LOOP('',(#9864,#9872,#9880,#9886));
#9864 = ORIENTED_EDGE('',*,*,#9865,.T.);
#9865 = EDGE_CURVE('',#2931,#9866,#9868,.T.);
#9866 = VERTEX_POINT('',#9867);
#9867 = CARTESIAN_POINT('',(119.5,-43.5,-15.));
#9868 = LINE('',#9869,#9870);
#9869 = CARTESIAN_POINT('',(119.75,-43.5,-14.75));
#9870 = VECTOR('',#9871,1.);
#9871 = DIRECTION('',(-0.707106781187,1.346073880468E-15,-0.707106781187
    ));
#9872 = ORIENTED_EDGE('',*,*,#9873,.F.);
#9873 = EDGE_CURVE('',#9874,#9866,#9876,.T.);
#9874 = VERTEX_POINT('',#9875);
#9875 = CARTESIAN_POINT('',(119.5,-42.5,-16.));
#9876 = LINE('',#9877,#9878);
#9877 = CARTESIAN_POINT('',(119.5,-42.5,-16.));
#9878 = VECTOR('',#9879,1.);
#9879 = DIRECTION('',(1.259478274845E-15,-0.707106781187,0.707106781187)
  );
#9880 = ORIENTED_EDGE('',*,*,#9881,.F.);
#9881 = EDGE_CURVE('',#2929,#9874,#9882,.T.);
#9882 = LINE('',#9883,#9884);
#9883 = CARTESIAN_POINT('',(120.25,-41.75,-16.));
#9884 = VECTOR('',#9885,1.);
#9885 = DIRECTION('',(-0.707106781187,-0.707106781187,
    -8.659560562355E-17));
#9886 = ORIENTED_EDGE('',*,*,#2928,.T.);
#9887 = PLANE('',#9888);
#9888 = AXIS2_PLACEMENT_3D('',#9889,#9890,#9891);
#9889 = CARTESIAN_POINT('',(120.1,-42.7,-15.2));
#9890 = DIRECTION('',(0.57735026919,-0.57735026919,-0.57735026919));
#9891 = DIRECTION('',(0.707106781187,0.,0.707106781187));
#9892 = ADVANCED_FACE('',(#9893),#9911,.F.);
#9893 = FACE_BOUND('',#9894,.T.);
#9894 = EDGE_LOOP('',(#9895,#9896,#9897,#9905));
#9895 = ORIENTED_EDGE('',*,*,#9865,.F.);
#9896 = ORIENTED_EDGE('',*,*,#2986,.T.);
#9897 = ORIENTED_EDGE('',*,*,#9898,.T.);
#9898 = EDGE_CURVE('',#2979,#9899,#9901,.T.);
#9899 = VERTEX_POINT('',#9900);
#9900 = CARTESIAN_POINT('',(119.5,-44.5,-15.));
#9901 = LINE('',#9902,#9903);
#9902 = CARTESIAN_POINT('',(120.25,-44.5,-14.25));
#9903 = VECTOR('',#9904,1.);
#9904 = DIRECTION('',(-0.707106781187,2.595999626618E-15,-0.707106781187
    ));
#9905 = ORIENTED_EDGE('',*,*,#9906,.F.);
#9906 = EDGE_CURVE('',#9866,#9899,#9907,.T.);
#9907 = LINE('',#9908,#9909);
#9908 = CARTESIAN_POINT('',(119.5,-42.5,-15.));
#9909 = VECTOR('',#9910,1.);
#9910 = DIRECTION('',(0.,-1.,-0.));
#9911 = PLANE('',#9912);
#9912 = AXIS2_PLACEMENT_3D('',#9913,#9914,#9915);
#9913 = CARTESIAN_POINT('',(120.,-42.5,-14.5));
#9914 = DIRECTION('',(-0.707106781187,0.,0.707106781187));
#9915 = DIRECTION('',(0.,1.,0.));
#9916 = ADVANCED_FACE('',(#9917),#9935,.T.);
#9917 = FACE_BOUND('',#9918,.T.);
#9918 = EDGE_LOOP('',(#9919,#9920,#9921,#9929));
#9919 = ORIENTED_EDGE('',*,*,#9898,.F.);
#9920 = ORIENTED_EDGE('',*,*,#2978,.T.);
#9921 = ORIENTED_EDGE('',*,*,#9922,.T.);
#9922 = EDGE_CURVE('',#2971,#9923,#9925,.T.);
#9923 = VERTEX_POINT('',#9924);
#9924 = CARTESIAN_POINT('',(119.5,-45.5,-16.));
#9925 = LINE('',#9926,#9927);
#9926 = CARTESIAN_POINT('',(119.75,-45.75,-16.));
#9927 = VECTOR('',#9928,1.);
#9928 = DIRECTION('',(-0.707106781187,0.707106781187,-6.33622433637E-15)
  );
#9929 = ORIENTED_EDGE('',*,*,#9930,.F.);
#9930 = EDGE_CURVE('',#9899,#9923,#9931,.T.);
#9931 = LINE('',#9932,#9933);
#9932 = CARTESIAN_POINT('',(119.5,-44.5,-15.));
#9933 = VECTOR('',#9934,1.);
#9934 = DIRECTION('',(-3.567033498505E-15,-0.707106781187,
    -0.707106781187));
#9935 = PLANE('',#9936);
#9936 = AXIS2_PLACEMENT_3D('',#9937,#9938,#9939);
#9937 = CARTESIAN_POINT('',(120.1,-45.3,-15.2));
#9938 = DIRECTION('',(0.57735026919,0.57735026919,-0.57735026919));
#9939 = DIRECTION('',(0.707106781187,-2.775557561563E-17,0.707106781187)
  );
#9940 = ADVANCED_FACE('',(#9941),#9959,.F.);
#9941 = FACE_BOUND('',#9942,.T.);
#9942 = EDGE_LOOP('',(#9943,#9944,#9945,#9953));
#9943 = ORIENTED_EDGE('',*,*,#9922,.F.);
#9944 = ORIENTED_EDGE('',*,*,#2970,.T.);
#9945 = ORIENTED_EDGE('',*,*,#9946,.T.);
#9946 = EDGE_CURVE('',#2963,#9947,#9949,.T.);
#9947 = VERTEX_POINT('',#9948);
#9948 = CARTESIAN_POINT('',(119.5,-45.5,-34.));
#9949 = LINE('',#9950,#9951);
#9950 = CARTESIAN_POINT('',(119.75,-45.75,-34.));
#9951 = VECTOR('',#9952,1.);
#9952 = DIRECTION('',(-0.707106781187,0.707106781187,-8.659560562355E-17
    ));
#9953 = ORIENTED_EDGE('',*,*,#9954,.F.);
#9954 = EDGE_CURVE('',#9923,#9947,#9955,.T.);
#9955 = LINE('',#9956,#9957);
#9956 = CARTESIAN_POINT('',(119.5,-45.5,-15.));
#9957 = VECTOR('',#9958,1.);
#9958 = DIRECTION('',(1.224646799147E-16,0.,-1.));
#9959 = PLANE('',#9960);
#9960 = AXIS2_PLACEMENT_3D('',#9961,#9962,#9963);
#9961 = CARTESIAN_POINT('',(120.,-46.,-15.));
#9962 = DIRECTION('',(-0.707106781187,-0.707106781187,
    -8.659560562355E-17));
#9963 = DIRECTION('',(-1.224646799147E-16,-0.,1.));
#9964 = ADVANCED_FACE('',(#9965),#9983,.T.);
#9965 = FACE_BOUND('',#9966,.T.);
#9966 = EDGE_LOOP('',(#9967,#9968,#9969,#9977));
#9967 = ORIENTED_EDGE('',*,*,#9946,.F.);
#9968 = ORIENTED_EDGE('',*,*,#2962,.F.);
#9969 = ORIENTED_EDGE('',*,*,#9970,.T.);
#9970 = EDGE_CURVE('',#2955,#9971,#9973,.T.);
#9971 = VERTEX_POINT('',#9972);
#9972 = CARTESIAN_POINT('',(119.5,-44.5,-35.));
#9973 = LINE('',#9974,#9975);
#9974 = CARTESIAN_POINT('',(120.25,-44.5,-35.75));
#9975 = VECTOR('',#9976,1.);
#9976 = DIRECTION('',(-0.707106781187,0.,0.707106781187));
#9977 = ORIENTED_EDGE('',*,*,#9978,.T.);
#9978 = EDGE_CURVE('',#9971,#9947,#9979,.T.);
#9979 = LINE('',#9980,#9981);
#9980 = CARTESIAN_POINT('',(119.5,-44.5,-35.));
#9981 = VECTOR('',#9982,1.);
#9982 = DIRECTION('',(-8.659560562355E-17,-0.707106781187,0.707106781187
    ));
#9983 = PLANE('',#9984);
#9984 = AXIS2_PLACEMENT_3D('',#9985,#9986,#9987);
#9985 = CARTESIAN_POINT('',(120.1,-45.3,-34.8));
#9986 = DIRECTION('',(0.57735026919,0.57735026919,0.57735026919));
#9987 = DIRECTION('',(0.707106781187,-0.707106781187,1.143511812392E-16)
  );
#9988 = ADVANCED_FACE('',(#9989),#10007,.F.);
#9989 = FACE_BOUND('',#9990,.T.);
#9990 = EDGE_LOOP('',(#9991,#9992,#9993,#10001));
#9991 = ORIENTED_EDGE('',*,*,#9970,.F.);
#9992 = ORIENTED_EDGE('',*,*,#2954,.T.);
#9993 = ORIENTED_EDGE('',*,*,#9994,.T.);
#9994 = EDGE_CURVE('',#2947,#9995,#9997,.T.);
#9995 = VERTEX_POINT('',#9996);
#9996 = CARTESIAN_POINT('',(119.5,-43.5,-35.));
#9997 = LINE('',#9998,#9999);
#9998 = CARTESIAN_POINT('',(119.75,-43.5,-35.25));
#9999 = VECTOR('',#10000,1.);
#10000 = DIRECTION('',(-0.707106781187,-4.999702984597E-15,
    0.707106781187));
#10001 = ORIENTED_EDGE('',*,*,#10002,.F.);
#10002 = EDGE_CURVE('',#9971,#9995,#10003,.T.);
#10003 = LINE('',#10004,#10005);
#10004 = CARTESIAN_POINT('',(119.5,-45.5,-35.));
#10005 = VECTOR('',#10006,1.);
#10006 = DIRECTION('',(0.,1.,0.));
#10007 = PLANE('',#10008);
#10008 = AXIS2_PLACEMENT_3D('',#10009,#10010,#10011);
#10009 = CARTESIAN_POINT('',(120.,-45.5,-35.5));
#10010 = DIRECTION('',(-0.707106781187,0.,-0.707106781187));
#10011 = DIRECTION('',(0.,-1.,0.));
#10012 = ADVANCED_FACE('',(#10013),#10031,.T.);
#10013 = FACE_BOUND('',#10014,.T.);
#10014 = EDGE_LOOP('',(#10015,#10016,#10017,#10025));
#10015 = ORIENTED_EDGE('',*,*,#9994,.F.);
#10016 = ORIENTED_EDGE('',*,*,#2946,.F.);
#10017 = ORIENTED_EDGE('',*,*,#10018,.T.);
#10018 = EDGE_CURVE('',#2939,#10019,#10021,.T.);
#10019 = VERTEX_POINT('',#10020);
#10020 = CARTESIAN_POINT('',(119.5,-42.5,-34.));
#10021 = LINE('',#10022,#10023);
#10022 = CARTESIAN_POINT('',(120.25,-41.75,-34.));
#10023 = VECTOR('',#10024,1.);
#10024 = DIRECTION('',(-0.707106781187,-0.707106781187,
    -8.659560562355E-17));
#10025 = ORIENTED_EDGE('',*,*,#10026,.T.);
#10026 = EDGE_CURVE('',#10019,#9995,#10027,.T.);
#10027 = LINE('',#10028,#10029);
#10028 = CARTESIAN_POINT('',(119.5,-42.5,-34.));
#10029 = VECTOR('',#10030,1.);
#10030 = DIRECTION('',(-4.913107378974E-15,-0.707106781187,
    -0.707106781187));
#10031 = PLANE('',#10032);
#10032 = AXIS2_PLACEMENT_3D('',#10033,#10034,#10035);
#10033 = CARTESIAN_POINT('',(120.1,-42.7,-34.8));
#10034 = DIRECTION('',(0.57735026919,-0.57735026919,0.57735026919));
#10035 = DIRECTION('',(-0.707106781187,-0.707106781187,
    -3.108445439229E-17));
#10036 = ADVANCED_FACE('',(#10037),#10048,.F.);
#10037 = FACE_BOUND('',#10038,.T.);
#10038 = EDGE_LOOP('',(#10039,#10040,#10041,#10042));
#10039 = ORIENTED_EDGE('',*,*,#10018,.F.);
#10040 = ORIENTED_EDGE('',*,*,#2938,.T.);
#10041 = ORIENTED_EDGE('',*,*,#9881,.T.);
#10042 = ORIENTED_EDGE('',*,*,#10043,.F.);
#10043 = EDGE_CURVE('',#10019,#9874,#10044,.T.);
#10044 = LINE('',#10045,#10046);
#10045 = CARTESIAN_POINT('',(119.5,-42.5,-35.));
#10046 = VECTOR('',#10047,1.);
#10047 = DIRECTION('',(-1.224646799147E-16,0.,1.));
#10048 = PLANE('',#10049);
#10049 = AXIS2_PLACEMENT_3D('',#10050,#10051,#10052);
#10050 = CARTESIAN_POINT('',(120.,-42.,-35.));
#10051 = DIRECTION('',(-0.707106781187,0.707106781187,
    -8.659560562355E-17));
#10052 = DIRECTION('',(1.224646799147E-16,0.,-1.));
#10053 = ADVANCED_FACE('',(#10054),#10079,.T.);
#10054 = FACE_BOUND('',#10055,.T.);
#10055 = EDGE_LOOP('',(#10056,#10064,#10072,#10078));
#10056 = ORIENTED_EDGE('',*,*,#10057,.T.);
#10057 = EDGE_CURVE('',#2997,#10058,#10060,.T.);
#10058 = VERTEX_POINT('',#10059);
#10059 = CARTESIAN_POINT('',(119.5,-51.,-15.));
#10060 = LINE('',#10061,#10062);
#10061 = CARTESIAN_POINT('',(119.75,-51.,-14.75));
#10062 = VECTOR('',#10063,1.);
#10063 = DIRECTION('',(-0.707106781187,1.346073880468E-15,
    -0.707106781187));
#10064 = ORIENTED_EDGE('',*,*,#10065,.F.);
#10065 = EDGE_CURVE('',#10066,#10058,#10068,.T.);
#10066 = VERTEX_POINT('',#10067);
#10067 = CARTESIAN_POINT('',(119.5,-50.,-16.));
#10068 = LINE('',#10069,#10070);
#10069 = CARTESIAN_POINT('',(119.5,-50.,-16.));
#10070 = VECTOR('',#10071,1.);
#10071 = DIRECTION('',(1.259478274845E-15,-0.707106781187,0.707106781187
    ));
#10072 = ORIENTED_EDGE('',*,*,#10073,.F.);
#10073 = EDGE_CURVE('',#2995,#10066,#10074,.T.);
#10074 = LINE('',#10075,#10076);
#10075 = CARTESIAN_POINT('',(120.25,-49.25,-16.));
#10076 = VECTOR('',#10077,1.);
#10077 = DIRECTION('',(-0.707106781187,-0.707106781187,
    -8.659560562355E-17));
#10078 = ORIENTED_EDGE('',*,*,#2994,.T.);
#10079 = PLANE('',#10080);
#10080 = AXIS2_PLACEMENT_3D('',#10081,#10082,#10083);
#10081 = CARTESIAN_POINT('',(120.1,-50.2,-15.2));
#10082 = DIRECTION('',(0.57735026919,-0.57735026919,-0.57735026919));
#10083 = DIRECTION('',(0.707106781187,0.,0.707106781187));
#10084 = ADVANCED_FACE('',(#10085),#10103,.F.);
#10085 = FACE_BOUND('',#10086,.T.);
#10086 = EDGE_LOOP('',(#10087,#10088,#10089,#10097));
#10087 = ORIENTED_EDGE('',*,*,#10057,.F.);
#10088 = ORIENTED_EDGE('',*,*,#3052,.T.);
#10089 = ORIENTED_EDGE('',*,*,#10090,.T.);
#10090 = EDGE_CURVE('',#3045,#10091,#10093,.T.);
#10091 = VERTEX_POINT('',#10092);
#10092 = CARTESIAN_POINT('',(119.5,-52.,-15.));
#10093 = LINE('',#10094,#10095);
#10094 = CARTESIAN_POINT('',(120.25,-52.,-14.25));
#10095 = VECTOR('',#10096,1.);
#10096 = DIRECTION('',(-0.707106781187,2.595999626618E-15,
    -0.707106781187));
#10097 = ORIENTED_EDGE('',*,*,#10098,.F.);
#10098 = EDGE_CURVE('',#10058,#10091,#10099,.T.);
#10099 = LINE('',#10100,#10101);
#10100 = CARTESIAN_POINT('',(119.5,-50.,-15.));
#10101 = VECTOR('',#10102,1.);
#10102 = DIRECTION('',(0.,-1.,-0.));
#10103 = PLANE('',#10104);
#10104 = AXIS2_PLACEMENT_3D('',#10105,#10106,#10107);
#10105 = CARTESIAN_POINT('',(120.,-50.,-14.5));
#10106 = DIRECTION('',(-0.707106781187,0.,0.707106781187));
#10107 = DIRECTION('',(0.,1.,0.));
#10108 = ADVANCED_FACE('',(#10109),#10127,.T.);
#10109 = FACE_BOUND('',#10110,.T.);
#10110 = EDGE_LOOP('',(#10111,#10112,#10113,#10121));
#10111 = ORIENTED_EDGE('',*,*,#10090,.F.);
#10112 = ORIENTED_EDGE('',*,*,#3044,.T.);
#10113 = ORIENTED_EDGE('',*,*,#10114,.T.);
#10114 = EDGE_CURVE('',#3037,#10115,#10117,.T.);
#10115 = VERTEX_POINT('',#10116);
#10116 = CARTESIAN_POINT('',(119.5,-53.,-16.));
#10117 = LINE('',#10118,#10119);
#10118 = CARTESIAN_POINT('',(119.75,-53.25,-16.));
#10119 = VECTOR('',#10120,1.);
#10120 = DIRECTION('',(-0.707106781187,0.707106781187,-6.33622433637E-15
    ));
#10121 = ORIENTED_EDGE('',*,*,#10122,.F.);
#10122 = EDGE_CURVE('',#10091,#10115,#10123,.T.);
#10123 = LINE('',#10124,#10125);
#10124 = CARTESIAN_POINT('',(119.5,-52.,-15.));
#10125 = VECTOR('',#10126,1.);
#10126 = DIRECTION('',(-3.567033498505E-15,-0.707106781187,
    -0.707106781187));
#10127 = PLANE('',#10128);
#10128 = AXIS2_PLACEMENT_3D('',#10129,#10130,#10131);
#10129 = CARTESIAN_POINT('',(120.1,-52.8,-15.2));
#10130 = DIRECTION('',(0.57735026919,0.57735026919,-0.57735026919));
#10131 = DIRECTION('',(0.707106781187,-2.775557561563E-17,0.707106781187
    ));
#10132 = ADVANCED_FACE('',(#10133),#10151,.F.);
#10133 = FACE_BOUND('',#10134,.T.);
#10134 = EDGE_LOOP('',(#10135,#10136,#10137,#10145));
#10135 = ORIENTED_EDGE('',*,*,#10114,.F.);
#10136 = ORIENTED_EDGE('',*,*,#3036,.T.);
#10137 = ORIENTED_EDGE('',*,*,#10138,.T.);
#10138 = EDGE_CURVE('',#3029,#10139,#10141,.T.);
#10139 = VERTEX_POINT('',#10140);
#10140 = CARTESIAN_POINT('',(119.5,-53.,-34.));
#10141 = LINE('',#10142,#10143);
#10142 = CARTESIAN_POINT('',(119.75,-53.25,-34.));
#10143 = VECTOR('',#10144,1.);
#10144 = DIRECTION('',(-0.707106781187,0.707106781187,
    -8.659560562355E-17));
#10145 = ORIENTED_EDGE('',*,*,#10146,.F.);
#10146 = EDGE_CURVE('',#10115,#10139,#10147,.T.);
#10147 = LINE('',#10148,#10149);
#10148 = CARTESIAN_POINT('',(119.5,-53.,-15.));
#10149 = VECTOR('',#10150,1.);
#10150 = DIRECTION('',(1.224646799147E-16,0.,-1.));
#10151 = PLANE('',#10152);
#10152 = AXIS2_PLACEMENT_3D('',#10153,#10154,#10155);
#10153 = CARTESIAN_POINT('',(120.,-53.5,-15.));
#10154 = DIRECTION('',(-0.707106781187,-0.707106781187,
    -8.659560562355E-17));
#10155 = DIRECTION('',(-1.224646799147E-16,-0.,1.));
#10156 = ADVANCED_FACE('',(#10157),#10175,.T.);
#10157 = FACE_BOUND('',#10158,.T.);
#10158 = EDGE_LOOP('',(#10159,#10160,#10161,#10169));
#10159 = ORIENTED_EDGE('',*,*,#10138,.F.);
#10160 = ORIENTED_EDGE('',*,*,#3028,.F.);
#10161 = ORIENTED_EDGE('',*,*,#10162,.T.);
#10162 = EDGE_CURVE('',#3021,#10163,#10165,.T.);
#10163 = VERTEX_POINT('',#10164);
#10164 = CARTESIAN_POINT('',(119.5,-52.,-35.));
#10165 = LINE('',#10166,#10167);
#10166 = CARTESIAN_POINT('',(120.25,-52.,-35.75));
#10167 = VECTOR('',#10168,1.);
#10168 = DIRECTION('',(-0.707106781187,0.,0.707106781187));
#10169 = ORIENTED_EDGE('',*,*,#10170,.T.);
#10170 = EDGE_CURVE('',#10163,#10139,#10171,.T.);
#10171 = LINE('',#10172,#10173);
#10172 = CARTESIAN_POINT('',(119.5,-52.,-35.));
#10173 = VECTOR('',#10174,1.);
#10174 = DIRECTION('',(-8.659560562355E-17,-0.707106781187,
    0.707106781187));
#10175 = PLANE('',#10176);
#10176 = AXIS2_PLACEMENT_3D('',#10177,#10178,#10179);
#10177 = CARTESIAN_POINT('',(120.1,-52.8,-34.8));
#10178 = DIRECTION('',(0.57735026919,0.57735026919,0.57735026919));
#10179 = DIRECTION('',(0.707106781187,-0.707106781187,1.143511812392E-16
    ));
#10180 = ADVANCED_FACE('',(#10181),#10199,.F.);
#10181 = FACE_BOUND('',#10182,.T.);
#10182 = EDGE_LOOP('',(#10183,#10184,#10185,#10193));
#10183 = ORIENTED_EDGE('',*,*,#10162,.F.);
#10184 = ORIENTED_EDGE('',*,*,#3020,.T.);
#10185 = ORIENTED_EDGE('',*,*,#10186,.T.);
#10186 = EDGE_CURVE('',#3013,#10187,#10189,.T.);
#10187 = VERTEX_POINT('',#10188);
#10188 = CARTESIAN_POINT('',(119.5,-51.,-35.));
#10189 = LINE('',#10190,#10191);
#10190 = CARTESIAN_POINT('',(119.75,-51.,-35.25));
#10191 = VECTOR('',#10192,1.);
#10192 = DIRECTION('',(-0.707106781187,-4.999702984597E-15,
    0.707106781187));
#10193 = ORIENTED_EDGE('',*,*,#10194,.F.);
#10194 = EDGE_CURVE('',#10163,#10187,#10195,.T.);
#10195 = LINE('',#10196,#10197);
#10196 = CARTESIAN_POINT('',(119.5,-53.,-35.));
#10197 = VECTOR('',#10198,1.);
#10198 = DIRECTION('',(0.,1.,0.));
#10199 = PLANE('',#10200);
#10200 = AXIS2_PLACEMENT_3D('',#10201,#10202,#10203);
#10201 = CARTESIAN_POINT('',(120.,-53.,-35.5));
#10202 = DIRECTION('',(-0.707106781187,0.,-0.707106781187));
#10203 = DIRECTION('',(0.,-1.,0.));
#10204 = ADVANCED_FACE('',(#10205),#10223,.T.);
#10205 = FACE_BOUND('',#10206,.T.);
#10206 = EDGE_LOOP('',(#10207,#10208,#10209,#10217));
#10207 = ORIENTED_EDGE('',*,*,#10186,.F.);
#10208 = ORIENTED_EDGE('',*,*,#3012,.F.);
#10209 = ORIENTED_EDGE('',*,*,#10210,.T.);
#10210 = EDGE_CURVE('',#3005,#10211,#10213,.T.);
#10211 = VERTEX_POINT('',#10212);
#10212 = CARTESIAN_POINT('',(119.5,-50.,-34.));
#10213 = LINE('',#10214,#10215);
#10214 = CARTESIAN_POINT('',(120.25,-49.25,-34.));
#10215 = VECTOR('',#10216,1.);
#10216 = DIRECTION('',(-0.707106781187,-0.707106781187,
    -8.659560562355E-17));
#10217 = ORIENTED_EDGE('',*,*,#10218,.T.);
#10218 = EDGE_CURVE('',#10211,#10187,#10219,.T.);
#10219 = LINE('',#10220,#10221);
#10220 = CARTESIAN_POINT('',(119.5,-50.,-34.));
#10221 = VECTOR('',#10222,1.);
#10222 = DIRECTION('',(-4.913107378974E-15,-0.707106781187,
    -0.707106781187));
#10223 = PLANE('',#10224);
#10224 = AXIS2_PLACEMENT_3D('',#10225,#10226,#10227);
#10225 = CARTESIAN_POINT('',(120.1,-50.2,-34.8));
#10226 = DIRECTION('',(0.57735026919,-0.57735026919,0.57735026919));
#10227 = DIRECTION('',(-0.707106781187,-0.707106781187,
    -3.108445439229E-17));
#10228 = ADVANCED_FACE('',(#10229),#10240,.F.);
#10229 = FACE_BOUND('',#10230,.T.);
#10230 = EDGE_LOOP('',(#10231,#10232,#10233,#10234));
#10231 = ORIENTED_EDGE('',*,*,#10210,.F.);
#10232 = ORIENTED_EDGE('',*,*,#3004,.T.);
#10233 = ORIENTED_EDGE('',*,*,#10073,.T.);
#10234 = ORIENTED_EDGE('',*,*,#10235,.F.);
#10235 = EDGE_CURVE('',#10211,#10066,#10236,.T.);
#10236 = LINE('',#10237,#10238);
#10237 = CARTESIAN_POINT('',(119.5,-50.,-35.));
#10238 = VECTOR('',#10239,1.);
#10239 = DIRECTION('',(-1.224646799147E-16,0.,1.));
#10240 = PLANE('',#10241);
#10241 = AXIS2_PLACEMENT_3D('',#10242,#10243,#10244);
#10242 = CARTESIAN_POINT('',(120.,-49.5,-35.));
#10243 = DIRECTION('',(-0.707106781187,0.707106781187,
    -8.659560562355E-17));
#10244 = DIRECTION('',(1.224646799147E-16,0.,-1.));
#10245 = ADVANCED_FACE('',(#10246),#10265,.F.);
#10246 = FACE_BOUND('',#10247,.T.);
#10247 = EDGE_LOOP('',(#10248,#10249,#10257,#10264));
#10248 = ORIENTED_EDGE('',*,*,#3101,.F.);
#10249 = ORIENTED_EDGE('',*,*,#10250,.T.);
#10250 = EDGE_CURVE('',#3102,#10251,#10253,.T.);
#10251 = VERTEX_POINT('',#10252);
#10252 = CARTESIAN_POINT('',(108.,-85.,-4.));
#10253 = LINE('',#10254,#10255);
#10254 = CARTESIAN_POINT('',(108.,-85.,-20.));
#10255 = VECTOR('',#10256,1.);
#10256 = DIRECTION('',(-1.224646799147E-16,-0.,1.));
#10257 = ORIENTED_EDGE('',*,*,#10258,.T.);
#10258 = EDGE_CURVE('',#10251,#10251,#10259,.T.);
#10259 = CIRCLE('',#10260,3.5);
#10260 = AXIS2_PLACEMENT_3D('',#10261,#10262,#10263);
#10261 = CARTESIAN_POINT('',(111.5,-85.,-4.));
#10262 = DIRECTION('',(-1.224646799147E-16,0.,1.));
#10263 = DIRECTION('',(-1.,0.,-1.224646799147E-16));
#10264 = ORIENTED_EDGE('',*,*,#10250,.F.);
#10265 = CYLINDRICAL_SURFACE('',#10266,3.5);
#10266 = AXIS2_PLACEMENT_3D('',#10267,#10268,#10269);
#10267 = CARTESIAN_POINT('',(111.5,-85.,-20.));
#10268 = DIRECTION('',(1.224646799147E-16,0.,-1.));
#10269 = DIRECTION('',(-1.,0.,-1.224646799147E-16));
#10270 = ADVANCED_FACE('',(#10271),#10282,.F.);
#10271 = FACE_BOUND('',#10272,.F.);
#10272 = EDGE_LOOP('',(#10273,#10274,#10280,#10281));
#10273 = ORIENTED_EDGE('',*,*,#3226,.F.);
#10274 = ORIENTED_EDGE('',*,*,#10275,.F.);
#10275 = EDGE_CURVE('',#3136,#3219,#10276,.T.);
#10276 = LINE('',#10277,#10278);
#10277 = CARTESIAN_POINT('',(47.281927943979,-91.,-39.4469710671));
#10278 = VECTOR('',#10279,1.);
#10279 = DIRECTION('',(-0.999974408824,2.163115385445E-18,
    -7.154138519703E-03));
#10280 = ORIENTED_EDGE('',*,*,#3135,.T.);
#10281 = ORIENTED_EDGE('',*,*,#3194,.T.);
#10282 = PLANE('',#10283);
#10283 = AXIS2_PLACEMENT_3D('',#10284,#10285,#10286);
#10284 = CARTESIAN_POINT('',(35.700631292762,-76.3789572824,-39.5679));
#10285 = DIRECTION('',(7.154114266362E-03,-2.603884645495E-03,
    -0.999971018797));
#10286 = DIRECTION('',(-0.939665387363,0.34201023117,-7.613249384015E-03
    ));
#10287 = ADVANCED_FACE('',(#10288,#10299,#10335,#10387,#10423,#10434,
    #10486,#10522),#10558,.T.);
#10288 = FACE_BOUND('',#10289,.T.);
#10289 = EDGE_LOOP('',(#10290));
#10290 = ORIENTED_EDGE('',*,*,#10291,.T.);
#10291 = EDGE_CURVE('',#10292,#10292,#10294,.T.);
#10292 = VERTEX_POINT('',#10293);
#10293 = CARTESIAN_POINT('',(7.333628615818,-91.,-20.54));
#10294 = ELLIPSE('',#10295,21.31324600937,20.0279);
#10295 = AXIS2_PLACEMENT_3D('',#10296,#10297,#10298);
#10296 = CARTESIAN_POINT('',(28.646874625188,-91.,-20.54));
#10297 = DIRECTION('',(-3.702825051089E-32,1.,3.023586109617E-16));
#10298 = DIRECTION('',(1.,2.511763903085E-31,-7.082587762803E-16));
#10299 = FACE_BOUND('',#10300,.T.);
#10300 = EDGE_LOOP('',(#10301,#10312,#10320,#10329));
#10301 = ORIENTED_EDGE('',*,*,#10302,.F.);
#10302 = EDGE_CURVE('',#10303,#10305,#10307,.T.);
#10303 = VERTEX_POINT('',#10304);
#10304 = CARTESIAN_POINT('',(42.186059335241,-91.,-35.1463663723));
#10305 = VERTEX_POINT('',#10306);
#10306 = CARTESIAN_POINT('',(38.812615796494,-91.,-37.38774508971));
#10307 = ELLIPSE('',#10308,20.569878817722,19.329363335474);
#10308 = AXIS2_PLACEMENT_3D('',#10309,#10310,#10311);
#10309 = CARTESIAN_POINT('',(28.683878175846,-91.,-20.5641347));
#10310 = DIRECTION('',(-3.702825051089E-32,1.,3.023586109617E-16));
#10311 = DIRECTION('',(1.,2.511763903085E-31,-7.082587762803E-16));
#10312 = ORIENTED_EDGE('',*,*,#10313,.T.);
#10313 = EDGE_CURVE('',#10303,#10314,#10316,.T.);
#10314 = VERTEX_POINT('',#10315);
#10315 = CARTESIAN_POINT('',(42.186059335243,-91.,-5.93747712348));
#10316 = LINE('',#10317,#10318);
#10317 = CARTESIAN_POINT('',(42.186059335242,-91.,-29.32318318615));
#10318 = VECTOR('',#10319,1.);
#10319 = DIRECTION('',(4.377615810769E-14,-3.023586109617E-16,1.));
#10320 = ORIENTED_EDGE('',*,*,#10321,.F.);
#10321 = EDGE_CURVE('',#10322,#10314,#10324,.T.);
#10322 = VERTEX_POINT('',#10323);
#10323 = CARTESIAN_POINT('',(38.812615796494,-91.,-3.69225491029));
#10324 = ELLIPSE('',#10325,20.641777741777,19.396926223851);
#10325 = AXIS2_PLACEMENT_3D('',#10326,#10327,#10328);
#10326 = CARTESIAN_POINT('',(28.628683642676,-91.,-20.56413469999));
#10327 = DIRECTION('',(-3.702825051089E-32,1.,3.023586109617E-16));
#10328 = DIRECTION('',(1.,2.511763903085E-31,-7.082587762803E-16));
#10329 = ORIENTED_EDGE('',*,*,#10330,.F.);
#10330 = EDGE_CURVE('',#10305,#10322,#10331,.T.);
#10331 = LINE('',#10332,#10333);
#10332 = CARTESIAN_POINT('',(38.812615796494,-91.,-30.44387254485));
#10333 = VECTOR('',#10334,1.);
#10334 = DIRECTION('',(-2.325142143789E-16,-3.023586109617E-16,1.));
#10335 = FACE_BOUND('',#10336,.T.);
#10336 = EDGE_LOOP('',(#10337,#10347,#10356,#10364,#10373,#10381));
#10337 = ORIENTED_EDGE('',*,*,#10338,.F.);
#10338 = EDGE_CURVE('',#10339,#10341,#10343,.T.);
#10339 = VERTEX_POINT('',#10340);
#10340 = CARTESIAN_POINT('',(32.489584731265,-91.,-39.5679));
#10341 = VERTEX_POINT('',#10342);
#10342 = CARTESIAN_POINT('',(32.065722653183,-91.,-39.5679));
#10343 = LINE('',#10344,#10345);
#10344 = CARTESIAN_POINT('',(48.157159187141,-91.,-39.5679));
#10345 = VECTOR('',#10346,1.);
#10346 = DIRECTION('',(-1.,-5.068599568659E-30,1.664107168022E-14));
#10347 = ORIENTED_EDGE('',*,*,#10348,.F.);
#10348 = EDGE_CURVE('',#10349,#10339,#10351,.T.);
#10349 = VERTEX_POINT('',#10350);
#10350 = CARTESIAN_POINT('',(35.439165130877,-91.,-38.82555824542));
#10351 = ELLIPSE('',#10352,20.610463008427,19.3675);
#10352 = AXIS2_PLACEMENT_3D('',#10353,#10354,#10355);
#10353 = CARTESIAN_POINT('',(28.646874625188,-91.,-20.54));
#10354 = DIRECTION('',(-3.702825051089E-32,1.,3.023586109617E-16));
#10355 = DIRECTION('',(1.,2.511763903085E-31,-7.082587762803E-16));
#10356 = ORIENTED_EDGE('',*,*,#10357,.T.);
#10357 = EDGE_CURVE('',#10349,#10358,#10360,.T.);
#10358 = VERTEX_POINT('',#10359);
#10359 = CARTESIAN_POINT('',(35.439172256936,-91.,-2.254444091972));
#10360 = LINE('',#10361,#10362);
#10361 = CARTESIAN_POINT('',(35.439166624007,-91.,-31.16277639079));
#10362 = VECTOR('',#10363,1.);
#10363 = DIRECTION('',(1.94854850567E-07,-3.023586109617E-16,1.));
#10364 = ORIENTED_EDGE('',*,*,#10365,.F.);
#10365 = EDGE_CURVE('',#10366,#10358,#10368,.T.);
#10366 = VERTEX_POINT('',#10367);
#10367 = CARTESIAN_POINT('',(32.489584731213,-91.,-1.512100000004));
#10368 = ELLIPSE('',#10369,20.636978602244,19.392416507846);
#10369 = AXIS2_PLACEMENT_3D('',#10370,#10371,#10372);
#10370 = CARTESIAN_POINT('',(28.639995873492,-91.,-20.56413444394));
#10371 = DIRECTION('',(-3.702825051089E-32,1.,3.023586109617E-16));
#10372 = DIRECTION('',(1.,2.511763903085E-31,-7.082587762803E-16));
#10373 = ORIENTED_EDGE('',*,*,#10374,.T.);
#10374 = EDGE_CURVE('',#10366,#10375,#10377,.T.);
#10375 = VERTEX_POINT('',#10376);
#10376 = CARTESIAN_POINT('',(32.065728718997,-91.,-1.5121));
#10377 = LINE('',#10378,#10379);
#10378 = CARTESIAN_POINT('',(48.157159187212,-91.,-1.512100000138));
#10379 = VECTOR('',#10380,1.);
#10380 = DIRECTION('',(-1.,-2.587557110176E-27,8.557785318879E-12));
#10381 = ORIENTED_EDGE('',*,*,#10382,.F.);
#10382 = EDGE_CURVE('',#10341,#10375,#10383,.T.);
#10383 = LINE('',#10384,#10385);
#10384 = CARTESIAN_POINT('',(32.065723933736,-91.,-31.53394746497));
#10385 = VECTOR('',#10386,1.);
#10386 = DIRECTION('',(1.593926100499E-07,-3.023586109617E-16,1.));
#10387 = FACE_BOUND('',#10388,.T.);
#10388 = EDGE_LOOP('',(#10389,#10400,#10408,#10417));
#10389 = ORIENTED_EDGE('',*,*,#10390,.F.);
#10390 = EDGE_CURVE('',#10391,#10393,#10395,.T.);
#10391 = VERTEX_POINT('',#10392);
#10392 = CARTESIAN_POINT('',(45.540480523394,-91.,-9.445366938169));
#10393 = VERTEX_POINT('',#10394);
#10394 = CARTESIAN_POINT('',(48.895942862083,-91.,-16.9290336695));
#10395 = ELLIPSE('',#10396,20.571203207604,19.330607854873);
#10396 = AXIS2_PLACEMENT_3D('',#10397,#10398,#10399);
#10397 = CARTESIAN_POINT('',(28.683878175847,-91.,-20.52534948264));
#10398 = DIRECTION('',(-3.702825051089E-32,1.,3.023586109617E-16));
#10399 = DIRECTION('',(1.,2.511763903085E-31,-7.082587762803E-16));
#10400 = ORIENTED_EDGE('',*,*,#10401,.F.);
#10401 = EDGE_CURVE('',#10402,#10391,#10404,.T.);
#10402 = VERTEX_POINT('',#10403);
#10403 = CARTESIAN_POINT('',(45.504461910088,-91.,-31.6829057));
#10404 = LINE('',#10405,#10406);
#10405 = CARTESIAN_POINT('',(45.51111094014,-91.,-27.5778597266));
#10406 = VECTOR('',#10407,1.);
#10407 = DIRECTION('',(1.619719090533E-03,-3.023582143441E-16,
    0.999998688254));
#10408 = ORIENTED_EDGE('',*,*,#10409,.F.);
#10409 = EDGE_CURVE('',#10410,#10402,#10412,.T.);
#10410 = VERTEX_POINT('',#10411);
#10411 = CARTESIAN_POINT('',(48.895942862083,-91.,-24.15096633049));
#10412 = ELLIPSE('',#10413,20.571190861641,19.330596253462);
#10413 = AXIS2_PLACEMENT_3D('',#10414,#10415,#10416);
#10414 = CARTESIAN_POINT('',(28.683878175844,-91.,-20.55471287679));
#10415 = DIRECTION('',(-3.702825051089E-32,1.,3.023586109617E-16));
#10416 = DIRECTION('',(1.,2.511763903085E-31,-7.082587762803E-16));
#10417 = ORIENTED_EDGE('',*,*,#10418,.F.);
#10418 = EDGE_CURVE('',#10393,#10410,#10419,.T.);
#10419 = LINE('',#10420,#10421);
#10420 = CARTESIAN_POINT('',(48.895942862083,-91.,-22.02));
#10421 = VECTOR('',#10422,1.);
#10422 = DIRECTION('',(-4.632650016109E-15,3.023586109617E-16,-1.));
#10423 = FACE_BOUND('',#10424,.T.);
#10424 = EDGE_LOOP('',(#10425,#10426,#10432,#10433));
#10425 = ORIENTED_EDGE('',*,*,#3145,.F.);
#10426 = ORIENTED_EDGE('',*,*,#10427,.T.);
#10427 = EDGE_CURVE('',#3146,#3209,#10428,.T.);
#10428 = LINE('',#10429,#10430);
#10429 = CARTESIAN_POINT('',(47.225315646381,-91.,-1.5121));
#10430 = VECTOR('',#10431,1.);
#10431 = DIRECTION('',(-1.,0.,-1.224646799147E-16));
#10432 = ORIENTED_EDGE('',*,*,#3218,.F.);
#10433 = ORIENTED_EDGE('',*,*,#10275,.F.);
#10434 = FACE_BOUND('',#10435,.T.);
#10435 = EDGE_LOOP('',(#10436,#10446,#10454,#10462,#10471,#10479));
#10436 = ORIENTED_EDGE('',*,*,#10437,.F.);
#10437 = EDGE_CURVE('',#10438,#10440,#10442,.T.);
#10438 = VERTEX_POINT('',#10439);
#10439 = CARTESIAN_POINT('',(25.318841641499,-91.,-39.5679));
#10440 = VERTEX_POINT('',#10441);
#10441 = CARTESIAN_POINT('',(24.804164519112,-91.,-39.5679));
#10442 = LINE('',#10443,#10444);
#10443 = CARTESIAN_POINT('',(44.991196440462,-91.,-39.5679));
#10444 = VECTOR('',#10445,1.);
#10445 = DIRECTION('',(-1.,-1.252272766372E-29,4.129434043069E-14));
#10446 = ORIENTED_EDGE('',*,*,#10447,.T.);
#10447 = EDGE_CURVE('',#10438,#10448,#10450,.T.);
#10448 = VERTEX_POINT('',#10449);
#10449 = CARTESIAN_POINT('',(25.318841641499,-91.,-1.5121));
#10450 = LINE('',#10451,#10452);
#10451 = CARTESIAN_POINT('',(25.318841641499,-91.,-31.53395));
#10452 = VECTOR('',#10453,1.);
#10453 = DIRECTION('',(-2.325142143789E-16,-3.023586109617E-16,1.));
#10454 = ORIENTED_EDGE('',*,*,#10455,.T.);
#10455 = EDGE_CURVE('',#10448,#10456,#10458,.T.);
#10456 = VERTEX_POINT('',#10457);
#10457 = CARTESIAN_POINT('',(24.804164519112,-91.,-1.5121));
#10458 = LINE('',#10459,#10460);
#10459 = CARTESIAN_POINT('',(44.991196440462,-91.,-1.5121));
#10460 = VECTOR('',#10461,1.);
#10461 = DIRECTION('',(-1.,-2.087121277286E-30,6.780336171853E-15));
#10462 = ORIENTED_EDGE('',*,*,#10463,.F.);
#10463 = EDGE_CURVE('',#10464,#10456,#10466,.T.);
#10464 = VERTEX_POINT('',#10465);
#10465 = CARTESIAN_POINT('',(21.945398102751,-91.,-2.224877400065));
#10466 = ELLIPSE('',#10467,20.636966918383,19.392405528608);
#10467 = AXIS2_PLACEMENT_3D('',#10468,#10469,#10470);
#10468 = CARTESIAN_POINT('',(28.653689306039,-91.,-20.5641347));
#10469 = DIRECTION('',(-3.702825051089E-32,1.,3.023586109617E-16));
#10470 = DIRECTION('',(1.,2.511763903085E-31,-7.082587762803E-16));
#10471 = ORIENTED_EDGE('',*,*,#10472,.T.);
#10472 = EDGE_CURVE('',#10464,#10473,#10475,.T.);
#10473 = VERTEX_POINT('',#10474);
#10474 = CARTESIAN_POINT('',(21.945398102751,-91.,-38.85512259993));
#10475 = LINE('',#10476,#10477);
#10476 = CARTESIAN_POINT('',(21.945398102751,-91.,-12.86243870003));
#10477 = VECTOR('',#10478,1.);
#10478 = DIRECTION('',(1.323735713717E-14,3.023586109617E-16,-1.));
#10479 = ORIENTED_EDGE('',*,*,#10480,.F.);
#10480 = EDGE_CURVE('',#10440,#10473,#10481,.T.);
#10481 = ELLIPSE('',#10482,20.583959274652,19.342594636948);
#10482 = AXIS2_PLACEMENT_3D('',#10483,#10484,#10485);
#10483 = CARTESIAN_POINT('',(28.640059944297,-91.,-20.56413470018));
#10484 = DIRECTION('',(-3.702825051089E-32,1.,3.023586109617E-16));
#10485 = DIRECTION('',(1.,2.511763903085E-31,-7.082587762803E-16));
#10486 = FACE_BOUND('',#10487,.T.);
#10487 = EDGE_LOOP('',(#10488,#10499,#10507,#10516));
#10488 = ORIENTED_EDGE('',*,*,#10489,.F.);
#10489 = EDGE_CURVE('',#10490,#10492,#10494,.T.);
#10490 = VERTEX_POINT('',#10491);
#10491 = CARTESIAN_POINT('',(18.57195133514,-91.,-37.43584856255));
#10492 = VERTEX_POINT('',#10493);
#10493 = CARTESIAN_POINT('',(15.198511025255,-91.,-35.2164435865));
#10494 = ELLIPSE('',#10495,20.57926736146,19.338185680744);
#10495 = AXIS2_PLACEMENT_3D('',#10496,#10497,#10498);
#10496 = CARTESIAN_POINT('',(28.628892798942,-91.,-20.5641347));
#10497 = DIRECTION('',(-3.702825051089E-32,1.,3.023586109617E-16));
#10498 = DIRECTION('',(1.,2.511763903085E-31,-7.082587762803E-16));
#10499 = ORIENTED_EDGE('',*,*,#10500,.T.);
#10500 = EDGE_CURVE('',#10490,#10501,#10503,.T.);
#10501 = VERTEX_POINT('',#10502);
#10502 = CARTESIAN_POINT('',(18.571954564005,-91.,-3.644149737311));
#10503 = LINE('',#10504,#10505);
#10504 = CARTESIAN_POINT('',(18.571952000939,-91.,-30.46792204149));
#10505 = VECTOR('',#10506,1.);
#10506 = DIRECTION('',(9.555200876366E-08,-3.023586109617E-16,1.));
#10507 = ORIENTED_EDGE('',*,*,#10508,.F.);
#10508 = EDGE_CURVE('',#10509,#10501,#10511,.T.);
#10509 = VERTEX_POINT('',#10510);
#10510 = CARTESIAN_POINT('',(15.198511025256,-91.,-5.863556413498));
#10511 = ELLIPSE('',#10512,20.641659129164,19.396814764454);
#10512 = AXIS2_PLACEMENT_3D('',#10513,#10514,#10515);
#10513 = CARTESIAN_POINT('',(28.664856448013,-91.,-20.56413469999));
#10514 = DIRECTION('',(-3.702825051089E-32,1.,3.023586109617E-16));
#10515 = DIRECTION('',(1.,2.511763903085E-31,-7.082587762803E-16));
#10516 = ORIENTED_EDGE('',*,*,#10517,.T.);
#10517 = EDGE_CURVE('',#10509,#10492,#10518,.T.);
#10518 = LINE('',#10519,#10520);
#10519 = CARTESIAN_POINT('',(15.198511025256,-91.,-14.68177820674));
#10520 = VECTOR('',#10521,1.);
#10521 = DIRECTION('',(-3.171045237877E-14,3.023586109617E-16,-1.));
#10522 = FACE_BOUND('',#10523,.T.);
#10523 = EDGE_LOOP('',(#10524,#10535,#10543,#10552));
#10524 = ORIENTED_EDGE('',*,*,#10525,.F.);
#10525 = EDGE_CURVE('',#10526,#10528,#10530,.T.);
#10526 = VERTEX_POINT('',#10527);
#10527 = CARTESIAN_POINT('',(8.397806388294,-91.,-16.9290336695));
#10528 = VERTEX_POINT('',#10529);
#10529 = CARTESIAN_POINT('',(11.770030489768,-91.,-9.422863700037));
#10530 = ELLIPSE('',#10531,20.649732022607,19.404400802851);
#10531 = AXIS2_PLACEMENT_3D('',#10532,#10533,#10534);
#10532 = CARTESIAN_POINT('',(28.683878175845,-91.,-20.5546795609));
#10533 = DIRECTION('',(-3.702825051089E-32,1.,3.023586109617E-16));
#10534 = DIRECTION('',(1.,2.511763903085E-31,-7.082587762803E-16));
#10535 = ORIENTED_EDGE('',*,*,#10536,.F.);
#10536 = EDGE_CURVE('',#10537,#10526,#10539,.T.);
#10537 = VERTEX_POINT('',#10538);
#10538 = CARTESIAN_POINT('',(8.397806388294,-91.,-24.15096633049));
#10539 = LINE('',#10540,#10541);
#10540 = CARTESIAN_POINT('',(8.397806388294,-91.,-23.82548316524));
#10541 = VECTOR('',#10542,1.);
#10542 = DIRECTION('',(6.049547565623E-15,-3.023586109617E-16,1.));
#10543 = ORIENTED_EDGE('',*,*,#10544,.F.);
#10544 = EDGE_CURVE('',#10545,#10537,#10547,.T.);
#10545 = VERTEX_POINT('',#10546);
#10546 = CARTESIAN_POINT('',(11.806155570108,-91.,-31.7054057));
#10547 = ELLIPSE('',#10548,20.64974444112,19.404412472435);
#10548 = AXIS2_PLACEMENT_3D('',#10549,#10550,#10551);
#10549 = CARTESIAN_POINT('',(28.683878175845,-91.,-20.52525798418));
#10550 = DIRECTION('',(-3.702825051089E-32,1.,3.023586109617E-16));
#10551 = DIRECTION('',(1.,2.511763903085E-31,-7.082587762803E-16));
#10552 = ORIENTED_EDGE('',*,*,#10553,.T.);
#10553 = EDGE_CURVE('',#10545,#10528,#10554,.T.);
#10554 = LINE('',#10555,#10556);
#10555 = CARTESIAN_POINT('',(11.799575712772,-91.,-27.64684178615));
#10556 = VECTOR('',#10557,1.);
#10557 = DIRECTION('',(-1.621225839737E-03,-3.023582136058E-16,
    0.999998685813));
#10558 = PLANE('',#10559);
#10559 = AXIS2_PLACEMENT_3D('',#10560,#10561,#10562);
#10560 = CARTESIAN_POINT('',(58.75,-91.,-23.5));
#10561 = DIRECTION('',(-3.702825051089E-32,1.,3.023586109617E-16));
#10562 = DIRECTION('',(1.224646799147E-16,3.023586109617E-16,-1.));
#10563 = ADVANCED_FACE('',(#10564),#10570,.T.);
#10564 = FACE_BOUND('',#10565,.T.);
#10565 = EDGE_LOOP('',(#10566,#10567,#10568,#10569));
#10566 = ORIENTED_EDGE('',*,*,#3208,.F.);
#10567 = ORIENTED_EDGE('',*,*,#10427,.F.);
#10568 = ORIENTED_EDGE('',*,*,#3153,.T.);
#10569 = ORIENTED_EDGE('',*,*,#3253,.T.);
#10570 = PLANE('',#10571);
#10571 = AXIS2_PLACEMENT_3D('',#10572,#10573,#10574);
#10572 = CARTESIAN_POINT('',(35.700631292762,-76.3789572824,-1.5121));
#10573 = DIRECTION('',(1.224646799147E-16,0.,-1.));
#10574 = DIRECTION('',(-0.939692620786,0.342020143326,
    -1.150791560228E-16));
#10575 = ADVANCED_FACE('',(#10576),#10594,.T.);
#10576 = FACE_BOUND('',#10577,.T.);
#10577 = EDGE_LOOP('',(#10578,#10584,#10585,#10591,#10592,#10593));
#10578 = ORIENTED_EDGE('',*,*,#10579,.F.);
#10579 = EDGE_CURVE('',#10528,#3475,#10580,.T.);
#10580 = LINE('',#10581,#10582);
#10581 = CARTESIAN_POINT('',(19.268491558233,-70.39814753373,
    -9.422863700037));
#10582 = VECTOR('',#10583,1.);
#10583 = DIRECTION('',(-0.342020143326,-0.939692620786,
    -4.188538737677E-17));
#10584 = ORIENTED_EDGE('',*,*,#10553,.F.);
#10585 = ORIENTED_EDGE('',*,*,#10586,.T.);
#10586 = EDGE_CURVE('',#10545,#3290,#10587,.T.);
#10587 = LINE('',#10588,#10589);
#10588 = CARTESIAN_POINT('',(19.300390806929,-70.40975791075,-31.7054057
    ));
#10589 = VECTOR('',#10590,1.);
#10590 = DIRECTION('',(-0.342020143326,-0.939692620786,
    -4.188538737677E-17));
#10591 = ORIENTED_EDGE('',*,*,#3332,.F.);
#10592 = ORIENTED_EDGE('',*,*,#3459,.T.);
#10593 = ORIENTED_EDGE('',*,*,#3474,.T.);
#10594 = PLANE('',#10595);
#10595 = AXIS2_PLACEMENT_3D('',#10596,#10597,#10598);
#10596 = CARTESIAN_POINT('',(19.300390806929,-70.40975791075,-31.7054057
    ));
#10597 = DIRECTION('',(-0.939691530313,0.342019746426,
    -1.523454192429E-03));
#10598 = DIRECTION('',(-1.431578662731E-03,5.210520212448E-04,
    0.999998839543));
#10599 = ADVANCED_FACE('',(#10600),#10611,.F.);
#10600 = FACE_BOUND('',#10601,.T.);
#10601 = EDGE_LOOP('',(#10602,#10603,#10604,#10610));
#10602 = ORIENTED_EDGE('',*,*,#10586,.F.);
#10603 = ORIENTED_EDGE('',*,*,#10544,.T.);
#10604 = ORIENTED_EDGE('',*,*,#10605,.T.);
#10605 = EDGE_CURVE('',#10537,#3280,#10606,.T.);
#10606 = LINE('',#10607,#10608);
#10607 = CARTESIAN_POINT('',(16.290742740553,-69.31433559897,
    -24.15096633049));
#10608 = VECTOR('',#10609,1.);
#10609 = DIRECTION('',(-0.342020143326,-0.939692620786,
    -4.188538737677E-17));
#10610 = ORIENTED_EDGE('',*,*,#3289,.T.);
#10611 = CYLINDRICAL_SURFACE('',#10612,19.404412472435);
#10612 = AXIS2_PLACEMENT_3D('',#10613,#10614,#10615);
#10613 = CARTESIAN_POINT('',(34.203794917112,-75.8341533961,
    -20.52525798418));
#10614 = DIRECTION('',(0.342020143326,0.939692620786,4.188538737677E-17)
  );
#10615 = DIRECTION('',(-0.939692620786,0.342020143326,
    -1.150791560228E-16));
#10616 = ADVANCED_FACE('',(#10617),#10628,.F.);
#10617 = FACE_BOUND('',#10618,.F.);
#10618 = EDGE_LOOP('',(#10619,#10625,#10626,#10627));
#10619 = ORIENTED_EDGE('',*,*,#10620,.F.);
#10620 = EDGE_CURVE('',#10526,#3423,#10621,.T.);
#10621 = LINE('',#10622,#10623);
#10622 = CARTESIAN_POINT('',(16.290742740553,-69.31433559897,
    -16.9290336695));
#10623 = VECTOR('',#10624,1.);
#10624 = DIRECTION('',(-0.342020143326,-0.939692620786,
    -4.188538737677E-17));
#10625 = ORIENTED_EDGE('',*,*,#10536,.F.);
#10626 = ORIENTED_EDGE('',*,*,#10605,.T.);
#10627 = ORIENTED_EDGE('',*,*,#3432,.T.);
#10628 = PLANE('',#10629);
#10629 = AXIS2_PLACEMENT_3D('',#10630,#10631,#10632);
#10630 = CARTESIAN_POINT('',(16.290742740553,-69.31433559897,
    -24.15096633049));
#10631 = DIRECTION('',(-0.939692620786,0.342020143326,5.788127941966E-15
    ));
#10632 = DIRECTION('',(5.424735469037E-15,-2.019015737735E-15,1.));
#10633 = ADVANCED_FACE('',(#10634),#10640,.F.);
#10634 = FACE_BOUND('',#10635,.T.);
#10635 = EDGE_LOOP('',(#10636,#10637,#10638,#10639));
#10636 = ORIENTED_EDGE('',*,*,#10620,.F.);
#10637 = ORIENTED_EDGE('',*,*,#10525,.T.);
#10638 = ORIENTED_EDGE('',*,*,#10579,.T.);
#10639 = ORIENTED_EDGE('',*,*,#3484,.T.);
#10640 = CYLINDRICAL_SURFACE('',#10641,19.404400802851);
#10641 = AXIS2_PLACEMENT_3D('',#10642,#10643,#10644);
#10642 = CARTESIAN_POINT('',(34.203794917112,-75.8341533961,
    -20.5546795609));
#10643 = DIRECTION('',(0.342020143326,0.939692620786,4.188538737677E-17)
  );
#10644 = DIRECTION('',(-0.939692620786,0.342020143326,
    -1.150791560228E-16));
#10645 = ADVANCED_FACE('',(#10646),#10664,.T.);
#10646 = FACE_BOUND('',#10647,.T.);
#10647 = EDGE_LOOP('',(#10648,#10654,#10655,#10661,#10662,#10663));
#10648 = ORIENTED_EDGE('',*,*,#10649,.F.);
#10649 = EDGE_CURVE('',#10492,#3722,#10650,.T.);
#10650 = LINE('',#10651,#10652);
#10651 = CARTESIAN_POINT('',(22.295916057252,-71.50003993786,
    -35.2164435865));
#10652 = VECTOR('',#10653,1.);
#10653 = DIRECTION('',(-0.342020143326,-0.939692620786,
    -4.188538737677E-17));
#10654 = ORIENTED_EDGE('',*,*,#10517,.F.);
#10655 = ORIENTED_EDGE('',*,*,#10656,.T.);
#10656 = EDGE_CURVE('',#10509,#3674,#10657,.T.);
#10657 = LINE('',#10658,#10659);
#10658 = CARTESIAN_POINT('',(22.295916057253,-71.50003993786,
    -5.863556413498));
#10659 = VECTOR('',#10660,1.);
#10660 = DIRECTION('',(-0.342020143326,-0.939692620786,
    -4.188538737677E-17));
#10661 = ORIENTED_EDGE('',*,*,#3688,.F.);
#10662 = ORIENTED_EDGE('',*,*,#3637,.T.);
#10663 = ORIENTED_EDGE('',*,*,#3721,.T.);
#10664 = PLANE('',#10665);
#10665 = AXIS2_PLACEMENT_3D('',#10666,#10667,#10668);
#10666 = CARTESIAN_POINT('',(22.295916057253,-71.50003993786,
    -5.863556413498));
#10667 = DIRECTION('',(0.939692620786,-0.342020143326,
    -2.990149083757E-14));
#10668 = DIRECTION('',(-2.808388464437E-14,1.026627157135E-14,-1.));
#10669 = ADVANCED_FACE('',(#10670),#10681,.F.);
#10670 = FACE_BOUND('',#10671,.T.);
#10671 = EDGE_LOOP('',(#10672,#10673,#10674,#10680));
#10672 = ORIENTED_EDGE('',*,*,#10656,.F.);
#10673 = ORIENTED_EDGE('',*,*,#10508,.T.);
#10674 = ORIENTED_EDGE('',*,*,#10675,.T.);
#10675 = EDGE_CURVE('',#10501,#3664,#10676,.T.);
#10676 = LINE('',#10677,#10678);
#10677 = CARTESIAN_POINT('',(25.274741665144,-72.5842437922,
    -3.644149737311));
#10678 = VECTOR('',#10679,1.);
#10679 = DIRECTION('',(-0.342020143326,-0.939692620786,
    -4.188538737677E-17));
#10680 = ORIENTED_EDGE('',*,*,#3673,.T.);
#10681 = CYLINDRICAL_SURFACE('',#10682,19.396814764454);
#10682 = AXIS2_PLACEMENT_3D('',#10683,#10684,#10685);
#10683 = CARTESIAN_POINT('',(34.186998308743,-75.82803993061,
    -20.56413469999));
#10684 = DIRECTION('',(0.342020143326,0.939692620786,4.188538737677E-17)
  );
#10685 = DIRECTION('',(-0.939692620786,0.342020143326,
    -1.150791560228E-16));
#10686 = ADVANCED_FACE('',(#10687),#10700,.T.);
#10687 = FACE_BOUND('',#10688,.T.);
#10688 = EDGE_LOOP('',(#10689,#10690,#10691,#10697,#10698,#10699));
#10689 = ORIENTED_EDGE('',*,*,#10675,.F.);
#10690 = ORIENTED_EDGE('',*,*,#10500,.F.);
#10691 = ORIENTED_EDGE('',*,*,#10692,.T.);
#10692 = EDGE_CURVE('',#10490,#3732,#10693,.T.);
#10693 = LINE('',#10694,#10695);
#10694 = CARTESIAN_POINT('',(25.274738813985,-72.58424275447,
    -37.43584856255));
#10695 = VECTOR('',#10696,1.);
#10696 = DIRECTION('',(-0.342020143326,-0.939692620786,
    -4.188538737677E-17));
#10697 = ORIENTED_EDGE('',*,*,#3747,.F.);
#10698 = ORIENTED_EDGE('',*,*,#3795,.T.);
#10699 = ORIENTED_EDGE('',*,*,#3663,.T.);
#10700 = PLANE('',#10701);
#10701 = AXIS2_PLACEMENT_3D('',#10702,#10703,#10704);
#10702 = CARTESIAN_POINT('',(25.274738813985,-72.58424275447,
    -37.43584856255));
#10703 = DIRECTION('',(-0.939692620786,0.342020143326,8.978951763989E-08
    ));
#10704 = DIRECTION('',(8.437454713581E-08,-3.07098237317E-08,1.));
#10705 = ADVANCED_FACE('',(#10706),#10712,.F.);
#10706 = FACE_BOUND('',#10707,.T.);
#10707 = EDGE_LOOP('',(#10708,#10709,#10710,#10711));
#10708 = ORIENTED_EDGE('',*,*,#10692,.F.);
#10709 = ORIENTED_EDGE('',*,*,#10489,.T.);
#10710 = ORIENTED_EDGE('',*,*,#10649,.T.);
#10711 = ORIENTED_EDGE('',*,*,#3731,.T.);
#10712 = CYLINDRICAL_SURFACE('',#10713,19.338185680744);
#10713 = AXIS2_PLACEMENT_3D('',#10714,#10715,#10716);
#10714 = CARTESIAN_POINT('',(34.155241607445,-75.8164814366,-20.5641347)
  );
#10715 = DIRECTION('',(0.342020143326,0.939692620786,4.188538737677E-17)
  );
#10716 = DIRECTION('',(-0.939692620786,0.342020143326,
    -1.150791560228E-16));
#10717 = ADVANCED_FACE('',(#10718),#10736,.T.);
#10718 = FACE_BOUND('',#10719,.T.);
#10719 = EDGE_LOOP('',(#10720,#10726,#10727,#10733,#10734,#10735));
#10720 = ORIENTED_EDGE('',*,*,#10721,.F.);
#10721 = EDGE_CURVE('',#10473,#3964,#10722,.T.);
#10722 = LINE('',#10723,#10724);
#10723 = CARTESIAN_POINT('',(28.253567273034,-73.66844764654,
    -38.85512259993));
#10724 = VECTOR('',#10725,1.);
#10725 = DIRECTION('',(-0.342020143326,-0.939692620786,
    -4.188538737677E-17));
#10726 = ORIENTED_EDGE('',*,*,#10472,.F.);
#10727 = ORIENTED_EDGE('',*,*,#10728,.T.);
#10728 = EDGE_CURVE('',#10464,#3831,#10729,.T.);
#10729 = LINE('',#10730,#10731);
#10730 = CARTESIAN_POINT('',(28.253567273033,-73.66844764654,
    -2.224877400065));
#10731 = VECTOR('',#10732,1.);
#10732 = DIRECTION('',(-0.342020143326,-0.939692620786,
    -4.188538737677E-17));
#10733 = ORIENTED_EDGE('',*,*,#3846,.F.);
#10734 = ORIENTED_EDGE('',*,*,#3924,.T.);
#10735 = ORIENTED_EDGE('',*,*,#3963,.T.);
#10736 = PLANE('',#10737);
#10737 = AXIS2_PLACEMENT_3D('',#10738,#10739,#10740);
#10738 = CARTESIAN_POINT('',(28.253567273033,-73.66844764654,
    -2.224877400065));
#10739 = DIRECTION('',(0.939692620786,-0.342020143326,1.233563408505E-14
    ));
#10740 = DIRECTION('',(1.160602996863E-14,-4.179675948346E-15,-1.));
#10741 = ADVANCED_FACE('',(#10742),#10753,.F.);
#10742 = FACE_BOUND('',#10743,.T.);
#10743 = EDGE_LOOP('',(#10744,#10745,#10746,#10752));
#10744 = ORIENTED_EDGE('',*,*,#10728,.F.);
#10745 = ORIENTED_EDGE('',*,*,#10463,.T.);
#10746 = ORIENTED_EDGE('',*,*,#10747,.T.);
#10747 = EDGE_CURVE('',#10456,#3821,#10748,.T.);
#10748 = LINE('',#10749,#10750);
#10749 = CARTESIAN_POINT('',(30.777921544928,-74.58723746226,-1.5121));
#10750 = VECTOR('',#10751,1.);
#10751 = DIRECTION('',(-0.342020143326,-0.939692620786,
    -4.188538737677E-17));
#10752 = ORIENTED_EDGE('',*,*,#3830,.T.);
#10753 = CYLINDRICAL_SURFACE('',#10754,19.392405528608);
#10754 = AXIS2_PLACEMENT_3D('',#10755,#10756,#10757);
#10755 = CARTESIAN_POINT('',(34.177137474229,-75.82445088037,-20.5641347
    ));
#10756 = DIRECTION('',(0.342020143326,0.939692620786,4.188538737677E-17)
  );
#10757 = DIRECTION('',(-0.939692620786,0.342020143326,
    -1.150791560228E-16));
#10758 = ADVANCED_FACE('',(#10759),#10777,.T.);
#10759 = FACE_BOUND('',#10760,.T.);
#10760 = EDGE_LOOP('',(#10761,#10767,#10768,#10774,#10775,#10776));
#10761 = ORIENTED_EDGE('',*,*,#10762,.F.);
#10762 = EDGE_CURVE('',#10448,#3891,#10763,.T.);
#10763 = LINE('',#10764,#10765);
#10764 = CARTESIAN_POINT('',(31.232392880925,-74.75265150089,-1.5121));
#10765 = VECTOR('',#10766,1.);
#10766 = DIRECTION('',(-0.342020143326,-0.939692620786,
    -4.188538737677E-17));
#10767 = ORIENTED_EDGE('',*,*,#10447,.F.);
#10768 = ORIENTED_EDGE('',*,*,#10769,.T.);
#10769 = EDGE_CURVE('',#10438,#4031,#10770,.T.);
#10770 = LINE('',#10771,#10772);
#10771 = CARTESIAN_POINT('',(31.232392880925,-74.75265150089,-39.5679));
#10772 = VECTOR('',#10773,1.);
#10773 = DIRECTION('',(-0.342020143326,-0.939692620786,
    -4.188538737677E-17));
#10774 = ORIENTED_EDGE('',*,*,#4038,.F.);
#10775 = ORIENTED_EDGE('',*,*,#3948,.T.);
#10776 = ORIENTED_EDGE('',*,*,#3898,.T.);
#10777 = PLANE('',#10778);
#10778 = AXIS2_PLACEMENT_3D('',#10779,#10780,#10781);
#10779 = CARTESIAN_POINT('',(31.232392880925,-74.75265150089,-39.5679));
#10780 = DIRECTION('',(-0.939692620786,0.342020143326,
    -1.150791560228E-16));
#10781 = DIRECTION('',(-1.224646799147E-16,0.,1.));
#10782 = ADVANCED_FACE('',(#10783),#10789,.T.);
#10783 = FACE_BOUND('',#10784,.T.);
#10784 = EDGE_LOOP('',(#10785,#10786,#10787,#10788));
#10785 = ORIENTED_EDGE('',*,*,#10747,.F.);
#10786 = ORIENTED_EDGE('',*,*,#10455,.F.);
#10787 = ORIENTED_EDGE('',*,*,#10762,.T.);
#10788 = ORIENTED_EDGE('',*,*,#3890,.T.);
#10789 = PLANE('',#10790);
#10790 = AXIS2_PLACEMENT_3D('',#10791,#10792,#10793);
#10791 = CARTESIAN_POINT('',(31.232392880925,-74.75265150089,-1.5121));
#10792 = DIRECTION('',(-6.780336171853E-15,2.512414043111E-15,-1.));
#10793 = DIRECTION('',(-0.939692620786,0.342020143326,7.230728078257E-15
    ));
#10794 = ADVANCED_FACE('',(#10795),#10806,.F.);
#10795 = FACE_BOUND('',#10796,.T.);
#10796 = EDGE_LOOP('',(#10797,#10803,#10804,#10805));
#10797 = ORIENTED_EDGE('',*,*,#10798,.F.);
#10798 = EDGE_CURVE('',#10440,#3974,#10799,.T.);
#10799 = LINE('',#10800,#10801);
#10800 = CARTESIAN_POINT('',(30.777921544928,-74.58723746226,-39.5679));
#10801 = VECTOR('',#10802,1.);
#10802 = DIRECTION('',(-0.342020143326,-0.939692620786,
    -4.188538737677E-17));
#10803 = ORIENTED_EDGE('',*,*,#10480,.T.);
#10804 = ORIENTED_EDGE('',*,*,#10721,.T.);
#10805 = ORIENTED_EDGE('',*,*,#3973,.T.);
#10806 = CYLINDRICAL_SURFACE('',#10807,19.342594636948);
#10807 = AXIS2_PLACEMENT_3D('',#10808,#10809,#10810);
#10808 = CARTESIAN_POINT('',(34.165102444945,-75.82007048794,
    -20.56413470018));
#10809 = DIRECTION('',(0.342020143326,0.939692620786,4.188538737677E-17)
  );
#10810 = DIRECTION('',(-0.939692620786,0.342020143326,
    -1.150791560228E-16));
#10811 = ADVANCED_FACE('',(#10812),#10818,.F.);
#10812 = FACE_BOUND('',#10813,.F.);
#10813 = EDGE_LOOP('',(#10814,#10815,#10816,#10817));
#10814 = ORIENTED_EDGE('',*,*,#10798,.F.);
#10815 = ORIENTED_EDGE('',*,*,#10437,.F.);
#10816 = ORIENTED_EDGE('',*,*,#10769,.T.);
#10817 = ORIENTED_EDGE('',*,*,#4030,.T.);
#10818 = PLANE('',#10819);
#10819 = AXIS2_PLACEMENT_3D('',#10820,#10821,#10822);
#10820 = CARTESIAN_POINT('',(31.232392880925,-74.75265150089,-39.5679));
#10821 = DIRECTION('',(-4.129434043069E-14,1.507448425866E-14,-1.));
#10822 = DIRECTION('',(-0.939692620786,0.342020143326,4.395976424965E-14
    ));
#10823 = ADVANCED_FACE('',(#10824),#10842,.T.);
#10824 = FACE_BOUND('',#10825,.T.);
#10825 = EDGE_LOOP('',(#10826,#10832,#10833,#10839,#10840,#10841));
#10826 = ORIENTED_EDGE('',*,*,#10827,.F.);
#10827 = EDGE_CURVE('',#10358,#4063,#10828,.T.);
#10828 = LINE('',#10829,#10830);
#10829 = CARTESIAN_POINT('',(40.168869703884,-78.00526306365,
    -2.254444091972));
#10830 = VECTOR('',#10831,1.);
#10831 = DIRECTION('',(-0.342020143326,-0.939692620786,
    -4.188538737677E-17));
#10832 = ORIENTED_EDGE('',*,*,#10357,.F.);
#10833 = ORIENTED_EDGE('',*,*,#10834,.T.);
#10834 = EDGE_CURVE('',#10349,#4227,#10835,.T.);
#10835 = LINE('',#10836,#10837);
#10836 = CARTESIAN_POINT('',(40.168863411416,-78.00526077338,
    -38.82555824542));
#10837 = VECTOR('',#10838,1.);
#10838 = DIRECTION('',(-0.342020143326,-0.939692620786,
    -4.188538737677E-17));
#10839 = ORIENTED_EDGE('',*,*,#4242,.F.);
#10840 = ORIENTED_EDGE('',*,*,#4168,.T.);
#10841 = ORIENTED_EDGE('',*,*,#4062,.T.);
#10842 = PLANE('',#10843);
#10843 = AXIS2_PLACEMENT_3D('',#10844,#10845,#10846);
#10844 = CARTESIAN_POINT('',(40.168863411416,-78.00526077338,
    -38.82555824542));
#10845 = DIRECTION('',(-0.939692620786,0.342020143326,1.831036653056E-07
    ));
#10846 = DIRECTION('',(1.720611631122E-07,-6.262514189062E-08,1.));
#10847 = ADVANCED_FACE('',(#10848),#10859,.F.);
#10848 = FACE_BOUND('',#10849,.T.);
#10849 = EDGE_LOOP('',(#10850,#10856,#10857,#10858));
#10850 = ORIENTED_EDGE('',*,*,#10851,.F.);
#10851 = EDGE_CURVE('',#10366,#4073,#10852,.T.);
#10852 = LINE('',#10853,#10854);
#10853 = CARTESIAN_POINT('',(37.564318374236,-77.05728390604,
    -1.512100000004));
#10854 = VECTOR('',#10855,1.);
#10855 = DIRECTION('',(-0.342020143326,-0.939692620786,
    -4.188538737677E-17));
#10856 = ORIENTED_EDGE('',*,*,#10365,.T.);
#10857 = ORIENTED_EDGE('',*,*,#10827,.T.);
#10858 = ORIENTED_EDGE('',*,*,#4072,.T.);
#10859 = CYLINDRICAL_SURFACE('',#10860,19.392416507846);
#10860 = AXIS2_PLACEMENT_3D('',#10861,#10862,#10863);
#10861 = CARTESIAN_POINT('',(34.165045869001,-75.82004989598,
    -20.56413444394));
#10862 = DIRECTION('',(0.342020143326,0.939692620786,4.188538737677E-17)
  );
#10863 = DIRECTION('',(-0.939692620786,0.342020143326,
    -1.150791560228E-16));
#10864 = ADVANCED_FACE('',(#10865),#10883,.F.);
#10865 = FACE_BOUND('',#10866,.F.);
#10866 = EDGE_LOOP('',(#10867,#10873,#10874,#10880,#10881,#10882));
#10867 = ORIENTED_EDGE('',*,*,#10868,.F.);
#10868 = EDGE_CURVE('',#10375,#4191,#10869,.T.);
#10869 = LINE('',#10870,#10871);
#10870 = CARTESIAN_POINT('',(37.190044096707,-76.92105920957,-1.5121));
#10871 = VECTOR('',#10872,1.);
#10872 = DIRECTION('',(-0.342020143326,-0.939692620786,
    -4.188538737677E-17));
#10873 = ORIENTED_EDGE('',*,*,#10382,.F.);
#10874 = ORIENTED_EDGE('',*,*,#10875,.T.);
#10875 = EDGE_CURVE('',#10341,#4302,#10876,.T.);
#10876 = LINE('',#10877,#10878);
#10877 = CARTESIAN_POINT('',(37.190038740459,-76.92105726006,-39.5679));
#10878 = VECTOR('',#10879,1.);
#10879 = DIRECTION('',(-0.342020143326,-0.939692620786,
    -4.188538737677E-17));
#10880 = ORIENTED_EDGE('',*,*,#4301,.F.);
#10881 = ORIENTED_EDGE('',*,*,#4286,.T.);
#10882 = ORIENTED_EDGE('',*,*,#4190,.T.);
#10883 = PLANE('',#10884);
#10884 = AXIS2_PLACEMENT_3D('',#10885,#10886,#10887);
#10885 = CARTESIAN_POINT('',(37.190038740459,-76.92105726006,-39.5679));
#10886 = DIRECTION('',(-0.939692620786,0.342020143326,1.497800595751E-07
    ));
#10887 = DIRECTION('',(1.407472167092E-07,-5.122779748255E-08,1.));
#10888 = ADVANCED_FACE('',(#10889),#10895,.T.);
#10889 = FACE_BOUND('',#10890,.T.);
#10890 = EDGE_LOOP('',(#10891,#10892,#10893,#10894));
#10891 = ORIENTED_EDGE('',*,*,#10868,.F.);
#10892 = ORIENTED_EDGE('',*,*,#10374,.F.);
#10893 = ORIENTED_EDGE('',*,*,#10851,.T.);
#10894 = ORIENTED_EDGE('',*,*,#4198,.T.);
#10895 = PLANE('',#10896);
#10896 = AXIS2_PLACEMENT_3D('',#10897,#10898,#10899);
#10897 = CARTESIAN_POINT('',(37.564318374236,-77.05728390604,
    -1.512100000004));
#10898 = DIRECTION('',(-8.557785318879E-12,3.114823700811E-12,-1.));
#10899 = DIRECTION('',(-0.939692620786,0.342020143326,9.107020163006E-12
    ));
#10900 = ADVANCED_FACE('',(#10901),#10912,.F.);
#10901 = FACE_BOUND('',#10902,.T.);
#10902 = EDGE_LOOP('',(#10903,#10904,#10905,#10911));
#10903 = ORIENTED_EDGE('',*,*,#10834,.F.);
#10904 = ORIENTED_EDGE('',*,*,#10348,.T.);
#10905 = ORIENTED_EDGE('',*,*,#10906,.T.);
#10906 = EDGE_CURVE('',#10339,#4217,#10907,.T.);
#10907 = LINE('',#10908,#10909);
#10908 = CARTESIAN_POINT('',(37.564318374282,-77.05728390606,-39.5679));
#10909 = VECTOR('',#10910,1.);
#10910 = DIRECTION('',(-0.342020143326,-0.939692620786,
    -4.188538737677E-17));
#10911 = ORIENTED_EDGE('',*,*,#4226,.T.);
#10912 = CYLINDRICAL_SURFACE('',#10913,19.3675);
#10913 = AXIS2_PLACEMENT_3D('',#10914,#10915,#10916);
#10914 = CARTESIAN_POINT('',(34.171119959605,-75.82226068416,-20.54));
#10915 = DIRECTION('',(0.342020143326,0.939692620786,4.188538737677E-17)
  );
#10916 = DIRECTION('',(-0.939692620786,0.342020143326,
    -1.150791560228E-16));
#10917 = ADVANCED_FACE('',(#10918),#10924,.F.);
#10918 = FACE_BOUND('',#10919,.F.);
#10919 = EDGE_LOOP('',(#10920,#10921,#10922,#10923));
#10920 = ORIENTED_EDGE('',*,*,#10875,.F.);
#10921 = ORIENTED_EDGE('',*,*,#10338,.F.);
#10922 = ORIENTED_EDGE('',*,*,#10906,.T.);
#10923 = ORIENTED_EDGE('',*,*,#4309,.T.);
#10924 = PLANE('',#10925);
#10925 = AXIS2_PLACEMENT_3D('',#10926,#10927,#10928);
#10926 = CARTESIAN_POINT('',(37.564318374282,-77.05728390606,-39.5679));
#10927 = DIRECTION('',(-1.664107168022E-14,6.10142825613E-15,-1.));
#10928 = DIRECTION('',(-0.939692620786,0.342020143326,1.772430362653E-14
    ));
#10929 = ADVANCED_FACE('',(#10930),#10948,.T.);
#10930 = FACE_BOUND('',#10931,.T.);
#10931 = EDGE_LOOP('',(#10932,#10938,#10939,#10945,#10946,#10947));
#10932 = ORIENTED_EDGE('',*,*,#10933,.F.);
#10933 = EDGE_CURVE('',#10314,#4336,#10934,.T.);
#10934 = LINE('',#10935,#10936);
#10935 = CARTESIAN_POINT('',(46.126520920381,-80.1736707726,
    -5.93747712348));
#10936 = VECTOR('',#10937,1.);
#10937 = DIRECTION('',(-0.342020143326,-0.939692620786,
    -4.188538737677E-17));
#10938 = ORIENTED_EDGE('',*,*,#10313,.F.);
#10939 = ORIENTED_EDGE('',*,*,#10940,.T.);
#10940 = EDGE_CURVE('',#10303,#4464,#10941,.T.);
#10941 = LINE('',#10942,#10943);
#10942 = CARTESIAN_POINT('',(46.12652092038,-80.1736707726,
    -35.1463663723));
#10943 = VECTOR('',#10944,1.);
#10944 = DIRECTION('',(-0.342020143326,-0.939692620786,
    -4.188538737677E-17));
#10945 = ORIENTED_EDGE('',*,*,#4478,.F.);
#10946 = ORIENTED_EDGE('',*,*,#4412,.T.);
#10947 = ORIENTED_EDGE('',*,*,#4335,.T.);
#10948 = PLANE('',#10949);
#10949 = AXIS2_PLACEMENT_3D('',#10950,#10951,#10952);
#10950 = CARTESIAN_POINT('',(46.12652092038,-80.1736707726,
    -35.1463663723));
#10951 = DIRECTION('',(-0.939692620786,0.342020143326,4.123954547561E-14
    ));
#10952 = DIRECTION('',(3.87381709218E-14,-1.414411464369E-14,1.));
#10953 = ADVANCED_FACE('',(#10954),#10965,.F.);
#10954 = FACE_BOUND('',#10955,.T.);
#10955 = EDGE_LOOP('',(#10956,#10962,#10963,#10964));
#10956 = ORIENTED_EDGE('',*,*,#10957,.F.);
#10957 = EDGE_CURVE('',#10322,#4346,#10958,.T.);
#10958 = LINE('',#10959,#10960);
#10959 = CARTESIAN_POINT('',(43.14769531249,-79.08946691826,
    -3.69225491029));
#10960 = VECTOR('',#10961,1.);
#10961 = DIRECTION('',(-0.342020143326,-0.939692620786,
    -4.188538737677E-17));
#10962 = ORIENTED_EDGE('',*,*,#10321,.T.);
#10963 = ORIENTED_EDGE('',*,*,#10933,.T.);
#10964 = ORIENTED_EDGE('',*,*,#4345,.T.);
#10965 = CYLINDRICAL_SURFACE('',#10966,19.396926223851);
#10966 = AXIS2_PLACEMENT_3D('',#10967,#10968,#10969);
#10967 = CARTESIAN_POINT('',(34.155056917814,-75.81641421507,
    -20.56413469999));
#10968 = DIRECTION('',(0.342020143326,0.939692620786,4.188538737677E-17)
  );
#10969 = DIRECTION('',(-0.939692620786,0.342020143326,
    -1.150791560228E-16));
#10970 = ADVANCED_FACE('',(#10971),#10984,.F.);
#10971 = FACE_BOUND('',#10972,.F.);
#10972 = EDGE_LOOP('',(#10973,#10974,#10975,#10981,#10982,#10983));
#10973 = ORIENTED_EDGE('',*,*,#10957,.F.);
#10974 = ORIENTED_EDGE('',*,*,#10330,.F.);
#10975 = ORIENTED_EDGE('',*,*,#10976,.T.);
#10976 = EDGE_CURVE('',#10305,#4454,#10977,.T.);
#10977 = LINE('',#10978,#10979);
#10978 = CARTESIAN_POINT('',(43.14769531249,-79.08946691826,
    -37.38774508971));
#10979 = VECTOR('',#10980,1.);
#10980 = DIRECTION('',(-0.342020143326,-0.939692620786,
    -4.188538737677E-17));
#10981 = ORIENTED_EDGE('',*,*,#4453,.F.);
#10982 = ORIENTED_EDGE('',*,*,#4438,.T.);
#10983 = ORIENTED_EDGE('',*,*,#4359,.T.);
#10984 = PLANE('',#10985);
#10985 = AXIS2_PLACEMENT_3D('',#10986,#10987,#10988);
#10986 = CARTESIAN_POINT('',(43.14769531249,-79.08946691826,
    -37.38774508971));
#10987 = DIRECTION('',(-0.939692620786,0.342020143326,
    -1.150791560228E-16));
#10988 = DIRECTION('',(-1.224646799147E-16,0.,1.));
#10989 = ADVANCED_FACE('',(#10990),#10996,.F.);
#10990 = FACE_BOUND('',#10991,.T.);
#10991 = EDGE_LOOP('',(#10992,#10993,#10994,#10995));
#10992 = ORIENTED_EDGE('',*,*,#10940,.F.);
#10993 = ORIENTED_EDGE('',*,*,#10302,.T.);
#10994 = ORIENTED_EDGE('',*,*,#10976,.T.);
#10995 = ORIENTED_EDGE('',*,*,#4463,.T.);
#10996 = CYLINDRICAL_SURFACE('',#10997,19.329363335474);
#10997 = AXIS2_PLACEMENT_3D('',#10998,#10999,#11000);
#10998 = CARTESIAN_POINT('',(34.203794917112,-75.8341533961,-20.5641347)
  );
#10999 = DIRECTION('',(0.342020143326,0.939692620786,4.188538737677E-17)
  );
#11000 = DIRECTION('',(-0.939692620786,0.342020143326,
    -1.150791560228E-16));
#11001 = ADVANCED_FACE('',(#11002),#11020,.F.);
#11002 = FACE_BOUND('',#11003,.F.);
#11003 = EDGE_LOOP('',(#11004,#11010,#11011,#11017,#11018,#11019));
#11004 = ORIENTED_EDGE('',*,*,#11005,.F.);
#11005 = EDGE_CURVE('',#10391,#4722,#11006,.T.);
#11006 = LINE('',#11007,#11008);
#11007 = CARTESIAN_POINT('',(49.088549369989,-81.25176096131,
    -9.445366938169));
#11008 = VECTOR('',#11009,1.);
#11009 = DIRECTION('',(-0.342020143326,-0.939692620786,
    -4.188538737677E-17));
#11010 = ORIENTED_EDGE('',*,*,#10401,.F.);
#11011 = ORIENTED_EDGE('',*,*,#11012,.T.);
#11012 = EDGE_CURVE('',#10402,#4524,#11013,.T.);
#11013 = LINE('',#11014,#11015);
#11014 = CARTESIAN_POINT('',(49.05674413405,-81.24018480213,-31.6829057)
  );
#11015 = VECTOR('',#11016,1.);
#11016 = DIRECTION('',(-0.342020143326,-0.939692620786,
    -4.188538737677E-17));
#11017 = ORIENTED_EDGE('',*,*,#4523,.F.);
#11018 = ORIENTED_EDGE('',*,*,#4678,.T.);
#11019 = ORIENTED_EDGE('',*,*,#4768,.T.);
#11020 = PLANE('',#11021);
#11021 = AXIS2_PLACEMENT_3D('',#11022,#11023,#11024);
#11022 = CARTESIAN_POINT('',(49.05674413405,-81.24018480213,-31.6829057)
  );
#11023 = DIRECTION('',(-0.939691532339,0.342019747163,1.522038310669E-03
    ));
#11024 = DIRECTION('',(1.43024816909E-03,-5.205677611624E-04,
    0.999998841699));
#11025 = ADVANCED_FACE('',(#11026),#11037,.F.);
#11026 = FACE_BOUND('',#11027,.T.);
#11027 = EDGE_LOOP('',(#11028,#11034,#11035,#11036));
#11028 = ORIENTED_EDGE('',*,*,#11029,.F.);
#11029 = EDGE_CURVE('',#10410,#4534,#11030,.T.);
#11030 = LINE('',#11031,#11032);
#11031 = CARTESIAN_POINT('',(52.051497178657,-82.33018576935,
    -24.15096633049));
#11032 = VECTOR('',#11033,1.);
#11033 = DIRECTION('',(-0.342020143326,-0.939692620786,
    -4.188538737677E-17));
#11034 = ORIENTED_EDGE('',*,*,#10409,.T.);
#11035 = ORIENTED_EDGE('',*,*,#11012,.T.);
#11036 = ORIENTED_EDGE('',*,*,#4533,.T.);
#11037 = CYLINDRICAL_SURFACE('',#11038,19.330596253462);
#11038 = AXIS2_PLACEMENT_3D('',#11039,#11040,#11041);
#11039 = CARTESIAN_POINT('',(34.203794917111,-75.8341533961,
    -20.55471287679));
#11040 = DIRECTION('',(0.342020143326,0.939692620786,4.188538737677E-17)
  );
#11041 = DIRECTION('',(-0.939692620786,0.342020143326,
    -1.150791560228E-16));
#11042 = ADVANCED_FACE('',(#11043),#11054,.F.);
#11043 = FACE_BOUND('',#11044,.F.);
#11044 = EDGE_LOOP('',(#11045,#11046,#11047,#11053));
#11045 = ORIENTED_EDGE('',*,*,#11029,.F.);
#11046 = ORIENTED_EDGE('',*,*,#10418,.F.);
#11047 = ORIENTED_EDGE('',*,*,#11048,.T.);
#11048 = EDGE_CURVE('',#10393,#4693,#11049,.T.);
#11049 = LINE('',#11050,#11051);
#11050 = CARTESIAN_POINT('',(52.051497178657,-82.33018576935,
    -16.9290336695));
#11051 = VECTOR('',#11052,1.);
#11052 = DIRECTION('',(-0.342020143326,-0.939692620786,
    -4.188538737677E-17));
#11053 = ORIENTED_EDGE('',*,*,#4704,.T.);
#11054 = PLANE('',#11055);
#11055 = AXIS2_PLACEMENT_3D('',#11056,#11057,#11058);
#11056 = CARTESIAN_POINT('',(49.927764668971,-88.16509288467,-20.54));
#11057 = DIRECTION('',(0.939692620786,-0.342020143326,
    -4.456679770278E-15));
#11058 = DIRECTION('',(-0.342020143326,-0.939692620786,
    -4.188538737677E-17));
#11059 = ADVANCED_FACE('',(#11060),#11066,.F.);
#11060 = FACE_BOUND('',#11061,.T.);
#11061 = EDGE_LOOP('',(#11062,#11063,#11064,#11065));
#11062 = ORIENTED_EDGE('',*,*,#11005,.F.);
#11063 = ORIENTED_EDGE('',*,*,#10390,.T.);
#11064 = ORIENTED_EDGE('',*,*,#11048,.T.);
#11065 = ORIENTED_EDGE('',*,*,#4721,.T.);
#11066 = CYLINDRICAL_SURFACE('',#11067,19.330607854873);
#11067 = AXIS2_PLACEMENT_3D('',#11068,#11069,#11070);
#11068 = CARTESIAN_POINT('',(34.203794917113,-75.8341533961,
    -20.52534948264));
#11069 = DIRECTION('',(0.342020143326,0.939692620786,4.188538737677E-17)
  );
#11070 = DIRECTION('',(-0.939692620786,0.342020143326,
    -1.150791560228E-16));
#11071 = ADVANCED_FACE('',(#11072),#11083,.T.);
#11072 = FACE_BOUND('',#11073,.T.);
#11073 = EDGE_LOOP('',(#11074,#11075,#11076,#11077));
#11074 = ORIENTED_EDGE('',*,*,#4872,.T.);
#11075 = ORIENTED_EDGE('',*,*,#7921,.T.);
#11076 = ORIENTED_EDGE('',*,*,#5936,.T.);
#11077 = ORIENTED_EDGE('',*,*,#11078,.T.);
#11078 = EDGE_CURVE('',#5929,#4865,#11079,.T.);
#11079 = LINE('',#11080,#11081);
#11080 = CARTESIAN_POINT('',(11.847932218362,-69.82564035736,
    -1.986532884603E-14));
#11081 = VECTOR('',#11082,1.);
#11082 = DIRECTION('',(1.224646799147E-16,0.,-1.));
#11083 = PLANE('',#11084);
#11084 = AXIS2_PLACEMENT_3D('',#11085,#11086,#11087);
#11085 = CARTESIAN_POINT('',(8.336534041905,-79.47312755789,-23.5));
#11086 = DIRECTION('',(-0.939692620786,0.342020143326,
    -1.150791560228E-16));
#11087 = DIRECTION('',(0.342020143326,0.939692620786,4.188538737677E-17)
  );
#11088 = ADVANCED_FACE('',(#11089),#11095,.T.);
#11089 = FACE_BOUND('',#11090,.T.);
#11090 = EDGE_LOOP('',(#11091,#11092,#11093,#11094));
#11091 = ORIENTED_EDGE('',*,*,#5928,.F.);
#11092 = ORIENTED_EDGE('',*,*,#5555,.T.);
#11093 = ORIENTED_EDGE('',*,*,#4929,.T.);
#11094 = ORIENTED_EDGE('',*,*,#11078,.F.);
#11095 = PLANE('',#11096);
#11096 = AXIS2_PLACEMENT_3D('',#11097,#11098,#11099);
#11097 = CARTESIAN_POINT('',(13.129644982474,-69.2279678799,
    -1.970836430263E-14));
#11098 = DIRECTION('',(-0.422618261741,0.906307787037,
    -1.263222302572E-15));
#11099 = DIRECTION('',(6.344525430991E-16,-1.097961515816E-15,-1.));
#11100 = ADVANCED_FACE('',(#11101),#11112,.T.);
#11101 = FACE_BOUND('',#11102,.T.);
#11102 = EDGE_LOOP('',(#11103,#11104,#11110,#11111));
#11103 = ORIENTED_EDGE('',*,*,#5888,.T.);
#11104 = ORIENTED_EDGE('',*,*,#11105,.T.);
#11105 = EDGE_CURVE('',#5889,#5016,#11106,.T.);
#11106 = LINE('',#11107,#11108);
#11107 = CARTESIAN_POINT('',(55.126227622754,-85.57765167434,
    -2.167069360968E-14));
#11108 = VECTOR('',#11109,1.);
#11109 = DIRECTION('',(1.224646799147E-16,0.,-1.));
#11110 = ORIENTED_EDGE('',*,*,#5025,.T.);
#11111 = ORIENTED_EDGE('',*,*,#5548,.F.);
#11112 = PLANE('',#11113);
#11113 = AXIS2_PLACEMENT_3D('',#11114,#11115,#11116);
#11114 = CARTESIAN_POINT('',(54.528555145294,-84.29593891023,
    -2.174388737832E-14));
#11115 = DIRECTION('',(0.906307787037,0.422618261741,-4.803203330193E-16
    ));
#11116 = DIRECTION('',(-4.134451075667E-16,-2.498988379828E-16,-1.));
#11117 = ADVANCED_FACE('',(#11118),#11129,.T.);
#11118 = FACE_BOUND('',#11119,.T.);
#11119 = EDGE_LOOP('',(#11120,#11121,#11122,#11123));
#11120 = ORIENTED_EDGE('',*,*,#5064,.F.);
#11121 = ORIENTED_EDGE('',*,*,#11105,.F.);
#11122 = ORIENTED_EDGE('',*,*,#5905,.T.);
#11123 = ORIENTED_EDGE('',*,*,#11124,.T.);
#11124 = EDGE_CURVE('',#5898,#5065,#11125,.T.);
#11125 = LINE('',#11126,#11127);
#11126 = CARTESIAN_POINT('',(53.836694519044,-89.12061475842,
    6.593093561942E-15));
#11127 = VECTOR('',#11128,1.);
#11128 = DIRECTION('',(1.224646799147E-16,0.,-1.));
#11129 = PLANE('',#11130);
#11130 = AXIS2_PLACEMENT_3D('',#11131,#11132,#11133);
#11131 = CARTESIAN_POINT('',(54.481461070899,-87.34913321638,-23.5));
#11132 = DIRECTION('',(0.939692620786,-0.342020143326,1.150791560228E-16
    ));
#11133 = DIRECTION('',(-0.342020143326,-0.939692620786,
    -4.188538737677E-17));
#11134 = ADVANCED_FACE('',(#11135),#11145,.T.);
#11135 = FACE_BOUND('',#11136,.T.);
#11136 = EDGE_LOOP('',(#11137,#11138,#11144));
#11137 = ORIENTED_EDGE('',*,*,#5072,.F.);
#11138 = ORIENTED_EDGE('',*,*,#11139,.T.);
#11139 = EDGE_CURVE('',#5065,#5088,#11140,.T.);
#11140 = LINE('',#11141,#11142);
#11141 = CARTESIAN_POINT('',(54.165684447381,-89.59046106882,-45.));
#11142 = VECTOR('',#11143,1.);
#11143 = DIRECTION('',(0.573576436351,-0.819152044289,
    -2.056110950404E-15));
#11144 = ORIENTED_EDGE('',*,*,#5104,.F.);
#11145 = PLANE('',#11146);
#11146 = AXIS2_PLACEMENT_3D('',#11147,#11148,#11149);
#11147 = CARTESIAN_POINT('',(53.836694519044,-89.12061475842,-45.));
#11148 = DIRECTION('',(0.601550491521,0.421210188777,0.678762832676));
#11149 = DIRECTION('',(-0.289758479044,-0.676771757619,0.676771757619));
#11150 = ADVANCED_FACE('',(#11151),#11167,.T.);
#11151 = FACE_BOUND('',#11152,.T.);
#11152 = EDGE_LOOP('',(#11153,#11154,#11160,#11161));
#11153 = ORIENTED_EDGE('',*,*,#5087,.F.);
#11154 = ORIENTED_EDGE('',*,*,#11155,.F.);
#11155 = EDGE_CURVE('',#5951,#5088,#11156,.T.);
#11156 = LINE('',#11157,#11158);
#11157 = CARTESIAN_POINT('',(55.152654232392,-91.,6.754252147018E-15));
#11158 = VECTOR('',#11159,1.);
#11159 = DIRECTION('',(1.224646799147E-16,0.,-1.));
#11160 = ORIENTED_EDGE('',*,*,#6006,.F.);
#11161 = ORIENTED_EDGE('',*,*,#11162,.T.);
#11162 = EDGE_CURVE('',#5997,#5090,#11163,.T.);
#11163 = LINE('',#11164,#11165);
#11164 = CARTESIAN_POINT('',(100.5,-91.,1.230770033143E-14));
#11165 = VECTOR('',#11166,1.);
#11166 = DIRECTION('',(1.224646799147E-16,3.023586109617E-16,-1.));
#11167 = PLANE('',#11168);
#11168 = AXIS2_PLACEMENT_3D('',#11169,#11170,#11171);
#11169 = CARTESIAN_POINT('',(58.75,-91.,-23.5));
#11170 = DIRECTION('',(-3.702825051089E-32,1.,3.023586109617E-16));
#11171 = DIRECTION('',(1.224646799147E-16,3.023586109617E-16,-1.));
#11172 = ADVANCED_FACE('',(#11173),#11183,.T.);
#11173 = FACE_BOUND('',#11174,.T.);
#11174 = EDGE_LOOP('',(#11175,#11176,#11182));
#11175 = ORIENTED_EDGE('',*,*,#5097,.F.);
#11176 = ORIENTED_EDGE('',*,*,#11177,.T.);
#11177 = EDGE_CURVE('',#5090,#5165,#11178,.T.);
#11178 = LINE('',#11179,#11180);
#11179 = CARTESIAN_POINT('',(101.,-90.5,-45.));
#11180 = VECTOR('',#11181,1.);
#11181 = DIRECTION('',(0.707106781187,0.707106781187,8.659560562355E-17)
  );
#11182 = ORIENTED_EDGE('',*,*,#5172,.F.);
#11183 = PLANE('',#11184);
#11184 = AXIS2_PLACEMENT_3D('',#11185,#11186,#11187);
#11185 = CARTESIAN_POINT('',(100.5,-91.,-45.));
#11186 = DIRECTION('',(-0.57735026919,0.57735026919,0.57735026919));
#11187 = DIRECTION('',(0.707106781187,-5.551115123126E-17,0.707106781187
    ));
#11188 = ADVANCED_FACE('',(#11189),#11196,.F.);
#11189 = FACE_BOUND('',#11190,.T.);
#11190 = EDGE_LOOP('',(#11191,#11192,#11193,#11194,#11195));
#11191 = ORIENTED_EDGE('',*,*,#6547,.F.);
#11192 = ORIENTED_EDGE('',*,*,#6355,.F.);
#11193 = ORIENTED_EDGE('',*,*,#7958,.T.);
#11194 = ORIENTED_EDGE('',*,*,#5134,.T.);
#11195 = ORIENTED_EDGE('',*,*,#6595,.T.);
#11196 = PLANE('',#11197);
#11197 = AXIS2_PLACEMENT_3D('',#11198,#11199,#11200);
#11198 = CARTESIAN_POINT('',(-4.005,91.,-43.005));
#11199 = DIRECTION('',(0.707106781187,8.376119530418E-17,0.707106781187)
  );
#11200 = DIRECTION('',(-5.922810919988E-17,1.,-5.922810919988E-17));
#11201 = ADVANCED_FACE('',(#11202),#11218,.F.);
#11202 = FACE_BOUND('',#11203,.F.);
#11203 = EDGE_LOOP('',(#11204,#11205,#11211,#11212));
#11204 = ORIENTED_EDGE('',*,*,#5164,.F.);
#11205 = ORIENTED_EDGE('',*,*,#11206,.T.);
#11206 = EDGE_CURVE('',#5157,#6087,#11207,.T.);
#11207 = LINE('',#11208,#11209);
#11208 = CARTESIAN_POINT('',(102.5,-75.5,-47.));
#11209 = VECTOR('',#11210,1.);
#11210 = DIRECTION('',(-1.224646799147E-16,0.,1.));
#11211 = ORIENTED_EDGE('',*,*,#6096,.T.);
#11212 = ORIENTED_EDGE('',*,*,#11213,.T.);
#11213 = EDGE_CURVE('',#6040,#5165,#11214,.T.);
#11214 = LINE('',#11215,#11216);
#11215 = CARTESIAN_POINT('',(102.5,-89.,1.315734691318E-14));
#11216 = VECTOR('',#11217,1.);
#11217 = DIRECTION('',(1.224646799147E-16,3.023586109617E-16,-1.));
#11218 = PLANE('',#11219);
#11219 = AXIS2_PLACEMENT_3D('',#11220,#11221,#11222);
#11220 = CARTESIAN_POINT('',(102.5,-68.5,-47.));
#11221 = DIRECTION('',(1.,-0.,1.224646799147E-16));
#11222 = DIRECTION('',(0.,-1.,-0.));
#11223 = ADVANCED_FACE('',(#11224),#11235,.T.);
#11224 = FACE_BOUND('',#11225,.F.);
#11225 = EDGE_LOOP('',(#11226,#11232,#11233,#11234));
#11226 = ORIENTED_EDGE('',*,*,#11227,.T.);
#11227 = EDGE_CURVE('',#5205,#6130,#11228,.T.);
#11228 = LINE('',#11229,#11230);
#11229 = CARTESIAN_POINT('',(103.91421356237,-72.08578643762,-47.));
#11230 = VECTOR('',#11231,1.);
#11231 = DIRECTION('',(-1.224646799147E-16,0.,1.));
#11232 = ORIENTED_EDGE('',*,*,#6137,.F.);
#11233 = ORIENTED_EDGE('',*,*,#11206,.F.);
#11234 = ORIENTED_EDGE('',*,*,#5214,.F.);
#11235 = PLANE('',#11236);
#11236 = AXIS2_PLACEMENT_3D('',#11237,#11238,#11239);
#11237 = CARTESIAN_POINT('',(103.20710678118,-73.79289321881,-47.));
#11238 = DIRECTION('',(-0.923879532511,0.382683432365,
    -1.279377164661E-16));
#11239 = DIRECTION('',(1.361335748249E-16,-5.661841654428E-18,-1.));
#11240 = ADVANCED_FACE('',(#11241),#11252,.T.);
#11241 = FACE_BOUND('',#11242,.T.);
#11242 = EDGE_LOOP('',(#11243,#11244,#11245,#11251));
#11243 = ORIENTED_EDGE('',*,*,#6736,.F.);
#11244 = ORIENTED_EDGE('',*,*,#5253,.F.);
#11245 = ORIENTED_EDGE('',*,*,#11246,.F.);
#11246 = EDGE_CURVE('',#6702,#5246,#11247,.T.);
#11247 = LINE('',#11248,#11249);
#11248 = CARTESIAN_POINT('',(100.5,91.,3.362398240423E-14));
#11249 = VECTOR('',#11250,1.);
#11250 = DIRECTION('',(1.224646799147E-16,0.,-1.));
#11251 = ORIENTED_EDGE('',*,*,#6754,.F.);
#11252 = PLANE('',#11253);
#11253 = AXIS2_PLACEMENT_3D('',#11254,#11255,#11256);
#11254 = CARTESIAN_POINT('',(0.,91.,-6.661338147751E-16));
#11255 = DIRECTION('',(0.,-1.,-0.));
#11256 = DIRECTION('',(1.,0.,1.224646799147E-16));
#11257 = ADVANCED_FACE('',(#11258),#11268,.T.);
#11258 = FACE_BOUND('',#11259,.T.);
#11259 = EDGE_LOOP('',(#11260,#11261,#11267));
#11260 = ORIENTED_EDGE('',*,*,#5291,.F.);
#11261 = ORIENTED_EDGE('',*,*,#11262,.T.);
#11262 = EDGE_CURVE('',#5292,#5246,#11263,.T.);
#11263 = LINE('',#11264,#11265);
#11264 = CARTESIAN_POINT('',(102.,89.5,-45.));
#11265 = VECTOR('',#11266,1.);
#11266 = DIRECTION('',(-0.707106781187,0.707106781187,7.509107005592E-15
    ));
#11267 = ORIENTED_EDGE('',*,*,#5245,.F.);
#11268 = PLANE('',#11269);
#11269 = AXIS2_PLACEMENT_3D('',#11270,#11271,#11272);
#11270 = CARTESIAN_POINT('',(102.5,89.,-45.));
#11271 = DIRECTION('',(-0.57735026919,-0.57735026919,0.57735026919));
#11272 = DIRECTION('',(-5.110354792052E-15,0.707106781187,0.707106781187
    ));
#11273 = ADVANCED_FACE('',(#11274),#11285,.F.);
#11274 = FACE_BOUND('',#11275,.F.);
#11275 = EDGE_LOOP('',(#11276,#11277,#11283,#11284));
#11276 = ORIENTED_EDGE('',*,*,#5275,.F.);
#11277 = ORIENTED_EDGE('',*,*,#11278,.T.);
#11278 = EDGE_CURVE('',#5268,#6152,#11279,.T.);
#11279 = LINE('',#11280,#11281);
#11280 = CARTESIAN_POINT('',(106.08578643762,-69.91421356237,-47.));
#11281 = VECTOR('',#11282,1.);
#11282 = DIRECTION('',(-1.224646799147E-16,0.,1.));
#11283 = ORIENTED_EDGE('',*,*,#6161,.T.);
#11284 = ORIENTED_EDGE('',*,*,#11227,.F.);
#11285 = PLANE('',#11286);
#11286 = AXIS2_PLACEMENT_3D('',#11287,#11288,#11289);
#11287 = CARTESIAN_POINT('',(105.,-71.,-47.));
#11288 = DIRECTION('',(0.707106781187,-0.707106781187,8.659560562355E-17
    ));
#11289 = DIRECTION('',(-1.224646799147E-16,0.,1.));
#11290 = ADVANCED_FACE('',(#11291),#11307,.T.);
#11291 = FACE_BOUND('',#11292,.T.);
#11292 = EDGE_LOOP('',(#11293,#11294,#11300,#11301));
#11293 = ORIENTED_EDGE('',*,*,#5299,.T.);
#11294 = ORIENTED_EDGE('',*,*,#11295,.T.);
#11295 = EDGE_CURVE('',#5300,#6637,#11296,.T.);
#11296 = LINE('',#11297,#11298);
#11297 = CARTESIAN_POINT('',(102.5,75.5,-47.));
#11298 = VECTOR('',#11299,1.);
#11299 = DIRECTION('',(-1.224646799147E-16,0.,1.));
#11300 = ORIENTED_EDGE('',*,*,#6670,.F.);
#11301 = ORIENTED_EDGE('',*,*,#11302,.T.);
#11302 = EDGE_CURVE('',#6661,#5292,#11303,.T.);
#11303 = LINE('',#11304,#11305);
#11304 = CARTESIAN_POINT('',(102.5,89.,3.386891176406E-14));
#11305 = VECTOR('',#11306,1.);
#11306 = DIRECTION('',(1.224646799147E-16,0.,-1.));
#11307 = PLANE('',#11308);
#11308 = AXIS2_PLACEMENT_3D('',#11309,#11310,#11311);
#11309 = CARTESIAN_POINT('',(102.5,81.25,-23.5));
#11310 = DIRECTION('',(-1.,0.,-1.224646799147E-16));
#11311 = DIRECTION('',(1.224646799147E-16,0.,-1.));
#11312 = ADVANCED_FACE('',(#11313),#11324,.F.);
#11313 = FACE_BOUND('',#11314,.F.);
#11314 = EDGE_LOOP('',(#11315,#11321,#11322,#11323));
#11315 = ORIENTED_EDGE('',*,*,#11316,.T.);
#11316 = EDGE_CURVE('',#5323,#6178,#11317,.T.);
#11317 = LINE('',#11318,#11319);
#11318 = CARTESIAN_POINT('',(109.5,-68.5,-47.));
#11319 = VECTOR('',#11320,1.);
#11320 = DIRECTION('',(-1.224646799147E-16,0.,1.));
#11321 = ORIENTED_EDGE('',*,*,#6185,.F.);
#11322 = ORIENTED_EDGE('',*,*,#11278,.F.);
#11323 = ORIENTED_EDGE('',*,*,#5332,.F.);
#11324 = PLANE('',#11325);
#11325 = AXIS2_PLACEMENT_3D('',#11326,#11327,#11328);
#11326 = CARTESIAN_POINT('',(107.79289321881,-69.20710678118,-47.));
#11327 = DIRECTION('',(0.382683432365,-0.923879532511,6.16603092906E-17)
  );
#11328 = DIRECTION('',(-1.281265215692E-16,1.366889491013E-17,1.));
#11329 = ADVANCED_FACE('',(#11330),#11341,.F.);
#11330 = FACE_BOUND('',#11331,.F.);
#11331 = EDGE_LOOP('',(#11332,#11333,#11334,#11340));
#11332 = ORIENTED_EDGE('',*,*,#11295,.T.);
#11333 = ORIENTED_EDGE('',*,*,#6646,.T.);
#11334 = ORIENTED_EDGE('',*,*,#11335,.F.);
#11335 = EDGE_CURVE('',#5349,#6613,#11336,.T.);
#11336 = LINE('',#11337,#11338);
#11337 = CARTESIAN_POINT('',(103.91421356237,72.085786437627,-47.));
#11338 = VECTOR('',#11339,1.);
#11339 = DIRECTION('',(-1.224646799147E-16,0.,1.));
#11340 = ORIENTED_EDGE('',*,*,#5356,.F.);
#11341 = PLANE('',#11342);
#11342 = AXIS2_PLACEMENT_3D('',#11343,#11344,#11345);
#11343 = CARTESIAN_POINT('',(103.20710678118,73.792893218813,-47.));
#11344 = DIRECTION('',(0.923879532511,0.382683432365,1.279377164661E-16)
  );
#11345 = DIRECTION('',(-1.361335748249E-16,-5.661841654428E-18,1.));
#11346 = ADVANCED_FACE('',(#11347),#11357,.T.);
#11347 = FACE_BOUND('',#11348,.T.);
#11348 = EDGE_LOOP('',(#11349,#11350,#11356));
#11349 = ORIENTED_EDGE('',*,*,#5370,.F.);
#11350 = ORIENTED_EDGE('',*,*,#11351,.T.);
#11351 = EDGE_CURVE('',#5371,#5419,#11352,.T.);
#11352 = LINE('',#11353,#11354);
#11353 = CARTESIAN_POINT('',(116.,-68.,-45.));
#11354 = VECTOR('',#11355,1.);
#11355 = DIRECTION('',(0.707106781187,0.707106781187,-2.509404020994E-15
    ));
#11356 = ORIENTED_EDGE('',*,*,#5435,.F.);
#11357 = PLANE('',#11358);
#11358 = AXIS2_PLACEMENT_3D('',#11359,#11360,#11361);
#11359 = CARTESIAN_POINT('',(115.5,-68.5,-45.));
#11360 = DIRECTION('',(-0.57735026919,0.57735026919,0.57735026919));
#11361 = DIRECTION('',(0.707106781187,-2.775557561563E-17,0.707106781187
    ));
#11362 = ADVANCED_FACE('',(#11363),#11374,.T.);
#11363 = FACE_BOUND('',#11364,.T.);
#11364 = EDGE_LOOP('',(#11365,#11366,#11367,#11368));
#11365 = ORIENTED_EDGE('',*,*,#5378,.T.);
#11366 = ORIENTED_EDGE('',*,*,#11316,.T.);
#11367 = ORIENTED_EDGE('',*,*,#6209,.F.);
#11368 = ORIENTED_EDGE('',*,*,#11369,.F.);
#11369 = EDGE_CURVE('',#5371,#6200,#11370,.T.);
#11370 = LINE('',#11371,#11372);
#11371 = CARTESIAN_POINT('',(115.5,-68.5,-47.));
#11372 = VECTOR('',#11373,1.);
#11373 = DIRECTION('',(-1.224646799147E-16,0.,1.));
#11374 = PLANE('',#11375);
#11375 = AXIS2_PLACEMENT_3D('',#11376,#11377,#11378);
#11376 = CARTESIAN_POINT('',(111.5,-68.5,-23.5));
#11377 = DIRECTION('',(0.,1.,0.));
#11378 = DIRECTION('',(1.224646799147E-16,0.,-1.));
#11379 = ADVANCED_FACE('',(#11380),#11391,.F.);
#11380 = FACE_BOUND('',#11381,.F.);
#11381 = EDGE_LOOP('',(#11382,#11383,#11384,#11385));
#11382 = ORIENTED_EDGE('',*,*,#5395,.F.);
#11383 = ORIENTED_EDGE('',*,*,#11335,.T.);
#11384 = ORIENTED_EDGE('',*,*,#6622,.T.);
#11385 = ORIENTED_EDGE('',*,*,#11386,.F.);
#11386 = EDGE_CURVE('',#5396,#6572,#11387,.T.);
#11387 = LINE('',#11388,#11389);
#11388 = CARTESIAN_POINT('',(106.08578643762,69.914213562373,-47.));
#11389 = VECTOR('',#11390,1.);
#11390 = DIRECTION('',(-1.224646799147E-16,0.,1.));
#11391 = PLANE('',#11392);
#11392 = AXIS2_PLACEMENT_3D('',#11393,#11394,#11395);
#11393 = CARTESIAN_POINT('',(105.,71.,-47.));
#11394 = DIRECTION('',(0.707106781187,0.707106781187,8.659560562355E-17)
  );
#11395 = DIRECTION('',(-1.224646799147E-16,0.,1.));
#11396 = ADVANCED_FACE('',(#11397,#11413,#11479,#11545,#11611,#11677,
    #11743,#11809,#11875,#11941,#12007),#12073,.F.);
#11397 = FACE_BOUND('',#11398,.F.);
#11398 = EDGE_LOOP('',(#11399,#11400,#11406,#11407));
#11399 = ORIENTED_EDGE('',*,*,#5418,.T.);
#11400 = ORIENTED_EDGE('',*,*,#11401,.T.);
#11401 = EDGE_CURVE('',#5421,#6292,#11402,.T.);
#11402 = LINE('',#11403,#11404);
#11403 = CARTESIAN_POINT('',(117.5,66.5,-47.));
#11404 = VECTOR('',#11405,1.);
#11405 = DIRECTION('',(-1.224646799147E-16,0.,1.));
#11406 = ORIENTED_EDGE('',*,*,#6299,.F.);
#11407 = ORIENTED_EDGE('',*,*,#11408,.F.);
#11408 = EDGE_CURVE('',#5419,#6224,#11409,.T.);
#11409 = LINE('',#11410,#11411);
#11410 = CARTESIAN_POINT('',(117.5,-66.5,-47.));
#11411 = VECTOR('',#11412,1.);
#11412 = DIRECTION('',(-1.224646799147E-16,0.,1.));
#11413 = FACE_BOUND('',#11414,.F.);
#11414 = EDGE_LOOP('',(#11415,#11425,#11433,#11441,#11449,#11457,#11465,
    #11473));
#11415 = ORIENTED_EDGE('',*,*,#11416,.F.);
#11416 = EDGE_CURVE('',#11417,#11419,#11421,.T.);
#11417 = VERTEX_POINT('',#11418);
#11418 = CARTESIAN_POINT('',(117.5,54.,-34.));
#11419 = VERTEX_POINT('',#11420);
#11420 = CARTESIAN_POINT('',(117.5,54.,-16.));
#11421 = LINE('',#11422,#11423);
#11422 = CARTESIAN_POINT('',(117.5,54.,-35.));
#11423 = VECTOR('',#11424,1.);
#11424 = DIRECTION('',(-1.224646799147E-16,0.,1.));
#11425 = ORIENTED_EDGE('',*,*,#11426,.F.);
#11426 = EDGE_CURVE('',#11427,#11417,#11429,.T.);
#11427 = VERTEX_POINT('',#11428);
#11428 = CARTESIAN_POINT('',(117.5,52.,-36.));
#11429 = LINE('',#11430,#11431);
#11430 = CARTESIAN_POINT('',(117.5,13.5,-74.5));
#11431 = VECTOR('',#11432,1.);
#11432 = DIRECTION('',(-8.659560562355E-17,0.707106781187,0.707106781187
    ));
#11433 = ORIENTED_EDGE('',*,*,#11434,.F.);
#11434 = EDGE_CURVE('',#11435,#11427,#11437,.T.);
#11435 = VERTEX_POINT('',#11436);
#11436 = CARTESIAN_POINT('',(117.5,51.,-36.));
#11437 = LINE('',#11438,#11439);
#11438 = CARTESIAN_POINT('',(117.5,50.,-36.));
#11439 = VECTOR('',#11440,1.);
#11440 = DIRECTION('',(0.,1.,0.));
#11441 = ORIENTED_EDGE('',*,*,#11442,.F.);
#11442 = EDGE_CURVE('',#11443,#11435,#11445,.T.);
#11443 = VERTEX_POINT('',#11444);
#11444 = CARTESIAN_POINT('',(117.5,49.,-34.));
#11445 = LINE('',#11446,#11447);
#11446 = CARTESIAN_POINT('',(117.5,17.25,-2.25));
#11447 = VECTOR('',#11448,1.);
#11448 = DIRECTION('',(8.659560562355E-17,0.707106781187,-0.707106781187
    ));
#11449 = ORIENTED_EDGE('',*,*,#11450,.F.);
#11450 = EDGE_CURVE('',#11451,#11443,#11453,.T.);
#11451 = VERTEX_POINT('',#11452);
#11452 = CARTESIAN_POINT('',(117.5,49.,-16.));
#11453 = LINE('',#11454,#11455);
#11454 = CARTESIAN_POINT('',(117.5,49.,-15.));
#11455 = VECTOR('',#11456,1.);
#11456 = DIRECTION('',(1.224646799147E-16,0.,-1.));
#11457 = ORIENTED_EDGE('',*,*,#11458,.F.);
#11458 = EDGE_CURVE('',#11459,#11451,#11461,.T.);
#11459 = VERTEX_POINT('',#11460);
#11460 = CARTESIAN_POINT('',(117.5,51.,-14.));
#11461 = LINE('',#11462,#11463);
#11462 = CARTESIAN_POINT('',(117.5,7.25,-57.75));
#11463 = VECTOR('',#11464,1.);
#11464 = DIRECTION('',(8.659560562355E-17,-0.707106781187,
    -0.707106781187));
#11465 = ORIENTED_EDGE('',*,*,#11466,.F.);
#11466 = EDGE_CURVE('',#11467,#11459,#11469,.T.);
#11467 = VERTEX_POINT('',#11468);
#11468 = CARTESIAN_POINT('',(117.5,52.,-14.));
#11469 = LINE('',#11470,#11471);
#11470 = CARTESIAN_POINT('',(117.5,53.,-14.));
#11471 = VECTOR('',#11472,1.);
#11472 = DIRECTION('',(0.,-1.,0.));
#11473 = ORIENTED_EDGE('',*,*,#11474,.F.);
#11474 = EDGE_CURVE('',#11419,#11467,#11475,.T.);
#11475 = LINE('',#11476,#11477);
#11476 = CARTESIAN_POINT('',(117.5,25.5,12.5));
#11477 = VECTOR('',#11478,1.);
#11478 = DIRECTION('',(-8.659560562355E-17,-0.707106781187,
    0.707106781187));
#11479 = FACE_BOUND('',#11480,.F.);
#11480 = EDGE_LOOP('',(#11481,#11491,#11499,#11507,#11515,#11523,#11531,
    #11539));
#11481 = ORIENTED_EDGE('',*,*,#11482,.F.);
#11482 = EDGE_CURVE('',#11483,#11485,#11487,.T.);
#11483 = VERTEX_POINT('',#11484);
#11484 = CARTESIAN_POINT('',(117.5,44.5,-14.));
#11485 = VERTEX_POINT('',#11486);
#11486 = CARTESIAN_POINT('',(117.5,43.5,-14.));
#11487 = LINE('',#11488,#11489);
#11488 = CARTESIAN_POINT('',(117.5,45.5,-14.));
#11489 = VECTOR('',#11490,1.);
#11490 = DIRECTION('',(0.,-1.,0.));
#11491 = ORIENTED_EDGE('',*,*,#11492,.F.);
#11492 = EDGE_CURVE('',#11493,#11483,#11495,.T.);
#11493 = VERTEX_POINT('',#11494);
#11494 = CARTESIAN_POINT('',(117.5,46.5,-16.));
#11495 = LINE('',#11496,#11497);
#11496 = CARTESIAN_POINT('',(117.5,18.,12.5));
#11497 = VECTOR('',#11498,1.);
#11498 = DIRECTION('',(-8.659560562355E-17,-0.707106781187,
    0.707106781187));
#11499 = ORIENTED_EDGE('',*,*,#11500,.F.);
#11500 = EDGE_CURVE('',#11501,#11493,#11503,.T.);
#11501 = VERTEX_POINT('',#11502);
#11502 = CARTESIAN_POINT('',(117.5,46.5,-34.));
#11503 = LINE('',#11504,#11505);
#11504 = CARTESIAN_POINT('',(117.5,46.5,-35.));
#11505 = VECTOR('',#11506,1.);
#11506 = DIRECTION('',(-1.224646799147E-16,0.,1.));
#11507 = ORIENTED_EDGE('',*,*,#11508,.F.);
#11508 = EDGE_CURVE('',#11509,#11501,#11511,.T.);
#11509 = VERTEX_POINT('',#11510);
#11510 = CARTESIAN_POINT('',(117.5,44.5,-36.));
#11511 = LINE('',#11512,#11513);
#11512 = CARTESIAN_POINT('',(117.5,6.,-74.5));
#11513 = VECTOR('',#11514,1.);
#11514 = DIRECTION('',(-8.659560562355E-17,0.707106781187,0.707106781187
    ));
#11515 = ORIENTED_EDGE('',*,*,#11516,.F.);
#11516 = EDGE_CURVE('',#11517,#11509,#11519,.T.);
#11517 = VERTEX_POINT('',#11518);
#11518 = CARTESIAN_POINT('',(117.5,43.5,-36.));
#11519 = LINE('',#11520,#11521);
#11520 = CARTESIAN_POINT('',(117.5,42.5,-36.));
#11521 = VECTOR('',#11522,1.);
#11522 = DIRECTION('',(0.,1.,0.));
#11523 = ORIENTED_EDGE('',*,*,#11524,.F.);
#11524 = EDGE_CURVE('',#11525,#11517,#11527,.T.);
#11525 = VERTEX_POINT('',#11526);
#11526 = CARTESIAN_POINT('',(117.5,41.5,-34.));
#11527 = LINE('',#11528,#11529);
#11528 = CARTESIAN_POINT('',(117.5,9.75,-2.25));
#11529 = VECTOR('',#11530,1.);
#11530 = DIRECTION('',(8.659560562355E-17,0.707106781187,-0.707106781187
    ));
#11531 = ORIENTED_EDGE('',*,*,#11532,.F.);
#11532 = EDGE_CURVE('',#11533,#11525,#11535,.T.);
#11533 = VERTEX_POINT('',#11534);
#11534 = CARTESIAN_POINT('',(117.5,41.5,-16.));
#11535 = LINE('',#11536,#11537);
#11536 = CARTESIAN_POINT('',(117.5,41.5,-15.));
#11537 = VECTOR('',#11538,1.);
#11538 = DIRECTION('',(1.224646799147E-16,0.,-1.));
#11539 = ORIENTED_EDGE('',*,*,#11540,.F.);
#11540 = EDGE_CURVE('',#11485,#11533,#11541,.T.);
#11541 = LINE('',#11542,#11543);
#11542 = CARTESIAN_POINT('',(117.5,-0.25,-57.75));
#11543 = VECTOR('',#11544,1.);
#11544 = DIRECTION('',(8.659560562355E-17,-0.707106781187,
    -0.707106781187));
#11545 = FACE_BOUND('',#11546,.F.);
#11546 = EDGE_LOOP('',(#11547,#11557,#11565,#11573,#11581,#11589,#11597,
    #11605));
#11547 = ORIENTED_EDGE('',*,*,#11548,.F.);
#11548 = EDGE_CURVE('',#11549,#11551,#11553,.T.);
#11549 = VERTEX_POINT('',#11550);
#11550 = CARTESIAN_POINT('',(117.5,37.,-14.));
#11551 = VERTEX_POINT('',#11552);
#11552 = CARTESIAN_POINT('',(117.5,36.,-14.));
#11553 = LINE('',#11554,#11555);
#11554 = CARTESIAN_POINT('',(117.5,38.,-14.));
#11555 = VECTOR('',#11556,1.);
#11556 = DIRECTION('',(0.,-1.,0.));
#11557 = ORIENTED_EDGE('',*,*,#11558,.F.);
#11558 = EDGE_CURVE('',#11559,#11549,#11561,.T.);
#11559 = VERTEX_POINT('',#11560);
#11560 = CARTESIAN_POINT('',(117.5,39.,-16.));
#11561 = LINE('',#11562,#11563);
#11562 = CARTESIAN_POINT('',(117.5,10.5,12.5));
#11563 = VECTOR('',#11564,1.);
#11564 = DIRECTION('',(-8.659560562355E-17,-0.707106781187,
    0.707106781187));
#11565 = ORIENTED_EDGE('',*,*,#11566,.F.);
#11566 = EDGE_CURVE('',#11567,#11559,#11569,.T.);
#11567 = VERTEX_POINT('',#11568);
#11568 = CARTESIAN_POINT('',(117.5,39.,-34.));
#11569 = LINE('',#11570,#11571);
#11570 = CARTESIAN_POINT('',(117.5,39.,-35.));
#11571 = VECTOR('',#11572,1.);
#11572 = DIRECTION('',(-1.224646799147E-16,0.,1.));
#11573 = ORIENTED_EDGE('',*,*,#11574,.F.);
#11574 = EDGE_CURVE('',#11575,#11567,#11577,.T.);
#11575 = VERTEX_POINT('',#11576);
#11576 = CARTESIAN_POINT('',(117.5,37.,-36.));
#11577 = LINE('',#11578,#11579);
#11578 = CARTESIAN_POINT('',(117.5,-1.5,-74.5));
#11579 = VECTOR('',#11580,1.);
#11580 = DIRECTION('',(-8.659560562355E-17,0.707106781187,0.707106781187
    ));
#11581 = ORIENTED_EDGE('',*,*,#11582,.F.);
#11582 = EDGE_CURVE('',#11583,#11575,#11585,.T.);
#11583 = VERTEX_POINT('',#11584);
#11584 = CARTESIAN_POINT('',(117.5,36.,-36.));
#11585 = LINE('',#11586,#11587);
#11586 = CARTESIAN_POINT('',(117.5,35.,-36.));
#11587 = VECTOR('',#11588,1.);
#11588 = DIRECTION('',(0.,1.,0.));
#11589 = ORIENTED_EDGE('',*,*,#11590,.F.);
#11590 = EDGE_CURVE('',#11591,#11583,#11593,.T.);
#11591 = VERTEX_POINT('',#11592);
#11592 = CARTESIAN_POINT('',(117.5,34.,-34.));
#11593 = LINE('',#11594,#11595);
#11594 = CARTESIAN_POINT('',(117.5,2.25,-2.25));
#11595 = VECTOR('',#11596,1.);
#11596 = DIRECTION('',(8.659560562355E-17,0.707106781187,-0.707106781187
    ));
#11597 = ORIENTED_EDGE('',*,*,#11598,.F.);
#11598 = EDGE_CURVE('',#11599,#11591,#11601,.T.);
#11599 = VERTEX_POINT('',#11600);
#11600 = CARTESIAN_POINT('',(117.5,34.,-16.));
#11601 = LINE('',#11602,#11603);
#11602 = CARTESIAN_POINT('',(117.5,34.,-15.));
#11603 = VECTOR('',#11604,1.);
#11604 = DIRECTION('',(1.224646799147E-16,0.,-1.));
#11605 = ORIENTED_EDGE('',*,*,#11606,.F.);
#11606 = EDGE_CURVE('',#11551,#11599,#11607,.T.);
#11607 = LINE('',#11608,#11609);
#11608 = CARTESIAN_POINT('',(117.5,-7.75,-57.75));
#11609 = VECTOR('',#11610,1.);
#11610 = DIRECTION('',(8.659560562355E-17,-0.707106781187,
    -0.707106781187));
#11611 = FACE_BOUND('',#11612,.F.);
#11612 = EDGE_LOOP('',(#11613,#11623,#11631,#11639,#11647,#11655,#11663,
    #11671));
#11613 = ORIENTED_EDGE('',*,*,#11614,.F.);
#11614 = EDGE_CURVE('',#11615,#11617,#11619,.T.);
#11615 = VERTEX_POINT('',#11616);
#11616 = CARTESIAN_POINT('',(117.5,29.5,-14.));
#11617 = VERTEX_POINT('',#11618);
#11618 = CARTESIAN_POINT('',(117.5,28.5,-14.));
#11619 = LINE('',#11620,#11621);
#11620 = CARTESIAN_POINT('',(117.5,30.5,-14.));
#11621 = VECTOR('',#11622,1.);
#11622 = DIRECTION('',(0.,-1.,0.));
#11623 = ORIENTED_EDGE('',*,*,#11624,.F.);
#11624 = EDGE_CURVE('',#11625,#11615,#11627,.T.);
#11625 = VERTEX_POINT('',#11626);
#11626 = CARTESIAN_POINT('',(117.5,31.5,-16.));
#11627 = LINE('',#11628,#11629);
#11628 = CARTESIAN_POINT('',(117.5,3.,12.5));
#11629 = VECTOR('',#11630,1.);
#11630 = DIRECTION('',(-8.659560562355E-17,-0.707106781187,
    0.707106781187));
#11631 = ORIENTED_EDGE('',*,*,#11632,.F.);
#11632 = EDGE_CURVE('',#11633,#11625,#11635,.T.);
#11633 = VERTEX_POINT('',#11634);
#11634 = CARTESIAN_POINT('',(117.5,31.5,-34.));
#11635 = LINE('',#11636,#11637);
#11636 = CARTESIAN_POINT('',(117.5,31.5,-35.));
#11637 = VECTOR('',#11638,1.);
#11638 = DIRECTION('',(-1.224646799147E-16,0.,1.));
#11639 = ORIENTED_EDGE('',*,*,#11640,.F.);
#11640 = EDGE_CURVE('',#11641,#11633,#11643,.T.);
#11641 = VERTEX_POINT('',#11642);
#11642 = CARTESIAN_POINT('',(117.5,29.5,-36.));
#11643 = LINE('',#11644,#11645);
#11644 = CARTESIAN_POINT('',(117.5,-9.,-74.5));
#11645 = VECTOR('',#11646,1.);
#11646 = DIRECTION('',(-8.659560562355E-17,0.707106781187,0.707106781187
    ));
#11647 = ORIENTED_EDGE('',*,*,#11648,.F.);
#11648 = EDGE_CURVE('',#11649,#11641,#11651,.T.);
#11649 = VERTEX_POINT('',#11650);
#11650 = CARTESIAN_POINT('',(117.5,28.5,-36.));
#11651 = LINE('',#11652,#11653);
#11652 = CARTESIAN_POINT('',(117.5,27.5,-36.));
#11653 = VECTOR('',#11654,1.);
#11654 = DIRECTION('',(0.,1.,0.));
#11655 = ORIENTED_EDGE('',*,*,#11656,.F.);
#11656 = EDGE_CURVE('',#11657,#11649,#11659,.T.);
#11657 = VERTEX_POINT('',#11658);
#11658 = CARTESIAN_POINT('',(117.5,26.5,-34.));
#11659 = LINE('',#11660,#11661);
#11660 = CARTESIAN_POINT('',(117.5,-5.25,-2.25));
#11661 = VECTOR('',#11662,1.);
#11662 = DIRECTION('',(8.659560562355E-17,0.707106781187,-0.707106781187
    ));
#11663 = ORIENTED_EDGE('',*,*,#11664,.F.);
#11664 = EDGE_CURVE('',#11665,#11657,#11667,.T.);
#11665 = VERTEX_POINT('',#11666);
#11666 = CARTESIAN_POINT('',(117.5,26.5,-16.));
#11667 = LINE('',#11668,#11669);
#11668 = CARTESIAN_POINT('',(117.5,26.5,-15.));
#11669 = VECTOR('',#11670,1.);
#11670 = DIRECTION('',(1.224646799147E-16,0.,-1.));
#11671 = ORIENTED_EDGE('',*,*,#11672,.F.);
#11672 = EDGE_CURVE('',#11617,#11665,#11673,.T.);
#11673 = LINE('',#11674,#11675);
#11674 = CARTESIAN_POINT('',(117.5,-15.25,-57.75));
#11675 = VECTOR('',#11676,1.);
#11676 = DIRECTION('',(8.659560562355E-17,-0.707106781187,
    -0.707106781187));
#11677 = FACE_BOUND('',#11678,.F.);
#11678 = EDGE_LOOP('',(#11679,#11689,#11697,#11705,#11713,#11721,#11729,
    #11737));
#11679 = ORIENTED_EDGE('',*,*,#11680,.F.);
#11680 = EDGE_CURVE('',#11681,#11683,#11685,.T.);
#11681 = VERTEX_POINT('',#11682);
#11682 = CARTESIAN_POINT('',(117.5,22.,-14.));
#11683 = VERTEX_POINT('',#11684);
#11684 = CARTESIAN_POINT('',(117.5,21.,-14.));
#11685 = LINE('',#11686,#11687);
#11686 = CARTESIAN_POINT('',(117.5,23.,-14.));
#11687 = VECTOR('',#11688,1.);
#11688 = DIRECTION('',(0.,-1.,0.));
#11689 = ORIENTED_EDGE('',*,*,#11690,.F.);
#11690 = EDGE_CURVE('',#11691,#11681,#11693,.T.);
#11691 = VERTEX_POINT('',#11692);
#11692 = CARTESIAN_POINT('',(117.5,24.,-16.));
#11693 = LINE('',#11694,#11695);
#11694 = CARTESIAN_POINT('',(117.5,-4.5,12.5));
#11695 = VECTOR('',#11696,1.);
#11696 = DIRECTION('',(-8.659560562355E-17,-0.707106781187,
    0.707106781187));
#11697 = ORIENTED_EDGE('',*,*,#11698,.F.);
#11698 = EDGE_CURVE('',#11699,#11691,#11701,.T.);
#11699 = VERTEX_POINT('',#11700);
#11700 = CARTESIAN_POINT('',(117.5,24.,-34.));
#11701 = LINE('',#11702,#11703);
#11702 = CARTESIAN_POINT('',(117.5,24.,-35.));
#11703 = VECTOR('',#11704,1.);
#11704 = DIRECTION('',(-1.224646799147E-16,0.,1.));
#11705 = ORIENTED_EDGE('',*,*,#11706,.F.);
#11706 = EDGE_CURVE('',#11707,#11699,#11709,.T.);
#11707 = VERTEX_POINT('',#11708);
#11708 = CARTESIAN_POINT('',(117.5,22.,-36.));
#11709 = LINE('',#11710,#11711);
#11710 = CARTESIAN_POINT('',(117.5,-16.5,-74.5));
#11711 = VECTOR('',#11712,1.);
#11712 = DIRECTION('',(-8.659560562355E-17,0.707106781187,0.707106781187
    ));
#11713 = ORIENTED_EDGE('',*,*,#11714,.F.);
#11714 = EDGE_CURVE('',#11715,#11707,#11717,.T.);
#11715 = VERTEX_POINT('',#11716);
#11716 = CARTESIAN_POINT('',(117.5,21.,-36.));
#11717 = LINE('',#11718,#11719);
#11718 = CARTESIAN_POINT('',(117.5,20.,-36.));
#11719 = VECTOR('',#11720,1.);
#11720 = DIRECTION('',(0.,1.,0.));
#11721 = ORIENTED_EDGE('',*,*,#11722,.F.);
#11722 = EDGE_CURVE('',#11723,#11715,#11725,.T.);
#11723 = VERTEX_POINT('',#11724);
#11724 = CARTESIAN_POINT('',(117.5,19.,-34.));
#11725 = LINE('',#11726,#11727);
#11726 = CARTESIAN_POINT('',(117.5,-12.75,-2.25));
#11727 = VECTOR('',#11728,1.);
#11728 = DIRECTION('',(8.659560562355E-17,0.707106781187,-0.707106781187
    ));
#11729 = ORIENTED_EDGE('',*,*,#11730,.F.);
#11730 = EDGE_CURVE('',#11731,#11723,#11733,.T.);
#11731 = VERTEX_POINT('',#11732);
#11732 = CARTESIAN_POINT('',(117.5,19.,-16.));
#11733 = LINE('',#11734,#11735);
#11734 = CARTESIAN_POINT('',(117.5,19.,-15.));
#11735 = VECTOR('',#11736,1.);
#11736 = DIRECTION('',(1.224646799147E-16,0.,-1.));
#11737 = ORIENTED_EDGE('',*,*,#11738,.F.);
#11738 = EDGE_CURVE('',#11683,#11731,#11739,.T.);
#11739 = LINE('',#11740,#11741);
#11740 = CARTESIAN_POINT('',(117.5,-22.75,-57.75));
#11741 = VECTOR('',#11742,1.);
#11742 = DIRECTION('',(8.659560562355E-17,-0.707106781187,
    -0.707106781187));
#11743 = FACE_BOUND('',#11744,.F.);
#11744 = EDGE_LOOP('',(#11745,#11755,#11763,#11771,#11779,#11787,#11795,
    #11803));
#11745 = ORIENTED_EDGE('',*,*,#11746,.F.);
#11746 = EDGE_CURVE('',#11747,#11749,#11751,.T.);
#11747 = VERTEX_POINT('',#11748);
#11748 = CARTESIAN_POINT('',(117.5,-24.,-16.));
#11749 = VERTEX_POINT('',#11750);
#11750 = CARTESIAN_POINT('',(117.5,-24.,-34.));
#11751 = LINE('',#11752,#11753);
#11752 = CARTESIAN_POINT('',(117.5,-24.,-15.));
#11753 = VECTOR('',#11754,1.);
#11754 = DIRECTION('',(1.224646799147E-16,0.,-1.));
#11755 = ORIENTED_EDGE('',*,*,#11756,.F.);
#11756 = EDGE_CURVE('',#11757,#11747,#11759,.T.);
#11757 = VERTEX_POINT('',#11758);
#11758 = CARTESIAN_POINT('',(117.5,-22.,-14.));
#11759 = LINE('',#11760,#11761);
#11760 = CARTESIAN_POINT('',(117.5,-47.5,-39.5));
#11761 = VECTOR('',#11762,1.);
#11762 = DIRECTION('',(8.659560562355E-17,-0.707106781187,
    -0.707106781187));
#11763 = ORIENTED_EDGE('',*,*,#11764,.F.);
#11764 = EDGE_CURVE('',#11765,#11757,#11767,.T.);
#11765 = VERTEX_POINT('',#11766);
#11766 = CARTESIAN_POINT('',(117.5,-21.,-14.));
#11767 = LINE('',#11768,#11769);
#11768 = CARTESIAN_POINT('',(117.5,-20.,-14.));
#11769 = VECTOR('',#11770,1.);
#11770 = DIRECTION('',(0.,-1.,0.));
#11771 = ORIENTED_EDGE('',*,*,#11772,.F.);
#11772 = EDGE_CURVE('',#11773,#11765,#11775,.T.);
#11773 = VERTEX_POINT('',#11774);
#11774 = CARTESIAN_POINT('',(117.5,-19.,-16.));
#11775 = LINE('',#11776,#11777);
#11776 = CARTESIAN_POINT('',(117.5,-29.25,-5.75));
#11777 = VECTOR('',#11778,1.);
#11778 = DIRECTION('',(-8.659560562355E-17,-0.707106781187,
    0.707106781187));
#11779 = ORIENTED_EDGE('',*,*,#11780,.F.);
#11780 = EDGE_CURVE('',#11781,#11773,#11783,.T.);
#11781 = VERTEX_POINT('',#11782);
#11782 = CARTESIAN_POINT('',(117.5,-19.,-34.));
#11783 = LINE('',#11784,#11785);
#11784 = CARTESIAN_POINT('',(117.5,-19.,-35.));
#11785 = VECTOR('',#11786,1.);
#11786 = DIRECTION('',(-1.224646799147E-16,0.,1.));
#11787 = ORIENTED_EDGE('',*,*,#11788,.F.);
#11788 = EDGE_CURVE('',#11789,#11781,#11791,.T.);
#11789 = VERTEX_POINT('',#11790);
#11790 = CARTESIAN_POINT('',(117.5,-21.,-36.));
#11791 = LINE('',#11792,#11793);
#11792 = CARTESIAN_POINT('',(117.5,-41.25,-56.25));
#11793 = VECTOR('',#11794,1.);
#11794 = DIRECTION('',(-8.659560562355E-17,0.707106781187,0.707106781187
    ));
#11795 = ORIENTED_EDGE('',*,*,#11796,.F.);
#11796 = EDGE_CURVE('',#11797,#11789,#11799,.T.);
#11797 = VERTEX_POINT('',#11798);
#11798 = CARTESIAN_POINT('',(117.5,-22.,-36.));
#11799 = LINE('',#11800,#11801);
#11800 = CARTESIAN_POINT('',(117.5,-23.,-36.));
#11801 = VECTOR('',#11802,1.);
#11802 = DIRECTION('',(0.,1.,0.));
#11803 = ORIENTED_EDGE('',*,*,#11804,.F.);
#11804 = EDGE_CURVE('',#11749,#11797,#11805,.T.);
#11805 = LINE('',#11806,#11807);
#11806 = CARTESIAN_POINT('',(117.5,-37.5,-20.5));
#11807 = VECTOR('',#11808,1.);
#11808 = DIRECTION('',(8.659560562355E-17,0.707106781187,-0.707106781187
    ));
#11809 = FACE_BOUND('',#11810,.F.);
#11810 = EDGE_LOOP('',(#11811,#11821,#11829,#11837,#11845,#11853,#11861,
    #11869));
#11811 = ORIENTED_EDGE('',*,*,#11812,.F.);
#11812 = EDGE_CURVE('',#11813,#11815,#11817,.T.);
#11813 = VERTEX_POINT('',#11814);
#11814 = CARTESIAN_POINT('',(117.5,-28.5,-14.));
#11815 = VERTEX_POINT('',#11816);
#11816 = CARTESIAN_POINT('',(117.5,-29.5,-14.));
#11817 = LINE('',#11818,#11819);
#11818 = CARTESIAN_POINT('',(117.5,-27.5,-14.));
#11819 = VECTOR('',#11820,1.);
#11820 = DIRECTION('',(0.,-1.,0.));
#11821 = ORIENTED_EDGE('',*,*,#11822,.F.);
#11822 = EDGE_CURVE('',#11823,#11813,#11825,.T.);
#11823 = VERTEX_POINT('',#11824);
#11824 = CARTESIAN_POINT('',(117.5,-26.5,-16.));
#11825 = LINE('',#11826,#11827);
#11826 = CARTESIAN_POINT('',(117.5,-36.75,-5.75));
#11827 = VECTOR('',#11828,1.);
#11828 = DIRECTION('',(-8.659560562355E-17,-0.707106781187,
    0.707106781187));
#11829 = ORIENTED_EDGE('',*,*,#11830,.F.);
#11830 = EDGE_CURVE('',#11831,#11823,#11833,.T.);
#11831 = VERTEX_POINT('',#11832);
#11832 = CARTESIAN_POINT('',(117.5,-26.5,-34.));
#11833 = LINE('',#11834,#11835);
#11834 = CARTESIAN_POINT('',(117.5,-26.5,-35.));
#11835 = VECTOR('',#11836,1.);
#11836 = DIRECTION('',(-1.224646799147E-16,0.,1.));
#11837 = ORIENTED_EDGE('',*,*,#11838,.F.);
#11838 = EDGE_CURVE('',#11839,#11831,#11841,.T.);
#11839 = VERTEX_POINT('',#11840);
#11840 = CARTESIAN_POINT('',(117.5,-28.5,-36.));
#11841 = LINE('',#11842,#11843);
#11842 = CARTESIAN_POINT('',(117.5,-48.75,-56.25));
#11843 = VECTOR('',#11844,1.);
#11844 = DIRECTION('',(-8.659560562355E-17,0.707106781187,0.707106781187
    ));
#11845 = ORIENTED_EDGE('',*,*,#11846,.F.);
#11846 = EDGE_CURVE('',#11847,#11839,#11849,.T.);
#11847 = VERTEX_POINT('',#11848);
#11848 = CARTESIAN_POINT('',(117.5,-29.5,-36.));
#11849 = LINE('',#11850,#11851);
#11850 = CARTESIAN_POINT('',(117.5,-30.5,-36.));
#11851 = VECTOR('',#11852,1.);
#11852 = DIRECTION('',(0.,1.,0.));
#11853 = ORIENTED_EDGE('',*,*,#11854,.F.);
#11854 = EDGE_CURVE('',#11855,#11847,#11857,.T.);
#11855 = VERTEX_POINT('',#11856);
#11856 = CARTESIAN_POINT('',(117.5,-31.5,-34.));
#11857 = LINE('',#11858,#11859);
#11858 = CARTESIAN_POINT('',(117.5,-45.,-20.5));
#11859 = VECTOR('',#11860,1.);
#11860 = DIRECTION('',(8.659560562355E-17,0.707106781187,-0.707106781187
    ));
#11861 = ORIENTED_EDGE('',*,*,#11862,.F.);
#11862 = EDGE_CURVE('',#11863,#11855,#11865,.T.);
#11863 = VERTEX_POINT('',#11864);
#11864 = CARTESIAN_POINT('',(117.5,-31.5,-16.));
#11865 = LINE('',#11866,#11867);
#11866 = CARTESIAN_POINT('',(117.5,-31.5,-15.));
#11867 = VECTOR('',#11868,1.);
#11868 = DIRECTION('',(1.224646799147E-16,0.,-1.));
#11869 = ORIENTED_EDGE('',*,*,#11870,.F.);
#11870 = EDGE_CURVE('',#11815,#11863,#11871,.T.);
#11871 = LINE('',#11872,#11873);
#11872 = CARTESIAN_POINT('',(117.5,-55.,-39.5));
#11873 = VECTOR('',#11874,1.);
#11874 = DIRECTION('',(8.659560562355E-17,-0.707106781187,
    -0.707106781187));
#11875 = FACE_BOUND('',#11876,.F.);
#11876 = EDGE_LOOP('',(#11877,#11887,#11895,#11903,#11911,#11919,#11927,
    #11935));
#11877 = ORIENTED_EDGE('',*,*,#11878,.F.);
#11878 = EDGE_CURVE('',#11879,#11881,#11883,.T.);
#11879 = VERTEX_POINT('',#11880);
#11880 = CARTESIAN_POINT('',(117.5,-36.,-14.));
#11881 = VERTEX_POINT('',#11882);
#11882 = CARTESIAN_POINT('',(117.5,-37.,-14.));
#11883 = LINE('',#11884,#11885);
#11884 = CARTESIAN_POINT('',(117.5,-35.,-14.));
#11885 = VECTOR('',#11886,1.);
#11886 = DIRECTION('',(0.,-1.,0.));
#11887 = ORIENTED_EDGE('',*,*,#11888,.F.);
#11888 = EDGE_CURVE('',#11889,#11879,#11891,.T.);
#11889 = VERTEX_POINT('',#11890);
#11890 = CARTESIAN_POINT('',(117.5,-34.,-16.));
#11891 = LINE('',#11892,#11893);
#11892 = CARTESIAN_POINT('',(117.5,-44.25,-5.75));
#11893 = VECTOR('',#11894,1.);
#11894 = DIRECTION('',(-8.659560562355E-17,-0.707106781187,
    0.707106781187));
#11895 = ORIENTED_EDGE('',*,*,#11896,.F.);
#11896 = EDGE_CURVE('',#11897,#11889,#11899,.T.);
#11897 = VERTEX_POINT('',#11898);
#11898 = CARTESIAN_POINT('',(117.5,-34.,-34.));
#11899 = LINE('',#11900,#11901);
#11900 = CARTESIAN_POINT('',(117.5,-34.,-35.));
#11901 = VECTOR('',#11902,1.);
#11902 = DIRECTION('',(-1.224646799147E-16,0.,1.));
#11903 = ORIENTED_EDGE('',*,*,#11904,.F.);
#11904 = EDGE_CURVE('',#11905,#11897,#11907,.T.);
#11905 = VERTEX_POINT('',#11906);
#11906 = CARTESIAN_POINT('',(117.5,-36.,-36.));
#11907 = LINE('',#11908,#11909);
#11908 = CARTESIAN_POINT('',(117.5,-56.25,-56.25));
#11909 = VECTOR('',#11910,1.);
#11910 = DIRECTION('',(-8.659560562355E-17,0.707106781187,0.707106781187
    ));
#11911 = ORIENTED_EDGE('',*,*,#11912,.F.);
#11912 = EDGE_CURVE('',#11913,#11905,#11915,.T.);
#11913 = VERTEX_POINT('',#11914);
#11914 = CARTESIAN_POINT('',(117.5,-37.,-36.));
#11915 = LINE('',#11916,#11917);
#11916 = CARTESIAN_POINT('',(117.5,-38.,-36.));
#11917 = VECTOR('',#11918,1.);
#11918 = DIRECTION('',(0.,1.,0.));
#11919 = ORIENTED_EDGE('',*,*,#11920,.F.);
#11920 = EDGE_CURVE('',#11921,#11913,#11923,.T.);
#11921 = VERTEX_POINT('',#11922);
#11922 = CARTESIAN_POINT('',(117.5,-39.,-34.));
#11923 = LINE('',#11924,#11925);
#11924 = CARTESIAN_POINT('',(117.5,-52.5,-20.5));
#11925 = VECTOR('',#11926,1.);
#11926 = DIRECTION('',(8.659560562355E-17,0.707106781187,-0.707106781187
    ));
#11927 = ORIENTED_EDGE('',*,*,#11928,.F.);
#11928 = EDGE_CURVE('',#11929,#11921,#11931,.T.);
#11929 = VERTEX_POINT('',#11930);
#11930 = CARTESIAN_POINT('',(117.5,-39.,-16.));
#11931 = LINE('',#11932,#11933);
#11932 = CARTESIAN_POINT('',(117.5,-39.,-15.));
#11933 = VECTOR('',#11934,1.);
#11934 = DIRECTION('',(1.224646799147E-16,0.,-1.));
#11935 = ORIENTED_EDGE('',*,*,#11936,.F.);
#11936 = EDGE_CURVE('',#11881,#11929,#11937,.T.);
#11937 = LINE('',#11938,#11939);
#11938 = CARTESIAN_POINT('',(117.5,-62.5,-39.5));
#11939 = VECTOR('',#11940,1.);
#11940 = DIRECTION('',(8.659560562355E-17,-0.707106781187,
    -0.707106781187));
#11941 = FACE_BOUND('',#11942,.F.);
#11942 = EDGE_LOOP('',(#11943,#11953,#11961,#11969,#11977,#11985,#11993,
    #12001));
#11943 = ORIENTED_EDGE('',*,*,#11944,.F.);
#11944 = EDGE_CURVE('',#11945,#11947,#11949,.T.);
#11945 = VERTEX_POINT('',#11946);
#11946 = CARTESIAN_POINT('',(117.5,-43.5,-14.));
#11947 = VERTEX_POINT('',#11948);
#11948 = CARTESIAN_POINT('',(117.5,-44.5,-14.));
#11949 = LINE('',#11950,#11951);
#11950 = CARTESIAN_POINT('',(117.5,-42.5,-14.));
#11951 = VECTOR('',#11952,1.);
#11952 = DIRECTION('',(0.,-1.,0.));
#11953 = ORIENTED_EDGE('',*,*,#11954,.F.);
#11954 = EDGE_CURVE('',#11955,#11945,#11957,.T.);
#11955 = VERTEX_POINT('',#11956);
#11956 = CARTESIAN_POINT('',(117.5,-41.5,-16.));
#11957 = LINE('',#11958,#11959);
#11958 = CARTESIAN_POINT('',(117.5,-51.75,-5.75));
#11959 = VECTOR('',#11960,1.);
#11960 = DIRECTION('',(-8.659560562355E-17,-0.707106781187,
    0.707106781187));
#11961 = ORIENTED_EDGE('',*,*,#11962,.F.);
#11962 = EDGE_CURVE('',#11963,#11955,#11965,.T.);
#11963 = VERTEX_POINT('',#11964);
#11964 = CARTESIAN_POINT('',(117.5,-41.5,-34.));
#11965 = LINE('',#11966,#11967);
#11966 = CARTESIAN_POINT('',(117.5,-41.5,-35.));
#11967 = VECTOR('',#11968,1.);
#11968 = DIRECTION('',(-1.224646799147E-16,0.,1.));
#11969 = ORIENTED_EDGE('',*,*,#11970,.F.);
#11970 = EDGE_CURVE('',#11971,#11963,#11973,.T.);
#11971 = VERTEX_POINT('',#11972);
#11972 = CARTESIAN_POINT('',(117.5,-43.5,-36.));
#11973 = LINE('',#11974,#11975);
#11974 = CARTESIAN_POINT('',(117.5,-63.75,-56.25));
#11975 = VECTOR('',#11976,1.);
#11976 = DIRECTION('',(-8.659560562355E-17,0.707106781187,0.707106781187
    ));
#11977 = ORIENTED_EDGE('',*,*,#11978,.F.);
#11978 = EDGE_CURVE('',#11979,#11971,#11981,.T.);
#11979 = VERTEX_POINT('',#11980);
#11980 = CARTESIAN_POINT('',(117.5,-44.5,-36.));
#11981 = LINE('',#11982,#11983);
#11982 = CARTESIAN_POINT('',(117.5,-45.5,-36.));
#11983 = VECTOR('',#11984,1.);
#11984 = DIRECTION('',(0.,1.,0.));
#11985 = ORIENTED_EDGE('',*,*,#11986,.F.);
#11986 = EDGE_CURVE('',#11987,#11979,#11989,.T.);
#11987 = VERTEX_POINT('',#11988);
#11988 = CARTESIAN_POINT('',(117.5,-46.5,-34.));
#11989 = LINE('',#11990,#11991);
#11990 = CARTESIAN_POINT('',(117.5,-60.,-20.5));
#11991 = VECTOR('',#11992,1.);
#11992 = DIRECTION('',(8.659560562355E-17,0.707106781187,-0.707106781187
    ));
#11993 = ORIENTED_EDGE('',*,*,#11994,.F.);
#11994 = EDGE_CURVE('',#11995,#11987,#11997,.T.);
#11995 = VERTEX_POINT('',#11996);
#11996 = CARTESIAN_POINT('',(117.5,-46.5,-16.));
#11997 = LINE('',#11998,#11999);
#11998 = CARTESIAN_POINT('',(117.5,-46.5,-15.));
#11999 = VECTOR('',#12000,1.);
#12000 = DIRECTION('',(1.224646799147E-16,0.,-1.));
#12001 = ORIENTED_EDGE('',*,*,#12002,.F.);
#12002 = EDGE_CURVE('',#11947,#11995,#12003,.T.);
#12003 = LINE('',#12004,#12005);
#12004 = CARTESIAN_POINT('',(117.5,-70.,-39.5));
#12005 = VECTOR('',#12006,1.);
#12006 = DIRECTION('',(8.659560562355E-17,-0.707106781187,
    -0.707106781187));
#12007 = FACE_BOUND('',#12008,.F.);
#12008 = EDGE_LOOP('',(#12009,#12019,#12027,#12035,#12043,#12051,#12059,
    #12067));
#12009 = ORIENTED_EDGE('',*,*,#12010,.F.);
#12010 = EDGE_CURVE('',#12011,#12013,#12015,.T.);
#12011 = VERTEX_POINT('',#12012);
#12012 = CARTESIAN_POINT('',(117.5,-51.,-14.));
#12013 = VERTEX_POINT('',#12014);
#12014 = CARTESIAN_POINT('',(117.5,-52.,-14.));
#12015 = LINE('',#12016,#12017);
#12016 = CARTESIAN_POINT('',(117.5,-50.,-14.));
#12017 = VECTOR('',#12018,1.);
#12018 = DIRECTION('',(0.,-1.,0.));
#12019 = ORIENTED_EDGE('',*,*,#12020,.F.);
#12020 = EDGE_CURVE('',#12021,#12011,#12023,.T.);
#12021 = VERTEX_POINT('',#12022);
#12022 = CARTESIAN_POINT('',(117.5,-49.,-16.));
#12023 = LINE('',#12024,#12025);
#12024 = CARTESIAN_POINT('',(117.5,-59.25,-5.75));
#12025 = VECTOR('',#12026,1.);
#12026 = DIRECTION('',(-8.659560562355E-17,-0.707106781187,
    0.707106781187));
#12027 = ORIENTED_EDGE('',*,*,#12028,.F.);
#12028 = EDGE_CURVE('',#12029,#12021,#12031,.T.);
#12029 = VERTEX_POINT('',#12030);
#12030 = CARTESIAN_POINT('',(117.5,-49.,-34.));
#12031 = LINE('',#12032,#12033);
#12032 = CARTESIAN_POINT('',(117.5,-49.,-35.));
#12033 = VECTOR('',#12034,1.);
#12034 = DIRECTION('',(-1.224646799147E-16,0.,1.));
#12035 = ORIENTED_EDGE('',*,*,#12036,.F.);
#12036 = EDGE_CURVE('',#12037,#12029,#12039,.T.);
#12037 = VERTEX_POINT('',#12038);
#12038 = CARTESIAN_POINT('',(117.5,-51.,-36.));
#12039 = LINE('',#12040,#12041);
#12040 = CARTESIAN_POINT('',(117.5,-71.25,-56.25));
#12041 = VECTOR('',#12042,1.);
#12042 = DIRECTION('',(-8.659560562355E-17,0.707106781187,0.707106781187
    ));
#12043 = ORIENTED_EDGE('',*,*,#12044,.F.);
#12044 = EDGE_CURVE('',#12045,#12037,#12047,.T.);
#12045 = VERTEX_POINT('',#12046);
#12046 = CARTESIAN_POINT('',(117.5,-52.,-36.));
#12047 = LINE('',#12048,#12049);
#12048 = CARTESIAN_POINT('',(117.5,-53.,-36.));
#12049 = VECTOR('',#12050,1.);
#12050 = DIRECTION('',(0.,1.,0.));
#12051 = ORIENTED_EDGE('',*,*,#12052,.F.);
#12052 = EDGE_CURVE('',#12053,#12045,#12055,.T.);
#12053 = VERTEX_POINT('',#12054);
#12054 = CARTESIAN_POINT('',(117.5,-54.,-34.));
#12055 = LINE('',#12056,#12057);
#12056 = CARTESIAN_POINT('',(117.5,-67.5,-20.5));
#12057 = VECTOR('',#12058,1.);
#12058 = DIRECTION('',(8.659560562355E-17,0.707106781187,-0.707106781187
    ));
#12059 = ORIENTED_EDGE('',*,*,#12060,.F.);
#12060 = EDGE_CURVE('',#12061,#12053,#12063,.T.);
#12061 = VERTEX_POINT('',#12062);
#12062 = CARTESIAN_POINT('',(117.5,-54.,-16.));
#12063 = LINE('',#12064,#12065);
#12064 = CARTESIAN_POINT('',(117.5,-54.,-15.));
#12065 = VECTOR('',#12066,1.);
#12066 = DIRECTION('',(1.224646799147E-16,0.,-1.));
#12067 = ORIENTED_EDGE('',*,*,#12068,.F.);
#12068 = EDGE_CURVE('',#12013,#12061,#12069,.T.);
#12069 = LINE('',#12070,#12071);
#12070 = CARTESIAN_POINT('',(117.5,-77.5,-39.5));
#12071 = VECTOR('',#12072,1.);
#12072 = DIRECTION('',(8.659560562355E-17,-0.707106781187,
    -0.707106781187));
#12073 = PLANE('',#12074);
#12074 = AXIS2_PLACEMENT_3D('',#12075,#12076,#12077);
#12075 = CARTESIAN_POINT('',(117.5,-91.,-47.));
#12076 = DIRECTION('',(1.,0.,1.224646799147E-16));
#12077 = DIRECTION('',(-1.224646799147E-16,-2.22044604925E-16,1.));
#12078 = ADVANCED_FACE('',(#12079),#12089,.F.);
#12079 = FACE_BOUND('',#12080,.F.);
#12080 = EDGE_LOOP('',(#12081,#12082,#12088));
#12081 = ORIENTED_EDGE('',*,*,#5482,.F.);
#12082 = ORIENTED_EDGE('',*,*,#12083,.T.);
#12083 = EDGE_CURVE('',#5475,#5421,#12084,.T.);
#12084 = LINE('',#12085,#12086);
#12085 = CARTESIAN_POINT('',(116.,68.,-45.));
#12086 = VECTOR('',#12087,1.);
#12087 = DIRECTION('',(0.707106781187,-0.707106781187,
    -1.241266185587E-14));
#12088 = ORIENTED_EDGE('',*,*,#5428,.F.);
#12089 = PLANE('',#12090);
#12090 = AXIS2_PLACEMENT_3D('',#12091,#12092,#12093);
#12091 = CARTESIAN_POINT('',(115.5,68.5,-45.));
#12092 = DIRECTION('',(0.57735026919,0.57735026919,-0.57735026919));
#12093 = DIRECTION('',(0.707106781187,0.,0.707106781187));
#12094 = ADVANCED_FACE('',(#12095),#12106,.T.);
#12095 = FACE_BOUND('',#12096,.F.);
#12096 = EDGE_LOOP('',(#12097,#12098,#12099,#12105));
#12097 = ORIENTED_EDGE('',*,*,#11386,.T.);
#12098 = ORIENTED_EDGE('',*,*,#6581,.T.);
#12099 = ORIENTED_EDGE('',*,*,#12100,.F.);
#12100 = EDGE_CURVE('',#5452,#6524,#12101,.T.);
#12101 = LINE('',#12102,#12103);
#12102 = CARTESIAN_POINT('',(109.5,68.5,-47.));
#12103 = VECTOR('',#12104,1.);
#12104 = DIRECTION('',(-1.224646799147E-16,0.,1.));
#12105 = ORIENTED_EDGE('',*,*,#5459,.F.);
#12106 = PLANE('',#12107);
#12107 = AXIS2_PLACEMENT_3D('',#12108,#12109,#12110);
#12108 = CARTESIAN_POINT('',(107.79289321881,69.207106781187,-47.));
#12109 = DIRECTION('',(-0.382683432365,-0.923879532511,
    -6.16603092906E-17));
#12110 = DIRECTION('',(1.281265215692E-16,1.366889491013E-17,-1.));
#12111 = ADVANCED_FACE('',(#12112),#12123,.F.);
#12112 = FACE_BOUND('',#12113,.F.);
#12113 = EDGE_LOOP('',(#12114,#12115,#12116,#12117));
#12114 = ORIENTED_EDGE('',*,*,#5474,.F.);
#12115 = ORIENTED_EDGE('',*,*,#12100,.T.);
#12116 = ORIENTED_EDGE('',*,*,#6533,.T.);
#12117 = ORIENTED_EDGE('',*,*,#12118,.F.);
#12118 = EDGE_CURVE('',#5475,#6314,#12119,.T.);
#12119 = LINE('',#12120,#12121);
#12120 = CARTESIAN_POINT('',(115.5,68.5,-47.));
#12121 = VECTOR('',#12122,1.);
#12122 = DIRECTION('',(-1.224646799147E-16,0.,1.));
#12123 = PLANE('',#12124);
#12124 = AXIS2_PLACEMENT_3D('',#12125,#12126,#12127);
#12125 = CARTESIAN_POINT('',(102.5,68.5,-47.));
#12126 = DIRECTION('',(0.,1.,0.));
#12127 = DIRECTION('',(1.,0.,1.224646799147E-16));
#12128 = ADVANCED_FACE('',(#12129),#12148,.T.);
#12129 = FACE_BOUND('',#12130,.F.);
#12130 = EDGE_LOOP('',(#12131,#12139,#12146,#12147));
#12131 = ORIENTED_EDGE('',*,*,#12132,.F.);
#12132 = EDGE_CURVE('',#12133,#5498,#12135,.T.);
#12133 = VERTEX_POINT('',#12134);
#12134 = CARTESIAN_POINT('',(67.04739,-57.947861,-40.29049809265));
#12135 = LINE('',#12136,#12137);
#12136 = CARTESIAN_POINT('',(67.04739,-57.947861,-40.29049809265));
#12137 = VECTOR('',#12138,1.);
#12138 = DIRECTION('',(1.224646799147E-16,0.,-1.));
#12139 = ORIENTED_EDGE('',*,*,#12140,.F.);
#12140 = EDGE_CURVE('',#12133,#12133,#12141,.T.);
#12141 = CIRCLE('',#12142,3.5);
#12142 = AXIS2_PLACEMENT_3D('',#12143,#12144,#12145);
#12143 = CARTESIAN_POINT('',(70.54739,-57.947861,-40.29049809265));
#12144 = DIRECTION('',(1.224646799147E-16,0.,-1.));
#12145 = DIRECTION('',(-1.,0.,-1.224646799147E-16));
#12146 = ORIENTED_EDGE('',*,*,#12132,.T.);
#12147 = ORIENTED_EDGE('',*,*,#5507,.F.);
#12148 = CYLINDRICAL_SURFACE('',#12149,3.5);
#12149 = AXIS2_PLACEMENT_3D('',#12150,#12151,#12152);
#12150 = CARTESIAN_POINT('',(70.54739,-57.947861,-40.29049809265));
#12151 = DIRECTION('',(-1.224646799147E-16,-0.,1.));
#12152 = DIRECTION('',(-1.,0.,-1.224646799147E-16));
#12153 = ADVANCED_FACE('',(#12154),#12173,.T.);
#12154 = FACE_BOUND('',#12155,.F.);
#12155 = EDGE_LOOP('',(#12156,#12164,#12171,#12172));
#12156 = ORIENTED_EDGE('',*,*,#12157,.F.);
#12157 = EDGE_CURVE('',#12158,#5523,#12160,.T.);
#12158 = VERTEX_POINT('',#12159);
#12159 = CARTESIAN_POINT('',(66.552175,57.04528,-40.29049809265));
#12160 = LINE('',#12161,#12162);
#12161 = CARTESIAN_POINT('',(66.552175,57.04528,-40.29049809265));
#12162 = VECTOR('',#12163,1.);
#12163 = DIRECTION('',(1.224646799147E-16,0.,-1.));
#12164 = ORIENTED_EDGE('',*,*,#12165,.F.);
#12165 = EDGE_CURVE('',#12158,#12158,#12166,.T.);
#12166 = CIRCLE('',#12167,4.);
#12167 = AXIS2_PLACEMENT_3D('',#12168,#12169,#12170);
#12168 = CARTESIAN_POINT('',(70.552175,57.04528,-40.29049809265));
#12169 = DIRECTION('',(1.224646799147E-16,0.,-1.));
#12170 = DIRECTION('',(-1.,0.,-1.224646799147E-16));
#12171 = ORIENTED_EDGE('',*,*,#12157,.T.);
#12172 = ORIENTED_EDGE('',*,*,#5532,.F.);
#12173 = CYLINDRICAL_SURFACE('',#12174,4.);
#12174 = AXIS2_PLACEMENT_3D('',#12175,#12176,#12177);
#12175 = CARTESIAN_POINT('',(70.552175,57.04528,-40.29049809265));
#12176 = DIRECTION('',(-1.224646799147E-16,-0.,1.));
#12177 = DIRECTION('',(-1.,0.,-1.224646799147E-16));
#12178 = ADVANCED_FACE('',(#12179),#12204,.T.);
#12179 = FACE_BOUND('',#12180,.T.);
#12180 = EDGE_LOOP('',(#12181,#12182,#12190,#12198));
#12181 = ORIENTED_EDGE('',*,*,#5563,.F.);
#12182 = ORIENTED_EDGE('',*,*,#12183,.F.);
#12183 = EDGE_CURVE('',#12184,#5564,#12186,.T.);
#12184 = VERTEX_POINT('',#12185);
#12185 = CARTESIAN_POINT('',(44.874372551987,-87.9721488076,
    -37.08596674489));
#12186 = LINE('',#12187,#12188);
#12187 = CARTESIAN_POINT('',(47.610533698592,-80.45460784131,
    -37.08596674489));
#12188 = VECTOR('',#12189,1.);
#12189 = DIRECTION('',(0.342020143326,0.939692620786,-7.777526983175E-16
    ));
#12190 = ORIENTED_EDGE('',*,*,#12191,.T.);
#12191 = EDGE_CURVE('',#12184,#12192,#12194,.T.);
#12192 = VERTEX_POINT('',#12193);
#12193 = CARTESIAN_POINT('',(44.410844299216,-87.80343832085,
    -37.95212707938));
#12194 = LINE('',#12195,#12196);
#12195 = CARTESIAN_POINT('',(46.582912361618,-88.59400644237,
    -33.89334708441));
#12196 = VECTOR('',#12197,1.);
#12197 = DIRECTION('',(-0.465029139514,0.169256764849,-0.868964928496));
#12198 = ORIENTED_EDGE('',*,*,#12199,.F.);
#12199 = EDGE_CURVE('',#5566,#12192,#12200,.T.);
#12200 = LINE('',#12201,#12202);
#12201 = CARTESIAN_POINT('',(47.147005445821,-80.28589735456,
    -37.95212707938));
#12202 = VECTOR('',#12203,1.);
#12203 = DIRECTION('',(-0.342020143326,-0.939692620786,
    7.777526983175E-16));
#12204 = PLANE('',#12205);
#12205 = AXIS2_PLACEMENT_3D('',#12206,#12207,#12208);
#12206 = CARTESIAN_POINT('',(49.319073508223,-81.07646547608,
    -33.89334708441));
#12207 = DIRECTION('',(0.816559931029,-0.297203509389,-0.494873673824));
#12208 = DIRECTION('',(-0.465029139514,0.169256764849,-0.868964928496));
#12209 = ADVANCED_FACE('',(#12210),#12229,.F.);
#12210 = FACE_BOUND('',#12211,.F.);
#12211 = EDGE_LOOP('',(#12212,#12213,#12222,#12228));
#12212 = ORIENTED_EDGE('',*,*,#12183,.F.);
#12213 = ORIENTED_EDGE('',*,*,#12214,.F.);
#12214 = EDGE_CURVE('',#12215,#12184,#12217,.T.);
#12215 = VERTEX_POINT('',#12216);
#12216 = CARTESIAN_POINT('',(46.119384108846,-88.42529595562,
    -34.75950741889));
#12217 = CIRCLE('',#12218,1.9);
#12218 = AXIS2_PLACEMENT_3D('',#12219,#12220,#12221);
#12219 = CARTESIAN_POINT('',(46.59788691342,-88.59945673349,-36.59));
#12220 = DIRECTION('',(-0.342020143326,-0.939692620786,
    7.777526983175E-16));
#12221 = DIRECTION('',(0.939692620786,-0.342020143326,1.387778780781E-16
    ));
#12222 = ORIENTED_EDGE('',*,*,#12223,.T.);
#12223 = EDGE_CURVE('',#12215,#5624,#12224,.T.);
#12224 = LINE('',#12225,#12226);
#12225 = CARTESIAN_POINT('',(48.855545255451,-80.90775498933,
    -34.75950741889));
#12226 = VECTOR('',#12227,1.);
#12227 = DIRECTION('',(0.342020143326,0.939692620786,-7.777526983175E-16
    ));
#12228 = ORIENTED_EDGE('',*,*,#5631,.F.);
#12229 = CYLINDRICAL_SURFACE('',#12230,1.9);
#12230 = AXIS2_PLACEMENT_3D('',#12231,#12232,#12233);
#12231 = CARTESIAN_POINT('',(49.334048060025,-81.08191576721,-36.59));
#12232 = DIRECTION('',(0.342020143326,0.939692620786,-7.777526983175E-16
    ));
#12233 = DIRECTION('',(0.939692620786,-0.342020143326,1.387778780781E-16
    ));
#12234 = ADVANCED_FACE('',(#12235),#12253,.T.);
#12235 = FACE_BOUND('',#12236,.T.);
#12236 = EDGE_LOOP('',(#12237,#12238,#12246,#12252));
#12237 = ORIENTED_EDGE('',*,*,#5623,.F.);
#12238 = ORIENTED_EDGE('',*,*,#12239,.T.);
#12239 = EDGE_CURVE('',#5616,#12240,#12242,.T.);
#12240 = VERTEX_POINT('',#12241);
#12241 = CARTESIAN_POINT('',(46.582912361618,-88.59400644237,
    -33.89334708441));
#12242 = LINE('',#12243,#12244);
#12243 = CARTESIAN_POINT('',(49.319073508223,-81.07646547608,
    -33.89334708441));
#12244 = VECTOR('',#12245,1.);
#12245 = DIRECTION('',(-0.342020143326,-0.939692620786,
    7.777526983175E-16));
#12246 = ORIENTED_EDGE('',*,*,#12247,.T.);
#12247 = EDGE_CURVE('',#12240,#12215,#12248,.T.);
#12248 = LINE('',#12249,#12250);
#12249 = CARTESIAN_POINT('',(46.582912361618,-88.59400644237,
    -33.89334708441));
#12250 = VECTOR('',#12251,1.);
#12251 = DIRECTION('',(-0.465029139514,0.169256764849,-0.868964928496));
#12252 = ORIENTED_EDGE('',*,*,#12223,.T.);
#12253 = PLANE('',#12254);
#12254 = AXIS2_PLACEMENT_3D('',#12255,#12256,#12257);
#12255 = CARTESIAN_POINT('',(49.319073508223,-81.07646547608,
    -33.89334708441));
#12256 = DIRECTION('',(0.816559931029,-0.297203509389,-0.494873673824));
#12257 = DIRECTION('',(-0.465029139514,0.169256764849,-0.868964928496));
#12258 = ADVANCED_FACE('',(#12259),#12277,.T.);
#12259 = FACE_BOUND('',#12260,.T.);
#12260 = EDGE_LOOP('',(#12261,#12262,#12270,#12276));
#12261 = ORIENTED_EDGE('',*,*,#5615,.F.);
#12262 = ORIENTED_EDGE('',*,*,#12263,.F.);
#12263 = EDGE_CURVE('',#12264,#5607,#12266,.T.);
#12264 = VERTEX_POINT('',#12265);
#12265 = CARTESIAN_POINT('',(47.056027507111,-88.76620627271,
    -34.75361720015));
#12266 = LINE('',#12267,#12268);
#12267 = CARTESIAN_POINT('',(49.792188653717,-81.24866530642,
    -34.75361720015));
#12268 = VECTOR('',#12269,1.);
#12269 = DIRECTION('',(0.342020143326,0.939692620786,-7.777526983175E-16
    ));
#12270 = ORIENTED_EDGE('',*,*,#12271,.T.);
#12271 = EDGE_CURVE('',#12264,#12240,#12272,.T.);
#12272 = LINE('',#12273,#12274);
#12273 = CARTESIAN_POINT('',(48.799904079427,-89.40092543726,
    -37.9245258362));
#12274 = VECTOR('',#12275,1.);
#12275 = DIRECTION('',(-0.474647074227,0.1727574068,0.863055637444));
#12276 = ORIENTED_EDGE('',*,*,#12239,.F.);
#12277 = PLANE('',#12278);
#12278 = AXIS2_PLACEMENT_3D('',#12279,#12280,#12281);
#12279 = CARTESIAN_POINT('',(51.536065226032,-81.88338447098,
    -37.9245258362));
#12280 = DIRECTION('',(-0.811007013834,0.295182412817,-0.505108866163));
#12281 = DIRECTION('',(-0.474647074227,0.1727574068,0.863055637444));
#12282 = ADVANCED_FACE('',(#12283),#12311,.F.);
#12283 = FACE_BOUND('',#12284,.F.);
#12284 = EDGE_LOOP('',(#12285,#12294,#12303,#12309,#12310));
#12285 = ORIENTED_EDGE('',*,*,#12286,.F.);
#12286 = EDGE_CURVE('',#12287,#12264,#12289,.T.);
#12287 = VERTEX_POINT('',#12288);
#12288 = CARTESIAN_POINT('',(48.383302892913,-89.24929500581,-36.59));
#12289 = CIRCLE('',#12290,1.9);
#12290 = AXIS2_PLACEMENT_3D('',#12291,#12292,#12293);
#12291 = CARTESIAN_POINT('',(46.59788691342,-88.59945673349,-36.59));
#12292 = DIRECTION('',(-0.342020143326,-0.939692620786,
    7.777526983175E-16));
#12293 = DIRECTION('',(0.939692620786,-0.342020143326,1.387778780781E-16
    ));
#12294 = ORIENTED_EDGE('',*,*,#12295,.F.);
#12295 = EDGE_CURVE('',#12296,#12287,#12298,.T.);
#12296 = VERTEX_POINT('',#12297);
#12297 = CARTESIAN_POINT('',(48.326788933933,-89.22872560692,
    -37.06425572046));
#12298 = CIRCLE('',#12299,1.9);
#12299 = AXIS2_PLACEMENT_3D('',#12300,#12301,#12302);
#12300 = CARTESIAN_POINT('',(46.59788691342,-88.59945673349,-36.59));
#12301 = DIRECTION('',(-0.342020143326,-0.939692620786,
    7.777526983175E-16));
#12302 = DIRECTION('',(0.939692620786,-0.342020143326,1.387778780781E-16
    ));
#12303 = ORIENTED_EDGE('',*,*,#12304,.T.);
#12304 = EDGE_CURVE('',#12296,#5599,#12305,.T.);
#12305 = LINE('',#12306,#12307);
#12306 = CARTESIAN_POINT('',(51.062950080539,-81.71118464064,
    -37.06425572046));
#12307 = VECTOR('',#12308,1.);
#12308 = DIRECTION('',(0.342020143326,0.939692620786,-7.777526983175E-16
    ));
#12309 = ORIENTED_EDGE('',*,*,#5606,.F.);
#12310 = ORIENTED_EDGE('',*,*,#12263,.F.);
#12311 = CYLINDRICAL_SURFACE('',#12312,1.9);
#12312 = AXIS2_PLACEMENT_3D('',#12313,#12314,#12315);
#12313 = CARTESIAN_POINT('',(49.334048060025,-81.08191576721,-36.59));
#12314 = DIRECTION('',(0.342020143326,0.939692620786,-7.777526983175E-16
    ));
#12315 = DIRECTION('',(0.939692620786,-0.342020143326,1.387778780781E-16
    ));
#12316 = ADVANCED_FACE('',(#12317),#12335,.T.);
#12317 = FACE_BOUND('',#12318,.T.);
#12318 = EDGE_LOOP('',(#12319,#12320,#12328,#12334));
#12319 = ORIENTED_EDGE('',*,*,#5598,.F.);
#12320 = ORIENTED_EDGE('',*,*,#12321,.T.);
#12321 = EDGE_CURVE('',#5591,#12322,#12324,.T.);
#12322 = VERTEX_POINT('',#12323);
#12323 = CARTESIAN_POINT('',(48.799904079427,-89.40092543726,
    -37.9245258362));
#12324 = LINE('',#12325,#12326);
#12325 = CARTESIAN_POINT('',(51.536065226032,-81.88338447098,
    -37.9245258362));
#12326 = VECTOR('',#12327,1.);
#12327 = DIRECTION('',(-0.342020143326,-0.939692620786,
    7.777526983175E-16));
#12328 = ORIENTED_EDGE('',*,*,#12329,.T.);
#12329 = EDGE_CURVE('',#12322,#12296,#12330,.T.);
#12330 = LINE('',#12331,#12332);
#12331 = CARTESIAN_POINT('',(48.799904079427,-89.40092543726,
    -37.9245258362));
#12332 = VECTOR('',#12333,1.);
#12333 = DIRECTION('',(-0.474647074227,0.1727574068,0.863055637444));
#12334 = ORIENTED_EDGE('',*,*,#12304,.T.);
#12335 = PLANE('',#12336);
#12336 = AXIS2_PLACEMENT_3D('',#12337,#12338,#12339);
#12337 = CARTESIAN_POINT('',(51.536065226032,-81.88338447098,
    -37.9245258362));
#12338 = DIRECTION('',(-0.811007013834,0.295182412817,-0.505108866163));
#12339 = DIRECTION('',(-0.474647074227,0.1727574068,0.863055637444));
#12340 = ADVANCED_FACE('',(#12341),#12359,.T.);
#12341 = FACE_BOUND('',#12342,.T.);
#12342 = EDGE_LOOP('',(#12343,#12344,#12352,#12358));
#12343 = ORIENTED_EDGE('',*,*,#5590,.F.);
#12344 = ORIENTED_EDGE('',*,*,#12345,.F.);
#12345 = EDGE_CURVE('',#12346,#5582,#12348,.T.);
#12346 = VERTEX_POINT('',#12347);
#12347 = CARTESIAN_POINT('',(47.863260681162,-89.06001512017,
    -37.93041605495));
#12348 = LINE('',#12349,#12350);
#12349 = CARTESIAN_POINT('',(50.599421827767,-81.54247415389,
    -37.93041605495));
#12350 = VECTOR('',#12351,1.);
#12351 = DIRECTION('',(0.342020143326,0.939692620786,-7.777526983175E-16
    ));
#12352 = ORIENTED_EDGE('',*,*,#12353,.T.);
#12353 = EDGE_CURVE('',#12346,#12322,#12354,.T.);
#12354 = LINE('',#12355,#12356);
#12355 = CARTESIAN_POINT('',(44.410844299216,-87.80343832085,
    -37.95212707938));
#12356 = VECTOR('',#12357,1.);
#12357 = DIRECTION('',(0.939676213741,-0.34201417165,5.909291052281E-03)
  );
#12358 = ORIENTED_EDGE('',*,*,#12321,.F.);
#12359 = PLANE('',#12360);
#12360 = AXIS2_PLACEMENT_3D('',#12361,#12362,#12363);
#12361 = CARTESIAN_POINT('',(47.147005445821,-80.28589735456,
    -37.95212707938));
#12362 = DIRECTION('',(-5.552917195905E-03,2.021096572655E-03,
    0.999982539987));
#12363 = DIRECTION('',(0.939676213741,-0.34201417165,5.909291052281E-03)
  );
#12364 = ADVANCED_FACE('',(#12365),#12384,.F.);
#12365 = FACE_BOUND('',#12366,.F.);
#12366 = EDGE_LOOP('',(#12367,#12376,#12382,#12383));
#12367 = ORIENTED_EDGE('',*,*,#12368,.F.);
#12368 = EDGE_CURVE('',#12369,#12346,#12371,.T.);
#12369 = VERTEX_POINT('',#12370);
#12370 = CARTESIAN_POINT('',(45.34748769748,-88.14434863794,
    -37.94623686063));
#12371 = CIRCLE('',#12372,1.9);
#12372 = AXIS2_PLACEMENT_3D('',#12373,#12374,#12375);
#12373 = CARTESIAN_POINT('',(46.59788691342,-88.59945673349,-36.59));
#12374 = DIRECTION('',(-0.342020143326,-0.939692620786,
    7.777526983175E-16));
#12375 = DIRECTION('',(0.939692620786,-0.342020143326,1.387778780781E-16
    ));
#12376 = ORIENTED_EDGE('',*,*,#12377,.T.);
#12377 = EDGE_CURVE('',#12369,#5574,#12378,.T.);
#12378 = LINE('',#12379,#12380);
#12379 = CARTESIAN_POINT('',(48.083648844085,-80.62680767165,
    -37.94623686063));
#12380 = VECTOR('',#12381,1.);
#12381 = DIRECTION('',(0.342020143326,0.939692620786,-7.777526983175E-16
    ));
#12382 = ORIENTED_EDGE('',*,*,#5581,.F.);
#12383 = ORIENTED_EDGE('',*,*,#12345,.F.);
#12384 = CYLINDRICAL_SURFACE('',#12385,1.9);
#12385 = AXIS2_PLACEMENT_3D('',#12386,#12387,#12388);
#12386 = CARTESIAN_POINT('',(49.334048060025,-81.08191576721,-36.59));
#12387 = DIRECTION('',(0.342020143326,0.939692620786,-7.777526983175E-16
    ));
#12388 = DIRECTION('',(0.939692620786,-0.342020143326,1.387778780781E-16
    ));
#12389 = ADVANCED_FACE('',(#12390),#12401,.T.);
#12390 = FACE_BOUND('',#12391,.T.);
#12391 = EDGE_LOOP('',(#12392,#12393,#12394,#12400));
#12392 = ORIENTED_EDGE('',*,*,#5573,.F.);
#12393 = ORIENTED_EDGE('',*,*,#12199,.T.);
#12394 = ORIENTED_EDGE('',*,*,#12395,.T.);
#12395 = EDGE_CURVE('',#12192,#12369,#12396,.T.);
#12396 = LINE('',#12397,#12398);
#12397 = CARTESIAN_POINT('',(44.410844299216,-87.80343832085,
    -37.95212707938));
#12398 = VECTOR('',#12399,1.);
#12399 = DIRECTION('',(0.939676213741,-0.34201417165,5.909291052281E-03)
  );
#12400 = ORIENTED_EDGE('',*,*,#12377,.T.);
#12401 = PLANE('',#12402);
#12402 = AXIS2_PLACEMENT_3D('',#12403,#12404,#12405);
#12403 = CARTESIAN_POINT('',(47.147005445821,-80.28589735456,
    -37.95212707938));
#12404 = DIRECTION('',(-5.552917195905E-03,2.021096572655E-03,
    0.999982539987));
#12405 = DIRECTION('',(0.939676213741,-0.34201417165,5.909291052281E-03)
  );
#12406 = ADVANCED_FACE('',(#12407),#12432,.T.);
#12407 = FACE_BOUND('',#12408,.T.);
#12408 = EDGE_LOOP('',(#12409,#12410,#12418,#12426));
#12409 = ORIENTED_EDGE('',*,*,#5640,.F.);
#12410 = ORIENTED_EDGE('',*,*,#12411,.F.);
#12411 = EDGE_CURVE('',#12412,#5641,#12414,.T.);
#12412 = VERTEX_POINT('',#12413);
#12413 = CARTESIAN_POINT('',(14.653857867512,-76.97278099825,
    -37.08596674489));
#12414 = LINE('',#12415,#12416);
#12415 = CARTESIAN_POINT('',(17.390019014118,-69.45524003196,
    -37.08596674489));
#12416 = VECTOR('',#12417,1.);
#12417 = DIRECTION('',(0.342020143326,0.939692620786,-7.777526983175E-16
    ));
#12418 = ORIENTED_EDGE('',*,*,#12419,.T.);
#12419 = EDGE_CURVE('',#12412,#12420,#12422,.T.);
#12420 = VERTEX_POINT('',#12421);
#12421 = CARTESIAN_POINT('',(14.190329614741,-76.8040705115,
    -37.95212707938));
#12422 = LINE('',#12423,#12424);
#12423 = CARTESIAN_POINT('',(16.362397677143,-77.59463863301,
    -33.89334708441));
#12424 = VECTOR('',#12425,1.);
#12425 = DIRECTION('',(-0.465029139514,0.169256764849,-0.868964928496));
#12426 = ORIENTED_EDGE('',*,*,#12427,.F.);
#12427 = EDGE_CURVE('',#5643,#12420,#12428,.T.);
#12428 = LINE('',#12429,#12430);
#12429 = CARTESIAN_POINT('',(16.926490761346,-69.28652954521,
    -37.95212707938));
#12430 = VECTOR('',#12431,1.);
#12431 = DIRECTION('',(-0.342020143326,-0.939692620786,
    7.777526983175E-16));
#12432 = PLANE('',#12433);
#12433 = AXIS2_PLACEMENT_3D('',#12434,#12435,#12436);
#12434 = CARTESIAN_POINT('',(19.098558823748,-70.07709766673,
    -33.89334708441));
#12435 = DIRECTION('',(0.816559931029,-0.297203509389,-0.494873673824));
#12436 = DIRECTION('',(-0.465029139514,0.169256764849,-0.868964928496));
#12437 = ADVANCED_FACE('',(#12438),#12457,.F.);
#12438 = FACE_BOUND('',#12439,.F.);
#12439 = EDGE_LOOP('',(#12440,#12441,#12450,#12456));
#12440 = ORIENTED_EDGE('',*,*,#12411,.F.);
#12441 = ORIENTED_EDGE('',*,*,#12442,.F.);
#12442 = EDGE_CURVE('',#12443,#12412,#12445,.T.);
#12443 = VERTEX_POINT('',#12444);
#12444 = CARTESIAN_POINT('',(15.898869424371,-77.42592814626,
    -34.75950741889));
#12445 = CIRCLE('',#12446,1.9);
#12446 = AXIS2_PLACEMENT_3D('',#12447,#12448,#12449);
#12447 = CARTESIAN_POINT('',(16.377372228945,-77.60008892414,-36.59));
#12448 = DIRECTION('',(-0.342020143326,-0.939692620786,
    7.777526983175E-16));
#12449 = DIRECTION('',(0.939692620786,-0.342020143326,1.387778780781E-16
    ));
#12450 = ORIENTED_EDGE('',*,*,#12451,.T.);
#12451 = EDGE_CURVE('',#12443,#5701,#12452,.T.);
#12452 = LINE('',#12453,#12454);
#12453 = CARTESIAN_POINT('',(18.635030570977,-69.90838717997,
    -34.75950741889));
#12454 = VECTOR('',#12455,1.);
#12455 = DIRECTION('',(0.342020143326,0.939692620786,-7.777526983175E-16
    ));
#12456 = ORIENTED_EDGE('',*,*,#5708,.F.);
#12457 = CYLINDRICAL_SURFACE('',#12458,1.9);
#12458 = AXIS2_PLACEMENT_3D('',#12459,#12460,#12461);
#12459 = CARTESIAN_POINT('',(19.113533375551,-70.08254795785,-36.59));
#12460 = DIRECTION('',(0.342020143326,0.939692620786,-7.777526983175E-16
    ));
#12461 = DIRECTION('',(0.939692620786,-0.342020143326,1.387778780781E-16
    ));
#12462 = ADVANCED_FACE('',(#12463),#12481,.T.);
#12463 = FACE_BOUND('',#12464,.T.);
#12464 = EDGE_LOOP('',(#12465,#12466,#12474,#12480));
#12465 = ORIENTED_EDGE('',*,*,#5700,.F.);
#12466 = ORIENTED_EDGE('',*,*,#12467,.T.);
#12467 = EDGE_CURVE('',#5693,#12468,#12470,.T.);
#12468 = VERTEX_POINT('',#12469);
#12469 = CARTESIAN_POINT('',(16.362397677143,-77.59463863301,
    -33.89334708441));
#12470 = LINE('',#12471,#12472);
#12471 = CARTESIAN_POINT('',(19.098558823748,-70.07709766673,
    -33.89334708441));
#12472 = VECTOR('',#12473,1.);
#12473 = DIRECTION('',(-0.342020143326,-0.939692620786,
    7.777526983175E-16));
#12474 = ORIENTED_EDGE('',*,*,#12475,.T.);
#12475 = EDGE_CURVE('',#12468,#12443,#12476,.T.);
#12476 = LINE('',#12477,#12478);
#12477 = CARTESIAN_POINT('',(16.362397677143,-77.59463863301,
    -33.89334708441));
#12478 = VECTOR('',#12479,1.);
#12479 = DIRECTION('',(-0.465029139514,0.169256764849,-0.868964928496));
#12480 = ORIENTED_EDGE('',*,*,#12451,.T.);
#12481 = PLANE('',#12482);
#12482 = AXIS2_PLACEMENT_3D('',#12483,#12484,#12485);
#12483 = CARTESIAN_POINT('',(19.098558823748,-70.07709766673,
    -33.89334708441));
#12484 = DIRECTION('',(0.816559931029,-0.297203509389,-0.494873673824));
#12485 = DIRECTION('',(-0.465029139514,0.169256764849,-0.868964928496));
#12486 = ADVANCED_FACE('',(#12487),#12505,.T.);
#12487 = FACE_BOUND('',#12488,.T.);
#12488 = EDGE_LOOP('',(#12489,#12490,#12498,#12504));
#12489 = ORIENTED_EDGE('',*,*,#5692,.F.);
#12490 = ORIENTED_EDGE('',*,*,#12491,.F.);
#12491 = EDGE_CURVE('',#12492,#5684,#12494,.T.);
#12492 = VERTEX_POINT('',#12493);
#12493 = CARTESIAN_POINT('',(16.835512822636,-77.76683846335,
    -34.75361720015));
#12494 = LINE('',#12495,#12496);
#12495 = CARTESIAN_POINT('',(19.571673969242,-70.24929749707,
    -34.75361720015));
#12496 = VECTOR('',#12497,1.);
#12497 = DIRECTION('',(0.342020143326,0.939692620786,-7.777526983175E-16
    ));
#12498 = ORIENTED_EDGE('',*,*,#12499,.T.);
#12499 = EDGE_CURVE('',#12492,#12468,#12500,.T.);
#12500 = LINE('',#12501,#12502);
#12501 = CARTESIAN_POINT('',(18.579389394952,-78.40155762791,
    -37.9245258362));
#12502 = VECTOR('',#12503,1.);
#12503 = DIRECTION('',(-0.474647074227,0.1727574068,0.863055637444));
#12504 = ORIENTED_EDGE('',*,*,#12467,.F.);
#12505 = PLANE('',#12506);
#12506 = AXIS2_PLACEMENT_3D('',#12507,#12508,#12509);
#12507 = CARTESIAN_POINT('',(21.315550541558,-70.88401666162,
    -37.9245258362));
#12508 = DIRECTION('',(-0.811007013834,0.295182412817,-0.505108866163));
#12509 = DIRECTION('',(-0.474647074227,0.1727574068,0.863055637444));
#12510 = ADVANCED_FACE('',(#12511),#12539,.F.);
#12511 = FACE_BOUND('',#12512,.F.);
#12512 = EDGE_LOOP('',(#12513,#12522,#12531,#12537,#12538));
#12513 = ORIENTED_EDGE('',*,*,#12514,.F.);
#12514 = EDGE_CURVE('',#12515,#12492,#12517,.T.);
#12515 = VERTEX_POINT('',#12516);
#12516 = CARTESIAN_POINT('',(18.162788208438,-78.24992719646,-36.59));
#12517 = CIRCLE('',#12518,1.9);
#12518 = AXIS2_PLACEMENT_3D('',#12519,#12520,#12521);
#12519 = CARTESIAN_POINT('',(16.377372228945,-77.60008892414,-36.59));
#12520 = DIRECTION('',(-0.342020143326,-0.939692620786,
    7.777526983175E-16));
#12521 = DIRECTION('',(0.939692620786,-0.342020143326,1.387778780781E-16
    ));
#12522 = ORIENTED_EDGE('',*,*,#12523,.F.);
#12523 = EDGE_CURVE('',#12524,#12515,#12526,.T.);
#12524 = VERTEX_POINT('',#12525);
#12525 = CARTESIAN_POINT('',(18.106274249459,-78.22935779757,
    -37.06425572046));
#12526 = CIRCLE('',#12527,1.9);
#12527 = AXIS2_PLACEMENT_3D('',#12528,#12529,#12530);
#12528 = CARTESIAN_POINT('',(16.377372228945,-77.60008892414,-36.59));
#12529 = DIRECTION('',(-0.342020143326,-0.939692620786,
    7.777526983175E-16));
#12530 = DIRECTION('',(0.939692620786,-0.342020143326,1.387778780781E-16
    ));
#12531 = ORIENTED_EDGE('',*,*,#12532,.T.);
#12532 = EDGE_CURVE('',#12524,#5676,#12533,.T.);
#12533 = LINE('',#12534,#12535);
#12534 = CARTESIAN_POINT('',(20.842435396064,-70.71181683128,
    -37.06425572046));
#12535 = VECTOR('',#12536,1.);
#12536 = DIRECTION('',(0.342020143326,0.939692620786,-7.777526983175E-16
    ));
#12537 = ORIENTED_EDGE('',*,*,#5683,.F.);
#12538 = ORIENTED_EDGE('',*,*,#12491,.F.);
#12539 = CYLINDRICAL_SURFACE('',#12540,1.9);
#12540 = AXIS2_PLACEMENT_3D('',#12541,#12542,#12543);
#12541 = CARTESIAN_POINT('',(19.113533375551,-70.08254795785,-36.59));
#12542 = DIRECTION('',(0.342020143326,0.939692620786,-7.777526983175E-16
    ));
#12543 = DIRECTION('',(0.939692620786,-0.342020143326,1.387778780781E-16
    ));
#12544 = ADVANCED_FACE('',(#12545),#12563,.T.);
#12545 = FACE_BOUND('',#12546,.T.);
#12546 = EDGE_LOOP('',(#12547,#12548,#12556,#12562));
#12547 = ORIENTED_EDGE('',*,*,#5675,.F.);
#12548 = ORIENTED_EDGE('',*,*,#12549,.T.);
#12549 = EDGE_CURVE('',#5668,#12550,#12552,.T.);
#12550 = VERTEX_POINT('',#12551);
#12551 = CARTESIAN_POINT('',(18.579389394952,-78.40155762791,
    -37.9245258362));
#12552 = LINE('',#12553,#12554);
#12553 = CARTESIAN_POINT('',(21.315550541558,-70.88401666162,
    -37.9245258362));
#12554 = VECTOR('',#12555,1.);
#12555 = DIRECTION('',(-0.342020143326,-0.939692620786,
    7.777526983175E-16));
#12556 = ORIENTED_EDGE('',*,*,#12557,.T.);
#12557 = EDGE_CURVE('',#12550,#12524,#12558,.T.);
#12558 = LINE('',#12559,#12560);
#12559 = CARTESIAN_POINT('',(18.579389394952,-78.40155762791,
    -37.9245258362));
#12560 = VECTOR('',#12561,1.);
#12561 = DIRECTION('',(-0.474647074227,0.1727574068,0.863055637444));
#12562 = ORIENTED_EDGE('',*,*,#12532,.T.);
#12563 = PLANE('',#12564);
#12564 = AXIS2_PLACEMENT_3D('',#12565,#12566,#12567);
#12565 = CARTESIAN_POINT('',(21.315550541558,-70.88401666162,
    -37.9245258362));
#12566 = DIRECTION('',(-0.811007013834,0.295182412817,-0.505108866163));
#12567 = DIRECTION('',(-0.474647074227,0.1727574068,0.863055637444));
#12568 = ADVANCED_FACE('',(#12569),#12587,.T.);
#12569 = FACE_BOUND('',#12570,.T.);
#12570 = EDGE_LOOP('',(#12571,#12572,#12580,#12586));
#12571 = ORIENTED_EDGE('',*,*,#5667,.F.);
#12572 = ORIENTED_EDGE('',*,*,#12573,.F.);
#12573 = EDGE_CURVE('',#12574,#5659,#12576,.T.);
#12574 = VERTEX_POINT('',#12575);
#12575 = CARTESIAN_POINT('',(17.642745996687,-78.06064731082,
    -37.93041605495));
#12576 = LINE('',#12577,#12578);
#12577 = CARTESIAN_POINT('',(20.378907143292,-70.54310634453,
    -37.93041605495));
#12578 = VECTOR('',#12579,1.);
#12579 = DIRECTION('',(0.342020143326,0.939692620786,-7.777526983175E-16
    ));
#12580 = ORIENTED_EDGE('',*,*,#12581,.T.);
#12581 = EDGE_CURVE('',#12574,#12550,#12582,.T.);
#12582 = LINE('',#12583,#12584);
#12583 = CARTESIAN_POINT('',(14.190329614741,-76.8040705115,
    -37.95212707938));
#12584 = VECTOR('',#12585,1.);
#12585 = DIRECTION('',(0.939676213741,-0.34201417165,5.909291052281E-03)
  );
#12586 = ORIENTED_EDGE('',*,*,#12549,.F.);
#12587 = PLANE('',#12588);
#12588 = AXIS2_PLACEMENT_3D('',#12589,#12590,#12591);
#12589 = CARTESIAN_POINT('',(16.926490761346,-69.28652954521,
    -37.95212707938));
#12590 = DIRECTION('',(-5.552917195905E-03,2.021096572655E-03,
    0.999982539987));
#12591 = DIRECTION('',(0.939676213741,-0.34201417165,5.909291052281E-03)
  );
#12592 = ADVANCED_FACE('',(#12593),#12612,.F.);
#12593 = FACE_BOUND('',#12594,.F.);
#12594 = EDGE_LOOP('',(#12595,#12604,#12610,#12611));
#12595 = ORIENTED_EDGE('',*,*,#12596,.F.);
#12596 = EDGE_CURVE('',#12597,#12574,#12599,.T.);
#12597 = VERTEX_POINT('',#12598);
#12598 = CARTESIAN_POINT('',(15.126973013005,-77.14498082859,
    -37.94623686063));
#12599 = CIRCLE('',#12600,1.9);
#12600 = AXIS2_PLACEMENT_3D('',#12601,#12602,#12603);
#12601 = CARTESIAN_POINT('',(16.377372228945,-77.60008892414,-36.59));
#12602 = DIRECTION('',(-0.342020143326,-0.939692620786,
    7.777526983175E-16));
#12603 = DIRECTION('',(0.939692620786,-0.342020143326,1.387778780781E-16
    ));
#12604 = ORIENTED_EDGE('',*,*,#12605,.T.);
#12605 = EDGE_CURVE('',#12597,#5651,#12606,.T.);
#12606 = LINE('',#12607,#12608);
#12607 = CARTESIAN_POINT('',(17.86313415961,-69.6274398623,
    -37.94623686063));
#12608 = VECTOR('',#12609,1.);
#12609 = DIRECTION('',(0.342020143326,0.939692620786,-7.777526983175E-16
    ));
#12610 = ORIENTED_EDGE('',*,*,#5658,.F.);
#12611 = ORIENTED_EDGE('',*,*,#12573,.F.);
#12612 = CYLINDRICAL_SURFACE('',#12613,1.9);
#12613 = AXIS2_PLACEMENT_3D('',#12614,#12615,#12616);
#12614 = CARTESIAN_POINT('',(19.113533375551,-70.08254795785,-36.59));
#12615 = DIRECTION('',(0.342020143326,0.939692620786,-7.777526983175E-16
    ));
#12616 = DIRECTION('',(0.939692620786,-0.342020143326,1.387778780781E-16
    ));
#12617 = ADVANCED_FACE('',(#12618),#12629,.T.);
#12618 = FACE_BOUND('',#12619,.T.);
#12619 = EDGE_LOOP('',(#12620,#12621,#12622,#12628));
#12620 = ORIENTED_EDGE('',*,*,#5650,.F.);
#12621 = ORIENTED_EDGE('',*,*,#12427,.T.);
#12622 = ORIENTED_EDGE('',*,*,#12623,.T.);
#12623 = EDGE_CURVE('',#12420,#12597,#12624,.T.);
#12624 = LINE('',#12625,#12626);
#12625 = CARTESIAN_POINT('',(14.190329614741,-76.8040705115,
    -37.95212707938));
#12626 = VECTOR('',#12627,1.);
#12627 = DIRECTION('',(0.939676213741,-0.34201417165,5.909291052281E-03)
  );
#12628 = ORIENTED_EDGE('',*,*,#12605,.T.);
#12629 = PLANE('',#12630);
#12630 = AXIS2_PLACEMENT_3D('',#12631,#12632,#12633);
#12631 = CARTESIAN_POINT('',(16.926490761346,-69.28652954521,
    -37.95212707938));
#12632 = DIRECTION('',(-5.552917195905E-03,2.021096572655E-03,
    0.999982539987));
#12633 = DIRECTION('',(0.939676213741,-0.34201417165,5.909291052281E-03)
  );
#12634 = ADVANCED_FACE('',(#12635),#12660,.T.);
#12635 = FACE_BOUND('',#12636,.T.);
#12636 = EDGE_LOOP('',(#12637,#12638,#12646,#12654));
#12637 = ORIENTED_EDGE('',*,*,#5717,.F.);
#12638 = ORIENTED_EDGE('',*,*,#12639,.F.);
#12639 = EDGE_CURVE('',#12640,#5718,#12642,.T.);
#12640 = VERTEX_POINT('',#12641);
#12641 = CARTESIAN_POINT('',(44.808594068532,-87.94820739757,
    -4.945966744899));
#12642 = LINE('',#12643,#12644);
#12643 = CARTESIAN_POINT('',(47.544755215137,-80.43066643128,
    -4.945966744899));
#12644 = VECTOR('',#12645,1.);
#12645 = DIRECTION('',(0.342020143326,0.939692620786,-7.777526983175E-16
    ));
#12646 = ORIENTED_EDGE('',*,*,#12647,.T.);
#12647 = EDGE_CURVE('',#12640,#12648,#12650,.T.);
#12648 = VERTEX_POINT('',#12649);
#12649 = CARTESIAN_POINT('',(44.345065815761,-87.77949691082,
    -5.812127079382));
#12650 = LINE('',#12651,#12652);
#12651 = CARTESIAN_POINT('',(46.517133878163,-88.57006503233,
    -1.753347084417));
#12652 = VECTOR('',#12653,1.);
#12653 = DIRECTION('',(-0.465029139514,0.169256764849,-0.868964928496));
#12654 = ORIENTED_EDGE('',*,*,#12655,.F.);
#12655 = EDGE_CURVE('',#5720,#12648,#12656,.T.);
#12656 = LINE('',#12657,#12658);
#12657 = CARTESIAN_POINT('',(47.081226962366,-80.26195594453,
    -5.812127079382));
#12658 = VECTOR('',#12659,1.);
#12659 = DIRECTION('',(-0.342020143326,-0.939692620786,
    7.777526983175E-16));
#12660 = PLANE('',#12661);
#12661 = AXIS2_PLACEMENT_3D('',#12662,#12663,#12664);
#12662 = CARTESIAN_POINT('',(49.253295024768,-81.05252406605,
    -1.753347084417));
#12663 = DIRECTION('',(0.816559931029,-0.297203509389,-0.494873673824));
#12664 = DIRECTION('',(-0.465029139514,0.169256764849,-0.868964928496));
#12665 = ADVANCED_FACE('',(#12666),#12685,.F.);
#12666 = FACE_BOUND('',#12667,.F.);
#12667 = EDGE_LOOP('',(#12668,#12669,#12678,#12684));
#12668 = ORIENTED_EDGE('',*,*,#12639,.F.);
#12669 = ORIENTED_EDGE('',*,*,#12670,.F.);
#12670 = EDGE_CURVE('',#12671,#12640,#12673,.T.);
#12671 = VERTEX_POINT('',#12672);
#12672 = CARTESIAN_POINT('',(46.053605625391,-88.40135454558,
    -2.619507418899));
#12673 = CIRCLE('',#12674,1.9);
#12674 = AXIS2_PLACEMENT_3D('',#12675,#12676,#12677);
#12675 = CARTESIAN_POINT('',(46.532108429965,-88.57551532346,-4.45));
#12676 = DIRECTION('',(-0.342020143326,-0.939692620786,
    7.777526983175E-16));
#12677 = DIRECTION('',(0.939692620786,-0.342020143326,1.387778780781E-16
    ));
#12678 = ORIENTED_EDGE('',*,*,#12679,.T.);
#12679 = EDGE_CURVE('',#12671,#5778,#12680,.T.);
#12680 = LINE('',#12681,#12682);
#12681 = CARTESIAN_POINT('',(48.789766771996,-80.8838135793,
    -2.619507418899));
#12682 = VECTOR('',#12683,1.);
#12683 = DIRECTION('',(0.342020143326,0.939692620786,-7.777526983175E-16
    ));
#12684 = ORIENTED_EDGE('',*,*,#5785,.F.);
#12685 = CYLINDRICAL_SURFACE('',#12686,1.9);
#12686 = AXIS2_PLACEMENT_3D('',#12687,#12688,#12689);
#12687 = CARTESIAN_POINT('',(49.26826957657,-81.05797435717,-4.45));
#12688 = DIRECTION('',(0.342020143326,0.939692620786,-7.777526983175E-16
    ));
#12689 = DIRECTION('',(0.939692620786,-0.342020143326,1.387778780781E-16
    ));
#12690 = ADVANCED_FACE('',(#12691),#12709,.T.);
#12691 = FACE_BOUND('',#12692,.T.);
#12692 = EDGE_LOOP('',(#12693,#12694,#12702,#12708));
#12693 = ORIENTED_EDGE('',*,*,#5777,.F.);
#12694 = ORIENTED_EDGE('',*,*,#12695,.T.);
#12695 = EDGE_CURVE('',#5770,#12696,#12698,.T.);
#12696 = VERTEX_POINT('',#12697);
#12697 = CARTESIAN_POINT('',(46.517133878163,-88.57006503233,
    -1.753347084417));
#12698 = LINE('',#12699,#12700);
#12699 = CARTESIAN_POINT('',(49.253295024768,-81.05252406605,
    -1.753347084417));
#12700 = VECTOR('',#12701,1.);
#12701 = DIRECTION('',(-0.342020143326,-0.939692620786,
    7.777526983175E-16));
#12702 = ORIENTED_EDGE('',*,*,#12703,.T.);
#12703 = EDGE_CURVE('',#12696,#12671,#12704,.T.);
#12704 = LINE('',#12705,#12706);
#12705 = CARTESIAN_POINT('',(46.517133878163,-88.57006503233,
    -1.753347084417));
#12706 = VECTOR('',#12707,1.);
#12707 = DIRECTION('',(-0.465029139514,0.169256764849,-0.868964928496));
#12708 = ORIENTED_EDGE('',*,*,#12679,.T.);
#12709 = PLANE('',#12710);
#12710 = AXIS2_PLACEMENT_3D('',#12711,#12712,#12713);
#12711 = CARTESIAN_POINT('',(49.253295024768,-81.05252406605,
    -1.753347084417));
#12712 = DIRECTION('',(0.816559931029,-0.297203509389,-0.494873673824));
#12713 = DIRECTION('',(-0.465029139514,0.169256764849,-0.868964928496));
#12714 = ADVANCED_FACE('',(#12715),#12733,.T.);
#12715 = FACE_BOUND('',#12716,.T.);
#12716 = EDGE_LOOP('',(#12717,#12718,#12726,#12732));
#12717 = ORIENTED_EDGE('',*,*,#5769,.F.);
#12718 = ORIENTED_EDGE('',*,*,#12719,.F.);
#12719 = EDGE_CURVE('',#12720,#5761,#12722,.T.);
#12720 = VERTEX_POINT('',#12721);
#12721 = CARTESIAN_POINT('',(46.990249023656,-88.74226486267,
    -2.61361720015));
#12722 = LINE('',#12723,#12724);
#12723 = CARTESIAN_POINT('',(49.726410170261,-81.22472389639,
    -2.61361720015));
#12724 = VECTOR('',#12725,1.);
#12725 = DIRECTION('',(0.342020143326,0.939692620786,-7.777526983175E-16
    ));
#12726 = ORIENTED_EDGE('',*,*,#12727,.T.);
#12727 = EDGE_CURVE('',#12720,#12696,#12728,.T.);
#12728 = LINE('',#12729,#12730);
#12729 = CARTESIAN_POINT('',(48.734125595972,-89.37698402723,
    -5.784525836201));
#12730 = VECTOR('',#12731,1.);
#12731 = DIRECTION('',(-0.474647074227,0.1727574068,0.863055637444));
#12732 = ORIENTED_EDGE('',*,*,#12695,.F.);
#12733 = PLANE('',#12734);
#12734 = AXIS2_PLACEMENT_3D('',#12735,#12736,#12737);
#12735 = CARTESIAN_POINT('',(51.470286742577,-81.85944306094,
    -5.784525836201));
#12736 = DIRECTION('',(-0.811007013834,0.295182412817,-0.505108866163));
#12737 = DIRECTION('',(-0.474647074227,0.1727574068,0.863055637444));
#12738 = ADVANCED_FACE('',(#12739),#12767,.F.);
#12739 = FACE_BOUND('',#12740,.F.);
#12740 = EDGE_LOOP('',(#12741,#12750,#12759,#12765,#12766));
#12741 = ORIENTED_EDGE('',*,*,#12742,.F.);
#12742 = EDGE_CURVE('',#12743,#12720,#12745,.T.);
#12743 = VERTEX_POINT('',#12744);
#12744 = CARTESIAN_POINT('',(48.317524409458,-89.22535359578,-4.45));
#12745 = CIRCLE('',#12746,1.9);
#12746 = AXIS2_PLACEMENT_3D('',#12747,#12748,#12749);
#12747 = CARTESIAN_POINT('',(46.532108429965,-88.57551532346,-4.45));
#12748 = DIRECTION('',(-0.342020143326,-0.939692620786,
    7.777526983175E-16));
#12749 = DIRECTION('',(0.939692620786,-0.342020143326,1.387778780781E-16
    ));
#12750 = ORIENTED_EDGE('',*,*,#12751,.F.);
#12751 = EDGE_CURVE('',#12752,#12743,#12754,.T.);
#12752 = VERTEX_POINT('',#12753);
#12753 = CARTESIAN_POINT('',(48.261010450478,-89.20478419689,
    -4.924255720468));
#12754 = CIRCLE('',#12755,1.9);
#12755 = AXIS2_PLACEMENT_3D('',#12756,#12757,#12758);
#12756 = CARTESIAN_POINT('',(46.532108429965,-88.57551532346,-4.45));
#12757 = DIRECTION('',(-0.342020143326,-0.939692620786,
    7.777526983175E-16));
#12758 = DIRECTION('',(0.939692620786,-0.342020143326,1.387778780781E-16
    ));
#12759 = ORIENTED_EDGE('',*,*,#12760,.T.);
#12760 = EDGE_CURVE('',#12752,#5753,#12761,.T.);
#12761 = LINE('',#12762,#12763);
#12762 = CARTESIAN_POINT('',(50.997171597084,-81.6872432306,
    -4.924255720468));
#12763 = VECTOR('',#12764,1.);
#12764 = DIRECTION('',(0.342020143326,0.939692620786,-7.777526983175E-16
    ));
#12765 = ORIENTED_EDGE('',*,*,#5760,.F.);
#12766 = ORIENTED_EDGE('',*,*,#12719,.F.);
#12767 = CYLINDRICAL_SURFACE('',#12768,1.9);
#12768 = AXIS2_PLACEMENT_3D('',#12769,#12770,#12771);
#12769 = CARTESIAN_POINT('',(49.26826957657,-81.05797435717,-4.45));
#12770 = DIRECTION('',(0.342020143326,0.939692620786,-7.777526983175E-16
    ));
#12771 = DIRECTION('',(0.939692620786,-0.342020143326,1.387778780781E-16
    ));
#12772 = ADVANCED_FACE('',(#12773),#12791,.T.);
#12773 = FACE_BOUND('',#12774,.T.);
#12774 = EDGE_LOOP('',(#12775,#12776,#12784,#12790));
#12775 = ORIENTED_EDGE('',*,*,#5752,.F.);
#12776 = ORIENTED_EDGE('',*,*,#12777,.T.);
#12777 = EDGE_CURVE('',#5745,#12778,#12780,.T.);
#12778 = VERTEX_POINT('',#12779);
#12779 = CARTESIAN_POINT('',(48.734125595972,-89.37698402723,
    -5.784525836201));
#12780 = LINE('',#12781,#12782);
#12781 = CARTESIAN_POINT('',(51.470286742577,-81.85944306094,
    -5.784525836201));
#12782 = VECTOR('',#12783,1.);
#12783 = DIRECTION('',(-0.342020143326,-0.939692620786,
    7.777526983175E-16));
#12784 = ORIENTED_EDGE('',*,*,#12785,.T.);
#12785 = EDGE_CURVE('',#12778,#12752,#12786,.T.);
#12786 = LINE('',#12787,#12788);
#12787 = CARTESIAN_POINT('',(48.734125595972,-89.37698402723,
    -5.784525836201));
#12788 = VECTOR('',#12789,1.);
#12789 = DIRECTION('',(-0.474647074227,0.1727574068,0.863055637444));
#12790 = ORIENTED_EDGE('',*,*,#12760,.T.);
#12791 = PLANE('',#12792);
#12792 = AXIS2_PLACEMENT_3D('',#12793,#12794,#12795);
#12793 = CARTESIAN_POINT('',(51.470286742577,-81.85944306094,
    -5.784525836201));
#12794 = DIRECTION('',(-0.811007013834,0.295182412817,-0.505108866163));
#12795 = DIRECTION('',(-0.474647074227,0.1727574068,0.863055637444));
#12796 = ADVANCED_FACE('',(#12797),#12815,.T.);
#12797 = FACE_BOUND('',#12798,.T.);
#12798 = EDGE_LOOP('',(#12799,#12800,#12808,#12814));
#12799 = ORIENTED_EDGE('',*,*,#5744,.F.);
#12800 = ORIENTED_EDGE('',*,*,#12801,.F.);
#12801 = EDGE_CURVE('',#12802,#5736,#12804,.T.);
#12802 = VERTEX_POINT('',#12803);
#12803 = CARTESIAN_POINT('',(47.797482197707,-89.03607371014,
    -5.790416054951));
#12804 = LINE('',#12805,#12806);
#12805 = CARTESIAN_POINT('',(50.533643344312,-81.51853274385,
    -5.790416054951));
#12806 = VECTOR('',#12807,1.);
#12807 = DIRECTION('',(0.342020143326,0.939692620786,-7.777526983175E-16
    ));
#12808 = ORIENTED_EDGE('',*,*,#12809,.T.);
#12809 = EDGE_CURVE('',#12802,#12778,#12810,.T.);
#12810 = LINE('',#12811,#12812);
#12811 = CARTESIAN_POINT('',(44.345065815761,-87.77949691082,
    -5.812127079382));
#12812 = VECTOR('',#12813,1.);
#12813 = DIRECTION('',(0.939676213741,-0.34201417165,5.909291052281E-03)
  );
#12814 = ORIENTED_EDGE('',*,*,#12777,.F.);
#12815 = PLANE('',#12816);
#12816 = AXIS2_PLACEMENT_3D('',#12817,#12818,#12819);
#12817 = CARTESIAN_POINT('',(47.081226962366,-80.26195594453,
    -5.812127079382));
#12818 = DIRECTION('',(-5.552917195905E-03,2.021096572655E-03,
    0.999982539987));
#12819 = DIRECTION('',(0.939676213741,-0.34201417165,5.909291052281E-03)
  );
#12820 = ADVANCED_FACE('',(#12821),#12840,.F.);
#12821 = FACE_BOUND('',#12822,.F.);
#12822 = EDGE_LOOP('',(#12823,#12832,#12838,#12839));
#12823 = ORIENTED_EDGE('',*,*,#12824,.F.);
#12824 = EDGE_CURVE('',#12825,#12802,#12827,.T.);
#12825 = VERTEX_POINT('',#12826);
#12826 = CARTESIAN_POINT('',(45.281709214025,-88.12040722791,
    -5.806236860633));
#12827 = CIRCLE('',#12828,1.9);
#12828 = AXIS2_PLACEMENT_3D('',#12829,#12830,#12831);
#12829 = CARTESIAN_POINT('',(46.532108429965,-88.57551532346,-4.45));
#12830 = DIRECTION('',(-0.342020143326,-0.939692620786,
    7.777526983175E-16));
#12831 = DIRECTION('',(0.939692620786,-0.342020143326,1.387778780781E-16
    ));
#12832 = ORIENTED_EDGE('',*,*,#12833,.T.);
#12833 = EDGE_CURVE('',#12825,#5728,#12834,.T.);
#12834 = LINE('',#12835,#12836);
#12835 = CARTESIAN_POINT('',(48.01787036063,-80.60286626162,
    -5.806236860633));
#12836 = VECTOR('',#12837,1.);
#12837 = DIRECTION('',(0.342020143326,0.939692620786,-7.777526983175E-16
    ));
#12838 = ORIENTED_EDGE('',*,*,#5735,.F.);
#12839 = ORIENTED_EDGE('',*,*,#12801,.F.);
#12840 = CYLINDRICAL_SURFACE('',#12841,1.9);
#12841 = AXIS2_PLACEMENT_3D('',#12842,#12843,#12844);
#12842 = CARTESIAN_POINT('',(49.26826957657,-81.05797435717,-4.45));
#12843 = DIRECTION('',(0.342020143326,0.939692620786,-7.777526983175E-16
    ));
#12844 = DIRECTION('',(0.939692620786,-0.342020143326,1.387778780781E-16
    ));
#12845 = ADVANCED_FACE('',(#12846),#12857,.T.);
#12846 = FACE_BOUND('',#12847,.T.);
#12847 = EDGE_LOOP('',(#12848,#12849,#12850,#12856));
#12848 = ORIENTED_EDGE('',*,*,#5727,.F.);
#12849 = ORIENTED_EDGE('',*,*,#12655,.T.);
#12850 = ORIENTED_EDGE('',*,*,#12851,.T.);
#12851 = EDGE_CURVE('',#12648,#12825,#12852,.T.);
#12852 = LINE('',#12853,#12854);
#12853 = CARTESIAN_POINT('',(44.345065815761,-87.77949691082,
    -5.812127079382));
#12854 = VECTOR('',#12855,1.);
#12855 = DIRECTION('',(0.939676213741,-0.34201417165,5.909291052281E-03)
  );
#12856 = ORIENTED_EDGE('',*,*,#12833,.T.);
#12857 = PLANE('',#12858);
#12858 = AXIS2_PLACEMENT_3D('',#12859,#12860,#12861);
#12859 = CARTESIAN_POINT('',(47.081226962366,-80.26195594453,
    -5.812127079382));
#12860 = DIRECTION('',(-5.552917195905E-03,2.021096572655E-03,
    0.999982539987));
#12861 = DIRECTION('',(0.939676213741,-0.34201417165,5.909291052281E-03)
  );
#12862 = ADVANCED_FACE('',(#12863),#12874,.F.);
#12863 = FACE_BOUND('',#12864,.T.);
#12864 = EDGE_LOOP('',(#12865,#12871,#12872,#12873));
#12865 = ORIENTED_EDGE('',*,*,#12866,.F.);
#12866 = EDGE_CURVE('',#5795,#10292,#12867,.T.);
#12867 = LINE('',#12868,#12869);
#12868 = CARTESIAN_POINT('',(15.351050119767,-68.97231545565,-20.54));
#12869 = VECTOR('',#12870,1.);
#12870 = DIRECTION('',(-0.342020143326,-0.939692620786,
    -4.188538737677E-17));
#12871 = ORIENTED_EDGE('',*,*,#5794,.F.);
#12872 = ORIENTED_EDGE('',*,*,#12866,.T.);
#12873 = ORIENTED_EDGE('',*,*,#10291,.F.);
#12874 = CYLINDRICAL_SURFACE('',#12875,20.0279);
#12875 = AXIS2_PLACEMENT_3D('',#12876,#12877,#12878);
#12876 = CARTESIAN_POINT('',(34.171119959605,-75.82226068416,-20.54));
#12877 = DIRECTION('',(0.342020143326,0.939692620786,4.188538737677E-17)
  );
#12878 = DIRECTION('',(-0.939692620786,0.342020143326,
    -1.150791560228E-16));
#12879 = ADVANCED_FACE('',(#12880),#12905,.T.);
#12880 = FACE_BOUND('',#12881,.T.);
#12881 = EDGE_LOOP('',(#12882,#12883,#12891,#12899));
#12882 = ORIENTED_EDGE('',*,*,#5805,.F.);
#12883 = ORIENTED_EDGE('',*,*,#12884,.F.);
#12884 = EDGE_CURVE('',#12885,#5806,#12887,.T.);
#12885 = VERTEX_POINT('',#12886);
#12886 = CARTESIAN_POINT('',(14.616270162681,-76.95910019251,
    -4.945966744899));
#12887 = LINE('',#12888,#12889);
#12888 = CARTESIAN_POINT('',(17.352431309286,-69.44155922623,
    -4.945966744899));
#12889 = VECTOR('',#12890,1.);
#12890 = DIRECTION('',(0.342020143326,0.939692620786,-7.777526983175E-16
    ));
#12891 = ORIENTED_EDGE('',*,*,#12892,.T.);
#12892 = EDGE_CURVE('',#12885,#12893,#12895,.T.);
#12893 = VERTEX_POINT('',#12894);
#12894 = CARTESIAN_POINT('',(14.152741909909,-76.79038970576,
    -5.812127079382));
#12895 = LINE('',#12896,#12897);
#12896 = CARTESIAN_POINT('',(16.324809972312,-77.58095782728,
    -1.753347084417));
#12897 = VECTOR('',#12898,1.);
#12898 = DIRECTION('',(-0.465029139514,0.169256764849,-0.868964928496));
#12899 = ORIENTED_EDGE('',*,*,#12900,.F.);
#12900 = EDGE_CURVE('',#5808,#12893,#12901,.T.);
#12901 = LINE('',#12902,#12903);
#12902 = CARTESIAN_POINT('',(16.888903056515,-69.27284873948,
    -5.812127079382));
#12903 = VECTOR('',#12904,1.);
#12904 = DIRECTION('',(-0.342020143326,-0.939692620786,
    7.777526983175E-16));
#12905 = PLANE('',#12906);
#12906 = AXIS2_PLACEMENT_3D('',#12907,#12908,#12909);
#12907 = CARTESIAN_POINT('',(19.060971118917,-70.06341686099,
    -1.753347084417));
#12908 = DIRECTION('',(0.816559931029,-0.297203509389,-0.494873673824));
#12909 = DIRECTION('',(-0.465029139514,0.169256764849,-0.868964928496));
#12910 = ADVANCED_FACE('',(#12911),#12930,.F.);
#12911 = FACE_BOUND('',#12912,.F.);
#12912 = EDGE_LOOP('',(#12913,#12914,#12923,#12929));
#12913 = ORIENTED_EDGE('',*,*,#12884,.F.);
#12914 = ORIENTED_EDGE('',*,*,#12915,.F.);
#12915 = EDGE_CURVE('',#12916,#12885,#12918,.T.);
#12916 = VERTEX_POINT('',#12917);
#12917 = CARTESIAN_POINT('',(15.86128171954,-77.41224734053,
    -2.619507418899));
#12918 = CIRCLE('',#12919,1.9);
#12919 = AXIS2_PLACEMENT_3D('',#12920,#12921,#12922);
#12920 = CARTESIAN_POINT('',(16.339784524114,-77.58640811841,-4.45));
#12921 = DIRECTION('',(-0.342020143326,-0.939692620786,
    7.777526983175E-16));
#12922 = DIRECTION('',(0.939692620786,-0.342020143326,1.387778780781E-16
    ));
#12923 = ORIENTED_EDGE('',*,*,#12924,.T.);
#12924 = EDGE_CURVE('',#12916,#5866,#12925,.T.);
#12925 = LINE('',#12926,#12927);
#12926 = CARTESIAN_POINT('',(18.597442866145,-69.89470637424,
    -2.619507418899));
#12927 = VECTOR('',#12928,1.);
#12928 = DIRECTION('',(0.342020143326,0.939692620786,-7.777526983175E-16
    ));
#12929 = ORIENTED_EDGE('',*,*,#5873,.F.);
#12930 = CYLINDRICAL_SURFACE('',#12931,1.9);
#12931 = AXIS2_PLACEMENT_3D('',#12932,#12933,#12934);
#12932 = CARTESIAN_POINT('',(19.075945670719,-70.06886715212,-4.45));
#12933 = DIRECTION('',(0.342020143326,0.939692620786,-7.777526983175E-16
    ));
#12934 = DIRECTION('',(0.939692620786,-0.342020143326,1.387778780781E-16
    ));
#12935 = ADVANCED_FACE('',(#12936),#12954,.T.);
#12936 = FACE_BOUND('',#12937,.T.);
#12937 = EDGE_LOOP('',(#12938,#12939,#12947,#12953));
#12938 = ORIENTED_EDGE('',*,*,#5865,.F.);
#12939 = ORIENTED_EDGE('',*,*,#12940,.T.);
#12940 = EDGE_CURVE('',#5858,#12941,#12943,.T.);
#12941 = VERTEX_POINT('',#12942);
#12942 = CARTESIAN_POINT('',(16.324809972312,-77.58095782728,
    -1.753347084417));
#12943 = LINE('',#12944,#12945);
#12944 = CARTESIAN_POINT('',(19.060971118917,-70.06341686099,
    -1.753347084417));
#12945 = VECTOR('',#12946,1.);
#12946 = DIRECTION('',(-0.342020143326,-0.939692620786,
    7.777526983175E-16));
#12947 = ORIENTED_EDGE('',*,*,#12948,.T.);
#12948 = EDGE_CURVE('',#12941,#12916,#12949,.T.);
#12949 = LINE('',#12950,#12951);
#12950 = CARTESIAN_POINT('',(16.324809972312,-77.58095782728,
    -1.753347084417));
#12951 = VECTOR('',#12952,1.);
#12952 = DIRECTION('',(-0.465029139514,0.169256764849,-0.868964928496));
#12953 = ORIENTED_EDGE('',*,*,#12924,.T.);
#12954 = PLANE('',#12955);
#12955 = AXIS2_PLACEMENT_3D('',#12956,#12957,#12958);
#12956 = CARTESIAN_POINT('',(19.060971118917,-70.06341686099,
    -1.753347084417));
#12957 = DIRECTION('',(0.816559931029,-0.297203509389,-0.494873673824));
#12958 = DIRECTION('',(-0.465029139514,0.169256764849,-0.868964928496));
#12959 = ADVANCED_FACE('',(#12960),#12978,.T.);
#12960 = FACE_BOUND('',#12961,.T.);
#12961 = EDGE_LOOP('',(#12962,#12963,#12971,#12977));
#12962 = ORIENTED_EDGE('',*,*,#5857,.F.);
#12963 = ORIENTED_EDGE('',*,*,#12964,.F.);
#12964 = EDGE_CURVE('',#12965,#5849,#12967,.T.);
#12965 = VERTEX_POINT('',#12966);
#12966 = CARTESIAN_POINT('',(16.797925117805,-77.75315765762,
    -2.61361720015));
#12967 = LINE('',#12968,#12969);
#12968 = CARTESIAN_POINT('',(19.53408626441,-70.23561669133,
    -2.61361720015));
#12969 = VECTOR('',#12970,1.);
#12970 = DIRECTION('',(0.342020143326,0.939692620786,-7.777526983175E-16
    ));
#12971 = ORIENTED_EDGE('',*,*,#12972,.T.);
#12972 = EDGE_CURVE('',#12965,#12941,#12973,.T.);
#12973 = LINE('',#12974,#12975);
#12974 = CARTESIAN_POINT('',(18.541801690121,-78.38787682218,
    -5.784525836201));
#12975 = VECTOR('',#12976,1.);
#12976 = DIRECTION('',(-0.474647074227,0.1727574068,0.863055637444));
#12977 = ORIENTED_EDGE('',*,*,#12940,.F.);
#12978 = PLANE('',#12979);
#12979 = AXIS2_PLACEMENT_3D('',#12980,#12981,#12982);
#12980 = CARTESIAN_POINT('',(21.277962836726,-70.87033585589,
    -5.784525836201));
#12981 = DIRECTION('',(-0.811007013834,0.295182412817,-0.505108866163));
#12982 = DIRECTION('',(-0.474647074227,0.1727574068,0.863055637444));
#12983 = ADVANCED_FACE('',(#12984),#13012,.F.);
#12984 = FACE_BOUND('',#12985,.F.);
#12985 = EDGE_LOOP('',(#12986,#12995,#13004,#13010,#13011));
#12986 = ORIENTED_EDGE('',*,*,#12987,.F.);
#12987 = EDGE_CURVE('',#12988,#12965,#12990,.T.);
#12988 = VERTEX_POINT('',#12989);
#12989 = CARTESIAN_POINT('',(18.125200503607,-78.23624639073,-4.45));
#12990 = CIRCLE('',#12991,1.9);
#12991 = AXIS2_PLACEMENT_3D('',#12992,#12993,#12994);
#12992 = CARTESIAN_POINT('',(16.339784524114,-77.58640811841,-4.45));
#12993 = DIRECTION('',(-0.342020143326,-0.939692620786,
    7.777526983175E-16));
#12994 = DIRECTION('',(0.939692620786,-0.342020143326,1.387778780781E-16
    ));
#12995 = ORIENTED_EDGE('',*,*,#12996,.F.);
#12996 = EDGE_CURVE('',#12997,#12988,#12999,.T.);
#12997 = VERTEX_POINT('',#12998);
#12998 = CARTESIAN_POINT('',(18.068686544627,-78.21567699184,
    -4.924255720468));
#12999 = CIRCLE('',#13000,1.9);
#13000 = AXIS2_PLACEMENT_3D('',#13001,#13002,#13003);
#13001 = CARTESIAN_POINT('',(16.339784524114,-77.58640811841,-4.45));
#13002 = DIRECTION('',(-0.342020143326,-0.939692620786,
    7.777526983175E-16));
#13003 = DIRECTION('',(0.939692620786,-0.342020143326,1.387778780781E-16
    ));
#13004 = ORIENTED_EDGE('',*,*,#13005,.T.);
#13005 = EDGE_CURVE('',#12997,#5841,#13006,.T.);
#13006 = LINE('',#13007,#13008);
#13007 = CARTESIAN_POINT('',(20.804847691232,-70.69813602555,
    -4.924255720468));
#13008 = VECTOR('',#13009,1.);
#13009 = DIRECTION('',(0.342020143326,0.939692620786,-7.777526983175E-16
    ));
#13010 = ORIENTED_EDGE('',*,*,#5848,.F.);
#13011 = ORIENTED_EDGE('',*,*,#12964,.F.);
#13012 = CYLINDRICAL_SURFACE('',#13013,1.9);
#13013 = AXIS2_PLACEMENT_3D('',#13014,#13015,#13016);
#13014 = CARTESIAN_POINT('',(19.075945670719,-70.06886715212,-4.45));
#13015 = DIRECTION('',(0.342020143326,0.939692620786,-7.777526983175E-16
    ));
#13016 = DIRECTION('',(0.939692620786,-0.342020143326,1.387778780781E-16
    ));
#13017 = ADVANCED_FACE('',(#13018),#13036,.T.);
#13018 = FACE_BOUND('',#13019,.T.);
#13019 = EDGE_LOOP('',(#13020,#13021,#13029,#13035));
#13020 = ORIENTED_EDGE('',*,*,#5840,.F.);
#13021 = ORIENTED_EDGE('',*,*,#13022,.T.);
#13022 = EDGE_CURVE('',#5833,#13023,#13025,.T.);
#13023 = VERTEX_POINT('',#13024);
#13024 = CARTESIAN_POINT('',(18.541801690121,-78.38787682218,
    -5.784525836201));
#13025 = LINE('',#13026,#13027);
#13026 = CARTESIAN_POINT('',(21.277962836726,-70.87033585589,
    -5.784525836201));
#13027 = VECTOR('',#13028,1.);
#13028 = DIRECTION('',(-0.342020143326,-0.939692620786,
    7.777526983175E-16));
#13029 = ORIENTED_EDGE('',*,*,#13030,.T.);
#13030 = EDGE_CURVE('',#13023,#12997,#13031,.T.);
#13031 = LINE('',#13032,#13033);
#13032 = CARTESIAN_POINT('',(18.541801690121,-78.38787682218,
    -5.784525836201));
#13033 = VECTOR('',#13034,1.);
#13034 = DIRECTION('',(-0.474647074227,0.1727574068,0.863055637444));
#13035 = ORIENTED_EDGE('',*,*,#13005,.T.);
#13036 = PLANE('',#13037);
#13037 = AXIS2_PLACEMENT_3D('',#13038,#13039,#13040);
#13038 = CARTESIAN_POINT('',(21.277962836726,-70.87033585589,
    -5.784525836201));
#13039 = DIRECTION('',(-0.811007013834,0.295182412817,-0.505108866163));
#13040 = DIRECTION('',(-0.474647074227,0.1727574068,0.863055637444));
#13041 = ADVANCED_FACE('',(#13042),#13060,.T.);
#13042 = FACE_BOUND('',#13043,.T.);
#13043 = EDGE_LOOP('',(#13044,#13045,#13053,#13059));
#13044 = ORIENTED_EDGE('',*,*,#5832,.F.);
#13045 = ORIENTED_EDGE('',*,*,#13046,.F.);
#13046 = EDGE_CURVE('',#13047,#5824,#13049,.T.);
#13047 = VERTEX_POINT('',#13048);
#13048 = CARTESIAN_POINT('',(17.605158291856,-78.04696650509,
    -5.790416054951));
#13049 = LINE('',#13050,#13051);
#13050 = CARTESIAN_POINT('',(20.341319438461,-70.5294255388,
    -5.790416054951));
#13051 = VECTOR('',#13052,1.);
#13052 = DIRECTION('',(0.342020143326,0.939692620786,-7.777526983175E-16
    ));
#13053 = ORIENTED_EDGE('',*,*,#13054,.T.);
#13054 = EDGE_CURVE('',#13047,#13023,#13055,.T.);
#13055 = LINE('',#13056,#13057);
#13056 = CARTESIAN_POINT('',(14.152741909909,-76.79038970576,
    -5.812127079382));
#13057 = VECTOR('',#13058,1.);
#13058 = DIRECTION('',(0.939676213741,-0.34201417165,5.909291052281E-03)
  );
#13059 = ORIENTED_EDGE('',*,*,#13022,.F.);
#13060 = PLANE('',#13061);
#13061 = AXIS2_PLACEMENT_3D('',#13062,#13063,#13064);
#13062 = CARTESIAN_POINT('',(16.888903056515,-69.27284873948,
    -5.812127079382));
#13063 = DIRECTION('',(-5.552917195905E-03,2.021096572655E-03,
    0.999982539987));
#13064 = DIRECTION('',(0.939676213741,-0.34201417165,5.909291052281E-03)
  );
#13065 = ADVANCED_FACE('',(#13066),#13085,.F.);
#13066 = FACE_BOUND('',#13067,.F.);
#13067 = EDGE_LOOP('',(#13068,#13077,#13083,#13084));
#13068 = ORIENTED_EDGE('',*,*,#13069,.F.);
#13069 = EDGE_CURVE('',#13070,#13047,#13072,.T.);
#13070 = VERTEX_POINT('',#13071);
#13071 = CARTESIAN_POINT('',(15.089385308173,-77.13130002285,
    -5.806236860633));
#13072 = CIRCLE('',#13073,1.9);
#13073 = AXIS2_PLACEMENT_3D('',#13074,#13075,#13076);
#13074 = CARTESIAN_POINT('',(16.339784524114,-77.58640811841,-4.45));
#13075 = DIRECTION('',(-0.342020143326,-0.939692620786,
    7.777526983175E-16));
#13076 = DIRECTION('',(0.939692620786,-0.342020143326,1.387778780781E-16
    ));
#13077 = ORIENTED_EDGE('',*,*,#13078,.T.);
#13078 = EDGE_CURVE('',#13070,#5816,#13079,.T.);
#13079 = LINE('',#13080,#13081);
#13080 = CARTESIAN_POINT('',(17.825546454779,-69.61375905657,
    -5.806236860633));
#13081 = VECTOR('',#13082,1.);
#13082 = DIRECTION('',(0.342020143326,0.939692620786,-7.777526983175E-16
    ));
#13083 = ORIENTED_EDGE('',*,*,#5823,.F.);
#13084 = ORIENTED_EDGE('',*,*,#13046,.F.);
#13085 = CYLINDRICAL_SURFACE('',#13086,1.9);
#13086 = AXIS2_PLACEMENT_3D('',#13087,#13088,#13089);
#13087 = CARTESIAN_POINT('',(19.075945670719,-70.06886715212,-4.45));
#13088 = DIRECTION('',(0.342020143326,0.939692620786,-7.777526983175E-16
    ));
#13089 = DIRECTION('',(0.939692620786,-0.342020143326,1.387778780781E-16
    ));
#13090 = ADVANCED_FACE('',(#13091),#13102,.T.);
#13091 = FACE_BOUND('',#13092,.T.);
#13092 = EDGE_LOOP('',(#13093,#13094,#13095,#13101));
#13093 = ORIENTED_EDGE('',*,*,#5815,.F.);
#13094 = ORIENTED_EDGE('',*,*,#12900,.T.);
#13095 = ORIENTED_EDGE('',*,*,#13096,.T.);
#13096 = EDGE_CURVE('',#12893,#13070,#13097,.T.);
#13097 = LINE('',#13098,#13099);
#13098 = CARTESIAN_POINT('',(14.152741909909,-76.79038970576,
    -5.812127079382));
#13099 = VECTOR('',#13100,1.);
#13100 = DIRECTION('',(0.939676213741,-0.34201417165,5.909291052281E-03)
  );
#13101 = ORIENTED_EDGE('',*,*,#13078,.T.);
#13102 = PLANE('',#13103);
#13103 = AXIS2_PLACEMENT_3D('',#13104,#13105,#13106);
#13104 = CARTESIAN_POINT('',(16.888903056515,-69.27284873948,
    -5.812127079382));
#13105 = DIRECTION('',(-5.552917195905E-03,2.021096572655E-03,
    0.999982539987));
#13106 = DIRECTION('',(0.939676213741,-0.34201417165,5.909291052281E-03)
  );
#13107 = ADVANCED_FACE('',(#13108),#13114,.F.);
#13108 = FACE_BOUND('',#13109,.T.);
#13109 = EDGE_LOOP('',(#13110,#13111,#13112,#13113));
#13110 = ORIENTED_EDGE('',*,*,#11155,.T.);
#13111 = ORIENTED_EDGE('',*,*,#11139,.F.);
#13112 = ORIENTED_EDGE('',*,*,#11124,.F.);
#13113 = ORIENTED_EDGE('',*,*,#5960,.F.);
#13114 = PLANE('',#13115);
#13115 = AXIS2_PLACEMENT_3D('',#13116,#13117,#13118);
#13116 = CARTESIAN_POINT('',(54.494674375718,-90.06030737921,
    6.67367285448E-15));
#13117 = DIRECTION('',(-0.819152044289,-0.573576436351,
    -9.11903480354E-16));
#13118 = DIRECTION('',(-7.872772463952E-16,-4.655067705462E-16,1.));
#13119 = ADVANCED_FACE('',(#13120),#13126,.T.);
#13120 = FACE_BOUND('',#13121,.T.);
#13121 = EDGE_LOOP('',(#13122,#13123,#13124,#13125));
#13122 = ORIENTED_EDGE('',*,*,#11213,.T.);
#13123 = ORIENTED_EDGE('',*,*,#11177,.F.);
#13124 = ORIENTED_EDGE('',*,*,#11162,.F.);
#13125 = ORIENTED_EDGE('',*,*,#6047,.T.);
#13126 = PLANE('',#13127);
#13127 = AXIS2_PLACEMENT_3D('',#13128,#13129,#13130);
#13128 = CARTESIAN_POINT('',(101.5,-90.,1.273252362231E-14));
#13129 = DIRECTION('',(-0.707106781187,0.707106781187,
    -8.659560562355E-17));
#13130 = DIRECTION('',(2.736439853956E-16,1.511793054809E-16,-1.));
#13131 = ADVANCED_FACE('',(#13132),#13138,.T.);
#13132 = FACE_BOUND('',#13133,.F.);
#13133 = EDGE_LOOP('',(#13134,#13135,#13136,#13137));
#13134 = ORIENTED_EDGE('',*,*,#11351,.T.);
#13135 = ORIENTED_EDGE('',*,*,#11408,.T.);
#13136 = ORIENTED_EDGE('',*,*,#6233,.T.);
#13137 = ORIENTED_EDGE('',*,*,#11369,.F.);
#13138 = PLANE('',#13139);
#13139 = AXIS2_PLACEMENT_3D('',#13140,#13141,#13142);
#13140 = CARTESIAN_POINT('',(116.5,-67.5,-47.));
#13141 = DIRECTION('',(-0.707106781187,0.707106781187,
    -8.659560562355E-17));
#13142 = DIRECTION('',(1.224646799147E-16,0.,-1.));
#13143 = ADVANCED_FACE('',(#13144),#13155,.T.);
#13144 = FACE_BOUND('',#13145,.F.);
#13145 = EDGE_LOOP('',(#13146,#13152,#13153,#13154));
#13146 = ORIENTED_EDGE('',*,*,#13147,.F.);
#13147 = EDGE_CURVE('',#6267,#8006,#13148,.T.);
#13148 = LINE('',#13149,#13150);
#13149 = CARTESIAN_POINT('',(106.33166666666,88.168333333333,
    -14.65833333333));
#13150 = VECTOR('',#13151,1.);
#13151 = DIRECTION('',(0.57735026919,-0.57735026919,0.57735026919));
#13152 = ORIENTED_EDGE('',*,*,#6274,.T.);
#13153 = ORIENTED_EDGE('',*,*,#7973,.F.);
#13154 = ORIENTED_EDGE('',*,*,#8022,.F.);
#13155 = PLANE('',#13156);
#13156 = AXIS2_PLACEMENT_3D('',#13157,#13158,#13159);
#13157 = CARTESIAN_POINT('',(103.,91.5,-15.49));
#13158 = DIRECTION('',(0.707106781187,0.707106781187,8.659560562355E-17)
  );
#13159 = DIRECTION('',(-1.224646799147E-16,-0.,1.));
#13160 = ADVANCED_FACE('',(#13161,#13170),#13181,.F.);
#13161 = FACE_BOUND('',#13162,.F.);
#13162 = EDGE_LOOP('',(#13163,#13164,#13165,#13166,#13167,#13168,#13169)
  );
#13163 = ORIENTED_EDGE('',*,*,#8005,.T.);
#13164 = ORIENTED_EDGE('',*,*,#8071,.F.);
#13165 = ORIENTED_EDGE('',*,*,#8236,.T.);
#13166 = ORIENTED_EDGE('',*,*,#8283,.F.);
#13167 = ORIENTED_EDGE('',*,*,#6258,.F.);
#13168 = ORIENTED_EDGE('',*,*,#6266,.T.);
#13169 = ORIENTED_EDGE('',*,*,#13147,.T.);
#13170 = FACE_BOUND('',#13171,.F.);
#13171 = EDGE_LOOP('',(#13172));
#13172 = ORIENTED_EDGE('',*,*,#13173,.F.);
#13173 = EDGE_CURVE('',#13174,#13174,#13176,.T.);
#13174 = VERTEX_POINT('',#13175);
#13175 = CARTESIAN_POINT('',(108.,85.,-12.99));
#13176 = ELLIPSE('',#13177,4.949747468306,3.5);
#13177 = AXIS2_PLACEMENT_3D('',#13178,#13179,#13180);
#13178 = CARTESIAN_POINT('',(111.5,85.,-9.49));
#13179 = DIRECTION('',(-0.707106781187,-0.,0.707106781187));
#13180 = DIRECTION('',(-0.707106781187,0.,-0.707106781187));
#13181 = PLANE('',#13182);
#13182 = AXIS2_PLACEMENT_3D('',#13183,#13184,#13185);
#13183 = CARTESIAN_POINT('',(112.995,94.,-7.995));
#13184 = DIRECTION('',(-0.707106781187,0.,0.707106781187));
#13185 = DIRECTION('',(0.,-1.,-0.));
#13186 = ADVANCED_FACE('',(#13187),#13193,.F.);
#13187 = FACE_BOUND('',#13188,.F.);
#13188 = EDGE_LOOP('',(#13189,#13190,#13191,#13192));
#13189 = ORIENTED_EDGE('',*,*,#12083,.F.);
#13190 = ORIENTED_EDGE('',*,*,#12118,.T.);
#13191 = ORIENTED_EDGE('',*,*,#6323,.T.);
#13192 = ORIENTED_EDGE('',*,*,#11401,.F.);
#13193 = PLANE('',#13194);
#13194 = AXIS2_PLACEMENT_3D('',#13195,#13196,#13197);
#13195 = CARTESIAN_POINT('',(116.5,67.5,-47.));
#13196 = DIRECTION('',(0.707106781187,0.707106781187,8.659560562355E-17)
  );
#13197 = DIRECTION('',(-1.224646799147E-16,0.,1.));
#13198 = ADVANCED_FACE('',(#13199),#13224,.T.);
#13199 = FACE_BOUND('',#13200,.T.);
#13200 = EDGE_LOOP('',(#13201,#13211,#13217,#13218));
#13201 = ORIENTED_EDGE('',*,*,#13202,.F.);
#13202 = EDGE_CURVE('',#13203,#13205,#13207,.T.);
#13203 = VERTEX_POINT('',#13204);
#13204 = CARTESIAN_POINT('',(-5.094358096016,86.59,-13.14263111959));
#13205 = VERTEX_POINT('',#13206);
#13206 = CARTESIAN_POINT('',(-5.907473639929,86.59,-13.15682414549));
#13207 = LINE('',#13208,#13209);
#13208 = CARTESIAN_POINT('',(-2.097542226053,86.59,-13.09032135184));
#13209 = VECTOR('',#13210,1.);
#13210 = DIRECTION('',(-0.99984769427,3.013258290218E-16,
    -1.745245719031E-02));
#13211 = ORIENTED_EDGE('',*,*,#13212,.F.);
#13212 = EDGE_CURVE('',#6364,#13203,#13213,.T.);
#13213 = LINE('',#13214,#13215);
#13214 = CARTESIAN_POINT('',(-5.094358096016,86.59,-13.14263111959));
#13215 = VECTOR('',#13216,1.);
#13216 = DIRECTION('',(-2.948876798795E-16,-1.,-3.714698827088E-16));
#13217 = ORIENTED_EDGE('',*,*,#6363,.T.);
#13218 = ORIENTED_EDGE('',*,*,#13219,.F.);
#13219 = EDGE_CURVE('',#13205,#6366,#13220,.T.);
#13220 = LINE('',#13221,#13222);
#13221 = CARTESIAN_POINT('',(-5.907473639929,86.59,-13.15682414549));
#13222 = VECTOR('',#13223,1.);
#13223 = DIRECTION('',(2.948876798795E-16,1.,3.714698827088E-16));
#13224 = PLANE('',#13225);
#13225 = AXIS2_PLACEMENT_3D('',#13226,#13227,#13228);
#13226 = CARTESIAN_POINT('',(-2.097542226053,86.59,-13.09032135184));
#13227 = DIRECTION('',(-1.745245719031E-02,-3.662667911083E-16,
    0.99984769427));
#13228 = DIRECTION('',(-0.99984769427,3.013258290218E-16,
    -1.745245719031E-02));
#13229 = ADVANCED_FACE('',(#13230),#13249,.F.);
#13230 = FACE_BOUND('',#13231,.F.);
#13231 = EDGE_LOOP('',(#13232,#13233,#13241,#13248));
#13232 = ORIENTED_EDGE('',*,*,#6431,.T.);
#13233 = ORIENTED_EDGE('',*,*,#13234,.T.);
#13234 = EDGE_CURVE('',#6424,#13235,#13237,.T.);
#13235 = VERTEX_POINT('',#13236);
#13236 = CARTESIAN_POINT('',(-2.910657769967,86.59,-13.10451437774));
#13237 = LINE('',#13238,#13239);
#13238 = CARTESIAN_POINT('',(-2.910657769967,86.59,-13.10451437774));
#13239 = VECTOR('',#13240,1.);
#13240 = DIRECTION('',(-2.948876798795E-16,-1.,-3.714698827088E-16));
#13241 = ORIENTED_EDGE('',*,*,#13242,.T.);
#13242 = EDGE_CURVE('',#13235,#13203,#13243,.T.);
#13243 = CIRCLE('',#13244,1.55);
#13244 = AXIS2_PLACEMENT_3D('',#13245,#13246,#13247);
#13245 = CARTESIAN_POINT('',(-4.021705635901,86.59,-12.02374028497));
#13246 = DIRECTION('',(2.948876798795E-16,1.,3.714698827088E-16));
#13247 = DIRECTION('',(-0.51503807491,-1.665334536938E-16,0.857167300702
    ));
#13248 = ORIENTED_EDGE('',*,*,#13212,.F.);
#13249 = CYLINDRICAL_SURFACE('',#13250,1.55);
#13250 = AXIS2_PLACEMENT_3D('',#13251,#13252,#13253);
#13251 = CARTESIAN_POINT('',(-4.021705635901,86.59,-12.02374028497));
#13252 = DIRECTION('',(-2.948876798795E-16,-1.,-3.714698827088E-16));
#13253 = DIRECTION('',(-0.51503807491,-1.665334536938E-16,0.857167300702
    ));
#13254 = ADVANCED_FACE('',(#13255),#13273,.T.);
#13255 = FACE_BOUND('',#13256,.T.);
#13256 = EDGE_LOOP('',(#13257,#13265,#13271,#13272));
#13257 = ORIENTED_EDGE('',*,*,#13258,.F.);
#13258 = EDGE_CURVE('',#13259,#13235,#13261,.T.);
#13259 = VERTEX_POINT('',#13260);
#13260 = CARTESIAN_POINT('',(-2.097542226053,86.59,-13.09032135184));
#13261 = LINE('',#13262,#13263);
#13262 = CARTESIAN_POINT('',(-2.097542226053,86.59,-13.09032135184));
#13263 = VECTOR('',#13264,1.);
#13264 = DIRECTION('',(-0.99984769427,3.013258290218E-16,
    -1.745245719031E-02));
#13265 = ORIENTED_EDGE('',*,*,#13266,.T.);
#13266 = EDGE_CURVE('',#13259,#6416,#13267,.T.);
#13267 = LINE('',#13268,#13269);
#13268 = CARTESIAN_POINT('',(-2.097542226053,86.59,-13.09032135184));
#13269 = VECTOR('',#13270,1.);
#13270 = DIRECTION('',(2.948876798795E-16,1.,3.714698827088E-16));
#13271 = ORIENTED_EDGE('',*,*,#6423,.T.);
#13272 = ORIENTED_EDGE('',*,*,#13234,.T.);
#13273 = PLANE('',#13274);
#13274 = AXIS2_PLACEMENT_3D('',#13275,#13276,#13277);
#13275 = CARTESIAN_POINT('',(-2.097542226053,86.59,-13.09032135184));
#13276 = DIRECTION('',(-1.745245719031E-02,-3.662667911083E-16,
    0.99984769427));
#13277 = DIRECTION('',(-0.99984769427,3.013258290218E-16,
    -1.745245719031E-02));
#13278 = ADVANCED_FACE('',(#13279),#13297,.T.);
#13279 = FACE_BOUND('',#13280,.T.);
#13280 = EDGE_LOOP('',(#13281,#13289,#13295,#13296));
#13281 = ORIENTED_EDGE('',*,*,#13282,.F.);
#13282 = EDGE_CURVE('',#13283,#13259,#13285,.T.);
#13283 = VERTEX_POINT('',#13284);
#13284 = CARTESIAN_POINT('',(-2.516391518996,86.59,-12.39323914755));
#13285 = LINE('',#13286,#13287);
#13286 = CARTESIAN_POINT('',(-4.060101041721,86.59,-9.824075357578));
#13287 = VECTOR('',#13288,1.);
#13288 = DIRECTION('',(0.515038118421,1.665334311514E-16,-0.857167274558
    ));
#13289 = ORIENTED_EDGE('',*,*,#13290,.F.);
#13290 = EDGE_CURVE('',#6407,#13283,#13291,.T.);
#13291 = LINE('',#13292,#13293);
#13292 = CARTESIAN_POINT('',(-2.516391518996,86.59,-12.39323914755));
#13293 = VECTOR('',#13294,1.);
#13294 = DIRECTION('',(-2.948876798795E-16,-1.,-3.714698827088E-16));
#13295 = ORIENTED_EDGE('',*,*,#6415,.T.);
#13296 = ORIENTED_EDGE('',*,*,#13266,.F.);
#13297 = PLANE('',#13298);
#13298 = AXIS2_PLACEMENT_3D('',#13299,#13300,#13301);
#13299 = CARTESIAN_POINT('',(-4.060101041721,86.59,-9.824075357578));
#13300 = DIRECTION('',(-0.857167274558,4.440892183035E-16,
    -0.515038118421));
#13301 = DIRECTION('',(0.515038118421,1.665334311514E-16,-0.857167274558
    ));
#13302 = ADVANCED_FACE('',(#13303),#13322,.F.);
#13303 = FACE_BOUND('',#13304,.F.);
#13304 = EDGE_LOOP('',(#13305,#13306,#13307,#13315));
#13305 = ORIENTED_EDGE('',*,*,#13290,.F.);
#13306 = ORIENTED_EDGE('',*,*,#6406,.T.);
#13307 = ORIENTED_EDGE('',*,*,#13308,.T.);
#13308 = EDGE_CURVE('',#6399,#13309,#13311,.T.);
#13309 = VERTEX_POINT('',#13310);
#13310 = CARTESIAN_POINT('',(-3.641251748778,86.59,-10.52115756186));
#13311 = LINE('',#13312,#13313);
#13312 = CARTESIAN_POINT('',(-3.641251748778,86.59,-10.52115756186));
#13313 = VECTOR('',#13314,1.);
#13314 = DIRECTION('',(-2.948876798795E-16,-1.,-3.714698827088E-16));
#13315 = ORIENTED_EDGE('',*,*,#13316,.T.);
#13316 = EDGE_CURVE('',#13309,#13283,#13317,.T.);
#13317 = CIRCLE('',#13318,1.55);
#13318 = AXIS2_PLACEMENT_3D('',#13319,#13320,#13321);
#13319 = CARTESIAN_POINT('',(-4.021705635901,86.59,-12.02374028497));
#13320 = DIRECTION('',(2.948876798795E-16,1.,3.714698827088E-16));
#13321 = DIRECTION('',(-0.51503807491,-1.665334536938E-16,0.857167300702
    ));
#13322 = CYLINDRICAL_SURFACE('',#13323,1.55);
#13323 = AXIS2_PLACEMENT_3D('',#13324,#13325,#13326);
#13324 = CARTESIAN_POINT('',(-4.021705635901,86.59,-12.02374028497));
#13325 = DIRECTION('',(-2.948876798795E-16,-1.,-3.714698827088E-16));
#13326 = DIRECTION('',(-0.51503807491,-1.665334536938E-16,0.857167300702
    ));
#13327 = ADVANCED_FACE('',(#13328),#13346,.T.);
#13328 = FACE_BOUND('',#13329,.T.);
#13329 = EDGE_LOOP('',(#13330,#13338,#13344,#13345));
#13330 = ORIENTED_EDGE('',*,*,#13331,.F.);
#13331 = EDGE_CURVE('',#13332,#13309,#13334,.T.);
#13332 = VERTEX_POINT('',#13333);
#13333 = CARTESIAN_POINT('',(-4.060101041721,86.59,-9.824075357578));
#13334 = LINE('',#13335,#13336);
#13335 = CARTESIAN_POINT('',(-4.060101041721,86.59,-9.824075357578));
#13336 = VECTOR('',#13337,1.);
#13337 = DIRECTION('',(0.515038118421,1.665334311514E-16,-0.857167274558
    ));
#13338 = ORIENTED_EDGE('',*,*,#13339,.T.);
#13339 = EDGE_CURVE('',#13332,#6391,#13340,.T.);
#13340 = LINE('',#13341,#13342);
#13341 = CARTESIAN_POINT('',(-4.060101041721,86.59,-9.824075357578));
#13342 = VECTOR('',#13343,1.);
#13343 = DIRECTION('',(2.948876798795E-16,1.,3.714698827088E-16));
#13344 = ORIENTED_EDGE('',*,*,#6398,.T.);
#13345 = ORIENTED_EDGE('',*,*,#13308,.T.);
#13346 = PLANE('',#13347);
#13347 = AXIS2_PLACEMENT_3D('',#13348,#13349,#13350);
#13348 = CARTESIAN_POINT('',(-4.060101041721,86.59,-9.824075357578));
#13349 = DIRECTION('',(-0.857167274558,4.440892183035E-16,
    -0.515038118421));
#13350 = DIRECTION('',(0.515038118421,1.665334311514E-16,-0.857167274558
    ));
#13351 = ADVANCED_FACE('',(#13352),#13370,.T.);
#13352 = FACE_BOUND('',#13353,.T.);
#13353 = EDGE_LOOP('',(#13354,#13362,#13368,#13369));
#13354 = ORIENTED_EDGE('',*,*,#13355,.F.);
#13355 = EDGE_CURVE('',#13356,#13332,#13358,.T.);
#13356 = VERTEX_POINT('',#13357);
#13357 = CARTESIAN_POINT('',(-4.45436729269,86.59,-10.53535058776));
#13358 = LINE('',#13359,#13360);
#13359 = CARTESIAN_POINT('',(-5.907473639929,86.59,-13.15682414549));
#13360 = VECTOR('',#13361,1.);
#13361 = DIRECTION('',(0.48480957585,-4.678592601733E-16,0.874619731749)
  );
#13362 = ORIENTED_EDGE('',*,*,#13363,.F.);
#13363 = EDGE_CURVE('',#6382,#13356,#13364,.T.);
#13364 = LINE('',#13365,#13366);
#13365 = CARTESIAN_POINT('',(-4.45436729269,86.59,-10.53535058776));
#13366 = VECTOR('',#13367,1.);
#13367 = DIRECTION('',(-2.948876798795E-16,-1.,-3.714698827088E-16));
#13368 = ORIENTED_EDGE('',*,*,#6390,.T.);
#13369 = ORIENTED_EDGE('',*,*,#13339,.F.);
#13370 = PLANE('',#13371);
#13371 = AXIS2_PLACEMENT_3D('',#13372,#13373,#13374);
#13372 = CARTESIAN_POINT('',(-5.907473639929,86.59,-13.15682414549));
#13373 = DIRECTION('',(0.874619731749,-7.782242719513E-17,-0.48480957585
    ));
#13374 = DIRECTION('',(0.48480957585,-4.678592601733E-16,0.874619731749)
  );
#13375 = ADVANCED_FACE('',(#13376),#13404,.F.);
#13376 = FACE_BOUND('',#13377,.F.);
#13377 = EDGE_LOOP('',(#13378,#13386,#13395,#13402,#13403));
#13378 = ORIENTED_EDGE('',*,*,#13379,.T.);
#13379 = EDGE_CURVE('',#6374,#13380,#13382,.T.);
#13380 = VERTEX_POINT('',#13381);
#13381 = CARTESIAN_POINT('',(-5.513207388959,86.59,-12.4455489153));
#13382 = LINE('',#13383,#13384);
#13383 = CARTESIAN_POINT('',(-5.513207388959,86.59,-12.4455489153));
#13384 = VECTOR('',#13385,1.);
#13385 = DIRECTION('',(-2.948876798795E-16,-1.,-3.714698827088E-16));
#13386 = ORIENTED_EDGE('',*,*,#13387,.T.);
#13387 = EDGE_CURVE('',#13380,#13388,#13390,.T.);
#13388 = VERTEX_POINT('',#13389);
#13389 = CARTESIAN_POINT('',(-4.820014652012,86.59,-10.69513096888));
#13390 = CIRCLE('',#13391,1.55);
#13391 = AXIS2_PLACEMENT_3D('',#13392,#13393,#13394);
#13392 = CARTESIAN_POINT('',(-4.021705635901,86.59,-12.02374028497));
#13393 = DIRECTION('',(2.948876798795E-16,1.,3.714698827088E-16));
#13394 = DIRECTION('',(-0.51503807491,-1.665334536938E-16,0.857167300702
    ));
#13395 = ORIENTED_EDGE('',*,*,#13396,.T.);
#13396 = EDGE_CURVE('',#13388,#13356,#13397,.T.);
#13397 = CIRCLE('',#13398,1.55);
#13398 = AXIS2_PLACEMENT_3D('',#13399,#13400,#13401);
#13399 = CARTESIAN_POINT('',(-4.021705635901,86.59,-12.02374028497));
#13400 = DIRECTION('',(2.948876798795E-16,1.,3.714698827088E-16));
#13401 = DIRECTION('',(-0.51503807491,-1.665334536938E-16,0.857167300702
    ));
#13402 = ORIENTED_EDGE('',*,*,#13363,.F.);
#13403 = ORIENTED_EDGE('',*,*,#6381,.T.);
#13404 = CYLINDRICAL_SURFACE('',#13405,1.55);
#13405 = AXIS2_PLACEMENT_3D('',#13406,#13407,#13408);
#13406 = CARTESIAN_POINT('',(-4.021705635901,86.59,-12.02374028497));
#13407 = DIRECTION('',(-2.948876798795E-16,-1.,-3.714698827088E-16));
#13408 = DIRECTION('',(-0.51503807491,-1.665334536938E-16,0.857167300702
    ));
#13409 = ADVANCED_FACE('',(#13410),#13421,.T.);
#13410 = FACE_BOUND('',#13411,.T.);
#13411 = EDGE_LOOP('',(#13412,#13418,#13419,#13420));
#13412 = ORIENTED_EDGE('',*,*,#13413,.F.);
#13413 = EDGE_CURVE('',#13205,#13380,#13414,.T.);
#13414 = LINE('',#13415,#13416);
#13415 = CARTESIAN_POINT('',(-5.907473639929,86.59,-13.15682414549));
#13416 = VECTOR('',#13417,1.);
#13417 = DIRECTION('',(0.48480957585,-4.678592601733E-16,0.874619731749)
  );
#13418 = ORIENTED_EDGE('',*,*,#13219,.T.);
#13419 = ORIENTED_EDGE('',*,*,#6373,.T.);
#13420 = ORIENTED_EDGE('',*,*,#13379,.T.);
#13421 = PLANE('',#13422);
#13422 = AXIS2_PLACEMENT_3D('',#13423,#13424,#13425);
#13423 = CARTESIAN_POINT('',(-5.907473639929,86.59,-13.15682414549));
#13424 = DIRECTION('',(0.874619731749,-7.782242719513E-17,-0.48480957585
    ));
#13425 = DIRECTION('',(0.48480957585,-4.678592601733E-16,0.874619731749)
  );
#13426 = ADVANCED_FACE('',(#13427),#13452,.T.);
#13427 = FACE_BOUND('',#13428,.T.);
#13428 = EDGE_LOOP('',(#13429,#13439,#13445,#13446));
#13429 = ORIENTED_EDGE('',*,*,#13430,.F.);
#13430 = EDGE_CURVE('',#13431,#13433,#13435,.T.);
#13431 = VERTEX_POINT('',#13432);
#13432 = CARTESIAN_POINT('',(-5.093925402702,86.59,-30.09355439276));
#13433 = VERTEX_POINT('',#13434);
#13434 = CARTESIAN_POINT('',(-5.907040946616,86.59,-30.10774741866));
#13435 = LINE('',#13436,#13437);
#13436 = CARTESIAN_POINT('',(-2.09710953274,86.59,-30.041244625));
#13437 = VECTOR('',#13438,1.);
#13438 = DIRECTION('',(-0.99984769427,3.013258290218E-16,
    -1.745245719031E-02));
#13439 = ORIENTED_EDGE('',*,*,#13440,.F.);
#13440 = EDGE_CURVE('',#6441,#13431,#13441,.T.);
#13441 = LINE('',#13442,#13443);
#13442 = CARTESIAN_POINT('',(-5.093925402702,86.59,-30.09355439276));
#13443 = VECTOR('',#13444,1.);
#13444 = DIRECTION('',(-2.948876798795E-16,-1.,-3.714698827088E-16));
#13445 = ORIENTED_EDGE('',*,*,#6440,.T.);
#13446 = ORIENTED_EDGE('',*,*,#13447,.F.);
#13447 = EDGE_CURVE('',#13433,#6443,#13448,.T.);
#13448 = LINE('',#13449,#13450);
#13449 = CARTESIAN_POINT('',(-5.907040946616,86.59,-30.10774741866));
#13450 = VECTOR('',#13451,1.);
#13451 = DIRECTION('',(2.948876798795E-16,1.,3.714698827088E-16));
#13452 = PLANE('',#13453);
#13453 = AXIS2_PLACEMENT_3D('',#13454,#13455,#13456);
#13454 = CARTESIAN_POINT('',(-2.09710953274,86.59,-30.041244625));
#13455 = DIRECTION('',(-1.745245719031E-02,-3.662667911083E-16,
    0.99984769427));
#13456 = DIRECTION('',(-0.99984769427,3.013258290218E-16,
    -1.745245719031E-02));
#13457 = ADVANCED_FACE('',(#13458),#13477,.F.);
#13458 = FACE_BOUND('',#13459,.F.);
#13459 = EDGE_LOOP('',(#13460,#13461,#13469,#13476));
#13460 = ORIENTED_EDGE('',*,*,#6508,.T.);
#13461 = ORIENTED_EDGE('',*,*,#13462,.T.);
#13462 = EDGE_CURVE('',#6501,#13463,#13465,.T.);
#13463 = VERTEX_POINT('',#13464);
#13464 = CARTESIAN_POINT('',(-2.910225076653,86.59,-30.0554376509));
#13465 = LINE('',#13466,#13467);
#13466 = CARTESIAN_POINT('',(-2.910225076653,86.59,-30.0554376509));
#13467 = VECTOR('',#13468,1.);
#13468 = DIRECTION('',(-2.948876798795E-16,-1.,-3.714698827088E-16));
#13469 = ORIENTED_EDGE('',*,*,#13470,.T.);
#13470 = EDGE_CURVE('',#13463,#13431,#13471,.T.);
#13471 = CIRCLE('',#13472,1.55);
#13472 = AXIS2_PLACEMENT_3D('',#13473,#13474,#13475);
#13473 = CARTESIAN_POINT('',(-4.021272942588,86.59,-28.97466355813));
#13474 = DIRECTION('',(2.948876798795E-16,1.,3.714698827088E-16));
#13475 = DIRECTION('',(-0.51503807491,-1.665334536938E-16,0.857167300702
    ));
#13476 = ORIENTED_EDGE('',*,*,#13440,.F.);
#13477 = CYLINDRICAL_SURFACE('',#13478,1.55);
#13478 = AXIS2_PLACEMENT_3D('',#13479,#13480,#13481);
#13479 = CARTESIAN_POINT('',(-4.021272942588,86.59,-28.97466355813));
#13480 = DIRECTION('',(-2.948876798795E-16,-1.,-3.714698827088E-16));
#13481 = DIRECTION('',(-0.51503807491,-1.665334536938E-16,0.857167300702
    ));
#13482 = ADVANCED_FACE('',(#13483),#13501,.T.);
#13483 = FACE_BOUND('',#13484,.T.);
#13484 = EDGE_LOOP('',(#13485,#13493,#13499,#13500));
#13485 = ORIENTED_EDGE('',*,*,#13486,.F.);
#13486 = EDGE_CURVE('',#13487,#13463,#13489,.T.);
#13487 = VERTEX_POINT('',#13488);
#13488 = CARTESIAN_POINT('',(-2.09710953274,86.59,-30.041244625));
#13489 = LINE('',#13490,#13491);
#13490 = CARTESIAN_POINT('',(-2.09710953274,86.59,-30.041244625));
#13491 = VECTOR('',#13492,1.);
#13492 = DIRECTION('',(-0.99984769427,3.013258290218E-16,
    -1.745245719031E-02));
#13493 = ORIENTED_EDGE('',*,*,#13494,.T.);
#13494 = EDGE_CURVE('',#13487,#6493,#13495,.T.);
#13495 = LINE('',#13496,#13497);
#13496 = CARTESIAN_POINT('',(-2.09710953274,86.59,-30.041244625));
#13497 = VECTOR('',#13498,1.);
#13498 = DIRECTION('',(2.948876798795E-16,1.,3.714698827088E-16));
#13499 = ORIENTED_EDGE('',*,*,#6500,.T.);
#13500 = ORIENTED_EDGE('',*,*,#13462,.T.);
#13501 = PLANE('',#13502);
#13502 = AXIS2_PLACEMENT_3D('',#13503,#13504,#13505);
#13503 = CARTESIAN_POINT('',(-2.09710953274,86.59,-30.041244625));
#13504 = DIRECTION('',(-1.745245719031E-02,-3.662667911083E-16,
    0.99984769427));
#13505 = DIRECTION('',(-0.99984769427,3.013258290218E-16,
    -1.745245719031E-02));
#13506 = ADVANCED_FACE('',(#13507),#13525,.T.);
#13507 = FACE_BOUND('',#13508,.T.);
#13508 = EDGE_LOOP('',(#13509,#13517,#13523,#13524));
#13509 = ORIENTED_EDGE('',*,*,#13510,.F.);
#13510 = EDGE_CURVE('',#13511,#13487,#13513,.T.);
#13511 = VERTEX_POINT('',#13512);
#13512 = CARTESIAN_POINT('',(-2.515958825683,86.59,-29.34416242071));
#13513 = LINE('',#13514,#13515);
#13514 = CARTESIAN_POINT('',(-4.059668348407,86.59,-26.77499863074));
#13515 = VECTOR('',#13516,1.);
#13516 = DIRECTION('',(0.515038118421,1.665334311514E-16,-0.857167274558
    ));
#13517 = ORIENTED_EDGE('',*,*,#13518,.F.);
#13518 = EDGE_CURVE('',#6484,#13511,#13519,.T.);
#13519 = LINE('',#13520,#13521);
#13520 = CARTESIAN_POINT('',(-2.515958825683,86.59,-29.34416242071));
#13521 = VECTOR('',#13522,1.);
#13522 = DIRECTION('',(-2.948876798795E-16,-1.,-3.714698827088E-16));
#13523 = ORIENTED_EDGE('',*,*,#6492,.T.);
#13524 = ORIENTED_EDGE('',*,*,#13494,.F.);
#13525 = PLANE('',#13526);
#13526 = AXIS2_PLACEMENT_3D('',#13527,#13528,#13529);
#13527 = CARTESIAN_POINT('',(-4.059668348407,86.59,-26.77499863074));
#13528 = DIRECTION('',(-0.857167274558,4.440892183035E-16,
    -0.515038118421));
#13529 = DIRECTION('',(0.515038118421,1.665334311514E-16,-0.857167274558
    ));
#13530 = ADVANCED_FACE('',(#13531),#13550,.F.);
#13531 = FACE_BOUND('',#13532,.F.);
#13532 = EDGE_LOOP('',(#13533,#13534,#13535,#13543));
#13533 = ORIENTED_EDGE('',*,*,#13518,.F.);
#13534 = ORIENTED_EDGE('',*,*,#6483,.T.);
#13535 = ORIENTED_EDGE('',*,*,#13536,.T.);
#13536 = EDGE_CURVE('',#6476,#13537,#13539,.T.);
#13537 = VERTEX_POINT('',#13538);
#13538 = CARTESIAN_POINT('',(-3.640819055464,86.59,-27.47208083503));
#13539 = LINE('',#13540,#13541);
#13540 = CARTESIAN_POINT('',(-3.640819055464,86.59,-27.47208083503));
#13541 = VECTOR('',#13542,1.);
#13542 = DIRECTION('',(-2.948876798795E-16,-1.,-3.714698827088E-16));
#13543 = ORIENTED_EDGE('',*,*,#13544,.T.);
#13544 = EDGE_CURVE('',#13537,#13511,#13545,.T.);
#13545 = CIRCLE('',#13546,1.55);
#13546 = AXIS2_PLACEMENT_3D('',#13547,#13548,#13549);
#13547 = CARTESIAN_POINT('',(-4.021272942588,86.59,-28.97466355813));
#13548 = DIRECTION('',(2.948876798795E-16,1.,3.714698827088E-16));
#13549 = DIRECTION('',(-0.51503807491,-1.665334536938E-16,0.857167300702
    ));
#13550 = CYLINDRICAL_SURFACE('',#13551,1.55);
#13551 = AXIS2_PLACEMENT_3D('',#13552,#13553,#13554);
#13552 = CARTESIAN_POINT('',(-4.021272942588,86.59,-28.97466355813));
#13553 = DIRECTION('',(-2.948876798795E-16,-1.,-3.714698827088E-16));
#13554 = DIRECTION('',(-0.51503807491,-1.665334536938E-16,0.857167300702
    ));
#13555 = ADVANCED_FACE('',(#13556),#13574,.T.);
#13556 = FACE_BOUND('',#13557,.T.);
#13557 = EDGE_LOOP('',(#13558,#13566,#13572,#13573));
#13558 = ORIENTED_EDGE('',*,*,#13559,.F.);
#13559 = EDGE_CURVE('',#13560,#13537,#13562,.T.);
#13560 = VERTEX_POINT('',#13561);
#13561 = CARTESIAN_POINT('',(-4.059668348407,86.59,-26.77499863074));
#13562 = LINE('',#13563,#13564);
#13563 = CARTESIAN_POINT('',(-4.059668348407,86.59,-26.77499863074));
#13564 = VECTOR('',#13565,1.);
#13565 = DIRECTION('',(0.515038118421,1.665334311514E-16,-0.857167274558
    ));
#13566 = ORIENTED_EDGE('',*,*,#13567,.T.);
#13567 = EDGE_CURVE('',#13560,#6468,#13568,.T.);
#13568 = LINE('',#13569,#13570);
#13569 = CARTESIAN_POINT('',(-4.059668348407,86.59,-26.77499863074));
#13570 = VECTOR('',#13571,1.);
#13571 = DIRECTION('',(2.948876798795E-16,1.,3.714698827088E-16));
#13572 = ORIENTED_EDGE('',*,*,#6475,.T.);
#13573 = ORIENTED_EDGE('',*,*,#13536,.T.);
#13574 = PLANE('',#13575);
#13575 = AXIS2_PLACEMENT_3D('',#13576,#13577,#13578);
#13576 = CARTESIAN_POINT('',(-4.059668348407,86.59,-26.77499863074));
#13577 = DIRECTION('',(-0.857167274558,4.440892183035E-16,
    -0.515038118421));
#13578 = DIRECTION('',(0.515038118421,1.665334311514E-16,-0.857167274558
    ));
#13579 = ADVANCED_FACE('',(#13580),#13598,.T.);
#13580 = FACE_BOUND('',#13581,.T.);
#13581 = EDGE_LOOP('',(#13582,#13590,#13596,#13597));
#13582 = ORIENTED_EDGE('',*,*,#13583,.F.);
#13583 = EDGE_CURVE('',#13584,#13560,#13586,.T.);
#13584 = VERTEX_POINT('',#13585);
#13585 = CARTESIAN_POINT('',(-4.453934599377,86.59,-27.48627386093));
#13586 = LINE('',#13587,#13588);
#13587 = CARTESIAN_POINT('',(-5.907040946616,86.59,-30.10774741866));
#13588 = VECTOR('',#13589,1.);
#13589 = DIRECTION('',(0.48480957585,-4.678592601733E-16,0.874619731749)
  );
#13590 = ORIENTED_EDGE('',*,*,#13591,.F.);
#13591 = EDGE_CURVE('',#6459,#13584,#13592,.T.);
#13592 = LINE('',#13593,#13594);
#13593 = CARTESIAN_POINT('',(-4.453934599377,86.59,-27.48627386093));
#13594 = VECTOR('',#13595,1.);
#13595 = DIRECTION('',(-2.948876798795E-16,-1.,-3.714698827088E-16));
#13596 = ORIENTED_EDGE('',*,*,#6467,.T.);
#13597 = ORIENTED_EDGE('',*,*,#13567,.F.);
#13598 = PLANE('',#13599);
#13599 = AXIS2_PLACEMENT_3D('',#13600,#13601,#13602);
#13600 = CARTESIAN_POINT('',(-5.907040946616,86.59,-30.10774741866));
#13601 = DIRECTION('',(0.874619731749,-7.782242719513E-17,-0.48480957585
    ));
#13602 = DIRECTION('',(0.48480957585,-4.678592601733E-16,0.874619731749)
  );
#13603 = ADVANCED_FACE('',(#13604),#13632,.F.);
#13604 = FACE_BOUND('',#13605,.F.);
#13605 = EDGE_LOOP('',(#13606,#13614,#13623,#13630,#13631));
#13606 = ORIENTED_EDGE('',*,*,#13607,.T.);
#13607 = EDGE_CURVE('',#6451,#13608,#13610,.T.);
#13608 = VERTEX_POINT('',#13609);
#13609 = CARTESIAN_POINT('',(-5.512774695645,86.59,-29.39647218847));
#13610 = LINE('',#13611,#13612);
#13611 = CARTESIAN_POINT('',(-5.512774695645,86.59,-29.39647218847));
#13612 = VECTOR('',#13613,1.);
#13613 = DIRECTION('',(-2.948876798795E-16,-1.,-3.714698827088E-16));
#13614 = ORIENTED_EDGE('',*,*,#13615,.T.);
#13615 = EDGE_CURVE('',#13608,#13616,#13618,.T.);
#13616 = VERTEX_POINT('',#13617);
#13617 = CARTESIAN_POINT('',(-4.819581958698,86.59,-27.64605424205));
#13618 = CIRCLE('',#13619,1.55);
#13619 = AXIS2_PLACEMENT_3D('',#13620,#13621,#13622);
#13620 = CARTESIAN_POINT('',(-4.021272942588,86.59,-28.97466355813));
#13621 = DIRECTION('',(2.948876798795E-16,1.,3.714698827088E-16));
#13622 = DIRECTION('',(-0.51503807491,-1.665334536938E-16,0.857167300702
    ));
#13623 = ORIENTED_EDGE('',*,*,#13624,.T.);
#13624 = EDGE_CURVE('',#13616,#13584,#13625,.T.);
#13625 = CIRCLE('',#13626,1.55);
#13626 = AXIS2_PLACEMENT_3D('',#13627,#13628,#13629);
#13627 = CARTESIAN_POINT('',(-4.021272942588,86.59,-28.97466355813));
#13628 = DIRECTION('',(2.948876798795E-16,1.,3.714698827088E-16));
#13629 = DIRECTION('',(-0.51503807491,-1.665334536938E-16,0.857167300702
    ));
#13630 = ORIENTED_EDGE('',*,*,#13591,.F.);
#13631 = ORIENTED_EDGE('',*,*,#6458,.T.);
#13632 = CYLINDRICAL_SURFACE('',#13633,1.55);
#13633 = AXIS2_PLACEMENT_3D('',#13634,#13635,#13636);
#13634 = CARTESIAN_POINT('',(-4.021272942588,86.59,-28.97466355813));
#13635 = DIRECTION('',(-2.948876798795E-16,-1.,-3.714698827088E-16));
#13636 = DIRECTION('',(-0.51503807491,-1.665334536938E-16,0.857167300702
    ));
#13637 = ADVANCED_FACE('',(#13638),#13649,.T.);
#13638 = FACE_BOUND('',#13639,.T.);
#13639 = EDGE_LOOP('',(#13640,#13646,#13647,#13648));
#13640 = ORIENTED_EDGE('',*,*,#13641,.F.);
#13641 = EDGE_CURVE('',#13433,#13608,#13642,.T.);
#13642 = LINE('',#13643,#13644);
#13643 = CARTESIAN_POINT('',(-5.907040946616,86.59,-30.10774741866));
#13644 = VECTOR('',#13645,1.);
#13645 = DIRECTION('',(0.48480957585,-4.678592601733E-16,0.874619731749)
  );
#13646 = ORIENTED_EDGE('',*,*,#13447,.T.);
#13647 = ORIENTED_EDGE('',*,*,#6450,.T.);
#13648 = ORIENTED_EDGE('',*,*,#13607,.T.);
#13649 = PLANE('',#13650);
#13650 = AXIS2_PLACEMENT_3D('',#13651,#13652,#13653);
#13651 = CARTESIAN_POINT('',(-5.907040946616,86.59,-30.10774741866));
#13652 = DIRECTION('',(0.874619731749,-7.782242719513E-17,-0.48480957585
    ));
#13653 = DIRECTION('',(0.48480957585,-4.678592601733E-16,0.874619731749)
  );
#13654 = ADVANCED_FACE('',(#13655),#13661,.F.);
#13655 = FACE_BOUND('',#13656,.F.);
#13656 = EDGE_LOOP('',(#13657,#13658,#13659,#13660));
#13657 = ORIENTED_EDGE('',*,*,#11302,.T.);
#13658 = ORIENTED_EDGE('',*,*,#11262,.T.);
#13659 = ORIENTED_EDGE('',*,*,#11246,.F.);
#13660 = ORIENTED_EDGE('',*,*,#6711,.T.);
#13661 = PLANE('',#13662);
#13662 = AXIS2_PLACEMENT_3D('',#13663,#13664,#13665);
#13663 = CARTESIAN_POINT('',(101.5,90.,3.374644708415E-14));
#13664 = DIRECTION('',(0.707106781187,0.707106781187,8.659560562355E-17)
  );
#13665 = DIRECTION('',(1.224646799147E-16,0.,-1.));
#13666 = ADVANCED_FACE('',(#13667),#13678,.F.);
#13667 = FACE_BOUND('',#13668,.F.);
#13668 = EDGE_LOOP('',(#13669,#13670,#13677));
#13669 = ORIENTED_EDGE('',*,*,#7052,.T.);
#13670 = ORIENTED_EDGE('',*,*,#13671,.F.);
#13671 = EDGE_CURVE('',#6786,#7053,#13672,.T.);
#13672 = CIRCLE('',#13673,2.);
#13673 = AXIS2_PLACEMENT_3D('',#13674,#13675,#13676);
#13674 = CARTESIAN_POINT('',(111.5,-85.,-2.155));
#13675 = DIRECTION('',(1.224646799147E-16,0.,-1.));
#13676 = DIRECTION('',(-1.,0.,-1.224646799147E-16));
#13677 = ORIENTED_EDGE('',*,*,#6793,.T.);
#13678 = PLANE('',#13679);
#13679 = AXIS2_PLACEMENT_3D('',#13680,#13681,#13682);
#13680 = CARTESIAN_POINT('',(111.51227834753,-84.99562270296,-2.155));
#13681 = DIRECTION('',(-8.659560562355E-17,-8.659560562355E-17,-1.));
#13682 = DIRECTION('',(-2.22044604925E-16,-1.,8.659560562355E-17));
#13683 = ADVANCED_FACE('',(#13684),#13753,.F.);
#13684 = FACE_BOUND('',#13685,.F.);
#13685 = EDGE_LOOP('',(#13686,#13695,#13703,#13710,#13711,#13718,#13719,
    #13726,#13727,#13728,#13729,#13736,#13737,#13744,#13745,#13752));
#13686 = ORIENTED_EDGE('',*,*,#13687,.F.);
#13687 = EDGE_CURVE('',#13688,#13688,#13690,.T.);
#13688 = VERTEX_POINT('',#13689);
#13689 = CARTESIAN_POINT('',(109.5,-85.,-4.));
#13690 = CIRCLE('',#13691,2.);
#13691 = AXIS2_PLACEMENT_3D('',#13692,#13693,#13694);
#13692 = CARTESIAN_POINT('',(111.5,-85.,-4.));
#13693 = DIRECTION('',(1.224646799147E-16,0.,-1.));
#13694 = DIRECTION('',(-1.,0.,-1.224646799147E-16));
#13695 = ORIENTED_EDGE('',*,*,#13696,.T.);
#13696 = EDGE_CURVE('',#13688,#13697,#13699,.T.);
#13697 = VERTEX_POINT('',#13698);
#13698 = CARTESIAN_POINT('',(109.5,-85.,-2.));
#13699 = LINE('',#13700,#13701);
#13700 = CARTESIAN_POINT('',(109.5,-85.,-4.));
#13701 = VECTOR('',#13702,1.);
#13702 = DIRECTION('',(-1.224646799147E-16,-0.,1.));
#13703 = ORIENTED_EDGE('',*,*,#13704,.T.);
#13704 = EDGE_CURVE('',#13697,#6890,#13705,.T.);
#13705 = CIRCLE('',#13706,2.);
#13706 = AXIS2_PLACEMENT_3D('',#13707,#13708,#13709);
#13707 = CARTESIAN_POINT('',(111.5,-85.,-2.));
#13708 = DIRECTION('',(1.224646799147E-16,0.,-1.));
#13709 = DIRECTION('',(-1.,0.,-1.224646799147E-16));
#13710 = ORIENTED_EDGE('',*,*,#6897,.T.);
#13711 = ORIENTED_EDGE('',*,*,#13712,.T.);
#13712 = EDGE_CURVE('',#6898,#6850,#13713,.T.);
#13713 = CIRCLE('',#13714,2.);
#13714 = AXIS2_PLACEMENT_3D('',#13715,#13716,#13717);
#13715 = CARTESIAN_POINT('',(111.5,-85.,-2.155));
#13716 = DIRECTION('',(1.224646799147E-16,0.,-1.));
#13717 = DIRECTION('',(-1.,0.,-1.224646799147E-16));
#13718 = ORIENTED_EDGE('',*,*,#6857,.F.);
#13719 = ORIENTED_EDGE('',*,*,#13720,.T.);
#13720 = EDGE_CURVE('',#6858,#6778,#13721,.T.);
#13721 = CIRCLE('',#13722,2.);
#13722 = AXIS2_PLACEMENT_3D('',#13723,#13724,#13725);
#13723 = CARTESIAN_POINT('',(111.5,-85.,-2.));
#13724 = DIRECTION('',(1.224646799147E-16,0.,-1.));
#13725 = DIRECTION('',(-1.,0.,-1.224646799147E-16));
#13726 = ORIENTED_EDGE('',*,*,#6785,.T.);
#13727 = ORIENTED_EDGE('',*,*,#13671,.T.);
#13728 = ORIENTED_EDGE('',*,*,#7060,.F.);
#13729 = ORIENTED_EDGE('',*,*,#13730,.T.);
#13730 = EDGE_CURVE('',#7061,#6995,#13731,.T.);
#13731 = CIRCLE('',#13732,2.);
#13732 = AXIS2_PLACEMENT_3D('',#13733,#13734,#13735);
#13733 = CARTESIAN_POINT('',(111.5,-85.,-2.));
#13734 = DIRECTION('',(1.224646799147E-16,0.,-1.));
#13735 = DIRECTION('',(-1.,0.,-1.224646799147E-16));
#13736 = ORIENTED_EDGE('',*,*,#7002,.T.);
#13737 = ORIENTED_EDGE('',*,*,#13738,.T.);
#13738 = EDGE_CURVE('',#7003,#6955,#13739,.T.);
#13739 = CIRCLE('',#13740,2.);
#13740 = AXIS2_PLACEMENT_3D('',#13741,#13742,#13743);
#13741 = CARTESIAN_POINT('',(111.5,-85.,-2.155));
#13742 = DIRECTION('',(1.224646799147E-16,0.,-1.));
#13743 = DIRECTION('',(-1.,0.,-1.224646799147E-16));
#13744 = ORIENTED_EDGE('',*,*,#6962,.F.);
#13745 = ORIENTED_EDGE('',*,*,#13746,.T.);
#13746 = EDGE_CURVE('',#6963,#13697,#13747,.T.);
#13747 = CIRCLE('',#13748,2.);
#13748 = AXIS2_PLACEMENT_3D('',#13749,#13750,#13751);
#13749 = CARTESIAN_POINT('',(111.5,-85.,-2.));
#13750 = DIRECTION('',(1.224646799147E-16,0.,-1.));
#13751 = DIRECTION('',(-1.,0.,-1.224646799147E-16));
#13752 = ORIENTED_EDGE('',*,*,#13696,.F.);
#13753 = CYLINDRICAL_SURFACE('',#13754,2.);
#13754 = AXIS2_PLACEMENT_3D('',#13755,#13756,#13757);
#13755 = CARTESIAN_POINT('',(111.5,-85.,-4.));
#13756 = DIRECTION('',(1.224646799147E-16,0.,-1.));
#13757 = DIRECTION('',(-1.,0.,-1.224646799147E-16));
#13758 = ADVANCED_FACE('',(#13759),#13765,.T.);
#13759 = FACE_BOUND('',#13760,.T.);
#13760 = EDGE_LOOP('',(#13761,#13762,#13763,#13764));
#13761 = ORIENTED_EDGE('',*,*,#6865,.T.);
#13762 = ORIENTED_EDGE('',*,*,#13720,.T.);
#13763 = ORIENTED_EDGE('',*,*,#6777,.T.);
#13764 = ORIENTED_EDGE('',*,*,#6815,.T.);
#13765 = PLANE('',#13766);
#13766 = AXIS2_PLACEMENT_3D('',#13767,#13768,#13769);
#13767 = CARTESIAN_POINT('',(111.5,0.,-2.));
#13768 = DIRECTION('',(1.224646799147E-16,0.,-1.));
#13769 = DIRECTION('',(-1.,0.,-1.224646799147E-16));
#13770 = ADVANCED_FACE('',(#13771),#13776,.F.);
#13771 = FACE_BOUND('',#13772,.F.);
#13772 = EDGE_LOOP('',(#13773,#13774,#13775));
#13773 = ORIENTED_EDGE('',*,*,#13712,.F.);
#13774 = ORIENTED_EDGE('',*,*,#6905,.T.);
#13775 = ORIENTED_EDGE('',*,*,#6849,.T.);
#13776 = PLANE('',#13777);
#13777 = AXIS2_PLACEMENT_3D('',#13778,#13779,#13780);
#13778 = CARTESIAN_POINT('',(111.51227834753,-84.99562270296,-2.155));
#13779 = DIRECTION('',(-8.659560562355E-17,-8.659560562355E-17,-1.));
#13780 = DIRECTION('',(-2.22044604925E-16,-1.,8.659560562355E-17));
#13781 = ADVANCED_FACE('',(#13782),#13789,.T.);
#13782 = FACE_BOUND('',#13783,.T.);
#13783 = EDGE_LOOP('',(#13784,#13785,#13786,#13787,#13788));
#13784 = ORIENTED_EDGE('',*,*,#13746,.T.);
#13785 = ORIENTED_EDGE('',*,*,#13704,.T.);
#13786 = ORIENTED_EDGE('',*,*,#6889,.T.);
#13787 = ORIENTED_EDGE('',*,*,#6921,.T.);
#13788 = ORIENTED_EDGE('',*,*,#6970,.T.);
#13789 = PLANE('',#13790);
#13790 = AXIS2_PLACEMENT_3D('',#13791,#13792,#13793);
#13791 = CARTESIAN_POINT('',(111.5,0.,-2.));
#13792 = DIRECTION('',(1.224646799147E-16,0.,-1.));
#13793 = DIRECTION('',(-1.,0.,-1.224646799147E-16));
#13794 = ADVANCED_FACE('',(#13795),#13800,.F.);
#13795 = FACE_BOUND('',#13796,.F.);
#13796 = EDGE_LOOP('',(#13797,#13798,#13799));
#13797 = ORIENTED_EDGE('',*,*,#13738,.F.);
#13798 = ORIENTED_EDGE('',*,*,#7010,.T.);
#13799 = ORIENTED_EDGE('',*,*,#6954,.T.);
#13800 = PLANE('',#13801);
#13801 = AXIS2_PLACEMENT_3D('',#13802,#13803,#13804);
#13802 = CARTESIAN_POINT('',(111.51227834753,-84.99562270296,-2.155));
#13803 = DIRECTION('',(-8.659560562355E-17,-8.659560562355E-17,-1.));
#13804 = DIRECTION('',(-2.22044604925E-16,-1.,8.659560562355E-17));
#13805 = ADVANCED_FACE('',(#13806),#13812,.T.);
#13806 = FACE_BOUND('',#13807,.T.);
#13807 = EDGE_LOOP('',(#13808,#13809,#13810,#13811));
#13808 = ORIENTED_EDGE('',*,*,#13730,.T.);
#13809 = ORIENTED_EDGE('',*,*,#6994,.T.);
#13810 = ORIENTED_EDGE('',*,*,#7035,.T.);
#13811 = ORIENTED_EDGE('',*,*,#7068,.T.);
#13812 = PLANE('',#13813);
#13813 = AXIS2_PLACEMENT_3D('',#13814,#13815,#13816);
#13814 = CARTESIAN_POINT('',(111.5,0.,-2.));
#13815 = DIRECTION('',(1.224646799147E-16,0.,-1.));
#13816 = DIRECTION('',(-1.,0.,-1.224646799147E-16));
#13817 = ADVANCED_FACE('',(#13818),#13829,.F.);
#13818 = FACE_BOUND('',#13819,.F.);
#13819 = EDGE_LOOP('',(#13820,#13821,#13828));
#13820 = ORIENTED_EDGE('',*,*,#7386,.T.);
#13821 = ORIENTED_EDGE('',*,*,#13822,.F.);
#13822 = EDGE_CURVE('',#7120,#7387,#13823,.T.);
#13823 = CIRCLE('',#13824,2.);
#13824 = AXIS2_PLACEMENT_3D('',#13825,#13826,#13827);
#13825 = CARTESIAN_POINT('',(111.5,85.,-2.155));
#13826 = DIRECTION('',(1.224646799147E-16,0.,-1.));
#13827 = DIRECTION('',(-1.,0.,-1.224646799147E-16));
#13828 = ORIENTED_EDGE('',*,*,#7127,.T.);
#13829 = PLANE('',#13830);
#13830 = AXIS2_PLACEMENT_3D('',#13831,#13832,#13833);
#13831 = CARTESIAN_POINT('',(111.51227834753,84.96437729704,-2.155));
#13832 = DIRECTION('',(-8.659560562355E-17,-8.659560562355E-17,-1.));
#13833 = DIRECTION('',(-2.22044604925E-16,-1.,8.659560562355E-17));
#13834 = ADVANCED_FACE('',(#13835),#13904,.F.);
#13835 = FACE_BOUND('',#13836,.F.);
#13836 = EDGE_LOOP('',(#13837,#13846,#13854,#13861,#13862,#13869,#13870,
    #13877,#13878,#13879,#13880,#13887,#13888,#13895,#13896,#13903));
#13837 = ORIENTED_EDGE('',*,*,#13838,.F.);
#13838 = EDGE_CURVE('',#13839,#13839,#13841,.T.);
#13839 = VERTEX_POINT('',#13840);
#13840 = CARTESIAN_POINT('',(109.5,85.,-4.));
#13841 = CIRCLE('',#13842,2.);
#13842 = AXIS2_PLACEMENT_3D('',#13843,#13844,#13845);
#13843 = CARTESIAN_POINT('',(111.5,85.,-4.));
#13844 = DIRECTION('',(1.224646799147E-16,0.,-1.));
#13845 = DIRECTION('',(-1.,0.,-1.224646799147E-16));
#13846 = ORIENTED_EDGE('',*,*,#13847,.T.);
#13847 = EDGE_CURVE('',#13839,#13848,#13850,.T.);
#13848 = VERTEX_POINT('',#13849);
#13849 = CARTESIAN_POINT('',(109.5,85.,-2.));
#13850 = LINE('',#13851,#13852);
#13851 = CARTESIAN_POINT('',(109.5,85.,-4.));
#13852 = VECTOR('',#13853,1.);
#13853 = DIRECTION('',(-1.224646799147E-16,-0.,1.));
#13854 = ORIENTED_EDGE('',*,*,#13855,.T.);
#13855 = EDGE_CURVE('',#13848,#7224,#13856,.T.);
#13856 = CIRCLE('',#13857,2.);
#13857 = AXIS2_PLACEMENT_3D('',#13858,#13859,#13860);
#13858 = CARTESIAN_POINT('',(111.5,85.,-2.));
#13859 = DIRECTION('',(1.224646799147E-16,0.,-1.));
#13860 = DIRECTION('',(-1.,0.,-1.224646799147E-16));
#13861 = ORIENTED_EDGE('',*,*,#7231,.T.);
#13862 = ORIENTED_EDGE('',*,*,#13863,.T.);
#13863 = EDGE_CURVE('',#7232,#7184,#13864,.T.);
#13864 = CIRCLE('',#13865,2.);
#13865 = AXIS2_PLACEMENT_3D('',#13866,#13867,#13868);
#13866 = CARTESIAN_POINT('',(111.5,85.,-2.155));
#13867 = DIRECTION('',(1.224646799147E-16,0.,-1.));
#13868 = DIRECTION('',(-1.,0.,-1.224646799147E-16));
#13869 = ORIENTED_EDGE('',*,*,#7191,.F.);
#13870 = ORIENTED_EDGE('',*,*,#13871,.T.);
#13871 = EDGE_CURVE('',#7192,#7112,#13872,.T.);
#13872 = CIRCLE('',#13873,2.);
#13873 = AXIS2_PLACEMENT_3D('',#13874,#13875,#13876);
#13874 = CARTESIAN_POINT('',(111.5,85.,-2.));
#13875 = DIRECTION('',(1.224646799147E-16,0.,-1.));
#13876 = DIRECTION('',(-1.,0.,-1.224646799147E-16));
#13877 = ORIENTED_EDGE('',*,*,#7119,.T.);
#13878 = ORIENTED_EDGE('',*,*,#13822,.T.);
#13879 = ORIENTED_EDGE('',*,*,#7394,.F.);
#13880 = ORIENTED_EDGE('',*,*,#13881,.T.);
#13881 = EDGE_CURVE('',#7395,#7329,#13882,.T.);
#13882 = CIRCLE('',#13883,2.);
#13883 = AXIS2_PLACEMENT_3D('',#13884,#13885,#13886);
#13884 = CARTESIAN_POINT('',(111.5,85.,-2.));
#13885 = DIRECTION('',(1.224646799147E-16,0.,-1.));
#13886 = DIRECTION('',(-1.,0.,-1.224646799147E-16));
#13887 = ORIENTED_EDGE('',*,*,#7336,.T.);
#13888 = ORIENTED_EDGE('',*,*,#13889,.T.);
#13889 = EDGE_CURVE('',#7337,#7289,#13890,.T.);
#13890 = CIRCLE('',#13891,2.);
#13891 = AXIS2_PLACEMENT_3D('',#13892,#13893,#13894);
#13892 = CARTESIAN_POINT('',(111.5,85.,-2.155));
#13893 = DIRECTION('',(1.224646799147E-16,0.,-1.));
#13894 = DIRECTION('',(-1.,0.,-1.224646799147E-16));
#13895 = ORIENTED_EDGE('',*,*,#7296,.F.);
#13896 = ORIENTED_EDGE('',*,*,#13897,.T.);
#13897 = EDGE_CURVE('',#7297,#13848,#13898,.T.);
#13898 = CIRCLE('',#13899,2.);
#13899 = AXIS2_PLACEMENT_3D('',#13900,#13901,#13902);
#13900 = CARTESIAN_POINT('',(111.5,85.,-2.));
#13901 = DIRECTION('',(1.224646799147E-16,0.,-1.));
#13902 = DIRECTION('',(-1.,0.,-1.224646799147E-16));
#13903 = ORIENTED_EDGE('',*,*,#13847,.F.);
#13904 = CYLINDRICAL_SURFACE('',#13905,2.);
#13905 = AXIS2_PLACEMENT_3D('',#13906,#13907,#13908);
#13906 = CARTESIAN_POINT('',(111.5,85.,-4.));
#13907 = DIRECTION('',(1.224646799147E-16,0.,-1.));
#13908 = DIRECTION('',(-1.,0.,-1.224646799147E-16));
#13909 = ADVANCED_FACE('',(#13910),#13916,.T.);
#13910 = FACE_BOUND('',#13911,.T.);
#13911 = EDGE_LOOP('',(#13912,#13913,#13914,#13915));
#13912 = ORIENTED_EDGE('',*,*,#7199,.T.);
#13913 = ORIENTED_EDGE('',*,*,#13871,.T.);
#13914 = ORIENTED_EDGE('',*,*,#7111,.T.);
#13915 = ORIENTED_EDGE('',*,*,#7149,.T.);
#13916 = PLANE('',#13917);
#13917 = AXIS2_PLACEMENT_3D('',#13918,#13919,#13920);
#13918 = CARTESIAN_POINT('',(111.5,0.,-2.));
#13919 = DIRECTION('',(1.224646799147E-16,0.,-1.));
#13920 = DIRECTION('',(-1.,0.,-1.224646799147E-16));
#13921 = ADVANCED_FACE('',(#13922),#13927,.F.);
#13922 = FACE_BOUND('',#13923,.F.);
#13923 = EDGE_LOOP('',(#13924,#13925,#13926));
#13924 = ORIENTED_EDGE('',*,*,#13863,.F.);
#13925 = ORIENTED_EDGE('',*,*,#7239,.T.);
#13926 = ORIENTED_EDGE('',*,*,#7183,.T.);
#13927 = PLANE('',#13928);
#13928 = AXIS2_PLACEMENT_3D('',#13929,#13930,#13931);
#13929 = CARTESIAN_POINT('',(111.51227834753,84.96437729704,-2.155));
#13930 = DIRECTION('',(-8.659560562355E-17,-8.659560562355E-17,-1.));
#13931 = DIRECTION('',(-2.22044604925E-16,-1.,8.659560562355E-17));
#13932 = ADVANCED_FACE('',(#13933),#13940,.T.);
#13933 = FACE_BOUND('',#13934,.T.);
#13934 = EDGE_LOOP('',(#13935,#13936,#13937,#13938,#13939));
#13935 = ORIENTED_EDGE('',*,*,#13897,.T.);
#13936 = ORIENTED_EDGE('',*,*,#13855,.T.);
#13937 = ORIENTED_EDGE('',*,*,#7223,.T.);
#13938 = ORIENTED_EDGE('',*,*,#7255,.T.);
#13939 = ORIENTED_EDGE('',*,*,#7304,.T.);
#13940 = PLANE('',#13941);
#13941 = AXIS2_PLACEMENT_3D('',#13942,#13943,#13944);
#13942 = CARTESIAN_POINT('',(111.5,0.,-2.));
#13943 = DIRECTION('',(1.224646799147E-16,0.,-1.));
#13944 = DIRECTION('',(-1.,0.,-1.224646799147E-16));
#13945 = ADVANCED_FACE('',(#13946),#13951,.F.);
#13946 = FACE_BOUND('',#13947,.F.);
#13947 = EDGE_LOOP('',(#13948,#13949,#13950));
#13948 = ORIENTED_EDGE('',*,*,#13889,.F.);
#13949 = ORIENTED_EDGE('',*,*,#7344,.T.);
#13950 = ORIENTED_EDGE('',*,*,#7288,.T.);
#13951 = PLANE('',#13952);
#13952 = AXIS2_PLACEMENT_3D('',#13953,#13954,#13955);
#13953 = CARTESIAN_POINT('',(111.51227834753,84.96437729704,-2.155));
#13954 = DIRECTION('',(-8.659560562355E-17,-8.659560562355E-17,-1.));
#13955 = DIRECTION('',(-2.22044604925E-16,-1.,8.659560562355E-17));
#13956 = ADVANCED_FACE('',(#13957),#13963,.T.);
#13957 = FACE_BOUND('',#13958,.T.);
#13958 = EDGE_LOOP('',(#13959,#13960,#13961,#13962));
#13959 = ORIENTED_EDGE('',*,*,#13881,.T.);
#13960 = ORIENTED_EDGE('',*,*,#7328,.T.);
#13961 = ORIENTED_EDGE('',*,*,#7369,.T.);
#13962 = ORIENTED_EDGE('',*,*,#7402,.T.);
#13963 = PLANE('',#13964);
#13964 = AXIS2_PLACEMENT_3D('',#13965,#13966,#13967);
#13965 = CARTESIAN_POINT('',(111.5,0.,-2.));
#13966 = DIRECTION('',(1.224646799147E-16,0.,-1.));
#13967 = DIRECTION('',(-1.,0.,-1.224646799147E-16));
#13968 = ADVANCED_FACE('',(#13969),#13981,.F.);
#13969 = FACE_BOUND('',#13970,.F.);
#13970 = EDGE_LOOP('',(#13971,#13972,#13973,#13974,#13975,#13976,#13977,
    #13978,#13979,#13980));
#13971 = ORIENTED_EDGE('',*,*,#7627,.T.);
#13972 = ORIENTED_EDGE('',*,*,#7603,.T.);
#13973 = ORIENTED_EDGE('',*,*,#7570,.T.);
#13974 = ORIENTED_EDGE('',*,*,#7554,.T.);
#13975 = ORIENTED_EDGE('',*,*,#7530,.T.);
#13976 = ORIENTED_EDGE('',*,*,#7496,.T.);
#13977 = ORIENTED_EDGE('',*,*,#7474,.T.);
#13978 = ORIENTED_EDGE('',*,*,#7678,.T.);
#13979 = ORIENTED_EDGE('',*,*,#7661,.T.);
#13980 = ORIENTED_EDGE('',*,*,#7652,.T.);
#13981 = PLANE('',#13982);
#13982 = AXIS2_PLACEMENT_3D('',#13983,#13984,#13985);
#13983 = CARTESIAN_POINT('',(-4.014366462068,-86.28,-12.03843676612));
#13984 = DIRECTION('',(2.948876798795E-16,1.,3.714698827088E-16));
#13985 = DIRECTION('',(-0.51503807491,-1.665334536938E-16,0.857167300702
    ));
#13986 = ADVANCED_FACE('',(#13987),#13999,.F.);
#13987 = FACE_BOUND('',#13988,.F.);
#13988 = EDGE_LOOP('',(#13989,#13990,#13991,#13992,#13993,#13994,#13995,
    #13996,#13997,#13998));
#13989 = ORIENTED_EDGE('',*,*,#7855,.T.);
#13990 = ORIENTED_EDGE('',*,*,#7831,.T.);
#13991 = ORIENTED_EDGE('',*,*,#7798,.T.);
#13992 = ORIENTED_EDGE('',*,*,#7782,.T.);
#13993 = ORIENTED_EDGE('',*,*,#7758,.T.);
#13994 = ORIENTED_EDGE('',*,*,#7724,.T.);
#13995 = ORIENTED_EDGE('',*,*,#7702,.T.);
#13996 = ORIENTED_EDGE('',*,*,#7906,.T.);
#13997 = ORIENTED_EDGE('',*,*,#7889,.T.);
#13998 = ORIENTED_EDGE('',*,*,#7880,.T.);
#13999 = PLANE('',#14000);
#14000 = AXIS2_PLACEMENT_3D('',#14001,#14002,#14003);
#14001 = CARTESIAN_POINT('',(-4.024234530252,-86.28,-28.97221669327));
#14002 = DIRECTION('',(2.948876798795E-16,1.,3.714698827088E-16));
#14003 = DIRECTION('',(-0.51503807491,-1.665334536938E-16,0.857167300702
    ));
#14004 = ADVANCED_FACE('',(#14005),#14030,.F.);
#14005 = FACE_BOUND('',#14006,.F.);
#14006 = EDGE_LOOP('',(#14007,#14008,#14016,#14024));
#14007 = ORIENTED_EDGE('',*,*,#8346,.F.);
#14008 = ORIENTED_EDGE('',*,*,#14009,.T.);
#14009 = EDGE_CURVE('',#8330,#14010,#14012,.T.);
#14010 = VERTEX_POINT('',#14011);
#14011 = CARTESIAN_POINT('',(118.5,53.,-34.));
#14012 = LINE('',#14013,#14014);
#14013 = CARTESIAN_POINT('',(120.5,53.,-34.));
#14014 = VECTOR('',#14015,1.);
#14015 = DIRECTION('',(-1.,0.,-1.224646799147E-16));
#14016 = ORIENTED_EDGE('',*,*,#14017,.T.);
#14017 = EDGE_CURVE('',#14010,#14018,#14020,.T.);
#14018 = VERTEX_POINT('',#14019);
#14019 = CARTESIAN_POINT('',(118.5,53.,-16.));
#14020 = LINE('',#14021,#14022);
#14021 = CARTESIAN_POINT('',(118.5,53.,-35.));
#14022 = VECTOR('',#14023,1.);
#14023 = DIRECTION('',(-1.224646799147E-16,0.,1.));
#14024 = ORIENTED_EDGE('',*,*,#14025,.F.);
#14025 = EDGE_CURVE('',#8339,#14018,#14026,.T.);
#14026 = LINE('',#14027,#14028);
#14027 = CARTESIAN_POINT('',(120.5,53.,-16.));
#14028 = VECTOR('',#14029,1.);
#14029 = DIRECTION('',(-1.,0.,-1.224646799147E-16));
#14030 = PLANE('',#14031);
#14031 = AXIS2_PLACEMENT_3D('',#14032,#14033,#14034);
#14032 = CARTESIAN_POINT('',(120.5,53.,-35.));
#14033 = DIRECTION('',(0.,1.,0.));
#14034 = DIRECTION('',(-1.224646799147E-16,0.,1.));
#14035 = ADVANCED_FACE('',(#14036),#14054,.F.);
#14036 = FACE_BOUND('',#14037,.F.);
#14037 = EDGE_LOOP('',(#14038,#14046,#14052,#14053));
#14038 = ORIENTED_EDGE('',*,*,#14039,.T.);
#14039 = EDGE_CURVE('',#8361,#14040,#14042,.T.);
#14040 = VERTEX_POINT('',#14041);
#14041 = CARTESIAN_POINT('',(118.5,52.,-35.));
#14042 = LINE('',#14043,#14044);
#14043 = CARTESIAN_POINT('',(120.5,52.,-35.));
#14044 = VECTOR('',#14045,1.);
#14045 = DIRECTION('',(-1.,0.,-1.224646799147E-16));
#14046 = ORIENTED_EDGE('',*,*,#14047,.T.);
#14047 = EDGE_CURVE('',#14040,#14010,#14048,.T.);
#14048 = LINE('',#14049,#14050);
#14049 = CARTESIAN_POINT('',(118.5,52.,-35.));
#14050 = VECTOR('',#14051,1.);
#14051 = DIRECTION('',(-8.659560562355E-17,0.707106781187,0.707106781187
    ));
#14052 = ORIENTED_EDGE('',*,*,#14009,.F.);
#14053 = ORIENTED_EDGE('',*,*,#8370,.F.);
#14054 = PLANE('',#14055);
#14055 = AXIS2_PLACEMENT_3D('',#14056,#14057,#14058);
#14056 = CARTESIAN_POINT('',(120.5,52.5,-34.5));
#14057 = DIRECTION('',(8.659560562355E-17,0.707106781187,-0.707106781187
    ));
#14058 = DIRECTION('',(-1.,0.,-1.224646799147E-16));
#14059 = ADVANCED_FACE('',(#14060),#14078,.F.);
#14060 = FACE_BOUND('',#14061,.T.);
#14061 = EDGE_LOOP('',(#14062,#14070,#14076,#14077));
#14062 = ORIENTED_EDGE('',*,*,#14063,.T.);
#14063 = EDGE_CURVE('',#8385,#14064,#14066,.T.);
#14064 = VERTEX_POINT('',#14065);
#14065 = CARTESIAN_POINT('',(118.5,52.,-15.));
#14066 = LINE('',#14067,#14068);
#14067 = CARTESIAN_POINT('',(120.5,52.,-15.));
#14068 = VECTOR('',#14069,1.);
#14069 = DIRECTION('',(-1.,0.,-1.224646799147E-16));
#14070 = ORIENTED_EDGE('',*,*,#14071,.F.);
#14071 = EDGE_CURVE('',#14018,#14064,#14072,.T.);
#14072 = LINE('',#14073,#14074);
#14073 = CARTESIAN_POINT('',(118.5,53.,-16.));
#14074 = VECTOR('',#14075,1.);
#14075 = DIRECTION('',(-2.586447097922E-15,-0.707106781187,
    0.707106781187));
#14076 = ORIENTED_EDGE('',*,*,#14025,.F.);
#14077 = ORIENTED_EDGE('',*,*,#8394,.F.);
#14078 = PLANE('',#14079);
#14079 = AXIS2_PLACEMENT_3D('',#14080,#14081,#14082);
#14080 = CARTESIAN_POINT('',(120.5,52.5,-15.5));
#14081 = DIRECTION('',(-8.659560562355E-17,0.707106781187,0.707106781187
    ));
#14082 = DIRECTION('',(1.,-0.,1.224646799147E-16));
#14083 = ADVANCED_FACE('',(#14084),#14102,.F.);
#14084 = FACE_BOUND('',#14085,.F.);
#14085 = EDGE_LOOP('',(#14086,#14087,#14088,#14096));
#14086 = ORIENTED_EDGE('',*,*,#14039,.F.);
#14087 = ORIENTED_EDGE('',*,*,#8418,.F.);
#14088 = ORIENTED_EDGE('',*,*,#14089,.T.);
#14089 = EDGE_CURVE('',#8409,#14090,#14092,.T.);
#14090 = VERTEX_POINT('',#14091);
#14091 = CARTESIAN_POINT('',(118.5,51.,-35.));
#14092 = LINE('',#14093,#14094);
#14093 = CARTESIAN_POINT('',(120.5,51.,-35.));
#14094 = VECTOR('',#14095,1.);
#14095 = DIRECTION('',(-1.,0.,-1.224646799147E-16));
#14096 = ORIENTED_EDGE('',*,*,#14097,.T.);
#14097 = EDGE_CURVE('',#14090,#14040,#14098,.T.);
#14098 = LINE('',#14099,#14100);
#14099 = CARTESIAN_POINT('',(118.5,50.,-35.));
#14100 = VECTOR('',#14101,1.);
#14101 = DIRECTION('',(0.,1.,0.));
#14102 = PLANE('',#14103);
#14103 = AXIS2_PLACEMENT_3D('',#14104,#14105,#14106);
#14104 = CARTESIAN_POINT('',(120.5,50.,-35.));
#14105 = DIRECTION('',(1.224646799147E-16,0.,-1.));
#14106 = DIRECTION('',(0.,1.,0.));
#14107 = ADVANCED_FACE('',(#14108),#14126,.F.);
#14108 = FACE_BOUND('',#14109,.F.);
#14109 = EDGE_LOOP('',(#14110,#14111,#14119,#14125));
#14110 = ORIENTED_EDGE('',*,*,#14063,.T.);
#14111 = ORIENTED_EDGE('',*,*,#14112,.T.);
#14112 = EDGE_CURVE('',#14064,#14113,#14115,.T.);
#14113 = VERTEX_POINT('',#14114);
#14114 = CARTESIAN_POINT('',(118.5,51.,-15.));
#14115 = LINE('',#14116,#14117);
#14116 = CARTESIAN_POINT('',(118.5,53.,-15.));
#14117 = VECTOR('',#14118,1.);
#14118 = DIRECTION('',(0.,-1.,0.));
#14119 = ORIENTED_EDGE('',*,*,#14120,.F.);
#14120 = EDGE_CURVE('',#8435,#14113,#14121,.T.);
#14121 = LINE('',#14122,#14123);
#14122 = CARTESIAN_POINT('',(120.5,51.,-15.));
#14123 = VECTOR('',#14124,1.);
#14124 = DIRECTION('',(-1.,0.,-1.224646799147E-16));
#14125 = ORIENTED_EDGE('',*,*,#8442,.F.);
#14126 = PLANE('',#14127);
#14127 = AXIS2_PLACEMENT_3D('',#14128,#14129,#14130);
#14128 = CARTESIAN_POINT('',(120.5,53.,-15.));
#14129 = DIRECTION('',(-1.224646799147E-16,0.,1.));
#14130 = DIRECTION('',(0.,-1.,-0.));
#14131 = ADVANCED_FACE('',(#14132),#14150,.F.);
#14132 = FACE_BOUND('',#14133,.F.);
#14133 = EDGE_LOOP('',(#14134,#14142,#14148,#14149));
#14134 = ORIENTED_EDGE('',*,*,#14135,.T.);
#14135 = EDGE_CURVE('',#8457,#14136,#14138,.T.);
#14136 = VERTEX_POINT('',#14137);
#14137 = CARTESIAN_POINT('',(118.5,50.,-34.));
#14138 = LINE('',#14139,#14140);
#14139 = CARTESIAN_POINT('',(120.5,50.,-34.));
#14140 = VECTOR('',#14141,1.);
#14141 = DIRECTION('',(-1.,0.,-1.224646799147E-16));
#14142 = ORIENTED_EDGE('',*,*,#14143,.T.);
#14143 = EDGE_CURVE('',#14136,#14090,#14144,.T.);
#14144 = LINE('',#14145,#14146);
#14145 = CARTESIAN_POINT('',(118.5,50.,-34.));
#14146 = VECTOR('',#14147,1.);
#14147 = DIRECTION('',(5.086298590221E-15,0.707106781187,-0.707106781187
    ));
#14148 = ORIENTED_EDGE('',*,*,#14089,.F.);
#14149 = ORIENTED_EDGE('',*,*,#8466,.F.);
#14150 = PLANE('',#14151);
#14151 = AXIS2_PLACEMENT_3D('',#14152,#14153,#14154);
#14152 = CARTESIAN_POINT('',(120.5,50.5,-34.5));
#14153 = DIRECTION('',(8.659560562355E-17,-0.707106781187,
    -0.707106781187));
#14154 = DIRECTION('',(-1.,0.,-1.224646799147E-16));
#14155 = ADVANCED_FACE('',(#14156),#14174,.F.);
#14156 = FACE_BOUND('',#14157,.F.);
#14157 = EDGE_LOOP('',(#14158,#14159,#14167,#14173));
#14158 = ORIENTED_EDGE('',*,*,#14120,.T.);
#14159 = ORIENTED_EDGE('',*,*,#14160,.T.);
#14160 = EDGE_CURVE('',#14113,#14161,#14163,.T.);
#14161 = VERTEX_POINT('',#14162);
#14162 = CARTESIAN_POINT('',(118.5,50.,-16.));
#14163 = LINE('',#14164,#14165);
#14164 = CARTESIAN_POINT('',(118.5,51.,-15.));
#14165 = VECTOR('',#14166,1.);
#14166 = DIRECTION('',(-1.259478274845E-15,-0.707106781187,
    -0.707106781187));
#14167 = ORIENTED_EDGE('',*,*,#14168,.F.);
#14168 = EDGE_CURVE('',#8483,#14161,#14169,.T.);
#14169 = LINE('',#14170,#14171);
#14170 = CARTESIAN_POINT('',(120.5,50.,-16.));
#14171 = VECTOR('',#14172,1.);
#14172 = DIRECTION('',(-1.,0.,-1.224646799147E-16));
#14173 = ORIENTED_EDGE('',*,*,#8490,.F.);
#14174 = PLANE('',#14175);
#14175 = AXIS2_PLACEMENT_3D('',#14176,#14177,#14178);
#14176 = CARTESIAN_POINT('',(120.5,50.5,-15.5));
#14177 = DIRECTION('',(-8.659560562355E-17,-0.707106781187,
    0.707106781187));
#14178 = DIRECTION('',(-1.,0.,-1.224646799147E-16));
#14179 = ADVANCED_FACE('',(#14180),#14191,.F.);
#14180 = FACE_BOUND('',#14181,.F.);
#14181 = EDGE_LOOP('',(#14182,#14183,#14184,#14185));
#14182 = ORIENTED_EDGE('',*,*,#14135,.F.);
#14183 = ORIENTED_EDGE('',*,*,#8507,.F.);
#14184 = ORIENTED_EDGE('',*,*,#14168,.T.);
#14185 = ORIENTED_EDGE('',*,*,#14186,.T.);
#14186 = EDGE_CURVE('',#14161,#14136,#14187,.T.);
#14187 = LINE('',#14188,#14189);
#14188 = CARTESIAN_POINT('',(118.5,50.,-15.));
#14189 = VECTOR('',#14190,1.);
#14190 = DIRECTION('',(1.224646799147E-16,0.,-1.));
#14191 = PLANE('',#14192);
#14192 = AXIS2_PLACEMENT_3D('',#14193,#14194,#14195);
#14193 = CARTESIAN_POINT('',(120.5,50.,-15.));
#14194 = DIRECTION('',(0.,-1.,-0.));
#14195 = DIRECTION('',(1.224646799147E-16,0.,-1.));
#14196 = ADVANCED_FACE('',(#14197),#14222,.F.);
#14197 = FACE_BOUND('',#14198,.T.);
#14198 = EDGE_LOOP('',(#14199,#14207,#14215,#14221));
#14199 = ORIENTED_EDGE('',*,*,#14200,.T.);
#14200 = EDGE_CURVE('',#8522,#14201,#14203,.T.);
#14201 = VERTEX_POINT('',#14202);
#14202 = CARTESIAN_POINT('',(118.5,44.5,-15.));
#14203 = LINE('',#14204,#14205);
#14204 = CARTESIAN_POINT('',(120.5,44.5,-15.));
#14205 = VECTOR('',#14206,1.);
#14206 = DIRECTION('',(-1.,0.,-1.224646799147E-16));
#14207 = ORIENTED_EDGE('',*,*,#14208,.F.);
#14208 = EDGE_CURVE('',#14209,#14201,#14211,.T.);
#14209 = VERTEX_POINT('',#14210);
#14210 = CARTESIAN_POINT('',(118.5,45.5,-16.));
#14211 = LINE('',#14212,#14213);
#14212 = CARTESIAN_POINT('',(118.5,45.5,-16.));
#14213 = VECTOR('',#14214,1.);
#14214 = DIRECTION('',(-2.586447097922E-15,-0.707106781187,
    0.707106781187));
#14215 = ORIENTED_EDGE('',*,*,#14216,.F.);
#14216 = EDGE_CURVE('',#8530,#14209,#14217,.T.);
#14217 = LINE('',#14218,#14219);
#14218 = CARTESIAN_POINT('',(120.5,45.5,-16.));
#14219 = VECTOR('',#14220,1.);
#14220 = DIRECTION('',(-1.,0.,-1.224646799147E-16));
#14221 = ORIENTED_EDGE('',*,*,#8529,.F.);
#14222 = PLANE('',#14223);
#14223 = AXIS2_PLACEMENT_3D('',#14224,#14225,#14226);
#14224 = CARTESIAN_POINT('',(120.5,45.,-15.5));
#14225 = DIRECTION('',(-8.659560562355E-17,0.707106781187,0.707106781187
    ));
#14226 = DIRECTION('',(1.,-0.,1.224646799147E-16));
#14227 = ADVANCED_FACE('',(#14228),#14246,.F.);
#14228 = FACE_BOUND('',#14229,.F.);
#14229 = EDGE_LOOP('',(#14230,#14231,#14232,#14240));
#14230 = ORIENTED_EDGE('',*,*,#8562,.F.);
#14231 = ORIENTED_EDGE('',*,*,#14200,.T.);
#14232 = ORIENTED_EDGE('',*,*,#14233,.T.);
#14233 = EDGE_CURVE('',#14201,#14234,#14236,.T.);
#14234 = VERTEX_POINT('',#14235);
#14235 = CARTESIAN_POINT('',(118.5,43.5,-15.));
#14236 = LINE('',#14237,#14238);
#14237 = CARTESIAN_POINT('',(118.5,45.5,-15.));
#14238 = VECTOR('',#14239,1.);
#14239 = DIRECTION('',(0.,-1.,0.));
#14240 = ORIENTED_EDGE('',*,*,#14241,.F.);
#14241 = EDGE_CURVE('',#8555,#14234,#14242,.T.);
#14242 = LINE('',#14243,#14244);
#14243 = CARTESIAN_POINT('',(120.5,43.5,-15.));
#14244 = VECTOR('',#14245,1.);
#14245 = DIRECTION('',(-1.,0.,-1.224646799147E-16));
#14246 = PLANE('',#14247);
#14247 = AXIS2_PLACEMENT_3D('',#14248,#14249,#14250);
#14248 = CARTESIAN_POINT('',(120.5,45.5,-15.));
#14249 = DIRECTION('',(-1.224646799147E-16,0.,1.));
#14250 = DIRECTION('',(0.,-1.,-0.));
#14251 = ADVANCED_FACE('',(#14252),#14270,.F.);
#14252 = FACE_BOUND('',#14253,.F.);
#14253 = EDGE_LOOP('',(#14254,#14255,#14263,#14269));
#14254 = ORIENTED_EDGE('',*,*,#14241,.T.);
#14255 = ORIENTED_EDGE('',*,*,#14256,.T.);
#14256 = EDGE_CURVE('',#14234,#14257,#14259,.T.);
#14257 = VERTEX_POINT('',#14258);
#14258 = CARTESIAN_POINT('',(118.5,42.5,-16.));
#14259 = LINE('',#14260,#14261);
#14260 = CARTESIAN_POINT('',(118.5,43.5,-15.));
#14261 = VECTOR('',#14262,1.);
#14262 = DIRECTION('',(-1.259478274845E-15,-0.707106781187,
    -0.707106781187));
#14263 = ORIENTED_EDGE('',*,*,#14264,.F.);
#14264 = EDGE_CURVE('',#8579,#14257,#14265,.T.);
#14265 = LINE('',#14266,#14267);
#14266 = CARTESIAN_POINT('',(120.5,42.5,-16.));
#14267 = VECTOR('',#14268,1.);
#14268 = DIRECTION('',(-1.,0.,-1.224646799147E-16));
#14269 = ORIENTED_EDGE('',*,*,#8586,.F.);
#14270 = PLANE('',#14271);
#14271 = AXIS2_PLACEMENT_3D('',#14272,#14273,#14274);
#14272 = CARTESIAN_POINT('',(120.5,43.,-15.5));
#14273 = DIRECTION('',(-8.659560562355E-17,-0.707106781187,
    0.707106781187));
#14274 = DIRECTION('',(-1.,0.,-1.224646799147E-16));
#14275 = ADVANCED_FACE('',(#14276),#14294,.F.);
#14276 = FACE_BOUND('',#14277,.F.);
#14277 = EDGE_LOOP('',(#14278,#14279,#14280,#14288));
#14278 = ORIENTED_EDGE('',*,*,#8610,.F.);
#14279 = ORIENTED_EDGE('',*,*,#14264,.T.);
#14280 = ORIENTED_EDGE('',*,*,#14281,.T.);
#14281 = EDGE_CURVE('',#14257,#14282,#14284,.T.);
#14282 = VERTEX_POINT('',#14283);
#14283 = CARTESIAN_POINT('',(118.5,42.5,-34.));
#14284 = LINE('',#14285,#14286);
#14285 = CARTESIAN_POINT('',(118.5,42.5,-15.));
#14286 = VECTOR('',#14287,1.);
#14287 = DIRECTION('',(1.224646799147E-16,0.,-1.));
#14288 = ORIENTED_EDGE('',*,*,#14289,.F.);
#14289 = EDGE_CURVE('',#8603,#14282,#14290,.T.);
#14290 = LINE('',#14291,#14292);
#14291 = CARTESIAN_POINT('',(120.5,42.5,-34.));
#14292 = VECTOR('',#14293,1.);
#14293 = DIRECTION('',(-1.,0.,-1.224646799147E-16));
#14294 = PLANE('',#14295);
#14295 = AXIS2_PLACEMENT_3D('',#14296,#14297,#14298);
#14296 = CARTESIAN_POINT('',(120.5,42.5,-15.));
#14297 = DIRECTION('',(0.,-1.,-0.));
#14298 = DIRECTION('',(1.224646799147E-16,0.,-1.));
#14299 = ADVANCED_FACE('',(#14300),#14318,.F.);
#14300 = FACE_BOUND('',#14301,.F.);
#14301 = EDGE_LOOP('',(#14302,#14303,#14311,#14317));
#14302 = ORIENTED_EDGE('',*,*,#14289,.T.);
#14303 = ORIENTED_EDGE('',*,*,#14304,.T.);
#14304 = EDGE_CURVE('',#14282,#14305,#14307,.T.);
#14305 = VERTEX_POINT('',#14306);
#14306 = CARTESIAN_POINT('',(118.5,43.5,-35.));
#14307 = LINE('',#14308,#14309);
#14308 = CARTESIAN_POINT('',(118.5,42.5,-34.));
#14309 = VECTOR('',#14310,1.);
#14310 = DIRECTION('',(5.086298590221E-15,0.707106781187,-0.707106781187
    ));
#14311 = ORIENTED_EDGE('',*,*,#14312,.F.);
#14312 = EDGE_CURVE('',#8627,#14305,#14313,.T.);
#14313 = LINE('',#14314,#14315);
#14314 = CARTESIAN_POINT('',(120.5,43.5,-35.));
#14315 = VECTOR('',#14316,1.);
#14316 = DIRECTION('',(-1.,0.,-1.224646799147E-16));
#14317 = ORIENTED_EDGE('',*,*,#8634,.F.);
#14318 = PLANE('',#14319);
#14319 = AXIS2_PLACEMENT_3D('',#14320,#14321,#14322);
#14320 = CARTESIAN_POINT('',(120.5,43.,-34.5));
#14321 = DIRECTION('',(8.659560562355E-17,-0.707106781187,
    -0.707106781187));
#14322 = DIRECTION('',(-1.,0.,-1.224646799147E-16));
#14323 = ADVANCED_FACE('',(#14324),#14342,.F.);
#14324 = FACE_BOUND('',#14325,.F.);
#14325 = EDGE_LOOP('',(#14326,#14327,#14328,#14336));
#14326 = ORIENTED_EDGE('',*,*,#8658,.F.);
#14327 = ORIENTED_EDGE('',*,*,#14312,.T.);
#14328 = ORIENTED_EDGE('',*,*,#14329,.T.);
#14329 = EDGE_CURVE('',#14305,#14330,#14332,.T.);
#14330 = VERTEX_POINT('',#14331);
#14331 = CARTESIAN_POINT('',(118.5,44.5,-35.));
#14332 = LINE('',#14333,#14334);
#14333 = CARTESIAN_POINT('',(118.5,42.5,-35.));
#14334 = VECTOR('',#14335,1.);
#14335 = DIRECTION('',(0.,1.,0.));
#14336 = ORIENTED_EDGE('',*,*,#14337,.F.);
#14337 = EDGE_CURVE('',#8651,#14330,#14338,.T.);
#14338 = LINE('',#14339,#14340);
#14339 = CARTESIAN_POINT('',(120.5,44.5,-35.));
#14340 = VECTOR('',#14341,1.);
#14341 = DIRECTION('',(-1.,0.,-1.224646799147E-16));
#14342 = PLANE('',#14343);
#14343 = AXIS2_PLACEMENT_3D('',#14344,#14345,#14346);
#14344 = CARTESIAN_POINT('',(120.5,42.5,-35.));
#14345 = DIRECTION('',(1.224646799147E-16,0.,-1.));
#14346 = DIRECTION('',(0.,1.,0.));
#14347 = ADVANCED_FACE('',(#14348),#14366,.F.);
#14348 = FACE_BOUND('',#14349,.F.);
#14349 = EDGE_LOOP('',(#14350,#14351,#14359,#14365));
#14350 = ORIENTED_EDGE('',*,*,#14337,.T.);
#14351 = ORIENTED_EDGE('',*,*,#14352,.T.);
#14352 = EDGE_CURVE('',#14330,#14353,#14355,.T.);
#14353 = VERTEX_POINT('',#14354);
#14354 = CARTESIAN_POINT('',(118.5,45.5,-34.));
#14355 = LINE('',#14356,#14357);
#14356 = CARTESIAN_POINT('',(118.5,44.5,-35.));
#14357 = VECTOR('',#14358,1.);
#14358 = DIRECTION('',(-8.659560562355E-17,0.707106781187,0.707106781187
    ));
#14359 = ORIENTED_EDGE('',*,*,#14360,.F.);
#14360 = EDGE_CURVE('',#8675,#14353,#14361,.T.);
#14361 = LINE('',#14362,#14363);
#14362 = CARTESIAN_POINT('',(120.5,45.5,-34.));
#14363 = VECTOR('',#14364,1.);
#14364 = DIRECTION('',(-1.,0.,-1.224646799147E-16));
#14365 = ORIENTED_EDGE('',*,*,#8682,.F.);
#14366 = PLANE('',#14367);
#14367 = AXIS2_PLACEMENT_3D('',#14368,#14369,#14370);
#14368 = CARTESIAN_POINT('',(120.5,45.,-34.5));
#14369 = DIRECTION('',(8.659560562355E-17,0.707106781187,-0.707106781187
    ));
#14370 = DIRECTION('',(-1.,0.,-1.224646799147E-16));
#14371 = ADVANCED_FACE('',(#14372),#14383,.F.);
#14372 = FACE_BOUND('',#14373,.F.);
#14373 = EDGE_LOOP('',(#14374,#14375,#14376,#14382));
#14374 = ORIENTED_EDGE('',*,*,#8699,.F.);
#14375 = ORIENTED_EDGE('',*,*,#14360,.T.);
#14376 = ORIENTED_EDGE('',*,*,#14377,.T.);
#14377 = EDGE_CURVE('',#14353,#14209,#14378,.T.);
#14378 = LINE('',#14379,#14380);
#14379 = CARTESIAN_POINT('',(118.5,45.5,-35.));
#14380 = VECTOR('',#14381,1.);
#14381 = DIRECTION('',(-1.224646799147E-16,0.,1.));
#14382 = ORIENTED_EDGE('',*,*,#14216,.F.);
#14383 = PLANE('',#14384);
#14384 = AXIS2_PLACEMENT_3D('',#14385,#14386,#14387);
#14385 = CARTESIAN_POINT('',(120.5,45.5,-35.));
#14386 = DIRECTION('',(0.,1.,0.));
#14387 = DIRECTION('',(-1.224646799147E-16,0.,1.));
#14388 = ADVANCED_FACE('',(#14389),#14414,.F.);
#14389 = FACE_BOUND('',#14390,.T.);
#14390 = EDGE_LOOP('',(#14391,#14399,#14407,#14413));
#14391 = ORIENTED_EDGE('',*,*,#14392,.T.);
#14392 = EDGE_CURVE('',#8714,#14393,#14395,.T.);
#14393 = VERTEX_POINT('',#14394);
#14394 = CARTESIAN_POINT('',(118.5,37.,-15.));
#14395 = LINE('',#14396,#14397);
#14396 = CARTESIAN_POINT('',(120.5,37.,-15.));
#14397 = VECTOR('',#14398,1.);
#14398 = DIRECTION('',(-1.,0.,-1.224646799147E-16));
#14399 = ORIENTED_EDGE('',*,*,#14400,.F.);
#14400 = EDGE_CURVE('',#14401,#14393,#14403,.T.);
#14401 = VERTEX_POINT('',#14402);
#14402 = CARTESIAN_POINT('',(118.5,38.,-16.));
#14403 = LINE('',#14404,#14405);
#14404 = CARTESIAN_POINT('',(118.5,38.,-16.));
#14405 = VECTOR('',#14406,1.);
#14406 = DIRECTION('',(-2.586447097922E-15,-0.707106781187,
    0.707106781187));
#14407 = ORIENTED_EDGE('',*,*,#14408,.F.);
#14408 = EDGE_CURVE('',#8722,#14401,#14409,.T.);
#14409 = LINE('',#14410,#14411);
#14410 = CARTESIAN_POINT('',(120.5,38.,-16.));
#14411 = VECTOR('',#14412,1.);
#14412 = DIRECTION('',(-1.,0.,-1.224646799147E-16));
#14413 = ORIENTED_EDGE('',*,*,#8721,.F.);
#14414 = PLANE('',#14415);
#14415 = AXIS2_PLACEMENT_3D('',#14416,#14417,#14418);
#14416 = CARTESIAN_POINT('',(120.5,37.5,-15.5));
#14417 = DIRECTION('',(-8.659560562355E-17,0.707106781187,0.707106781187
    ));
#14418 = DIRECTION('',(1.,-0.,1.224646799147E-16));
#14419 = ADVANCED_FACE('',(#14420),#14438,.F.);
#14420 = FACE_BOUND('',#14421,.F.);
#14421 = EDGE_LOOP('',(#14422,#14423,#14424,#14432));
#14422 = ORIENTED_EDGE('',*,*,#8754,.F.);
#14423 = ORIENTED_EDGE('',*,*,#14392,.T.);
#14424 = ORIENTED_EDGE('',*,*,#14425,.T.);
#14425 = EDGE_CURVE('',#14393,#14426,#14428,.T.);
#14426 = VERTEX_POINT('',#14427);
#14427 = CARTESIAN_POINT('',(118.5,36.,-15.));
#14428 = LINE('',#14429,#14430);
#14429 = CARTESIAN_POINT('',(118.5,38.,-15.));
#14430 = VECTOR('',#14431,1.);
#14431 = DIRECTION('',(0.,-1.,0.));
#14432 = ORIENTED_EDGE('',*,*,#14433,.F.);
#14433 = EDGE_CURVE('',#8747,#14426,#14434,.T.);
#14434 = LINE('',#14435,#14436);
#14435 = CARTESIAN_POINT('',(120.5,36.,-15.));
#14436 = VECTOR('',#14437,1.);
#14437 = DIRECTION('',(-1.,0.,-1.224646799147E-16));
#14438 = PLANE('',#14439);
#14439 = AXIS2_PLACEMENT_3D('',#14440,#14441,#14442);
#14440 = CARTESIAN_POINT('',(120.5,38.,-15.));
#14441 = DIRECTION('',(-1.224646799147E-16,0.,1.));
#14442 = DIRECTION('',(0.,-1.,-0.));
#14443 = ADVANCED_FACE('',(#14444),#14462,.F.);
#14444 = FACE_BOUND('',#14445,.F.);
#14445 = EDGE_LOOP('',(#14446,#14447,#14455,#14461));
#14446 = ORIENTED_EDGE('',*,*,#14433,.T.);
#14447 = ORIENTED_EDGE('',*,*,#14448,.T.);
#14448 = EDGE_CURVE('',#14426,#14449,#14451,.T.);
#14449 = VERTEX_POINT('',#14450);
#14450 = CARTESIAN_POINT('',(118.5,35.,-16.));
#14451 = LINE('',#14452,#14453);
#14452 = CARTESIAN_POINT('',(118.5,36.,-15.));
#14453 = VECTOR('',#14454,1.);
#14454 = DIRECTION('',(-1.259478274845E-15,-0.707106781187,
    -0.707106781187));
#14455 = ORIENTED_EDGE('',*,*,#14456,.F.);
#14456 = EDGE_CURVE('',#8771,#14449,#14457,.T.);
#14457 = LINE('',#14458,#14459);
#14458 = CARTESIAN_POINT('',(120.5,35.,-16.));
#14459 = VECTOR('',#14460,1.);
#14460 = DIRECTION('',(-1.,0.,-1.224646799147E-16));
#14461 = ORIENTED_EDGE('',*,*,#8778,.F.);
#14462 = PLANE('',#14463);
#14463 = AXIS2_PLACEMENT_3D('',#14464,#14465,#14466);
#14464 = CARTESIAN_POINT('',(120.5,35.5,-15.5));
#14465 = DIRECTION('',(-8.659560562355E-17,-0.707106781187,
    0.707106781187));
#14466 = DIRECTION('',(-1.,0.,-1.224646799147E-16));
#14467 = ADVANCED_FACE('',(#14468),#14486,.F.);
#14468 = FACE_BOUND('',#14469,.F.);
#14469 = EDGE_LOOP('',(#14470,#14471,#14472,#14480));
#14470 = ORIENTED_EDGE('',*,*,#8802,.F.);
#14471 = ORIENTED_EDGE('',*,*,#14456,.T.);
#14472 = ORIENTED_EDGE('',*,*,#14473,.T.);
#14473 = EDGE_CURVE('',#14449,#14474,#14476,.T.);
#14474 = VERTEX_POINT('',#14475);
#14475 = CARTESIAN_POINT('',(118.5,35.,-34.));
#14476 = LINE('',#14477,#14478);
#14477 = CARTESIAN_POINT('',(118.5,35.,-15.));
#14478 = VECTOR('',#14479,1.);
#14479 = DIRECTION('',(1.224646799147E-16,0.,-1.));
#14480 = ORIENTED_EDGE('',*,*,#14481,.F.);
#14481 = EDGE_CURVE('',#8795,#14474,#14482,.T.);
#14482 = LINE('',#14483,#14484);
#14483 = CARTESIAN_POINT('',(120.5,35.,-34.));
#14484 = VECTOR('',#14485,1.);
#14485 = DIRECTION('',(-1.,0.,-1.224646799147E-16));
#14486 = PLANE('',#14487);
#14487 = AXIS2_PLACEMENT_3D('',#14488,#14489,#14490);
#14488 = CARTESIAN_POINT('',(120.5,35.,-15.));
#14489 = DIRECTION('',(0.,-1.,-0.));
#14490 = DIRECTION('',(1.224646799147E-16,0.,-1.));
#14491 = ADVANCED_FACE('',(#14492),#14510,.F.);
#14492 = FACE_BOUND('',#14493,.F.);
#14493 = EDGE_LOOP('',(#14494,#14495,#14503,#14509));
#14494 = ORIENTED_EDGE('',*,*,#14481,.T.);
#14495 = ORIENTED_EDGE('',*,*,#14496,.T.);
#14496 = EDGE_CURVE('',#14474,#14497,#14499,.T.);
#14497 = VERTEX_POINT('',#14498);
#14498 = CARTESIAN_POINT('',(118.5,36.,-35.));
#14499 = LINE('',#14500,#14501);
#14500 = CARTESIAN_POINT('',(118.5,35.,-34.));
#14501 = VECTOR('',#14502,1.);
#14502 = DIRECTION('',(5.086298590221E-15,0.707106781187,-0.707106781187
    ));
#14503 = ORIENTED_EDGE('',*,*,#14504,.F.);
#14504 = EDGE_CURVE('',#8819,#14497,#14505,.T.);
#14505 = LINE('',#14506,#14507);
#14506 = CARTESIAN_POINT('',(120.5,36.,-35.));
#14507 = VECTOR('',#14508,1.);
#14508 = DIRECTION('',(-1.,0.,-1.224646799147E-16));
#14509 = ORIENTED_EDGE('',*,*,#8826,.F.);
#14510 = PLANE('',#14511);
#14511 = AXIS2_PLACEMENT_3D('',#14512,#14513,#14514);
#14512 = CARTESIAN_POINT('',(120.5,35.5,-34.5));
#14513 = DIRECTION('',(8.659560562355E-17,-0.707106781187,
    -0.707106781187));
#14514 = DIRECTION('',(-1.,0.,-1.224646799147E-16));
#14515 = ADVANCED_FACE('',(#14516),#14534,.F.);
#14516 = FACE_BOUND('',#14517,.F.);
#14517 = EDGE_LOOP('',(#14518,#14519,#14520,#14528));
#14518 = ORIENTED_EDGE('',*,*,#8850,.F.);
#14519 = ORIENTED_EDGE('',*,*,#14504,.T.);
#14520 = ORIENTED_EDGE('',*,*,#14521,.T.);
#14521 = EDGE_CURVE('',#14497,#14522,#14524,.T.);
#14522 = VERTEX_POINT('',#14523);
#14523 = CARTESIAN_POINT('',(118.5,37.,-35.));
#14524 = LINE('',#14525,#14526);
#14525 = CARTESIAN_POINT('',(118.5,35.,-35.));
#14526 = VECTOR('',#14527,1.);
#14527 = DIRECTION('',(0.,1.,0.));
#14528 = ORIENTED_EDGE('',*,*,#14529,.F.);
#14529 = EDGE_CURVE('',#8843,#14522,#14530,.T.);
#14530 = LINE('',#14531,#14532);
#14531 = CARTESIAN_POINT('',(120.5,37.,-35.));
#14532 = VECTOR('',#14533,1.);
#14533 = DIRECTION('',(-1.,0.,-1.224646799147E-16));
#14534 = PLANE('',#14535);
#14535 = AXIS2_PLACEMENT_3D('',#14536,#14537,#14538);
#14536 = CARTESIAN_POINT('',(120.5,35.,-35.));
#14537 = DIRECTION('',(1.224646799147E-16,0.,-1.));
#14538 = DIRECTION('',(0.,1.,0.));
#14539 = ADVANCED_FACE('',(#14540),#14558,.F.);
#14540 = FACE_BOUND('',#14541,.F.);
#14541 = EDGE_LOOP('',(#14542,#14543,#14551,#14557));
#14542 = ORIENTED_EDGE('',*,*,#14529,.T.);
#14543 = ORIENTED_EDGE('',*,*,#14544,.T.);
#14544 = EDGE_CURVE('',#14522,#14545,#14547,.T.);
#14545 = VERTEX_POINT('',#14546);
#14546 = CARTESIAN_POINT('',(118.5,38.,-34.));
#14547 = LINE('',#14548,#14549);
#14548 = CARTESIAN_POINT('',(118.5,37.,-35.));
#14549 = VECTOR('',#14550,1.);
#14550 = DIRECTION('',(-8.659560562355E-17,0.707106781187,0.707106781187
    ));
#14551 = ORIENTED_EDGE('',*,*,#14552,.F.);
#14552 = EDGE_CURVE('',#8867,#14545,#14553,.T.);
#14553 = LINE('',#14554,#14555);
#14554 = CARTESIAN_POINT('',(120.5,38.,-34.));
#14555 = VECTOR('',#14556,1.);
#14556 = DIRECTION('',(-1.,0.,-1.224646799147E-16));
#14557 = ORIENTED_EDGE('',*,*,#8874,.F.);
#14558 = PLANE('',#14559);
#14559 = AXIS2_PLACEMENT_3D('',#14560,#14561,#14562);
#14560 = CARTESIAN_POINT('',(120.5,37.5,-34.5));
#14561 = DIRECTION('',(8.659560562355E-17,0.707106781187,-0.707106781187
    ));
#14562 = DIRECTION('',(-1.,0.,-1.224646799147E-16));
#14563 = ADVANCED_FACE('',(#14564),#14575,.F.);
#14564 = FACE_BOUND('',#14565,.F.);
#14565 = EDGE_LOOP('',(#14566,#14567,#14568,#14574));
#14566 = ORIENTED_EDGE('',*,*,#8891,.F.);
#14567 = ORIENTED_EDGE('',*,*,#14552,.T.);
#14568 = ORIENTED_EDGE('',*,*,#14569,.T.);
#14569 = EDGE_CURVE('',#14545,#14401,#14570,.T.);
#14570 = LINE('',#14571,#14572);
#14571 = CARTESIAN_POINT('',(118.5,38.,-35.));
#14572 = VECTOR('',#14573,1.);
#14573 = DIRECTION('',(-1.224646799147E-16,0.,1.));
#14574 = ORIENTED_EDGE('',*,*,#14408,.F.);
#14575 = PLANE('',#14576);
#14576 = AXIS2_PLACEMENT_3D('',#14577,#14578,#14579);
#14577 = CARTESIAN_POINT('',(120.5,38.,-35.));
#14578 = DIRECTION('',(0.,1.,0.));
#14579 = DIRECTION('',(-1.224646799147E-16,0.,1.));
#14580 = ADVANCED_FACE('',(#14581),#14606,.F.);
#14581 = FACE_BOUND('',#14582,.T.);
#14582 = EDGE_LOOP('',(#14583,#14591,#14599,#14605));
#14583 = ORIENTED_EDGE('',*,*,#14584,.T.);
#14584 = EDGE_CURVE('',#8906,#14585,#14587,.T.);
#14585 = VERTEX_POINT('',#14586);
#14586 = CARTESIAN_POINT('',(118.5,29.5,-15.));
#14587 = LINE('',#14588,#14589);
#14588 = CARTESIAN_POINT('',(120.5,29.5,-15.));
#14589 = VECTOR('',#14590,1.);
#14590 = DIRECTION('',(-1.,0.,-1.224646799147E-16));
#14591 = ORIENTED_EDGE('',*,*,#14592,.F.);
#14592 = EDGE_CURVE('',#14593,#14585,#14595,.T.);
#14593 = VERTEX_POINT('',#14594);
#14594 = CARTESIAN_POINT('',(118.5,30.5,-16.));
#14595 = LINE('',#14596,#14597);
#14596 = CARTESIAN_POINT('',(118.5,30.5,-16.));
#14597 = VECTOR('',#14598,1.);
#14598 = DIRECTION('',(-2.586447097922E-15,-0.707106781187,
    0.707106781187));
#14599 = ORIENTED_EDGE('',*,*,#14600,.F.);
#14600 = EDGE_CURVE('',#8914,#14593,#14601,.T.);
#14601 = LINE('',#14602,#14603);
#14602 = CARTESIAN_POINT('',(120.5,30.5,-16.));
#14603 = VECTOR('',#14604,1.);
#14604 = DIRECTION('',(-1.,0.,-1.224646799147E-16));
#14605 = ORIENTED_EDGE('',*,*,#8913,.F.);
#14606 = PLANE('',#14607);
#14607 = AXIS2_PLACEMENT_3D('',#14608,#14609,#14610);
#14608 = CARTESIAN_POINT('',(120.5,30.,-15.5));
#14609 = DIRECTION('',(-8.659560562355E-17,0.707106781187,0.707106781187
    ));
#14610 = DIRECTION('',(1.,-0.,1.224646799147E-16));
#14611 = ADVANCED_FACE('',(#14612),#14630,.F.);
#14612 = FACE_BOUND('',#14613,.F.);
#14613 = EDGE_LOOP('',(#14614,#14615,#14616,#14624));
#14614 = ORIENTED_EDGE('',*,*,#8946,.F.);
#14615 = ORIENTED_EDGE('',*,*,#14584,.T.);
#14616 = ORIENTED_EDGE('',*,*,#14617,.T.);
#14617 = EDGE_CURVE('',#14585,#14618,#14620,.T.);
#14618 = VERTEX_POINT('',#14619);
#14619 = CARTESIAN_POINT('',(118.5,28.5,-15.));
#14620 = LINE('',#14621,#14622);
#14621 = CARTESIAN_POINT('',(118.5,30.5,-15.));
#14622 = VECTOR('',#14623,1.);
#14623 = DIRECTION('',(0.,-1.,0.));
#14624 = ORIENTED_EDGE('',*,*,#14625,.F.);
#14625 = EDGE_CURVE('',#8939,#14618,#14626,.T.);
#14626 = LINE('',#14627,#14628);
#14627 = CARTESIAN_POINT('',(120.5,28.5,-15.));
#14628 = VECTOR('',#14629,1.);
#14629 = DIRECTION('',(-1.,0.,-1.224646799147E-16));
#14630 = PLANE('',#14631);
#14631 = AXIS2_PLACEMENT_3D('',#14632,#14633,#14634);
#14632 = CARTESIAN_POINT('',(120.5,30.5,-15.));
#14633 = DIRECTION('',(-1.224646799147E-16,0.,1.));
#14634 = DIRECTION('',(0.,-1.,-0.));
#14635 = ADVANCED_FACE('',(#14636),#14654,.F.);
#14636 = FACE_BOUND('',#14637,.F.);
#14637 = EDGE_LOOP('',(#14638,#14639,#14647,#14653));
#14638 = ORIENTED_EDGE('',*,*,#14625,.T.);
#14639 = ORIENTED_EDGE('',*,*,#14640,.T.);
#14640 = EDGE_CURVE('',#14618,#14641,#14643,.T.);
#14641 = VERTEX_POINT('',#14642);
#14642 = CARTESIAN_POINT('',(118.5,27.5,-16.));
#14643 = LINE('',#14644,#14645);
#14644 = CARTESIAN_POINT('',(118.5,28.5,-15.));
#14645 = VECTOR('',#14646,1.);
#14646 = DIRECTION('',(-1.259478274845E-15,-0.707106781187,
    -0.707106781187));
#14647 = ORIENTED_EDGE('',*,*,#14648,.F.);
#14648 = EDGE_CURVE('',#8963,#14641,#14649,.T.);
#14649 = LINE('',#14650,#14651);
#14650 = CARTESIAN_POINT('',(120.5,27.5,-16.));
#14651 = VECTOR('',#14652,1.);
#14652 = DIRECTION('',(-1.,0.,-1.224646799147E-16));
#14653 = ORIENTED_EDGE('',*,*,#8970,.F.);
#14654 = PLANE('',#14655);
#14655 = AXIS2_PLACEMENT_3D('',#14656,#14657,#14658);
#14656 = CARTESIAN_POINT('',(120.5,28.,-15.5));
#14657 = DIRECTION('',(-8.659560562355E-17,-0.707106781187,
    0.707106781187));
#14658 = DIRECTION('',(-1.,0.,-1.224646799147E-16));
#14659 = ADVANCED_FACE('',(#14660),#14678,.F.);
#14660 = FACE_BOUND('',#14661,.F.);
#14661 = EDGE_LOOP('',(#14662,#14663,#14664,#14672));
#14662 = ORIENTED_EDGE('',*,*,#8994,.F.);
#14663 = ORIENTED_EDGE('',*,*,#14648,.T.);
#14664 = ORIENTED_EDGE('',*,*,#14665,.T.);
#14665 = EDGE_CURVE('',#14641,#14666,#14668,.T.);
#14666 = VERTEX_POINT('',#14667);
#14667 = CARTESIAN_POINT('',(118.5,27.5,-34.));
#14668 = LINE('',#14669,#14670);
#14669 = CARTESIAN_POINT('',(118.5,27.5,-15.));
#14670 = VECTOR('',#14671,1.);
#14671 = DIRECTION('',(1.224646799147E-16,0.,-1.));
#14672 = ORIENTED_EDGE('',*,*,#14673,.F.);
#14673 = EDGE_CURVE('',#8987,#14666,#14674,.T.);
#14674 = LINE('',#14675,#14676);
#14675 = CARTESIAN_POINT('',(120.5,27.5,-34.));
#14676 = VECTOR('',#14677,1.);
#14677 = DIRECTION('',(-1.,0.,-1.224646799147E-16));
#14678 = PLANE('',#14679);
#14679 = AXIS2_PLACEMENT_3D('',#14680,#14681,#14682);
#14680 = CARTESIAN_POINT('',(120.5,27.5,-15.));
#14681 = DIRECTION('',(0.,-1.,-0.));
#14682 = DIRECTION('',(1.224646799147E-16,0.,-1.));
#14683 = ADVANCED_FACE('',(#14684),#14702,.F.);
#14684 = FACE_BOUND('',#14685,.F.);
#14685 = EDGE_LOOP('',(#14686,#14687,#14695,#14701));
#14686 = ORIENTED_EDGE('',*,*,#14673,.T.);
#14687 = ORIENTED_EDGE('',*,*,#14688,.T.);
#14688 = EDGE_CURVE('',#14666,#14689,#14691,.T.);
#14689 = VERTEX_POINT('',#14690);
#14690 = CARTESIAN_POINT('',(118.5,28.5,-35.));
#14691 = LINE('',#14692,#14693);
#14692 = CARTESIAN_POINT('',(118.5,27.5,-34.));
#14693 = VECTOR('',#14694,1.);
#14694 = DIRECTION('',(5.086298590221E-15,0.707106781187,-0.707106781187
    ));
#14695 = ORIENTED_EDGE('',*,*,#14696,.F.);
#14696 = EDGE_CURVE('',#9011,#14689,#14697,.T.);
#14697 = LINE('',#14698,#14699);
#14698 = CARTESIAN_POINT('',(120.5,28.5,-35.));
#14699 = VECTOR('',#14700,1.);
#14700 = DIRECTION('',(-1.,0.,-1.224646799147E-16));
#14701 = ORIENTED_EDGE('',*,*,#9018,.F.);
#14702 = PLANE('',#14703);
#14703 = AXIS2_PLACEMENT_3D('',#14704,#14705,#14706);
#14704 = CARTESIAN_POINT('',(120.5,28.,-34.5));
#14705 = DIRECTION('',(8.659560562355E-17,-0.707106781187,
    -0.707106781187));
#14706 = DIRECTION('',(-1.,0.,-1.224646799147E-16));
#14707 = ADVANCED_FACE('',(#14708),#14726,.F.);
#14708 = FACE_BOUND('',#14709,.F.);
#14709 = EDGE_LOOP('',(#14710,#14711,#14712,#14720));
#14710 = ORIENTED_EDGE('',*,*,#9042,.F.);
#14711 = ORIENTED_EDGE('',*,*,#14696,.T.);
#14712 = ORIENTED_EDGE('',*,*,#14713,.T.);
#14713 = EDGE_CURVE('',#14689,#14714,#14716,.T.);
#14714 = VERTEX_POINT('',#14715);
#14715 = CARTESIAN_POINT('',(118.5,29.5,-35.));
#14716 = LINE('',#14717,#14718);
#14717 = CARTESIAN_POINT('',(118.5,27.5,-35.));
#14718 = VECTOR('',#14719,1.);
#14719 = DIRECTION('',(0.,1.,0.));
#14720 = ORIENTED_EDGE('',*,*,#14721,.F.);
#14721 = EDGE_CURVE('',#9035,#14714,#14722,.T.);
#14722 = LINE('',#14723,#14724);
#14723 = CARTESIAN_POINT('',(120.5,29.5,-35.));
#14724 = VECTOR('',#14725,1.);
#14725 = DIRECTION('',(-1.,0.,-1.224646799147E-16));
#14726 = PLANE('',#14727);
#14727 = AXIS2_PLACEMENT_3D('',#14728,#14729,#14730);
#14728 = CARTESIAN_POINT('',(120.5,27.5,-35.));
#14729 = DIRECTION('',(1.224646799147E-16,0.,-1.));
#14730 = DIRECTION('',(0.,1.,0.));
#14731 = ADVANCED_FACE('',(#14732),#14750,.F.);
#14732 = FACE_BOUND('',#14733,.F.);
#14733 = EDGE_LOOP('',(#14734,#14735,#14743,#14749));
#14734 = ORIENTED_EDGE('',*,*,#14721,.T.);
#14735 = ORIENTED_EDGE('',*,*,#14736,.T.);
#14736 = EDGE_CURVE('',#14714,#14737,#14739,.T.);
#14737 = VERTEX_POINT('',#14738);
#14738 = CARTESIAN_POINT('',(118.5,30.5,-34.));
#14739 = LINE('',#14740,#14741);
#14740 = CARTESIAN_POINT('',(118.5,29.5,-35.));
#14741 = VECTOR('',#14742,1.);
#14742 = DIRECTION('',(-8.659560562355E-17,0.707106781187,0.707106781187
    ));
#14743 = ORIENTED_EDGE('',*,*,#14744,.F.);
#14744 = EDGE_CURVE('',#9059,#14737,#14745,.T.);
#14745 = LINE('',#14746,#14747);
#14746 = CARTESIAN_POINT('',(120.5,30.5,-34.));
#14747 = VECTOR('',#14748,1.);
#14748 = DIRECTION('',(-1.,0.,-1.224646799147E-16));
#14749 = ORIENTED_EDGE('',*,*,#9066,.F.);
#14750 = PLANE('',#14751);
#14751 = AXIS2_PLACEMENT_3D('',#14752,#14753,#14754);
#14752 = CARTESIAN_POINT('',(120.5,30.,-34.5));
#14753 = DIRECTION('',(8.659560562355E-17,0.707106781187,-0.707106781187
    ));
#14754 = DIRECTION('',(-1.,0.,-1.224646799147E-16));
#14755 = ADVANCED_FACE('',(#14756),#14767,.F.);
#14756 = FACE_BOUND('',#14757,.F.);
#14757 = EDGE_LOOP('',(#14758,#14759,#14760,#14766));
#14758 = ORIENTED_EDGE('',*,*,#9083,.F.);
#14759 = ORIENTED_EDGE('',*,*,#14744,.T.);
#14760 = ORIENTED_EDGE('',*,*,#14761,.T.);
#14761 = EDGE_CURVE('',#14737,#14593,#14762,.T.);
#14762 = LINE('',#14763,#14764);
#14763 = CARTESIAN_POINT('',(118.5,30.5,-35.));
#14764 = VECTOR('',#14765,1.);
#14765 = DIRECTION('',(-1.224646799147E-16,0.,1.));
#14766 = ORIENTED_EDGE('',*,*,#14600,.F.);
#14767 = PLANE('',#14768);
#14768 = AXIS2_PLACEMENT_3D('',#14769,#14770,#14771);
#14769 = CARTESIAN_POINT('',(120.5,30.5,-35.));
#14770 = DIRECTION('',(0.,1.,0.));
#14771 = DIRECTION('',(-1.224646799147E-16,0.,1.));
#14772 = ADVANCED_FACE('',(#14773),#14798,.F.);
#14773 = FACE_BOUND('',#14774,.T.);
#14774 = EDGE_LOOP('',(#14775,#14783,#14791,#14797));
#14775 = ORIENTED_EDGE('',*,*,#14776,.T.);
#14776 = EDGE_CURVE('',#9098,#14777,#14779,.T.);
#14777 = VERTEX_POINT('',#14778);
#14778 = CARTESIAN_POINT('',(118.5,22.,-15.));
#14779 = LINE('',#14780,#14781);
#14780 = CARTESIAN_POINT('',(120.5,22.,-15.));
#14781 = VECTOR('',#14782,1.);
#14782 = DIRECTION('',(-1.,0.,-1.224646799147E-16));
#14783 = ORIENTED_EDGE('',*,*,#14784,.F.);
#14784 = EDGE_CURVE('',#14785,#14777,#14787,.T.);
#14785 = VERTEX_POINT('',#14786);
#14786 = CARTESIAN_POINT('',(118.5,23.,-16.));
#14787 = LINE('',#14788,#14789);
#14788 = CARTESIAN_POINT('',(118.5,23.,-16.));
#14789 = VECTOR('',#14790,1.);
#14790 = DIRECTION('',(-2.586447097922E-15,-0.707106781187,
    0.707106781187));
#14791 = ORIENTED_EDGE('',*,*,#14792,.F.);
#14792 = EDGE_CURVE('',#9106,#14785,#14793,.T.);
#14793 = LINE('',#14794,#14795);
#14794 = CARTESIAN_POINT('',(120.5,23.,-16.));
#14795 = VECTOR('',#14796,1.);
#14796 = DIRECTION('',(-1.,0.,-1.224646799147E-16));
#14797 = ORIENTED_EDGE('',*,*,#9105,.F.);
#14798 = PLANE('',#14799);
#14799 = AXIS2_PLACEMENT_3D('',#14800,#14801,#14802);
#14800 = CARTESIAN_POINT('',(120.5,22.5,-15.5));
#14801 = DIRECTION('',(-8.659560562355E-17,0.707106781187,0.707106781187
    ));
#14802 = DIRECTION('',(1.,-0.,1.224646799147E-16));
#14803 = ADVANCED_FACE('',(#14804),#14822,.F.);
#14804 = FACE_BOUND('',#14805,.F.);
#14805 = EDGE_LOOP('',(#14806,#14807,#14808,#14816));
#14806 = ORIENTED_EDGE('',*,*,#9138,.F.);
#14807 = ORIENTED_EDGE('',*,*,#14776,.T.);
#14808 = ORIENTED_EDGE('',*,*,#14809,.T.);
#14809 = EDGE_CURVE('',#14777,#14810,#14812,.T.);
#14810 = VERTEX_POINT('',#14811);
#14811 = CARTESIAN_POINT('',(118.5,21.,-15.));
#14812 = LINE('',#14813,#14814);
#14813 = CARTESIAN_POINT('',(118.5,23.,-15.));
#14814 = VECTOR('',#14815,1.);
#14815 = DIRECTION('',(0.,-1.,0.));
#14816 = ORIENTED_EDGE('',*,*,#14817,.F.);
#14817 = EDGE_CURVE('',#9131,#14810,#14818,.T.);
#14818 = LINE('',#14819,#14820);
#14819 = CARTESIAN_POINT('',(120.5,21.,-15.));
#14820 = VECTOR('',#14821,1.);
#14821 = DIRECTION('',(-1.,0.,-1.224646799147E-16));
#14822 = PLANE('',#14823);
#14823 = AXIS2_PLACEMENT_3D('',#14824,#14825,#14826);
#14824 = CARTESIAN_POINT('',(120.5,23.,-15.));
#14825 = DIRECTION('',(-1.224646799147E-16,0.,1.));
#14826 = DIRECTION('',(0.,-1.,-0.));
#14827 = ADVANCED_FACE('',(#14828),#14846,.F.);
#14828 = FACE_BOUND('',#14829,.F.);
#14829 = EDGE_LOOP('',(#14830,#14831,#14839,#14845));
#14830 = ORIENTED_EDGE('',*,*,#14817,.T.);
#14831 = ORIENTED_EDGE('',*,*,#14832,.T.);
#14832 = EDGE_CURVE('',#14810,#14833,#14835,.T.);
#14833 = VERTEX_POINT('',#14834);
#14834 = CARTESIAN_POINT('',(118.5,20.,-16.));
#14835 = LINE('',#14836,#14837);
#14836 = CARTESIAN_POINT('',(118.5,21.,-15.));
#14837 = VECTOR('',#14838,1.);
#14838 = DIRECTION('',(-1.259478274845E-15,-0.707106781187,
    -0.707106781187));
#14839 = ORIENTED_EDGE('',*,*,#14840,.F.);
#14840 = EDGE_CURVE('',#9155,#14833,#14841,.T.);
#14841 = LINE('',#14842,#14843);
#14842 = CARTESIAN_POINT('',(120.5,20.,-16.));
#14843 = VECTOR('',#14844,1.);
#14844 = DIRECTION('',(-1.,0.,-1.224646799147E-16));
#14845 = ORIENTED_EDGE('',*,*,#9162,.F.);
#14846 = PLANE('',#14847);
#14847 = AXIS2_PLACEMENT_3D('',#14848,#14849,#14850);
#14848 = CARTESIAN_POINT('',(120.5,20.5,-15.5));
#14849 = DIRECTION('',(-8.659560562355E-17,-0.707106781187,
    0.707106781187));
#14850 = DIRECTION('',(-1.,0.,-1.224646799147E-16));
#14851 = ADVANCED_FACE('',(#14852),#14870,.F.);
#14852 = FACE_BOUND('',#14853,.F.);
#14853 = EDGE_LOOP('',(#14854,#14855,#14856,#14864));
#14854 = ORIENTED_EDGE('',*,*,#9186,.F.);
#14855 = ORIENTED_EDGE('',*,*,#14840,.T.);
#14856 = ORIENTED_EDGE('',*,*,#14857,.T.);
#14857 = EDGE_CURVE('',#14833,#14858,#14860,.T.);
#14858 = VERTEX_POINT('',#14859);
#14859 = CARTESIAN_POINT('',(118.5,20.,-34.));
#14860 = LINE('',#14861,#14862);
#14861 = CARTESIAN_POINT('',(118.5,20.,-15.));
#14862 = VECTOR('',#14863,1.);
#14863 = DIRECTION('',(1.224646799147E-16,0.,-1.));
#14864 = ORIENTED_EDGE('',*,*,#14865,.F.);
#14865 = EDGE_CURVE('',#9179,#14858,#14866,.T.);
#14866 = LINE('',#14867,#14868);
#14867 = CARTESIAN_POINT('',(120.5,20.,-34.));
#14868 = VECTOR('',#14869,1.);
#14869 = DIRECTION('',(-1.,0.,-1.224646799147E-16));
#14870 = PLANE('',#14871);
#14871 = AXIS2_PLACEMENT_3D('',#14872,#14873,#14874);
#14872 = CARTESIAN_POINT('',(120.5,20.,-15.));
#14873 = DIRECTION('',(0.,-1.,-0.));
#14874 = DIRECTION('',(1.224646799147E-16,0.,-1.));
#14875 = ADVANCED_FACE('',(#14876),#14894,.F.);
#14876 = FACE_BOUND('',#14877,.F.);
#14877 = EDGE_LOOP('',(#14878,#14879,#14887,#14893));
#14878 = ORIENTED_EDGE('',*,*,#14865,.T.);
#14879 = ORIENTED_EDGE('',*,*,#14880,.T.);
#14880 = EDGE_CURVE('',#14858,#14881,#14883,.T.);
#14881 = VERTEX_POINT('',#14882);
#14882 = CARTESIAN_POINT('',(118.5,21.,-35.));
#14883 = LINE('',#14884,#14885);
#14884 = CARTESIAN_POINT('',(118.5,20.,-34.));
#14885 = VECTOR('',#14886,1.);
#14886 = DIRECTION('',(5.086298590221E-15,0.707106781187,-0.707106781187
    ));
#14887 = ORIENTED_EDGE('',*,*,#14888,.F.);
#14888 = EDGE_CURVE('',#9203,#14881,#14889,.T.);
#14889 = LINE('',#14890,#14891);
#14890 = CARTESIAN_POINT('',(120.5,21.,-35.));
#14891 = VECTOR('',#14892,1.);
#14892 = DIRECTION('',(-1.,0.,-1.224646799147E-16));
#14893 = ORIENTED_EDGE('',*,*,#9210,.F.);
#14894 = PLANE('',#14895);
#14895 = AXIS2_PLACEMENT_3D('',#14896,#14897,#14898);
#14896 = CARTESIAN_POINT('',(120.5,20.5,-34.5));
#14897 = DIRECTION('',(8.659560562355E-17,-0.707106781187,
    -0.707106781187));
#14898 = DIRECTION('',(-1.,0.,-1.224646799147E-16));
#14899 = ADVANCED_FACE('',(#14900),#14918,.F.);
#14900 = FACE_BOUND('',#14901,.F.);
#14901 = EDGE_LOOP('',(#14902,#14903,#14904,#14912));
#14902 = ORIENTED_EDGE('',*,*,#9234,.F.);
#14903 = ORIENTED_EDGE('',*,*,#14888,.T.);
#14904 = ORIENTED_EDGE('',*,*,#14905,.T.);
#14905 = EDGE_CURVE('',#14881,#14906,#14908,.T.);
#14906 = VERTEX_POINT('',#14907);
#14907 = CARTESIAN_POINT('',(118.5,22.,-35.));
#14908 = LINE('',#14909,#14910);
#14909 = CARTESIAN_POINT('',(118.5,20.,-35.));
#14910 = VECTOR('',#14911,1.);
#14911 = DIRECTION('',(0.,1.,0.));
#14912 = ORIENTED_EDGE('',*,*,#14913,.F.);
#14913 = EDGE_CURVE('',#9227,#14906,#14914,.T.);
#14914 = LINE('',#14915,#14916);
#14915 = CARTESIAN_POINT('',(120.5,22.,-35.));
#14916 = VECTOR('',#14917,1.);
#14917 = DIRECTION('',(-1.,0.,-1.224646799147E-16));
#14918 = PLANE('',#14919);
#14919 = AXIS2_PLACEMENT_3D('',#14920,#14921,#14922);
#14920 = CARTESIAN_POINT('',(120.5,20.,-35.));
#14921 = DIRECTION('',(1.224646799147E-16,0.,-1.));
#14922 = DIRECTION('',(0.,1.,0.));
#14923 = ADVANCED_FACE('',(#14924),#14942,.F.);
#14924 = FACE_BOUND('',#14925,.F.);
#14925 = EDGE_LOOP('',(#14926,#14927,#14935,#14941));
#14926 = ORIENTED_EDGE('',*,*,#14913,.T.);
#14927 = ORIENTED_EDGE('',*,*,#14928,.T.);
#14928 = EDGE_CURVE('',#14906,#14929,#14931,.T.);
#14929 = VERTEX_POINT('',#14930);
#14930 = CARTESIAN_POINT('',(118.5,23.,-34.));
#14931 = LINE('',#14932,#14933);
#14932 = CARTESIAN_POINT('',(118.5,22.,-35.));
#14933 = VECTOR('',#14934,1.);
#14934 = DIRECTION('',(-8.659560562355E-17,0.707106781187,0.707106781187
    ));
#14935 = ORIENTED_EDGE('',*,*,#14936,.F.);
#14936 = EDGE_CURVE('',#9251,#14929,#14937,.T.);
#14937 = LINE('',#14938,#14939);
#14938 = CARTESIAN_POINT('',(120.5,23.,-34.));
#14939 = VECTOR('',#14940,1.);
#14940 = DIRECTION('',(-1.,0.,-1.224646799147E-16));
#14941 = ORIENTED_EDGE('',*,*,#9258,.F.);
#14942 = PLANE('',#14943);
#14943 = AXIS2_PLACEMENT_3D('',#14944,#14945,#14946);
#14944 = CARTESIAN_POINT('',(120.5,22.5,-34.5));
#14945 = DIRECTION('',(8.659560562355E-17,0.707106781187,-0.707106781187
    ));
#14946 = DIRECTION('',(-1.,0.,-1.224646799147E-16));
#14947 = ADVANCED_FACE('',(#14948),#14959,.F.);
#14948 = FACE_BOUND('',#14949,.F.);
#14949 = EDGE_LOOP('',(#14950,#14951,#14952,#14958));
#14950 = ORIENTED_EDGE('',*,*,#9275,.F.);
#14951 = ORIENTED_EDGE('',*,*,#14936,.T.);
#14952 = ORIENTED_EDGE('',*,*,#14953,.T.);
#14953 = EDGE_CURVE('',#14929,#14785,#14954,.T.);
#14954 = LINE('',#14955,#14956);
#14955 = CARTESIAN_POINT('',(118.5,23.,-35.));
#14956 = VECTOR('',#14957,1.);
#14957 = DIRECTION('',(-1.224646799147E-16,0.,1.));
#14958 = ORIENTED_EDGE('',*,*,#14792,.F.);
#14959 = PLANE('',#14960);
#14960 = AXIS2_PLACEMENT_3D('',#14961,#14962,#14963);
#14961 = CARTESIAN_POINT('',(120.5,23.,-35.));
#14962 = DIRECTION('',(0.,1.,0.));
#14963 = DIRECTION('',(-1.224646799147E-16,0.,1.));
#14964 = ADVANCED_FACE('',(#14965),#14990,.F.);
#14965 = FACE_BOUND('',#14966,.F.);
#14966 = EDGE_LOOP('',(#14967,#14968,#14976,#14984));
#14967 = ORIENTED_EDGE('',*,*,#9306,.F.);
#14968 = ORIENTED_EDGE('',*,*,#14969,.T.);
#14969 = EDGE_CURVE('',#9290,#14970,#14972,.T.);
#14970 = VERTEX_POINT('',#14971);
#14971 = CARTESIAN_POINT('',(118.5,-23.,-16.));
#14972 = LINE('',#14973,#14974);
#14973 = CARTESIAN_POINT('',(120.5,-23.,-16.));
#14974 = VECTOR('',#14975,1.);
#14975 = DIRECTION('',(-1.,0.,-1.224646799147E-16));
#14976 = ORIENTED_EDGE('',*,*,#14977,.T.);
#14977 = EDGE_CURVE('',#14970,#14978,#14980,.T.);
#14978 = VERTEX_POINT('',#14979);
#14979 = CARTESIAN_POINT('',(118.5,-23.,-34.));
#14980 = LINE('',#14981,#14982);
#14981 = CARTESIAN_POINT('',(118.5,-23.,-15.));
#14982 = VECTOR('',#14983,1.);
#14983 = DIRECTION('',(1.224646799147E-16,0.,-1.));
#14984 = ORIENTED_EDGE('',*,*,#14985,.F.);
#14985 = EDGE_CURVE('',#9299,#14978,#14986,.T.);
#14986 = LINE('',#14987,#14988);
#14987 = CARTESIAN_POINT('',(120.5,-23.,-34.));
#14988 = VECTOR('',#14989,1.);
#14989 = DIRECTION('',(-1.,0.,-1.224646799147E-16));
#14990 = PLANE('',#14991);
#14991 = AXIS2_PLACEMENT_3D('',#14992,#14993,#14994);
#14992 = CARTESIAN_POINT('',(120.5,-23.,-15.));
#14993 = DIRECTION('',(0.,-1.,-0.));
#14994 = DIRECTION('',(1.224646799147E-16,0.,-1.));
#14995 = ADVANCED_FACE('',(#14996),#15014,.F.);
#14996 = FACE_BOUND('',#14997,.F.);
#14997 = EDGE_LOOP('',(#14998,#15006,#15012,#15013));
#14998 = ORIENTED_EDGE('',*,*,#14999,.T.);
#14999 = EDGE_CURVE('',#9321,#15000,#15002,.T.);
#15000 = VERTEX_POINT('',#15001);
#15001 = CARTESIAN_POINT('',(118.5,-22.,-15.));
#15002 = LINE('',#15003,#15004);
#15003 = CARTESIAN_POINT('',(120.5,-22.,-15.));
#15004 = VECTOR('',#15005,1.);
#15005 = DIRECTION('',(-1.,0.,-1.224646799147E-16));
#15006 = ORIENTED_EDGE('',*,*,#15007,.T.);
#15007 = EDGE_CURVE('',#15000,#14970,#15008,.T.);
#15008 = LINE('',#15009,#15010);
#15009 = CARTESIAN_POINT('',(118.5,-22.,-15.));
#15010 = VECTOR('',#15011,1.);
#15011 = DIRECTION('',(1.336521351773E-15,-0.707106781187,
    -0.707106781187));
#15012 = ORIENTED_EDGE('',*,*,#14969,.F.);
#15013 = ORIENTED_EDGE('',*,*,#9330,.F.);
#15014 = PLANE('',#15015);
#15015 = AXIS2_PLACEMENT_3D('',#15016,#15017,#15018);
#15016 = CARTESIAN_POINT('',(120.5,-22.5,-15.5));
#15017 = DIRECTION('',(-8.659560562355E-17,-0.707106781187,
    0.707106781187));
#15018 = DIRECTION('',(-1.,0.,-1.224646799147E-16));
#15019 = ADVANCED_FACE('',(#15020),#15038,.F.);
#15020 = FACE_BOUND('',#15021,.F.);
#15021 = EDGE_LOOP('',(#15022,#15023,#15031,#15037));
#15022 = ORIENTED_EDGE('',*,*,#14985,.T.);
#15023 = ORIENTED_EDGE('',*,*,#15024,.T.);
#15024 = EDGE_CURVE('',#14978,#15025,#15027,.T.);
#15025 = VERTEX_POINT('',#15026);
#15026 = CARTESIAN_POINT('',(118.5,-22.,-35.));
#15027 = LINE('',#15028,#15029);
#15028 = CARTESIAN_POINT('',(118.5,-23.,-34.));
#15029 = VECTOR('',#15030,1.);
#15030 = DIRECTION('',(2.682595232241E-15,0.707106781187,-0.707106781187
    ));
#15031 = ORIENTED_EDGE('',*,*,#15032,.F.);
#15032 = EDGE_CURVE('',#9345,#15025,#15033,.T.);
#15033 = LINE('',#15034,#15035);
#15034 = CARTESIAN_POINT('',(120.5,-22.,-35.));
#15035 = VECTOR('',#15036,1.);
#15036 = DIRECTION('',(-1.,0.,-1.224646799147E-16));
#15037 = ORIENTED_EDGE('',*,*,#9354,.T.);
#15038 = PLANE('',#15039);
#15039 = AXIS2_PLACEMENT_3D('',#15040,#15041,#15042);
#15040 = CARTESIAN_POINT('',(120.5,-22.5,-34.5));
#15041 = DIRECTION('',(8.659560562355E-17,-0.707106781187,
    -0.707106781187));
#15042 = DIRECTION('',(-1.,0.,-1.224646799147E-16));
#15043 = ADVANCED_FACE('',(#15044),#15062,.F.);
#15044 = FACE_BOUND('',#15045,.F.);
#15045 = EDGE_LOOP('',(#15046,#15047,#15048,#15056));
#15046 = ORIENTED_EDGE('',*,*,#14999,.F.);
#15047 = ORIENTED_EDGE('',*,*,#9378,.F.);
#15048 = ORIENTED_EDGE('',*,*,#15049,.T.);
#15049 = EDGE_CURVE('',#9369,#15050,#15052,.T.);
#15050 = VERTEX_POINT('',#15051);
#15051 = CARTESIAN_POINT('',(118.5,-21.,-15.));
#15052 = LINE('',#15053,#15054);
#15053 = CARTESIAN_POINT('',(120.5,-21.,-15.));
#15054 = VECTOR('',#15055,1.);
#15055 = DIRECTION('',(-1.,0.,-1.224646799147E-16));
#15056 = ORIENTED_EDGE('',*,*,#15057,.T.);
#15057 = EDGE_CURVE('',#15050,#15000,#15058,.T.);
#15058 = LINE('',#15059,#15060);
#15059 = CARTESIAN_POINT('',(118.5,-20.,-15.));
#15060 = VECTOR('',#15061,1.);
#15061 = DIRECTION('',(0.,-1.,0.));
#15062 = PLANE('',#15063);
#15063 = AXIS2_PLACEMENT_3D('',#15064,#15065,#15066);
#15064 = CARTESIAN_POINT('',(120.5,-20.,-15.));
#15065 = DIRECTION('',(-1.224646799147E-16,0.,1.));
#15066 = DIRECTION('',(0.,-1.,-0.));
#15067 = ADVANCED_FACE('',(#15068),#15086,.F.);
#15068 = FACE_BOUND('',#15069,.F.);
#15069 = EDGE_LOOP('',(#15070,#15071,#15079,#15085));
#15070 = ORIENTED_EDGE('',*,*,#15032,.T.);
#15071 = ORIENTED_EDGE('',*,*,#15072,.T.);
#15072 = EDGE_CURVE('',#15025,#15073,#15075,.T.);
#15073 = VERTEX_POINT('',#15074);
#15074 = CARTESIAN_POINT('',(118.5,-21.,-35.));
#15075 = LINE('',#15076,#15077);
#15076 = CARTESIAN_POINT('',(118.5,-23.,-35.));
#15077 = VECTOR('',#15078,1.);
#15078 = DIRECTION('',(0.,1.,0.));
#15079 = ORIENTED_EDGE('',*,*,#15080,.F.);
#15080 = EDGE_CURVE('',#9395,#15073,#15081,.T.);
#15081 = LINE('',#15082,#15083);
#15082 = CARTESIAN_POINT('',(120.5,-21.,-35.));
#15083 = VECTOR('',#15084,1.);
#15084 = DIRECTION('',(-1.,0.,-1.224646799147E-16));
#15085 = ORIENTED_EDGE('',*,*,#9402,.F.);
#15086 = PLANE('',#15087);
#15087 = AXIS2_PLACEMENT_3D('',#15088,#15089,#15090);
#15088 = CARTESIAN_POINT('',(120.5,-23.,-35.));
#15089 = DIRECTION('',(1.224646799147E-16,0.,-1.));
#15090 = DIRECTION('',(0.,1.,0.));
#15091 = ADVANCED_FACE('',(#15092),#15110,.F.);
#15092 = FACE_BOUND('',#15093,.T.);
#15093 = EDGE_LOOP('',(#15094,#15095,#15103,#15109));
#15094 = ORIENTED_EDGE('',*,*,#15049,.T.);
#15095 = ORIENTED_EDGE('',*,*,#15096,.F.);
#15096 = EDGE_CURVE('',#15097,#15050,#15099,.T.);
#15097 = VERTEX_POINT('',#15098);
#15098 = CARTESIAN_POINT('',(118.5,-20.,-16.));
#15099 = LINE('',#15100,#15101);
#15100 = CARTESIAN_POINT('',(118.5,-20.,-16.));
#15101 = VECTOR('',#15102,1.);
#15102 = DIRECTION('',(-1.240373217454E-15,-0.707106781187,
    0.707106781187));
#15103 = ORIENTED_EDGE('',*,*,#15104,.F.);
#15104 = EDGE_CURVE('',#9417,#15097,#15105,.T.);
#15105 = LINE('',#15106,#15107);
#15106 = CARTESIAN_POINT('',(120.5,-20.,-16.));
#15107 = VECTOR('',#15108,1.);
#15108 = DIRECTION('',(-1.,0.,-1.224646799147E-16));
#15109 = ORIENTED_EDGE('',*,*,#9426,.T.);
#15110 = PLANE('',#15111);
#15111 = AXIS2_PLACEMENT_3D('',#15112,#15113,#15114);
#15112 = CARTESIAN_POINT('',(120.5,-20.5,-15.5));
#15113 = DIRECTION('',(-8.659560562355E-17,0.707106781187,0.707106781187
    ));
#15114 = DIRECTION('',(1.,-0.,1.224646799147E-16));
#15115 = ADVANCED_FACE('',(#15116),#15134,.F.);
#15116 = FACE_BOUND('',#15117,.F.);
#15117 = EDGE_LOOP('',(#15118,#15119,#15127,#15133));
#15118 = ORIENTED_EDGE('',*,*,#15080,.T.);
#15119 = ORIENTED_EDGE('',*,*,#15120,.T.);
#15120 = EDGE_CURVE('',#15073,#15121,#15123,.T.);
#15121 = VERTEX_POINT('',#15122);
#15122 = CARTESIAN_POINT('',(118.5,-20.,-34.));
#15123 = LINE('',#15124,#15125);
#15124 = CARTESIAN_POINT('',(118.5,-21.,-35.));
#15125 = VECTOR('',#15126,1.);
#15126 = DIRECTION('',(-5.086298590221E-15,0.707106781187,0.707106781187
    ));
#15127 = ORIENTED_EDGE('',*,*,#15128,.F.);
#15128 = EDGE_CURVE('',#9441,#15121,#15129,.T.);
#15129 = LINE('',#15130,#15131);
#15130 = CARTESIAN_POINT('',(120.5,-20.,-34.));
#15131 = VECTOR('',#15132,1.);
#15132 = DIRECTION('',(-1.,0.,-1.224646799147E-16));
#15133 = ORIENTED_EDGE('',*,*,#9450,.T.);
#15134 = PLANE('',#15135);
#15135 = AXIS2_PLACEMENT_3D('',#15136,#15137,#15138);
#15136 = CARTESIAN_POINT('',(120.5,-20.5,-34.5));
#15137 = DIRECTION('',(8.659560562355E-17,0.707106781187,-0.707106781187
    ));
#15138 = DIRECTION('',(-1.,0.,-1.224646799147E-16));
#15139 = ADVANCED_FACE('',(#15140),#15151,.F.);
#15140 = FACE_BOUND('',#15141,.F.);
#15141 = EDGE_LOOP('',(#15142,#15143,#15149,#15150));
#15142 = ORIENTED_EDGE('',*,*,#15128,.T.);
#15143 = ORIENTED_EDGE('',*,*,#15144,.T.);
#15144 = EDGE_CURVE('',#15121,#15097,#15145,.T.);
#15145 = LINE('',#15146,#15147);
#15146 = CARTESIAN_POINT('',(118.5,-20.,-35.));
#15147 = VECTOR('',#15148,1.);
#15148 = DIRECTION('',(-1.224646799147E-16,0.,1.));
#15149 = ORIENTED_EDGE('',*,*,#15104,.F.);
#15150 = ORIENTED_EDGE('',*,*,#9467,.F.);
#15151 = PLANE('',#15152);
#15152 = AXIS2_PLACEMENT_3D('',#15153,#15154,#15155);
#15153 = CARTESIAN_POINT('',(120.5,-20.,-35.));
#15154 = DIRECTION('',(0.,1.,0.));
#15155 = DIRECTION('',(-1.224646799147E-16,0.,1.));
#15156 = ADVANCED_FACE('',(#15157),#15182,.F.);
#15157 = FACE_BOUND('',#15158,.T.);
#15158 = EDGE_LOOP('',(#15159,#15167,#15175,#15181));
#15159 = ORIENTED_EDGE('',*,*,#15160,.T.);
#15160 = EDGE_CURVE('',#9482,#15161,#15163,.T.);
#15161 = VERTEX_POINT('',#15162);
#15162 = CARTESIAN_POINT('',(118.5,-28.5,-15.));
#15163 = LINE('',#15164,#15165);
#15164 = CARTESIAN_POINT('',(120.5,-28.5,-15.));
#15165 = VECTOR('',#15166,1.);
#15166 = DIRECTION('',(-1.,0.,-1.224646799147E-16));
#15167 = ORIENTED_EDGE('',*,*,#15168,.F.);
#15168 = EDGE_CURVE('',#15169,#15161,#15171,.T.);
#15169 = VERTEX_POINT('',#15170);
#15170 = CARTESIAN_POINT('',(118.5,-27.5,-16.));
#15171 = LINE('',#15172,#15173);
#15172 = CARTESIAN_POINT('',(118.5,-27.5,-16.));
#15173 = VECTOR('',#15174,1.);
#15174 = DIRECTION('',(-1.240373217454E-15,-0.707106781187,
    0.707106781187));
#15175 = ORIENTED_EDGE('',*,*,#15176,.F.);
#15176 = EDGE_CURVE('',#9490,#15169,#15177,.T.);
#15177 = LINE('',#15178,#15179);
#15178 = CARTESIAN_POINT('',(120.5,-27.5,-16.));
#15179 = VECTOR('',#15180,1.);
#15180 = DIRECTION('',(-1.,0.,-1.224646799147E-16));
#15181 = ORIENTED_EDGE('',*,*,#9489,.T.);
#15182 = PLANE('',#15183);
#15183 = AXIS2_PLACEMENT_3D('',#15184,#15185,#15186);
#15184 = CARTESIAN_POINT('',(120.5,-28.,-15.5));
#15185 = DIRECTION('',(-8.659560562355E-17,0.707106781187,0.707106781187
    ));
#15186 = DIRECTION('',(1.,-0.,1.224646799147E-16));
#15187 = ADVANCED_FACE('',(#15188),#15206,.F.);
#15188 = FACE_BOUND('',#15189,.F.);
#15189 = EDGE_LOOP('',(#15190,#15191,#15192,#15200));
#15190 = ORIENTED_EDGE('',*,*,#9522,.F.);
#15191 = ORIENTED_EDGE('',*,*,#15160,.T.);
#15192 = ORIENTED_EDGE('',*,*,#15193,.T.);
#15193 = EDGE_CURVE('',#15161,#15194,#15196,.T.);
#15194 = VERTEX_POINT('',#15195);
#15195 = CARTESIAN_POINT('',(118.5,-29.5,-15.));
#15196 = LINE('',#15197,#15198);
#15197 = CARTESIAN_POINT('',(118.5,-27.5,-15.));
#15198 = VECTOR('',#15199,1.);
#15199 = DIRECTION('',(0.,-1.,0.));
#15200 = ORIENTED_EDGE('',*,*,#15201,.F.);
#15201 = EDGE_CURVE('',#9515,#15194,#15202,.T.);
#15202 = LINE('',#15203,#15204);
#15203 = CARTESIAN_POINT('',(120.5,-29.5,-15.));
#15204 = VECTOR('',#15205,1.);
#15205 = DIRECTION('',(-1.,0.,-1.224646799147E-16));
#15206 = PLANE('',#15207);
#15207 = AXIS2_PLACEMENT_3D('',#15208,#15209,#15210);
#15208 = CARTESIAN_POINT('',(120.5,-27.5,-15.));
#15209 = DIRECTION('',(-1.224646799147E-16,0.,1.));
#15210 = DIRECTION('',(0.,-1.,-0.));
#15211 = ADVANCED_FACE('',(#15212),#15230,.F.);
#15212 = FACE_BOUND('',#15213,.F.);
#15213 = EDGE_LOOP('',(#15214,#15215,#15223,#15229));
#15214 = ORIENTED_EDGE('',*,*,#15201,.T.);
#15215 = ORIENTED_EDGE('',*,*,#15216,.T.);
#15216 = EDGE_CURVE('',#15194,#15217,#15219,.T.);
#15217 = VERTEX_POINT('',#15218);
#15218 = CARTESIAN_POINT('',(118.5,-30.5,-16.));
#15219 = LINE('',#15220,#15221);
#15220 = CARTESIAN_POINT('',(118.5,-29.5,-15.));
#15221 = VECTOR('',#15222,1.);
#15222 = DIRECTION('',(1.336521351773E-15,-0.707106781187,
    -0.707106781187));
#15223 = ORIENTED_EDGE('',*,*,#15224,.F.);
#15224 = EDGE_CURVE('',#9539,#15217,#15225,.T.);
#15225 = LINE('',#15226,#15227);
#15226 = CARTESIAN_POINT('',(120.5,-30.5,-16.));
#15227 = VECTOR('',#15228,1.);
#15228 = DIRECTION('',(-1.,0.,-1.224646799147E-16));
#15229 = ORIENTED_EDGE('',*,*,#9546,.F.);
#15230 = PLANE('',#15231);
#15231 = AXIS2_PLACEMENT_3D('',#15232,#15233,#15234);
#15232 = CARTESIAN_POINT('',(120.5,-30.,-15.5));
#15233 = DIRECTION('',(-8.659560562355E-17,-0.707106781187,
    0.707106781187));
#15234 = DIRECTION('',(-1.,0.,-1.224646799147E-16));
#15235 = ADVANCED_FACE('',(#15236),#15254,.F.);
#15236 = FACE_BOUND('',#15237,.F.);
#15237 = EDGE_LOOP('',(#15238,#15239,#15240,#15248));
#15238 = ORIENTED_EDGE('',*,*,#9570,.F.);
#15239 = ORIENTED_EDGE('',*,*,#15224,.T.);
#15240 = ORIENTED_EDGE('',*,*,#15241,.T.);
#15241 = EDGE_CURVE('',#15217,#15242,#15244,.T.);
#15242 = VERTEX_POINT('',#15243);
#15243 = CARTESIAN_POINT('',(118.5,-30.5,-34.));
#15244 = LINE('',#15245,#15246);
#15245 = CARTESIAN_POINT('',(118.5,-30.5,-15.));
#15246 = VECTOR('',#15247,1.);
#15247 = DIRECTION('',(1.224646799147E-16,0.,-1.));
#15248 = ORIENTED_EDGE('',*,*,#15249,.F.);
#15249 = EDGE_CURVE('',#9563,#15242,#15250,.T.);
#15250 = LINE('',#15251,#15252);
#15251 = CARTESIAN_POINT('',(120.5,-30.5,-34.));
#15252 = VECTOR('',#15253,1.);
#15253 = DIRECTION('',(-1.,0.,-1.224646799147E-16));
#15254 = PLANE('',#15255);
#15255 = AXIS2_PLACEMENT_3D('',#15256,#15257,#15258);
#15256 = CARTESIAN_POINT('',(120.5,-30.5,-15.));
#15257 = DIRECTION('',(0.,-1.,-0.));
#15258 = DIRECTION('',(1.224646799147E-16,0.,-1.));
#15259 = ADVANCED_FACE('',(#15260),#15278,.F.);
#15260 = FACE_BOUND('',#15261,.F.);
#15261 = EDGE_LOOP('',(#15262,#15263,#15271,#15277));
#15262 = ORIENTED_EDGE('',*,*,#15249,.T.);
#15263 = ORIENTED_EDGE('',*,*,#15264,.T.);
#15264 = EDGE_CURVE('',#15242,#15265,#15267,.T.);
#15265 = VERTEX_POINT('',#15266);
#15266 = CARTESIAN_POINT('',(118.5,-29.5,-35.));
#15267 = LINE('',#15268,#15269);
#15268 = CARTESIAN_POINT('',(118.5,-30.5,-34.));
#15269 = VECTOR('',#15270,1.);
#15270 = DIRECTION('',(2.682595232241E-15,0.707106781187,-0.707106781187
    ));
#15271 = ORIENTED_EDGE('',*,*,#15272,.F.);
#15272 = EDGE_CURVE('',#9587,#15265,#15273,.T.);
#15273 = LINE('',#15274,#15275);
#15274 = CARTESIAN_POINT('',(120.5,-29.5,-35.));
#15275 = VECTOR('',#15276,1.);
#15276 = DIRECTION('',(-1.,0.,-1.224646799147E-16));
#15277 = ORIENTED_EDGE('',*,*,#9594,.T.);
#15278 = PLANE('',#15279);
#15279 = AXIS2_PLACEMENT_3D('',#15280,#15281,#15282);
#15280 = CARTESIAN_POINT('',(120.5,-30.,-34.5));
#15281 = DIRECTION('',(8.659560562355E-17,-0.707106781187,
    -0.707106781187));
#15282 = DIRECTION('',(-1.,0.,-1.224646799147E-16));
#15283 = ADVANCED_FACE('',(#15284),#15302,.F.);
#15284 = FACE_BOUND('',#15285,.F.);
#15285 = EDGE_LOOP('',(#15286,#15287,#15288,#15296));
#15286 = ORIENTED_EDGE('',*,*,#9618,.F.);
#15287 = ORIENTED_EDGE('',*,*,#15272,.T.);
#15288 = ORIENTED_EDGE('',*,*,#15289,.T.);
#15289 = EDGE_CURVE('',#15265,#15290,#15292,.T.);
#15290 = VERTEX_POINT('',#15291);
#15291 = CARTESIAN_POINT('',(118.5,-28.5,-35.));
#15292 = LINE('',#15293,#15294);
#15293 = CARTESIAN_POINT('',(118.5,-30.5,-35.));
#15294 = VECTOR('',#15295,1.);
#15295 = DIRECTION('',(0.,1.,0.));
#15296 = ORIENTED_EDGE('',*,*,#15297,.F.);
#15297 = EDGE_CURVE('',#9611,#15290,#15298,.T.);
#15298 = LINE('',#15299,#15300);
#15299 = CARTESIAN_POINT('',(120.5,-28.5,-35.));
#15300 = VECTOR('',#15301,1.);
#15301 = DIRECTION('',(-1.,0.,-1.224646799147E-16));
#15302 = PLANE('',#15303);
#15303 = AXIS2_PLACEMENT_3D('',#15304,#15305,#15306);
#15304 = CARTESIAN_POINT('',(120.5,-30.5,-35.));
#15305 = DIRECTION('',(1.224646799147E-16,0.,-1.));
#15306 = DIRECTION('',(0.,1.,0.));
#15307 = ADVANCED_FACE('',(#15308),#15326,.F.);
#15308 = FACE_BOUND('',#15309,.F.);
#15309 = EDGE_LOOP('',(#15310,#15311,#15319,#15325));
#15310 = ORIENTED_EDGE('',*,*,#15297,.T.);
#15311 = ORIENTED_EDGE('',*,*,#15312,.T.);
#15312 = EDGE_CURVE('',#15290,#15313,#15315,.T.);
#15313 = VERTEX_POINT('',#15314);
#15314 = CARTESIAN_POINT('',(118.5,-27.5,-34.));
#15315 = LINE('',#15316,#15317);
#15316 = CARTESIAN_POINT('',(118.5,-28.5,-35.));
#15317 = VECTOR('',#15318,1.);
#15318 = DIRECTION('',(-5.086298590221E-15,0.707106781187,0.707106781187
    ));
#15319 = ORIENTED_EDGE('',*,*,#15320,.F.);
#15320 = EDGE_CURVE('',#9635,#15313,#15321,.T.);
#15321 = LINE('',#15322,#15323);
#15322 = CARTESIAN_POINT('',(120.5,-27.5,-34.));
#15323 = VECTOR('',#15324,1.);
#15324 = DIRECTION('',(-1.,0.,-1.224646799147E-16));
#15325 = ORIENTED_EDGE('',*,*,#9642,.T.);
#15326 = PLANE('',#15327);
#15327 = AXIS2_PLACEMENT_3D('',#15328,#15329,#15330);
#15328 = CARTESIAN_POINT('',(120.5,-28.,-34.5));
#15329 = DIRECTION('',(8.659560562355E-17,0.707106781187,-0.707106781187
    ));
#15330 = DIRECTION('',(-1.,0.,-1.224646799147E-16));
#15331 = ADVANCED_FACE('',(#15332),#15343,.F.);
#15332 = FACE_BOUND('',#15333,.F.);
#15333 = EDGE_LOOP('',(#15334,#15335,#15336,#15342));
#15334 = ORIENTED_EDGE('',*,*,#9659,.F.);
#15335 = ORIENTED_EDGE('',*,*,#15320,.T.);
#15336 = ORIENTED_EDGE('',*,*,#15337,.T.);
#15337 = EDGE_CURVE('',#15313,#15169,#15338,.T.);
#15338 = LINE('',#15339,#15340);
#15339 = CARTESIAN_POINT('',(118.5,-27.5,-35.));
#15340 = VECTOR('',#15341,1.);
#15341 = DIRECTION('',(-1.224646799147E-16,0.,1.));
#15342 = ORIENTED_EDGE('',*,*,#15176,.F.);
#15343 = PLANE('',#15344);
#15344 = AXIS2_PLACEMENT_3D('',#15345,#15346,#15347);
#15345 = CARTESIAN_POINT('',(120.5,-27.5,-35.));
#15346 = DIRECTION('',(0.,1.,0.));
#15347 = DIRECTION('',(-1.224646799147E-16,0.,1.));
#15348 = ADVANCED_FACE('',(#15349),#15374,.F.);
#15349 = FACE_BOUND('',#15350,.T.);
#15350 = EDGE_LOOP('',(#15351,#15359,#15367,#15373));
#15351 = ORIENTED_EDGE('',*,*,#15352,.T.);
#15352 = EDGE_CURVE('',#9674,#15353,#15355,.T.);
#15353 = VERTEX_POINT('',#15354);
#15354 = CARTESIAN_POINT('',(118.5,-36.,-15.));
#15355 = LINE('',#15356,#15357);
#15356 = CARTESIAN_POINT('',(120.5,-36.,-15.));
#15357 = VECTOR('',#15358,1.);
#15358 = DIRECTION('',(-1.,0.,-1.224646799147E-16));
#15359 = ORIENTED_EDGE('',*,*,#15360,.F.);
#15360 = EDGE_CURVE('',#15361,#15353,#15363,.T.);
#15361 = VERTEX_POINT('',#15362);
#15362 = CARTESIAN_POINT('',(118.5,-35.,-16.));
#15363 = LINE('',#15364,#15365);
#15364 = CARTESIAN_POINT('',(118.5,-35.,-16.));
#15365 = VECTOR('',#15366,1.);
#15366 = DIRECTION('',(-1.240373217454E-15,-0.707106781187,
    0.707106781187));
#15367 = ORIENTED_EDGE('',*,*,#15368,.F.);
#15368 = EDGE_CURVE('',#9682,#15361,#15369,.T.);
#15369 = LINE('',#15370,#15371);
#15370 = CARTESIAN_POINT('',(120.5,-35.,-16.));
#15371 = VECTOR('',#15372,1.);
#15372 = DIRECTION('',(-1.,0.,-1.224646799147E-16));
#15373 = ORIENTED_EDGE('',*,*,#9681,.T.);
#15374 = PLANE('',#15375);
#15375 = AXIS2_PLACEMENT_3D('',#15376,#15377,#15378);
#15376 = CARTESIAN_POINT('',(120.5,-35.5,-15.5));
#15377 = DIRECTION('',(-8.659560562355E-17,0.707106781187,0.707106781187
    ));
#15378 = DIRECTION('',(1.,-0.,1.224646799147E-16));
#15379 = ADVANCED_FACE('',(#15380),#15398,.F.);
#15380 = FACE_BOUND('',#15381,.F.);
#15381 = EDGE_LOOP('',(#15382,#15383,#15384,#15392));
#15382 = ORIENTED_EDGE('',*,*,#9714,.F.);
#15383 = ORIENTED_EDGE('',*,*,#15352,.T.);
#15384 = ORIENTED_EDGE('',*,*,#15385,.T.);
#15385 = EDGE_CURVE('',#15353,#15386,#15388,.T.);
#15386 = VERTEX_POINT('',#15387);
#15387 = CARTESIAN_POINT('',(118.5,-37.,-15.));
#15388 = LINE('',#15389,#15390);
#15389 = CARTESIAN_POINT('',(118.5,-35.,-15.));
#15390 = VECTOR('',#15391,1.);
#15391 = DIRECTION('',(0.,-1.,0.));
#15392 = ORIENTED_EDGE('',*,*,#15393,.F.);
#15393 = EDGE_CURVE('',#9707,#15386,#15394,.T.);
#15394 = LINE('',#15395,#15396);
#15395 = CARTESIAN_POINT('',(120.5,-37.,-15.));
#15396 = VECTOR('',#15397,1.);
#15397 = DIRECTION('',(-1.,0.,-1.224646799147E-16));
#15398 = PLANE('',#15399);
#15399 = AXIS2_PLACEMENT_3D('',#15400,#15401,#15402);
#15400 = CARTESIAN_POINT('',(120.5,-35.,-15.));
#15401 = DIRECTION('',(-1.224646799147E-16,0.,1.));
#15402 = DIRECTION('',(0.,-1.,-0.));
#15403 = ADVANCED_FACE('',(#15404),#15422,.F.);
#15404 = FACE_BOUND('',#15405,.F.);
#15405 = EDGE_LOOP('',(#15406,#15407,#15415,#15421));
#15406 = ORIENTED_EDGE('',*,*,#15393,.T.);
#15407 = ORIENTED_EDGE('',*,*,#15408,.T.);
#15408 = EDGE_CURVE('',#15386,#15409,#15411,.T.);
#15409 = VERTEX_POINT('',#15410);
#15410 = CARTESIAN_POINT('',(118.5,-38.,-16.));
#15411 = LINE('',#15412,#15413);
#15412 = CARTESIAN_POINT('',(118.5,-37.,-15.));
#15413 = VECTOR('',#15414,1.);
#15414 = DIRECTION('',(1.336521351773E-15,-0.707106781187,
    -0.707106781187));
#15415 = ORIENTED_EDGE('',*,*,#15416,.F.);
#15416 = EDGE_CURVE('',#9731,#15409,#15417,.T.);
#15417 = LINE('',#15418,#15419);
#15418 = CARTESIAN_POINT('',(120.5,-38.,-16.));
#15419 = VECTOR('',#15420,1.);
#15420 = DIRECTION('',(-1.,0.,-1.224646799147E-16));
#15421 = ORIENTED_EDGE('',*,*,#9738,.F.);
#15422 = PLANE('',#15423);
#15423 = AXIS2_PLACEMENT_3D('',#15424,#15425,#15426);
#15424 = CARTESIAN_POINT('',(120.5,-37.5,-15.5));
#15425 = DIRECTION('',(-8.659560562355E-17,-0.707106781187,
    0.707106781187));
#15426 = DIRECTION('',(-1.,0.,-1.224646799147E-16));
#15427 = ADVANCED_FACE('',(#15428),#15446,.F.);
#15428 = FACE_BOUND('',#15429,.F.);
#15429 = EDGE_LOOP('',(#15430,#15431,#15432,#15440));
#15430 = ORIENTED_EDGE('',*,*,#9762,.F.);
#15431 = ORIENTED_EDGE('',*,*,#15416,.T.);
#15432 = ORIENTED_EDGE('',*,*,#15433,.T.);
#15433 = EDGE_CURVE('',#15409,#15434,#15436,.T.);
#15434 = VERTEX_POINT('',#15435);
#15435 = CARTESIAN_POINT('',(118.5,-38.,-34.));
#15436 = LINE('',#15437,#15438);
#15437 = CARTESIAN_POINT('',(118.5,-38.,-15.));
#15438 = VECTOR('',#15439,1.);
#15439 = DIRECTION('',(1.224646799147E-16,0.,-1.));
#15440 = ORIENTED_EDGE('',*,*,#15441,.F.);
#15441 = EDGE_CURVE('',#9755,#15434,#15442,.T.);
#15442 = LINE('',#15443,#15444);
#15443 = CARTESIAN_POINT('',(120.5,-38.,-34.));
#15444 = VECTOR('',#15445,1.);
#15445 = DIRECTION('',(-1.,0.,-1.224646799147E-16));
#15446 = PLANE('',#15447);
#15447 = AXIS2_PLACEMENT_3D('',#15448,#15449,#15450);
#15448 = CARTESIAN_POINT('',(120.5,-38.,-15.));
#15449 = DIRECTION('',(0.,-1.,-0.));
#15450 = DIRECTION('',(1.224646799147E-16,0.,-1.));
#15451 = ADVANCED_FACE('',(#15452),#15470,.F.);
#15452 = FACE_BOUND('',#15453,.F.);
#15453 = EDGE_LOOP('',(#15454,#15455,#15463,#15469));
#15454 = ORIENTED_EDGE('',*,*,#15441,.T.);
#15455 = ORIENTED_EDGE('',*,*,#15456,.T.);
#15456 = EDGE_CURVE('',#15434,#15457,#15459,.T.);
#15457 = VERTEX_POINT('',#15458);
#15458 = CARTESIAN_POINT('',(118.5,-37.,-35.));
#15459 = LINE('',#15460,#15461);
#15460 = CARTESIAN_POINT('',(118.5,-38.,-34.));
#15461 = VECTOR('',#15462,1.);
#15462 = DIRECTION('',(2.682595232241E-15,0.707106781187,-0.707106781187
    ));
#15463 = ORIENTED_EDGE('',*,*,#15464,.F.);
#15464 = EDGE_CURVE('',#9779,#15457,#15465,.T.);
#15465 = LINE('',#15466,#15467);
#15466 = CARTESIAN_POINT('',(120.5,-37.,-35.));
#15467 = VECTOR('',#15468,1.);
#15468 = DIRECTION('',(-1.,0.,-1.224646799147E-16));
#15469 = ORIENTED_EDGE('',*,*,#9786,.T.);
#15470 = PLANE('',#15471);
#15471 = AXIS2_PLACEMENT_3D('',#15472,#15473,#15474);
#15472 = CARTESIAN_POINT('',(120.5,-37.5,-34.5));
#15473 = DIRECTION('',(8.659560562355E-17,-0.707106781187,
    -0.707106781187));
#15474 = DIRECTION('',(-1.,0.,-1.224646799147E-16));
#15475 = ADVANCED_FACE('',(#15476),#15494,.F.);
#15476 = FACE_BOUND('',#15477,.F.);
#15477 = EDGE_LOOP('',(#15478,#15479,#15480,#15488));
#15478 = ORIENTED_EDGE('',*,*,#9810,.F.);
#15479 = ORIENTED_EDGE('',*,*,#15464,.T.);
#15480 = ORIENTED_EDGE('',*,*,#15481,.T.);
#15481 = EDGE_CURVE('',#15457,#15482,#15484,.T.);
#15482 = VERTEX_POINT('',#15483);
#15483 = CARTESIAN_POINT('',(118.5,-36.,-35.));
#15484 = LINE('',#15485,#15486);
#15485 = CARTESIAN_POINT('',(118.5,-38.,-35.));
#15486 = VECTOR('',#15487,1.);
#15487 = DIRECTION('',(0.,1.,0.));
#15488 = ORIENTED_EDGE('',*,*,#15489,.F.);
#15489 = EDGE_CURVE('',#9803,#15482,#15490,.T.);
#15490 = LINE('',#15491,#15492);
#15491 = CARTESIAN_POINT('',(120.5,-36.,-35.));
#15492 = VECTOR('',#15493,1.);
#15493 = DIRECTION('',(-1.,0.,-1.224646799147E-16));
#15494 = PLANE('',#15495);
#15495 = AXIS2_PLACEMENT_3D('',#15496,#15497,#15498);
#15496 = CARTESIAN_POINT('',(120.5,-38.,-35.));
#15497 = DIRECTION('',(1.224646799147E-16,0.,-1.));
#15498 = DIRECTION('',(0.,1.,0.));
#15499 = ADVANCED_FACE('',(#15500),#15518,.F.);
#15500 = FACE_BOUND('',#15501,.F.);
#15501 = EDGE_LOOP('',(#15502,#15503,#15511,#15517));
#15502 = ORIENTED_EDGE('',*,*,#15489,.T.);
#15503 = ORIENTED_EDGE('',*,*,#15504,.T.);
#15504 = EDGE_CURVE('',#15482,#15505,#15507,.T.);
#15505 = VERTEX_POINT('',#15506);
#15506 = CARTESIAN_POINT('',(118.5,-35.,-34.));
#15507 = LINE('',#15508,#15509);
#15508 = CARTESIAN_POINT('',(118.5,-36.,-35.));
#15509 = VECTOR('',#15510,1.);
#15510 = DIRECTION('',(-5.086298590221E-15,0.707106781187,0.707106781187
    ));
#15511 = ORIENTED_EDGE('',*,*,#15512,.F.);
#15512 = EDGE_CURVE('',#9827,#15505,#15513,.T.);
#15513 = LINE('',#15514,#15515);
#15514 = CARTESIAN_POINT('',(120.5,-35.,-34.));
#15515 = VECTOR('',#15516,1.);
#15516 = DIRECTION('',(-1.,0.,-1.224646799147E-16));
#15517 = ORIENTED_EDGE('',*,*,#9834,.T.);
#15518 = PLANE('',#15519);
#15519 = AXIS2_PLACEMENT_3D('',#15520,#15521,#15522);
#15520 = CARTESIAN_POINT('',(120.5,-35.5,-34.5));
#15521 = DIRECTION('',(8.659560562355E-17,0.707106781187,-0.707106781187
    ));
#15522 = DIRECTION('',(-1.,0.,-1.224646799147E-16));
#15523 = ADVANCED_FACE('',(#15524),#15535,.F.);
#15524 = FACE_BOUND('',#15525,.F.);
#15525 = EDGE_LOOP('',(#15526,#15527,#15528,#15534));
#15526 = ORIENTED_EDGE('',*,*,#9851,.F.);
#15527 = ORIENTED_EDGE('',*,*,#15512,.T.);
#15528 = ORIENTED_EDGE('',*,*,#15529,.T.);
#15529 = EDGE_CURVE('',#15505,#15361,#15530,.T.);
#15530 = LINE('',#15531,#15532);
#15531 = CARTESIAN_POINT('',(118.5,-35.,-35.));
#15532 = VECTOR('',#15533,1.);
#15533 = DIRECTION('',(-1.224646799147E-16,0.,1.));
#15534 = ORIENTED_EDGE('',*,*,#15368,.F.);
#15535 = PLANE('',#15536);
#15536 = AXIS2_PLACEMENT_3D('',#15537,#15538,#15539);
#15537 = CARTESIAN_POINT('',(120.5,-35.,-35.));
#15538 = DIRECTION('',(0.,1.,0.));
#15539 = DIRECTION('',(-1.224646799147E-16,0.,1.));
#15540 = ADVANCED_FACE('',(#15541),#15566,.F.);
#15541 = FACE_BOUND('',#15542,.T.);
#15542 = EDGE_LOOP('',(#15543,#15551,#15559,#15565));
#15543 = ORIENTED_EDGE('',*,*,#15544,.T.);
#15544 = EDGE_CURVE('',#9866,#15545,#15547,.T.);
#15545 = VERTEX_POINT('',#15546);
#15546 = CARTESIAN_POINT('',(118.5,-43.5,-15.));
#15547 = LINE('',#15548,#15549);
#15548 = CARTESIAN_POINT('',(120.5,-43.5,-15.));
#15549 = VECTOR('',#15550,1.);
#15550 = DIRECTION('',(-1.,0.,-1.224646799147E-16));
#15551 = ORIENTED_EDGE('',*,*,#15552,.F.);
#15552 = EDGE_CURVE('',#15553,#15545,#15555,.T.);
#15553 = VERTEX_POINT('',#15554);
#15554 = CARTESIAN_POINT('',(118.5,-42.5,-16.));
#15555 = LINE('',#15556,#15557);
#15556 = CARTESIAN_POINT('',(118.5,-42.5,-16.));
#15557 = VECTOR('',#15558,1.);
#15558 = DIRECTION('',(-1.240373217454E-15,-0.707106781187,
    0.707106781187));
#15559 = ORIENTED_EDGE('',*,*,#15560,.F.);
#15560 = EDGE_CURVE('',#9874,#15553,#15561,.T.);
#15561 = LINE('',#15562,#15563);
#15562 = CARTESIAN_POINT('',(120.5,-42.5,-16.));
#15563 = VECTOR('',#15564,1.);
#15564 = DIRECTION('',(-1.,0.,-1.224646799147E-16));
#15565 = ORIENTED_EDGE('',*,*,#9873,.T.);
#15566 = PLANE('',#15567);
#15567 = AXIS2_PLACEMENT_3D('',#15568,#15569,#15570);
#15568 = CARTESIAN_POINT('',(120.5,-43.,-15.5));
#15569 = DIRECTION('',(-8.659560562355E-17,0.707106781187,0.707106781187
    ));
#15570 = DIRECTION('',(1.,-0.,1.224646799147E-16));
#15571 = ADVANCED_FACE('',(#15572),#15590,.F.);
#15572 = FACE_BOUND('',#15573,.F.);
#15573 = EDGE_LOOP('',(#15574,#15575,#15576,#15584));
#15574 = ORIENTED_EDGE('',*,*,#9906,.F.);
#15575 = ORIENTED_EDGE('',*,*,#15544,.T.);
#15576 = ORIENTED_EDGE('',*,*,#15577,.T.);
#15577 = EDGE_CURVE('',#15545,#15578,#15580,.T.);
#15578 = VERTEX_POINT('',#15579);
#15579 = CARTESIAN_POINT('',(118.5,-44.5,-15.));
#15580 = LINE('',#15581,#15582);
#15581 = CARTESIAN_POINT('',(118.5,-42.5,-15.));
#15582 = VECTOR('',#15583,1.);
#15583 = DIRECTION('',(0.,-1.,0.));
#15584 = ORIENTED_EDGE('',*,*,#15585,.F.);
#15585 = EDGE_CURVE('',#9899,#15578,#15586,.T.);
#15586 = LINE('',#15587,#15588);
#15587 = CARTESIAN_POINT('',(120.5,-44.5,-15.));
#15588 = VECTOR('',#15589,1.);
#15589 = DIRECTION('',(-1.,0.,-1.224646799147E-16));
#15590 = PLANE('',#15591);
#15591 = AXIS2_PLACEMENT_3D('',#15592,#15593,#15594);
#15592 = CARTESIAN_POINT('',(120.5,-42.5,-15.));
#15593 = DIRECTION('',(-1.224646799147E-16,0.,1.));
#15594 = DIRECTION('',(0.,-1.,-0.));
#15595 = ADVANCED_FACE('',(#15596),#15614,.F.);
#15596 = FACE_BOUND('',#15597,.F.);
#15597 = EDGE_LOOP('',(#15598,#15599,#15607,#15613));
#15598 = ORIENTED_EDGE('',*,*,#15585,.T.);
#15599 = ORIENTED_EDGE('',*,*,#15600,.T.);
#15600 = EDGE_CURVE('',#15578,#15601,#15603,.T.);
#15601 = VERTEX_POINT('',#15602);
#15602 = CARTESIAN_POINT('',(118.5,-45.5,-16.));
#15603 = LINE('',#15604,#15605);
#15604 = CARTESIAN_POINT('',(118.5,-44.5,-15.));
#15605 = VECTOR('',#15606,1.);
#15606 = DIRECTION('',(1.336521351773E-15,-0.707106781187,
    -0.707106781187));
#15607 = ORIENTED_EDGE('',*,*,#15608,.F.);
#15608 = EDGE_CURVE('',#9923,#15601,#15609,.T.);
#15609 = LINE('',#15610,#15611);
#15610 = CARTESIAN_POINT('',(120.5,-45.5,-16.));
#15611 = VECTOR('',#15612,1.);
#15612 = DIRECTION('',(-1.,0.,-1.224646799147E-16));
#15613 = ORIENTED_EDGE('',*,*,#9930,.F.);
#15614 = PLANE('',#15615);
#15615 = AXIS2_PLACEMENT_3D('',#15616,#15617,#15618);
#15616 = CARTESIAN_POINT('',(120.5,-45.,-15.5));
#15617 = DIRECTION('',(-8.659560562355E-17,-0.707106781187,
    0.707106781187));
#15618 = DIRECTION('',(-1.,0.,-1.224646799147E-16));
#15619 = ADVANCED_FACE('',(#15620),#15638,.F.);
#15620 = FACE_BOUND('',#15621,.F.);
#15621 = EDGE_LOOP('',(#15622,#15623,#15624,#15632));
#15622 = ORIENTED_EDGE('',*,*,#9954,.F.);
#15623 = ORIENTED_EDGE('',*,*,#15608,.T.);
#15624 = ORIENTED_EDGE('',*,*,#15625,.T.);
#15625 = EDGE_CURVE('',#15601,#15626,#15628,.T.);
#15626 = VERTEX_POINT('',#15627);
#15627 = CARTESIAN_POINT('',(118.5,-45.5,-34.));
#15628 = LINE('',#15629,#15630);
#15629 = CARTESIAN_POINT('',(118.5,-45.5,-15.));
#15630 = VECTOR('',#15631,1.);
#15631 = DIRECTION('',(1.224646799147E-16,0.,-1.));
#15632 = ORIENTED_EDGE('',*,*,#15633,.F.);
#15633 = EDGE_CURVE('',#9947,#15626,#15634,.T.);
#15634 = LINE('',#15635,#15636);
#15635 = CARTESIAN_POINT('',(120.5,-45.5,-34.));
#15636 = VECTOR('',#15637,1.);
#15637 = DIRECTION('',(-1.,0.,-1.224646799147E-16));
#15638 = PLANE('',#15639);
#15639 = AXIS2_PLACEMENT_3D('',#15640,#15641,#15642);
#15640 = CARTESIAN_POINT('',(120.5,-45.5,-15.));
#15641 = DIRECTION('',(0.,-1.,-0.));
#15642 = DIRECTION('',(1.224646799147E-16,0.,-1.));
#15643 = ADVANCED_FACE('',(#15644),#15662,.F.);
#15644 = FACE_BOUND('',#15645,.F.);
#15645 = EDGE_LOOP('',(#15646,#15647,#15655,#15661));
#15646 = ORIENTED_EDGE('',*,*,#15633,.T.);
#15647 = ORIENTED_EDGE('',*,*,#15648,.T.);
#15648 = EDGE_CURVE('',#15626,#15649,#15651,.T.);
#15649 = VERTEX_POINT('',#15650);
#15650 = CARTESIAN_POINT('',(118.5,-44.5,-35.));
#15651 = LINE('',#15652,#15653);
#15652 = CARTESIAN_POINT('',(118.5,-45.5,-34.));
#15653 = VECTOR('',#15654,1.);
#15654 = DIRECTION('',(2.682595232241E-15,0.707106781187,-0.707106781187
    ));
#15655 = ORIENTED_EDGE('',*,*,#15656,.F.);
#15656 = EDGE_CURVE('',#9971,#15649,#15657,.T.);
#15657 = LINE('',#15658,#15659);
#15658 = CARTESIAN_POINT('',(120.5,-44.5,-35.));
#15659 = VECTOR('',#15660,1.);
#15660 = DIRECTION('',(-1.,0.,-1.224646799147E-16));
#15661 = ORIENTED_EDGE('',*,*,#9978,.T.);
#15662 = PLANE('',#15663);
#15663 = AXIS2_PLACEMENT_3D('',#15664,#15665,#15666);
#15664 = CARTESIAN_POINT('',(120.5,-45.,-34.5));
#15665 = DIRECTION('',(8.659560562355E-17,-0.707106781187,
    -0.707106781187));
#15666 = DIRECTION('',(-1.,0.,-1.224646799147E-16));
#15667 = ADVANCED_FACE('',(#15668),#15686,.F.);
#15668 = FACE_BOUND('',#15669,.F.);
#15669 = EDGE_LOOP('',(#15670,#15671,#15672,#15680));
#15670 = ORIENTED_EDGE('',*,*,#10002,.F.);
#15671 = ORIENTED_EDGE('',*,*,#15656,.T.);
#15672 = ORIENTED_EDGE('',*,*,#15673,.T.);
#15673 = EDGE_CURVE('',#15649,#15674,#15676,.T.);
#15674 = VERTEX_POINT('',#15675);
#15675 = CARTESIAN_POINT('',(118.5,-43.5,-35.));
#15676 = LINE('',#15677,#15678);
#15677 = CARTESIAN_POINT('',(118.5,-45.5,-35.));
#15678 = VECTOR('',#15679,1.);
#15679 = DIRECTION('',(0.,1.,0.));
#15680 = ORIENTED_EDGE('',*,*,#15681,.F.);
#15681 = EDGE_CURVE('',#9995,#15674,#15682,.T.);
#15682 = LINE('',#15683,#15684);
#15683 = CARTESIAN_POINT('',(120.5,-43.5,-35.));
#15684 = VECTOR('',#15685,1.);
#15685 = DIRECTION('',(-1.,0.,-1.224646799147E-16));
#15686 = PLANE('',#15687);
#15687 = AXIS2_PLACEMENT_3D('',#15688,#15689,#15690);
#15688 = CARTESIAN_POINT('',(120.5,-45.5,-35.));
#15689 = DIRECTION('',(1.224646799147E-16,0.,-1.));
#15690 = DIRECTION('',(0.,1.,0.));
#15691 = ADVANCED_FACE('',(#15692),#15710,.F.);
#15692 = FACE_BOUND('',#15693,.F.);
#15693 = EDGE_LOOP('',(#15694,#15695,#15703,#15709));
#15694 = ORIENTED_EDGE('',*,*,#15681,.T.);
#15695 = ORIENTED_EDGE('',*,*,#15696,.T.);
#15696 = EDGE_CURVE('',#15674,#15697,#15699,.T.);
#15697 = VERTEX_POINT('',#15698);
#15698 = CARTESIAN_POINT('',(118.5,-42.5,-34.));
#15699 = LINE('',#15700,#15701);
#15700 = CARTESIAN_POINT('',(118.5,-43.5,-35.));
#15701 = VECTOR('',#15702,1.);
#15702 = DIRECTION('',(-5.086298590221E-15,0.707106781187,0.707106781187
    ));
#15703 = ORIENTED_EDGE('',*,*,#15704,.F.);
#15704 = EDGE_CURVE('',#10019,#15697,#15705,.T.);
#15705 = LINE('',#15706,#15707);
#15706 = CARTESIAN_POINT('',(120.5,-42.5,-34.));
#15707 = VECTOR('',#15708,1.);
#15708 = DIRECTION('',(-1.,0.,-1.224646799147E-16));
#15709 = ORIENTED_EDGE('',*,*,#10026,.T.);
#15710 = PLANE('',#15711);
#15711 = AXIS2_PLACEMENT_3D('',#15712,#15713,#15714);
#15712 = CARTESIAN_POINT('',(120.5,-43.,-34.5));
#15713 = DIRECTION('',(8.659560562355E-17,0.707106781187,-0.707106781187
    ));
#15714 = DIRECTION('',(-1.,0.,-1.224646799147E-16));
#15715 = ADVANCED_FACE('',(#15716),#15727,.F.);
#15716 = FACE_BOUND('',#15717,.F.);
#15717 = EDGE_LOOP('',(#15718,#15719,#15720,#15726));
#15718 = ORIENTED_EDGE('',*,*,#10043,.F.);
#15719 = ORIENTED_EDGE('',*,*,#15704,.T.);
#15720 = ORIENTED_EDGE('',*,*,#15721,.T.);
#15721 = EDGE_CURVE('',#15697,#15553,#15722,.T.);
#15722 = LINE('',#15723,#15724);
#15723 = CARTESIAN_POINT('',(118.5,-42.5,-35.));
#15724 = VECTOR('',#15725,1.);
#15725 = DIRECTION('',(-1.224646799147E-16,0.,1.));
#15726 = ORIENTED_EDGE('',*,*,#15560,.F.);
#15727 = PLANE('',#15728);
#15728 = AXIS2_PLACEMENT_3D('',#15729,#15730,#15731);
#15729 = CARTESIAN_POINT('',(120.5,-42.5,-35.));
#15730 = DIRECTION('',(0.,1.,0.));
#15731 = DIRECTION('',(-1.224646799147E-16,0.,1.));
#15732 = ADVANCED_FACE('',(#15733),#15758,.F.);
#15733 = FACE_BOUND('',#15734,.T.);
#15734 = EDGE_LOOP('',(#15735,#15743,#15751,#15757));
#15735 = ORIENTED_EDGE('',*,*,#15736,.T.);
#15736 = EDGE_CURVE('',#10058,#15737,#15739,.T.);
#15737 = VERTEX_POINT('',#15738);
#15738 = CARTESIAN_POINT('',(118.5,-51.,-15.));
#15739 = LINE('',#15740,#15741);
#15740 = CARTESIAN_POINT('',(120.5,-51.,-15.));
#15741 = VECTOR('',#15742,1.);
#15742 = DIRECTION('',(-1.,0.,-1.224646799147E-16));
#15743 = ORIENTED_EDGE('',*,*,#15744,.F.);
#15744 = EDGE_CURVE('',#15745,#15737,#15747,.T.);
#15745 = VERTEX_POINT('',#15746);
#15746 = CARTESIAN_POINT('',(118.5,-50.,-16.));
#15747 = LINE('',#15748,#15749);
#15748 = CARTESIAN_POINT('',(118.5,-50.,-16.));
#15749 = VECTOR('',#15750,1.);
#15750 = DIRECTION('',(-1.240373217454E-15,-0.707106781187,
    0.707106781187));
#15751 = ORIENTED_EDGE('',*,*,#15752,.F.);
#15752 = EDGE_CURVE('',#10066,#15745,#15753,.T.);
#15753 = LINE('',#15754,#15755);
#15754 = CARTESIAN_POINT('',(120.5,-50.,-16.));
#15755 = VECTOR('',#15756,1.);
#15756 = DIRECTION('',(-1.,0.,-1.224646799147E-16));
#15757 = ORIENTED_EDGE('',*,*,#10065,.T.);
#15758 = PLANE('',#15759);
#15759 = AXIS2_PLACEMENT_3D('',#15760,#15761,#15762);
#15760 = CARTESIAN_POINT('',(120.5,-50.5,-15.5));
#15761 = DIRECTION('',(-8.659560562355E-17,0.707106781187,0.707106781187
    ));
#15762 = DIRECTION('',(1.,-0.,1.224646799147E-16));
#15763 = ADVANCED_FACE('',(#15764),#15782,.F.);
#15764 = FACE_BOUND('',#15765,.F.);
#15765 = EDGE_LOOP('',(#15766,#15767,#15768,#15776));
#15766 = ORIENTED_EDGE('',*,*,#10098,.F.);
#15767 = ORIENTED_EDGE('',*,*,#15736,.T.);
#15768 = ORIENTED_EDGE('',*,*,#15769,.T.);
#15769 = EDGE_CURVE('',#15737,#15770,#15772,.T.);
#15770 = VERTEX_POINT('',#15771);
#15771 = CARTESIAN_POINT('',(118.5,-52.,-15.));
#15772 = LINE('',#15773,#15774);
#15773 = CARTESIAN_POINT('',(118.5,-50.,-15.));
#15774 = VECTOR('',#15775,1.);
#15775 = DIRECTION('',(0.,-1.,0.));
#15776 = ORIENTED_EDGE('',*,*,#15777,.F.);
#15777 = EDGE_CURVE('',#10091,#15770,#15778,.T.);
#15778 = LINE('',#15779,#15780);
#15779 = CARTESIAN_POINT('',(120.5,-52.,-15.));
#15780 = VECTOR('',#15781,1.);
#15781 = DIRECTION('',(-1.,0.,-1.224646799147E-16));
#15782 = PLANE('',#15783);
#15783 = AXIS2_PLACEMENT_3D('',#15784,#15785,#15786);
#15784 = CARTESIAN_POINT('',(120.5,-50.,-15.));
#15785 = DIRECTION('',(-1.224646799147E-16,0.,1.));
#15786 = DIRECTION('',(0.,-1.,-0.));
#15787 = ADVANCED_FACE('',(#15788),#15806,.F.);
#15788 = FACE_BOUND('',#15789,.F.);
#15789 = EDGE_LOOP('',(#15790,#15791,#15799,#15805));
#15790 = ORIENTED_EDGE('',*,*,#15777,.T.);
#15791 = ORIENTED_EDGE('',*,*,#15792,.T.);
#15792 = EDGE_CURVE('',#15770,#15793,#15795,.T.);
#15793 = VERTEX_POINT('',#15794);
#15794 = CARTESIAN_POINT('',(118.5,-53.,-16.));
#15795 = LINE('',#15796,#15797);
#15796 = CARTESIAN_POINT('',(118.5,-52.,-15.));
#15797 = VECTOR('',#15798,1.);
#15798 = DIRECTION('',(1.336521351773E-15,-0.707106781187,
    -0.707106781187));
#15799 = ORIENTED_EDGE('',*,*,#15800,.F.);
#15800 = EDGE_CURVE('',#10115,#15793,#15801,.T.);
#15801 = LINE('',#15802,#15803);
#15802 = CARTESIAN_POINT('',(120.5,-53.,-16.));
#15803 = VECTOR('',#15804,1.);
#15804 = DIRECTION('',(-1.,0.,-1.224646799147E-16));
#15805 = ORIENTED_EDGE('',*,*,#10122,.F.);
#15806 = PLANE('',#15807);
#15807 = AXIS2_PLACEMENT_3D('',#15808,#15809,#15810);
#15808 = CARTESIAN_POINT('',(120.5,-52.5,-15.5));
#15809 = DIRECTION('',(-8.659560562355E-17,-0.707106781187,
    0.707106781187));
#15810 = DIRECTION('',(-1.,0.,-1.224646799147E-16));
#15811 = ADVANCED_FACE('',(#15812),#15830,.F.);
#15812 = FACE_BOUND('',#15813,.F.);
#15813 = EDGE_LOOP('',(#15814,#15815,#15816,#15824));
#15814 = ORIENTED_EDGE('',*,*,#10146,.F.);
#15815 = ORIENTED_EDGE('',*,*,#15800,.T.);
#15816 = ORIENTED_EDGE('',*,*,#15817,.T.);
#15817 = EDGE_CURVE('',#15793,#15818,#15820,.T.);
#15818 = VERTEX_POINT('',#15819);
#15819 = CARTESIAN_POINT('',(118.5,-53.,-34.));
#15820 = LINE('',#15821,#15822);
#15821 = CARTESIAN_POINT('',(118.5,-53.,-15.));
#15822 = VECTOR('',#15823,1.);
#15823 = DIRECTION('',(1.224646799147E-16,0.,-1.));
#15824 = ORIENTED_EDGE('',*,*,#15825,.F.);
#15825 = EDGE_CURVE('',#10139,#15818,#15826,.T.);
#15826 = LINE('',#15827,#15828);
#15827 = CARTESIAN_POINT('',(120.5,-53.,-34.));
#15828 = VECTOR('',#15829,1.);
#15829 = DIRECTION('',(-1.,0.,-1.224646799147E-16));
#15830 = PLANE('',#15831);
#15831 = AXIS2_PLACEMENT_3D('',#15832,#15833,#15834);
#15832 = CARTESIAN_POINT('',(120.5,-53.,-15.));
#15833 = DIRECTION('',(0.,-1.,-0.));
#15834 = DIRECTION('',(1.224646799147E-16,0.,-1.));
#15835 = ADVANCED_FACE('',(#15836),#15854,.F.);
#15836 = FACE_BOUND('',#15837,.F.);
#15837 = EDGE_LOOP('',(#15838,#15839,#15847,#15853));
#15838 = ORIENTED_EDGE('',*,*,#15825,.T.);
#15839 = ORIENTED_EDGE('',*,*,#15840,.T.);
#15840 = EDGE_CURVE('',#15818,#15841,#15843,.T.);
#15841 = VERTEX_POINT('',#15842);
#15842 = CARTESIAN_POINT('',(118.5,-52.,-35.));
#15843 = LINE('',#15844,#15845);
#15844 = CARTESIAN_POINT('',(118.5,-53.,-34.));
#15845 = VECTOR('',#15846,1.);
#15846 = DIRECTION('',(2.682595232241E-15,0.707106781187,-0.707106781187
    ));
#15847 = ORIENTED_EDGE('',*,*,#15848,.F.);
#15848 = EDGE_CURVE('',#10163,#15841,#15849,.T.);
#15849 = LINE('',#15850,#15851);
#15850 = CARTESIAN_POINT('',(120.5,-52.,-35.));
#15851 = VECTOR('',#15852,1.);
#15852 = DIRECTION('',(-1.,0.,-1.224646799147E-16));
#15853 = ORIENTED_EDGE('',*,*,#10170,.T.);
#15854 = PLANE('',#15855);
#15855 = AXIS2_PLACEMENT_3D('',#15856,#15857,#15858);
#15856 = CARTESIAN_POINT('',(120.5,-52.5,-34.5));
#15857 = DIRECTION('',(8.659560562355E-17,-0.707106781187,
    -0.707106781187));
#15858 = DIRECTION('',(-1.,0.,-1.224646799147E-16));
#15859 = ADVANCED_FACE('',(#15860),#15878,.F.);
#15860 = FACE_BOUND('',#15861,.F.);
#15861 = EDGE_LOOP('',(#15862,#15863,#15864,#15872));
#15862 = ORIENTED_EDGE('',*,*,#10194,.F.);
#15863 = ORIENTED_EDGE('',*,*,#15848,.T.);
#15864 = ORIENTED_EDGE('',*,*,#15865,.T.);
#15865 = EDGE_CURVE('',#15841,#15866,#15868,.T.);
#15866 = VERTEX_POINT('',#15867);
#15867 = CARTESIAN_POINT('',(118.5,-51.,-35.));
#15868 = LINE('',#15869,#15870);
#15869 = CARTESIAN_POINT('',(118.5,-53.,-35.));
#15870 = VECTOR('',#15871,1.);
#15871 = DIRECTION('',(0.,1.,0.));
#15872 = ORIENTED_EDGE('',*,*,#15873,.F.);
#15873 = EDGE_CURVE('',#10187,#15866,#15874,.T.);
#15874 = LINE('',#15875,#15876);
#15875 = CARTESIAN_POINT('',(120.5,-51.,-35.));
#15876 = VECTOR('',#15877,1.);
#15877 = DIRECTION('',(-1.,0.,-1.224646799147E-16));
#15878 = PLANE('',#15879);
#15879 = AXIS2_PLACEMENT_3D('',#15880,#15881,#15882);
#15880 = CARTESIAN_POINT('',(120.5,-53.,-35.));
#15881 = DIRECTION('',(1.224646799147E-16,0.,-1.));
#15882 = DIRECTION('',(0.,1.,0.));
#15883 = ADVANCED_FACE('',(#15884),#15902,.F.);
#15884 = FACE_BOUND('',#15885,.F.);
#15885 = EDGE_LOOP('',(#15886,#15887,#15895,#15901));
#15886 = ORIENTED_EDGE('',*,*,#15873,.T.);
#15887 = ORIENTED_EDGE('',*,*,#15888,.T.);
#15888 = EDGE_CURVE('',#15866,#15889,#15891,.T.);
#15889 = VERTEX_POINT('',#15890);
#15890 = CARTESIAN_POINT('',(118.5,-50.,-34.));
#15891 = LINE('',#15892,#15893);
#15892 = CARTESIAN_POINT('',(118.5,-51.,-35.));
#15893 = VECTOR('',#15894,1.);
#15894 = DIRECTION('',(-5.086298590221E-15,0.707106781187,0.707106781187
    ));
#15895 = ORIENTED_EDGE('',*,*,#15896,.F.);
#15896 = EDGE_CURVE('',#10211,#15889,#15897,.T.);
#15897 = LINE('',#15898,#15899);
#15898 = CARTESIAN_POINT('',(120.5,-50.,-34.));
#15899 = VECTOR('',#15900,1.);
#15900 = DIRECTION('',(-1.,0.,-1.224646799147E-16));
#15901 = ORIENTED_EDGE('',*,*,#10218,.T.);
#15902 = PLANE('',#15903);
#15903 = AXIS2_PLACEMENT_3D('',#15904,#15905,#15906);
#15904 = CARTESIAN_POINT('',(120.5,-50.5,-34.5));
#15905 = DIRECTION('',(8.659560562355E-17,0.707106781187,-0.707106781187
    ));
#15906 = DIRECTION('',(-1.,0.,-1.224646799147E-16));
#15907 = ADVANCED_FACE('',(#15908),#15919,.F.);
#15908 = FACE_BOUND('',#15909,.F.);
#15909 = EDGE_LOOP('',(#15910,#15911,#15912,#15918));
#15910 = ORIENTED_EDGE('',*,*,#10235,.F.);
#15911 = ORIENTED_EDGE('',*,*,#15896,.T.);
#15912 = ORIENTED_EDGE('',*,*,#15913,.T.);
#15913 = EDGE_CURVE('',#15889,#15745,#15914,.T.);
#15914 = LINE('',#15915,#15916);
#15915 = CARTESIAN_POINT('',(118.5,-50.,-35.));
#15916 = VECTOR('',#15917,1.);
#15917 = DIRECTION('',(-1.224646799147E-16,0.,1.));
#15918 = ORIENTED_EDGE('',*,*,#15752,.F.);
#15919 = PLANE('',#15920);
#15920 = AXIS2_PLACEMENT_3D('',#15921,#15922,#15923);
#15921 = CARTESIAN_POINT('',(120.5,-50.,-35.));
#15922 = DIRECTION('',(0.,1.,0.));
#15923 = DIRECTION('',(-1.224646799147E-16,0.,1.));
#15924 = ADVANCED_FACE('',(#15925,#15928),#15931,.T.);
#15925 = FACE_BOUND('',#15926,.T.);
#15926 = EDGE_LOOP('',(#15927));
#15927 = ORIENTED_EDGE('',*,*,#10258,.F.);
#15928 = FACE_BOUND('',#15929,.T.);
#15929 = EDGE_LOOP('',(#15930));
#15930 = ORIENTED_EDGE('',*,*,#13687,.F.);
#15931 = PLANE('',#15932);
#15932 = AXIS2_PLACEMENT_3D('',#15933,#15934,#15935);
#15933 = CARTESIAN_POINT('',(111.5,-1.42108547152E-14,-4.));
#15934 = DIRECTION('',(1.224646799147E-16,0.,-1.));
#15935 = DIRECTION('',(-1.,0.,-1.224646799147E-16));
#15936 = ADVANCED_FACE('',(#15937),#15953,.T.);
#15937 = FACE_BOUND('',#15938,.T.);
#15938 = EDGE_LOOP('',(#15939,#15945,#15946,#15952));
#15939 = ORIENTED_EDGE('',*,*,#15940,.T.);
#15940 = EDGE_CURVE('',#11417,#14010,#15941,.T.);
#15941 = LINE('',#15942,#15943);
#15942 = CARTESIAN_POINT('',(118.25,53.25,-34.));
#15943 = VECTOR('',#15944,1.);
#15944 = DIRECTION('',(0.707106781187,-0.707106781187,1.018214970914E-14
    ));
#15945 = ORIENTED_EDGE('',*,*,#14017,.T.);
#15946 = ORIENTED_EDGE('',*,*,#15947,.F.);
#15947 = EDGE_CURVE('',#11419,#14018,#15948,.T.);
#15948 = LINE('',#15949,#15950);
#15949 = CARTESIAN_POINT('',(117.75,53.75,-16.));
#15950 = VECTOR('',#15951,1.);
#15951 = DIRECTION('',(0.707106781187,-0.707106781187,
    -7.509107005592E-15));
#15952 = ORIENTED_EDGE('',*,*,#11416,.F.);
#15953 = PLANE('',#15954);
#15954 = AXIS2_PLACEMENT_3D('',#15955,#15956,#15957);
#15955 = CARTESIAN_POINT('',(118.,53.5,-35.));
#15956 = DIRECTION('',(-0.707106781187,-0.707106781187,
    -8.659560562355E-17));
#15957 = DIRECTION('',(-1.224646799147E-16,0.,1.));
#15958 = ADVANCED_FACE('',(#15959),#15970,.F.);
#15959 = FACE_BOUND('',#15960,.F.);
#15960 = EDGE_LOOP('',(#15961,#15967,#15968,#15969));
#15961 = ORIENTED_EDGE('',*,*,#15962,.F.);
#15962 = EDGE_CURVE('',#11427,#14040,#15963,.T.);
#15963 = LINE('',#15964,#15965);
#15964 = CARTESIAN_POINT('',(117.75,52.,-35.75));
#15965 = VECTOR('',#15966,1.);
#15966 = DIRECTION('',(0.707106781187,-1.009555410351E-14,0.707106781187
    ));
#15967 = ORIENTED_EDGE('',*,*,#11426,.T.);
#15968 = ORIENTED_EDGE('',*,*,#15940,.T.);
#15969 = ORIENTED_EDGE('',*,*,#14047,.F.);
#15970 = PLANE('',#15971);
#15971 = AXIS2_PLACEMENT_3D('',#15972,#15973,#15974);
#15972 = CARTESIAN_POINT('',(117.5,52.,-36.));
#15973 = DIRECTION('',(0.57735026919,0.57735026919,-0.57735026919));
#15974 = DIRECTION('',(-8.659560562355E-17,0.707106781187,0.707106781187
    ));
#15975 = ADVANCED_FACE('',(#15976),#15987,.F.);
#15976 = FACE_BOUND('',#15977,.F.);
#15977 = EDGE_LOOP('',(#15978,#15979,#15980,#15986));
#15978 = ORIENTED_EDGE('',*,*,#15947,.F.);
#15979 = ORIENTED_EDGE('',*,*,#11474,.T.);
#15980 = ORIENTED_EDGE('',*,*,#15981,.T.);
#15981 = EDGE_CURVE('',#11467,#14064,#15982,.T.);
#15982 = LINE('',#15983,#15984);
#15983 = CARTESIAN_POINT('',(118.25,52.,-14.75));
#15984 = VECTOR('',#15985,1.);
#15985 = DIRECTION('',(0.707106781187,-5.095851118916E-15,
    -0.707106781187));
#15986 = ORIENTED_EDGE('',*,*,#14071,.F.);
#15987 = PLANE('',#15988);
#15988 = AXIS2_PLACEMENT_3D('',#15989,#15990,#15991);
#15989 = CARTESIAN_POINT('',(117.5,54.,-16.));
#15990 = DIRECTION('',(0.57735026919,0.57735026919,0.57735026919));
#15991 = DIRECTION('',(-1.143511812392E-16,-0.707106781187,
    0.707106781187));
#15992 = ADVANCED_FACE('',(#15993),#16004,.T.);
#15993 = FACE_BOUND('',#15994,.T.);
#15994 = EDGE_LOOP('',(#15995,#16001,#16002,#16003));
#15995 = ORIENTED_EDGE('',*,*,#15996,.T.);
#15996 = EDGE_CURVE('',#11435,#14090,#15997,.T.);
#15997 = LINE('',#15998,#15999);
#15998 = CARTESIAN_POINT('',(118.25,51.,-35.25));
#15999 = VECTOR('',#16000,1.);
#16000 = DIRECTION('',(0.707106781187,0.,0.707106781187));
#16001 = ORIENTED_EDGE('',*,*,#14097,.T.);
#16002 = ORIENTED_EDGE('',*,*,#15962,.F.);
#16003 = ORIENTED_EDGE('',*,*,#11434,.F.);
#16004 = PLANE('',#16005);
#16005 = AXIS2_PLACEMENT_3D('',#16006,#16007,#16008);
#16006 = CARTESIAN_POINT('',(118.,50.,-35.5));
#16007 = DIRECTION('',(-0.707106781187,0.,0.707106781187));
#16008 = DIRECTION('',(0.,1.,0.));
#16009 = ADVANCED_FACE('',(#16010),#16021,.T.);
#16010 = FACE_BOUND('',#16011,.T.);
#16011 = EDGE_LOOP('',(#16012,#16013,#16014,#16020));
#16012 = ORIENTED_EDGE('',*,*,#15981,.T.);
#16013 = ORIENTED_EDGE('',*,*,#14112,.T.);
#16014 = ORIENTED_EDGE('',*,*,#16015,.F.);
#16015 = EDGE_CURVE('',#11459,#14113,#16016,.T.);
#16016 = LINE('',#16017,#16018);
#16017 = CARTESIAN_POINT('',(117.75,51.,-14.25));
#16018 = VECTOR('',#16019,1.);
#16019 = DIRECTION('',(0.707106781187,-1.259540559581E-14,
    -0.707106781187));
#16020 = ORIENTED_EDGE('',*,*,#11466,.F.);
#16021 = PLANE('',#16022);
#16022 = AXIS2_PLACEMENT_3D('',#16023,#16024,#16025);
#16023 = CARTESIAN_POINT('',(118.,53.,-14.5));
#16024 = DIRECTION('',(-0.707106781187,0.,-0.707106781187));
#16025 = DIRECTION('',(0.,-1.,-0.));
#16026 = ADVANCED_FACE('',(#16027),#16038,.F.);
#16027 = FACE_BOUND('',#16028,.F.);
#16028 = EDGE_LOOP('',(#16029,#16035,#16036,#16037));
#16029 = ORIENTED_EDGE('',*,*,#16030,.F.);
#16030 = EDGE_CURVE('',#11443,#14136,#16031,.T.);
#16031 = LINE('',#16032,#16033);
#16032 = CARTESIAN_POINT('',(117.75,49.25,-34.));
#16033 = VECTOR('',#16034,1.);
#16034 = DIRECTION('',(0.707106781187,0.707106781187,-4.913107378974E-15
    ));
#16035 = ORIENTED_EDGE('',*,*,#11442,.T.);
#16036 = ORIENTED_EDGE('',*,*,#15996,.T.);
#16037 = ORIENTED_EDGE('',*,*,#14143,.F.);
#16038 = PLANE('',#16039);
#16039 = AXIS2_PLACEMENT_3D('',#16040,#16041,#16042);
#16040 = CARTESIAN_POINT('',(117.5,49.,-34.));
#16041 = DIRECTION('',(0.57735026919,-0.57735026919,-0.57735026919));
#16042 = DIRECTION('',(1.421067568548E-16,0.707106781187,-0.707106781187
    ));
#16043 = ADVANCED_FACE('',(#16044),#16055,.F.);
#16044 = FACE_BOUND('',#16045,.F.);
#16045 = EDGE_LOOP('',(#16046,#16047,#16048,#16054));
#16046 = ORIENTED_EDGE('',*,*,#16015,.F.);
#16047 = ORIENTED_EDGE('',*,*,#11458,.T.);
#16048 = ORIENTED_EDGE('',*,*,#16049,.T.);
#16049 = EDGE_CURVE('',#11451,#14161,#16050,.T.);
#16050 = LINE('',#16051,#16052);
#16051 = CARTESIAN_POINT('',(118.25,49.75,-16.));
#16052 = VECTOR('',#16053,1.);
#16053 = DIRECTION('',(0.707106781187,0.707106781187,1.40280750819E-14)
  );
#16054 = ORIENTED_EDGE('',*,*,#14160,.F.);
#16055 = PLANE('',#16056);
#16056 = AXIS2_PLACEMENT_3D('',#16057,#16058,#16059);
#16057 = CARTESIAN_POINT('',(117.5,51.,-14.));
#16058 = DIRECTION('',(0.57735026919,-0.57735026919,0.57735026919));
#16059 = DIRECTION('',(3.328878776663E-18,-0.707106781187,
    -0.707106781187));
#16060 = ADVANCED_FACE('',(#16061),#16067,.T.);
#16061 = FACE_BOUND('',#16062,.T.);
#16062 = EDGE_LOOP('',(#16063,#16064,#16065,#16066));
#16063 = ORIENTED_EDGE('',*,*,#16049,.T.);
#16064 = ORIENTED_EDGE('',*,*,#14186,.T.);
#16065 = ORIENTED_EDGE('',*,*,#16030,.F.);
#16066 = ORIENTED_EDGE('',*,*,#11450,.F.);
#16067 = PLANE('',#16068);
#16068 = AXIS2_PLACEMENT_3D('',#16069,#16070,#16071);
#16069 = CARTESIAN_POINT('',(118.,49.5,-15.));
#16070 = DIRECTION('',(-0.707106781187,0.707106781187,
    -8.659560562355E-17));
#16071 = DIRECTION('',(1.224646799147E-16,0.,-1.));
#16072 = ADVANCED_FACE('',(#16073),#16089,.T.);
#16073 = FACE_BOUND('',#16074,.T.);
#16074 = EDGE_LOOP('',(#16075,#16081,#16082,#16088));
#16075 = ORIENTED_EDGE('',*,*,#16076,.T.);
#16076 = EDGE_CURVE('',#11483,#14201,#16077,.T.);
#16077 = LINE('',#16078,#16079);
#16078 = CARTESIAN_POINT('',(118.25,44.5,-14.75));
#16079 = VECTOR('',#16080,1.);
#16080 = DIRECTION('',(0.707106781187,-5.095851118916E-15,
    -0.707106781187));
#16081 = ORIENTED_EDGE('',*,*,#14233,.T.);
#16082 = ORIENTED_EDGE('',*,*,#16083,.F.);
#16083 = EDGE_CURVE('',#11485,#14234,#16084,.T.);
#16084 = LINE('',#16085,#16086);
#16085 = CARTESIAN_POINT('',(117.75,43.5,-14.25));
#16086 = VECTOR('',#16087,1.);
#16087 = DIRECTION('',(0.707106781187,-1.259540559581E-14,
    -0.707106781187));
#16088 = ORIENTED_EDGE('',*,*,#11482,.F.);
#16089 = PLANE('',#16090);
#16090 = AXIS2_PLACEMENT_3D('',#16091,#16092,#16093);
#16091 = CARTESIAN_POINT('',(118.,45.5,-14.5));
#16092 = DIRECTION('',(-0.707106781187,0.,-0.707106781187));
#16093 = DIRECTION('',(0.,-1.,-0.));
#16094 = ADVANCED_FACE('',(#16095),#16106,.T.);
#16095 = FACE_BOUND('',#16096,.T.);
#16096 = EDGE_LOOP('',(#16097,#16098,#16099,#16105));
#16097 = ORIENTED_EDGE('',*,*,#16083,.T.);
#16098 = ORIENTED_EDGE('',*,*,#14256,.T.);
#16099 = ORIENTED_EDGE('',*,*,#16100,.F.);
#16100 = EDGE_CURVE('',#11533,#14257,#16101,.T.);
#16101 = LINE('',#16102,#16103);
#16102 = CARTESIAN_POINT('',(118.25,42.25,-16.));
#16103 = VECTOR('',#16104,1.);
#16104 = DIRECTION('',(0.707106781187,0.707106781187,1.40280750819E-14)
  );
#16105 = ORIENTED_EDGE('',*,*,#11540,.F.);
#16106 = PLANE('',#16107);
#16107 = AXIS2_PLACEMENT_3D('',#16108,#16109,#16110);
#16108 = CARTESIAN_POINT('',(117.9,42.7,-15.2));
#16109 = DIRECTION('',(-0.57735026919,0.57735026919,-0.57735026919));
#16110 = DIRECTION('',(-8.659560562355E-17,0.707106781187,0.707106781187
    ));
#16111 = ADVANCED_FACE('',(#16112),#16123,.T.);
#16112 = FACE_BOUND('',#16113,.T.);
#16113 = EDGE_LOOP('',(#16114,#16115,#16116,#16122));
#16114 = ORIENTED_EDGE('',*,*,#16100,.T.);
#16115 = ORIENTED_EDGE('',*,*,#14281,.T.);
#16116 = ORIENTED_EDGE('',*,*,#16117,.F.);
#16117 = EDGE_CURVE('',#11525,#14282,#16118,.T.);
#16118 = LINE('',#16119,#16120);
#16119 = CARTESIAN_POINT('',(117.75,41.75,-34.));
#16120 = VECTOR('',#16121,1.);
#16121 = DIRECTION('',(0.707106781187,0.707106781187,-4.913107378974E-15
    ));
#16122 = ORIENTED_EDGE('',*,*,#11532,.F.);
#16123 = PLANE('',#16124);
#16124 = AXIS2_PLACEMENT_3D('',#16125,#16126,#16127);
#16125 = CARTESIAN_POINT('',(118.,42.,-15.));
#16126 = DIRECTION('',(-0.707106781187,0.707106781187,
    -8.659560562355E-17));
#16127 = DIRECTION('',(1.224646799147E-16,0.,-1.));
#16128 = ADVANCED_FACE('',(#16129),#16140,.T.);
#16129 = FACE_BOUND('',#16130,.T.);
#16130 = EDGE_LOOP('',(#16131,#16132,#16133,#16139));
#16131 = ORIENTED_EDGE('',*,*,#16117,.T.);
#16132 = ORIENTED_EDGE('',*,*,#14304,.T.);
#16133 = ORIENTED_EDGE('',*,*,#16134,.F.);
#16134 = EDGE_CURVE('',#11517,#14305,#16135,.T.);
#16135 = LINE('',#16136,#16137);
#16136 = CARTESIAN_POINT('',(118.25,43.5,-35.25));
#16137 = VECTOR('',#16138,1.);
#16138 = DIRECTION('',(0.707106781187,0.,0.707106781187));
#16139 = ORIENTED_EDGE('',*,*,#11524,.F.);
#16140 = PLANE('',#16141);
#16141 = AXIS2_PLACEMENT_3D('',#16142,#16143,#16144);
#16142 = CARTESIAN_POINT('',(117.9,42.7,-34.8));
#16143 = DIRECTION('',(-0.57735026919,0.57735026919,0.57735026919));
#16144 = DIRECTION('',(-0.707106781187,-0.707106781187,
    -5.884003000792E-17));
#16145 = ADVANCED_FACE('',(#16146),#16157,.T.);
#16146 = FACE_BOUND('',#16147,.T.);
#16147 = EDGE_LOOP('',(#16148,#16149,#16150,#16156));
#16148 = ORIENTED_EDGE('',*,*,#16134,.T.);
#16149 = ORIENTED_EDGE('',*,*,#14329,.T.);
#16150 = ORIENTED_EDGE('',*,*,#16151,.F.);
#16151 = EDGE_CURVE('',#11509,#14330,#16152,.T.);
#16152 = LINE('',#16153,#16154);
#16153 = CARTESIAN_POINT('',(117.75,44.5,-35.75));
#16154 = VECTOR('',#16155,1.);
#16155 = DIRECTION('',(0.707106781187,-1.009555410351E-14,0.707106781187
    ));
#16156 = ORIENTED_EDGE('',*,*,#11516,.F.);
#16157 = PLANE('',#16158);
#16158 = AXIS2_PLACEMENT_3D('',#16159,#16160,#16161);
#16159 = CARTESIAN_POINT('',(118.,42.5,-35.5));
#16160 = DIRECTION('',(-0.707106781187,0.,0.707106781187));
#16161 = DIRECTION('',(0.,1.,0.));
#16162 = ADVANCED_FACE('',(#16163),#16174,.T.);
#16163 = FACE_BOUND('',#16164,.T.);
#16164 = EDGE_LOOP('',(#16165,#16166,#16167,#16173));
#16165 = ORIENTED_EDGE('',*,*,#16151,.T.);
#16166 = ORIENTED_EDGE('',*,*,#14352,.T.);
#16167 = ORIENTED_EDGE('',*,*,#16168,.F.);
#16168 = EDGE_CURVE('',#11501,#14353,#16169,.T.);
#16169 = LINE('',#16170,#16171);
#16170 = CARTESIAN_POINT('',(118.25,45.75,-34.));
#16171 = VECTOR('',#16172,1.);
#16172 = DIRECTION('',(0.707106781187,-0.707106781187,1.018214970914E-14
    ));
#16173 = ORIENTED_EDGE('',*,*,#11508,.F.);
#16174 = PLANE('',#16175);
#16175 = AXIS2_PLACEMENT_3D('',#16176,#16177,#16178);
#16176 = CARTESIAN_POINT('',(117.9,45.3,-34.8));
#16177 = DIRECTION('',(-0.57735026919,-0.57735026919,0.57735026919));
#16178 = DIRECTION('',(-0.707106781187,0.707106781187,
    -8.659560562355E-17));
#16179 = ADVANCED_FACE('',(#16180),#16191,.T.);
#16180 = FACE_BOUND('',#16181,.T.);
#16181 = EDGE_LOOP('',(#16182,#16183,#16184,#16190));
#16182 = ORIENTED_EDGE('',*,*,#16168,.T.);
#16183 = ORIENTED_EDGE('',*,*,#14377,.T.);
#16184 = ORIENTED_EDGE('',*,*,#16185,.F.);
#16185 = EDGE_CURVE('',#11493,#14209,#16186,.T.);
#16186 = LINE('',#16187,#16188);
#16187 = CARTESIAN_POINT('',(117.75,46.25,-16.));
#16188 = VECTOR('',#16189,1.);
#16189 = DIRECTION('',(0.707106781187,-0.707106781187,
    -7.509107005592E-15));
#16190 = ORIENTED_EDGE('',*,*,#11500,.F.);
#16191 = PLANE('',#16192);
#16192 = AXIS2_PLACEMENT_3D('',#16193,#16194,#16195);
#16193 = CARTESIAN_POINT('',(118.,46.,-35.));
#16194 = DIRECTION('',(-0.707106781187,-0.707106781187,
    -8.659560562355E-17));
#16195 = DIRECTION('',(-1.224646799147E-16,0.,1.));
#16196 = ADVANCED_FACE('',(#16197),#16203,.T.);
#16197 = FACE_BOUND('',#16198,.T.);
#16198 = EDGE_LOOP('',(#16199,#16200,#16201,#16202));
#16199 = ORIENTED_EDGE('',*,*,#16076,.F.);
#16200 = ORIENTED_EDGE('',*,*,#11492,.F.);
#16201 = ORIENTED_EDGE('',*,*,#16185,.T.);
#16202 = ORIENTED_EDGE('',*,*,#14208,.T.);
#16203 = PLANE('',#16204);
#16204 = AXIS2_PLACEMENT_3D('',#16205,#16206,#16207);
#16205 = CARTESIAN_POINT('',(117.9,45.3,-15.2));
#16206 = DIRECTION('',(-0.57735026919,-0.57735026919,-0.57735026919));
#16207 = DIRECTION('',(8.659560562355E-17,0.707106781187,-0.707106781187
    ));
#16208 = ADVANCED_FACE('',(#16209),#16225,.T.);
#16209 = FACE_BOUND('',#16210,.T.);
#16210 = EDGE_LOOP('',(#16211,#16217,#16218,#16224));
#16211 = ORIENTED_EDGE('',*,*,#16212,.T.);
#16212 = EDGE_CURVE('',#11549,#14393,#16213,.T.);
#16213 = LINE('',#16214,#16215);
#16214 = CARTESIAN_POINT('',(118.25,37.,-14.75));
#16215 = VECTOR('',#16216,1.);
#16216 = DIRECTION('',(0.707106781187,-5.095851118916E-15,
    -0.707106781187));
#16217 = ORIENTED_EDGE('',*,*,#14425,.T.);
#16218 = ORIENTED_EDGE('',*,*,#16219,.F.);
#16219 = EDGE_CURVE('',#11551,#14426,#16220,.T.);
#16220 = LINE('',#16221,#16222);
#16221 = CARTESIAN_POINT('',(117.75,36.,-14.25));
#16222 = VECTOR('',#16223,1.);
#16223 = DIRECTION('',(0.707106781187,-1.259540559581E-14,
    -0.707106781187));
#16224 = ORIENTED_EDGE('',*,*,#11548,.F.);
#16225 = PLANE('',#16226);
#16226 = AXIS2_PLACEMENT_3D('',#16227,#16228,#16229);
#16227 = CARTESIAN_POINT('',(118.,38.,-14.5));
#16228 = DIRECTION('',(-0.707106781187,0.,-0.707106781187));
#16229 = DIRECTION('',(0.,-1.,-0.));
#16230 = ADVANCED_FACE('',(#16231),#16242,.T.);
#16231 = FACE_BOUND('',#16232,.T.);
#16232 = EDGE_LOOP('',(#16233,#16234,#16235,#16241));
#16233 = ORIENTED_EDGE('',*,*,#16219,.T.);
#16234 = ORIENTED_EDGE('',*,*,#14448,.T.);
#16235 = ORIENTED_EDGE('',*,*,#16236,.F.);
#16236 = EDGE_CURVE('',#11599,#14449,#16237,.T.);
#16237 = LINE('',#16238,#16239);
#16238 = CARTESIAN_POINT('',(118.25,34.75,-16.));
#16239 = VECTOR('',#16240,1.);
#16240 = DIRECTION('',(0.707106781187,0.707106781187,1.40280750819E-14)
  );
#16241 = ORIENTED_EDGE('',*,*,#11606,.F.);
#16242 = PLANE('',#16243);
#16243 = AXIS2_PLACEMENT_3D('',#16244,#16245,#16246);
#16244 = CARTESIAN_POINT('',(117.9,35.2,-15.2));
#16245 = DIRECTION('',(-0.57735026919,0.57735026919,-0.57735026919));
#16246 = DIRECTION('',(-8.659560562355E-17,0.707106781187,0.707106781187
    ));
#16247 = ADVANCED_FACE('',(#16248),#16259,.T.);
#16248 = FACE_BOUND('',#16249,.T.);
#16249 = EDGE_LOOP('',(#16250,#16251,#16252,#16258));
#16250 = ORIENTED_EDGE('',*,*,#16236,.T.);
#16251 = ORIENTED_EDGE('',*,*,#14473,.T.);
#16252 = ORIENTED_EDGE('',*,*,#16253,.F.);
#16253 = EDGE_CURVE('',#11591,#14474,#16254,.T.);
#16254 = LINE('',#16255,#16256);
#16255 = CARTESIAN_POINT('',(117.75,34.25,-34.));
#16256 = VECTOR('',#16257,1.);
#16257 = DIRECTION('',(0.707106781187,0.707106781187,-4.913107378974E-15
    ));
#16258 = ORIENTED_EDGE('',*,*,#11598,.F.);
#16259 = PLANE('',#16260);
#16260 = AXIS2_PLACEMENT_3D('',#16261,#16262,#16263);
#16261 = CARTESIAN_POINT('',(118.,34.5,-15.));
#16262 = DIRECTION('',(-0.707106781187,0.707106781187,
    -8.659560562355E-17));
#16263 = DIRECTION('',(1.224646799147E-16,0.,-1.));
#16264 = ADVANCED_FACE('',(#16265),#16276,.T.);
#16265 = FACE_BOUND('',#16266,.T.);
#16266 = EDGE_LOOP('',(#16267,#16268,#16269,#16275));
#16267 = ORIENTED_EDGE('',*,*,#16253,.T.);
#16268 = ORIENTED_EDGE('',*,*,#14496,.T.);
#16269 = ORIENTED_EDGE('',*,*,#16270,.F.);
#16270 = EDGE_CURVE('',#11583,#14497,#16271,.T.);
#16271 = LINE('',#16272,#16273);
#16272 = CARTESIAN_POINT('',(118.25,36.,-35.25));
#16273 = VECTOR('',#16274,1.);
#16274 = DIRECTION('',(0.707106781187,0.,0.707106781187));
#16275 = ORIENTED_EDGE('',*,*,#11590,.F.);
#16276 = PLANE('',#16277);
#16277 = AXIS2_PLACEMENT_3D('',#16278,#16279,#16280);
#16278 = CARTESIAN_POINT('',(117.9,35.2,-34.8));
#16279 = DIRECTION('',(-0.57735026919,0.57735026919,0.57735026919));
#16280 = DIRECTION('',(-0.707106781187,-0.707106781187,
    -5.884003000792E-17));
#16281 = ADVANCED_FACE('',(#16282),#16293,.T.);
#16282 = FACE_BOUND('',#16283,.T.);
#16283 = EDGE_LOOP('',(#16284,#16285,#16286,#16292));
#16284 = ORIENTED_EDGE('',*,*,#16270,.T.);
#16285 = ORIENTED_EDGE('',*,*,#14521,.T.);
#16286 = ORIENTED_EDGE('',*,*,#16287,.F.);
#16287 = EDGE_CURVE('',#11575,#14522,#16288,.T.);
#16288 = LINE('',#16289,#16290);
#16289 = CARTESIAN_POINT('',(117.75,37.,-35.75));
#16290 = VECTOR('',#16291,1.);
#16291 = DIRECTION('',(0.707106781187,-1.009555410351E-14,0.707106781187
    ));
#16292 = ORIENTED_EDGE('',*,*,#11582,.F.);
#16293 = PLANE('',#16294);
#16294 = AXIS2_PLACEMENT_3D('',#16295,#16296,#16297);
#16295 = CARTESIAN_POINT('',(118.,35.,-35.5));
#16296 = DIRECTION('',(-0.707106781187,0.,0.707106781187));
#16297 = DIRECTION('',(0.,1.,0.));
#16298 = ADVANCED_FACE('',(#16299),#16310,.T.);
#16299 = FACE_BOUND('',#16300,.T.);
#16300 = EDGE_LOOP('',(#16301,#16302,#16303,#16309));
#16301 = ORIENTED_EDGE('',*,*,#16287,.T.);
#16302 = ORIENTED_EDGE('',*,*,#14544,.T.);
#16303 = ORIENTED_EDGE('',*,*,#16304,.F.);
#16304 = EDGE_CURVE('',#11567,#14545,#16305,.T.);
#16305 = LINE('',#16306,#16307);
#16306 = CARTESIAN_POINT('',(118.25,38.25,-34.));
#16307 = VECTOR('',#16308,1.);
#16308 = DIRECTION('',(0.707106781187,-0.707106781187,1.018214970914E-14
    ));
#16309 = ORIENTED_EDGE('',*,*,#11574,.F.);
#16310 = PLANE('',#16311);
#16311 = AXIS2_PLACEMENT_3D('',#16312,#16313,#16314);
#16312 = CARTESIAN_POINT('',(117.9,37.8,-34.8));
#16313 = DIRECTION('',(-0.57735026919,-0.57735026919,0.57735026919));
#16314 = DIRECTION('',(-0.707106781187,0.707106781187,
    -8.659560562355E-17));
#16315 = ADVANCED_FACE('',(#16316),#16327,.T.);
#16316 = FACE_BOUND('',#16317,.T.);
#16317 = EDGE_LOOP('',(#16318,#16319,#16320,#16326));
#16318 = ORIENTED_EDGE('',*,*,#16304,.T.);
#16319 = ORIENTED_EDGE('',*,*,#14569,.T.);
#16320 = ORIENTED_EDGE('',*,*,#16321,.F.);
#16321 = EDGE_CURVE('',#11559,#14401,#16322,.T.);
#16322 = LINE('',#16323,#16324);
#16323 = CARTESIAN_POINT('',(117.75,38.75,-16.));
#16324 = VECTOR('',#16325,1.);
#16325 = DIRECTION('',(0.707106781187,-0.707106781187,
    -7.509107005592E-15));
#16326 = ORIENTED_EDGE('',*,*,#11566,.F.);
#16327 = PLANE('',#16328);
#16328 = AXIS2_PLACEMENT_3D('',#16329,#16330,#16331);
#16329 = CARTESIAN_POINT('',(118.,38.5,-35.));
#16330 = DIRECTION('',(-0.707106781187,-0.707106781187,
    -8.659560562355E-17));
#16331 = DIRECTION('',(-1.224646799147E-16,0.,1.));
#16332 = ADVANCED_FACE('',(#16333),#16339,.T.);
#16333 = FACE_BOUND('',#16334,.T.);
#16334 = EDGE_LOOP('',(#16335,#16336,#16337,#16338));
#16335 = ORIENTED_EDGE('',*,*,#16212,.F.);
#16336 = ORIENTED_EDGE('',*,*,#11558,.F.);
#16337 = ORIENTED_EDGE('',*,*,#16321,.T.);
#16338 = ORIENTED_EDGE('',*,*,#14400,.T.);
#16339 = PLANE('',#16340);
#16340 = AXIS2_PLACEMENT_3D('',#16341,#16342,#16343);
#16341 = CARTESIAN_POINT('',(117.9,37.8,-15.2));
#16342 = DIRECTION('',(-0.57735026919,-0.57735026919,-0.57735026919));
#16343 = DIRECTION('',(8.659560562355E-17,0.707106781187,-0.707106781187
    ));
#16344 = ADVANCED_FACE('',(#16345),#16361,.T.);
#16345 = FACE_BOUND('',#16346,.T.);
#16346 = EDGE_LOOP('',(#16347,#16353,#16354,#16360));
#16347 = ORIENTED_EDGE('',*,*,#16348,.T.);
#16348 = EDGE_CURVE('',#11615,#14585,#16349,.T.);
#16349 = LINE('',#16350,#16351);
#16350 = CARTESIAN_POINT('',(118.25,29.5,-14.75));
#16351 = VECTOR('',#16352,1.);
#16352 = DIRECTION('',(0.707106781187,-5.095851118916E-15,
    -0.707106781187));
#16353 = ORIENTED_EDGE('',*,*,#14617,.T.);
#16354 = ORIENTED_EDGE('',*,*,#16355,.F.);
#16355 = EDGE_CURVE('',#11617,#14618,#16356,.T.);
#16356 = LINE('',#16357,#16358);
#16357 = CARTESIAN_POINT('',(117.75,28.5,-14.25));
#16358 = VECTOR('',#16359,1.);
#16359 = DIRECTION('',(0.707106781187,-1.259540559581E-14,
    -0.707106781187));
#16360 = ORIENTED_EDGE('',*,*,#11614,.F.);
#16361 = PLANE('',#16362);
#16362 = AXIS2_PLACEMENT_3D('',#16363,#16364,#16365);
#16363 = CARTESIAN_POINT('',(118.,30.5,-14.5));
#16364 = DIRECTION('',(-0.707106781187,0.,-0.707106781187));
#16365 = DIRECTION('',(0.,-1.,-0.));
#16366 = ADVANCED_FACE('',(#16367),#16378,.T.);
#16367 = FACE_BOUND('',#16368,.T.);
#16368 = EDGE_LOOP('',(#16369,#16370,#16371,#16377));
#16369 = ORIENTED_EDGE('',*,*,#16355,.T.);
#16370 = ORIENTED_EDGE('',*,*,#14640,.T.);
#16371 = ORIENTED_EDGE('',*,*,#16372,.F.);
#16372 = EDGE_CURVE('',#11665,#14641,#16373,.T.);
#16373 = LINE('',#16374,#16375);
#16374 = CARTESIAN_POINT('',(118.25,27.25,-16.));
#16375 = VECTOR('',#16376,1.);
#16376 = DIRECTION('',(0.707106781187,0.707106781187,1.40280750819E-14)
  );
#16377 = ORIENTED_EDGE('',*,*,#11672,.F.);
#16378 = PLANE('',#16379);
#16379 = AXIS2_PLACEMENT_3D('',#16380,#16381,#16382);
#16380 = CARTESIAN_POINT('',(117.9,27.7,-15.2));
#16381 = DIRECTION('',(-0.57735026919,0.57735026919,-0.57735026919));
#16382 = DIRECTION('',(-8.659560562355E-17,0.707106781187,0.707106781187
    ));
#16383 = ADVANCED_FACE('',(#16384),#16395,.T.);
#16384 = FACE_BOUND('',#16385,.T.);
#16385 = EDGE_LOOP('',(#16386,#16387,#16388,#16394));
#16386 = ORIENTED_EDGE('',*,*,#16372,.T.);
#16387 = ORIENTED_EDGE('',*,*,#14665,.T.);
#16388 = ORIENTED_EDGE('',*,*,#16389,.F.);
#16389 = EDGE_CURVE('',#11657,#14666,#16390,.T.);
#16390 = LINE('',#16391,#16392);
#16391 = CARTESIAN_POINT('',(117.75,26.75,-34.));
#16392 = VECTOR('',#16393,1.);
#16393 = DIRECTION('',(0.707106781187,0.707106781187,-4.913107378974E-15
    ));
#16394 = ORIENTED_EDGE('',*,*,#11664,.F.);
#16395 = PLANE('',#16396);
#16396 = AXIS2_PLACEMENT_3D('',#16397,#16398,#16399);
#16397 = CARTESIAN_POINT('',(118.,27.,-15.));
#16398 = DIRECTION('',(-0.707106781187,0.707106781187,
    -8.659560562355E-17));
#16399 = DIRECTION('',(1.224646799147E-16,0.,-1.));
#16400 = ADVANCED_FACE('',(#16401),#16412,.T.);
#16401 = FACE_BOUND('',#16402,.T.);
#16402 = EDGE_LOOP('',(#16403,#16404,#16405,#16411));
#16403 = ORIENTED_EDGE('',*,*,#16389,.T.);
#16404 = ORIENTED_EDGE('',*,*,#14688,.T.);
#16405 = ORIENTED_EDGE('',*,*,#16406,.F.);
#16406 = EDGE_CURVE('',#11649,#14689,#16407,.T.);
#16407 = LINE('',#16408,#16409);
#16408 = CARTESIAN_POINT('',(118.25,28.5,-35.25));
#16409 = VECTOR('',#16410,1.);
#16410 = DIRECTION('',(0.707106781187,0.,0.707106781187));
#16411 = ORIENTED_EDGE('',*,*,#11656,.F.);
#16412 = PLANE('',#16413);
#16413 = AXIS2_PLACEMENT_3D('',#16414,#16415,#16416);
#16414 = CARTESIAN_POINT('',(117.9,27.7,-34.8));
#16415 = DIRECTION('',(-0.57735026919,0.57735026919,0.57735026919));
#16416 = DIRECTION('',(-0.707106781187,-0.707106781187,
    -8.659560562355E-17));
#16417 = ADVANCED_FACE('',(#16418),#16429,.T.);
#16418 = FACE_BOUND('',#16419,.T.);
#16419 = EDGE_LOOP('',(#16420,#16421,#16422,#16428));
#16420 = ORIENTED_EDGE('',*,*,#16406,.T.);
#16421 = ORIENTED_EDGE('',*,*,#14713,.T.);
#16422 = ORIENTED_EDGE('',*,*,#16423,.F.);
#16423 = EDGE_CURVE('',#11641,#14714,#16424,.T.);
#16424 = LINE('',#16425,#16426);
#16425 = CARTESIAN_POINT('',(117.75,29.5,-35.75));
#16426 = VECTOR('',#16427,1.);
#16427 = DIRECTION('',(0.707106781187,-1.009555410351E-14,0.707106781187
    ));
#16428 = ORIENTED_EDGE('',*,*,#11648,.F.);
#16429 = PLANE('',#16430);
#16430 = AXIS2_PLACEMENT_3D('',#16431,#16432,#16433);
#16431 = CARTESIAN_POINT('',(118.,27.5,-35.5));
#16432 = DIRECTION('',(-0.707106781187,0.,0.707106781187));
#16433 = DIRECTION('',(0.,1.,0.));
#16434 = ADVANCED_FACE('',(#16435),#16446,.T.);
#16435 = FACE_BOUND('',#16436,.T.);
#16436 = EDGE_LOOP('',(#16437,#16438,#16439,#16445));
#16437 = ORIENTED_EDGE('',*,*,#16423,.T.);
#16438 = ORIENTED_EDGE('',*,*,#14736,.T.);
#16439 = ORIENTED_EDGE('',*,*,#16440,.F.);
#16440 = EDGE_CURVE('',#11633,#14737,#16441,.T.);
#16441 = LINE('',#16442,#16443);
#16442 = CARTESIAN_POINT('',(118.25,30.75,-34.));
#16443 = VECTOR('',#16444,1.);
#16444 = DIRECTION('',(0.707106781187,-0.707106781187,1.018214970914E-14
    ));
#16445 = ORIENTED_EDGE('',*,*,#11640,.F.);
#16446 = PLANE('',#16447);
#16447 = AXIS2_PLACEMENT_3D('',#16448,#16449,#16450);
#16448 = CARTESIAN_POINT('',(117.9,30.3,-34.8));
#16449 = DIRECTION('',(-0.57735026919,-0.57735026919,0.57735026919));
#16450 = DIRECTION('',(-0.707106781187,0.707106781187,
    -8.659560562355E-17));
#16451 = ADVANCED_FACE('',(#16452),#16463,.T.);
#16452 = FACE_BOUND('',#16453,.T.);
#16453 = EDGE_LOOP('',(#16454,#16455,#16456,#16462));
#16454 = ORIENTED_EDGE('',*,*,#16440,.T.);
#16455 = ORIENTED_EDGE('',*,*,#14761,.T.);
#16456 = ORIENTED_EDGE('',*,*,#16457,.F.);
#16457 = EDGE_CURVE('',#11625,#14593,#16458,.T.);
#16458 = LINE('',#16459,#16460);
#16459 = CARTESIAN_POINT('',(117.75,31.25,-16.));
#16460 = VECTOR('',#16461,1.);
#16461 = DIRECTION('',(0.707106781187,-0.707106781187,
    -7.509107005592E-15));
#16462 = ORIENTED_EDGE('',*,*,#11632,.F.);
#16463 = PLANE('',#16464);
#16464 = AXIS2_PLACEMENT_3D('',#16465,#16466,#16467);
#16465 = CARTESIAN_POINT('',(118.,31.,-35.));
#16466 = DIRECTION('',(-0.707106781187,-0.707106781187,
    -8.659560562355E-17));
#16467 = DIRECTION('',(-1.224646799147E-16,0.,1.));
#16468 = ADVANCED_FACE('',(#16469),#16475,.T.);
#16469 = FACE_BOUND('',#16470,.T.);
#16470 = EDGE_LOOP('',(#16471,#16472,#16473,#16474));
#16471 = ORIENTED_EDGE('',*,*,#16348,.F.);
#16472 = ORIENTED_EDGE('',*,*,#11624,.F.);
#16473 = ORIENTED_EDGE('',*,*,#16457,.T.);
#16474 = ORIENTED_EDGE('',*,*,#14592,.T.);
#16475 = PLANE('',#16476);
#16476 = AXIS2_PLACEMENT_3D('',#16477,#16478,#16479);
#16477 = CARTESIAN_POINT('',(117.9,30.3,-15.2));
#16478 = DIRECTION('',(-0.57735026919,-0.57735026919,-0.57735026919));
#16479 = DIRECTION('',(8.659560562355E-17,0.707106781187,-0.707106781187
    ));
#16480 = ADVANCED_FACE('',(#16481),#16497,.T.);
#16481 = FACE_BOUND('',#16482,.T.);
#16482 = EDGE_LOOP('',(#16483,#16489,#16490,#16496));
#16483 = ORIENTED_EDGE('',*,*,#16484,.T.);
#16484 = EDGE_CURVE('',#11681,#14777,#16485,.T.);
#16485 = LINE('',#16486,#16487);
#16486 = CARTESIAN_POINT('',(118.25,22.,-14.75));
#16487 = VECTOR('',#16488,1.);
#16488 = DIRECTION('',(0.707106781187,-5.095851118916E-15,
    -0.707106781187));
#16489 = ORIENTED_EDGE('',*,*,#14809,.T.);
#16490 = ORIENTED_EDGE('',*,*,#16491,.F.);
#16491 = EDGE_CURVE('',#11683,#14810,#16492,.T.);
#16492 = LINE('',#16493,#16494);
#16493 = CARTESIAN_POINT('',(117.75,21.,-14.25));
#16494 = VECTOR('',#16495,1.);
#16495 = DIRECTION('',(0.707106781187,-1.259540559581E-14,
    -0.707106781187));
#16496 = ORIENTED_EDGE('',*,*,#11680,.F.);
#16497 = PLANE('',#16498);
#16498 = AXIS2_PLACEMENT_3D('',#16499,#16500,#16501);
#16499 = CARTESIAN_POINT('',(118.,23.,-14.5));
#16500 = DIRECTION('',(-0.707106781187,0.,-0.707106781187));
#16501 = DIRECTION('',(0.,-1.,-0.));
#16502 = ADVANCED_FACE('',(#16503),#16514,.T.);
#16503 = FACE_BOUND('',#16504,.T.);
#16504 = EDGE_LOOP('',(#16505,#16506,#16507,#16513));
#16505 = ORIENTED_EDGE('',*,*,#16491,.T.);
#16506 = ORIENTED_EDGE('',*,*,#14832,.T.);
#16507 = ORIENTED_EDGE('',*,*,#16508,.F.);
#16508 = EDGE_CURVE('',#11731,#14833,#16509,.T.);
#16509 = LINE('',#16510,#16511);
#16510 = CARTESIAN_POINT('',(118.25,19.75,-16.));
#16511 = VECTOR('',#16512,1.);
#16512 = DIRECTION('',(0.707106781187,0.707106781187,1.40280750819E-14)
  );
#16513 = ORIENTED_EDGE('',*,*,#11738,.F.);
#16514 = PLANE('',#16515);
#16515 = AXIS2_PLACEMENT_3D('',#16516,#16517,#16518);
#16516 = CARTESIAN_POINT('',(117.9,20.2,-15.2));
#16517 = DIRECTION('',(-0.57735026919,0.57735026919,-0.57735026919));
#16518 = DIRECTION('',(-8.659560562355E-17,0.707106781187,0.707106781187
    ));
#16519 = ADVANCED_FACE('',(#16520),#16531,.T.);
#16520 = FACE_BOUND('',#16521,.T.);
#16521 = EDGE_LOOP('',(#16522,#16523,#16524,#16530));
#16522 = ORIENTED_EDGE('',*,*,#16508,.T.);
#16523 = ORIENTED_EDGE('',*,*,#14857,.T.);
#16524 = ORIENTED_EDGE('',*,*,#16525,.F.);
#16525 = EDGE_CURVE('',#11723,#14858,#16526,.T.);
#16526 = LINE('',#16527,#16528);
#16527 = CARTESIAN_POINT('',(117.75,19.25,-34.));
#16528 = VECTOR('',#16529,1.);
#16529 = DIRECTION('',(0.707106781187,0.707106781187,-4.913107378974E-15
    ));
#16530 = ORIENTED_EDGE('',*,*,#11730,.F.);
#16531 = PLANE('',#16532);
#16532 = AXIS2_PLACEMENT_3D('',#16533,#16534,#16535);
#16533 = CARTESIAN_POINT('',(118.,19.5,-15.));
#16534 = DIRECTION('',(-0.707106781187,0.707106781187,
    -8.659560562355E-17));
#16535 = DIRECTION('',(1.224646799147E-16,0.,-1.));
#16536 = ADVANCED_FACE('',(#16537),#16548,.T.);
#16537 = FACE_BOUND('',#16538,.T.);
#16538 = EDGE_LOOP('',(#16539,#16540,#16541,#16547));
#16539 = ORIENTED_EDGE('',*,*,#16525,.T.);
#16540 = ORIENTED_EDGE('',*,*,#14880,.T.);
#16541 = ORIENTED_EDGE('',*,*,#16542,.F.);
#16542 = EDGE_CURVE('',#11715,#14881,#16543,.T.);
#16543 = LINE('',#16544,#16545);
#16544 = CARTESIAN_POINT('',(118.25,21.,-35.25));
#16545 = VECTOR('',#16546,1.);
#16546 = DIRECTION('',(0.707106781187,0.,0.707106781187));
#16547 = ORIENTED_EDGE('',*,*,#11722,.F.);
#16548 = PLANE('',#16549);
#16549 = AXIS2_PLACEMENT_3D('',#16550,#16551,#16552);
#16550 = CARTESIAN_POINT('',(117.9,20.2,-34.8));
#16551 = DIRECTION('',(-0.57735026919,0.57735026919,0.57735026919));
#16552 = DIRECTION('',(-0.707106781187,-0.707106781187,
    -8.659560562355E-17));
#16553 = ADVANCED_FACE('',(#16554),#16565,.T.);
#16554 = FACE_BOUND('',#16555,.T.);
#16555 = EDGE_LOOP('',(#16556,#16557,#16558,#16564));
#16556 = ORIENTED_EDGE('',*,*,#16542,.T.);
#16557 = ORIENTED_EDGE('',*,*,#14905,.T.);
#16558 = ORIENTED_EDGE('',*,*,#16559,.F.);
#16559 = EDGE_CURVE('',#11707,#14906,#16560,.T.);
#16560 = LINE('',#16561,#16562);
#16561 = CARTESIAN_POINT('',(117.75,22.,-35.75));
#16562 = VECTOR('',#16563,1.);
#16563 = DIRECTION('',(0.707106781187,-1.009555410351E-14,0.707106781187
    ));
#16564 = ORIENTED_EDGE('',*,*,#11714,.F.);
#16565 = PLANE('',#16566);
#16566 = AXIS2_PLACEMENT_3D('',#16567,#16568,#16569);
#16567 = CARTESIAN_POINT('',(118.,20.,-35.5));
#16568 = DIRECTION('',(-0.707106781187,0.,0.707106781187));
#16569 = DIRECTION('',(0.,1.,0.));
#16570 = ADVANCED_FACE('',(#16571),#16582,.T.);
#16571 = FACE_BOUND('',#16572,.T.);
#16572 = EDGE_LOOP('',(#16573,#16574,#16575,#16581));
#16573 = ORIENTED_EDGE('',*,*,#16559,.T.);
#16574 = ORIENTED_EDGE('',*,*,#14928,.T.);
#16575 = ORIENTED_EDGE('',*,*,#16576,.F.);
#16576 = EDGE_CURVE('',#11699,#14929,#16577,.T.);
#16577 = LINE('',#16578,#16579);
#16578 = CARTESIAN_POINT('',(118.25,23.25,-34.));
#16579 = VECTOR('',#16580,1.);
#16580 = DIRECTION('',(0.707106781187,-0.707106781187,1.018214970914E-14
    ));
#16581 = ORIENTED_EDGE('',*,*,#11706,.F.);
#16582 = PLANE('',#16583);
#16583 = AXIS2_PLACEMENT_3D('',#16584,#16585,#16586);
#16584 = CARTESIAN_POINT('',(117.9,22.8,-34.8));
#16585 = DIRECTION('',(-0.57735026919,-0.57735026919,0.57735026919));
#16586 = DIRECTION('',(-0.707106781187,0.707106781187,
    -8.659560562355E-17));
#16587 = ADVANCED_FACE('',(#16588),#16599,.T.);
#16588 = FACE_BOUND('',#16589,.T.);
#16589 = EDGE_LOOP('',(#16590,#16591,#16592,#16598));
#16590 = ORIENTED_EDGE('',*,*,#16576,.T.);
#16591 = ORIENTED_EDGE('',*,*,#14953,.T.);
#16592 = ORIENTED_EDGE('',*,*,#16593,.F.);
#16593 = EDGE_CURVE('',#11691,#14785,#16594,.T.);
#16594 = LINE('',#16595,#16596);
#16595 = CARTESIAN_POINT('',(117.75,23.75,-16.));
#16596 = VECTOR('',#16597,1.);
#16597 = DIRECTION('',(0.707106781187,-0.707106781187,
    -7.509107005592E-15));
#16598 = ORIENTED_EDGE('',*,*,#11698,.F.);
#16599 = PLANE('',#16600);
#16600 = AXIS2_PLACEMENT_3D('',#16601,#16602,#16603);
#16601 = CARTESIAN_POINT('',(118.,23.5,-35.));
#16602 = DIRECTION('',(-0.707106781187,-0.707106781187,
    -8.659560562355E-17));
#16603 = DIRECTION('',(-1.224646799147E-16,0.,1.));
#16604 = ADVANCED_FACE('',(#16605),#16611,.T.);
#16605 = FACE_BOUND('',#16606,.T.);
#16606 = EDGE_LOOP('',(#16607,#16608,#16609,#16610));
#16607 = ORIENTED_EDGE('',*,*,#16484,.F.);
#16608 = ORIENTED_EDGE('',*,*,#11690,.F.);
#16609 = ORIENTED_EDGE('',*,*,#16593,.T.);
#16610 = ORIENTED_EDGE('',*,*,#14784,.T.);
#16611 = PLANE('',#16612);
#16612 = AXIS2_PLACEMENT_3D('',#16613,#16614,#16615);
#16613 = CARTESIAN_POINT('',(117.9,22.8,-15.2));
#16614 = DIRECTION('',(-0.57735026919,-0.57735026919,-0.57735026919));
#16615 = DIRECTION('',(5.884003000792E-17,0.707106781187,-0.707106781187
    ));
#16616 = ADVANCED_FACE('',(#16617),#16633,.T.);
#16617 = FACE_BOUND('',#16618,.T.);
#16618 = EDGE_LOOP('',(#16619,#16625,#16626,#16632));
#16619 = ORIENTED_EDGE('',*,*,#16620,.T.);
#16620 = EDGE_CURVE('',#11747,#14970,#16621,.T.);
#16621 = LINE('',#16622,#16623);
#16622 = CARTESIAN_POINT('',(118.25,-23.25,-16.));
#16623 = VECTOR('',#16624,1.);
#16624 = DIRECTION('',(0.707106781187,0.707106781187,-8.566736483103E-15
    ));
#16625 = ORIENTED_EDGE('',*,*,#14977,.T.);
#16626 = ORIENTED_EDGE('',*,*,#16627,.F.);
#16627 = EDGE_CURVE('',#11749,#14978,#16628,.T.);
#16628 = LINE('',#16629,#16630);
#16629 = CARTESIAN_POINT('',(117.75,-23.75,-34.));
#16630 = VECTOR('',#16631,1.);
#16631 = DIRECTION('',(0.707106781187,0.707106781187,-2.509404020994E-15
    ));
#16632 = ORIENTED_EDGE('',*,*,#11746,.F.);
#16633 = PLANE('',#16634);
#16634 = AXIS2_PLACEMENT_3D('',#16635,#16636,#16637);
#16635 = CARTESIAN_POINT('',(118.,-23.5,-15.));
#16636 = DIRECTION('',(-0.707106781187,0.707106781187,
    -8.659560562355E-17));
#16637 = DIRECTION('',(1.224646799147E-16,0.,-1.));
#16638 = ADVANCED_FACE('',(#16639),#16650,.F.);
#16639 = FACE_BOUND('',#16640,.F.);
#16640 = EDGE_LOOP('',(#16641,#16647,#16648,#16649));
#16641 = ORIENTED_EDGE('',*,*,#16642,.F.);
#16642 = EDGE_CURVE('',#11757,#15000,#16643,.T.);
#16643 = LINE('',#16644,#16645);
#16644 = CARTESIAN_POINT('',(117.75,-22.,-14.25));
#16645 = VECTOR('',#16646,1.);
#16646 = DIRECTION('',(0.707106781187,7.403406342577E-15,-0.707106781187
    ));
#16647 = ORIENTED_EDGE('',*,*,#11756,.T.);
#16648 = ORIENTED_EDGE('',*,*,#16620,.T.);
#16649 = ORIENTED_EDGE('',*,*,#15007,.F.);
#16650 = PLANE('',#16651);
#16651 = AXIS2_PLACEMENT_3D('',#16652,#16653,#16654);
#16652 = CARTESIAN_POINT('',(117.5,-22.,-14.));
#16653 = DIRECTION('',(0.57735026919,-0.57735026919,0.57735026919));
#16654 = DIRECTION('',(5.884003000792E-17,-0.707106781187,
    -0.707106781187));
#16655 = ADVANCED_FACE('',(#16656),#16667,.F.);
#16656 = FACE_BOUND('',#16657,.F.);
#16657 = EDGE_LOOP('',(#16658,#16659,#16660,#16666));
#16658 = ORIENTED_EDGE('',*,*,#16627,.F.);
#16659 = ORIENTED_EDGE('',*,*,#11804,.T.);
#16660 = ORIENTED_EDGE('',*,*,#16661,.T.);
#16661 = EDGE_CURVE('',#11797,#15025,#16662,.T.);
#16662 = LINE('',#16663,#16664);
#16663 = CARTESIAN_POINT('',(118.25,-22.,-35.25));
#16664 = VECTOR('',#16665,1.);
#16665 = DIRECTION('',(0.707106781187,0.,0.707106781187));
#16666 = ORIENTED_EDGE('',*,*,#15024,.F.);
#16667 = PLANE('',#16668);
#16668 = AXIS2_PLACEMENT_3D('',#16669,#16670,#16671);
#16669 = CARTESIAN_POINT('',(117.5,-24.,-34.));
#16670 = DIRECTION('',(0.57735026919,-0.57735026919,-0.57735026919));
#16671 = DIRECTION('',(1.698623324704E-16,0.707106781187,-0.707106781187
    ));
#16672 = ADVANCED_FACE('',(#16673),#16684,.T.);
#16673 = FACE_BOUND('',#16674,.T.);
#16674 = EDGE_LOOP('',(#16675,#16681,#16682,#16683));
#16675 = ORIENTED_EDGE('',*,*,#16676,.T.);
#16676 = EDGE_CURVE('',#11765,#15050,#16677,.T.);
#16677 = LINE('',#16678,#16679);
#16678 = CARTESIAN_POINT('',(118.25,-21.,-14.75));
#16679 = VECTOR('',#16680,1.);
#16680 = DIRECTION('',(0.707106781187,-3.845925372767E-15,
    -0.707106781187));
#16681 = ORIENTED_EDGE('',*,*,#15057,.T.);
#16682 = ORIENTED_EDGE('',*,*,#16642,.F.);
#16683 = ORIENTED_EDGE('',*,*,#11764,.F.);
#16684 = PLANE('',#16685);
#16685 = AXIS2_PLACEMENT_3D('',#16686,#16687,#16688);
#16686 = CARTESIAN_POINT('',(118.,-20.,-14.5));
#16687 = DIRECTION('',(-0.707106781187,0.,-0.707106781187));
#16688 = DIRECTION('',(0.,-1.,-0.));
#16689 = ADVANCED_FACE('',(#16690),#16701,.T.);
#16690 = FACE_BOUND('',#16691,.T.);
#16691 = EDGE_LOOP('',(#16692,#16693,#16694,#16700));
#16692 = ORIENTED_EDGE('',*,*,#16661,.T.);
#16693 = ORIENTED_EDGE('',*,*,#15072,.T.);
#16694 = ORIENTED_EDGE('',*,*,#16695,.F.);
#16695 = EDGE_CURVE('',#11789,#15073,#16696,.T.);
#16696 = LINE('',#16697,#16698);
#16697 = CARTESIAN_POINT('',(117.75,-21.,-35.75));
#16698 = VECTOR('',#16699,1.);
#16699 = DIRECTION('',(0.707106781187,-4.999702984597E-15,0.707106781187
    ));
#16700 = ORIENTED_EDGE('',*,*,#11796,.F.);
#16701 = PLANE('',#16702);
#16702 = AXIS2_PLACEMENT_3D('',#16703,#16704,#16705);
#16703 = CARTESIAN_POINT('',(118.,-23.,-35.5));
#16704 = DIRECTION('',(-0.707106781187,0.,0.707106781187));
#16705 = DIRECTION('',(0.,1.,0.));
#16706 = ADVANCED_FACE('',(#16707),#16718,.F.);
#16707 = FACE_BOUND('',#16708,.F.);
#16708 = EDGE_LOOP('',(#16709,#16715,#16716,#16717));
#16709 = ORIENTED_EDGE('',*,*,#16710,.F.);
#16710 = EDGE_CURVE('',#11773,#15097,#16711,.T.);
#16711 = LINE('',#16712,#16713);
#16712 = CARTESIAN_POINT('',(117.75,-19.25,-16.));
#16713 = VECTOR('',#16714,1.);
#16714 = DIRECTION('',(0.707106781187,-0.707106781187,
    -4.913107378974E-15));
#16715 = ORIENTED_EDGE('',*,*,#11772,.T.);
#16716 = ORIENTED_EDGE('',*,*,#16676,.T.);
#16717 = ORIENTED_EDGE('',*,*,#15096,.F.);
#16718 = PLANE('',#16719);
#16719 = AXIS2_PLACEMENT_3D('',#16720,#16721,#16722);
#16720 = CARTESIAN_POINT('',(117.5,-19.,-16.));
#16721 = DIRECTION('',(0.57735026919,0.57735026919,0.57735026919));
#16722 = DIRECTION('',(-8.659560562355E-17,-0.707106781187,
    0.707106781187));
#16723 = ADVANCED_FACE('',(#16724),#16735,.F.);
#16724 = FACE_BOUND('',#16725,.F.);
#16725 = EDGE_LOOP('',(#16726,#16727,#16728,#16734));
#16726 = ORIENTED_EDGE('',*,*,#16695,.F.);
#16727 = ORIENTED_EDGE('',*,*,#11788,.T.);
#16728 = ORIENTED_EDGE('',*,*,#16729,.T.);
#16729 = EDGE_CURVE('',#11781,#15121,#16730,.T.);
#16730 = LINE('',#16731,#16732);
#16731 = CARTESIAN_POINT('',(118.25,-19.75,-34.));
#16732 = VECTOR('',#16733,1.);
#16733 = DIRECTION('',(0.707106781187,-0.707106781187,8.659560562355E-17
    ));
#16734 = ORIENTED_EDGE('',*,*,#15120,.F.);
#16735 = PLANE('',#16736);
#16736 = AXIS2_PLACEMENT_3D('',#16737,#16738,#16739);
#16737 = CARTESIAN_POINT('',(117.5,-21.,-36.));
#16738 = DIRECTION('',(0.57735026919,0.57735026919,-0.57735026919));
#16739 = DIRECTION('',(-1.143511812392E-16,0.707106781187,0.707106781187
    ));
#16740 = ADVANCED_FACE('',(#16741),#16747,.T.);
#16741 = FACE_BOUND('',#16742,.T.);
#16742 = EDGE_LOOP('',(#16743,#16744,#16745,#16746));
#16743 = ORIENTED_EDGE('',*,*,#16729,.T.);
#16744 = ORIENTED_EDGE('',*,*,#15144,.T.);
#16745 = ORIENTED_EDGE('',*,*,#16710,.F.);
#16746 = ORIENTED_EDGE('',*,*,#11780,.F.);
#16747 = PLANE('',#16748);
#16748 = AXIS2_PLACEMENT_3D('',#16749,#16750,#16751);
#16749 = CARTESIAN_POINT('',(118.,-19.5,-35.));
#16750 = DIRECTION('',(-0.707106781187,-0.707106781187,
    -8.659560562355E-17));
#16751 = DIRECTION('',(-1.224646799147E-16,0.,1.));
#16752 = ADVANCED_FACE('',(#16753),#16769,.T.);
#16753 = FACE_BOUND('',#16754,.T.);
#16754 = EDGE_LOOP('',(#16755,#16761,#16762,#16768));
#16755 = ORIENTED_EDGE('',*,*,#16756,.T.);
#16756 = EDGE_CURVE('',#11813,#15161,#16757,.T.);
#16757 = LINE('',#16758,#16759);
#16758 = CARTESIAN_POINT('',(118.25,-28.5,-14.75));
#16759 = VECTOR('',#16760,1.);
#16760 = DIRECTION('',(0.707106781187,-3.845925372767E-15,
    -0.707106781187));
#16761 = ORIENTED_EDGE('',*,*,#15193,.T.);
#16762 = ORIENTED_EDGE('',*,*,#16763,.F.);
#16763 = EDGE_CURVE('',#11815,#15194,#16764,.T.);
#16764 = LINE('',#16765,#16766);
#16765 = CARTESIAN_POINT('',(117.75,-29.5,-14.25));
#16766 = VECTOR('',#16767,1.);
#16767 = DIRECTION('',(0.707106781187,7.403406342577E-15,-0.707106781187
    ));
#16768 = ORIENTED_EDGE('',*,*,#11812,.F.);
#16769 = PLANE('',#16770);
#16770 = AXIS2_PLACEMENT_3D('',#16771,#16772,#16773);
#16771 = CARTESIAN_POINT('',(118.,-27.5,-14.5));
#16772 = DIRECTION('',(-0.707106781187,0.,-0.707106781187));
#16773 = DIRECTION('',(0.,-1.,-0.));
#16774 = ADVANCED_FACE('',(#16775),#16786,.T.);
#16775 = FACE_BOUND('',#16776,.T.);
#16776 = EDGE_LOOP('',(#16777,#16778,#16779,#16785));
#16777 = ORIENTED_EDGE('',*,*,#16763,.T.);
#16778 = ORIENTED_EDGE('',*,*,#15216,.T.);
#16779 = ORIENTED_EDGE('',*,*,#16780,.F.);
#16780 = EDGE_CURVE('',#11863,#15217,#16781,.T.);
#16781 = LINE('',#16782,#16783);
#16782 = CARTESIAN_POINT('',(118.25,-30.75,-16.));
#16783 = VECTOR('',#16784,1.);
#16784 = DIRECTION('',(0.707106781187,0.707106781187,-8.566736483103E-15
    ));
#16785 = ORIENTED_EDGE('',*,*,#11870,.F.);
#16786 = PLANE('',#16787);
#16787 = AXIS2_PLACEMENT_3D('',#16788,#16789,#16790);
#16788 = CARTESIAN_POINT('',(117.9,-30.3,-15.2));
#16789 = DIRECTION('',(-0.57735026919,0.57735026919,-0.57735026919));
#16790 = DIRECTION('',(0.707106781187,-2.775557561563E-17,
    -0.707106781187));
#16791 = ADVANCED_FACE('',(#16792),#16803,.T.);
#16792 = FACE_BOUND('',#16793,.T.);
#16793 = EDGE_LOOP('',(#16794,#16795,#16796,#16802));
#16794 = ORIENTED_EDGE('',*,*,#16780,.T.);
#16795 = ORIENTED_EDGE('',*,*,#15241,.T.);
#16796 = ORIENTED_EDGE('',*,*,#16797,.F.);
#16797 = EDGE_CURVE('',#11855,#15242,#16798,.T.);
#16798 = LINE('',#16799,#16800);
#16799 = CARTESIAN_POINT('',(117.75,-31.25,-34.));
#16800 = VECTOR('',#16801,1.);
#16801 = DIRECTION('',(0.707106781187,0.707106781187,-2.509404020994E-15
    ));
#16802 = ORIENTED_EDGE('',*,*,#11862,.F.);
#16803 = PLANE('',#16804);
#16804 = AXIS2_PLACEMENT_3D('',#16805,#16806,#16807);
#16805 = CARTESIAN_POINT('',(118.,-31.,-15.));
#16806 = DIRECTION('',(-0.707106781187,0.707106781187,
    -8.659560562355E-17));
#16807 = DIRECTION('',(1.224646799147E-16,0.,-1.));
#16808 = ADVANCED_FACE('',(#16809),#16820,.T.);
#16809 = FACE_BOUND('',#16810,.T.);
#16810 = EDGE_LOOP('',(#16811,#16812,#16813,#16819));
#16811 = ORIENTED_EDGE('',*,*,#16797,.T.);
#16812 = ORIENTED_EDGE('',*,*,#15264,.T.);
#16813 = ORIENTED_EDGE('',*,*,#16814,.F.);
#16814 = EDGE_CURVE('',#11847,#15265,#16815,.T.);
#16815 = LINE('',#16816,#16817);
#16816 = CARTESIAN_POINT('',(118.25,-29.5,-35.25));
#16817 = VECTOR('',#16818,1.);
#16818 = DIRECTION('',(0.707106781187,0.,0.707106781187));
#16819 = ORIENTED_EDGE('',*,*,#11854,.F.);
#16820 = PLANE('',#16821);
#16821 = AXIS2_PLACEMENT_3D('',#16822,#16823,#16824);
#16822 = CARTESIAN_POINT('',(117.9,-30.3,-34.8));
#16823 = DIRECTION('',(-0.57735026919,0.57735026919,0.57735026919));
#16824 = DIRECTION('',(1.143511812392E-16,0.707106781187,-0.707106781187
    ));
#16825 = ADVANCED_FACE('',(#16826),#16837,.T.);
#16826 = FACE_BOUND('',#16827,.T.);
#16827 = EDGE_LOOP('',(#16828,#16829,#16830,#16836));
#16828 = ORIENTED_EDGE('',*,*,#16814,.T.);
#16829 = ORIENTED_EDGE('',*,*,#15289,.T.);
#16830 = ORIENTED_EDGE('',*,*,#16831,.F.);
#16831 = EDGE_CURVE('',#11839,#15290,#16832,.T.);
#16832 = LINE('',#16833,#16834);
#16833 = CARTESIAN_POINT('',(117.75,-28.5,-35.75));
#16834 = VECTOR('',#16835,1.);
#16835 = DIRECTION('',(0.707106781187,-4.999702984597E-15,0.707106781187
    ));
#16836 = ORIENTED_EDGE('',*,*,#11846,.F.);
#16837 = PLANE('',#16838);
#16838 = AXIS2_PLACEMENT_3D('',#16839,#16840,#16841);
#16839 = CARTESIAN_POINT('',(118.,-30.5,-35.5));
#16840 = DIRECTION('',(-0.707106781187,0.,0.707106781187));
#16841 = DIRECTION('',(0.,1.,0.));
#16842 = ADVANCED_FACE('',(#16843),#16854,.T.);
#16843 = FACE_BOUND('',#16844,.T.);
#16844 = EDGE_LOOP('',(#16845,#16846,#16847,#16853));
#16845 = ORIENTED_EDGE('',*,*,#16831,.T.);
#16846 = ORIENTED_EDGE('',*,*,#15312,.T.);
#16847 = ORIENTED_EDGE('',*,*,#16848,.F.);
#16848 = EDGE_CURVE('',#11831,#15313,#16849,.T.);
#16849 = LINE('',#16850,#16851);
#16850 = CARTESIAN_POINT('',(118.25,-27.25,-34.));
#16851 = VECTOR('',#16852,1.);
#16852 = DIRECTION('',(0.707106781187,-0.707106781187,8.659560562355E-17
    ));
#16853 = ORIENTED_EDGE('',*,*,#11838,.F.);
#16854 = PLANE('',#16855);
#16855 = AXIS2_PLACEMENT_3D('',#16856,#16857,#16858);
#16856 = CARTESIAN_POINT('',(117.9,-27.7,-34.8));
#16857 = DIRECTION('',(-0.57735026919,-0.57735026919,0.57735026919));
#16858 = DIRECTION('',(-0.707106781187,0.707106781187,
    -5.884003000792E-17));
#16859 = ADVANCED_FACE('',(#16860),#16871,.T.);
#16860 = FACE_BOUND('',#16861,.T.);
#16861 = EDGE_LOOP('',(#16862,#16863,#16864,#16870));
#16862 = ORIENTED_EDGE('',*,*,#16848,.T.);
#16863 = ORIENTED_EDGE('',*,*,#15337,.T.);
#16864 = ORIENTED_EDGE('',*,*,#16865,.F.);
#16865 = EDGE_CURVE('',#11823,#15169,#16866,.T.);
#16866 = LINE('',#16867,#16868);
#16867 = CARTESIAN_POINT('',(117.75,-26.75,-16.));
#16868 = VECTOR('',#16869,1.);
#16869 = DIRECTION('',(0.707106781187,-0.707106781187,
    -4.913107378974E-15));
#16870 = ORIENTED_EDGE('',*,*,#11830,.F.);
#16871 = PLANE('',#16872);
#16872 = AXIS2_PLACEMENT_3D('',#16873,#16874,#16875);
#16873 = CARTESIAN_POINT('',(118.,-27.,-35.));
#16874 = DIRECTION('',(-0.707106781187,-0.707106781187,
    -8.659560562355E-17));
#16875 = DIRECTION('',(-1.224646799147E-16,0.,1.));
#16876 = ADVANCED_FACE('',(#16877),#16883,.T.);
#16877 = FACE_BOUND('',#16878,.T.);
#16878 = EDGE_LOOP('',(#16879,#16880,#16881,#16882));
#16879 = ORIENTED_EDGE('',*,*,#16756,.F.);
#16880 = ORIENTED_EDGE('',*,*,#11822,.F.);
#16881 = ORIENTED_EDGE('',*,*,#16865,.T.);
#16882 = ORIENTED_EDGE('',*,*,#15168,.T.);
#16883 = PLANE('',#16884);
#16884 = AXIS2_PLACEMENT_3D('',#16885,#16886,#16887);
#16885 = CARTESIAN_POINT('',(117.9,-27.7,-15.2));
#16886 = DIRECTION('',(-0.57735026919,-0.57735026919,-0.57735026919));
#16887 = DIRECTION('',(0.707106781187,2.775557561563E-17,-0.707106781187
    ));
#16888 = ADVANCED_FACE('',(#16889),#16905,.T.);
#16889 = FACE_BOUND('',#16890,.T.);
#16890 = EDGE_LOOP('',(#16891,#16897,#16898,#16904));
#16891 = ORIENTED_EDGE('',*,*,#16892,.T.);
#16892 = EDGE_CURVE('',#11879,#15353,#16893,.T.);
#16893 = LINE('',#16894,#16895);
#16894 = CARTESIAN_POINT('',(118.25,-36.,-14.75));
#16895 = VECTOR('',#16896,1.);
#16896 = DIRECTION('',(0.707106781187,-3.845925372767E-15,
    -0.707106781187));
#16897 = ORIENTED_EDGE('',*,*,#15385,.T.);
#16898 = ORIENTED_EDGE('',*,*,#16899,.F.);
#16899 = EDGE_CURVE('',#11881,#15386,#16900,.T.);
#16900 = LINE('',#16901,#16902);
#16901 = CARTESIAN_POINT('',(117.75,-37.,-14.25));
#16902 = VECTOR('',#16903,1.);
#16903 = DIRECTION('',(0.707106781187,7.403406342577E-15,-0.707106781187
    ));
#16904 = ORIENTED_EDGE('',*,*,#11878,.F.);
#16905 = PLANE('',#16906);
#16906 = AXIS2_PLACEMENT_3D('',#16907,#16908,#16909);
#16907 = CARTESIAN_POINT('',(118.,-35.,-14.5));
#16908 = DIRECTION('',(-0.707106781187,0.,-0.707106781187));
#16909 = DIRECTION('',(0.,-1.,-0.));
#16910 = ADVANCED_FACE('',(#16911),#16922,.T.);
#16911 = FACE_BOUND('',#16912,.T.);
#16912 = EDGE_LOOP('',(#16913,#16914,#16915,#16921));
#16913 = ORIENTED_EDGE('',*,*,#16899,.T.);
#16914 = ORIENTED_EDGE('',*,*,#15408,.T.);
#16915 = ORIENTED_EDGE('',*,*,#16916,.F.);
#16916 = EDGE_CURVE('',#11929,#15409,#16917,.T.);
#16917 = LINE('',#16918,#16919);
#16918 = CARTESIAN_POINT('',(118.25,-38.25,-16.));
#16919 = VECTOR('',#16920,1.);
#16920 = DIRECTION('',(0.707106781187,0.707106781187,-8.566736483103E-15
    ));
#16921 = ORIENTED_EDGE('',*,*,#11936,.F.);
#16922 = PLANE('',#16923);
#16923 = AXIS2_PLACEMENT_3D('',#16924,#16925,#16926);
#16924 = CARTESIAN_POINT('',(117.9,-37.8,-15.2));
#16925 = DIRECTION('',(-0.57735026919,0.57735026919,-0.57735026919));
#16926 = DIRECTION('',(0.707106781187,0.,-0.707106781187));
#16927 = ADVANCED_FACE('',(#16928),#16939,.T.);
#16928 = FACE_BOUND('',#16929,.T.);
#16929 = EDGE_LOOP('',(#16930,#16931,#16932,#16938));
#16930 = ORIENTED_EDGE('',*,*,#16916,.T.);
#16931 = ORIENTED_EDGE('',*,*,#15433,.T.);
#16932 = ORIENTED_EDGE('',*,*,#16933,.F.);
#16933 = EDGE_CURVE('',#11921,#15434,#16934,.T.);
#16934 = LINE('',#16935,#16936);
#16935 = CARTESIAN_POINT('',(117.75,-38.75,-34.));
#16936 = VECTOR('',#16937,1.);
#16937 = DIRECTION('',(0.707106781187,0.707106781187,-2.509404020994E-15
    ));
#16938 = ORIENTED_EDGE('',*,*,#11928,.F.);
#16939 = PLANE('',#16940);
#16940 = AXIS2_PLACEMENT_3D('',#16941,#16942,#16943);
#16941 = CARTESIAN_POINT('',(118.,-38.5,-15.));
#16942 = DIRECTION('',(-0.707106781187,0.707106781187,
    -8.659560562355E-17));
#16943 = DIRECTION('',(1.224646799147E-16,0.,-1.));
#16944 = ADVANCED_FACE('',(#16945),#16956,.T.);
#16945 = FACE_BOUND('',#16946,.T.);
#16946 = EDGE_LOOP('',(#16947,#16948,#16949,#16955));
#16947 = ORIENTED_EDGE('',*,*,#16933,.T.);
#16948 = ORIENTED_EDGE('',*,*,#15456,.T.);
#16949 = ORIENTED_EDGE('',*,*,#16950,.F.);
#16950 = EDGE_CURVE('',#11913,#15457,#16951,.T.);
#16951 = LINE('',#16952,#16953);
#16952 = CARTESIAN_POINT('',(118.25,-37.,-35.25));
#16953 = VECTOR('',#16954,1.);
#16954 = DIRECTION('',(0.707106781187,0.,0.707106781187));
#16955 = ORIENTED_EDGE('',*,*,#11920,.F.);
#16956 = PLANE('',#16957);
#16957 = AXIS2_PLACEMENT_3D('',#16958,#16959,#16960);
#16958 = CARTESIAN_POINT('',(117.9,-37.8,-34.8));
#16959 = DIRECTION('',(-0.57735026919,0.57735026919,0.57735026919));
#16960 = DIRECTION('',(8.659560562355E-17,0.707106781187,-0.707106781187
    ));
#16961 = ADVANCED_FACE('',(#16962),#16973,.T.);
#16962 = FACE_BOUND('',#16963,.T.);
#16963 = EDGE_LOOP('',(#16964,#16965,#16966,#16972));
#16964 = ORIENTED_EDGE('',*,*,#16950,.T.);
#16965 = ORIENTED_EDGE('',*,*,#15481,.T.);
#16966 = ORIENTED_EDGE('',*,*,#16967,.F.);
#16967 = EDGE_CURVE('',#11905,#15482,#16968,.T.);
#16968 = LINE('',#16969,#16970);
#16969 = CARTESIAN_POINT('',(117.75,-36.,-35.75));
#16970 = VECTOR('',#16971,1.);
#16971 = DIRECTION('',(0.707106781187,-4.999702984597E-15,0.707106781187
    ));
#16972 = ORIENTED_EDGE('',*,*,#11912,.F.);
#16973 = PLANE('',#16974);
#16974 = AXIS2_PLACEMENT_3D('',#16975,#16976,#16977);
#16975 = CARTESIAN_POINT('',(118.,-38.,-35.5));
#16976 = DIRECTION('',(-0.707106781187,0.,0.707106781187));
#16977 = DIRECTION('',(0.,1.,0.));
#16978 = ADVANCED_FACE('',(#16979),#16990,.T.);
#16979 = FACE_BOUND('',#16980,.T.);
#16980 = EDGE_LOOP('',(#16981,#16982,#16983,#16989));
#16981 = ORIENTED_EDGE('',*,*,#16967,.T.);
#16982 = ORIENTED_EDGE('',*,*,#15504,.T.);
#16983 = ORIENTED_EDGE('',*,*,#16984,.F.);
#16984 = EDGE_CURVE('',#11897,#15505,#16985,.T.);
#16985 = LINE('',#16986,#16987);
#16986 = CARTESIAN_POINT('',(118.25,-34.75,-34.));
#16987 = VECTOR('',#16988,1.);
#16988 = DIRECTION('',(0.707106781187,-0.707106781187,8.659560562355E-17
    ));
#16989 = ORIENTED_EDGE('',*,*,#11904,.F.);
#16990 = PLANE('',#16991);
#16991 = AXIS2_PLACEMENT_3D('',#16992,#16993,#16994);
#16992 = CARTESIAN_POINT('',(117.9,-35.2,-34.8));
#16993 = DIRECTION('',(-0.57735026919,-0.57735026919,0.57735026919));
#16994 = DIRECTION('',(-0.707106781187,0.,-0.707106781187));
#16995 = ADVANCED_FACE('',(#16996),#17007,.T.);
#16996 = FACE_BOUND('',#16997,.T.);
#16997 = EDGE_LOOP('',(#16998,#16999,#17000,#17006));
#16998 = ORIENTED_EDGE('',*,*,#16984,.T.);
#16999 = ORIENTED_EDGE('',*,*,#15529,.T.);
#17000 = ORIENTED_EDGE('',*,*,#17001,.F.);
#17001 = EDGE_CURVE('',#11889,#15361,#17002,.T.);
#17002 = LINE('',#17003,#17004);
#17003 = CARTESIAN_POINT('',(117.75,-34.25,-16.));
#17004 = VECTOR('',#17005,1.);
#17005 = DIRECTION('',(0.707106781187,-0.707106781187,
    -4.913107378974E-15));
#17006 = ORIENTED_EDGE('',*,*,#11896,.F.);
#17007 = PLANE('',#17008);
#17008 = AXIS2_PLACEMENT_3D('',#17009,#17010,#17011);
#17009 = CARTESIAN_POINT('',(118.,-34.5,-35.));
#17010 = DIRECTION('',(-0.707106781187,-0.707106781187,
    -8.659560562355E-17));
#17011 = DIRECTION('',(-1.224646799147E-16,0.,1.));
#17012 = ADVANCED_FACE('',(#17013),#17019,.T.);
#17013 = FACE_BOUND('',#17014,.T.);
#17014 = EDGE_LOOP('',(#17015,#17016,#17017,#17018));
#17015 = ORIENTED_EDGE('',*,*,#16892,.F.);
#17016 = ORIENTED_EDGE('',*,*,#11888,.F.);
#17017 = ORIENTED_EDGE('',*,*,#17001,.T.);
#17018 = ORIENTED_EDGE('',*,*,#15360,.T.);
#17019 = PLANE('',#17020);
#17020 = AXIS2_PLACEMENT_3D('',#17021,#17022,#17023);
#17021 = CARTESIAN_POINT('',(117.9,-35.2,-15.2));
#17022 = DIRECTION('',(-0.57735026919,-0.57735026919,-0.57735026919));
#17023 = DIRECTION('',(0.707106781187,0.,-0.707106781187));
#17024 = ADVANCED_FACE('',(#17025),#17041,.T.);
#17025 = FACE_BOUND('',#17026,.T.);
#17026 = EDGE_LOOP('',(#17027,#17033,#17034,#17040));
#17027 = ORIENTED_EDGE('',*,*,#17028,.T.);
#17028 = EDGE_CURVE('',#11945,#15545,#17029,.T.);
#17029 = LINE('',#17030,#17031);
#17030 = CARTESIAN_POINT('',(118.25,-43.5,-14.75));
#17031 = VECTOR('',#17032,1.);
#17032 = DIRECTION('',(0.707106781187,-3.845925372767E-15,
    -0.707106781187));
#17033 = ORIENTED_EDGE('',*,*,#15577,.T.);
#17034 = ORIENTED_EDGE('',*,*,#17035,.F.);
#17035 = EDGE_CURVE('',#11947,#15578,#17036,.T.);
#17036 = LINE('',#17037,#17038);
#17037 = CARTESIAN_POINT('',(117.75,-44.5,-14.25));
#17038 = VECTOR('',#17039,1.);
#17039 = DIRECTION('',(0.707106781187,7.403406342577E-15,-0.707106781187
    ));
#17040 = ORIENTED_EDGE('',*,*,#11944,.F.);
#17041 = PLANE('',#17042);
#17042 = AXIS2_PLACEMENT_3D('',#17043,#17044,#17045);
#17043 = CARTESIAN_POINT('',(118.,-42.5,-14.5));
#17044 = DIRECTION('',(-0.707106781187,0.,-0.707106781187));
#17045 = DIRECTION('',(0.,-1.,-0.));
#17046 = ADVANCED_FACE('',(#17047),#17058,.T.);
#17047 = FACE_BOUND('',#17048,.T.);
#17048 = EDGE_LOOP('',(#17049,#17050,#17051,#17057));
#17049 = ORIENTED_EDGE('',*,*,#17035,.T.);
#17050 = ORIENTED_EDGE('',*,*,#15600,.T.);
#17051 = ORIENTED_EDGE('',*,*,#17052,.F.);
#17052 = EDGE_CURVE('',#11995,#15601,#17053,.T.);
#17053 = LINE('',#17054,#17055);
#17054 = CARTESIAN_POINT('',(118.25,-45.75,-16.));
#17055 = VECTOR('',#17056,1.);
#17056 = DIRECTION('',(0.707106781187,0.707106781187,-8.566736483103E-15
    ));
#17057 = ORIENTED_EDGE('',*,*,#12002,.F.);
#17058 = PLANE('',#17059);
#17059 = AXIS2_PLACEMENT_3D('',#17060,#17061,#17062);
#17060 = CARTESIAN_POINT('',(117.9,-45.3,-15.2));
#17061 = DIRECTION('',(-0.57735026919,0.57735026919,-0.57735026919));
#17062 = DIRECTION('',(0.707106781187,0.,-0.707106781187));
#17063 = ADVANCED_FACE('',(#17064),#17075,.T.);
#17064 = FACE_BOUND('',#17065,.T.);
#17065 = EDGE_LOOP('',(#17066,#17067,#17068,#17074));
#17066 = ORIENTED_EDGE('',*,*,#17052,.T.);
#17067 = ORIENTED_EDGE('',*,*,#15625,.T.);
#17068 = ORIENTED_EDGE('',*,*,#17069,.F.);
#17069 = EDGE_CURVE('',#11987,#15626,#17070,.T.);
#17070 = LINE('',#17071,#17072);
#17071 = CARTESIAN_POINT('',(117.75,-46.25,-34.));
#17072 = VECTOR('',#17073,1.);
#17073 = DIRECTION('',(0.707106781187,0.707106781187,-2.509404020994E-15
    ));
#17074 = ORIENTED_EDGE('',*,*,#11994,.F.);
#17075 = PLANE('',#17076);
#17076 = AXIS2_PLACEMENT_3D('',#17077,#17078,#17079);
#17077 = CARTESIAN_POINT('',(118.,-46.,-15.));
#17078 = DIRECTION('',(-0.707106781187,0.707106781187,
    -8.659560562355E-17));
#17079 = DIRECTION('',(1.224646799147E-16,0.,-1.));
#17080 = ADVANCED_FACE('',(#17081),#17092,.T.);
#17081 = FACE_BOUND('',#17082,.T.);
#17082 = EDGE_LOOP('',(#17083,#17084,#17085,#17091));
#17083 = ORIENTED_EDGE('',*,*,#17069,.T.);
#17084 = ORIENTED_EDGE('',*,*,#15648,.T.);
#17085 = ORIENTED_EDGE('',*,*,#17086,.F.);
#17086 = EDGE_CURVE('',#11979,#15649,#17087,.T.);
#17087 = LINE('',#17088,#17089);
#17088 = CARTESIAN_POINT('',(118.25,-44.5,-35.25));
#17089 = VECTOR('',#17090,1.);
#17090 = DIRECTION('',(0.707106781187,0.,0.707106781187));
#17091 = ORIENTED_EDGE('',*,*,#11986,.F.);
#17092 = PLANE('',#17093);
#17093 = AXIS2_PLACEMENT_3D('',#17094,#17095,#17096);
#17094 = CARTESIAN_POINT('',(117.9,-45.3,-34.8));
#17095 = DIRECTION('',(-0.57735026919,0.57735026919,0.57735026919));
#17096 = DIRECTION('',(8.659560562355E-17,0.707106781187,-0.707106781187
    ));
#17097 = ADVANCED_FACE('',(#17098),#17109,.T.);
#17098 = FACE_BOUND('',#17099,.T.);
#17099 = EDGE_LOOP('',(#17100,#17101,#17102,#17108));
#17100 = ORIENTED_EDGE('',*,*,#17086,.T.);
#17101 = ORIENTED_EDGE('',*,*,#15673,.T.);
#17102 = ORIENTED_EDGE('',*,*,#17103,.F.);
#17103 = EDGE_CURVE('',#11971,#15674,#17104,.T.);
#17104 = LINE('',#17105,#17106);
#17105 = CARTESIAN_POINT('',(117.75,-43.5,-35.75));
#17106 = VECTOR('',#17107,1.);
#17107 = DIRECTION('',(0.707106781187,-4.999702984597E-15,0.707106781187
    ));
#17108 = ORIENTED_EDGE('',*,*,#11978,.F.);
#17109 = PLANE('',#17110);
#17110 = AXIS2_PLACEMENT_3D('',#17111,#17112,#17113);
#17111 = CARTESIAN_POINT('',(118.,-45.5,-35.5));
#17112 = DIRECTION('',(-0.707106781187,0.,0.707106781187));
#17113 = DIRECTION('',(0.,1.,0.));
#17114 = ADVANCED_FACE('',(#17115),#17126,.T.);
#17115 = FACE_BOUND('',#17116,.T.);
#17116 = EDGE_LOOP('',(#17117,#17118,#17119,#17125));
#17117 = ORIENTED_EDGE('',*,*,#17103,.T.);
#17118 = ORIENTED_EDGE('',*,*,#15696,.T.);
#17119 = ORIENTED_EDGE('',*,*,#17120,.F.);
#17120 = EDGE_CURVE('',#11963,#15697,#17121,.T.);
#17121 = LINE('',#17122,#17123);
#17122 = CARTESIAN_POINT('',(118.25,-42.25,-34.));
#17123 = VECTOR('',#17124,1.);
#17124 = DIRECTION('',(0.707106781187,-0.707106781187,8.659560562355E-17
    ));
#17125 = ORIENTED_EDGE('',*,*,#11970,.F.);
#17126 = PLANE('',#17127);
#17127 = AXIS2_PLACEMENT_3D('',#17128,#17129,#17130);
#17128 = CARTESIAN_POINT('',(117.9,-42.7,-34.8));
#17129 = DIRECTION('',(-0.57735026919,-0.57735026919,0.57735026919));
#17130 = DIRECTION('',(-0.707106781187,0.,-0.707106781187));
#17131 = ADVANCED_FACE('',(#17132),#17143,.T.);
#17132 = FACE_BOUND('',#17133,.T.);
#17133 = EDGE_LOOP('',(#17134,#17135,#17136,#17142));
#17134 = ORIENTED_EDGE('',*,*,#17120,.T.);
#17135 = ORIENTED_EDGE('',*,*,#15721,.T.);
#17136 = ORIENTED_EDGE('',*,*,#17137,.F.);
#17137 = EDGE_CURVE('',#11955,#15553,#17138,.T.);
#17138 = LINE('',#17139,#17140);
#17139 = CARTESIAN_POINT('',(117.75,-41.75,-16.));
#17140 = VECTOR('',#17141,1.);
#17141 = DIRECTION('',(0.707106781187,-0.707106781187,
    -4.913107378974E-15));
#17142 = ORIENTED_EDGE('',*,*,#11962,.F.);
#17143 = PLANE('',#17144);
#17144 = AXIS2_PLACEMENT_3D('',#17145,#17146,#17147);
#17145 = CARTESIAN_POINT('',(118.,-42.,-35.));
#17146 = DIRECTION('',(-0.707106781187,-0.707106781187,
    -8.659560562355E-17));
#17147 = DIRECTION('',(-1.224646799147E-16,0.,1.));
#17148 = ADVANCED_FACE('',(#17149),#17155,.T.);
#17149 = FACE_BOUND('',#17150,.T.);
#17150 = EDGE_LOOP('',(#17151,#17152,#17153,#17154));
#17151 = ORIENTED_EDGE('',*,*,#17028,.F.);
#17152 = ORIENTED_EDGE('',*,*,#11954,.F.);
#17153 = ORIENTED_EDGE('',*,*,#17137,.T.);
#17154 = ORIENTED_EDGE('',*,*,#15552,.T.);
#17155 = PLANE('',#17156);
#17156 = AXIS2_PLACEMENT_3D('',#17157,#17158,#17159);
#17157 = CARTESIAN_POINT('',(117.9,-42.7,-15.2));
#17158 = DIRECTION('',(-0.57735026919,-0.57735026919,-0.57735026919));
#17159 = DIRECTION('',(0.707106781187,0.,-0.707106781187));
#17160 = ADVANCED_FACE('',(#17161),#17177,.T.);
#17161 = FACE_BOUND('',#17162,.T.);
#17162 = EDGE_LOOP('',(#17163,#17169,#17170,#17176));
#17163 = ORIENTED_EDGE('',*,*,#17164,.T.);
#17164 = EDGE_CURVE('',#12011,#15737,#17165,.T.);
#17165 = LINE('',#17166,#17167);
#17166 = CARTESIAN_POINT('',(118.25,-51.,-14.75));
#17167 = VECTOR('',#17168,1.);
#17168 = DIRECTION('',(0.707106781187,-3.845925372767E-15,
    -0.707106781187));
#17169 = ORIENTED_EDGE('',*,*,#15769,.T.);
#17170 = ORIENTED_EDGE('',*,*,#17171,.F.);
#17171 = EDGE_CURVE('',#12013,#15770,#17172,.T.);
#17172 = LINE('',#17173,#17174);
#17173 = CARTESIAN_POINT('',(117.75,-52.,-14.25));
#17174 = VECTOR('',#17175,1.);
#17175 = DIRECTION('',(0.707106781187,7.403406342577E-15,-0.707106781187
    ));
#17176 = ORIENTED_EDGE('',*,*,#12010,.F.);
#17177 = PLANE('',#17178);
#17178 = AXIS2_PLACEMENT_3D('',#17179,#17180,#17181);
#17179 = CARTESIAN_POINT('',(118.,-50.,-14.5));
#17180 = DIRECTION('',(-0.707106781187,0.,-0.707106781187));
#17181 = DIRECTION('',(0.,-1.,-0.));
#17182 = ADVANCED_FACE('',(#17183),#17194,.T.);
#17183 = FACE_BOUND('',#17184,.T.);
#17184 = EDGE_LOOP('',(#17185,#17186,#17187,#17193));
#17185 = ORIENTED_EDGE('',*,*,#17171,.T.);
#17186 = ORIENTED_EDGE('',*,*,#15792,.T.);
#17187 = ORIENTED_EDGE('',*,*,#17188,.F.);
#17188 = EDGE_CURVE('',#12061,#15793,#17189,.T.);
#17189 = LINE('',#17190,#17191);
#17190 = CARTESIAN_POINT('',(118.25,-53.25,-16.));
#17191 = VECTOR('',#17192,1.);
#17192 = DIRECTION('',(0.707106781187,0.707106781187,-8.566736483103E-15
    ));
#17193 = ORIENTED_EDGE('',*,*,#12068,.F.);
#17194 = PLANE('',#17195);
#17195 = AXIS2_PLACEMENT_3D('',#17196,#17197,#17198);
#17196 = CARTESIAN_POINT('',(117.9,-52.8,-15.2));
#17197 = DIRECTION('',(-0.57735026919,0.57735026919,-0.57735026919));
#17198 = DIRECTION('',(0.707106781187,0.,-0.707106781187));
#17199 = ADVANCED_FACE('',(#17200),#17211,.T.);
#17200 = FACE_BOUND('',#17201,.T.);
#17201 = EDGE_LOOP('',(#17202,#17203,#17204,#17210));
#17202 = ORIENTED_EDGE('',*,*,#17188,.T.);
#17203 = ORIENTED_EDGE('',*,*,#15817,.T.);
#17204 = ORIENTED_EDGE('',*,*,#17205,.F.);
#17205 = EDGE_CURVE('',#12053,#15818,#17206,.T.);
#17206 = LINE('',#17207,#17208);
#17207 = CARTESIAN_POINT('',(117.75,-53.75,-34.));
#17208 = VECTOR('',#17209,1.);
#17209 = DIRECTION('',(0.707106781187,0.707106781187,-2.509404020994E-15
    ));
#17210 = ORIENTED_EDGE('',*,*,#12060,.F.);
#17211 = PLANE('',#17212);
#17212 = AXIS2_PLACEMENT_3D('',#17213,#17214,#17215);
#17213 = CARTESIAN_POINT('',(118.,-53.5,-15.));
#17214 = DIRECTION('',(-0.707106781187,0.707106781187,
    -8.659560562355E-17));
#17215 = DIRECTION('',(1.224646799147E-16,0.,-1.));
#17216 = ADVANCED_FACE('',(#17217),#17228,.T.);
#17217 = FACE_BOUND('',#17218,.T.);
#17218 = EDGE_LOOP('',(#17219,#17220,#17221,#17227));
#17219 = ORIENTED_EDGE('',*,*,#17205,.T.);
#17220 = ORIENTED_EDGE('',*,*,#15840,.T.);
#17221 = ORIENTED_EDGE('',*,*,#17222,.F.);
#17222 = EDGE_CURVE('',#12045,#15841,#17223,.T.);
#17223 = LINE('',#17224,#17225);
#17224 = CARTESIAN_POINT('',(118.25,-52.,-35.25));
#17225 = VECTOR('',#17226,1.);
#17226 = DIRECTION('',(0.707106781187,0.,0.707106781187));
#17227 = ORIENTED_EDGE('',*,*,#12052,.F.);
#17228 = PLANE('',#17229);
#17229 = AXIS2_PLACEMENT_3D('',#17230,#17231,#17232);
#17230 = CARTESIAN_POINT('',(117.9,-52.8,-34.8));
#17231 = DIRECTION('',(-0.57735026919,0.57735026919,0.57735026919));
#17232 = DIRECTION('',(8.659560562355E-17,0.707106781187,-0.707106781187
    ));
#17233 = ADVANCED_FACE('',(#17234),#17245,.T.);
#17234 = FACE_BOUND('',#17235,.T.);
#17235 = EDGE_LOOP('',(#17236,#17237,#17238,#17244));
#17236 = ORIENTED_EDGE('',*,*,#17222,.T.);
#17237 = ORIENTED_EDGE('',*,*,#15865,.T.);
#17238 = ORIENTED_EDGE('',*,*,#17239,.F.);
#17239 = EDGE_CURVE('',#12037,#15866,#17240,.T.);
#17240 = LINE('',#17241,#17242);
#17241 = CARTESIAN_POINT('',(117.75,-51.,-35.75));
#17242 = VECTOR('',#17243,1.);
#17243 = DIRECTION('',(0.707106781187,-4.999702984597E-15,0.707106781187
    ));
#17244 = ORIENTED_EDGE('',*,*,#12044,.F.);
#17245 = PLANE('',#17246);
#17246 = AXIS2_PLACEMENT_3D('',#17247,#17248,#17249);
#17247 = CARTESIAN_POINT('',(118.,-53.,-35.5));
#17248 = DIRECTION('',(-0.707106781187,0.,0.707106781187));
#17249 = DIRECTION('',(0.,1.,0.));
#17250 = ADVANCED_FACE('',(#17251),#17262,.T.);
#17251 = FACE_BOUND('',#17252,.T.);
#17252 = EDGE_LOOP('',(#17253,#17254,#17255,#17261));
#17253 = ORIENTED_EDGE('',*,*,#17239,.T.);
#17254 = ORIENTED_EDGE('',*,*,#15888,.T.);
#17255 = ORIENTED_EDGE('',*,*,#17256,.F.);
#17256 = EDGE_CURVE('',#12029,#15889,#17257,.T.);
#17257 = LINE('',#17258,#17259);
#17258 = CARTESIAN_POINT('',(118.25,-49.75,-34.));
#17259 = VECTOR('',#17260,1.);
#17260 = DIRECTION('',(0.707106781187,-0.707106781187,8.659560562355E-17
    ));
#17261 = ORIENTED_EDGE('',*,*,#12036,.F.);
#17262 = PLANE('',#17263);
#17263 = AXIS2_PLACEMENT_3D('',#17264,#17265,#17266);
#17264 = CARTESIAN_POINT('',(117.9,-50.2,-34.8));
#17265 = DIRECTION('',(-0.57735026919,-0.57735026919,0.57735026919));
#17266 = DIRECTION('',(-0.707106781187,0.,-0.707106781187));
#17267 = ADVANCED_FACE('',(#17268),#17279,.T.);
#17268 = FACE_BOUND('',#17269,.T.);
#17269 = EDGE_LOOP('',(#17270,#17271,#17272,#17278));
#17270 = ORIENTED_EDGE('',*,*,#17256,.T.);
#17271 = ORIENTED_EDGE('',*,*,#15913,.T.);
#17272 = ORIENTED_EDGE('',*,*,#17273,.F.);
#17273 = EDGE_CURVE('',#12021,#15745,#17274,.T.);
#17274 = LINE('',#17275,#17276);
#17275 = CARTESIAN_POINT('',(117.75,-49.25,-16.));
#17276 = VECTOR('',#17277,1.);
#17277 = DIRECTION('',(0.707106781187,-0.707106781187,
    -4.913107378974E-15));
#17278 = ORIENTED_EDGE('',*,*,#12028,.F.);
#17279 = PLANE('',#17280);
#17280 = AXIS2_PLACEMENT_3D('',#17281,#17282,#17283);
#17281 = CARTESIAN_POINT('',(118.,-49.5,-35.));
#17282 = DIRECTION('',(-0.707106781187,-0.707106781187,
    -8.659560562355E-17));
#17283 = DIRECTION('',(-1.224646799147E-16,0.,1.));
#17284 = ADVANCED_FACE('',(#17285),#17291,.T.);
#17285 = FACE_BOUND('',#17286,.T.);
#17286 = EDGE_LOOP('',(#17287,#17288,#17289,#17290));
#17287 = ORIENTED_EDGE('',*,*,#17164,.F.);
#17288 = ORIENTED_EDGE('',*,*,#12020,.F.);
#17289 = ORIENTED_EDGE('',*,*,#17273,.T.);
#17290 = ORIENTED_EDGE('',*,*,#15744,.T.);
#17291 = PLANE('',#17292);
#17292 = AXIS2_PLACEMENT_3D('',#17293,#17294,#17295);
#17293 = CARTESIAN_POINT('',(117.9,-50.2,-15.2));
#17294 = DIRECTION('',(-0.57735026919,-0.57735026919,-0.57735026919));
#17295 = DIRECTION('',(0.707106781187,0.,-0.707106781187));
#17296 = ADVANCED_FACE('',(#17297,#17300),#17377,.F.);
#17297 = FACE_BOUND('',#17298,.F.);
#17298 = EDGE_LOOP('',(#17299));
#17299 = ORIENTED_EDGE('',*,*,#12140,.T.);
#17300 = FACE_BOUND('',#17301,.F.);
#17301 = EDGE_LOOP('',(#17302,#17313,#17321,#17329,#17338,#17346,#17354,
    #17363,#17371));
#17302 = ORIENTED_EDGE('',*,*,#17303,.T.);
#17303 = EDGE_CURVE('',#17304,#17306,#17308,.T.);
#17304 = VERTEX_POINT('',#17305);
#17305 = CARTESIAN_POINT('',(70.144286060103,-59.44863620594,
    -40.29049809265));
#17306 = VERTEX_POINT('',#17307);
#17307 = CARTESIAN_POINT('',(72.035714036609,-58.35661962654,
    -40.29049809265));
#17308 = CIRCLE('',#17309,1.55);
#17309 = AXIS2_PLACEMENT_3D('',#17310,#17311,#17312);
#17310 = CARTESIAN_POINT('',(70.54,-57.95,-40.29049809265));
#17311 = DIRECTION('',(8.659560562355E-17,8.659560562355E-17,1.));
#17312 = DIRECTION('',(-2.22044604925E-16,-1.,8.659560562355E-17));
#17313 = ORIENTED_EDGE('',*,*,#17314,.T.);
#17314 = EDGE_CURVE('',#17306,#17315,#17317,.T.);
#17315 = VERTEX_POINT('',#17316);
#17316 = CARTESIAN_POINT('',(72.74,-57.94999988832,-40.29049809265));
#17317 = LINE('',#17318,#17319);
#17318 = CARTESIAN_POINT('',(85.197456341617,-50.75768327294,
    -40.29049809265));
#17319 = VECTOR('',#17320,1.);
#17320 = DIRECTION('',(0.866025378404,0.50000004396,1.060575207643E-16)
  );
#17321 = ORIENTED_EDGE('',*,*,#17322,.T.);
#17322 = EDGE_CURVE('',#17315,#17323,#17325,.T.);
#17323 = VERTEX_POINT('',#17324);
#17324 = CARTESIAN_POINT('',(72.035713995328,-57.5433802216,
    -40.29049809265));
#17325 = LINE('',#17326,#17327);
#17326 = CARTESIAN_POINT('',(56.990001666649,-48.8567351768,
    -40.29049809265));
#17327 = VECTOR('',#17328,1.);
#17328 = DIRECTION('',(-0.866025429165,0.49999995604,-1.060575269807E-16
    ));
#17329 = ORIENTED_EDGE('',*,*,#17330,.T.);
#17330 = EDGE_CURVE('',#17323,#17331,#17333,.T.);
#17331 = VERTEX_POINT('',#17332);
#17332 = CARTESIAN_POINT('',(70.144285907959,-56.45136383422,
    -40.29049809265));
#17333 = CIRCLE('',#17334,1.55);
#17334 = AXIS2_PLACEMENT_3D('',#17335,#17336,#17337);
#17335 = CARTESIAN_POINT('',(70.54,-57.95,-40.29049809265));
#17336 = DIRECTION('',(8.659560562355E-17,8.659560562355E-17,1.));
#17337 = DIRECTION('',(-2.22044604925E-16,-1.,8.659560562355E-17));
#17338 = ORIENTED_EDGE('',*,*,#17339,.T.);
#17339 = EDGE_CURVE('',#17331,#17340,#17342,.T.);
#17340 = VERTEX_POINT('',#17341);
#17341 = CARTESIAN_POINT('',(69.439999903287,-56.04474416751,
    -40.29049809265));
#17342 = LINE('',#17343,#17344);
#17343 = CARTESIAN_POINT('',(56.990001666649,-48.8567351768,
    -40.29049809265));
#17344 = VECTOR('',#17345,1.);
#17345 = DIRECTION('',(-0.866025429165,0.49999995604,-1.060575269807E-16
    ));
#17346 = ORIENTED_EDGE('',*,*,#17347,.T.);
#17347 = EDGE_CURVE('',#17340,#17348,#17350,.T.);
#17348 = VERTEX_POINT('',#17349);
#17349 = CARTESIAN_POINT('',(69.439999944568,-56.85798357244,
    -40.29049809265));
#17350 = LINE('',#17351,#17352);
#17351 = CARTESIAN_POINT('',(69.439998491724,-28.23672090025,
    -40.29049809265));
#17352 = VECTOR('',#17353,1.);
#17353 = DIRECTION('',(5.076101552796E-08,-1.,6.216431518778E-24));
#17354 = ORIENTED_EDGE('',*,*,#17355,.T.);
#17355 = EDGE_CURVE('',#17348,#17356,#17358,.T.);
#17356 = VERTEX_POINT('',#17357);
#17357 = CARTESIAN_POINT('',(69.440000055432,-59.04201653922,
    -40.29049809265));
#17358 = CIRCLE('',#17359,1.55);
#17359 = AXIS2_PLACEMENT_3D('',#17360,#17361,#17362);
#17360 = CARTESIAN_POINT('',(70.54,-57.95,-40.29049809265));
#17361 = DIRECTION('',(8.659560562355E-17,8.659560562355E-17,1.));
#17362 = DIRECTION('',(-2.22044604925E-16,-1.,8.659560562355E-17));
#17363 = ORIENTED_EDGE('',*,*,#17364,.T.);
#17364 = EDGE_CURVE('',#17356,#17365,#17367,.T.);
#17365 = VERTEX_POINT('',#17366);
#17366 = CARTESIAN_POINT('',(69.440000096713,-59.85525594416,
    -40.29049809265));
#17367 = LINE('',#17368,#17369);
#17368 = CARTESIAN_POINT('',(69.439998491724,-28.23672090025,
    -40.29049809265));
#17369 = VECTOR('',#17370,1.);
#17370 = DIRECTION('',(5.076101552796E-08,-1.,6.216431518778E-24));
#17371 = ORIENTED_EDGE('',*,*,#17372,.T.);
#17372 = EDGE_CURVE('',#17365,#17304,#17373,.T.);
#17373 = LINE('',#17374,#17375);
#17374 = CARTESIAN_POINT('',(85.197456341617,-50.75768327294,
    -40.29049809265));
#17375 = VECTOR('',#17376,1.);
#17376 = DIRECTION('',(0.866025378404,0.50000004396,1.060575207643E-16)
  );
#17377 = PLANE('',#17378);
#17378 = AXIS2_PLACEMENT_3D('',#17379,#17380,#17381);
#17379 = CARTESIAN_POINT('',(70.549942,3.3818142,-40.29049809265));
#17380 = DIRECTION('',(1.224646799147E-16,0.,-1.));
#17381 = DIRECTION('',(-1.,0.,-1.224646799147E-16));
#17382 = ADVANCED_FACE('',(#17383,#17386),#17463,.F.);
#17383 = FACE_BOUND('',#17384,.F.);
#17384 = EDGE_LOOP('',(#17385));
#17385 = ORIENTED_EDGE('',*,*,#12165,.T.);
#17386 = FACE_BOUND('',#17387,.F.);
#17387 = EDGE_LOOP('',(#17388,#17399,#17407,#17415,#17424,#17432,#17440,
    #17449,#17457));
#17388 = ORIENTED_EDGE('',*,*,#17389,.T.);
#17389 = EDGE_CURVE('',#17390,#17392,#17394,.T.);
#17390 = VERTEX_POINT('',#17391);
#17391 = CARTESIAN_POINT('',(70.144286060103,55.561363794054,
    -40.29049809265));
#17392 = VERTEX_POINT('',#17393);
#17393 = CARTESIAN_POINT('',(72.035714036609,56.653380373457,
    -40.29049809265));
#17394 = CIRCLE('',#17395,1.55);
#17395 = AXIS2_PLACEMENT_3D('',#17396,#17397,#17398);
#17396 = CARTESIAN_POINT('',(70.54,57.06,-40.29049809265));
#17397 = DIRECTION('',(8.659560562355E-17,8.659560562355E-17,1.));
#17398 = DIRECTION('',(-2.22044604925E-16,-1.,8.659560562355E-17));
#17399 = ORIENTED_EDGE('',*,*,#17400,.T.);
#17400 = EDGE_CURVE('',#17392,#17401,#17403,.T.);
#17401 = VERTEX_POINT('',#17402);
#17402 = CARTESIAN_POINT('',(72.74,57.060000111674,-40.29049809265));
#17403 = LINE('',#17404,#17405);
#17404 = CARTESIAN_POINT('',(60.297059459809,49.876064199134,
    -40.29049809265));
#17405 = VECTOR('',#17406,1.);
#17406 = DIRECTION('',(0.866025378404,0.50000004396,1.060575207643E-16)
  );
#17407 = ORIENTED_EDGE('',*,*,#17408,.T.);
#17408 = EDGE_CURVE('',#17401,#17409,#17411,.T.);
#17409 = VERTEX_POINT('',#17410);
#17410 = CARTESIAN_POINT('',(72.035713995328,57.466619778391,
    -40.29049809265));
#17411 = LINE('',#17412,#17413);
#17412 = CARTESIAN_POINT('',(81.890395629463,51.777017351119,
    -40.29049809265));
#17413 = VECTOR('',#17414,1.);
#17414 = DIRECTION('',(-0.866025429165,0.49999995604,-1.060575269807E-16
    ));
#17415 = ORIENTED_EDGE('',*,*,#17416,.T.);
#17416 = EDGE_CURVE('',#17409,#17417,#17419,.T.);
#17417 = VERTEX_POINT('',#17418);
#17418 = CARTESIAN_POINT('',(70.144285907959,58.558636165772,
    -40.29049809265));
#17419 = CIRCLE('',#17420,1.55);
#17420 = AXIS2_PLACEMENT_3D('',#17421,#17422,#17423);
#17421 = CARTESIAN_POINT('',(70.54,57.06,-40.29049809265));
#17422 = DIRECTION('',(8.659560562355E-17,8.659560562355E-17,1.));
#17423 = DIRECTION('',(-2.22044604925E-16,-1.,8.659560562355E-17));
#17424 = ORIENTED_EDGE('',*,*,#17425,.T.);
#17425 = EDGE_CURVE('',#17417,#17426,#17428,.T.);
#17426 = VERTEX_POINT('',#17427);
#17427 = CARTESIAN_POINT('',(69.439999903287,58.965255832489,
    -40.29049809265));
#17428 = LINE('',#17429,#17430);
#17429 = CARTESIAN_POINT('',(81.890395629463,51.777017351119,
    -40.29049809265));
#17430 = VECTOR('',#17431,1.);
#17431 = DIRECTION('',(-0.866025429165,0.49999995604,-1.060575269807E-16
    ));
#17432 = ORIENTED_EDGE('',*,*,#17433,.T.);
#17433 = EDGE_CURVE('',#17426,#17434,#17436,.T.);
#17434 = VERTEX_POINT('',#17435);
#17435 = CARTESIAN_POINT('',(69.439999944568,58.152016427555,
    -40.29049809265));
#17436 = LINE('',#17437,#17438);
#17437 = CARTESIAN_POINT('',(69.440001410736,29.268279099748,
    -40.29049809265));
#17438 = VECTOR('',#17439,1.);
#17439 = DIRECTION('',(5.076101552796E-08,-1.,6.216431518778E-24));
#17440 = ORIENTED_EDGE('',*,*,#17441,.T.);
#17441 = EDGE_CURVE('',#17434,#17442,#17444,.T.);
#17442 = VERTEX_POINT('',#17443);
#17443 = CARTESIAN_POINT('',(69.440000055432,55.967983460771,
    -40.29049809265));
#17444 = CIRCLE('',#17445,1.55);
#17445 = AXIS2_PLACEMENT_3D('',#17446,#17447,#17448);
#17446 = CARTESIAN_POINT('',(70.54,57.06,-40.29049809265));
#17447 = DIRECTION('',(8.659560562355E-17,8.659560562355E-17,1.));
#17448 = DIRECTION('',(-2.22044604925E-16,-1.,8.659560562355E-17));
#17449 = ORIENTED_EDGE('',*,*,#17450,.T.);
#17450 = EDGE_CURVE('',#17442,#17451,#17453,.T.);
#17451 = VERTEX_POINT('',#17452);
#17452 = CARTESIAN_POINT('',(69.440000096713,55.154744055837,
    -40.29049809265));
#17453 = LINE('',#17454,#17455);
#17454 = CARTESIAN_POINT('',(69.440001410736,29.268279099748,
    -40.29049809265));
#17455 = VECTOR('',#17456,1.);
#17456 = DIRECTION('',(5.076101552796E-08,-1.,6.216431518778E-24));
#17457 = ORIENTED_EDGE('',*,*,#17458,.T.);
#17458 = EDGE_CURVE('',#17451,#17390,#17459,.T.);
#17459 = LINE('',#17460,#17461);
#17460 = CARTESIAN_POINT('',(60.297059459809,49.876064199134,
    -40.29049809265));
#17461 = VECTOR('',#17462,1.);
#17462 = DIRECTION('',(0.866025378404,0.50000004396,1.060575207643E-16)
  );
#17463 = PLANE('',#17464);
#17464 = AXIS2_PLACEMENT_3D('',#17465,#17466,#17467);
#17465 = CARTESIAN_POINT('',(70.549942,3.3818142,-40.29049809265));
#17466 = DIRECTION('',(1.224646799147E-16,0.,-1.));
#17467 = DIRECTION('',(-1.,0.,-1.224646799147E-16));
#17468 = ADVANCED_FACE('',(#17469),#17481,.F.);
#17469 = FACE_BOUND('',#17470,.F.);
#17470 = EDGE_LOOP('',(#17471,#17472,#17473,#17474,#17475,#17476,#17477,
    #17478,#17479,#17480));
#17471 = ORIENTED_EDGE('',*,*,#12191,.T.);
#17472 = ORIENTED_EDGE('',*,*,#12395,.T.);
#17473 = ORIENTED_EDGE('',*,*,#12368,.T.);
#17474 = ORIENTED_EDGE('',*,*,#12353,.T.);
#17475 = ORIENTED_EDGE('',*,*,#12329,.T.);
#17476 = ORIENTED_EDGE('',*,*,#12295,.T.);
#17477 = ORIENTED_EDGE('',*,*,#12286,.T.);
#17478 = ORIENTED_EDGE('',*,*,#12271,.T.);
#17479 = ORIENTED_EDGE('',*,*,#12247,.T.);
#17480 = ORIENTED_EDGE('',*,*,#12214,.T.);
#17481 = PLANE('',#17482);
#17482 = AXIS2_PLACEMENT_3D('',#17483,#17484,#17485);
#17483 = CARTESIAN_POINT('',(46.601976421238,-88.60094519261,
    -36.58844551237));
#17484 = DIRECTION('',(-0.342020143326,-0.939692620786,
    7.777526983175E-16));
#17485 = DIRECTION('',(0.939692620786,-0.342020143326,1.387778780781E-16
    ));
#17486 = ADVANCED_FACE('',(#17487),#17499,.F.);
#17487 = FACE_BOUND('',#17488,.F.);
#17488 = EDGE_LOOP('',(#17489,#17490,#17491,#17492,#17493,#17494,#17495,
    #17496,#17497,#17498));
#17489 = ORIENTED_EDGE('',*,*,#12419,.T.);
#17490 = ORIENTED_EDGE('',*,*,#12623,.T.);
#17491 = ORIENTED_EDGE('',*,*,#12596,.T.);
#17492 = ORIENTED_EDGE('',*,*,#12581,.T.);
#17493 = ORIENTED_EDGE('',*,*,#12557,.T.);
#17494 = ORIENTED_EDGE('',*,*,#12523,.T.);
#17495 = ORIENTED_EDGE('',*,*,#12514,.T.);
#17496 = ORIENTED_EDGE('',*,*,#12499,.T.);
#17497 = ORIENTED_EDGE('',*,*,#12475,.T.);
#17498 = ORIENTED_EDGE('',*,*,#12442,.T.);
#17499 = PLANE('',#17500);
#17500 = AXIS2_PLACEMENT_3D('',#17501,#17502,#17503);
#17501 = CARTESIAN_POINT('',(16.381461736763,-77.60157738326,
    -36.58844551237));
#17502 = DIRECTION('',(-0.342020143326,-0.939692620786,
    7.777526983175E-16));
#17503 = DIRECTION('',(0.939692620786,-0.342020143326,1.387778780781E-16
    ));
#17504 = ADVANCED_FACE('',(#17505),#17517,.F.);
#17505 = FACE_BOUND('',#17506,.F.);
#17506 = EDGE_LOOP('',(#17507,#17508,#17509,#17510,#17511,#17512,#17513,
    #17514,#17515,#17516));
#17507 = ORIENTED_EDGE('',*,*,#12647,.T.);
#17508 = ORIENTED_EDGE('',*,*,#12851,.T.);
#17509 = ORIENTED_EDGE('',*,*,#12824,.T.);
#17510 = ORIENTED_EDGE('',*,*,#12809,.T.);
#17511 = ORIENTED_EDGE('',*,*,#12785,.T.);
#17512 = ORIENTED_EDGE('',*,*,#12751,.T.);
#17513 = ORIENTED_EDGE('',*,*,#12742,.T.);
#17514 = ORIENTED_EDGE('',*,*,#12727,.T.);
#17515 = ORIENTED_EDGE('',*,*,#12703,.T.);
#17516 = ORIENTED_EDGE('',*,*,#12670,.T.);
#17517 = PLANE('',#17518);
#17518 = AXIS2_PLACEMENT_3D('',#17519,#17520,#17521);
#17519 = CARTESIAN_POINT('',(46.536197937783,-88.57700378258,
    -4.448445512372));
#17520 = DIRECTION('',(-0.342020143326,-0.939692620786,
    7.777526983175E-16));
#17521 = DIRECTION('',(0.939692620786,-0.342020143326,1.387778780781E-16
    ));
#17522 = ADVANCED_FACE('',(#17523),#17535,.F.);
#17523 = FACE_BOUND('',#17524,.F.);
#17524 = EDGE_LOOP('',(#17525,#17526,#17527,#17528,#17529,#17530,#17531,
    #17532,#17533,#17534));
#17525 = ORIENTED_EDGE('',*,*,#12892,.T.);
#17526 = ORIENTED_EDGE('',*,*,#13096,.T.);
#17527 = ORIENTED_EDGE('',*,*,#13069,.T.);
#17528 = ORIENTED_EDGE('',*,*,#13054,.T.);
#17529 = ORIENTED_EDGE('',*,*,#13030,.T.);
#17530 = ORIENTED_EDGE('',*,*,#12996,.T.);
#17531 = ORIENTED_EDGE('',*,*,#12987,.T.);
#17532 = ORIENTED_EDGE('',*,*,#12972,.T.);
#17533 = ORIENTED_EDGE('',*,*,#12948,.T.);
#17534 = ORIENTED_EDGE('',*,*,#12915,.T.);
#17535 = PLANE('',#17536);
#17536 = AXIS2_PLACEMENT_3D('',#17537,#17538,#17539);
#17537 = CARTESIAN_POINT('',(16.343874031932,-77.58789657753,
    -4.448445512372));
#17538 = DIRECTION('',(-0.342020143326,-0.939692620786,
    7.777526983175E-16));
#17539 = DIRECTION('',(0.939692620786,-0.342020143326,1.387778780781E-16
    ));
#17540 = ADVANCED_FACE('',(#17541),#17560,.F.);
#17541 = FACE_BOUND('',#17542,.T.);
#17542 = EDGE_LOOP('',(#17543,#17544,#17552,#17559));
#17543 = ORIENTED_EDGE('',*,*,#13173,.F.);
#17544 = ORIENTED_EDGE('',*,*,#17545,.T.);
#17545 = EDGE_CURVE('',#13174,#17546,#17548,.T.);
#17546 = VERTEX_POINT('',#17547);
#17547 = CARTESIAN_POINT('',(108.,85.,-4.));
#17548 = LINE('',#17549,#17550);
#17549 = CARTESIAN_POINT('',(108.,85.,-20.));
#17550 = VECTOR('',#17551,1.);
#17551 = DIRECTION('',(-1.224646799147E-16,-0.,1.));
#17552 = ORIENTED_EDGE('',*,*,#17553,.T.);
#17553 = EDGE_CURVE('',#17546,#17546,#17554,.T.);
#17554 = CIRCLE('',#17555,3.5);
#17555 = AXIS2_PLACEMENT_3D('',#17556,#17557,#17558);
#17556 = CARTESIAN_POINT('',(111.5,85.,-4.));
#17557 = DIRECTION('',(-1.224646799147E-16,0.,1.));
#17558 = DIRECTION('',(-1.,0.,-1.224646799147E-16));
#17559 = ORIENTED_EDGE('',*,*,#17545,.F.);
#17560 = CYLINDRICAL_SURFACE('',#17561,3.5);
#17561 = AXIS2_PLACEMENT_3D('',#17562,#17563,#17564);
#17562 = CARTESIAN_POINT('',(111.5,85.,-20.));
#17563 = DIRECTION('',(1.224646799147E-16,0.,-1.));
#17564 = DIRECTION('',(-1.,0.,-1.224646799147E-16));
#17565 = ADVANCED_FACE('',(#17566),#17578,.F.);
#17566 = FACE_BOUND('',#17567,.F.);
#17567 = EDGE_LOOP('',(#17568,#17569,#17570,#17571,#17572,#17573,#17574,
    #17575,#17576,#17577));
#17568 = ORIENTED_EDGE('',*,*,#13355,.F.);
#17569 = ORIENTED_EDGE('',*,*,#13396,.F.);
#17570 = ORIENTED_EDGE('',*,*,#13387,.F.);
#17571 = ORIENTED_EDGE('',*,*,#13413,.F.);
#17572 = ORIENTED_EDGE('',*,*,#13202,.F.);
#17573 = ORIENTED_EDGE('',*,*,#13242,.F.);
#17574 = ORIENTED_EDGE('',*,*,#13258,.F.);
#17575 = ORIENTED_EDGE('',*,*,#13282,.F.);
#17576 = ORIENTED_EDGE('',*,*,#13316,.F.);
#17577 = ORIENTED_EDGE('',*,*,#13331,.F.);
#17578 = PLANE('',#17579);
#17579 = AXIS2_PLACEMENT_3D('',#17580,#17581,#17582);
#17580 = CARTESIAN_POINT('',(-4.024667223566,86.59,-12.0212934201));
#17581 = DIRECTION('',(-2.948876798795E-16,-1.,-3.714698827088E-16));
#17582 = DIRECTION('',(0.51503807491,1.665334536938E-16,-0.857167300702)
  );
#17583 = ADVANCED_FACE('',(#17584),#17596,.F.);
#17584 = FACE_BOUND('',#17585,.F.);
#17585 = EDGE_LOOP('',(#17586,#17587,#17588,#17589,#17590,#17591,#17592,
    #17593,#17594,#17595));
#17586 = ORIENTED_EDGE('',*,*,#13583,.F.);
#17587 = ORIENTED_EDGE('',*,*,#13624,.F.);
#17588 = ORIENTED_EDGE('',*,*,#13615,.F.);
#17589 = ORIENTED_EDGE('',*,*,#13641,.F.);
#17590 = ORIENTED_EDGE('',*,*,#13430,.F.);
#17591 = ORIENTED_EDGE('',*,*,#13470,.F.);
#17592 = ORIENTED_EDGE('',*,*,#13486,.F.);
#17593 = ORIENTED_EDGE('',*,*,#13510,.F.);
#17594 = ORIENTED_EDGE('',*,*,#13544,.F.);
#17595 = ORIENTED_EDGE('',*,*,#13559,.F.);
#17596 = PLANE('',#17597);
#17597 = AXIS2_PLACEMENT_3D('',#17598,#17599,#17600);
#17598 = CARTESIAN_POINT('',(-4.024234530252,86.59,-28.97221669327));
#17599 = DIRECTION('',(-2.948876798795E-16,-1.,-3.714698827088E-16));
#17600 = DIRECTION('',(0.51503807491,1.665334536938E-16,-0.857167300702)
  );
#17601 = ADVANCED_FACE('',(#17602,#17605),#17608,.T.);
#17602 = FACE_BOUND('',#17603,.T.);
#17603 = EDGE_LOOP('',(#17604));
#17604 = ORIENTED_EDGE('',*,*,#17553,.F.);
#17605 = FACE_BOUND('',#17606,.T.);
#17606 = EDGE_LOOP('',(#17607));
#17607 = ORIENTED_EDGE('',*,*,#13838,.F.);
#17608 = PLANE('',#17609);
#17609 = AXIS2_PLACEMENT_3D('',#17610,#17611,#17612);
#17610 = CARTESIAN_POINT('',(111.5,-1.42108547152E-14,-4.));
#17611 = DIRECTION('',(1.224646799147E-16,0.,-1.));
#17612 = DIRECTION('',(-1.,0.,-1.224646799147E-16));
#17613 = ADVANCED_FACE('',(#17614),#17649,.F.);
#17614 = FACE_BOUND('',#17615,.F.);
#17615 = EDGE_LOOP('',(#17616,#17624,#17625,#17633,#17642));
#17616 = ORIENTED_EDGE('',*,*,#17617,.T.);
#17617 = EDGE_CURVE('',#17618,#17306,#17620,.T.);
#17618 = VERTEX_POINT('',#17619);
#17619 = CARTESIAN_POINT('',(72.035714036609,-58.35661962654,-47.15));
#17620 = LINE('',#17621,#17622);
#17621 = CARTESIAN_POINT('',(72.035714036609,-58.35661962654,-40.15));
#17622 = VECTOR('',#17623,1.);
#17623 = DIRECTION('',(8.659560562355E-17,8.659560562355E-17,1.));
#17624 = ORIENTED_EDGE('',*,*,#17303,.F.);
#17625 = ORIENTED_EDGE('',*,*,#17626,.F.);
#17626 = EDGE_CURVE('',#17627,#17304,#17629,.T.);
#17627 = VERTEX_POINT('',#17628);
#17628 = CARTESIAN_POINT('',(70.144286060103,-59.44863620594,-47.15));
#17629 = LINE('',#17630,#17631);
#17630 = CARTESIAN_POINT('',(70.144286060103,-59.44863620594,-40.15));
#17631 = VECTOR('',#17632,1.);
#17632 = DIRECTION('',(8.659560562355E-17,8.659560562355E-17,1.));
#17633 = ORIENTED_EDGE('',*,*,#17634,.F.);
#17634 = EDGE_CURVE('',#17635,#17627,#17637,.T.);
#17635 = VERTEX_POINT('',#17636);
#17636 = CARTESIAN_POINT('',(70.54,-59.5,-47.15));
#17637 = CIRCLE('',#17638,1.55);
#17638 = AXIS2_PLACEMENT_3D('',#17639,#17640,#17641);
#17639 = CARTESIAN_POINT('',(70.54,-57.95,-47.15));
#17640 = DIRECTION('',(-8.659560562355E-17,-8.659560562355E-17,-1.));
#17641 = DIRECTION('',(-2.22044604925E-16,-1.,8.659560562355E-17));
#17642 = ORIENTED_EDGE('',*,*,#17643,.F.);
#17643 = EDGE_CURVE('',#17618,#17635,#17644,.T.);
#17644 = CIRCLE('',#17645,1.55);
#17645 = AXIS2_PLACEMENT_3D('',#17646,#17647,#17648);
#17646 = CARTESIAN_POINT('',(70.54,-57.95,-47.15));
#17647 = DIRECTION('',(-8.659560562355E-17,-8.659560562355E-17,-1.));
#17648 = DIRECTION('',(-2.22044604925E-16,-1.,8.659560562355E-17));
#17649 = CYLINDRICAL_SURFACE('',#17650,1.55);
#17650 = AXIS2_PLACEMENT_3D('',#17651,#17652,#17653);
#17651 = CARTESIAN_POINT('',(70.54,-57.95,-40.15));
#17652 = DIRECTION('',(8.659560562355E-17,8.659560562355E-17,1.));
#17653 = DIRECTION('',(-2.22044604925E-16,-1.,8.659560562355E-17));
#17654 = ADVANCED_FACE('',(#17655),#17673,.T.);
#17655 = FACE_BOUND('',#17656,.T.);
#17656 = EDGE_LOOP('',(#17657,#17658,#17659,#17667));
#17657 = ORIENTED_EDGE('',*,*,#17372,.T.);
#17658 = ORIENTED_EDGE('',*,*,#17626,.F.);
#17659 = ORIENTED_EDGE('',*,*,#17660,.T.);
#17660 = EDGE_CURVE('',#17627,#17661,#17663,.T.);
#17661 = VERTEX_POINT('',#17662);
#17662 = CARTESIAN_POINT('',(69.440000096713,-59.85525594416,-47.15));
#17663 = LINE('',#17664,#17665);
#17664 = CARTESIAN_POINT('',(72.74,-57.94999988832,-47.15));
#17665 = VECTOR('',#17666,1.);
#17666 = DIRECTION('',(-0.866025378404,-0.50000004396,1.182917987468E-16
    ));
#17667 = ORIENTED_EDGE('',*,*,#17668,.F.);
#17668 = EDGE_CURVE('',#17365,#17661,#17669,.T.);
#17669 = LINE('',#17670,#17671);
#17670 = CARTESIAN_POINT('',(69.440000096713,-59.85525594416,-40.15));
#17671 = VECTOR('',#17672,1.);
#17672 = DIRECTION('',(-8.659560562355E-17,-8.659560562355E-17,-1.));
#17673 = PLANE('',#17674);
#17674 = AXIS2_PLACEMENT_3D('',#17675,#17676,#17677);
#17675 = CARTESIAN_POINT('',(72.74,-57.94999988832,-40.15));
#17676 = DIRECTION('',(-0.50000004396,0.866025378404,-3.169618550974E-17
    ));
#17677 = DIRECTION('',(-0.866025378404,-0.50000004396,1.182917987468E-16
    ));
#17678 = ADVANCED_FACE('',(#17679),#17697,.T.);
#17679 = FACE_BOUND('',#17680,.T.);
#17680 = EDGE_LOOP('',(#17681,#17682,#17683,#17691));
#17681 = ORIENTED_EDGE('',*,*,#17364,.T.);
#17682 = ORIENTED_EDGE('',*,*,#17668,.T.);
#17683 = ORIENTED_EDGE('',*,*,#17684,.T.);
#17684 = EDGE_CURVE('',#17661,#17685,#17687,.T.);
#17685 = VERTEX_POINT('',#17686);
#17686 = CARTESIAN_POINT('',(69.440000055432,-59.04201653922,-47.15));
#17687 = LINE('',#17688,#17689);
#17688 = CARTESIAN_POINT('',(69.440000096713,-59.85525594416,-47.15));
#17689 = VECTOR('',#17690,1.);
#17690 = DIRECTION('',(-5.076101552796E-08,1.,-8.659560122787E-17));
#17691 = ORIENTED_EDGE('',*,*,#17692,.T.);
#17692 = EDGE_CURVE('',#17685,#17356,#17693,.T.);
#17693 = LINE('',#17694,#17695);
#17694 = CARTESIAN_POINT('',(69.440000055432,-59.04201653922,-40.15));
#17695 = VECTOR('',#17696,1.);
#17696 = DIRECTION('',(8.659560562355E-17,8.659560562355E-17,1.));
#17697 = PLANE('',#17698);
#17698 = AXIS2_PLACEMENT_3D('',#17699,#17700,#17701);
#17699 = CARTESIAN_POINT('',(69.440000096713,-59.85525594416,-40.15));
#17700 = DIRECTION('',(1.,5.076101552796E-08,-8.659561001923E-17));
#17701 = DIRECTION('',(-5.076101552796E-08,1.,-8.659560122787E-17));
#17702 = ADVANCED_FACE('',(#17703),#17722,.F.);
#17703 = FACE_BOUND('',#17704,.F.);
#17704 = EDGE_LOOP('',(#17705,#17713,#17720,#17721));
#17705 = ORIENTED_EDGE('',*,*,#17706,.F.);
#17706 = EDGE_CURVE('',#17707,#17348,#17709,.T.);
#17707 = VERTEX_POINT('',#17708);
#17708 = CARTESIAN_POINT('',(69.439999944568,-56.85798357244,-47.15));
#17709 = LINE('',#17710,#17711);
#17710 = CARTESIAN_POINT('',(69.439999944568,-56.85798357244,-40.15));
#17711 = VECTOR('',#17712,1.);
#17712 = DIRECTION('',(8.659560562355E-17,8.659560562355E-17,1.));
#17713 = ORIENTED_EDGE('',*,*,#17714,.F.);
#17714 = EDGE_CURVE('',#17685,#17707,#17715,.T.);
#17715 = CIRCLE('',#17716,1.55);
#17716 = AXIS2_PLACEMENT_3D('',#17717,#17718,#17719);
#17717 = CARTESIAN_POINT('',(70.54,-57.95,-47.15));
#17718 = DIRECTION('',(-8.659560562355E-17,-8.659560562355E-17,-1.));
#17719 = DIRECTION('',(-2.22044604925E-16,-1.,8.659560562355E-17));
#17720 = ORIENTED_EDGE('',*,*,#17692,.T.);
#17721 = ORIENTED_EDGE('',*,*,#17355,.F.);
#17722 = CYLINDRICAL_SURFACE('',#17723,1.55);
#17723 = AXIS2_PLACEMENT_3D('',#17724,#17725,#17726);
#17724 = CARTESIAN_POINT('',(70.54,-57.95,-40.15));
#17725 = DIRECTION('',(8.659560562355E-17,8.659560562355E-17,1.));
#17726 = DIRECTION('',(-2.22044604925E-16,-1.,8.659560562355E-17));
#17727 = ADVANCED_FACE('',(#17728),#17746,.T.);
#17728 = FACE_BOUND('',#17729,.T.);
#17729 = EDGE_LOOP('',(#17730,#17731,#17732,#17740));
#17730 = ORIENTED_EDGE('',*,*,#17347,.T.);
#17731 = ORIENTED_EDGE('',*,*,#17706,.F.);
#17732 = ORIENTED_EDGE('',*,*,#17733,.T.);
#17733 = EDGE_CURVE('',#17707,#17734,#17736,.T.);
#17734 = VERTEX_POINT('',#17735);
#17735 = CARTESIAN_POINT('',(69.439999903287,-56.04474416751,-47.15));
#17736 = LINE('',#17737,#17738);
#17737 = CARTESIAN_POINT('',(69.440000096713,-59.85525594416,-47.15));
#17738 = VECTOR('',#17739,1.);
#17739 = DIRECTION('',(-5.076101552796E-08,1.,-8.659560122787E-17));
#17740 = ORIENTED_EDGE('',*,*,#17741,.F.);
#17741 = EDGE_CURVE('',#17340,#17734,#17742,.T.);
#17742 = LINE('',#17743,#17744);
#17743 = CARTESIAN_POINT('',(69.439999903287,-56.04474416751,-40.15));
#17744 = VECTOR('',#17745,1.);
#17745 = DIRECTION('',(-8.659560562355E-17,-8.659560562355E-17,-1.));
#17746 = PLANE('',#17747);
#17747 = AXIS2_PLACEMENT_3D('',#17748,#17749,#17750);
#17748 = CARTESIAN_POINT('',(69.440000096713,-59.85525594416,-40.15));
#17749 = DIRECTION('',(1.,5.076101552796E-08,-8.659561001923E-17));
#17750 = DIRECTION('',(-5.076101552796E-08,1.,-8.659560122787E-17));
#17751 = ADVANCED_FACE('',(#17752),#17770,.T.);
#17752 = FACE_BOUND('',#17753,.T.);
#17753 = EDGE_LOOP('',(#17754,#17755,#17756,#17764));
#17754 = ORIENTED_EDGE('',*,*,#17339,.T.);
#17755 = ORIENTED_EDGE('',*,*,#17741,.T.);
#17756 = ORIENTED_EDGE('',*,*,#17757,.T.);
#17757 = EDGE_CURVE('',#17734,#17758,#17760,.T.);
#17758 = VERTEX_POINT('',#17759);
#17759 = CARTESIAN_POINT('',(70.144285907959,-56.45136383422,-47.15));
#17760 = LINE('',#17761,#17762);
#17761 = CARTESIAN_POINT('',(69.439999903287,-56.04474416751,-47.15));
#17762 = VECTOR('',#17763,1.);
#17763 = DIRECTION('',(0.866025429165,-0.49999995604,-3.16961975189E-17)
  );
#17764 = ORIENTED_EDGE('',*,*,#17765,.T.);
#17765 = EDGE_CURVE('',#17758,#17331,#17766,.T.);
#17766 = LINE('',#17767,#17768);
#17767 = CARTESIAN_POINT('',(70.144285907959,-56.45136383422,-40.15));
#17768 = VECTOR('',#17769,1.);
#17769 = DIRECTION('',(8.659560562355E-17,8.659560562355E-17,1.));
#17770 = PLANE('',#17771);
#17771 = AXIS2_PLACEMENT_3D('',#17772,#17773,#17774);
#17772 = CARTESIAN_POINT('',(69.439999903287,-56.04474416751,-40.15));
#17773 = DIRECTION('',(-0.49999995604,-0.866025429165,1.182917955289E-16
    ));
#17774 = DIRECTION('',(0.866025429165,-0.49999995604,-3.16961975189E-17)
  );
#17775 = ADVANCED_FACE('',(#17776),#17795,.F.);
#17776 = FACE_BOUND('',#17777,.F.);
#17777 = EDGE_LOOP('',(#17778,#17787,#17788,#17789));
#17778 = ORIENTED_EDGE('',*,*,#17779,.F.);
#17779 = EDGE_CURVE('',#17758,#17780,#17782,.T.);
#17780 = VERTEX_POINT('',#17781);
#17781 = CARTESIAN_POINT('',(72.035713995328,-57.5433802216,-47.15));
#17782 = CIRCLE('',#17783,1.55);
#17783 = AXIS2_PLACEMENT_3D('',#17784,#17785,#17786);
#17784 = CARTESIAN_POINT('',(70.54,-57.95,-47.15));
#17785 = DIRECTION('',(-8.659560562355E-17,-8.659560562355E-17,-1.));
#17786 = DIRECTION('',(-2.22044604925E-16,-1.,8.659560562355E-17));
#17787 = ORIENTED_EDGE('',*,*,#17765,.T.);
#17788 = ORIENTED_EDGE('',*,*,#17330,.F.);
#17789 = ORIENTED_EDGE('',*,*,#17790,.F.);
#17790 = EDGE_CURVE('',#17780,#17323,#17791,.T.);
#17791 = LINE('',#17792,#17793);
#17792 = CARTESIAN_POINT('',(72.035713995328,-57.5433802216,-40.15));
#17793 = VECTOR('',#17794,1.);
#17794 = DIRECTION('',(8.659560562355E-17,8.659560562355E-17,1.));
#17795 = CYLINDRICAL_SURFACE('',#17796,1.55);
#17796 = AXIS2_PLACEMENT_3D('',#17797,#17798,#17799);
#17797 = CARTESIAN_POINT('',(70.54,-57.95,-40.15));
#17798 = DIRECTION('',(8.659560562355E-17,8.659560562355E-17,1.));
#17799 = DIRECTION('',(-2.22044604925E-16,-1.,8.659560562355E-17));
#17800 = ADVANCED_FACE('',(#17801),#17819,.T.);
#17801 = FACE_BOUND('',#17802,.T.);
#17802 = EDGE_LOOP('',(#17803,#17804,#17805,#17813));
#17803 = ORIENTED_EDGE('',*,*,#17322,.T.);
#17804 = ORIENTED_EDGE('',*,*,#17790,.F.);
#17805 = ORIENTED_EDGE('',*,*,#17806,.T.);
#17806 = EDGE_CURVE('',#17780,#17807,#17809,.T.);
#17807 = VERTEX_POINT('',#17808);
#17808 = CARTESIAN_POINT('',(72.74,-57.94999988832,-47.15));
#17809 = LINE('',#17810,#17811);
#17810 = CARTESIAN_POINT('',(69.439999903287,-56.04474416751,-47.15));
#17811 = VECTOR('',#17812,1.);
#17812 = DIRECTION('',(0.866025429165,-0.49999995604,-3.16961975189E-17)
  );
#17813 = ORIENTED_EDGE('',*,*,#17814,.F.);
#17814 = EDGE_CURVE('',#17315,#17807,#17815,.T.);
#17815 = LINE('',#17816,#17817);
#17816 = CARTESIAN_POINT('',(72.74,-57.94999988832,-40.15));
#17817 = VECTOR('',#17818,1.);
#17818 = DIRECTION('',(-8.659560562355E-17,-8.659560562355E-17,-1.));
#17819 = PLANE('',#17820);
#17820 = AXIS2_PLACEMENT_3D('',#17821,#17822,#17823);
#17821 = CARTESIAN_POINT('',(69.439999903287,-56.04474416751,-40.15));
#17822 = DIRECTION('',(-0.49999995604,-0.866025429165,1.182917955289E-16
    ));
#17823 = DIRECTION('',(0.866025429165,-0.49999995604,-3.16961975189E-17)
  );
#17824 = ADVANCED_FACE('',(#17825),#17836,.T.);
#17825 = FACE_BOUND('',#17826,.T.);
#17826 = EDGE_LOOP('',(#17827,#17828,#17829,#17835));
#17827 = ORIENTED_EDGE('',*,*,#17314,.T.);
#17828 = ORIENTED_EDGE('',*,*,#17814,.T.);
#17829 = ORIENTED_EDGE('',*,*,#17830,.T.);
#17830 = EDGE_CURVE('',#17807,#17618,#17831,.T.);
#17831 = LINE('',#17832,#17833);
#17832 = CARTESIAN_POINT('',(72.74,-57.94999988832,-47.15));
#17833 = VECTOR('',#17834,1.);
#17834 = DIRECTION('',(-0.866025378404,-0.50000004396,1.182917987468E-16
    ));
#17835 = ORIENTED_EDGE('',*,*,#17617,.T.);
#17836 = PLANE('',#17837);
#17837 = AXIS2_PLACEMENT_3D('',#17838,#17839,#17840);
#17838 = CARTESIAN_POINT('',(72.74,-57.94999988832,-40.15));
#17839 = DIRECTION('',(-0.50000004396,0.866025378404,-3.169618550974E-17
    ));
#17840 = DIRECTION('',(-0.866025378404,-0.50000004396,1.182917987468E-16
    ));
#17841 = ADVANCED_FACE('',(#17842),#17877,.F.);
#17842 = FACE_BOUND('',#17843,.F.);
#17843 = EDGE_LOOP('',(#17844,#17852,#17853,#17861,#17870));
#17844 = ORIENTED_EDGE('',*,*,#17845,.T.);
#17845 = EDGE_CURVE('',#17846,#17392,#17848,.T.);
#17846 = VERTEX_POINT('',#17847);
#17847 = CARTESIAN_POINT('',(72.035714036609,56.653380373457,-47.23));
#17848 = LINE('',#17849,#17850);
#17849 = CARTESIAN_POINT('',(72.035714036609,56.653380373457,-40.23));
#17850 = VECTOR('',#17851,1.);
#17851 = DIRECTION('',(8.659560562355E-17,8.659560562355E-17,1.));
#17852 = ORIENTED_EDGE('',*,*,#17389,.F.);
#17853 = ORIENTED_EDGE('',*,*,#17854,.F.);
#17854 = EDGE_CURVE('',#17855,#17390,#17857,.T.);
#17855 = VERTEX_POINT('',#17856);
#17856 = CARTESIAN_POINT('',(70.144286060103,55.561363794054,-47.23));
#17857 = LINE('',#17858,#17859);
#17858 = CARTESIAN_POINT('',(70.144286060103,55.561363794054,-40.23));
#17859 = VECTOR('',#17860,1.);
#17860 = DIRECTION('',(8.659560562355E-17,8.659560562355E-17,1.));
#17861 = ORIENTED_EDGE('',*,*,#17862,.F.);
#17862 = EDGE_CURVE('',#17863,#17855,#17865,.T.);
#17863 = VERTEX_POINT('',#17864);
#17864 = CARTESIAN_POINT('',(70.54,55.51,-47.23));
#17865 = CIRCLE('',#17866,1.55);
#17866 = AXIS2_PLACEMENT_3D('',#17867,#17868,#17869);
#17867 = CARTESIAN_POINT('',(70.54,57.06,-47.23));
#17868 = DIRECTION('',(-8.659560562355E-17,-8.659560562355E-17,-1.));
#17869 = DIRECTION('',(-2.22044604925E-16,-1.,8.659560562355E-17));
#17870 = ORIENTED_EDGE('',*,*,#17871,.F.);
#17871 = EDGE_CURVE('',#17846,#17863,#17872,.T.);
#17872 = CIRCLE('',#17873,1.55);
#17873 = AXIS2_PLACEMENT_3D('',#17874,#17875,#17876);
#17874 = CARTESIAN_POINT('',(70.54,57.06,-47.23));
#17875 = DIRECTION('',(-8.659560562355E-17,-8.659560562355E-17,-1.));
#17876 = DIRECTION('',(-2.22044604925E-16,-1.,8.659560562355E-17));
#17877 = CYLINDRICAL_SURFACE('',#17878,1.55);
#17878 = AXIS2_PLACEMENT_3D('',#17879,#17880,#17881);
#17879 = CARTESIAN_POINT('',(70.54,57.06,-40.23));
#17880 = DIRECTION('',(8.659560562355E-17,8.659560562355E-17,1.));
#17881 = DIRECTION('',(-2.22044604925E-16,-1.,8.659560562355E-17));
#17882 = ADVANCED_FACE('',(#17883),#17901,.T.);
#17883 = FACE_BOUND('',#17884,.T.);
#17884 = EDGE_LOOP('',(#17885,#17886,#17887,#17895));
#17885 = ORIENTED_EDGE('',*,*,#17458,.T.);
#17886 = ORIENTED_EDGE('',*,*,#17854,.F.);
#17887 = ORIENTED_EDGE('',*,*,#17888,.T.);
#17888 = EDGE_CURVE('',#17855,#17889,#17891,.T.);
#17889 = VERTEX_POINT('',#17890);
#17890 = CARTESIAN_POINT('',(69.440000096713,55.154744055837,-47.23));
#17891 = LINE('',#17892,#17893);
#17892 = CARTESIAN_POINT('',(72.74,57.060000111674,-47.23));
#17893 = VECTOR('',#17894,1.);
#17894 = DIRECTION('',(-0.866025378404,-0.50000004396,1.182917987468E-16
    ));
#17895 = ORIENTED_EDGE('',*,*,#17896,.F.);
#17896 = EDGE_CURVE('',#17451,#17889,#17897,.T.);
#17897 = LINE('',#17898,#17899);
#17898 = CARTESIAN_POINT('',(69.440000096713,55.154744055837,-40.23));
#17899 = VECTOR('',#17900,1.);
#17900 = DIRECTION('',(-8.659560562355E-17,-8.659560562355E-17,-1.));
#17901 = PLANE('',#17902);
#17902 = AXIS2_PLACEMENT_3D('',#17903,#17904,#17905);
#17903 = CARTESIAN_POINT('',(72.74,57.060000111674,-40.23));
#17904 = DIRECTION('',(-0.50000004396,0.866025378404,-3.169618550974E-17
    ));
#17905 = DIRECTION('',(-0.866025378404,-0.50000004396,1.182917987468E-16
    ));
#17906 = ADVANCED_FACE('',(#17907),#17925,.T.);
#17907 = FACE_BOUND('',#17908,.T.);
#17908 = EDGE_LOOP('',(#17909,#17910,#17911,#17919));
#17909 = ORIENTED_EDGE('',*,*,#17450,.T.);
#17910 = ORIENTED_EDGE('',*,*,#17896,.T.);
#17911 = ORIENTED_EDGE('',*,*,#17912,.T.);
#17912 = EDGE_CURVE('',#17889,#17913,#17915,.T.);
#17913 = VERTEX_POINT('',#17914);
#17914 = CARTESIAN_POINT('',(69.440000055432,55.967983460771,-47.23));
#17915 = LINE('',#17916,#17917);
#17916 = CARTESIAN_POINT('',(69.440000096713,55.154744055837,-47.23));
#17917 = VECTOR('',#17918,1.);
#17918 = DIRECTION('',(-5.076101552796E-08,1.,-8.659560122787E-17));
#17919 = ORIENTED_EDGE('',*,*,#17920,.T.);
#17920 = EDGE_CURVE('',#17913,#17442,#17921,.T.);
#17921 = LINE('',#17922,#17923);
#17922 = CARTESIAN_POINT('',(69.440000055432,55.967983460771,-40.23));
#17923 = VECTOR('',#17924,1.);
#17924 = DIRECTION('',(8.659560562355E-17,8.659560562355E-17,1.));
#17925 = PLANE('',#17926);
#17926 = AXIS2_PLACEMENT_3D('',#17927,#17928,#17929);
#17927 = CARTESIAN_POINT('',(69.440000096713,55.154744055837,-40.23));
#17928 = DIRECTION('',(1.,5.076101552796E-08,-8.659561001923E-17));
#17929 = DIRECTION('',(-5.076101552796E-08,1.,-8.659560122787E-17));
#17930 = ADVANCED_FACE('',(#17931),#17950,.F.);
#17931 = FACE_BOUND('',#17932,.F.);
#17932 = EDGE_LOOP('',(#17933,#17941,#17948,#17949));
#17933 = ORIENTED_EDGE('',*,*,#17934,.F.);
#17934 = EDGE_CURVE('',#17935,#17434,#17937,.T.);
#17935 = VERTEX_POINT('',#17936);
#17936 = CARTESIAN_POINT('',(69.439999944568,58.152016427555,-47.23));
#17937 = LINE('',#17938,#17939);
#17938 = CARTESIAN_POINT('',(69.439999944568,58.152016427555,-40.23));
#17939 = VECTOR('',#17940,1.);
#17940 = DIRECTION('',(8.659560562355E-17,8.659560562355E-17,1.));
#17941 = ORIENTED_EDGE('',*,*,#17942,.F.);
#17942 = EDGE_CURVE('',#17913,#17935,#17943,.T.);
#17943 = CIRCLE('',#17944,1.55);
#17944 = AXIS2_PLACEMENT_3D('',#17945,#17946,#17947);
#17945 = CARTESIAN_POINT('',(70.54,57.06,-47.23));
#17946 = DIRECTION('',(-8.659560562355E-17,-8.659560562355E-17,-1.));
#17947 = DIRECTION('',(-2.22044604925E-16,-1.,8.659560562355E-17));
#17948 = ORIENTED_EDGE('',*,*,#17920,.T.);
#17949 = ORIENTED_EDGE('',*,*,#17441,.F.);
#17950 = CYLINDRICAL_SURFACE('',#17951,1.55);
#17951 = AXIS2_PLACEMENT_3D('',#17952,#17953,#17954);
#17952 = CARTESIAN_POINT('',(70.54,57.06,-40.23));
#17953 = DIRECTION('',(8.659560562355E-17,8.659560562355E-17,1.));
#17954 = DIRECTION('',(-2.22044604925E-16,-1.,8.659560562355E-17));
#17955 = ADVANCED_FACE('',(#17956),#17974,.T.);
#17956 = FACE_BOUND('',#17957,.T.);
#17957 = EDGE_LOOP('',(#17958,#17959,#17960,#17968));
#17958 = ORIENTED_EDGE('',*,*,#17433,.T.);
#17959 = ORIENTED_EDGE('',*,*,#17934,.F.);
#17960 = ORIENTED_EDGE('',*,*,#17961,.T.);
#17961 = EDGE_CURVE('',#17935,#17962,#17964,.T.);
#17962 = VERTEX_POINT('',#17963);
#17963 = CARTESIAN_POINT('',(69.439999903287,58.965255832489,-47.23));
#17964 = LINE('',#17965,#17966);
#17965 = CARTESIAN_POINT('',(69.440000096713,55.154744055837,-47.23));
#17966 = VECTOR('',#17967,1.);
#17967 = DIRECTION('',(-5.076101552796E-08,1.,-8.659560122787E-17));
#17968 = ORIENTED_EDGE('',*,*,#17969,.F.);
#17969 = EDGE_CURVE('',#17426,#17962,#17970,.T.);
#17970 = LINE('',#17971,#17972);
#17971 = CARTESIAN_POINT('',(69.439999903287,58.965255832489,-40.23));
#17972 = VECTOR('',#17973,1.);
#17973 = DIRECTION('',(-8.659560562355E-17,-8.659560562355E-17,-1.));
#17974 = PLANE('',#17975);
#17975 = AXIS2_PLACEMENT_3D('',#17976,#17977,#17978);
#17976 = CARTESIAN_POINT('',(69.440000096713,55.154744055837,-40.23));
#17977 = DIRECTION('',(1.,5.076101552796E-08,-8.659561001923E-17));
#17978 = DIRECTION('',(-5.076101552796E-08,1.,-8.659560122787E-17));
#17979 = ADVANCED_FACE('',(#17980),#17998,.T.);
#17980 = FACE_BOUND('',#17981,.T.);
#17981 = EDGE_LOOP('',(#17982,#17983,#17984,#17992));
#17982 = ORIENTED_EDGE('',*,*,#17425,.T.);
#17983 = ORIENTED_EDGE('',*,*,#17969,.T.);
#17984 = ORIENTED_EDGE('',*,*,#17985,.T.);
#17985 = EDGE_CURVE('',#17962,#17986,#17988,.T.);
#17986 = VERTEX_POINT('',#17987);
#17987 = CARTESIAN_POINT('',(70.144285907959,58.558636165772,-47.23));
#17988 = LINE('',#17989,#17990);
#17989 = CARTESIAN_POINT('',(69.439999903287,58.965255832489,-47.23));
#17990 = VECTOR('',#17991,1.);
#17991 = DIRECTION('',(0.866025429165,-0.49999995604,-3.16961975189E-17)
  );
#17992 = ORIENTED_EDGE('',*,*,#17993,.T.);
#17993 = EDGE_CURVE('',#17986,#17417,#17994,.T.);
#17994 = LINE('',#17995,#17996);
#17995 = CARTESIAN_POINT('',(70.144285907959,58.558636165772,-40.23));
#17996 = VECTOR('',#17997,1.);
#17997 = DIRECTION('',(8.659560562355E-17,8.659560562355E-17,1.));
#17998 = PLANE('',#17999);
#17999 = AXIS2_PLACEMENT_3D('',#18000,#18001,#18002);
#18000 = CARTESIAN_POINT('',(69.439999903287,58.965255832489,-40.23));
#18001 = DIRECTION('',(-0.49999995604,-0.866025429165,1.182917955289E-16
    ));
#18002 = DIRECTION('',(0.866025429165,-0.49999995604,-3.16961975189E-17)
  );
#18003 = ADVANCED_FACE('',(#18004),#18023,.F.);
#18004 = FACE_BOUND('',#18005,.F.);
#18005 = EDGE_LOOP('',(#18006,#18015,#18016,#18017));
#18006 = ORIENTED_EDGE('',*,*,#18007,.F.);
#18007 = EDGE_CURVE('',#17986,#18008,#18010,.T.);
#18008 = VERTEX_POINT('',#18009);
#18009 = CARTESIAN_POINT('',(72.035713995328,57.466619778391,-47.23));
#18010 = CIRCLE('',#18011,1.55);
#18011 = AXIS2_PLACEMENT_3D('',#18012,#18013,#18014);
#18012 = CARTESIAN_POINT('',(70.54,57.06,-47.23));
#18013 = DIRECTION('',(-8.659560562355E-17,-8.659560562355E-17,-1.));
#18014 = DIRECTION('',(-2.22044604925E-16,-1.,8.659560562355E-17));
#18015 = ORIENTED_EDGE('',*,*,#17993,.T.);
#18016 = ORIENTED_EDGE('',*,*,#17416,.F.);
#18017 = ORIENTED_EDGE('',*,*,#18018,.F.);
#18018 = EDGE_CURVE('',#18008,#17409,#18019,.T.);
#18019 = LINE('',#18020,#18021);
#18020 = CARTESIAN_POINT('',(72.035713995328,57.466619778391,-40.23));
#18021 = VECTOR('',#18022,1.);
#18022 = DIRECTION('',(8.659560562355E-17,8.659560562355E-17,1.));
#18023 = CYLINDRICAL_SURFACE('',#18024,1.55);
#18024 = AXIS2_PLACEMENT_3D('',#18025,#18026,#18027);
#18025 = CARTESIAN_POINT('',(70.54,57.06,-40.23));
#18026 = DIRECTION('',(8.659560562355E-17,8.659560562355E-17,1.));
#18027 = DIRECTION('',(-2.22044604925E-16,-1.,8.659560562355E-17));
#18028 = ADVANCED_FACE('',(#18029),#18047,.T.);
#18029 = FACE_BOUND('',#18030,.T.);
#18030 = EDGE_LOOP('',(#18031,#18032,#18033,#18041));
#18031 = ORIENTED_EDGE('',*,*,#17408,.T.);
#18032 = ORIENTED_EDGE('',*,*,#18018,.F.);
#18033 = ORIENTED_EDGE('',*,*,#18034,.T.);
#18034 = EDGE_CURVE('',#18008,#18035,#18037,.T.);
#18035 = VERTEX_POINT('',#18036);
#18036 = CARTESIAN_POINT('',(72.74,57.060000111674,-47.23));
#18037 = LINE('',#18038,#18039);
#18038 = CARTESIAN_POINT('',(69.439999903287,58.965255832489,-47.23));
#18039 = VECTOR('',#18040,1.);
#18040 = DIRECTION('',(0.866025429165,-0.49999995604,-3.16961975189E-17)
  );
#18041 = ORIENTED_EDGE('',*,*,#18042,.F.);
#18042 = EDGE_CURVE('',#17401,#18035,#18043,.T.);
#18043 = LINE('',#18044,#18045);
#18044 = CARTESIAN_POINT('',(72.74,57.060000111674,-40.23));
#18045 = VECTOR('',#18046,1.);
#18046 = DIRECTION('',(-8.659560562355E-17,-8.659560562355E-17,-1.));
#18047 = PLANE('',#18048);
#18048 = AXIS2_PLACEMENT_3D('',#18049,#18050,#18051);
#18049 = CARTESIAN_POINT('',(69.439999903287,58.965255832489,-40.23));
#18050 = DIRECTION('',(-0.49999995604,-0.866025429165,1.182917955289E-16
    ));
#18051 = DIRECTION('',(0.866025429165,-0.49999995604,-3.16961975189E-17)
  );
#18052 = ADVANCED_FACE('',(#18053),#18064,.T.);
#18053 = FACE_BOUND('',#18054,.T.);
#18054 = EDGE_LOOP('',(#18055,#18056,#18057,#18063));
#18055 = ORIENTED_EDGE('',*,*,#17400,.T.);
#18056 = ORIENTED_EDGE('',*,*,#18042,.T.);
#18057 = ORIENTED_EDGE('',*,*,#18058,.T.);
#18058 = EDGE_CURVE('',#18035,#17846,#18059,.T.);
#18059 = LINE('',#18060,#18061);
#18060 = CARTESIAN_POINT('',(72.74,57.060000111674,-47.23));
#18061 = VECTOR('',#18062,1.);
#18062 = DIRECTION('',(-0.866025378404,-0.50000004396,1.182917987468E-16
    ));
#18063 = ORIENTED_EDGE('',*,*,#17845,.T.);
#18064 = PLANE('',#18065);
#18065 = AXIS2_PLACEMENT_3D('',#18066,#18067,#18068);
#18066 = CARTESIAN_POINT('',(72.74,57.060000111674,-40.23));
#18067 = DIRECTION('',(-0.50000004396,0.866025378404,-3.169618550974E-17
    ));
#18068 = DIRECTION('',(-0.866025378404,-0.50000004396,1.182917987468E-16
    ));
#18069 = ADVANCED_FACE('',(#18070),#18082,.F.);
#18070 = FACE_BOUND('',#18071,.F.);
#18071 = EDGE_LOOP('',(#18072,#18073,#18074,#18075,#18076,#18077,#18078,
    #18079,#18080,#18081));
#18072 = ORIENTED_EDGE('',*,*,#17660,.T.);
#18073 = ORIENTED_EDGE('',*,*,#17684,.T.);
#18074 = ORIENTED_EDGE('',*,*,#17714,.T.);
#18075 = ORIENTED_EDGE('',*,*,#17733,.T.);
#18076 = ORIENTED_EDGE('',*,*,#17757,.T.);
#18077 = ORIENTED_EDGE('',*,*,#17779,.T.);
#18078 = ORIENTED_EDGE('',*,*,#17806,.T.);
#18079 = ORIENTED_EDGE('',*,*,#17830,.T.);
#18080 = ORIENTED_EDGE('',*,*,#17643,.T.);
#18081 = ORIENTED_EDGE('',*,*,#17634,.T.);
#18082 = PLANE('',#18083);
#18083 = AXIS2_PLACEMENT_3D('',#18084,#18085,#18086);
#18084 = CARTESIAN_POINT('',(70.541278347535,-57.95362270296,-47.15));
#18085 = DIRECTION('',(-8.659560562355E-17,-8.659560562355E-17,-1.));
#18086 = DIRECTION('',(-2.22044604925E-16,-1.,8.659560562355E-17));
#18087 = ADVANCED_FACE('',(#18088),#18100,.F.);
#18088 = FACE_BOUND('',#18089,.F.);
#18089 = EDGE_LOOP('',(#18090,#18091,#18092,#18093,#18094,#18095,#18096,
    #18097,#18098,#18099));
#18090 = ORIENTED_EDGE('',*,*,#17888,.T.);
#18091 = ORIENTED_EDGE('',*,*,#17912,.T.);
#18092 = ORIENTED_EDGE('',*,*,#17942,.T.);
#18093 = ORIENTED_EDGE('',*,*,#17961,.T.);
#18094 = ORIENTED_EDGE('',*,*,#17985,.T.);
#18095 = ORIENTED_EDGE('',*,*,#18007,.T.);
#18096 = ORIENTED_EDGE('',*,*,#18034,.T.);
#18097 = ORIENTED_EDGE('',*,*,#18058,.T.);
#18098 = ORIENTED_EDGE('',*,*,#17871,.T.);
#18099 = ORIENTED_EDGE('',*,*,#17862,.T.);
#18100 = PLANE('',#18101);
#18101 = AXIS2_PLACEMENT_3D('',#18102,#18103,#18104);
#18102 = CARTESIAN_POINT('',(70.541278347535,57.05637729704,-47.23));
#18103 = DIRECTION('',(-8.659560562355E-17,-8.659560562355E-17,-1.));
#18104 = DIRECTION('',(-2.22044604925E-16,-1.,8.659560562355E-17));
#18105 = ( GEOMETRIC_REPRESENTATION_CONTEXT(3) 
GLOBAL_UNCERTAINTY_ASSIGNED_CONTEXT((#18109)) 
GLOBAL_UNIT_ASSIGNED_CONTEXT((#18106,#18107,#18108)) 
REPRESENTATION_CONTEXT('Context #1',
  '3D Context with UNIT and UNCERTAINTY') );
#18106 = ( LENGTH_UNIT() NAMED_UNIT(*) SI_UNIT(.MILLI.,.METRE.) );
#18107 = ( NAMED_UNIT(*) PLANE_ANGLE_UNIT() SI_UNIT($,.RADIAN.) );
#18108 = ( NAMED_UNIT(*) SI_UNIT($,.STERADIAN.) SOLID_ANGLE_UNIT() );
#18109 = UNCERTAINTY_MEASURE_WITH_UNIT(LENGTH_MEASURE(1.E-04),#18106,
  'distance_accuracy_value','confusion accuracy');
#18110 = PRODUCT_RELATED_PRODUCT_CATEGORY('part',$,(#7));
#18111 = MECHANICAL_DESIGN_GEOMETRIC_PRESENTATION_REPRESENTATION('',(
    #18112),#18105);
#18112 = STYLED_ITEM('color',(#18113),#15);
#18113 = PRESENTATION_STYLE_ASSIGNMENT((#18114,#18120));
#18114 = SURFACE_STYLE_USAGE(.BOTH.,#18115);
#18115 = SURFACE_SIDE_STYLE('',(#18116));
#18116 = SURFACE_STYLE_FILL_AREA(#18117);
#18117 = FILL_AREA_STYLE('',(#18118));
#18118 = FILL_AREA_STYLE_COLOUR('',#18119);
#18119 = COLOUR_RGB('',0.447058818107,0.474509808674,0.501960817233);
#18120 = CURVE_STYLE('',#18121,POSITIVE_LENGTH_MEASURE(0.1),#18122);
#18121 = DRAUGHTING_PRE_DEFINED_CURVE_FONT('continuous');
#18122 = COLOUR_RGB('',9.803921802644E-02,9.803921802644E-02,
  9.803921802644E-02);
ENDSEC;
END-ISO-10303-21;
