ISO-10303-21;
HEADER;
FILE_DESCRIPTION(('FreeCAD Model'),'2;1');
FILE_NAME('Open CASCADE Shape Model','2026-03-15T04:46:28',(''),(''),
  'Open CASCADE STEP processor 7.8','FreeCAD','Unknown');
FILE_SCHEMA(('AUTOMOTIVE_DESIGN { 1 0 10303 214 1 1 1 1 }'));
ENDSEC;
DATA;
#1 = APPLICATION_PROTOCOL_DEFINITION('international standard',
  'automotive_design',2000,#2);
#2 = APPLICATION_CONTEXT(
  'core data for automotive mechanical design processes');
#3 = SHAPE_DEFINITION_REPRESENTATION(#4,#10);
#4 = PRODUCT_DEFINITION_SHAPE('','',#5);
#5 = PRODUCT_DEFINITION('design','',#6,#9);
#6 = PRODUCT_DEFINITION_FORMATION('','',#7);
#7 = PRODUCT('Cut001','Cut001','',(#8));
#8 = PRODUCT_CONTEXT('',#2,'mechanical');
#9 = PRODUCT_DEFINITION_CONTEXT('part definition',#2,'design');
#10 = ADVANCED_BREP_SHAPE_REPRESENTATION('',(#11,#15),#10382);
#11 = AXIS2_PLACEMENT_3D('',#12,#13,#14);
#12 = CARTESIAN_POINT('',(0.,0.,0.));
#13 = DIRECTION('',(0.,0.,1.));
#14 = DIRECTION('',(1.,0.,-0.));
#15 = MANIFOLD_SOLID_BREP('',#16);
#16 = CLOSED_SHELL('',(#17,#89,#216,#240,#271,#671,#852,#1196,#1704,
    #1721,#1766,#1790,#1821,#1852,#1876,#1900,#1924,#1948,#1972,#2003,
    #2020,#2051,#2075,#2099,#2115,#2139,#2156,#2180,#2243,#2294,#2311,
    #2342,#2366,#2390,#2414,#2438,#2462,#2486,#2503,#2534,#2558,#2582,
    #2606,#2630,#2654,#2678,#2695,#2726,#2750,#2774,#2798,#2822,#2846,
    #2870,#2887,#2918,#2942,#2966,#2990,#3014,#3038,#3062,#3079,#3110,
    #3134,#3158,#3182,#3206,#3230,#3254,#3271,#3296,#3321,#3346,#3370,
    #3401,#3425,#3449,#3473,#3497,#3521,#3545,#3569,#3747,#3778,#3809,
    #3840,#3864,#3888,#3905,#3930,#3947,#4003,#4027,#4051,#4075,#4099,
    #4123,#4147,#4171,#4195,#4219,#4243,#4267,#4291,#4315,#4339,#4356,
    #4403,#4428,#4468,#4508,#4533,#4573,#4613,#4638,#4671,#4690,#4709,
    #4756,#4781,#4821,#4861,#4886,#4926,#4966,#4991,#5024,#5041,#5072,
    #5096,#5120,#5144,#5168,#5192,#5216,#5233,#5264,#5288,#5312,#5336,
    #5360,#5384,#5408,#5425,#5456,#5480,#5504,#5528,#5552,#5576,#5600,
    #5617,#5648,#5672,#5696,#5720,#5744,#5768,#5792,#5809,#5840,#5864,
    #5888,#5912,#5936,#5960,#5984,#6001,#6048,#6073,#6113,#6153,#6178,
    #6218,#6258,#6283,#6316,#6363,#6388,#6428,#6468,#6493,#6533,#6573,
    #6598,#6631,#6648,#6664,#6681,#6712,#6729,#6761,#6778,#6802,#6818,
    #6830,#6846,#6877,#6900,#6912,#6931,#6943,#6960,#6986,#7003,#7028,
    #7050,#7067,#7084,#7101,#7118,#7135,#7152,#7164,#7186,#7203,#7220,
    #7237,#7254,#7271,#7288,#7300,#7322,#7339,#7356,#7373,#7390,#7407,
    #7424,#7436,#7458,#7475,#7492,#7509,#7526,#7543,#7560,#7572,#7594,
    #7611,#7628,#7645,#7662,#7679,#7696,#7708,#7755,#7802,#7827,#7844,
    #7861,#7878,#7895,#7911,#7928,#7945,#7977,#8017,#8057,#8082,#8122,
    #8162,#8187,#8227,#8260,#8292,#8332,#8372,#8397,#8437,#8477,#8502,
    #8542,#8575,#8597,#8613,#8630,#8652,#8669,#8686,#8698,#8723,#8740,
    #8765,#8790,#8815,#8827,#8839,#8865,#8932,#8944,#8955,#8967,#8978,
    #8990,#9016,#9083,#9095,#9106,#9118,#9129,#9141,#9159,#9171,#9198,
    #9216,#9228,#9246,#9258,#9285,#9303,#9315,#9327,#9413,#9440,#9457,
    #9518,#9530,#9541,#9553,#9564,#9591,#9608,#9669,#9681,#9692,#9704,
    #9715,#9801,#9826,#9838,#9850,#9862,#9903,#9927,#9951,#9976,#10000,
    #10024,#10049,#10073,#10090,#10131,#10155,#10179,#10204,#10228,
    #10252,#10277,#10301,#10318,#10336,#10354,#10368));
#17 = ADVANCED_FACE('',(#18),#84,.F.);
#18 = FACE_BOUND('',#19,.F.);
#19 = EDGE_LOOP('',(#20,#30,#38,#46,#54,#62,#70,#78));
#20 = ORIENTED_EDGE('',*,*,#21,.T.);
#21 = EDGE_CURVE('',#22,#24,#26,.T.);
#22 = VERTEX_POINT('',#23);
#23 = CARTESIAN_POINT('',(0.,89.,-50.));
#24 = VERTEX_POINT('',#25);
#25 = CARTESIAN_POINT('',(0.,40.660661715084,-50.));
#26 = LINE('',#27,#28);
#27 = CARTESIAN_POINT('',(0.,94.,-50.));
#28 = VECTOR('',#29,1.);
#29 = DIRECTION('',(2.E-16,-1.,-1.224646799147E-16));
#30 = ORIENTED_EDGE('',*,*,#31,.T.);
#31 = EDGE_CURVE('',#24,#32,#34,.T.);
#32 = VERTEX_POINT('',#33);
#33 = CARTESIAN_POINT('',(0.,40.660661715084,-47.));
#34 = LINE('',#35,#36);
#35 = CARTESIAN_POINT('',(0.,40.660661715084,-50.));
#36 = VECTOR('',#37,1.);
#37 = DIRECTION('',(-2.E-16,-1.224646799147E-16,1.));
#38 = ORIENTED_EDGE('',*,*,#39,.F.);
#39 = EDGE_CURVE('',#40,#32,#42,.T.);
#40 = VERTEX_POINT('',#41);
#41 = CARTESIAN_POINT('',(0.,91.,-47.));
#42 = LINE('',#43,#44);
#43 = CARTESIAN_POINT('',(0.,91.,-47.));
#44 = VECTOR('',#45,1.);
#45 = DIRECTION('',(2.E-16,-1.,9.95799250103E-17));
#46 = ORIENTED_EDGE('',*,*,#47,.F.);
#47 = EDGE_CURVE('',#48,#40,#50,.T.);
#48 = VERTEX_POINT('',#49);
#49 = CARTESIAN_POINT('',(-1.42108547152E-14,91.,-2.));
#50 = LINE('',#51,#52);
#51 = CARTESIAN_POINT('',(-1.42108547152E-14,91.,1.181041968702E-14));
#52 = VECTOR('',#53,1.);
#53 = DIRECTION('',(2.E-16,-9.95799250103E-17,-1.));
#54 = ORIENTED_EDGE('',*,*,#55,.F.);
#55 = EDGE_CURVE('',#56,#48,#58,.T.);
#56 = VERTEX_POINT('',#57);
#57 = CARTESIAN_POINT('',(-1.42108547152E-14,93.,3.048505125562E-14));
#58 = LINE('',#59,#60);
#59 = CARTESIAN_POINT('',(-2.84217094304E-14,92.75,-0.25));
#60 = VECTOR('',#61,1.);
#61 = DIRECTION('',(2.828427124746E-16,-0.707106781187,-0.707106781187)
  );
#62 = ORIENTED_EDGE('',*,*,#63,.F.);
#63 = EDGE_CURVE('',#64,#56,#66,.T.);
#64 = VERTEX_POINT('',#65);
#65 = CARTESIAN_POINT('',(-1.42108547152E-14,94.,1.151167991199E-14));
#66 = LINE('',#67,#68);
#67 = CARTESIAN_POINT('',(-1.42108547152E-14,94.,1.151167991199E-14));
#68 = VECTOR('',#69,1.);
#69 = DIRECTION('',(2.E-16,-1.,-1.224646799147E-16));
#70 = ORIENTED_EDGE('',*,*,#71,.T.);
#71 = EDGE_CURVE('',#64,#72,#74,.T.);
#72 = VERTEX_POINT('',#73);
#73 = CARTESIAN_POINT('',(0.,94.,-45.));
#74 = LINE('',#75,#76);
#75 = CARTESIAN_POINT('',(-1.42108547152E-14,94.,1.151167991199E-14));
#76 = VECTOR('',#77,1.);
#77 = DIRECTION('',(2.E-16,1.224646799147E-16,-1.));
#78 = ORIENTED_EDGE('',*,*,#79,.F.);
#79 = EDGE_CURVE('',#22,#72,#80,.T.);
#80 = LINE('',#81,#82);
#81 = CARTESIAN_POINT('',(-4.263256414561E-14,104.,-35.));
#82 = VECTOR('',#83,1.);
#83 = DIRECTION('',(-2.828427124746E-16,0.707106781187,0.707106781187));
#84 = PLANE('',#85);
#85 = AXIS2_PLACEMENT_3D('',#86,#87,#88);
#86 = CARTESIAN_POINT('',(-1.42108547152E-14,94.,1.151167991199E-14));
#87 = DIRECTION('',(-1.,-2.E-16,-2.E-16));
#88 = DIRECTION('',(2.E-16,-1.,-1.224646799147E-16));
#89 = ADVANCED_FACE('',(#90),#211,.T.);
#90 = FACE_BOUND('',#91,.T.);
#91 = EDGE_LOOP('',(#92,#102,#110,#118,#126,#134,#142,#150,#158,#166,
    #172,#173,#181,#189,#197,#205));
#92 = ORIENTED_EDGE('',*,*,#93,.T.);
#93 = EDGE_CURVE('',#94,#96,#98,.T.);
#94 = VERTEX_POINT('',#95);
#95 = CARTESIAN_POINT('',(2.84217094304E-14,-51.56065744921,-50.));
#96 = VERTEX_POINT('',#97);
#97 = CARTESIAN_POINT('',(2.84217094304E-14,-89.,-50.));
#98 = LINE('',#99,#100);
#99 = CARTESIAN_POINT('',(0.,94.,-50.));
#100 = VECTOR('',#101,1.);
#101 = DIRECTION('',(2.E-16,-1.,-1.224646799147E-16));
#102 = ORIENTED_EDGE('',*,*,#103,.T.);
#103 = EDGE_CURVE('',#96,#104,#106,.T.);
#104 = VERTEX_POINT('',#105);
#105 = CARTESIAN_POINT('',(-112.5,-89.,-50.));
#106 = LINE('',#107,#108);
#107 = CARTESIAN_POINT('',(2.84217094304E-14,-89.,-50.));
#108 = VECTOR('',#109,1.);
#109 = DIRECTION('',(-1.,-2.E-16,-2.E-16));
#110 = ORIENTED_EDGE('',*,*,#111,.T.);
#111 = EDGE_CURVE('',#104,#112,#114,.T.);
#112 = VERTEX_POINT('',#113);
#113 = CARTESIAN_POINT('',(-112.5,-76.5,-50.));
#114 = LINE('',#115,#116);
#115 = CARTESIAN_POINT('',(-112.5,-94.,-50.));
#116 = VECTOR('',#117,1.);
#117 = DIRECTION('',(-2.E-16,1.,1.224646799147E-16));
#118 = ORIENTED_EDGE('',*,*,#119,.F.);
#119 = EDGE_CURVE('',#120,#112,#122,.T.);
#120 = VERTEX_POINT('',#121);
#121 = CARTESIAN_POINT('',(-122.5,-66.5,-50.));
#122 = LINE('',#123,#124);
#123 = CARTESIAN_POINT('',(-125.0625,-63.9375,-50.));
#124 = VECTOR('',#125,1.);
#125 = DIRECTION('',(0.707106781187,-0.707106781187,5.482575061376E-17)
  );
#126 = ORIENTED_EDGE('',*,*,#127,.T.);
#127 = EDGE_CURVE('',#120,#128,#130,.T.);
#128 = VERTEX_POINT('',#129);
#129 = CARTESIAN_POINT('',(-127.5,-66.5,-50.));
#130 = LINE('',#131,#132);
#131 = CARTESIAN_POINT('',(-117.5,-66.5,-50.));
#132 = VECTOR('',#133,1.);
#133 = DIRECTION('',(-1.,-2.E-16,-2.E-16));
#134 = ORIENTED_EDGE('',*,*,#135,.T.);
#135 = EDGE_CURVE('',#128,#136,#138,.T.);
#136 = VERTEX_POINT('',#137);
#137 = CARTESIAN_POINT('',(-127.5,66.5,-50.));
#138 = LINE('',#139,#140);
#139 = CARTESIAN_POINT('',(-127.5,-71.5,-50.));
#140 = VECTOR('',#141,1.);
#141 = DIRECTION('',(-2.E-16,1.,1.224646799147E-16));
#142 = ORIENTED_EDGE('',*,*,#143,.T.);
#143 = EDGE_CURVE('',#136,#144,#146,.T.);
#144 = VERTEX_POINT('',#145);
#145 = CARTESIAN_POINT('',(-122.5,66.5,-50.));
#146 = LINE('',#147,#148);
#147 = CARTESIAN_POINT('',(-132.5,66.5,-50.));
#148 = VECTOR('',#149,1.);
#149 = DIRECTION('',(1.,2.E-16,2.E-16));
#150 = ORIENTED_EDGE('',*,*,#151,.T.);
#151 = EDGE_CURVE('',#144,#152,#154,.T.);
#152 = VERTEX_POINT('',#153);
#153 = CARTESIAN_POINT('',(-112.5,76.5,-50.));
#154 = LINE('',#155,#156);
#155 = CARTESIAN_POINT('',(-125.0625,63.9375,-50.));
#156 = VECTOR('',#157,1.);
#157 = DIRECTION('',(0.707106781187,0.707106781187,2.280169618609E-16));
#158 = ORIENTED_EDGE('',*,*,#159,.T.);
#159 = EDGE_CURVE('',#152,#160,#162,.T.);
#160 = VERTEX_POINT('',#161);
#161 = CARTESIAN_POINT('',(-112.5,89.,-50.));
#162 = LINE('',#163,#164);
#163 = CARTESIAN_POINT('',(-112.5,71.5,-50.));
#164 = VECTOR('',#165,1.);
#165 = DIRECTION('',(-2.E-16,1.,1.224646799147E-16));
#166 = ORIENTED_EDGE('',*,*,#167,.T.);
#167 = EDGE_CURVE('',#160,#22,#168,.T.);
#168 = LINE('',#169,#170);
#169 = CARTESIAN_POINT('',(-117.5,89.,-50.));
#170 = VECTOR('',#171,1.);
#171 = DIRECTION('',(1.,2.E-16,2.E-16));
#172 = ORIENTED_EDGE('',*,*,#21,.T.);
#173 = ORIENTED_EDGE('',*,*,#174,.T.);
#174 = EDGE_CURVE('',#24,#175,#177,.T.);
#175 = VERTEX_POINT('',#176);
#176 = CARTESIAN_POINT('',(-87.56315702924,40.660661715084,-50.));
#177 = LINE('',#178,#179);
#178 = CARTESIAN_POINT('',(0.,40.660661715084,-50.));
#179 = VECTOR('',#180,1.);
#180 = DIRECTION('',(-1.,-2.E-16,-2.E-16));
#181 = ORIENTED_EDGE('',*,*,#182,.F.);
#182 = EDGE_CURVE('',#183,#175,#185,.T.);
#183 = VERTEX_POINT('',#184);
#184 = CARTESIAN_POINT('',(-88.56315702924,39.660661715084,-50.));
#185 = LINE('',#186,#187);
#186 = CARTESIAN_POINT('',(-92.9000332007,35.323785543625,-50.));
#187 = VECTOR('',#188,1.);
#188 = DIRECTION('',(0.707106781187,0.707106781187,2.280169618609E-16));
#189 = ORIENTED_EDGE('',*,*,#190,.T.);
#190 = EDGE_CURVE('',#183,#191,#193,.T.);
#191 = VERTEX_POINT('',#192);
#192 = CARTESIAN_POINT('',(-88.56315702924,-50.56065744921,-50.));
#193 = LINE('',#194,#195);
#194 = CARTESIAN_POINT('',(-88.56315702924,40.160661715084,-50.));
#195 = VECTOR('',#196,1.);
#196 = DIRECTION('',(2.E-16,-1.,-1.224646799147E-16));
#197 = ORIENTED_EDGE('',*,*,#198,.F.);
#198 = EDGE_CURVE('',#199,#191,#201,.T.);
#199 = VERTEX_POINT('',#200);
#200 = CARTESIAN_POINT('',(-87.56315702924,-51.56065744921,-50.));
#201 = LINE('',#202,#203);
#202 = CARTESIAN_POINT('',(-95.12503213423,-43.99878234422,-50.));
#203 = VECTOR('',#204,1.);
#204 = DIRECTION('',(-0.707106781187,0.707106781187,-5.482575061376E-17)
  );
#205 = ORIENTED_EDGE('',*,*,#206,.T.);
#206 = EDGE_CURVE('',#199,#94,#207,.T.);
#207 = LINE('',#208,#209);
#208 = CARTESIAN_POINT('',(-88.06315702924,-51.56065744921,-50.));
#209 = VECTOR('',#210,1.);
#210 = DIRECTION('',(1.,2.E-16,2.E-16));
#211 = PLANE('',#212);
#212 = AXIS2_PLACEMENT_3D('',#213,#214,#215);
#213 = CARTESIAN_POINT('',(-66.25,-1.42108547152E-14,-50.));
#214 = DIRECTION('',(2.E-16,1.224646799147E-16,-1.));
#215 = DIRECTION('',(1.,2.E-16,2.E-16));
#216 = ADVANCED_FACE('',(#217),#235,.T.);
#217 = FACE_BOUND('',#218,.F.);
#218 = EDGE_LOOP('',(#219,#220,#221,#229));
#219 = ORIENTED_EDGE('',*,*,#167,.T.);
#220 = ORIENTED_EDGE('',*,*,#79,.T.);
#221 = ORIENTED_EDGE('',*,*,#222,.F.);
#222 = EDGE_CURVE('',#223,#72,#225,.T.);
#223 = VERTEX_POINT('',#224);
#224 = CARTESIAN_POINT('',(-112.5,94.,-45.));
#225 = LINE('',#226,#227);
#226 = CARTESIAN_POINT('',(-117.5,94.,-45.));
#227 = VECTOR('',#228,1.);
#228 = DIRECTION('',(1.,2.E-16,2.E-16));
#229 = ORIENTED_EDGE('',*,*,#230,.F.);
#230 = EDGE_CURVE('',#160,#223,#231,.T.);
#231 = LINE('',#232,#233);
#232 = CARTESIAN_POINT('',(-112.5,91.5,-47.5));
#233 = VECTOR('',#234,1.);
#234 = DIRECTION('',(-2.828427124746E-16,0.707106781187,0.707106781187)
  );
#235 = PLANE('',#236);
#236 = AXIS2_PLACEMENT_3D('',#237,#238,#239);
#237 = CARTESIAN_POINT('',(-117.5,91.5,-47.5));
#238 = DIRECTION('',(-4.930380657631E-32,0.707106781187,-0.707106781187)
  );
#239 = DIRECTION('',(-1.,-2.E-16,-2.E-16));
#240 = ADVANCED_FACE('',(#241),#266,.F.);
#241 = FACE_BOUND('',#242,.T.);
#242 = EDGE_LOOP('',(#243,#251,#252,#260));
#243 = ORIENTED_EDGE('',*,*,#244,.F.);
#244 = EDGE_CURVE('',#24,#245,#247,.T.);
#245 = VERTEX_POINT('',#246);
#246 = CARTESIAN_POINT('',(-0.5,40.160661715084,-49.5));
#247 = LINE('',#248,#249);
#248 = CARTESIAN_POINT('',(-0.166666666667,40.493995048418,
    -49.83333333333));
#249 = VECTOR('',#250,1.);
#250 = DIRECTION('',(-0.57735026919,-0.57735026919,0.57735026919));
#251 = ORIENTED_EDGE('',*,*,#31,.T.);
#252 = ORIENTED_EDGE('',*,*,#253,.T.);
#253 = EDGE_CURVE('',#32,#254,#256,.T.);
#254 = VERTEX_POINT('',#255);
#255 = CARTESIAN_POINT('',(-0.5,40.160661715084,-47.5));
#256 = LINE('',#257,#258);
#257 = CARTESIAN_POINT('',(-0.666666666667,39.993995048418,
    -47.66666666666));
#258 = VECTOR('',#259,1.);
#259 = DIRECTION('',(-0.57735026919,-0.57735026919,-0.57735026919));
#260 = ORIENTED_EDGE('',*,*,#261,.F.);
#261 = EDGE_CURVE('',#245,#254,#262,.T.);
#262 = LINE('',#263,#264);
#263 = CARTESIAN_POINT('',(-0.5,40.160661715084,-50.));
#264 = VECTOR('',#265,1.);
#265 = DIRECTION('',(-2.E-16,-1.224646799147E-16,1.));
#266 = PLANE('',#267);
#267 = AXIS2_PLACEMENT_3D('',#268,#269,#270);
#268 = CARTESIAN_POINT('',(-0.25,40.410661715084,-50.));
#269 = DIRECTION('',(-0.707106781187,0.707106781187,-5.482575061376E-17)
  );
#270 = DIRECTION('',(2.E-16,1.224646799147E-16,-1.));
#271 = ADVANCED_FACE('',(#272,#314,#380,#446,#512,#578,#644,#655),#666,
  .T.);
#272 = FACE_BOUND('',#273,.T.);
#273 = EDGE_LOOP('',(#274,#275,#276,#284,#292,#300,#308));
#274 = ORIENTED_EDGE('',*,*,#71,.T.);
#275 = ORIENTED_EDGE('',*,*,#222,.F.);
#276 = ORIENTED_EDGE('',*,*,#277,.F.);
#277 = EDGE_CURVE('',#278,#223,#280,.T.);
#278 = VERTEX_POINT('',#279);
#279 = CARTESIAN_POINT('',(-112.5,94.,-20.49));
#280 = LINE('',#281,#282);
#281 = CARTESIAN_POINT('',(-112.5,94.,-15.49));
#282 = VECTOR('',#283,1.);
#283 = DIRECTION('',(2.E-16,1.224646799147E-16,-1.));
#284 = ORIENTED_EDGE('',*,*,#285,.F.);
#285 = EDGE_CURVE('',#286,#278,#288,.T.);
#286 = VERTEX_POINT('',#287);
#287 = CARTESIAN_POINT('',(-132.49,94.,-0.5));
#288 = LINE('',#289,#290);
#289 = CARTESIAN_POINT('',(-106.0575,94.,-26.9325));
#290 = VECTOR('',#291,1.);
#291 = DIRECTION('',(0.707106781187,2.280169618609E-16,-0.707106781187)
  );
#292 = ORIENTED_EDGE('',*,*,#293,.T.);
#293 = EDGE_CURVE('',#286,#294,#296,.T.);
#294 = VERTEX_POINT('',#295);
#295 = CARTESIAN_POINT('',(-132.5,94.,-0.5));
#296 = LINE('',#297,#298);
#297 = CARTESIAN_POINT('',(-117.5,94.,-0.5));
#298 = VECTOR('',#299,1.);
#299 = DIRECTION('',(-1.,-2.E-16,-2.E-16));
#300 = ORIENTED_EDGE('',*,*,#301,.F.);
#301 = EDGE_CURVE('',#302,#294,#304,.T.);
#302 = VERTEX_POINT('',#303);
#303 = CARTESIAN_POINT('',(-132.5,94.,-3.231798405918E-15));
#304 = LINE('',#305,#306);
#305 = CARTESIAN_POINT('',(-132.5,94.,-3.231798405918E-15));
#306 = VECTOR('',#307,1.);
#307 = DIRECTION('',(2.E-16,1.224646799147E-16,-1.));
#308 = ORIENTED_EDGE('',*,*,#309,.T.);
#309 = EDGE_CURVE('',#302,#64,#310,.T.);
#310 = LINE('',#311,#312);
#311 = CARTESIAN_POINT('',(-132.5,94.,-1.498832008801E-14));
#312 = VECTOR('',#313,1.);
#313 = DIRECTION('',(1.,2.E-16,2.E-16));
#314 = FACE_BOUND('',#315,.T.);
#315 = EDGE_LOOP('',(#316,#326,#334,#342,#350,#358,#366,#374));
#316 = ORIENTED_EDGE('',*,*,#317,.F.);
#317 = EDGE_CURVE('',#318,#320,#322,.T.);
#318 = VERTEX_POINT('',#319);
#319 = CARTESIAN_POINT('',(-88.,94.,-14.));
#320 = VERTEX_POINT('',#321);
#321 = CARTESIAN_POINT('',(-87.,94.,-14.));
#322 = LINE('',#323,#324);
#323 = CARTESIAN_POINT('',(-89.,94.,-14.));
#324 = VECTOR('',#325,1.);
#325 = DIRECTION('',(1.,2.E-16,2.E-16));
#326 = ORIENTED_EDGE('',*,*,#327,.F.);
#327 = EDGE_CURVE('',#328,#318,#330,.T.);
#328 = VERTEX_POINT('',#329);
#329 = CARTESIAN_POINT('',(-90.,94.,-16.));
#330 = LINE('',#331,#332);
#331 = CARTESIAN_POINT('',(-85.29537671232,94.,-11.29537671232));
#332 = VECTOR('',#333,1.);
#333 = DIRECTION('',(0.707106781187,5.482575061376E-17,0.707106781187));
#334 = ORIENTED_EDGE('',*,*,#335,.F.);
#335 = EDGE_CURVE('',#336,#328,#338,.T.);
#336 = VERTEX_POINT('',#337);
#337 = CARTESIAN_POINT('',(-90.,94.,-34.));
#338 = LINE('',#339,#340);
#339 = CARTESIAN_POINT('',(-90.,94.,-35.));
#340 = VECTOR('',#341,1.);
#341 = DIRECTION('',(-2.E-16,9.95799250103E-17,1.));
#342 = ORIENTED_EDGE('',*,*,#343,.F.);
#343 = EDGE_CURVE('',#344,#336,#346,.T.);
#344 = VERTEX_POINT('',#345);
#345 = CARTESIAN_POINT('',(-88.,94.,-36.));
#346 = LINE('',#347,#348);
#347 = CARTESIAN_POINT('',(-85.3125,94.,-38.6875));
#348 = VECTOR('',#349,1.);
#349 = DIRECTION('',(-0.707106781187,-2.280169618609E-16,0.707106781187)
  );
#350 = ORIENTED_EDGE('',*,*,#351,.F.);
#351 = EDGE_CURVE('',#352,#344,#354,.T.);
#352 = VERTEX_POINT('',#353);
#353 = CARTESIAN_POINT('',(-87.,94.,-36.));
#354 = LINE('',#355,#356);
#355 = CARTESIAN_POINT('',(-86.,94.,-36.));
#356 = VECTOR('',#357,1.);
#357 = DIRECTION('',(-1.,-2.E-16,-2.E-16));
#358 = ORIENTED_EDGE('',*,*,#359,.T.);
#359 = EDGE_CURVE('',#352,#360,#362,.T.);
#360 = VERTEX_POINT('',#361);
#361 = CARTESIAN_POINT('',(-85.,94.,-34.));
#362 = LINE('',#363,#364);
#363 = CARTESIAN_POINT('',(-78.04537671232,94.,-27.04537671232));
#364 = VECTOR('',#365,1.);
#365 = DIRECTION('',(0.707106781187,5.482575061376E-17,0.707106781187));
#366 = ORIENTED_EDGE('',*,*,#367,.F.);
#367 = EDGE_CURVE('',#368,#360,#370,.T.);
#368 = VERTEX_POINT('',#369);
#369 = CARTESIAN_POINT('',(-85.,94.,-16.));
#370 = LINE('',#371,#372);
#371 = CARTESIAN_POINT('',(-85.,94.,-15.));
#372 = VECTOR('',#373,1.);
#373 = DIRECTION('',(2.E-16,-9.95799250103E-17,-1.));
#374 = ORIENTED_EDGE('',*,*,#375,.T.);
#375 = EDGE_CURVE('',#368,#320,#376,.T.);
#376 = LINE('',#377,#378);
#377 = CARTESIAN_POINT('',(-78.0625,94.,-22.9375));
#378 = VECTOR('',#379,1.);
#379 = DIRECTION('',(-0.707106781187,-2.280169618609E-16,0.707106781187)
  );
#380 = FACE_BOUND('',#381,.T.);
#381 = EDGE_LOOP('',(#382,#392,#400,#408,#416,#424,#432,#440));
#382 = ORIENTED_EDGE('',*,*,#383,.F.);
#383 = EDGE_CURVE('',#384,#386,#388,.T.);
#384 = VERTEX_POINT('',#385);
#385 = CARTESIAN_POINT('',(-82.5,94.,-16.));
#386 = VERTEX_POINT('',#387);
#387 = CARTESIAN_POINT('',(-80.5,94.,-14.));
#388 = LINE('',#389,#390);
#389 = CARTESIAN_POINT('',(-77.79537671232,94.,-11.29537671232));
#390 = VECTOR('',#391,1.);
#391 = DIRECTION('',(0.707106781187,5.482575061376E-17,0.707106781187));
#392 = ORIENTED_EDGE('',*,*,#393,.F.);
#393 = EDGE_CURVE('',#394,#384,#396,.T.);
#394 = VERTEX_POINT('',#395);
#395 = CARTESIAN_POINT('',(-82.5,94.,-34.));
#396 = LINE('',#397,#398);
#397 = CARTESIAN_POINT('',(-82.5,94.,-35.));
#398 = VECTOR('',#399,1.);
#399 = DIRECTION('',(-2.E-16,9.95799250103E-17,1.));
#400 = ORIENTED_EDGE('',*,*,#401,.F.);
#401 = EDGE_CURVE('',#402,#394,#404,.T.);
#402 = VERTEX_POINT('',#403);
#403 = CARTESIAN_POINT('',(-80.5,94.,-36.));
#404 = LINE('',#405,#406);
#405 = CARTESIAN_POINT('',(-77.8125,94.,-38.6875));
#406 = VECTOR('',#407,1.);
#407 = DIRECTION('',(-0.707106781187,-2.280169618609E-16,0.707106781187)
  );
#408 = ORIENTED_EDGE('',*,*,#409,.F.);
#409 = EDGE_CURVE('',#410,#402,#412,.T.);
#410 = VERTEX_POINT('',#411);
#411 = CARTESIAN_POINT('',(-79.5,94.,-36.));
#412 = LINE('',#413,#414);
#413 = CARTESIAN_POINT('',(-78.5,94.,-36.));
#414 = VECTOR('',#415,1.);
#415 = DIRECTION('',(-1.,-2.E-16,-2.E-16));
#416 = ORIENTED_EDGE('',*,*,#417,.T.);
#417 = EDGE_CURVE('',#410,#418,#420,.T.);
#418 = VERTEX_POINT('',#419);
#419 = CARTESIAN_POINT('',(-77.5,94.,-34.));
#420 = LINE('',#421,#422);
#421 = CARTESIAN_POINT('',(-70.54537671232,94.,-27.04537671232));
#422 = VECTOR('',#423,1.);
#423 = DIRECTION('',(0.707106781187,5.482575061376E-17,0.707106781187));
#424 = ORIENTED_EDGE('',*,*,#425,.F.);
#425 = EDGE_CURVE('',#426,#418,#428,.T.);
#426 = VERTEX_POINT('',#427);
#427 = CARTESIAN_POINT('',(-77.5,94.,-16.));
#428 = LINE('',#429,#430);
#429 = CARTESIAN_POINT('',(-77.5,94.,-15.));
#430 = VECTOR('',#431,1.);
#431 = DIRECTION('',(2.E-16,-9.95799250103E-17,-1.));
#432 = ORIENTED_EDGE('',*,*,#433,.T.);
#433 = EDGE_CURVE('',#426,#434,#436,.T.);
#434 = VERTEX_POINT('',#435);
#435 = CARTESIAN_POINT('',(-79.5,94.,-14.));
#436 = LINE('',#437,#438);
#437 = CARTESIAN_POINT('',(-70.5625,94.,-22.9375));
#438 = VECTOR('',#439,1.);
#439 = DIRECTION('',(-0.707106781187,-2.280169618609E-16,0.707106781187)
  );
#440 = ORIENTED_EDGE('',*,*,#441,.F.);
#441 = EDGE_CURVE('',#386,#434,#442,.T.);
#442 = LINE('',#443,#444);
#443 = CARTESIAN_POINT('',(-81.5,94.,-14.));
#444 = VECTOR('',#445,1.);
#445 = DIRECTION('',(1.,2.E-16,2.E-16));
#446 = FACE_BOUND('',#447,.T.);
#447 = EDGE_LOOP('',(#448,#458,#466,#474,#482,#490,#498,#506));
#448 = ORIENTED_EDGE('',*,*,#449,.F.);
#449 = EDGE_CURVE('',#450,#452,#454,.T.);
#450 = VERTEX_POINT('',#451);
#451 = CARTESIAN_POINT('',(-75.,94.,-16.));
#452 = VERTEX_POINT('',#453);
#453 = CARTESIAN_POINT('',(-73.,94.,-14.));
#454 = LINE('',#455,#456);
#455 = CARTESIAN_POINT('',(-70.29537671232,94.,-11.29537671232));
#456 = VECTOR('',#457,1.);
#457 = DIRECTION('',(0.707106781187,5.482575061376E-17,0.707106781187));
#458 = ORIENTED_EDGE('',*,*,#459,.F.);
#459 = EDGE_CURVE('',#460,#450,#462,.T.);
#460 = VERTEX_POINT('',#461);
#461 = CARTESIAN_POINT('',(-75.,94.,-34.));
#462 = LINE('',#463,#464);
#463 = CARTESIAN_POINT('',(-75.,94.,-35.));
#464 = VECTOR('',#465,1.);
#465 = DIRECTION('',(-2.E-16,9.95799250103E-17,1.));
#466 = ORIENTED_EDGE('',*,*,#467,.F.);
#467 = EDGE_CURVE('',#468,#460,#470,.T.);
#468 = VERTEX_POINT('',#469);
#469 = CARTESIAN_POINT('',(-73.,94.,-36.));
#470 = LINE('',#471,#472);
#471 = CARTESIAN_POINT('',(-70.3125,94.,-38.6875));
#472 = VECTOR('',#473,1.);
#473 = DIRECTION('',(-0.707106781187,-2.280169618609E-16,0.707106781187)
  );
#474 = ORIENTED_EDGE('',*,*,#475,.F.);
#475 = EDGE_CURVE('',#476,#468,#478,.T.);
#476 = VERTEX_POINT('',#477);
#477 = CARTESIAN_POINT('',(-72.,94.,-36.));
#478 = LINE('',#479,#480);
#479 = CARTESIAN_POINT('',(-71.,94.,-36.));
#480 = VECTOR('',#481,1.);
#481 = DIRECTION('',(-1.,-2.E-16,-2.E-16));
#482 = ORIENTED_EDGE('',*,*,#483,.T.);
#483 = EDGE_CURVE('',#476,#484,#486,.T.);
#484 = VERTEX_POINT('',#485);
#485 = CARTESIAN_POINT('',(-70.,94.,-34.));
#486 = LINE('',#487,#488);
#487 = CARTESIAN_POINT('',(-63.04537671232,94.,-27.04537671232));
#488 = VECTOR('',#489,1.);
#489 = DIRECTION('',(0.707106781187,5.482575061376E-17,0.707106781187));
#490 = ORIENTED_EDGE('',*,*,#491,.F.);
#491 = EDGE_CURVE('',#492,#484,#494,.T.);
#492 = VERTEX_POINT('',#493);
#493 = CARTESIAN_POINT('',(-70.,94.,-16.));
#494 = LINE('',#495,#496);
#495 = CARTESIAN_POINT('',(-70.,94.,-15.));
#496 = VECTOR('',#497,1.);
#497 = DIRECTION('',(2.E-16,-9.95799250103E-17,-1.));
#498 = ORIENTED_EDGE('',*,*,#499,.T.);
#499 = EDGE_CURVE('',#492,#500,#502,.T.);
#500 = VERTEX_POINT('',#501);
#501 = CARTESIAN_POINT('',(-72.,94.,-14.));
#502 = LINE('',#503,#504);
#503 = CARTESIAN_POINT('',(-63.0625,94.,-22.9375));
#504 = VECTOR('',#505,1.);
#505 = DIRECTION('',(-0.707106781187,-2.280169618609E-16,0.707106781187)
  );
#506 = ORIENTED_EDGE('',*,*,#507,.F.);
#507 = EDGE_CURVE('',#452,#500,#508,.T.);
#508 = LINE('',#509,#510);
#509 = CARTESIAN_POINT('',(-74.,94.,-14.));
#510 = VECTOR('',#511,1.);
#511 = DIRECTION('',(1.,2.E-16,2.E-16));
#512 = FACE_BOUND('',#513,.T.);
#513 = EDGE_LOOP('',(#514,#524,#532,#540,#548,#556,#564,#572));
#514 = ORIENTED_EDGE('',*,*,#515,.F.);
#515 = EDGE_CURVE('',#516,#518,#520,.T.);
#516 = VERTEX_POINT('',#517);
#517 = CARTESIAN_POINT('',(-67.5,94.,-16.));
#518 = VERTEX_POINT('',#519);
#519 = CARTESIAN_POINT('',(-65.5,94.,-14.));
#520 = LINE('',#521,#522);
#521 = CARTESIAN_POINT('',(-62.79537671232,94.,-11.29537671232));
#522 = VECTOR('',#523,1.);
#523 = DIRECTION('',(0.707106781187,5.482575061376E-17,0.707106781187));
#524 = ORIENTED_EDGE('',*,*,#525,.F.);
#525 = EDGE_CURVE('',#526,#516,#528,.T.);
#526 = VERTEX_POINT('',#527);
#527 = CARTESIAN_POINT('',(-67.5,94.,-34.));
#528 = LINE('',#529,#530);
#529 = CARTESIAN_POINT('',(-67.5,94.,-35.));
#530 = VECTOR('',#531,1.);
#531 = DIRECTION('',(-2.E-16,9.95799250103E-17,1.));
#532 = ORIENTED_EDGE('',*,*,#533,.F.);
#533 = EDGE_CURVE('',#534,#526,#536,.T.);
#534 = VERTEX_POINT('',#535);
#535 = CARTESIAN_POINT('',(-65.5,94.,-36.));
#536 = LINE('',#537,#538);
#537 = CARTESIAN_POINT('',(-62.8125,94.,-38.6875));
#538 = VECTOR('',#539,1.);
#539 = DIRECTION('',(-0.707106781187,-2.280169618609E-16,0.707106781187)
  );
#540 = ORIENTED_EDGE('',*,*,#541,.F.);
#541 = EDGE_CURVE('',#542,#534,#544,.T.);
#542 = VERTEX_POINT('',#543);
#543 = CARTESIAN_POINT('',(-64.5,94.,-36.));
#544 = LINE('',#545,#546);
#545 = CARTESIAN_POINT('',(-63.5,94.,-36.));
#546 = VECTOR('',#547,1.);
#547 = DIRECTION('',(-1.,-2.E-16,-2.E-16));
#548 = ORIENTED_EDGE('',*,*,#549,.T.);
#549 = EDGE_CURVE('',#542,#550,#552,.T.);
#550 = VERTEX_POINT('',#551);
#551 = CARTESIAN_POINT('',(-62.5,94.,-34.));
#552 = LINE('',#553,#554);
#553 = CARTESIAN_POINT('',(-55.54537671232,94.,-27.04537671232));
#554 = VECTOR('',#555,1.);
#555 = DIRECTION('',(0.707106781187,5.482575061376E-17,0.707106781187));
#556 = ORIENTED_EDGE('',*,*,#557,.F.);
#557 = EDGE_CURVE('',#558,#550,#560,.T.);
#558 = VERTEX_POINT('',#559);
#559 = CARTESIAN_POINT('',(-62.5,94.,-16.));
#560 = LINE('',#561,#562);
#561 = CARTESIAN_POINT('',(-62.5,94.,-15.));
#562 = VECTOR('',#563,1.);
#563 = DIRECTION('',(2.E-16,-9.95799250103E-17,-1.));
#564 = ORIENTED_EDGE('',*,*,#565,.T.);
#565 = EDGE_CURVE('',#558,#566,#568,.T.);
#566 = VERTEX_POINT('',#567);
#567 = CARTESIAN_POINT('',(-64.5,94.,-14.));
#568 = LINE('',#569,#570);
#569 = CARTESIAN_POINT('',(-55.5625,94.,-22.9375));
#570 = VECTOR('',#571,1.);
#571 = DIRECTION('',(-0.707106781187,-2.280169618609E-16,0.707106781187)
  );
#572 = ORIENTED_EDGE('',*,*,#573,.F.);
#573 = EDGE_CURVE('',#518,#566,#574,.T.);
#574 = LINE('',#575,#576);
#575 = CARTESIAN_POINT('',(-66.5,94.,-14.));
#576 = VECTOR('',#577,1.);
#577 = DIRECTION('',(1.,2.E-16,2.E-16));
#578 = FACE_BOUND('',#579,.T.);
#579 = EDGE_LOOP('',(#580,#590,#598,#606,#614,#622,#630,#638));
#580 = ORIENTED_EDGE('',*,*,#581,.F.);
#581 = EDGE_CURVE('',#582,#584,#586,.T.);
#582 = VERTEX_POINT('',#583);
#583 = CARTESIAN_POINT('',(-60.,94.,-16.));
#584 = VERTEX_POINT('',#585);
#585 = CARTESIAN_POINT('',(-58.,94.,-14.));
#586 = LINE('',#587,#588);
#587 = CARTESIAN_POINT('',(-55.29537671232,94.,-11.29537671232));
#588 = VECTOR('',#589,1.);
#589 = DIRECTION('',(0.707106781187,5.482575061376E-17,0.707106781187));
#590 = ORIENTED_EDGE('',*,*,#591,.F.);
#591 = EDGE_CURVE('',#592,#582,#594,.T.);
#592 = VERTEX_POINT('',#593);
#593 = CARTESIAN_POINT('',(-60.,94.,-34.));
#594 = LINE('',#595,#596);
#595 = CARTESIAN_POINT('',(-60.,94.,-35.));
#596 = VECTOR('',#597,1.);
#597 = DIRECTION('',(-2.E-16,9.95799250103E-17,1.));
#598 = ORIENTED_EDGE('',*,*,#599,.F.);
#599 = EDGE_CURVE('',#600,#592,#602,.T.);
#600 = VERTEX_POINT('',#601);
#601 = CARTESIAN_POINT('',(-58.,94.,-36.));
#602 = LINE('',#603,#604);
#603 = CARTESIAN_POINT('',(-55.3125,94.,-38.6875));
#604 = VECTOR('',#605,1.);
#605 = DIRECTION('',(-0.707106781187,-2.280169618609E-16,0.707106781187)
  );
#606 = ORIENTED_EDGE('',*,*,#607,.F.);
#607 = EDGE_CURVE('',#608,#600,#610,.T.);
#608 = VERTEX_POINT('',#609);
#609 = CARTESIAN_POINT('',(-57.,94.,-36.));
#610 = LINE('',#611,#612);
#611 = CARTESIAN_POINT('',(-56.,94.,-36.));
#612 = VECTOR('',#613,1.);
#613 = DIRECTION('',(-1.,-2.E-16,-2.E-16));
#614 = ORIENTED_EDGE('',*,*,#615,.T.);
#615 = EDGE_CURVE('',#608,#616,#618,.T.);
#616 = VERTEX_POINT('',#617);
#617 = CARTESIAN_POINT('',(-55.,94.,-34.));
#618 = LINE('',#619,#620);
#619 = CARTESIAN_POINT('',(-48.04537671232,94.,-27.04537671232));
#620 = VECTOR('',#621,1.);
#621 = DIRECTION('',(0.707106781187,5.482575061376E-17,0.707106781187));
#622 = ORIENTED_EDGE('',*,*,#623,.F.);
#623 = EDGE_CURVE('',#624,#616,#626,.T.);
#624 = VERTEX_POINT('',#625);
#625 = CARTESIAN_POINT('',(-55.,94.,-16.));
#626 = LINE('',#627,#628);
#627 = CARTESIAN_POINT('',(-55.,94.,-15.));
#628 = VECTOR('',#629,1.);
#629 = DIRECTION('',(2.E-16,-9.95799250103E-17,-1.));
#630 = ORIENTED_EDGE('',*,*,#631,.T.);
#631 = EDGE_CURVE('',#624,#632,#634,.T.);
#632 = VERTEX_POINT('',#633);
#633 = CARTESIAN_POINT('',(-57.,94.,-14.));
#634 = LINE('',#635,#636);
#635 = CARTESIAN_POINT('',(-48.0625,94.,-22.9375));
#636 = VECTOR('',#637,1.);
#637 = DIRECTION('',(-0.707106781187,-2.280169618609E-16,0.707106781187)
  );
#638 = ORIENTED_EDGE('',*,*,#639,.F.);
#639 = EDGE_CURVE('',#584,#632,#640,.T.);
#640 = LINE('',#641,#642);
#641 = CARTESIAN_POINT('',(-59.,94.,-14.));
#642 = VECTOR('',#643,1.);
#643 = DIRECTION('',(1.,2.E-16,2.E-16));
#644 = FACE_BOUND('',#645,.T.);
#645 = EDGE_LOOP('',(#646));
#646 = ORIENTED_EDGE('',*,*,#647,.F.);
#647 = EDGE_CURVE('',#648,#648,#650,.T.);
#648 = VERTEX_POINT('',#649);
#649 = CARTESIAN_POINT('',(-0.5,94.,-29.));
#650 = CIRCLE('',#651,3.5);
#651 = AXIS2_PLACEMENT_3D('',#652,#653,#654);
#652 = CARTESIAN_POINT('',(-4.,94.,-29.));
#653 = DIRECTION('',(-2.E-16,1.,-9.95799250103E-17));
#654 = DIRECTION('',(1.,2.E-16,2.E-16));
#655 = FACE_BOUND('',#656,.T.);
#656 = EDGE_LOOP('',(#657));
#657 = ORIENTED_EDGE('',*,*,#658,.F.);
#658 = EDGE_CURVE('',#659,#659,#661,.T.);
#659 = VERTEX_POINT('',#660);
#660 = CARTESIAN_POINT('',(-0.5,94.,-12.));
#661 = CIRCLE('',#662,3.5);
#662 = AXIS2_PLACEMENT_3D('',#663,#664,#665);
#663 = CARTESIAN_POINT('',(-4.,94.,-12.));
#664 = DIRECTION('',(-2.E-16,1.,-9.95799250103E-17));
#665 = DIRECTION('',(1.,2.E-16,2.E-16));
#666 = PLANE('',#667);
#667 = AXIS2_PLACEMENT_3D('',#668,#669,#670);
#668 = CARTESIAN_POINT('',(-64.21575342465,94.,-22.96575342465));
#669 = DIRECTION('',(-2.E-16,1.,1.224646799147E-16));
#670 = DIRECTION('',(-2.E-16,-1.224646799147E-16,1.));
#671 = ADVANCED_FACE('',(#672,#683,#836),#847,.F.);
#672 = FACE_BOUND('',#673,.F.);
#673 = EDGE_LOOP('',(#674));
#674 = ORIENTED_EDGE('',*,*,#675,.T.);
#675 = EDGE_CURVE('',#676,#676,#678,.T.);
#676 = VERTEX_POINT('',#677);
#677 = CARTESIAN_POINT('',(-81.060049,-57.971966,-47.));
#678 = CIRCLE('',#679,5.5);
#679 = AXIS2_PLACEMENT_3D('',#680,#681,#682);
#680 = CARTESIAN_POINT('',(-86.560049,-57.971966,-47.));
#681 = DIRECTION('',(-2.E-16,9.95799250103E-17,1.));
#682 = DIRECTION('',(1.,2.E-16,2.E-16));
#683 = FACE_BOUND('',#684,.F.);
#684 = EDGE_LOOP('',(#685,#686,#694,#702,#710,#718,#726,#734,#742,#750,
    #758,#766,#774,#782,#790,#798,#806,#814,#822,#830));
#685 = ORIENTED_EDGE('',*,*,#39,.T.);
#686 = ORIENTED_EDGE('',*,*,#687,.T.);
#687 = EDGE_CURVE('',#32,#688,#690,.T.);
#688 = VERTEX_POINT('',#689);
#689 = CARTESIAN_POINT('',(-87.56315702924,40.660661715084,-47.));
#690 = LINE('',#691,#692);
#691 = CARTESIAN_POINT('',(0.,40.660661715084,-47.));
#692 = VECTOR('',#693,1.);
#693 = DIRECTION('',(-1.,-2.E-16,-2.E-16));
#694 = ORIENTED_EDGE('',*,*,#695,.F.);
#695 = EDGE_CURVE('',#696,#688,#698,.T.);
#696 = VERTEX_POINT('',#697);
#697 = CARTESIAN_POINT('',(-88.56315702924,39.660661715084,-47.));
#698 = LINE('',#699,#700);
#699 = CARTESIAN_POINT('',(-53.5875332007,74.636285543625,-47.));
#700 = VECTOR('',#701,1.);
#701 = DIRECTION('',(0.707106781187,0.707106781187,7.100771599248E-17));
#702 = ORIENTED_EDGE('',*,*,#703,.T.);
#703 = EDGE_CURVE('',#696,#704,#706,.T.);
#704 = VERTEX_POINT('',#705);
#705 = CARTESIAN_POINT('',(-88.56315702924,-50.56065744921,-47.));
#706 = LINE('',#707,#708);
#707 = CARTESIAN_POINT('',(-88.56315702924,40.160661715084,-47.));
#708 = VECTOR('',#709,1.);
#709 = DIRECTION('',(2.E-16,-1.,9.95799250103E-17));
#710 = ORIENTED_EDGE('',*,*,#711,.F.);
#711 = EDGE_CURVE('',#712,#704,#714,.T.);
#712 = VERTEX_POINT('',#713);
#713 = CARTESIAN_POINT('',(-87.56315702924,-51.56065744921,-47.));
#714 = LINE('',#715,#716);
#715 = CARTESIAN_POINT('',(-101.3125321342,-37.81128234422,-47.));
#716 = VECTOR('',#717,1.);
#717 = DIRECTION('',(-0.707106781187,0.707106781187,-2.118349964821E-16)
  );
#718 = ORIENTED_EDGE('',*,*,#719,.T.);
#719 = EDGE_CURVE('',#712,#720,#722,.T.);
#720 = VERTEX_POINT('',#721);
#721 = CARTESIAN_POINT('',(2.84217094304E-14,-51.56065744921,-47.));
#722 = LINE('',#723,#724);
#723 = CARTESIAN_POINT('',(-88.06315702924,-51.56065744921,-47.));
#724 = VECTOR('',#725,1.);
#725 = DIRECTION('',(1.,2.E-16,2.E-16));
#726 = ORIENTED_EDGE('',*,*,#727,.T.);
#727 = EDGE_CURVE('',#720,#728,#730,.T.);
#728 = VERTEX_POINT('',#729);
#729 = CARTESIAN_POINT('',(2.84217094304E-14,-91.,-47.));
#730 = LINE('',#731,#732);
#731 = CARTESIAN_POINT('',(0.,91.,-47.));
#732 = VECTOR('',#733,1.);
#733 = DIRECTION('',(2.E-16,-1.,9.95799250103E-17));
#734 = ORIENTED_EDGE('',*,*,#735,.F.);
#735 = EDGE_CURVE('',#736,#728,#738,.T.);
#736 = VERTEX_POINT('',#737);
#737 = CARTESIAN_POINT('',(-112.5,-91.,-47.));
#738 = LINE('',#739,#740);
#739 = CARTESIAN_POINT('',(2.84217094304E-14,-91.,-47.));
#740 = VECTOR('',#741,1.);
#741 = DIRECTION('',(1.,2.E-16,2.E-16));
#742 = ORIENTED_EDGE('',*,*,#743,.T.);
#743 = EDGE_CURVE('',#736,#744,#746,.T.);
#744 = VERTEX_POINT('',#745);
#745 = CARTESIAN_POINT('',(-112.5,-75.5,-47.));
#746 = LINE('',#747,#748);
#747 = CARTESIAN_POINT('',(-112.5,-91.,-47.));
#748 = VECTOR('',#749,1.);
#749 = DIRECTION('',(-2.E-16,1.,1.224646799147E-16));
#750 = ORIENTED_EDGE('',*,*,#751,.T.);
#751 = EDGE_CURVE('',#744,#752,#754,.T.);
#752 = VERTEX_POINT('',#753);
#753 = CARTESIAN_POINT('',(-114.5,-70.67157287525,-47.));
#754 = LINE('',#755,#756);
#755 = CARTESIAN_POINT('',(-133.6956979877,-24.32905845398,-47.));
#756 = VECTOR('',#757,1.);
#757 = DIRECTION('',(-0.382683432365,0.923879532511,-1.68536541039E-16)
  );
#758 = ORIENTED_EDGE('',*,*,#759,.T.);
#759 = EDGE_CURVE('',#752,#760,#762,.T.);
#760 = VERTEX_POINT('',#761);
#761 = CARTESIAN_POINT('',(-116.6715728752,-68.5,-47.));
#762 = LINE('',#763,#764);
#763 = CARTESIAN_POINT('',(-113.0857864376,-72.08578643762,-47.));
#764 = VECTOR('',#765,1.);
#765 = DIRECTION('',(-0.707106781187,0.707106781187,-2.118349964821E-16)
  );
#766 = ORIENTED_EDGE('',*,*,#767,.T.);
#767 = EDGE_CURVE('',#760,#768,#770,.T.);
#768 = VERTEX_POINT('',#769);
#769 = CARTESIAN_POINT('',(-121.5,-66.5,-47.));
#770 = LINE('',#771,#772);
#771 = CARTESIAN_POINT('',(-95.0747474683,-77.44569798776,-47.));
#772 = VECTOR('',#773,1.);
#773 = DIRECTION('',(-0.923879532511,0.382683432365,-2.228834939999E-16)
  );
#774 = ORIENTED_EDGE('',*,*,#775,.T.);
#775 = EDGE_CURVE('',#768,#776,#778,.T.);
#776 = VERTEX_POINT('',#777);
#777 = CARTESIAN_POINT('',(-127.5,-66.5,-47.));
#778 = LINE('',#779,#780);
#779 = CARTESIAN_POINT('',(-119.5,-66.5,-47.));
#780 = VECTOR('',#781,1.);
#781 = DIRECTION('',(-1.,-2.E-16,-2.E-16));
#782 = ORIENTED_EDGE('',*,*,#783,.F.);
#783 = EDGE_CURVE('',#784,#776,#786,.T.);
#784 = VERTEX_POINT('',#785);
#785 = CARTESIAN_POINT('',(-127.5,66.5,-47.));
#786 = LINE('',#787,#788);
#787 = CARTESIAN_POINT('',(-127.5,68.5,-47.));
#788 = VECTOR('',#789,1.);
#789 = DIRECTION('',(2.E-16,-1.,9.95799250103E-17));
#790 = ORIENTED_EDGE('',*,*,#791,.T.);
#791 = EDGE_CURVE('',#784,#792,#794,.T.);
#792 = VERTEX_POINT('',#793);
#793 = CARTESIAN_POINT('',(-121.5,66.5,-47.));
#794 = LINE('',#795,#796);
#795 = CARTESIAN_POINT('',(-129.5,66.5,-47.));
#796 = VECTOR('',#797,1.);
#797 = DIRECTION('',(1.,2.E-16,2.E-16));
#798 = ORIENTED_EDGE('',*,*,#799,.F.);
#799 = EDGE_CURVE('',#800,#792,#802,.T.);
#800 = VERTEX_POINT('',#801);
#801 = CARTESIAN_POINT('',(-116.6715728752,68.5,-47.));
#802 = LINE('',#803,#804);
#803 = CARTESIAN_POINT('',(-62.90138892431,90.772339443774,-47.));
#804 = VECTOR('',#805,1.);
#805 = DIRECTION('',(-0.923879532511,-0.382683432365,-1.466683190047E-16
    ));
#806 = ORIENTED_EDGE('',*,*,#807,.T.);
#807 = EDGE_CURVE('',#800,#808,#810,.T.);
#808 = VERTEX_POINT('',#809);
#809 = CARTESIAN_POINT('',(-114.5,70.671572875254,-47.));
#810 = LINE('',#811,#812);
#811 = CARTESIAN_POINT('',(-118.0857864376,67.085786437627,-47.));
#812 = VECTOR('',#813,1.);
#813 = DIRECTION('',(0.707106781187,0.707106781187,7.100771599248E-17));
#814 = ORIENTED_EDGE('',*,*,#815,.F.);
#815 = EDGE_CURVE('',#816,#808,#818,.T.);
#816 = VERTEX_POINT('',#817);
#817 = CARTESIAN_POINT('',(-112.5,75.5,-47.));
#818 = LINE('',#819,#820);
#819 = CARTESIAN_POINT('',(-101.5223394437,102.00241699796,-47.));
#820 = VECTOR('',#821,1.);
#821 = DIRECTION('',(-0.382683432365,-0.923879532511,1.5463168093E-17));
#822 = ORIENTED_EDGE('',*,*,#823,.T.);
#823 = EDGE_CURVE('',#816,#824,#826,.T.);
#824 = VERTEX_POINT('',#825);
#825 = CARTESIAN_POINT('',(-112.5,91.,-47.));
#826 = LINE('',#827,#828);
#827 = CARTESIAN_POINT('',(-112.5,73.5,-47.));
#828 = VECTOR('',#829,1.);
#829 = DIRECTION('',(-2.E-16,1.,1.224646799147E-16));
#830 = ORIENTED_EDGE('',*,*,#831,.F.);
#831 = EDGE_CURVE('',#40,#824,#832,.T.);
#832 = LINE('',#833,#834);
#833 = CARTESIAN_POINT('',(0.,91.,-47.));
#834 = VECTOR('',#835,1.);
#835 = DIRECTION('',(-1.,-2.E-16,-2.E-16));
#836 = FACE_BOUND('',#837,.F.);
#837 = EDGE_LOOP('',(#838));
#838 = ORIENTED_EDGE('',*,*,#839,.T.);
#839 = EDGE_CURVE('',#840,#840,#842,.T.);
#840 = VERTEX_POINT('',#841);
#841 = CARTESIAN_POINT('',(-80.5736,57.02762,-47.));
#842 = CIRCLE('',#843,6.);
#843 = AXIS2_PLACEMENT_3D('',#844,#845,#846);
#844 = CARTESIAN_POINT('',(-86.5736,57.02762,-47.));
#845 = DIRECTION('',(-2.E-16,9.95799250103E-17,1.));
#846 = DIRECTION('',(1.,1.9763568394E-15,2.E-16));
#847 = PLANE('',#848);
#848 = AXIS2_PLACEMENT_3D('',#849,#850,#851);
#849 = CARTESIAN_POINT('',(0.,91.,-47.));
#850 = DIRECTION('',(2.E-16,-9.95799250103E-17,-1.));
#851 = DIRECTION('',(-1.,-2.E-16,-2.E-16));
#852 = ADVANCED_FACE('',(#853,#1015,#1092,#1103,#1114),#1191,.T.);
#853 = FACE_BOUND('',#854,.T.);
#854 = EDGE_LOOP('',(#855,#865,#873,#881,#889,#897,#905,#913,#921,#929,
    #937,#945,#953,#961,#969,#977,#985,#993,#999,#1000,#1001,#1009));
#855 = ORIENTED_EDGE('',*,*,#856,.F.);
#856 = EDGE_CURVE('',#857,#859,#861,.T.);
#857 = VERTEX_POINT('',#858);
#858 = CARTESIAN_POINT('',(1.42108547152E-14,-93.,8.150710001332E-15));
#859 = VERTEX_POINT('',#860);
#860 = CARTESIAN_POINT('',(1.42108547152E-14,-94.,-1.151167991199E-14));
#861 = LINE('',#862,#863);
#862 = CARTESIAN_POINT('',(-1.42108547152E-14,94.,1.151167991199E-14));
#863 = VECTOR('',#864,1.);
#864 = DIRECTION('',(2.E-16,-1.,-1.224646799147E-16));
#865 = ORIENTED_EDGE('',*,*,#866,.T.);
#866 = EDGE_CURVE('',#857,#867,#869,.T.);
#867 = VERTEX_POINT('',#868);
#868 = CARTESIAN_POINT('',(-112.5,-93.,-2.264512315489E-14));
#869 = LINE('',#870,#871);
#870 = CARTESIAN_POINT('',(1.42108547152E-14,-93.,-1.451231548945E-16));
#871 = VECTOR('',#872,1.);
#872 = DIRECTION('',(-1.,-2.E-16,-2.E-16));
#873 = ORIENTED_EDGE('',*,*,#874,.F.);
#874 = EDGE_CURVE('',#875,#867,#877,.T.);
#875 = VERTEX_POINT('',#876);
#876 = CARTESIAN_POINT('',(-116.5,-89.,-2.295526443524E-14));
#877 = LINE('',#878,#879);
#878 = CARTESIAN_POINT('',(-132.4390277777,-73.06097222222,
    -2.419110205583E-14));
#879 = VECTOR('',#880,1.);
#880 = DIRECTION('',(0.707106781187,-0.707106781187,5.482575061376E-17)
  );
#881 = ORIENTED_EDGE('',*,*,#882,.T.);
#882 = EDGE_CURVE('',#875,#883,#885,.T.);
#883 = VERTEX_POINT('',#884);
#884 = CARTESIAN_POINT('',(-116.5,-75.5,-2.130199125639E-14));
#885 = LINE('',#886,#887);
#886 = CARTESIAN_POINT('',(-116.5,-91.,-2.349316931545E-14));
#887 = VECTOR('',#888,1.);
#888 = DIRECTION('',(-2.E-16,1.,1.224646799147E-16));
#889 = ORIENTED_EDGE('',*,*,#890,.F.);
#890 = EDGE_CURVE('',#891,#883,#893,.T.);
#891 = VERTEX_POINT('',#892);
#892 = CARTESIAN_POINT('',(-117.3284271247,-73.5,-2.122274732151E-14));
#893 = LINE('',#894,#895);
#894 = CARTESIAN_POINT('',(-128.4124130892,-46.74089075931,
    -2.016249876645E-14));
#895 = VECTOR('',#896,1.);
#896 = DIRECTION('',(0.382683432365,-0.923879532511,-3.660592475575E-17)
  );
#897 = ORIENTED_EDGE('',*,*,#898,.T.);
#898 = EDGE_CURVE('',#891,#899,#901,.T.);
#899 = VERTEX_POINT('',#900);
#900 = CARTESIAN_POINT('',(-119.5,-71.32842712474,-2.139112091948E-14));
#901 = LINE('',#902,#903);
#902 = CARTESIAN_POINT('',(-115.9142135623,-74.91421356237,
    -1.607700082247E-14));
#903 = VECTOR('',#904,1.);
#904 = DIRECTION('',(-0.707106781187,0.707106781187,-5.482575061376E-17)
  );
#905 = ORIENTED_EDGE('',*,*,#906,.F.);
#906 = EDGE_CURVE('',#907,#899,#909,.T.);
#907 = VERTEX_POINT('',#908);
#908 = CARTESIAN_POINT('',(-121.5,-70.5,-2.168966785681E-14));
#909 = LINE('',#910,#911);
#910 = CARTESIAN_POINT('',(-121.0553700654,-70.6841717491,
    -2.162329640422E-14));
#911 = VECTOR('',#912,1.);
#912 = DIRECTION('',(0.923879532511,-0.382683432365,1.37910702449E-16));
#913 = ORIENTED_EDGE('',*,*,#914,.T.);
#914 = EDGE_CURVE('',#907,#915,#917,.T.);
#915 = VERTEX_POINT('',#916);
#916 = CARTESIAN_POINT('',(-127.5,-70.5,-2.288966785681E-14));
#917 = LINE('',#918,#919);
#918 = CARTESIAN_POINT('',(-119.5,-70.5,-1.98062865378E-14));
#919 = VECTOR('',#920,1.);
#920 = DIRECTION('',(-1.,-2.E-16,-2.E-16));
#921 = ORIENTED_EDGE('',*,*,#922,.F.);
#922 = EDGE_CURVE('',#923,#915,#925,.T.);
#923 = VERTEX_POINT('',#924);
#924 = CARTESIAN_POINT('',(-131.5,-66.5,-2.319980913715E-14));
#925 = LINE('',#926,#927);
#926 = CARTESIAN_POINT('',(-138.0640277777,-59.93597222222,
    -2.370875313195E-14));
#927 = VECTOR('',#928,1.);
#928 = DIRECTION('',(0.707106781187,-0.707106781187,5.482575061376E-17)
  );
#929 = ORIENTED_EDGE('',*,*,#930,.F.);
#930 = EDGE_CURVE('',#931,#923,#933,.T.);
#931 = VERTEX_POINT('',#932);
#932 = CARTESIAN_POINT('',(-131.5,66.5,-6.912006708494E-15));
#933 = LINE('',#934,#935);
#934 = CARTESIAN_POINT('',(-131.5,68.5,-5.183696029652E-15));
#935 = VECTOR('',#936,1.);
#936 = DIRECTION('',(2.E-16,-1.,9.95799250103E-17));
#937 = ORIENTED_EDGE('',*,*,#938,.F.);
#938 = EDGE_CURVE('',#939,#931,#941,.T.);
#939 = VERTEX_POINT('',#940);
#940 = CARTESIAN_POINT('',(-127.5,70.5,-5.622147988835E-15));
#941 = LINE('',#942,#943);
#942 = CARTESIAN_POINT('',(-136.0640277777,61.935972222222,
    -8.383744464977E-15));
#943 = VECTOR('',#944,1.);
#944 = DIRECTION('',(-0.707106781187,-0.707106781187,-2.280169618609E-16
    ));
#945 = ORIENTED_EDGE('',*,*,#946,.T.);
#946 = EDGE_CURVE('',#939,#947,#949,.T.);
#947 = VERTEX_POINT('',#948);
#948 = CARTESIAN_POINT('',(-121.5,70.5,-4.422147988835E-15));
#949 = LINE('',#950,#951);
#950 = CARTESIAN_POINT('',(-129.5,70.5,-6.315123509222E-15));
#951 = VECTOR('',#952,1.);
#952 = DIRECTION('',(1.,2.E-16,2.E-16));
#953 = ORIENTED_EDGE('',*,*,#954,.F.);
#954 = EDGE_CURVE('',#955,#947,#957,.T.);
#955 = VERTEX_POINT('',#956);
#956 = CARTESIAN_POINT('',(-119.5,71.328427124746,-3.920694926171E-15));
#957 = LINE('',#958,#959);
#958 = CARTESIAN_POINT('',(-120.0553700654,71.098385311482,
    -4.059940936298E-15));
#959 = VECTOR('',#960,1.);
#960 = DIRECTION('',(-0.923879532511,-0.382683432365,-2.316411105555E-16
    ));
#961 = ORIENTED_EDGE('',*,*,#962,.T.);
#962 = EDGE_CURVE('',#955,#963,#965,.T.);
#963 = VERTEX_POINT('',#964);
#964 = CARTESIAN_POINT('',(-117.3284271247,73.5,-3.22043937404E-15));
#965 = LINE('',#966,#967);
#966 = CARTESIAN_POINT('',(-120.9142135623,69.914213562373,
    6.593661479213E-16));
#967 = VECTOR('',#968,1.);
#968 = DIRECTION('',(0.707106781187,0.707106781187,2.280169618609E-16));
#969 = ORIENTED_EDGE('',*,*,#970,.F.);
#970 = EDGE_CURVE('',#971,#963,#973,.T.);
#971 = VERTEX_POINT('',#972);
#972 = CARTESIAN_POINT('',(-116.5,75.5,-2.809824589262E-15));
#973 = LINE('',#974,#975);
#974 = CARTESIAN_POINT('',(-127.9981995268,47.740890759317,
    -8.508974922517E-15));
#975 = VECTOR('',#976,1.);
#976 = DIRECTION('',(-0.382683432365,-0.923879532511,-1.896792977018E-16
    ));
#977 = ORIENTED_EDGE('',*,*,#978,.T.);
#978 = EDGE_CURVE('',#971,#979,#981,.T.);
#979 = VERTEX_POINT('',#980);
#980 = CARTESIAN_POINT('',(-116.5,89.,-1.156551410413E-15));
#981 = LINE('',#982,#983);
#982 = CARTESIAN_POINT('',(-116.5,73.5,-1.571372630078E-15));
#983 = VECTOR('',#984,1.);
#984 = DIRECTION('',(-2.E-16,1.,1.224646799147E-16));
#985 = ORIENTED_EDGE('',*,*,#986,.F.);
#986 = EDGE_CURVE('',#987,#979,#989,.T.);
#987 = VERTEX_POINT('',#988);
#988 = CARTESIAN_POINT('',(-112.5,93.,1.333073092463E-16));
#989 = LINE('',#990,#991);
#990 = CARTESIAN_POINT('',(-130.4390277777,75.060972222223,
    -5.651395541096E-15));
#991 = VECTOR('',#992,1.);
#992 = DIRECTION('',(-0.707106781187,-0.707106781187,-2.280169618609E-16
    ));
#993 = ORIENTED_EDGE('',*,*,#994,.T.);
#994 = EDGE_CURVE('',#987,#56,#995,.T.);
#995 = LINE('',#996,#997);
#996 = CARTESIAN_POINT('',(-114.5,93.,-5.596682111409E-16));
#997 = VECTOR('',#998,1.);
#998 = DIRECTION('',(1.,2.E-16,2.E-16));
#999 = ORIENTED_EDGE('',*,*,#63,.F.);
#1000 = ORIENTED_EDGE('',*,*,#309,.F.);
#1001 = ORIENTED_EDGE('',*,*,#1002,.T.);
#1002 = EDGE_CURVE('',#302,#1003,#1005,.T.);
#1003 = VERTEX_POINT('',#1004);
#1004 = CARTESIAN_POINT('',(-132.5,-94.,-2.625515822989E-14));
#1005 = LINE('',#1006,#1007);
#1006 = CARTESIAN_POINT('',(-132.5,94.,-3.231798405918E-15));
#1007 = VECTOR('',#1008,1.);
#1008 = DIRECTION('',(2.E-16,-1.,-1.224646799147E-16));
#1009 = ORIENTED_EDGE('',*,*,#1010,.T.);
#1010 = EDGE_CURVE('',#1003,#859,#1011,.T.);
#1011 = LINE('',#1012,#1013);
#1012 = CARTESIAN_POINT('',(-132.5,-94.,-2.625515822989E-14));
#1013 = VECTOR('',#1014,1.);
#1014 = DIRECTION('',(1.,2.E-16,2.E-16));
#1015 = FACE_BOUND('',#1016,.T.);
#1016 = EDGE_LOOP('',(#1017,#1027,#1035,#1044,#1052,#1060,#1069,#1077,
    #1085));
#1017 = ORIENTED_EDGE('',*,*,#1018,.T.);
#1018 = EDGE_CURVE('',#1019,#1021,#1023,.T.);
#1019 = VERTEX_POINT('',#1020);
#1020 = CARTESIAN_POINT('',(-122.0432860046,85.394619778391,
    -2.6645352591E-15));
#1021 = VERTEX_POINT('',#1022);
#1022 = CARTESIAN_POINT('',(-121.339,84.988000111674,-2.6645352591E-15)
  );
#1023 = LINE('',#1024,#1025);
#1024 = CARTESIAN_POINT('',(-93.30747535392,68.80399370867,
    1.197565033174E-15));
#1025 = VECTOR('',#1026,1.);
#1026 = DIRECTION('',(0.866025429165,-0.49999995604,1.119727512592E-16)
  );
#1027 = ORIENTED_EDGE('',*,*,#1028,.T.);
#1028 = EDGE_CURVE('',#1021,#1029,#1031,.T.);
#1029 = VERTEX_POINT('',#1030);
#1030 = CARTESIAN_POINT('',(-122.0432859633,84.581380373457,
    -2.6645352591E-15));
#1031 = LINE('',#1032,#1033);
#1032 = CARTESIAN_POINT('',(-128.4583601847,80.877635110684,
    -4.567354046964E-15));
#1033 = VECTOR('',#1034,1.);
#1034 = DIRECTION('',(-0.866025378404,-0.50000004396,-2.344374210217E-16
    ));
#1035 = ORIENTED_EDGE('',*,*,#1036,.F.);
#1036 = EDGE_CURVE('',#1037,#1029,#1039,.T.);
#1037 = VERTEX_POINT('',#1038);
#1038 = CARTESIAN_POINT('',(-123.9347139398,83.489363794054,
    -3.552713678801E-15));
#1039 = CIRCLE('',#1040,1.55);
#1040 = AXIS2_PLACEMENT_3D('',#1041,#1042,#1043);
#1041 = CARTESIAN_POINT('',(-123.539,84.988,-2.6645352591E-15));
#1042 = DIRECTION('',(8.659560562355E-17,8.659560562355E-17,1.));
#1043 = DIRECTION('',(-2.22044604925E-16,-1.,8.659560562355E-17));
#1044 = ORIENTED_EDGE('',*,*,#1045,.T.);
#1045 = EDGE_CURVE('',#1037,#1046,#1048,.T.);
#1046 = VERTEX_POINT('',#1047);
#1047 = CARTESIAN_POINT('',(-124.6389999032,83.082744055837,
    -3.552713678801E-15));
#1048 = LINE('',#1049,#1050);
#1049 = CARTESIAN_POINT('',(-128.4583601847,80.877635110684,
    -4.567354046964E-15));
#1050 = VECTOR('',#1051,1.);
#1051 = DIRECTION('',(-0.866025378404,-0.50000004396,-2.344374210217E-16
    ));
#1052 = ORIENTED_EDGE('',*,*,#1053,.T.);
#1053 = EDGE_CURVE('',#1046,#1054,#1056,.T.);
#1054 = VERTEX_POINT('',#1055);
#1055 = CARTESIAN_POINT('',(-124.6389999445,83.895983460771,
    -3.552713678801E-15));
#1056 = LINE('',#1057,#1058);
#1057 = CARTESIAN_POINT('',(-124.6389977946,41.541371180644,
    -9.062299683016E-15));
#1058 = VECTOR('',#1059,1.);
#1059 = DIRECTION('',(-5.076101552796E-08,1.,1.224646697625E-16));
#1060 = ORIENTED_EDGE('',*,*,#1061,.F.);
#1061 = EDGE_CURVE('',#1062,#1054,#1064,.T.);
#1062 = VERTEX_POINT('',#1063);
#1063 = CARTESIAN_POINT('',(-124.6390000554,86.080016427555,
    -3.552713678801E-15));
#1064 = CIRCLE('',#1065,1.55);
#1065 = AXIS2_PLACEMENT_3D('',#1066,#1067,#1068);
#1066 = CARTESIAN_POINT('',(-123.539,84.988,-2.6645352591E-15));
#1067 = DIRECTION('',(8.659560562355E-17,8.659560562355E-17,1.));
#1068 = DIRECTION('',(-2.22044604925E-16,-1.,8.659560562355E-17));
#1069 = ORIENTED_EDGE('',*,*,#1070,.T.);
#1070 = EDGE_CURVE('',#1062,#1071,#1073,.T.);
#1071 = VERTEX_POINT('',#1072);
#1072 = CARTESIAN_POINT('',(-124.6390000967,86.893255832489,
    -2.6645352591E-15));
#1073 = LINE('',#1074,#1075);
#1074 = CARTESIAN_POINT('',(-124.6389977946,41.541371180644,
    -9.062299683016E-15));
#1075 = VECTOR('',#1076,1.);
#1076 = DIRECTION('',(-5.076101552796E-08,1.,1.224646697625E-16));
#1077 = ORIENTED_EDGE('',*,*,#1078,.T.);
#1078 = EDGE_CURVE('',#1071,#1079,#1081,.T.);
#1079 = VERTEX_POINT('',#1080);
#1080 = CARTESIAN_POINT('',(-123.934714092,86.486636165772,
    -2.6645352591E-15));
#1081 = LINE('',#1082,#1083);
#1082 = CARTESIAN_POINT('',(-93.30747535392,68.80399370867,
    1.197565033174E-15));
#1083 = VECTOR('',#1084,1.);
#1084 = DIRECTION('',(0.866025429165,-0.49999995604,1.119727512592E-16)
  );
#1085 = ORIENTED_EDGE('',*,*,#1086,.F.);
#1086 = EDGE_CURVE('',#1019,#1079,#1087,.T.);
#1087 = CIRCLE('',#1088,1.55);
#1088 = AXIS2_PLACEMENT_3D('',#1089,#1090,#1091);
#1089 = CARTESIAN_POINT('',(-123.539,84.988,-2.6645352591E-15));
#1090 = DIRECTION('',(8.659560562355E-17,8.659560562355E-17,1.));
#1091 = DIRECTION('',(-2.22044604925E-16,-1.,8.659560562355E-17));
#1092 = FACE_BOUND('',#1093,.T.);
#1093 = EDGE_LOOP('',(#1094));
#1094 = ORIENTED_EDGE('',*,*,#1095,.T.);
#1095 = EDGE_CURVE('',#1096,#1096,#1098,.T.);
#1096 = VERTEX_POINT('',#1097);
#1097 = CARTESIAN_POINT('',(-119.,76.,-2.854825850761E-15));
#1098 = CIRCLE('',#1099,4.);
#1099 = AXIS2_PLACEMENT_3D('',#1100,#1101,#1102);
#1100 = CARTESIAN_POINT('',(-123.,76.,-4.048592249304E-15));
#1101 = DIRECTION('',(2.E-16,1.224646799147E-16,-1.));
#1102 = DIRECTION('',(1.,2.E-16,2.E-16));
#1103 = FACE_BOUND('',#1104,.T.);
#1104 = EDGE_LOOP('',(#1105));
#1105 = ORIENTED_EDGE('',*,*,#1106,.T.);
#1106 = EDGE_CURVE('',#1107,#1107,#1109,.T.);
#1107 = VERTEX_POINT('',#1108);
#1108 = CARTESIAN_POINT('',(-119.,-76.,-2.14694571978E-14));
#1109 = CIRCLE('',#1110,4.);
#1110 = AXIS2_PLACEMENT_3D('',#1111,#1112,#1113);
#1111 = CARTESIAN_POINT('',(-123.,-76.,-2.266322359634E-14));
#1112 = DIRECTION('',(2.E-16,1.224646799147E-16,-1.));
#1113 = DIRECTION('',(1.,2.E-16,2.E-16));
#1114 = FACE_BOUND('',#1115,.T.);
#1115 = EDGE_LOOP('',(#1116,#1126,#1134,#1143,#1151,#1159,#1168,#1176,
    #1184));
#1116 = ORIENTED_EDGE('',*,*,#1117,.T.);
#1117 = EDGE_CURVE('',#1118,#1120,#1122,.T.);
#1118 = VERTEX_POINT('',#1119);
#1119 = CARTESIAN_POINT('',(-122.0832860046,-84.5653802216,
    -2.30926389122E-14));
#1120 = VERTEX_POINT('',#1121);
#1121 = CARTESIAN_POINT('',(-121.379,-84.97199988832,-2.30926389122E-14)
  );
#1122 = LINE('',#1123,#1124);
#1123 = CARTESIAN_POINT('',(-130.129892603,-79.91967028059,
    -2.462740686008E-14));
#1124 = VECTOR('',#1125,1.);
#1125 = DIRECTION('',(0.866025429165,-0.49999995604,1.119727512592E-16)
  );
#1126 = ORIENTED_EDGE('',*,*,#1127,.T.);
#1127 = EDGE_CURVE('',#1120,#1128,#1130,.T.);
#1128 = VERTEX_POINT('',#1129);
#1129 = CARTESIAN_POINT('',(-122.0832859633,-85.37861962654,
    -2.39808173319E-14));
#1130 = LINE('',#1131,#1132);
#1131 = CARTESIAN_POINT('',(-91.68593862204,-67.82870089904,
    -1.522714690254E-14));
#1132 = VECTOR('',#1133,1.);
#1133 = DIRECTION('',(-0.866025378404,-0.50000004396,-2.344374210217E-16
    ));
#1134 = ORIENTED_EDGE('',*,*,#1135,.F.);
#1135 = EDGE_CURVE('',#1136,#1128,#1138,.T.);
#1136 = VERTEX_POINT('',#1137);
#1137 = CARTESIAN_POINT('',(-123.9747139398,-86.47063620594,
    -2.39808173319E-14));
#1138 = CIRCLE('',#1139,1.55);
#1139 = AXIS2_PLACEMENT_3D('',#1140,#1141,#1142);
#1140 = CARTESIAN_POINT('',(-123.579,-84.972,-2.39808173319E-14));
#1141 = DIRECTION('',(8.659560562355E-17,8.659560562355E-17,1.));
#1142 = DIRECTION('',(-2.22044604925E-16,-1.,8.659560562355E-17));
#1143 = ORIENTED_EDGE('',*,*,#1144,.T.);
#1144 = EDGE_CURVE('',#1136,#1145,#1147,.T.);
#1145 = VERTEX_POINT('',#1146);
#1146 = CARTESIAN_POINT('',(-124.6789999032,-86.87725594416,
    -2.39808173319E-14));
#1147 = LINE('',#1148,#1149);
#1148 = CARTESIAN_POINT('',(-91.68593862204,-67.82870089904,
    -1.522714690254E-14));
#1149 = VECTOR('',#1150,1.);
#1150 = DIRECTION('',(-0.866025378404,-0.50000004396,-2.344374210217E-16
    ));
#1151 = ORIENTED_EDGE('',*,*,#1152,.T.);
#1152 = EDGE_CURVE('',#1145,#1153,#1155,.T.);
#1153 = VERTEX_POINT('',#1154);
#1154 = CARTESIAN_POINT('',(-124.6789999445,-86.06401653922,
    -2.39808173319E-14));
#1155 = LINE('',#1156,#1157);
#1156 = CARTESIAN_POINT('',(-124.6790021082,-43.43862882037,
    -1.928035237243E-14));
#1157 = VECTOR('',#1158,1.);
#1158 = DIRECTION('',(-5.076101552796E-08,1.,1.224646697625E-16));
#1159 = ORIENTED_EDGE('',*,*,#1160,.F.);
#1160 = EDGE_CURVE('',#1161,#1153,#1163,.T.);
#1161 = VERTEX_POINT('',#1162);
#1162 = CARTESIAN_POINT('',(-124.6790000554,-83.87998357244,
    -2.39808173319E-14));
#1163 = CIRCLE('',#1164,1.55);
#1164 = AXIS2_PLACEMENT_3D('',#1165,#1166,#1167);
#1165 = CARTESIAN_POINT('',(-123.579,-84.972,-2.39808173319E-14));
#1166 = DIRECTION('',(8.659560562355E-17,8.659560562355E-17,1.));
#1167 = DIRECTION('',(-2.22044604925E-16,-1.,8.659560562355E-17));
#1168 = ORIENTED_EDGE('',*,*,#1169,.T.);
#1169 = EDGE_CURVE('',#1161,#1170,#1172,.T.);
#1170 = VERTEX_POINT('',#1171);
#1171 = CARTESIAN_POINT('',(-124.6790000967,-83.06674416751,
    -2.39808173319E-14));
#1172 = LINE('',#1173,#1174);
#1173 = CARTESIAN_POINT('',(-124.6790021082,-43.43862882037,
    -1.928035237243E-14));
#1174 = VECTOR('',#1175,1.);
#1175 = DIRECTION('',(-5.076101552796E-08,1.,1.224646697625E-16));
#1176 = ORIENTED_EDGE('',*,*,#1177,.T.);
#1177 = EDGE_CURVE('',#1170,#1178,#1180,.T.);
#1178 = VERTEX_POINT('',#1179);
#1179 = CARTESIAN_POINT('',(-123.974714092,-83.47336383422,
    -2.39808173319E-14));
#1180 = LINE('',#1181,#1182);
#1181 = CARTESIAN_POINT('',(-130.129892603,-79.91967028059,
    -2.462740686008E-14));
#1182 = VECTOR('',#1183,1.);
#1183 = DIRECTION('',(0.866025429165,-0.49999995604,1.119727512592E-16)
  );
#1184 = ORIENTED_EDGE('',*,*,#1185,.F.);
#1185 = EDGE_CURVE('',#1118,#1178,#1186,.T.);
#1186 = CIRCLE('',#1187,1.55);
#1187 = AXIS2_PLACEMENT_3D('',#1188,#1189,#1190);
#1188 = CARTESIAN_POINT('',(-123.579,-84.972,-2.39808173319E-14));
#1189 = DIRECTION('',(8.659560562355E-17,8.659560562355E-17,1.));
#1190 = DIRECTION('',(-2.22044604925E-16,-1.,8.659560562355E-17));
#1191 = PLANE('',#1192);
#1192 = AXIS2_PLACEMENT_3D('',#1193,#1194,#1195);
#1193 = CARTESIAN_POINT('',(-91.25611111111,-1.42108547152E-14,
    -7.007130145046E-15));
#1194 = DIRECTION('',(-2.E-16,-1.224646799147E-16,1.));
#1195 = DIRECTION('',(-1.,-2.E-16,-2.E-16));
#1196 = ADVANCED_FACE('',(#1197,#1215,#1281,#1347,#1413,#1479,#1545,
    #1622),#1699,.T.);
#1197 = FACE_BOUND('',#1198,.T.);
#1198 = EDGE_LOOP('',(#1199,#1200,#1201,#1209));
#1199 = ORIENTED_EDGE('',*,*,#831,.F.);
#1200 = ORIENTED_EDGE('',*,*,#47,.F.);
#1201 = ORIENTED_EDGE('',*,*,#1202,.F.);
#1202 = EDGE_CURVE('',#1203,#48,#1205,.T.);
#1203 = VERTEX_POINT('',#1204);
#1204 = CARTESIAN_POINT('',(-112.5,91.,-2.));
#1205 = LINE('',#1206,#1207);
#1206 = CARTESIAN_POINT('',(-114.5,91.,-2.));
#1207 = VECTOR('',#1208,1.);
#1208 = DIRECTION('',(1.,2.E-16,2.E-16));
#1209 = ORIENTED_EDGE('',*,*,#1210,.T.);
#1210 = EDGE_CURVE('',#1203,#824,#1211,.T.);
#1211 = LINE('',#1212,#1213);
#1212 = CARTESIAN_POINT('',(-112.5,91.,-1.135571412776E-14));
#1213 = VECTOR('',#1214,1.);
#1214 = DIRECTION('',(2.E-16,-1.79893931047E-16,-1.));
#1215 = FACE_BOUND('',#1216,.T.);
#1216 = EDGE_LOOP('',(#1217,#1227,#1235,#1243,#1251,#1259,#1267,#1275));
#1217 = ORIENTED_EDGE('',*,*,#1218,.F.);
#1218 = EDGE_CURVE('',#1219,#1221,#1223,.T.);
#1219 = VERTEX_POINT('',#1220);
#1220 = CARTESIAN_POINT('',(-87.,91.,-14.));
#1221 = VERTEX_POINT('',#1222);
#1222 = CARTESIAN_POINT('',(-88.,91.,-14.));
#1223 = LINE('',#1224,#1225);
#1224 = CARTESIAN_POINT('',(-86.,91.,-14.));
#1225 = VECTOR('',#1226,1.);
#1226 = DIRECTION('',(-1.,-2.E-16,-2.E-16));
#1227 = ORIENTED_EDGE('',*,*,#1228,.T.);
#1228 = EDGE_CURVE('',#1219,#1229,#1231,.T.);
#1229 = VERTEX_POINT('',#1230);
#1230 = CARTESIAN_POINT('',(-85.,91.,-16.));
#1231 = LINE('',#1232,#1233);
#1232 = CARTESIAN_POINT('',(-79.0625,91.,-21.9375));
#1233 = VECTOR('',#1234,1.);
#1234 = DIRECTION('',(0.707106781187,1.421713769967E-17,-0.707106781187)
  );
#1235 = ORIENTED_EDGE('',*,*,#1236,.F.);
#1236 = EDGE_CURVE('',#1237,#1229,#1239,.T.);
#1237 = VERTEX_POINT('',#1238);
#1238 = CARTESIAN_POINT('',(-85.,91.,-34.));
#1239 = LINE('',#1240,#1241);
#1240 = CARTESIAN_POINT('',(-85.,91.,-35.));
#1241 = VECTOR('',#1242,1.);
#1242 = DIRECTION('',(-2.E-16,1.79893931047E-16,1.));
#1243 = ORIENTED_EDGE('',*,*,#1244,.T.);
#1244 = EDGE_CURVE('',#1237,#1245,#1247,.T.);
#1245 = VERTEX_POINT('',#1246);
#1246 = CARTESIAN_POINT('',(-87.,91.,-36.));
#1247 = LINE('',#1248,#1249);
#1248 = CARTESIAN_POINT('',(-77.3125,91.,-26.3125));
#1249 = VECTOR('',#1250,1.);
#1250 = DIRECTION('',(-0.707106781187,-2.68625574775E-16,-0.707106781187
    ));
#1251 = ORIENTED_EDGE('',*,*,#1252,.F.);
#1252 = EDGE_CURVE('',#1253,#1245,#1255,.T.);
#1253 = VERTEX_POINT('',#1254);
#1254 = CARTESIAN_POINT('',(-88.,91.,-36.));
#1255 = LINE('',#1256,#1257);
#1256 = CARTESIAN_POINT('',(-89.,91.,-36.));
#1257 = VECTOR('',#1258,1.);
#1258 = DIRECTION('',(1.,2.E-16,2.E-16));
#1259 = ORIENTED_EDGE('',*,*,#1260,.T.);
#1260 = EDGE_CURVE('',#1253,#1261,#1263,.T.);
#1261 = VERTEX_POINT('',#1262);
#1262 = CARTESIAN_POINT('',(-90.,91.,-34.));
#1263 = LINE('',#1264,#1265);
#1264 = CARTESIAN_POINT('',(-85.3125,91.,-38.6875));
#1265 = VECTOR('',#1266,1.);
#1266 = DIRECTION('',(-0.707106781187,-1.421713769966E-17,0.707106781187
    ));
#1267 = ORIENTED_EDGE('',*,*,#1268,.F.);
#1268 = EDGE_CURVE('',#1269,#1261,#1271,.T.);
#1269 = VERTEX_POINT('',#1270);
#1270 = CARTESIAN_POINT('',(-90.,91.,-16.));
#1271 = LINE('',#1272,#1273);
#1272 = CARTESIAN_POINT('',(-90.,91.,-15.));
#1273 = VECTOR('',#1274,1.);
#1274 = DIRECTION('',(2.E-16,-1.79893931047E-16,-1.));
#1275 = ORIENTED_EDGE('',*,*,#1276,.T.);
#1276 = EDGE_CURVE('',#1269,#1221,#1277,.T.);
#1277 = LINE('',#1278,#1279);
#1278 = CARTESIAN_POINT('',(-85.5625,91.,-11.5625));
#1279 = VECTOR('',#1280,1.);
#1280 = DIRECTION('',(0.707106781187,2.68625574775E-16,0.707106781187));
#1281 = FACE_BOUND('',#1282,.T.);
#1282 = EDGE_LOOP('',(#1283,#1293,#1301,#1309,#1317,#1325,#1333,#1341));
#1283 = ORIENTED_EDGE('',*,*,#1284,.T.);
#1284 = EDGE_CURVE('',#1285,#1287,#1289,.T.);
#1285 = VERTEX_POINT('',#1286);
#1286 = CARTESIAN_POINT('',(-79.5,91.,-14.));
#1287 = VERTEX_POINT('',#1288);
#1288 = CARTESIAN_POINT('',(-77.5,91.,-16.));
#1289 = LINE('',#1290,#1291);
#1290 = CARTESIAN_POINT('',(-71.5625,91.,-21.9375));
#1291 = VECTOR('',#1292,1.);
#1292 = DIRECTION('',(0.707106781187,1.421713769967E-17,-0.707106781187)
  );
#1293 = ORIENTED_EDGE('',*,*,#1294,.F.);
#1294 = EDGE_CURVE('',#1295,#1287,#1297,.T.);
#1295 = VERTEX_POINT('',#1296);
#1296 = CARTESIAN_POINT('',(-77.5,91.,-34.));
#1297 = LINE('',#1298,#1299);
#1298 = CARTESIAN_POINT('',(-77.5,91.,-35.));
#1299 = VECTOR('',#1300,1.);
#1300 = DIRECTION('',(-2.E-16,1.79893931047E-16,1.));
#1301 = ORIENTED_EDGE('',*,*,#1302,.T.);
#1302 = EDGE_CURVE('',#1295,#1303,#1305,.T.);
#1303 = VERTEX_POINT('',#1304);
#1304 = CARTESIAN_POINT('',(-79.5,91.,-36.));
#1305 = LINE('',#1306,#1307);
#1306 = CARTESIAN_POINT('',(-69.8125,91.,-26.3125));
#1307 = VECTOR('',#1308,1.);
#1308 = DIRECTION('',(-0.707106781187,-2.68625574775E-16,-0.707106781187
    ));
#1309 = ORIENTED_EDGE('',*,*,#1310,.F.);
#1310 = EDGE_CURVE('',#1311,#1303,#1313,.T.);
#1311 = VERTEX_POINT('',#1312);
#1312 = CARTESIAN_POINT('',(-80.5,91.,-36.));
#1313 = LINE('',#1314,#1315);
#1314 = CARTESIAN_POINT('',(-81.5,91.,-36.));
#1315 = VECTOR('',#1316,1.);
#1316 = DIRECTION('',(1.,2.E-16,2.E-16));
#1317 = ORIENTED_EDGE('',*,*,#1318,.T.);
#1318 = EDGE_CURVE('',#1311,#1319,#1321,.T.);
#1319 = VERTEX_POINT('',#1320);
#1320 = CARTESIAN_POINT('',(-82.5,91.,-34.));
#1321 = LINE('',#1322,#1323);
#1322 = CARTESIAN_POINT('',(-77.8125,91.,-38.6875));
#1323 = VECTOR('',#1324,1.);
#1324 = DIRECTION('',(-0.707106781187,-1.421713769966E-17,0.707106781187
    ));
#1325 = ORIENTED_EDGE('',*,*,#1326,.F.);
#1326 = EDGE_CURVE('',#1327,#1319,#1329,.T.);
#1327 = VERTEX_POINT('',#1328);
#1328 = CARTESIAN_POINT('',(-82.5,91.,-16.));
#1329 = LINE('',#1330,#1331);
#1330 = CARTESIAN_POINT('',(-82.5,91.,-15.));
#1331 = VECTOR('',#1332,1.);
#1332 = DIRECTION('',(2.E-16,-1.79893931047E-16,-1.));
#1333 = ORIENTED_EDGE('',*,*,#1334,.T.);
#1334 = EDGE_CURVE('',#1327,#1335,#1337,.T.);
#1335 = VERTEX_POINT('',#1336);
#1336 = CARTESIAN_POINT('',(-80.5,91.,-14.));
#1337 = LINE('',#1338,#1339);
#1338 = CARTESIAN_POINT('',(-78.0625,91.,-11.5625));
#1339 = VECTOR('',#1340,1.);
#1340 = DIRECTION('',(0.707106781187,2.68625574775E-16,0.707106781187));
#1341 = ORIENTED_EDGE('',*,*,#1342,.F.);
#1342 = EDGE_CURVE('',#1285,#1335,#1343,.T.);
#1343 = LINE('',#1344,#1345);
#1344 = CARTESIAN_POINT('',(-78.5,91.,-14.));
#1345 = VECTOR('',#1346,1.);
#1346 = DIRECTION('',(-1.,-2.E-16,-2.E-16));
#1347 = FACE_BOUND('',#1348,.T.);
#1348 = EDGE_LOOP('',(#1349,#1359,#1367,#1375,#1383,#1391,#1399,#1407));
#1349 = ORIENTED_EDGE('',*,*,#1350,.T.);
#1350 = EDGE_CURVE('',#1351,#1353,#1355,.T.);
#1351 = VERTEX_POINT('',#1352);
#1352 = CARTESIAN_POINT('',(-72.,91.,-14.));
#1353 = VERTEX_POINT('',#1354);
#1354 = CARTESIAN_POINT('',(-70.,91.,-16.));
#1355 = LINE('',#1356,#1357);
#1356 = CARTESIAN_POINT('',(-64.0625,91.,-21.9375));
#1357 = VECTOR('',#1358,1.);
#1358 = DIRECTION('',(0.707106781187,1.421713769967E-17,-0.707106781187)
  );
#1359 = ORIENTED_EDGE('',*,*,#1360,.F.);
#1360 = EDGE_CURVE('',#1361,#1353,#1363,.T.);
#1361 = VERTEX_POINT('',#1362);
#1362 = CARTESIAN_POINT('',(-70.,91.,-34.));
#1363 = LINE('',#1364,#1365);
#1364 = CARTESIAN_POINT('',(-70.,91.,-35.));
#1365 = VECTOR('',#1366,1.);
#1366 = DIRECTION('',(-2.E-16,1.79893931047E-16,1.));
#1367 = ORIENTED_EDGE('',*,*,#1368,.T.);
#1368 = EDGE_CURVE('',#1361,#1369,#1371,.T.);
#1369 = VERTEX_POINT('',#1370);
#1370 = CARTESIAN_POINT('',(-72.,91.,-36.));
#1371 = LINE('',#1372,#1373);
#1372 = CARTESIAN_POINT('',(-62.3125,91.,-26.3125));
#1373 = VECTOR('',#1374,1.);
#1374 = DIRECTION('',(-0.707106781187,-2.68625574775E-16,-0.707106781187
    ));
#1375 = ORIENTED_EDGE('',*,*,#1376,.F.);
#1376 = EDGE_CURVE('',#1377,#1369,#1379,.T.);
#1377 = VERTEX_POINT('',#1378);
#1378 = CARTESIAN_POINT('',(-73.,91.,-36.));
#1379 = LINE('',#1380,#1381);
#1380 = CARTESIAN_POINT('',(-74.,91.,-36.));
#1381 = VECTOR('',#1382,1.);
#1382 = DIRECTION('',(1.,2.E-16,2.E-16));
#1383 = ORIENTED_EDGE('',*,*,#1384,.T.);
#1384 = EDGE_CURVE('',#1377,#1385,#1387,.T.);
#1385 = VERTEX_POINT('',#1386);
#1386 = CARTESIAN_POINT('',(-75.,91.,-34.));
#1387 = LINE('',#1388,#1389);
#1388 = CARTESIAN_POINT('',(-70.3125,91.,-38.6875));
#1389 = VECTOR('',#1390,1.);
#1390 = DIRECTION('',(-0.707106781187,-1.421713769966E-17,0.707106781187
    ));
#1391 = ORIENTED_EDGE('',*,*,#1392,.F.);
#1392 = EDGE_CURVE('',#1393,#1385,#1395,.T.);
#1393 = VERTEX_POINT('',#1394);
#1394 = CARTESIAN_POINT('',(-75.,91.,-16.));
#1395 = LINE('',#1396,#1397);
#1396 = CARTESIAN_POINT('',(-75.,91.,-15.));
#1397 = VECTOR('',#1398,1.);
#1398 = DIRECTION('',(2.E-16,-1.79893931047E-16,-1.));
#1399 = ORIENTED_EDGE('',*,*,#1400,.T.);
#1400 = EDGE_CURVE('',#1393,#1401,#1403,.T.);
#1401 = VERTEX_POINT('',#1402);
#1402 = CARTESIAN_POINT('',(-73.,91.,-14.));
#1403 = LINE('',#1404,#1405);
#1404 = CARTESIAN_POINT('',(-70.5625,91.,-11.5625));
#1405 = VECTOR('',#1406,1.);
#1406 = DIRECTION('',(0.707106781187,2.68625574775E-16,0.707106781187));
#1407 = ORIENTED_EDGE('',*,*,#1408,.F.);
#1408 = EDGE_CURVE('',#1351,#1401,#1409,.T.);
#1409 = LINE('',#1410,#1411);
#1410 = CARTESIAN_POINT('',(-71.,91.,-14.));
#1411 = VECTOR('',#1412,1.);
#1412 = DIRECTION('',(-1.,-2.E-16,-2.E-16));
#1413 = FACE_BOUND('',#1414,.T.);
#1414 = EDGE_LOOP('',(#1415,#1425,#1433,#1441,#1449,#1457,#1465,#1473));
#1415 = ORIENTED_EDGE('',*,*,#1416,.T.);
#1416 = EDGE_CURVE('',#1417,#1419,#1421,.T.);
#1417 = VERTEX_POINT('',#1418);
#1418 = CARTESIAN_POINT('',(-64.5,91.,-14.));
#1419 = VERTEX_POINT('',#1420);
#1420 = CARTESIAN_POINT('',(-62.5,91.,-16.));
#1421 = LINE('',#1422,#1423);
#1422 = CARTESIAN_POINT('',(-56.5625,91.,-21.9375));
#1423 = VECTOR('',#1424,1.);
#1424 = DIRECTION('',(0.707106781187,1.421713769967E-17,-0.707106781187)
  );
#1425 = ORIENTED_EDGE('',*,*,#1426,.F.);
#1426 = EDGE_CURVE('',#1427,#1419,#1429,.T.);
#1427 = VERTEX_POINT('',#1428);
#1428 = CARTESIAN_POINT('',(-62.5,91.,-34.));
#1429 = LINE('',#1430,#1431);
#1430 = CARTESIAN_POINT('',(-62.5,91.,-35.));
#1431 = VECTOR('',#1432,1.);
#1432 = DIRECTION('',(-2.E-16,1.79893931047E-16,1.));
#1433 = ORIENTED_EDGE('',*,*,#1434,.T.);
#1434 = EDGE_CURVE('',#1427,#1435,#1437,.T.);
#1435 = VERTEX_POINT('',#1436);
#1436 = CARTESIAN_POINT('',(-64.5,91.,-36.));
#1437 = LINE('',#1438,#1439);
#1438 = CARTESIAN_POINT('',(-54.8125,91.,-26.3125));
#1439 = VECTOR('',#1440,1.);
#1440 = DIRECTION('',(-0.707106781187,-2.68625574775E-16,-0.707106781187
    ));
#1441 = ORIENTED_EDGE('',*,*,#1442,.F.);
#1442 = EDGE_CURVE('',#1443,#1435,#1445,.T.);
#1443 = VERTEX_POINT('',#1444);
#1444 = CARTESIAN_POINT('',(-65.5,91.,-36.));
#1445 = LINE('',#1446,#1447);
#1446 = CARTESIAN_POINT('',(-66.5,91.,-36.));
#1447 = VECTOR('',#1448,1.);
#1448 = DIRECTION('',(1.,2.E-16,2.E-16));
#1449 = ORIENTED_EDGE('',*,*,#1450,.T.);
#1450 = EDGE_CURVE('',#1443,#1451,#1453,.T.);
#1451 = VERTEX_POINT('',#1452);
#1452 = CARTESIAN_POINT('',(-67.5,91.,-34.));
#1453 = LINE('',#1454,#1455);
#1454 = CARTESIAN_POINT('',(-62.8125,91.,-38.6875));
#1455 = VECTOR('',#1456,1.);
#1456 = DIRECTION('',(-0.707106781187,-1.421713769966E-17,0.707106781187
    ));
#1457 = ORIENTED_EDGE('',*,*,#1458,.F.);
#1458 = EDGE_CURVE('',#1459,#1451,#1461,.T.);
#1459 = VERTEX_POINT('',#1460);
#1460 = CARTESIAN_POINT('',(-67.5,91.,-16.));
#1461 = LINE('',#1462,#1463);
#1462 = CARTESIAN_POINT('',(-67.5,91.,-15.));
#1463 = VECTOR('',#1464,1.);
#1464 = DIRECTION('',(2.E-16,-1.79893931047E-16,-1.));
#1465 = ORIENTED_EDGE('',*,*,#1466,.T.);
#1466 = EDGE_CURVE('',#1459,#1467,#1469,.T.);
#1467 = VERTEX_POINT('',#1468);
#1468 = CARTESIAN_POINT('',(-65.5,91.,-14.));
#1469 = LINE('',#1470,#1471);
#1470 = CARTESIAN_POINT('',(-63.0625,91.,-11.5625));
#1471 = VECTOR('',#1472,1.);
#1472 = DIRECTION('',(0.707106781187,2.68625574775E-16,0.707106781187));
#1473 = ORIENTED_EDGE('',*,*,#1474,.F.);
#1474 = EDGE_CURVE('',#1417,#1467,#1475,.T.);
#1475 = LINE('',#1476,#1477);
#1476 = CARTESIAN_POINT('',(-63.5,91.,-14.));
#1477 = VECTOR('',#1478,1.);
#1478 = DIRECTION('',(-1.,-2.E-16,-2.E-16));
#1479 = FACE_BOUND('',#1480,.T.);
#1480 = EDGE_LOOP('',(#1481,#1491,#1499,#1507,#1515,#1523,#1531,#1539));
#1481 = ORIENTED_EDGE('',*,*,#1482,.T.);
#1482 = EDGE_CURVE('',#1483,#1485,#1487,.T.);
#1483 = VERTEX_POINT('',#1484);
#1484 = CARTESIAN_POINT('',(-57.,91.,-14.));
#1485 = VERTEX_POINT('',#1486);
#1486 = CARTESIAN_POINT('',(-55.,91.,-16.));
#1487 = LINE('',#1488,#1489);
#1488 = CARTESIAN_POINT('',(-49.0625,91.,-21.9375));
#1489 = VECTOR('',#1490,1.);
#1490 = DIRECTION('',(0.707106781187,1.421713769967E-17,-0.707106781187)
  );
#1491 = ORIENTED_EDGE('',*,*,#1492,.F.);
#1492 = EDGE_CURVE('',#1493,#1485,#1495,.T.);
#1493 = VERTEX_POINT('',#1494);
#1494 = CARTESIAN_POINT('',(-55.,91.,-34.));
#1495 = LINE('',#1496,#1497);
#1496 = CARTESIAN_POINT('',(-55.,91.,-35.));
#1497 = VECTOR('',#1498,1.);
#1498 = DIRECTION('',(-2.E-16,1.79893931047E-16,1.));
#1499 = ORIENTED_EDGE('',*,*,#1500,.T.);
#1500 = EDGE_CURVE('',#1493,#1501,#1503,.T.);
#1501 = VERTEX_POINT('',#1502);
#1502 = CARTESIAN_POINT('',(-57.,91.,-36.));
#1503 = LINE('',#1504,#1505);
#1504 = CARTESIAN_POINT('',(-47.3125,91.,-26.3125));
#1505 = VECTOR('',#1506,1.);
#1506 = DIRECTION('',(-0.707106781187,-2.68625574775E-16,-0.707106781187
    ));
#1507 = ORIENTED_EDGE('',*,*,#1508,.F.);
#1508 = EDGE_CURVE('',#1509,#1501,#1511,.T.);
#1509 = VERTEX_POINT('',#1510);
#1510 = CARTESIAN_POINT('',(-58.,91.,-36.));
#1511 = LINE('',#1512,#1513);
#1512 = CARTESIAN_POINT('',(-59.,91.,-36.));
#1513 = VECTOR('',#1514,1.);
#1514 = DIRECTION('',(1.,2.E-16,2.E-16));
#1515 = ORIENTED_EDGE('',*,*,#1516,.T.);
#1516 = EDGE_CURVE('',#1509,#1517,#1519,.T.);
#1517 = VERTEX_POINT('',#1518);
#1518 = CARTESIAN_POINT('',(-60.,91.,-34.));
#1519 = LINE('',#1520,#1521);
#1520 = CARTESIAN_POINT('',(-55.3125,91.,-38.6875));
#1521 = VECTOR('',#1522,1.);
#1522 = DIRECTION('',(-0.707106781187,-1.421713769966E-17,0.707106781187
    ));
#1523 = ORIENTED_EDGE('',*,*,#1524,.F.);
#1524 = EDGE_CURVE('',#1525,#1517,#1527,.T.);
#1525 = VERTEX_POINT('',#1526);
#1526 = CARTESIAN_POINT('',(-60.,91.,-16.));
#1527 = LINE('',#1528,#1529);
#1528 = CARTESIAN_POINT('',(-60.,91.,-15.));
#1529 = VECTOR('',#1530,1.);
#1530 = DIRECTION('',(2.E-16,-1.79893931047E-16,-1.));
#1531 = ORIENTED_EDGE('',*,*,#1532,.T.);
#1532 = EDGE_CURVE('',#1525,#1533,#1535,.T.);
#1533 = VERTEX_POINT('',#1534);
#1534 = CARTESIAN_POINT('',(-58.,91.,-14.));
#1535 = LINE('',#1536,#1537);
#1536 = CARTESIAN_POINT('',(-55.5625,91.,-11.5625));
#1537 = VECTOR('',#1538,1.);
#1538 = DIRECTION('',(0.707106781187,2.68625574775E-16,0.707106781187));
#1539 = ORIENTED_EDGE('',*,*,#1540,.F.);
#1540 = EDGE_CURVE('',#1483,#1533,#1541,.T.);
#1541 = LINE('',#1542,#1543);
#1542 = CARTESIAN_POINT('',(-56.,91.,-14.));
#1543 = VECTOR('',#1544,1.);
#1544 = DIRECTION('',(-1.,-2.E-16,-2.E-16));
#1545 = FACE_BOUND('',#1546,.T.);
#1546 = EDGE_LOOP('',(#1547,#1557,#1565,#1574,#1582,#1590,#1599,#1607,
    #1615));
#1547 = ORIENTED_EDGE('',*,*,#1548,.T.);
#1548 = EDGE_CURVE('',#1549,#1551,#1553,.T.);
#1549 = VERTEX_POINT('',#1550);
#1550 = CARTESIAN_POINT('',(-5.094358096016,91.,-13.14263111959));
#1551 = VERTEX_POINT('',#1552);
#1552 = CARTESIAN_POINT('',(-5.907473639929,91.,-13.15682414549));
#1553 = LINE('',#1554,#1555);
#1554 = CARTESIAN_POINT('',(-33.50505291187,91.,-13.63854308485));
#1555 = VECTOR('',#1556,1.);
#1556 = DIRECTION('',(-0.99984769427,-2.031091299845E-16,
    -1.745245719031E-02));
#1557 = ORIENTED_EDGE('',*,*,#1558,.T.);
#1558 = EDGE_CURVE('',#1551,#1559,#1561,.T.);
#1559 = VERTEX_POINT('',#1560);
#1560 = CARTESIAN_POINT('',(-5.513207388959,91.,-12.4455489153));
#1561 = LINE('',#1562,#1563);
#1562 = CARTESIAN_POINT('',(-15.01553440364,91.,-29.58820268817));
#1563 = VECTOR('',#1564,1.);
#1564 = DIRECTION('',(0.48480957585,2.543006968856E-16,0.874619731749));
#1565 = ORIENTED_EDGE('',*,*,#1566,.F.);
#1566 = EDGE_CURVE('',#1567,#1559,#1569,.T.);
#1567 = VERTEX_POINT('',#1568);
#1568 = CARTESIAN_POINT('',(-4.45436729269,91.,-10.53535058776));
#1569 = CIRCLE('',#1570,1.55);
#1570 = AXIS2_PLACEMENT_3D('',#1571,#1572,#1573);
#1571 = CARTESIAN_POINT('',(-4.021705635901,91.,-12.02374028497));
#1572 = DIRECTION('',(-2.948876798795E-16,-1.,-3.714698827088E-16));
#1573 = DIRECTION('',(-0.51503807491,-1.665334536938E-16,0.857167300702)
  );
#1574 = ORIENTED_EDGE('',*,*,#1575,.T.);
#1575 = EDGE_CURVE('',#1567,#1576,#1578,.T.);
#1576 = VERTEX_POINT('',#1577);
#1577 = CARTESIAN_POINT('',(-4.060101041721,91.,-9.824075357578));
#1578 = LINE('',#1579,#1580);
#1579 = CARTESIAN_POINT('',(-15.01553440364,91.,-29.58820268817));
#1580 = VECTOR('',#1581,1.);
#1581 = DIRECTION('',(0.48480957585,2.543006968856E-16,0.874619731749));
#1582 = ORIENTED_EDGE('',*,*,#1583,.T.);
#1583 = EDGE_CURVE('',#1576,#1584,#1586,.T.);
#1584 = VERTEX_POINT('',#1585);
#1585 = CARTESIAN_POINT('',(-3.641251748778,91.,-10.52115756186));
#1586 = LINE('',#1587,#1588);
#1587 = CARTESIAN_POINT('',(-9.090750365274,91.,-1.451669868153));
#1588 = VECTOR('',#1589,1.);
#1589 = DIRECTION('',(0.515038118421,-5.119156690099E-17,-0.857167274558
    ));
#1590 = ORIENTED_EDGE('',*,*,#1591,.F.);
#1591 = EDGE_CURVE('',#1592,#1584,#1594,.T.);
#1592 = VERTEX_POINT('',#1593);
#1593 = CARTESIAN_POINT('',(-2.516391518996,91.,-12.39323914755));
#1594 = CIRCLE('',#1595,1.55);
#1595 = AXIS2_PLACEMENT_3D('',#1596,#1597,#1598);
#1596 = CARTESIAN_POINT('',(-4.021705635901,91.,-12.02374028497));
#1597 = DIRECTION('',(-2.948876798795E-16,-1.,-3.714698827088E-16));
#1598 = DIRECTION('',(-0.51503807491,-1.665334536938E-16,0.857167300702)
  );
#1599 = ORIENTED_EDGE('',*,*,#1600,.T.);
#1600 = EDGE_CURVE('',#1592,#1601,#1603,.T.);
#1601 = VERTEX_POINT('',#1602);
#1602 = CARTESIAN_POINT('',(-2.097542226053,91.,-13.09032135184));
#1603 = LINE('',#1604,#1605);
#1604 = CARTESIAN_POINT('',(-9.090750365274,91.,-1.451669868153));
#1605 = VECTOR('',#1606,1.);
#1606 = DIRECTION('',(0.515038118421,-5.119156690099E-17,-0.857167274558
    ));
#1607 = ORIENTED_EDGE('',*,*,#1608,.T.);
#1608 = EDGE_CURVE('',#1601,#1609,#1611,.T.);
#1609 = VERTEX_POINT('',#1610);
#1610 = CARTESIAN_POINT('',(-2.910657769967,91.,-13.10451437774));
#1611 = LINE('',#1612,#1613);
#1612 = CARTESIAN_POINT('',(-33.50505291187,91.,-13.63854308485));
#1613 = VECTOR('',#1614,1.);
#1614 = DIRECTION('',(-0.99984769427,-2.031091299845E-16,
    -1.745245719031E-02));
#1615 = ORIENTED_EDGE('',*,*,#1616,.F.);
#1616 = EDGE_CURVE('',#1549,#1609,#1617,.T.);
#1617 = CIRCLE('',#1618,1.55);
#1618 = AXIS2_PLACEMENT_3D('',#1619,#1620,#1621);
#1619 = CARTESIAN_POINT('',(-4.021705635901,91.,-12.02374028497));
#1620 = DIRECTION('',(-2.948876798795E-16,-1.,-3.714698827088E-16));
#1621 = DIRECTION('',(-0.51503807491,-1.665334536938E-16,0.857167300702)
  );
#1622 = FACE_BOUND('',#1623,.T.);
#1623 = EDGE_LOOP('',(#1624,#1634,#1642,#1651,#1659,#1667,#1676,#1684,
    #1692));
#1624 = ORIENTED_EDGE('',*,*,#1625,.T.);
#1625 = EDGE_CURVE('',#1626,#1628,#1630,.T.);
#1626 = VERTEX_POINT('',#1627);
#1627 = CARTESIAN_POINT('',(-5.093925402702,91.,-30.09355439276));
#1628 = VERTEX_POINT('',#1629);
#1629 = CARTESIAN_POINT('',(-5.907040946616,91.,-30.10774741866));
#1630 = LINE('',#1631,#1632);
#1631 = CARTESIAN_POINT('',(-33.35694139663,91.,-30.58688860709));
#1632 = VECTOR('',#1633,1.);
#1633 = DIRECTION('',(-0.99984769427,-2.031091299845E-16,
    -1.745245719031E-02));
#1634 = ORIENTED_EDGE('',*,*,#1635,.T.);
#1635 = EDGE_CURVE('',#1628,#1636,#1638,.T.);
#1636 = VERTEX_POINT('',#1637);
#1637 = CARTESIAN_POINT('',(-5.512774695645,91.,-29.39647218847));
#1638 = LINE('',#1639,#1640);
#1639 = CARTESIAN_POINT('',(-11.42135323602,91.,-40.05583131713));
#1640 = VECTOR('',#1641,1.);
#1641 = DIRECTION('',(0.48480957585,2.543006968856E-16,0.874619731749));
#1642 = ORIENTED_EDGE('',*,*,#1643,.F.);
#1643 = EDGE_CURVE('',#1644,#1636,#1646,.T.);
#1644 = VERTEX_POINT('',#1645);
#1645 = CARTESIAN_POINT('',(-4.453934599377,91.,-27.48627386093));
#1646 = CIRCLE('',#1647,1.55);
#1647 = AXIS2_PLACEMENT_3D('',#1648,#1649,#1650);
#1648 = CARTESIAN_POINT('',(-4.021272942588,91.,-28.97466355813));
#1649 = DIRECTION('',(-2.948876798795E-16,-1.,-3.714698827088E-16));
#1650 = DIRECTION('',(-0.51503807491,-1.665334536938E-16,0.857167300702)
  );
#1651 = ORIENTED_EDGE('',*,*,#1652,.T.);
#1652 = EDGE_CURVE('',#1644,#1653,#1655,.T.);
#1653 = VERTEX_POINT('',#1654);
#1654 = CARTESIAN_POINT('',(-4.059668348407,91.,-26.77499863074));
#1655 = LINE('',#1656,#1657);
#1656 = CARTESIAN_POINT('',(-11.42135323602,91.,-40.05583131713));
#1657 = VECTOR('',#1658,1.);
#1658 = DIRECTION('',(0.48480957585,2.543006968856E-16,0.874619731749));
#1659 = ORIENTED_EDGE('',*,*,#1660,.T.);
#1660 = EDGE_CURVE('',#1653,#1661,#1663,.T.);
#1661 = VERTEX_POINT('',#1662);
#1662 = CARTESIAN_POINT('',(-3.640819055464,91.,-27.47208083503));
#1663 = LINE('',#1664,#1665);
#1664 = CARTESIAN_POINT('',(-12.83206948816,91.,-12.17527308157));
#1665 = VECTOR('',#1666,1.);
#1666 = DIRECTION('',(0.515038118421,-5.119156690099E-17,-0.857167274558
    ));
#1667 = ORIENTED_EDGE('',*,*,#1668,.F.);
#1668 = EDGE_CURVE('',#1669,#1661,#1671,.T.);
#1669 = VERTEX_POINT('',#1670);
#1670 = CARTESIAN_POINT('',(-2.515958825683,91.,-29.34416242071));
#1671 = CIRCLE('',#1672,1.55);
#1672 = AXIS2_PLACEMENT_3D('',#1673,#1674,#1675);
#1673 = CARTESIAN_POINT('',(-4.021272942588,91.,-28.97466355813));
#1674 = DIRECTION('',(-2.948876798795E-16,-1.,-3.714698827088E-16));
#1675 = DIRECTION('',(-0.51503807491,-1.665334536938E-16,0.857167300702)
  );
#1676 = ORIENTED_EDGE('',*,*,#1677,.T.);
#1677 = EDGE_CURVE('',#1669,#1678,#1680,.T.);
#1678 = VERTEX_POINT('',#1679);
#1679 = CARTESIAN_POINT('',(-2.09710953274,91.,-30.041244625));
#1680 = LINE('',#1681,#1682);
#1681 = CARTESIAN_POINT('',(-12.83206948816,91.,-12.17527308157));
#1682 = VECTOR('',#1683,1.);
#1683 = DIRECTION('',(0.515038118421,-5.119156690099E-17,-0.857167274558
    ));
#1684 = ORIENTED_EDGE('',*,*,#1685,.T.);
#1685 = EDGE_CURVE('',#1678,#1686,#1688,.T.);
#1686 = VERTEX_POINT('',#1687);
#1687 = CARTESIAN_POINT('',(-2.910225076653,91.,-30.0554376509));
#1688 = LINE('',#1689,#1690);
#1689 = CARTESIAN_POINT('',(-33.35694139663,91.,-30.58688860709));
#1690 = VECTOR('',#1691,1.);
#1691 = DIRECTION('',(-0.99984769427,-2.031091299845E-16,
    -1.745245719031E-02));
#1692 = ORIENTED_EDGE('',*,*,#1693,.F.);
#1693 = EDGE_CURVE('',#1626,#1686,#1694,.T.);
#1694 = CIRCLE('',#1695,1.55);
#1695 = AXIS2_PLACEMENT_3D('',#1696,#1697,#1698);
#1696 = CARTESIAN_POINT('',(-4.021272942588,91.,-28.97466355813));
#1697 = DIRECTION('',(-2.948876798795E-16,-1.,-3.714698827088E-16));
#1698 = DIRECTION('',(-0.51503807491,-1.665334536938E-16,0.857167300702)
  );
#1699 = PLANE('',#1700);
#1700 = AXIS2_PLACEMENT_3D('',#1701,#1702,#1703);
#1701 = CARTESIAN_POINT('',(-64.75,91.,-23.5));
#1702 = DIRECTION('',(2.E-16,-1.,1.79893931047E-16));
#1703 = DIRECTION('',(2.E-16,-1.79893931047E-16,-1.));
#1704 = ADVANCED_FACE('',(#1705),#1716,.T.);
#1705 = FACE_BOUND('',#1706,.F.);
#1706 = EDGE_LOOP('',(#1707,#1713,#1714,#1715));
#1707 = ORIENTED_EDGE('',*,*,#1708,.F.);
#1708 = EDGE_CURVE('',#987,#1203,#1709,.T.);
#1709 = LINE('',#1710,#1711);
#1710 = CARTESIAN_POINT('',(-112.5,92.5,-0.5));
#1711 = VECTOR('',#1712,1.);
#1712 = DIRECTION('',(2.398101667497E-15,-0.707106781187,-0.707106781187
    ));
#1713 = ORIENTED_EDGE('',*,*,#994,.T.);
#1714 = ORIENTED_EDGE('',*,*,#55,.T.);
#1715 = ORIENTED_EDGE('',*,*,#1202,.F.);
#1716 = PLANE('',#1717);
#1717 = AXIS2_PLACEMENT_3D('',#1718,#1719,#1720);
#1718 = CARTESIAN_POINT('',(-114.5,92.,-1.));
#1719 = DIRECTION('',(4.930380657631E-32,-0.707106781187,0.707106781187)
  );
#1720 = DIRECTION('',(-1.,-2.E-16,-2.E-16));
#1721 = ADVANCED_FACE('',(#1722),#1761,.F.);
#1722 = FACE_BOUND('',#1723,.F.);
#1723 = EDGE_LOOP('',(#1724,#1725,#1733,#1739,#1740,#1748,#1754,#1755));
#1724 = ORIENTED_EDGE('',*,*,#93,.T.);
#1725 = ORIENTED_EDGE('',*,*,#1726,.T.);
#1726 = EDGE_CURVE('',#96,#1727,#1729,.T.);
#1727 = VERTEX_POINT('',#1728);
#1728 = CARTESIAN_POINT('',(2.84217094304E-14,-94.,-45.));
#1729 = LINE('',#1730,#1731);
#1730 = CARTESIAN_POINT('',(2.84217094304E-14,-57.,-82.));
#1731 = VECTOR('',#1732,1.);
#1732 = DIRECTION('',(4.930380657631E-32,-0.707106781187,0.707106781187)
  );
#1733 = ORIENTED_EDGE('',*,*,#1734,.F.);
#1734 = EDGE_CURVE('',#859,#1727,#1735,.T.);
#1735 = LINE('',#1736,#1737);
#1736 = CARTESIAN_POINT('',(1.42108547152E-14,-94.,-1.151167991199E-14)
  );
#1737 = VECTOR('',#1738,1.);
#1738 = DIRECTION('',(2.E-16,1.224646799147E-16,-1.));
#1739 = ORIENTED_EDGE('',*,*,#856,.F.);
#1740 = ORIENTED_EDGE('',*,*,#1741,.T.);
#1741 = EDGE_CURVE('',#857,#1742,#1744,.T.);
#1742 = VERTEX_POINT('',#1743);
#1743 = CARTESIAN_POINT('',(1.42108547152E-14,-91.,-2.));
#1744 = LINE('',#1745,#1746);
#1745 = CARTESIAN_POINT('',(2.84217094304E-14,-45.75,-47.25));
#1746 = VECTOR('',#1747,1.);
#1747 = DIRECTION('',(-4.930380657631E-32,0.707106781187,-0.707106781187
    ));
#1748 = ORIENTED_EDGE('',*,*,#1749,.F.);
#1749 = EDGE_CURVE('',#728,#1742,#1750,.T.);
#1750 = LINE('',#1751,#1752);
#1751 = CARTESIAN_POINT('',(1.42108547152E-14,-91.,-1.114428587224E-14)
  );
#1752 = VECTOR('',#1753,1.);
#1753 = DIRECTION('',(-2.E-16,-1.224646799147E-16,1.));
#1754 = ORIENTED_EDGE('',*,*,#727,.F.);
#1755 = ORIENTED_EDGE('',*,*,#1756,.T.);
#1756 = EDGE_CURVE('',#720,#94,#1757,.T.);
#1757 = LINE('',#1758,#1759);
#1758 = CARTESIAN_POINT('',(2.84217094304E-14,-51.56065744921,-47.));
#1759 = VECTOR('',#1760,1.);
#1760 = DIRECTION('',(2.E-16,1.224646799147E-16,-1.));
#1761 = PLANE('',#1762);
#1762 = AXIS2_PLACEMENT_3D('',#1763,#1764,#1765);
#1763 = CARTESIAN_POINT('',(-1.42108547152E-14,94.,1.151167991199E-14));
#1764 = DIRECTION('',(-1.,-2.E-16,-2.E-16));
#1765 = DIRECTION('',(2.E-16,-1.,-1.224646799147E-16));
#1766 = ADVANCED_FACE('',(#1767),#1785,.T.);
#1767 = FACE_BOUND('',#1768,.F.);
#1768 = EDGE_LOOP('',(#1769,#1770,#1771,#1779));
#1769 = ORIENTED_EDGE('',*,*,#1726,.F.);
#1770 = ORIENTED_EDGE('',*,*,#103,.T.);
#1771 = ORIENTED_EDGE('',*,*,#1772,.T.);
#1772 = EDGE_CURVE('',#104,#1773,#1775,.T.);
#1773 = VERTEX_POINT('',#1774);
#1774 = CARTESIAN_POINT('',(-112.5,-94.,-45.));
#1775 = LINE('',#1776,#1777);
#1776 = CARTESIAN_POINT('',(-112.5,-91.5,-47.5));
#1777 = VECTOR('',#1778,1.);
#1778 = DIRECTION('',(4.930380657631E-32,-0.707106781187,0.707106781187)
  );
#1779 = ORIENTED_EDGE('',*,*,#1780,.F.);
#1780 = EDGE_CURVE('',#1727,#1773,#1781,.T.);
#1781 = LINE('',#1782,#1783);
#1782 = CARTESIAN_POINT('',(2.84217094304E-14,-94.,-45.));
#1783 = VECTOR('',#1784,1.);
#1784 = DIRECTION('',(-1.,-2.E-16,-2.E-16));
#1785 = PLANE('',#1786);
#1786 = AXIS2_PLACEMENT_3D('',#1787,#1788,#1789);
#1787 = CARTESIAN_POINT('',(2.84217094304E-14,-91.5,-47.5));
#1788 = DIRECTION('',(2.828427124746E-16,-0.707106781187,-0.707106781187
    ));
#1789 = DIRECTION('',(1.,2.E-16,2.E-16));
#1790 = ADVANCED_FACE('',(#1791),#1816,.T.);
#1791 = FACE_BOUND('',#1792,.T.);
#1792 = EDGE_LOOP('',(#1793,#1801,#1809,#1815));
#1793 = ORIENTED_EDGE('',*,*,#1794,.T.);
#1794 = EDGE_CURVE('',#199,#1795,#1797,.T.);
#1795 = VERTEX_POINT('',#1796);
#1796 = CARTESIAN_POINT('',(-87.56315702924,-51.06065744921,-49.5));
#1797 = LINE('',#1798,#1799);
#1798 = CARTESIAN_POINT('',(-87.56315702924,-51.43565744921,-49.875));
#1799 = VECTOR('',#1800,1.);
#1800 = DIRECTION('',(9.812711391039E-15,0.707106781187,0.707106781187)
  );
#1801 = ORIENTED_EDGE('',*,*,#1802,.T.);
#1802 = EDGE_CURVE('',#1795,#1803,#1805,.T.);
#1803 = VERTEX_POINT('',#1804);
#1804 = CARTESIAN_POINT('',(-0.5,-51.06065744921,-49.5));
#1805 = LINE('',#1806,#1807);
#1806 = CARTESIAN_POINT('',(-88.06315702924,-51.06065744921,-49.5));
#1807 = VECTOR('',#1808,1.);
#1808 = DIRECTION('',(1.,2.E-16,2.E-16));
#1809 = ORIENTED_EDGE('',*,*,#1810,.T.);
#1810 = EDGE_CURVE('',#1803,#94,#1811,.T.);
#1811 = LINE('',#1812,#1813);
#1812 = CARTESIAN_POINT('',(-15.34385950487,-36.21679794434,
    -34.65614049512));
#1813 = VECTOR('',#1814,1.);
#1814 = DIRECTION('',(0.57735026919,-0.57735026919,-0.57735026919));
#1815 = ORIENTED_EDGE('',*,*,#206,.F.);
#1816 = PLANE('',#1817);
#1817 = AXIS2_PLACEMENT_3D('',#1818,#1819,#1820);
#1818 = CARTESIAN_POINT('',(-88.06315702924,-51.31065744921,-49.75));
#1819 = DIRECTION('',(-4.930380657631E-32,0.707106781187,-0.707106781187
    ));
#1820 = DIRECTION('',(1.,2.E-16,2.E-16));
#1821 = ADVANCED_FACE('',(#1822),#1847,.T.);
#1822 = FACE_BOUND('',#1823,.F.);
#1823 = EDGE_LOOP('',(#1824,#1832,#1833,#1841));
#1824 = ORIENTED_EDGE('',*,*,#1825,.T.);
#1825 = EDGE_CURVE('',#1826,#104,#1828,.T.);
#1826 = VERTEX_POINT('',#1827);
#1827 = CARTESIAN_POINT('',(-117.5,-89.,-45.));
#1828 = LINE('',#1829,#1830);
#1829 = CARTESIAN_POINT('',(-116.25,-89.,-46.25));
#1830 = VECTOR('',#1831,1.);
#1831 = DIRECTION('',(0.707106781187,2.280169618609E-16,-0.707106781187)
  );
#1832 = ORIENTED_EDGE('',*,*,#111,.T.);
#1833 = ORIENTED_EDGE('',*,*,#1834,.T.);
#1834 = EDGE_CURVE('',#112,#1835,#1837,.T.);
#1835 = VERTEX_POINT('',#1836);
#1836 = CARTESIAN_POINT('',(-117.5,-76.5,-45.));
#1837 = LINE('',#1838,#1839);
#1838 = CARTESIAN_POINT('',(-116.25,-76.5,-46.25));
#1839 = VECTOR('',#1840,1.);
#1840 = DIRECTION('',(-0.707106781187,3.810204679545E-15,0.707106781187)
  );
#1841 = ORIENTED_EDGE('',*,*,#1842,.F.);
#1842 = EDGE_CURVE('',#1826,#1835,#1843,.T.);
#1843 = LINE('',#1844,#1845);
#1844 = CARTESIAN_POINT('',(-117.5,-94.,-45.));
#1845 = VECTOR('',#1846,1.);
#1846 = DIRECTION('',(-2.E-16,1.,1.224646799147E-16));
#1847 = PLANE('',#1848);
#1848 = AXIS2_PLACEMENT_3D('',#1849,#1850,#1851);
#1849 = CARTESIAN_POINT('',(-115.,-94.,-47.5));
#1850 = DIRECTION('',(-0.707106781187,-5.482575061376E-17,
    -0.707106781187));
#1851 = DIRECTION('',(2.E-16,-1.,-1.224646799147E-16));
#1852 = ADVANCED_FACE('',(#1853),#1871,.T.);
#1853 = FACE_BOUND('',#1854,.T.);
#1854 = EDGE_LOOP('',(#1855,#1856,#1857,#1865));
#1855 = ORIENTED_EDGE('',*,*,#1794,.F.);
#1856 = ORIENTED_EDGE('',*,*,#198,.T.);
#1857 = ORIENTED_EDGE('',*,*,#1858,.T.);
#1858 = EDGE_CURVE('',#191,#1859,#1861,.T.);
#1859 = VERTEX_POINT('',#1860);
#1860 = CARTESIAN_POINT('',(-88.06315702924,-50.56065744921,-49.5));
#1861 = LINE('',#1862,#1863);
#1862 = CARTESIAN_POINT('',(-88.18815702924,-50.56065744921,
    -49.62499999999));
#1863 = VECTOR('',#1864,1.);
#1864 = DIRECTION('',(0.707106781187,3.024533992684E-14,0.707106781187)
  );
#1865 = ORIENTED_EDGE('',*,*,#1866,.F.);
#1866 = EDGE_CURVE('',#1795,#1859,#1867,.T.);
#1867 = LINE('',#1868,#1869);
#1868 = CARTESIAN_POINT('',(-87.56315702924,-51.06065744921,-49.5));
#1869 = VECTOR('',#1870,1.);
#1870 = DIRECTION('',(-0.707106781187,0.707106781187,2.004013432209E-14)
  );
#1871 = PLANE('',#1872);
#1872 = AXIS2_PLACEMENT_3D('',#1873,#1874,#1875);
#1873 = CARTESIAN_POINT('',(-87.56315702924,-51.56065744921,-50.));
#1874 = DIRECTION('',(0.57735026919,0.57735026919,-0.57735026919));
#1875 = DIRECTION('',(-0.707106781187,0.707106781187,-5.482575061376E-17
    ));
#1876 = ADVANCED_FACE('',(#1877),#1895,.T.);
#1877 = FACE_BOUND('',#1878,.T.);
#1878 = EDGE_LOOP('',(#1879,#1887,#1888,#1889));
#1879 = ORIENTED_EDGE('',*,*,#1880,.F.);
#1880 = EDGE_CURVE('',#120,#1881,#1883,.T.);
#1881 = VERTEX_POINT('',#1882);
#1882 = CARTESIAN_POINT('',(-122.5,-71.5,-45.));
#1883 = LINE('',#1884,#1885);
#1884 = CARTESIAN_POINT('',(-122.5,-67.75,-48.75));
#1885 = VECTOR('',#1886,1.);
#1886 = DIRECTION('',(2.980592163895E-15,-0.707106781187,0.707106781187)
  );
#1887 = ORIENTED_EDGE('',*,*,#119,.T.);
#1888 = ORIENTED_EDGE('',*,*,#1834,.T.);
#1889 = ORIENTED_EDGE('',*,*,#1890,.F.);
#1890 = EDGE_CURVE('',#1881,#1835,#1891,.T.);
#1891 = LINE('',#1892,#1893);
#1892 = CARTESIAN_POINT('',(-122.5,-71.5,-45.));
#1893 = VECTOR('',#1894,1.);
#1894 = DIRECTION('',(0.707106781187,-0.707106781187,-1.002803726897E-15
    ));
#1895 = PLANE('',#1896);
#1896 = AXIS2_PLACEMENT_3D('',#1897,#1898,#1899);
#1897 = CARTESIAN_POINT('',(-122.5,-66.5,-50.));
#1898 = DIRECTION('',(-0.57735026919,-0.57735026919,-0.57735026919));
#1899 = DIRECTION('',(0.707106781187,-0.707106781187,-9.721305471645E-16
    ));
#1900 = ADVANCED_FACE('',(#1901),#1919,.T.);
#1901 = FACE_BOUND('',#1902,.F.);
#1902 = EDGE_LOOP('',(#1903,#1911,#1912,#1913));
#1903 = ORIENTED_EDGE('',*,*,#1904,.F.);
#1904 = EDGE_CURVE('',#183,#1905,#1907,.T.);
#1905 = VERTEX_POINT('',#1906);
#1906 = CARTESIAN_POINT('',(-88.06315702924,39.660661715084,-49.5));
#1907 = LINE('',#1908,#1909);
#1908 = CARTESIAN_POINT('',(-88.43815702924,39.660661715084,-49.875));
#1909 = VECTOR('',#1910,1.);
#1910 = DIRECTION('',(0.707106781187,-9.944580218581E-15,0.707106781187)
  );
#1911 = ORIENTED_EDGE('',*,*,#190,.T.);
#1912 = ORIENTED_EDGE('',*,*,#1858,.T.);
#1913 = ORIENTED_EDGE('',*,*,#1914,.F.);
#1914 = EDGE_CURVE('',#1905,#1859,#1915,.T.);
#1915 = LINE('',#1916,#1917);
#1916 = CARTESIAN_POINT('',(-88.06315702924,40.160661715084,-49.5));
#1917 = VECTOR('',#1918,1.);
#1918 = DIRECTION('',(2.E-16,-1.,-1.224646799147E-16));
#1919 = PLANE('',#1920);
#1920 = AXIS2_PLACEMENT_3D('',#1921,#1922,#1923);
#1921 = CARTESIAN_POINT('',(-88.31315702924,40.160661715084,-49.75));
#1922 = DIRECTION('',(0.707106781187,2.280169618609E-16,-0.707106781187)
  );
#1923 = DIRECTION('',(-2.E-16,1.,1.224646799147E-16));
#1924 = ADVANCED_FACE('',(#1925),#1943,.T.);
#1925 = FACE_BOUND('',#1926,.F.);
#1926 = EDGE_LOOP('',(#1927,#1928,#1929,#1937));
#1927 = ORIENTED_EDGE('',*,*,#1880,.F.);
#1928 = ORIENTED_EDGE('',*,*,#127,.T.);
#1929 = ORIENTED_EDGE('',*,*,#1930,.F.);
#1930 = EDGE_CURVE('',#1931,#128,#1933,.T.);
#1931 = VERTEX_POINT('',#1932);
#1932 = CARTESIAN_POINT('',(-127.5,-71.5,-45.));
#1933 = LINE('',#1934,#1935);
#1934 = CARTESIAN_POINT('',(-127.5,-70.25,-46.25));
#1935 = VECTOR('',#1936,1.);
#1936 = DIRECTION('',(-9.614813431918E-16,0.707106781187,-0.707106781187
    ));
#1937 = ORIENTED_EDGE('',*,*,#1938,.F.);
#1938 = EDGE_CURVE('',#1881,#1931,#1939,.T.);
#1939 = LINE('',#1940,#1941);
#1940 = CARTESIAN_POINT('',(-117.5,-71.5,-45.));
#1941 = VECTOR('',#1942,1.);
#1942 = DIRECTION('',(-1.,-2.E-16,-2.E-16));
#1943 = PLANE('',#1944);
#1944 = AXIS2_PLACEMENT_3D('',#1945,#1946,#1947);
#1945 = CARTESIAN_POINT('',(-117.5,-69.,-47.5));
#1946 = DIRECTION('',(-7.369622541583E-16,-0.707106781187,
    -0.707106781187));
#1947 = DIRECTION('',(1.,-5.211110073938E-16,-5.211110073938E-16));
#1948 = ADVANCED_FACE('',(#1949),#1967,.T.);
#1949 = FACE_BOUND('',#1950,.T.);
#1950 = EDGE_LOOP('',(#1951,#1952,#1953,#1961));
#1951 = ORIENTED_EDGE('',*,*,#1904,.F.);
#1952 = ORIENTED_EDGE('',*,*,#182,.T.);
#1953 = ORIENTED_EDGE('',*,*,#1954,.T.);
#1954 = EDGE_CURVE('',#175,#1955,#1957,.T.);
#1955 = VERTEX_POINT('',#1956);
#1956 = CARTESIAN_POINT('',(-87.56315702924,40.160661715084,-49.5));
#1957 = LINE('',#1958,#1959);
#1958 = CARTESIAN_POINT('',(-87.56315702924,40.285661715084,-49.625));
#1959 = VECTOR('',#1960,1.);
#1960 = DIRECTION('',(4.930380657631E-32,-0.707106781187,0.707106781187)
  );
#1961 = ORIENTED_EDGE('',*,*,#1962,.F.);
#1962 = EDGE_CURVE('',#1905,#1955,#1963,.T.);
#1963 = LINE('',#1964,#1965);
#1964 = CARTESIAN_POINT('',(-88.06315702924,39.660661715084,-49.5));
#1965 = VECTOR('',#1966,1.);
#1966 = DIRECTION('',(0.707106781187,0.707106781187,-9.771389007334E-15)
  );
#1967 = PLANE('',#1968);
#1968 = AXIS2_PLACEMENT_3D('',#1969,#1970,#1971);
#1969 = CARTESIAN_POINT('',(-88.56315702924,39.660661715084,-50.));
#1970 = DIRECTION('',(0.57735026919,-0.57735026919,-0.57735026919));
#1971 = DIRECTION('',(0.707106781187,0.707106781187,2.002613862452E-16)
  );
#1972 = ADVANCED_FACE('',(#1973),#1998,.T.);
#1973 = FACE_BOUND('',#1974,.F.);
#1974 = EDGE_LOOP('',(#1975,#1976,#1984,#1992));
#1975 = ORIENTED_EDGE('',*,*,#135,.T.);
#1976 = ORIENTED_EDGE('',*,*,#1977,.F.);
#1977 = EDGE_CURVE('',#1978,#136,#1980,.T.);
#1978 = VERTEX_POINT('',#1979);
#1979 = CARTESIAN_POINT('',(-132.5,66.5,-45.));
#1980 = LINE('',#1981,#1982);
#1981 = CARTESIAN_POINT('',(-131.25,66.5,-46.25));
#1982 = VECTOR('',#1983,1.);
#1983 = DIRECTION('',(0.707106781187,2.280169618609E-16,-0.707106781187)
  );
#1984 = ORIENTED_EDGE('',*,*,#1985,.F.);
#1985 = EDGE_CURVE('',#1986,#1978,#1988,.T.);
#1986 = VERTEX_POINT('',#1987);
#1987 = CARTESIAN_POINT('',(-132.5,-66.5,-45.));
#1988 = LINE('',#1989,#1990);
#1989 = CARTESIAN_POINT('',(-132.5,-71.5,-45.));
#1990 = VECTOR('',#1991,1.);
#1991 = DIRECTION('',(-2.E-16,1.,1.224646799147E-16));
#1992 = ORIENTED_EDGE('',*,*,#1993,.F.);
#1993 = EDGE_CURVE('',#128,#1986,#1994,.T.);
#1994 = LINE('',#1995,#1996);
#1995 = CARTESIAN_POINT('',(-130.,-66.5,-47.5));
#1996 = VECTOR('',#1997,1.);
#1997 = DIRECTION('',(-0.707106781187,-2.280169618609E-16,0.707106781187
    ));
#1998 = PLANE('',#1999);
#1999 = AXIS2_PLACEMENT_3D('',#2000,#2001,#2002);
#2000 = CARTESIAN_POINT('',(-130.,-71.5,-47.5));
#2001 = DIRECTION('',(-0.707106781187,-5.482575061376E-17,
    -0.707106781187));
#2002 = DIRECTION('',(2.E-16,-1.,-1.224646799147E-16));
#2003 = ADVANCED_FACE('',(#2004),#2015,.T.);
#2004 = FACE_BOUND('',#2005,.F.);
#2005 = EDGE_LOOP('',(#2006,#2007,#2008,#2009));
#2006 = ORIENTED_EDGE('',*,*,#244,.F.);
#2007 = ORIENTED_EDGE('',*,*,#174,.T.);
#2008 = ORIENTED_EDGE('',*,*,#1954,.T.);
#2009 = ORIENTED_EDGE('',*,*,#2010,.F.);
#2010 = EDGE_CURVE('',#245,#1955,#2011,.T.);
#2011 = LINE('',#2012,#2013);
#2012 = CARTESIAN_POINT('',(0.,40.160661715084,-49.5));
#2013 = VECTOR('',#2014,1.);
#2014 = DIRECTION('',(-1.,-2.E-16,-2.E-16));
#2015 = PLANE('',#2016);
#2016 = AXIS2_PLACEMENT_3D('',#2017,#2018,#2019);
#2017 = CARTESIAN_POINT('',(0.,40.410661715084,-49.75));
#2018 = DIRECTION('',(2.828427124746E-16,-0.707106781187,-0.707106781187
    ));
#2019 = DIRECTION('',(1.,2.E-16,2.E-16));
#2020 = ADVANCED_FACE('',(#2021),#2046,.T.);
#2021 = FACE_BOUND('',#2022,.F.);
#2022 = EDGE_LOOP('',(#2023,#2024,#2032,#2040));
#2023 = ORIENTED_EDGE('',*,*,#143,.T.);
#2024 = ORIENTED_EDGE('',*,*,#2025,.T.);
#2025 = EDGE_CURVE('',#144,#2026,#2028,.T.);
#2026 = VERTEX_POINT('',#2027);
#2027 = CARTESIAN_POINT('',(-122.5,71.5,-45.));
#2028 = LINE('',#2029,#2030);
#2029 = CARTESIAN_POINT('',(-122.5,67.75,-48.75));
#2030 = VECTOR('',#2031,1.);
#2031 = DIRECTION('',(-2.828427124746E-16,0.707106781187,0.707106781187)
  );
#2032 = ORIENTED_EDGE('',*,*,#2033,.F.);
#2033 = EDGE_CURVE('',#2034,#2026,#2036,.T.);
#2034 = VERTEX_POINT('',#2035);
#2035 = CARTESIAN_POINT('',(-127.5,71.5,-45.));
#2036 = LINE('',#2037,#2038);
#2037 = CARTESIAN_POINT('',(-132.5,71.5,-45.));
#2038 = VECTOR('',#2039,1.);
#2039 = DIRECTION('',(1.,2.E-16,2.E-16));
#2040 = ORIENTED_EDGE('',*,*,#2041,.F.);
#2041 = EDGE_CURVE('',#136,#2034,#2042,.T.);
#2042 = LINE('',#2043,#2044);
#2043 = CARTESIAN_POINT('',(-127.5,69.,-47.5));
#2044 = VECTOR('',#2045,1.);
#2045 = DIRECTION('',(6.786386307172E-16,0.707106781187,0.707106781187)
  );
#2046 = PLANE('',#2047);
#2047 = AXIS2_PLACEMENT_3D('',#2048,#2049,#2050);
#2048 = CARTESIAN_POINT('',(-132.5,69.,-47.5));
#2049 = DIRECTION('',(1.019804966633E-15,0.707106781187,-0.707106781187)
  );
#2050 = DIRECTION('',(-1.,5.211110073938E-16,-9.211110073938E-16));
#2051 = ADVANCED_FACE('',(#2052),#2070,.F.);
#2052 = FACE_BOUND('',#2053,.F.);
#2053 = EDGE_LOOP('',(#2054,#2055,#2056,#2064));
#2054 = ORIENTED_EDGE('',*,*,#2025,.F.);
#2055 = ORIENTED_EDGE('',*,*,#151,.T.);
#2056 = ORIENTED_EDGE('',*,*,#2057,.T.);
#2057 = EDGE_CURVE('',#152,#2058,#2060,.T.);
#2058 = VERTEX_POINT('',#2059);
#2059 = CARTESIAN_POINT('',(-117.5,76.5,-45.));
#2060 = LINE('',#2061,#2062);
#2061 = CARTESIAN_POINT('',(-116.25,76.5,-46.25));
#2062 = VECTOR('',#2063,1.);
#2063 = DIRECTION('',(-0.707106781187,-2.280169618609E-16,0.707106781187
    ));
#2064 = ORIENTED_EDGE('',*,*,#2065,.F.);
#2065 = EDGE_CURVE('',#2026,#2058,#2066,.T.);
#2066 = LINE('',#2067,#2068);
#2067 = CARTESIAN_POINT('',(-122.5,71.5,-45.));
#2068 = VECTOR('',#2069,1.);
#2069 = DIRECTION('',(0.707106781187,0.707106781187,2.280169618609E-16)
  );
#2070 = PLANE('',#2071);
#2071 = AXIS2_PLACEMENT_3D('',#2072,#2073,#2074);
#2072 = CARTESIAN_POINT('',(-122.5,66.5,-50.));
#2073 = DIRECTION('',(0.57735026919,-0.57735026919,0.57735026919));
#2074 = DIRECTION('',(0.707106781187,0.707106781187,2.280169618609E-16)
  );
#2075 = ADVANCED_FACE('',(#2076),#2094,.T.);
#2076 = FACE_BOUND('',#2077,.F.);
#2077 = EDGE_LOOP('',(#2078,#2079,#2080,#2088));
#2078 = ORIENTED_EDGE('',*,*,#2057,.F.);
#2079 = ORIENTED_EDGE('',*,*,#159,.T.);
#2080 = ORIENTED_EDGE('',*,*,#2081,.F.);
#2081 = EDGE_CURVE('',#2082,#160,#2084,.T.);
#2082 = VERTEX_POINT('',#2083);
#2083 = CARTESIAN_POINT('',(-117.5,89.,-45.));
#2084 = LINE('',#2085,#2086);
#2085 = CARTESIAN_POINT('',(-116.25,89.,-46.25));
#2086 = VECTOR('',#2087,1.);
#2087 = DIRECTION('',(0.707106781187,2.280169618609E-16,-0.707106781187)
  );
#2088 = ORIENTED_EDGE('',*,*,#2089,.F.);
#2089 = EDGE_CURVE('',#2058,#2082,#2090,.T.);
#2090 = LINE('',#2091,#2092);
#2091 = CARTESIAN_POINT('',(-117.5,71.5,-45.));
#2092 = VECTOR('',#2093,1.);
#2093 = DIRECTION('',(-2.E-16,1.,1.224646799147E-16));
#2094 = PLANE('',#2095);
#2095 = AXIS2_PLACEMENT_3D('',#2096,#2097,#2098);
#2096 = CARTESIAN_POINT('',(-115.,71.5,-47.5));
#2097 = DIRECTION('',(-0.707106781187,-5.482575061376E-17,
    -0.707106781187));
#2098 = DIRECTION('',(2.E-16,-1.,-1.224646799147E-16));
#2099 = ADVANCED_FACE('',(#2100),#2110,.T.);
#2100 = FACE_BOUND('',#2101,.T.);
#2101 = EDGE_LOOP('',(#2102,#2103,#2109));
#2102 = ORIENTED_EDGE('',*,*,#2081,.F.);
#2103 = ORIENTED_EDGE('',*,*,#2104,.T.);
#2104 = EDGE_CURVE('',#2082,#223,#2105,.T.);
#2105 = LINE('',#2106,#2107);
#2106 = CARTESIAN_POINT('',(-116.25,90.25,-45.));
#2107 = VECTOR('',#2108,1.);
#2108 = DIRECTION('',(0.707106781187,0.707106781187,2.280169618609E-16)
  );
#2109 = ORIENTED_EDGE('',*,*,#230,.F.);
#2110 = PLANE('',#2111);
#2111 = AXIS2_PLACEMENT_3D('',#2112,#2113,#2114);
#2112 = CARTESIAN_POINT('',(-117.5,89.,-45.));
#2113 = DIRECTION('',(-0.57735026919,0.57735026919,-0.57735026919));
#2114 = DIRECTION('',(-2.828427124746E-16,0.707106781187,0.707106781187)
  );
#2115 = ADVANCED_FACE('',(#2116),#2134,.T.);
#2116 = FACE_BOUND('',#2117,.T.);
#2117 = EDGE_LOOP('',(#2118,#2126,#2132,#2133));
#2118 = ORIENTED_EDGE('',*,*,#2119,.T.);
#2119 = EDGE_CURVE('',#254,#2120,#2122,.T.);
#2120 = VERTEX_POINT('',#2121);
#2121 = CARTESIAN_POINT('',(-87.56315702924,40.160661715084,-47.5));
#2122 = LINE('',#2123,#2124);
#2123 = CARTESIAN_POINT('',(0.,40.160661715084,-47.5));
#2124 = VECTOR('',#2125,1.);
#2125 = DIRECTION('',(-1.,-2.E-16,-2.E-16));
#2126 = ORIENTED_EDGE('',*,*,#2127,.T.);
#2127 = EDGE_CURVE('',#2120,#1955,#2128,.T.);
#2128 = LINE('',#2129,#2130);
#2129 = CARTESIAN_POINT('',(-87.56315702924,40.160661715084,-47.));
#2130 = VECTOR('',#2131,1.);
#2131 = DIRECTION('',(2.E-16,1.224646799147E-16,-1.));
#2132 = ORIENTED_EDGE('',*,*,#2010,.F.);
#2133 = ORIENTED_EDGE('',*,*,#261,.T.);
#2134 = PLANE('',#2135);
#2135 = AXIS2_PLACEMENT_3D('',#2136,#2137,#2138);
#2136 = CARTESIAN_POINT('',(-88.06315702924,40.160661715084,
    -38.29049809265));
#2137 = DIRECTION('',(2.E-16,-1.,-1.224646799147E-16));
#2138 = DIRECTION('',(1.,2.E-16,2.E-16));
#2139 = ADVANCED_FACE('',(#2140),#2151,.F.);
#2140 = FACE_BOUND('',#2141,.T.);
#2141 = EDGE_LOOP('',(#2142,#2143,#2144,#2150));
#2142 = ORIENTED_EDGE('',*,*,#253,.F.);
#2143 = ORIENTED_EDGE('',*,*,#687,.T.);
#2144 = ORIENTED_EDGE('',*,*,#2145,.T.);
#2145 = EDGE_CURVE('',#688,#2120,#2146,.T.);
#2146 = LINE('',#2147,#2148);
#2147 = CARTESIAN_POINT('',(-87.56315702924,40.285661715084,-47.375));
#2148 = VECTOR('',#2149,1.);
#2149 = DIRECTION('',(2.828427124746E-16,-0.707106781187,-0.707106781187
    ));
#2150 = ORIENTED_EDGE('',*,*,#2119,.F.);
#2151 = PLANE('',#2152);
#2152 = AXIS2_PLACEMENT_3D('',#2153,#2154,#2155);
#2153 = CARTESIAN_POINT('',(0.,40.410661715084,-47.25));
#2154 = DIRECTION('',(-4.930380657631E-32,0.707106781187,-0.707106781187
    ));
#2155 = DIRECTION('',(1.,2.E-16,2.E-16));
#2156 = ADVANCED_FACE('',(#2157),#2175,.T.);
#2157 = FACE_BOUND('',#2158,.T.);
#2158 = EDGE_LOOP('',(#2159,#2167,#2168,#2169));
#2159 = ORIENTED_EDGE('',*,*,#2160,.F.);
#2160 = EDGE_CURVE('',#278,#2161,#2163,.T.);
#2161 = VERTEX_POINT('',#2162);
#2162 = CARTESIAN_POINT('',(-117.5,89.,-15.49));
#2163 = LINE('',#2164,#2165);
#2164 = CARTESIAN_POINT('',(-122.0816666666,84.418333333333,
    -10.90833333333));
#2165 = VECTOR('',#2166,1.);
#2166 = DIRECTION('',(-0.57735026919,-0.57735026919,0.57735026919));
#2167 = ORIENTED_EDGE('',*,*,#277,.T.);
#2168 = ORIENTED_EDGE('',*,*,#2104,.F.);
#2169 = ORIENTED_EDGE('',*,*,#2170,.F.);
#2170 = EDGE_CURVE('',#2161,#2082,#2171,.T.);
#2171 = LINE('',#2172,#2173);
#2172 = CARTESIAN_POINT('',(-117.5,89.,-15.49));
#2173 = VECTOR('',#2174,1.);
#2174 = DIRECTION('',(2.E-16,1.224646799147E-16,-1.));
#2175 = PLANE('',#2176);
#2176 = AXIS2_PLACEMENT_3D('',#2177,#2178,#2179);
#2177 = CARTESIAN_POINT('',(-115.,91.5,-15.49));
#2178 = DIRECTION('',(-0.707106781187,0.707106781187,-5.482575061376E-17
    ));
#2179 = DIRECTION('',(2.E-16,1.224646799147E-16,-1.));
#2180 = ADVANCED_FACE('',(#2181),#2238,.T.);
#2181 = FACE_BOUND('',#2182,.T.);
#2182 = EDGE_LOOP('',(#2183,#2193,#2199,#2200,#2208,#2216,#2224,#2230,
    #2231,#2232));
#2183 = ORIENTED_EDGE('',*,*,#2184,.F.);
#2184 = EDGE_CURVE('',#2185,#2187,#2189,.T.);
#2185 = VERTEX_POINT('',#2186);
#2186 = CARTESIAN_POINT('',(-132.5,66.5,-20.49));
#2187 = VERTEX_POINT('',#2188);
#2188 = CARTESIAN_POINT('',(-132.5,86.49,-0.5));
#2189 = LINE('',#2190,#2191);
#2190 = CARTESIAN_POINT('',(-132.5,56.164905462185,-30.82509453781));
#2191 = VECTOR('',#2192,1.);
#2192 = DIRECTION('',(-2.828427124746E-16,0.707106781187,0.707106781187)
  );
#2193 = ORIENTED_EDGE('',*,*,#2194,.T.);
#2194 = EDGE_CURVE('',#2185,#1978,#2195,.T.);
#2195 = LINE('',#2196,#2197);
#2196 = CARTESIAN_POINT('',(-132.5,66.5,-15.49));
#2197 = VECTOR('',#2198,1.);
#2198 = DIRECTION('',(2.E-16,1.224646799147E-16,-1.));
#2199 = ORIENTED_EDGE('',*,*,#1985,.F.);
#2200 = ORIENTED_EDGE('',*,*,#2201,.F.);
#2201 = EDGE_CURVE('',#2202,#1986,#2204,.T.);
#2202 = VERTEX_POINT('',#2203);
#2203 = CARTESIAN_POINT('',(-132.5,-66.5,-20.49));
#2204 = LINE('',#2205,#2206);
#2205 = CARTESIAN_POINT('',(-132.5,-66.5,-15.49));
#2206 = VECTOR('',#2207,1.);
#2207 = DIRECTION('',(2.E-16,1.224646799147E-16,-1.));
#2208 = ORIENTED_EDGE('',*,*,#2209,.F.);
#2209 = EDGE_CURVE('',#2210,#2202,#2212,.T.);
#2210 = VERTEX_POINT('',#2211);
#2211 = CARTESIAN_POINT('',(-132.5,-86.49,-0.5));
#2212 = LINE('',#2213,#2214);
#2213 = CARTESIAN_POINT('',(-132.5,-56.16490546218,-30.82509453781));
#2214 = VECTOR('',#2215,1.);
#2215 = DIRECTION('',(2.465190328816E-32,0.707106781187,-0.707106781187)
  );
#2216 = ORIENTED_EDGE('',*,*,#2217,.T.);
#2217 = EDGE_CURVE('',#2210,#2218,#2220,.T.);
#2218 = VERTEX_POINT('',#2219);
#2219 = CARTESIAN_POINT('',(-132.5,-94.,-0.5));
#2220 = LINE('',#2221,#2222);
#2221 = CARTESIAN_POINT('',(-132.5,-71.5,-0.5));
#2222 = VECTOR('',#2223,1.);
#2223 = DIRECTION('',(2.E-16,-1.,-1.224646799147E-16));
#2224 = ORIENTED_EDGE('',*,*,#2225,.F.);
#2225 = EDGE_CURVE('',#1003,#2218,#2226,.T.);
#2226 = LINE('',#2227,#2228);
#2227 = CARTESIAN_POINT('',(-132.5,-94.,-2.625515822989E-14));
#2228 = VECTOR('',#2229,1.);
#2229 = DIRECTION('',(2.E-16,1.224646799147E-16,-1.));
#2230 = ORIENTED_EDGE('',*,*,#1002,.F.);
#2231 = ORIENTED_EDGE('',*,*,#301,.T.);
#2232 = ORIENTED_EDGE('',*,*,#2233,.T.);
#2233 = EDGE_CURVE('',#294,#2187,#2234,.T.);
#2234 = LINE('',#2235,#2236);
#2235 = CARTESIAN_POINT('',(-132.5,94.,-0.5));
#2236 = VECTOR('',#2237,1.);
#2237 = DIRECTION('',(2.E-16,-1.,-1.224646799147E-16));
#2238 = PLANE('',#2239);
#2239 = AXIS2_PLACEMENT_3D('',#2240,#2241,#2242);
#2240 = CARTESIAN_POINT('',(-132.5,-2.84217094304E-14,-20.32037815126));
#2241 = DIRECTION('',(-1.,-2.E-16,-2.E-16));
#2242 = DIRECTION('',(-2.E-16,-1.224646799147E-16,1.));
#2243 = ADVANCED_FACE('',(#2244,#2278),#2289,.F.);
#2244 = FACE_BOUND('',#2245,.F.);
#2245 = EDGE_LOOP('',(#2246,#2256,#2264,#2270,#2271,#2272));
#2246 = ORIENTED_EDGE('',*,*,#2247,.F.);
#2247 = EDGE_CURVE('',#2248,#2250,#2252,.T.);
#2248 = VERTEX_POINT('',#2249);
#2249 = CARTESIAN_POINT('',(-120.,74.,-12.99));
#2250 = VERTEX_POINT('',#2251);
#2251 = CARTESIAN_POINT('',(-132.49,86.49,-0.5));
#2252 = LINE('',#2253,#2254);
#2253 = CARTESIAN_POINT('',(-124.9966666666,78.996666666667,
    -7.993333333333));
#2254 = VECTOR('',#2255,1.);
#2255 = DIRECTION('',(-0.57735026919,0.57735026919,0.57735026919));
#2256 = ORIENTED_EDGE('',*,*,#2257,.T.);
#2257 = EDGE_CURVE('',#2248,#2258,#2260,.T.);
#2258 = VERTEX_POINT('',#2259);
#2259 = CARTESIAN_POINT('',(-117.5,76.5,-15.49));
#2260 = LINE('',#2261,#2262);
#2261 = CARTESIAN_POINT('',(-115.9133333333,78.086666666667,
    -17.07666666666));
#2262 = VECTOR('',#2263,1.);
#2263 = DIRECTION('',(0.57735026919,0.57735026919,-0.57735026919));
#2264 = ORIENTED_EDGE('',*,*,#2265,.T.);
#2265 = EDGE_CURVE('',#2258,#2161,#2266,.T.);
#2266 = LINE('',#2267,#2268);
#2267 = CARTESIAN_POINT('',(-117.5,71.5,-15.49));
#2268 = VECTOR('',#2269,1.);
#2269 = DIRECTION('',(-2.E-16,1.,1.224646799147E-16));
#2270 = ORIENTED_EDGE('',*,*,#2160,.F.);
#2271 = ORIENTED_EDGE('',*,*,#285,.F.);
#2272 = ORIENTED_EDGE('',*,*,#2273,.F.);
#2273 = EDGE_CURVE('',#2250,#286,#2274,.T.);
#2274 = LINE('',#2275,#2276);
#2275 = CARTESIAN_POINT('',(-132.49,71.5,-0.5));
#2276 = VECTOR('',#2277,1.);
#2277 = DIRECTION('',(-2.E-16,1.,1.224646799147E-16));
#2278 = FACE_BOUND('',#2279,.F.);
#2279 = EDGE_LOOP('',(#2280));
#2280 = ORIENTED_EDGE('',*,*,#2281,.F.);
#2281 = EDGE_CURVE('',#2282,#2282,#2284,.T.);
#2282 = VERTEX_POINT('',#2283);
#2283 = CARTESIAN_POINT('',(-120.,85.,-12.99));
#2284 = ELLIPSE('',#2285,4.949747468306,3.5);
#2285 = AXIS2_PLACEMENT_3D('',#2286,#2287,#2288);
#2286 = CARTESIAN_POINT('',(-123.5,85.,-9.49));
#2287 = DIRECTION('',(0.707106781187,-2.054026163728E-16,0.707106781187)
  );
#2288 = DIRECTION('',(0.707106781187,-3.221140512566E-17,-0.707106781187
    ));
#2289 = PLANE('',#2290);
#2290 = AXIS2_PLACEMENT_3D('',#2291,#2292,#2293);
#2291 = CARTESIAN_POINT('',(-124.995,71.5,-7.995));
#2292 = DIRECTION('',(0.707106781187,-2.054026163728E-16,0.707106781187)
  );
#2293 = DIRECTION('',(-1.599075704673E-17,1.,3.06473922868E-16));
#2294 = ADVANCED_FACE('',(#2295),#2306,.T.);
#2295 = FACE_BOUND('',#2296,.T.);
#2296 = EDGE_LOOP('',(#2297,#2298,#2299,#2305));
#2297 = ORIENTED_EDGE('',*,*,#293,.F.);
#2298 = ORIENTED_EDGE('',*,*,#2273,.F.);
#2299 = ORIENTED_EDGE('',*,*,#2300,.F.);
#2300 = EDGE_CURVE('',#2187,#2250,#2301,.T.);
#2301 = LINE('',#2302,#2303);
#2302 = CARTESIAN_POINT('',(-132.5,86.49,-0.5));
#2303 = VECTOR('',#2304,1.);
#2304 = DIRECTION('',(1.,2.E-16,2.E-16));
#2305 = ORIENTED_EDGE('',*,*,#2233,.F.);
#2306 = PLANE('',#2307);
#2307 = AXIS2_PLACEMENT_3D('',#2308,#2309,#2310);
#2308 = CARTESIAN_POINT('',(-125.,0.,-0.5));
#2309 = DIRECTION('',(2.E-16,1.224646799147E-16,-1.));
#2310 = DIRECTION('',(1.,2.E-16,2.E-16));
#2311 = ADVANCED_FACE('',(#2312),#2337,.F.);
#2312 = FACE_BOUND('',#2313,.T.);
#2313 = EDGE_LOOP('',(#2314,#2322,#2323,#2331));
#2314 = ORIENTED_EDGE('',*,*,#2315,.F.);
#2315 = EDGE_CURVE('',#318,#2316,#2318,.T.);
#2316 = VERTEX_POINT('',#2317);
#2317 = CARTESIAN_POINT('',(-88.,93.,-15.));
#2318 = LINE('',#2319,#2320);
#2319 = CARTESIAN_POINT('',(-88.,93.25,-14.75));
#2320 = VECTOR('',#2321,1.);
#2321 = DIRECTION('',(2.878842339092E-15,-0.707106781187,-0.707106781187
    ));
#2322 = ORIENTED_EDGE('',*,*,#317,.T.);
#2323 = ORIENTED_EDGE('',*,*,#2324,.T.);
#2324 = EDGE_CURVE('',#320,#2325,#2327,.T.);
#2325 = VERTEX_POINT('',#2326);
#2326 = CARTESIAN_POINT('',(-87.,93.,-15.));
#2327 = LINE('',#2328,#2329);
#2328 = CARTESIAN_POINT('',(-87.,93.25,-14.75));
#2329 = VECTOR('',#2330,1.);
#2330 = DIRECTION('',(2.878842339092E-15,-0.707106781187,-0.707106781187
    ));
#2331 = ORIENTED_EDGE('',*,*,#2332,.F.);
#2332 = EDGE_CURVE('',#2316,#2325,#2333,.T.);
#2333 = LINE('',#2334,#2335);
#2334 = CARTESIAN_POINT('',(-89.,93.,-15.));
#2335 = VECTOR('',#2336,1.);
#2336 = DIRECTION('',(1.,2.E-16,2.E-16));
#2337 = PLANE('',#2338);
#2338 = AXIS2_PLACEMENT_3D('',#2339,#2340,#2341);
#2339 = CARTESIAN_POINT('',(-89.,93.5,-14.5));
#2340 = DIRECTION('',(4.930380657631E-32,-0.707106781187,0.707106781187)
  );
#2341 = DIRECTION('',(-1.,-2.E-16,-2.E-16));
#2342 = ADVANCED_FACE('',(#2343),#2361,.T.);
#2343 = FACE_BOUND('',#2344,.T.);
#2344 = EDGE_LOOP('',(#2345,#2353,#2354,#2355));
#2345 = ORIENTED_EDGE('',*,*,#2346,.F.);
#2346 = EDGE_CURVE('',#328,#2347,#2349,.T.);
#2347 = VERTEX_POINT('',#2348);
#2348 = CARTESIAN_POINT('',(-89.,93.,-16.));
#2349 = LINE('',#2350,#2351);
#2350 = CARTESIAN_POINT('',(-89.75,93.75,-16.));
#2351 = VECTOR('',#2352,1.);
#2352 = DIRECTION('',(0.707106781187,-0.707106781187,5.482575061376E-17)
  );
#2353 = ORIENTED_EDGE('',*,*,#327,.T.);
#2354 = ORIENTED_EDGE('',*,*,#2315,.T.);
#2355 = ORIENTED_EDGE('',*,*,#2356,.F.);
#2356 = EDGE_CURVE('',#2347,#2316,#2357,.T.);
#2357 = LINE('',#2358,#2359);
#2358 = CARTESIAN_POINT('',(-89.,93.,-16.));
#2359 = VECTOR('',#2360,1.);
#2360 = DIRECTION('',(0.707106781187,-2.541173876004E-15,0.707106781187)
  );
#2361 = PLANE('',#2362);
#2362 = AXIS2_PLACEMENT_3D('',#2363,#2364,#2365);
#2363 = CARTESIAN_POINT('',(-90.,94.,-16.));
#2364 = DIRECTION('',(0.57735026919,0.57735026919,-0.57735026919));
#2365 = DIRECTION('',(0.707106781187,-1.004820377348E-14,0.707106781187)
  );
#2366 = ADVANCED_FACE('',(#2367),#2385,.F.);
#2367 = FACE_BOUND('',#2368,.F.);
#2368 = EDGE_LOOP('',(#2369,#2377,#2378,#2379));
#2369 = ORIENTED_EDGE('',*,*,#2370,.F.);
#2370 = EDGE_CURVE('',#368,#2371,#2373,.T.);
#2371 = VERTEX_POINT('',#2372);
#2372 = CARTESIAN_POINT('',(-86.,93.,-16.));
#2373 = LINE('',#2374,#2375);
#2374 = CARTESIAN_POINT('',(-85.25,93.75,-16.));
#2375 = VECTOR('',#2376,1.);
#2376 = DIRECTION('',(-0.707106781187,-0.707106781187,
    -2.280169618609E-16));
#2377 = ORIENTED_EDGE('',*,*,#375,.T.);
#2378 = ORIENTED_EDGE('',*,*,#2324,.T.);
#2379 = ORIENTED_EDGE('',*,*,#2380,.F.);
#2380 = EDGE_CURVE('',#2371,#2325,#2381,.T.);
#2381 = LINE('',#2382,#2383);
#2382 = CARTESIAN_POINT('',(-86.,93.,-16.));
#2383 = VECTOR('',#2384,1.);
#2384 = DIRECTION('',(-0.707106781187,2.367982664757E-15,0.707106781187)
  );
#2385 = PLANE('',#2386);
#2386 = AXIS2_PLACEMENT_3D('',#2387,#2388,#2389);
#2387 = CARTESIAN_POINT('',(-85.,94.,-16.));
#2388 = DIRECTION('',(0.57735026919,-0.57735026919,0.57735026919));
#2389 = DIRECTION('',(-0.707106781187,-1.44750235014E-16,0.707106781187)
  );
#2390 = ADVANCED_FACE('',(#2391),#2409,.F.);
#2391 = FACE_BOUND('',#2392,.T.);
#2392 = EDGE_LOOP('',(#2393,#2401,#2402,#2403));
#2393 = ORIENTED_EDGE('',*,*,#2394,.F.);
#2394 = EDGE_CURVE('',#336,#2395,#2397,.T.);
#2395 = VERTEX_POINT('',#2396);
#2396 = CARTESIAN_POINT('',(-89.,93.,-34.));
#2397 = LINE('',#2398,#2399);
#2398 = CARTESIAN_POINT('',(-89.25,93.25,-34.));
#2399 = VECTOR('',#2400,1.);
#2400 = DIRECTION('',(0.707106781187,-0.707106781187,5.482575061376E-17)
  );
#2401 = ORIENTED_EDGE('',*,*,#335,.T.);
#2402 = ORIENTED_EDGE('',*,*,#2346,.T.);
#2403 = ORIENTED_EDGE('',*,*,#2404,.F.);
#2404 = EDGE_CURVE('',#2395,#2347,#2405,.T.);
#2405 = LINE('',#2406,#2407);
#2406 = CARTESIAN_POINT('',(-89.,93.,-35.));
#2407 = VECTOR('',#2408,1.);
#2408 = DIRECTION('',(-2.E-16,9.95799250103E-17,1.));
#2409 = PLANE('',#2410);
#2410 = AXIS2_PLACEMENT_3D('',#2411,#2412,#2413);
#2411 = CARTESIAN_POINT('',(-89.5,93.5,-35.));
#2412 = DIRECTION('',(-0.707106781187,-0.707106781187,
    -2.280169618609E-16));
#2413 = DIRECTION('',(3.110223024625E-16,1.144237745222E-17,-1.));
#2414 = ADVANCED_FACE('',(#2415),#2433,.F.);
#2415 = FACE_BOUND('',#2416,.T.);
#2416 = EDGE_LOOP('',(#2417,#2418,#2419,#2427));
#2417 = ORIENTED_EDGE('',*,*,#2370,.F.);
#2418 = ORIENTED_EDGE('',*,*,#367,.T.);
#2419 = ORIENTED_EDGE('',*,*,#2420,.T.);
#2420 = EDGE_CURVE('',#360,#2421,#2423,.T.);
#2421 = VERTEX_POINT('',#2422);
#2422 = CARTESIAN_POINT('',(-86.,93.,-34.));
#2423 = LINE('',#2424,#2425);
#2424 = CARTESIAN_POINT('',(-85.75,93.25,-34.));
#2425 = VECTOR('',#2426,1.);
#2426 = DIRECTION('',(-0.707106781187,-0.707106781187,
    -5.227719946458E-15));
#2427 = ORIENTED_EDGE('',*,*,#2428,.F.);
#2428 = EDGE_CURVE('',#2371,#2421,#2429,.T.);
#2429 = LINE('',#2430,#2431);
#2430 = CARTESIAN_POINT('',(-86.,93.,-15.));
#2431 = VECTOR('',#2432,1.);
#2432 = DIRECTION('',(2.E-16,-9.95799250103E-17,-1.));
#2433 = PLANE('',#2434);
#2434 = AXIS2_PLACEMENT_3D('',#2435,#2436,#2437);
#2435 = CARTESIAN_POINT('',(-85.5,93.5,-15.));
#2436 = DIRECTION('',(0.707106781187,-0.707106781187,5.482575061376E-17)
  );
#2437 = DIRECTION('',(-8.897769753748E-17,-1.144237745222E-17,1.));
#2438 = ADVANCED_FACE('',(#2439),#2457,.T.);
#2439 = FACE_BOUND('',#2440,.T.);
#2440 = EDGE_LOOP('',(#2441,#2449,#2450,#2451));
#2441 = ORIENTED_EDGE('',*,*,#2442,.F.);
#2442 = EDGE_CURVE('',#344,#2443,#2445,.T.);
#2443 = VERTEX_POINT('',#2444);
#2444 = CARTESIAN_POINT('',(-88.,93.,-35.));
#2445 = LINE('',#2446,#2447);
#2446 = CARTESIAN_POINT('',(-88.,93.75,-35.75));
#2447 = VECTOR('',#2448,1.);
#2448 = DIRECTION('',(4.930380657631E-32,-0.707106781187,0.707106781187)
  );
#2449 = ORIENTED_EDGE('',*,*,#343,.T.);
#2450 = ORIENTED_EDGE('',*,*,#2394,.T.);
#2451 = ORIENTED_EDGE('',*,*,#2452,.F.);
#2452 = EDGE_CURVE('',#2443,#2395,#2453,.T.);
#2453 = LINE('',#2454,#2455);
#2454 = CARTESIAN_POINT('',(-88.,93.,-35.));
#2455 = VECTOR('',#2456,1.);
#2456 = DIRECTION('',(-0.707106781187,-2.280169618609E-16,0.707106781187
    ));
#2457 = PLANE('',#2458);
#2458 = AXIS2_PLACEMENT_3D('',#2459,#2460,#2461);
#2459 = CARTESIAN_POINT('',(-88.,94.,-36.));
#2460 = DIRECTION('',(0.57735026919,0.57735026919,0.57735026919));
#2461 = DIRECTION('',(-0.707106781187,9.875012562228E-15,0.707106781187)
  );
#2462 = ADVANCED_FACE('',(#2463),#2481,.F.);
#2463 = FACE_BOUND('',#2464,.F.);
#2464 = EDGE_LOOP('',(#2465,#2473,#2474,#2475));
#2465 = ORIENTED_EDGE('',*,*,#2466,.F.);
#2466 = EDGE_CURVE('',#352,#2467,#2469,.T.);
#2467 = VERTEX_POINT('',#2468);
#2468 = CARTESIAN_POINT('',(-87.,93.,-35.));
#2469 = LINE('',#2470,#2471);
#2470 = CARTESIAN_POINT('',(-87.,93.75,-35.75));
#2471 = VECTOR('',#2472,1.);
#2472 = DIRECTION('',(4.930380657631E-32,-0.707106781187,0.707106781187)
  );
#2473 = ORIENTED_EDGE('',*,*,#359,.T.);
#2474 = ORIENTED_EDGE('',*,*,#2420,.T.);
#2475 = ORIENTED_EDGE('',*,*,#2476,.F.);
#2476 = EDGE_CURVE('',#2467,#2421,#2477,.T.);
#2477 = LINE('',#2478,#2479);
#2478 = CARTESIAN_POINT('',(-87.,93.,-35.));
#2479 = VECTOR('',#2480,1.);
#2480 = DIRECTION('',(0.707106781187,5.054528735211E-15,0.707106781187)
  );
#2481 = PLANE('',#2482);
#2482 = AXIS2_PLACEMENT_3D('',#2483,#2484,#2485);
#2483 = CARTESIAN_POINT('',(-87.,94.,-36.));
#2484 = DIRECTION('',(0.57735026919,-0.57735026919,-0.57735026919));
#2485 = DIRECTION('',(0.707106781187,1.10336901845E-16,0.707106781187));
#2486 = ADVANCED_FACE('',(#2487),#2498,.F.);
#2487 = FACE_BOUND('',#2488,.T.);
#2488 = EDGE_LOOP('',(#2489,#2490,#2491,#2492));
#2489 = ORIENTED_EDGE('',*,*,#2466,.F.);
#2490 = ORIENTED_EDGE('',*,*,#351,.T.);
#2491 = ORIENTED_EDGE('',*,*,#2442,.T.);
#2492 = ORIENTED_EDGE('',*,*,#2493,.F.);
#2493 = EDGE_CURVE('',#2467,#2443,#2494,.T.);
#2494 = LINE('',#2495,#2496);
#2495 = CARTESIAN_POINT('',(-86.,93.,-35.));
#2496 = VECTOR('',#2497,1.);
#2497 = DIRECTION('',(-1.,-2.E-16,-2.E-16));
#2498 = PLANE('',#2499);
#2499 = AXIS2_PLACEMENT_3D('',#2500,#2501,#2502);
#2500 = CARTESIAN_POINT('',(-86.,93.5,-35.5));
#2501 = DIRECTION('',(2.828427124746E-16,-0.707106781187,-0.707106781187
    ));
#2502 = DIRECTION('',(1.,2.E-16,2.E-16));
#2503 = ADVANCED_FACE('',(#2504),#2529,.T.);
#2504 = FACE_BOUND('',#2505,.T.);
#2505 = EDGE_LOOP('',(#2506,#2514,#2522,#2528));
#2506 = ORIENTED_EDGE('',*,*,#2507,.T.);
#2507 = EDGE_CURVE('',#386,#2508,#2510,.T.);
#2508 = VERTEX_POINT('',#2509);
#2509 = CARTESIAN_POINT('',(-80.5,93.,-15.));
#2510 = LINE('',#2511,#2512);
#2511 = CARTESIAN_POINT('',(-80.5,93.25,-14.75));
#2512 = VECTOR('',#2513,1.);
#2513 = DIRECTION('',(2.878842339092E-15,-0.707106781187,-0.707106781187
    ));
#2514 = ORIENTED_EDGE('',*,*,#2515,.F.);
#2515 = EDGE_CURVE('',#2516,#2508,#2518,.T.);
#2516 = VERTEX_POINT('',#2517);
#2517 = CARTESIAN_POINT('',(-81.5,93.,-16.));
#2518 = LINE('',#2519,#2520);
#2519 = CARTESIAN_POINT('',(-81.5,93.,-16.));
#2520 = VECTOR('',#2521,1.);
#2521 = DIRECTION('',(0.707106781187,-2.541173876004E-15,0.707106781187)
  );
#2522 = ORIENTED_EDGE('',*,*,#2523,.F.);
#2523 = EDGE_CURVE('',#384,#2516,#2524,.T.);
#2524 = LINE('',#2525,#2526);
#2525 = CARTESIAN_POINT('',(-82.25,93.75,-16.));
#2526 = VECTOR('',#2527,1.);
#2527 = DIRECTION('',(0.707106781187,-0.707106781187,5.482575061376E-17)
  );
#2528 = ORIENTED_EDGE('',*,*,#383,.T.);
#2529 = PLANE('',#2530);
#2530 = AXIS2_PLACEMENT_3D('',#2531,#2532,#2533);
#2531 = CARTESIAN_POINT('',(-81.3,93.6,-15.2));
#2532 = DIRECTION('',(0.57735026919,0.57735026919,-0.57735026919));
#2533 = DIRECTION('',(0.707106781187,-6.854006174976E-19,0.707106781187)
  );
#2534 = ADVANCED_FACE('',(#2535),#2553,.F.);
#2535 = FACE_BOUND('',#2536,.T.);
#2536 = EDGE_LOOP('',(#2537,#2545,#2546,#2547));
#2537 = ORIENTED_EDGE('',*,*,#2538,.F.);
#2538 = EDGE_CURVE('',#394,#2539,#2541,.T.);
#2539 = VERTEX_POINT('',#2540);
#2540 = CARTESIAN_POINT('',(-81.5,93.,-34.));
#2541 = LINE('',#2542,#2543);
#2542 = CARTESIAN_POINT('',(-81.75,93.25,-34.));
#2543 = VECTOR('',#2544,1.);
#2544 = DIRECTION('',(0.707106781187,-0.707106781187,5.482575061376E-17)
  );
#2545 = ORIENTED_EDGE('',*,*,#393,.T.);
#2546 = ORIENTED_EDGE('',*,*,#2523,.T.);
#2547 = ORIENTED_EDGE('',*,*,#2548,.F.);
#2548 = EDGE_CURVE('',#2539,#2516,#2549,.T.);
#2549 = LINE('',#2550,#2551);
#2550 = CARTESIAN_POINT('',(-81.5,93.,-35.));
#2551 = VECTOR('',#2552,1.);
#2552 = DIRECTION('',(-2.E-16,9.95799250103E-17,1.));
#2553 = PLANE('',#2554);
#2554 = AXIS2_PLACEMENT_3D('',#2555,#2556,#2557);
#2555 = CARTESIAN_POINT('',(-82.,93.5,-35.));
#2556 = DIRECTION('',(-0.707106781187,-0.707106781187,
    -2.280169618609E-16));
#2557 = DIRECTION('',(3.110223024625E-16,1.144237745222E-17,-1.));
#2558 = ADVANCED_FACE('',(#2559),#2577,.F.);
#2559 = FACE_BOUND('',#2560,.T.);
#2560 = EDGE_LOOP('',(#2561,#2562,#2563,#2571));
#2561 = ORIENTED_EDGE('',*,*,#2507,.F.);
#2562 = ORIENTED_EDGE('',*,*,#441,.T.);
#2563 = ORIENTED_EDGE('',*,*,#2564,.T.);
#2564 = EDGE_CURVE('',#434,#2565,#2567,.T.);
#2565 = VERTEX_POINT('',#2566);
#2566 = CARTESIAN_POINT('',(-79.5,93.,-15.));
#2567 = LINE('',#2568,#2569);
#2568 = CARTESIAN_POINT('',(-79.5,93.25,-14.75));
#2569 = VECTOR('',#2570,1.);
#2570 = DIRECTION('',(2.878842339092E-15,-0.707106781187,-0.707106781187
    ));
#2571 = ORIENTED_EDGE('',*,*,#2572,.F.);
#2572 = EDGE_CURVE('',#2508,#2565,#2573,.T.);
#2573 = LINE('',#2574,#2575);
#2574 = CARTESIAN_POINT('',(-81.5,93.,-15.));
#2575 = VECTOR('',#2576,1.);
#2576 = DIRECTION('',(1.,2.E-16,2.E-16));
#2577 = PLANE('',#2578);
#2578 = AXIS2_PLACEMENT_3D('',#2579,#2580,#2581);
#2579 = CARTESIAN_POINT('',(-81.5,93.5,-14.5));
#2580 = DIRECTION('',(4.930380657631E-32,-0.707106781187,0.707106781187)
  );
#2581 = DIRECTION('',(-1.,-2.E-16,-2.E-16));
#2582 = ADVANCED_FACE('',(#2583),#2601,.T.);
#2583 = FACE_BOUND('',#2584,.T.);
#2584 = EDGE_LOOP('',(#2585,#2593,#2594,#2595));
#2585 = ORIENTED_EDGE('',*,*,#2586,.F.);
#2586 = EDGE_CURVE('',#402,#2587,#2589,.T.);
#2587 = VERTEX_POINT('',#2588);
#2588 = CARTESIAN_POINT('',(-80.5,93.,-35.));
#2589 = LINE('',#2590,#2591);
#2590 = CARTESIAN_POINT('',(-80.5,93.75,-35.75));
#2591 = VECTOR('',#2592,1.);
#2592 = DIRECTION('',(4.930380657631E-32,-0.707106781187,0.707106781187)
  );
#2593 = ORIENTED_EDGE('',*,*,#401,.T.);
#2594 = ORIENTED_EDGE('',*,*,#2538,.T.);
#2595 = ORIENTED_EDGE('',*,*,#2596,.F.);
#2596 = EDGE_CURVE('',#2587,#2539,#2597,.T.);
#2597 = LINE('',#2598,#2599);
#2598 = CARTESIAN_POINT('',(-80.5,93.,-35.));
#2599 = VECTOR('',#2600,1.);
#2600 = DIRECTION('',(-0.707106781187,-2.280169618609E-16,0.707106781187
    ));
#2601 = PLANE('',#2602);
#2602 = AXIS2_PLACEMENT_3D('',#2603,#2604,#2605);
#2603 = CARTESIAN_POINT('',(-81.3,93.6,-34.8));
#2604 = DIRECTION('',(0.57735026919,0.57735026919,0.57735026919));
#2605 = DIRECTION('',(-2.775557561563E-17,-0.707106781187,0.707106781187
    ));
#2606 = ADVANCED_FACE('',(#2607),#2625,.T.);
#2607 = FACE_BOUND('',#2608,.T.);
#2608 = EDGE_LOOP('',(#2609,#2610,#2611,#2619));
#2609 = ORIENTED_EDGE('',*,*,#2564,.F.);
#2610 = ORIENTED_EDGE('',*,*,#433,.F.);
#2611 = ORIENTED_EDGE('',*,*,#2612,.T.);
#2612 = EDGE_CURVE('',#426,#2613,#2615,.T.);
#2613 = VERTEX_POINT('',#2614);
#2614 = CARTESIAN_POINT('',(-78.5,93.,-16.));
#2615 = LINE('',#2616,#2617);
#2616 = CARTESIAN_POINT('',(-77.75,93.75,-16.));
#2617 = VECTOR('',#2618,1.);
#2618 = DIRECTION('',(-0.707106781187,-0.707106781187,
    -2.280169618609E-16));
#2619 = ORIENTED_EDGE('',*,*,#2620,.T.);
#2620 = EDGE_CURVE('',#2613,#2565,#2621,.T.);
#2621 = LINE('',#2622,#2623);
#2622 = CARTESIAN_POINT('',(-78.5,93.,-16.));
#2623 = VECTOR('',#2624,1.);
#2624 = DIRECTION('',(-0.707106781187,2.367982664757E-15,0.707106781187)
  );
#2625 = PLANE('',#2626);
#2626 = AXIS2_PLACEMENT_3D('',#2627,#2628,#2629);
#2627 = CARTESIAN_POINT('',(-78.7,93.6,-15.2));
#2628 = DIRECTION('',(-0.57735026919,0.57735026919,-0.57735026919));
#2629 = DIRECTION('',(0.707106781187,2.557725374765E-16,-0.707106781187)
  );
#2630 = ADVANCED_FACE('',(#2631),#2649,.F.);
#2631 = FACE_BOUND('',#2632,.T.);
#2632 = EDGE_LOOP('',(#2633,#2641,#2642,#2643));
#2633 = ORIENTED_EDGE('',*,*,#2634,.F.);
#2634 = EDGE_CURVE('',#410,#2635,#2637,.T.);
#2635 = VERTEX_POINT('',#2636);
#2636 = CARTESIAN_POINT('',(-79.5,93.,-35.));
#2637 = LINE('',#2638,#2639);
#2638 = CARTESIAN_POINT('',(-79.5,93.75,-35.75));
#2639 = VECTOR('',#2640,1.);
#2640 = DIRECTION('',(4.930380657631E-32,-0.707106781187,0.707106781187)
  );
#2641 = ORIENTED_EDGE('',*,*,#409,.T.);
#2642 = ORIENTED_EDGE('',*,*,#2586,.T.);
#2643 = ORIENTED_EDGE('',*,*,#2644,.F.);
#2644 = EDGE_CURVE('',#2635,#2587,#2645,.T.);
#2645 = LINE('',#2646,#2647);
#2646 = CARTESIAN_POINT('',(-78.5,93.,-35.));
#2647 = VECTOR('',#2648,1.);
#2648 = DIRECTION('',(-1.,-2.E-16,-2.E-16));
#2649 = PLANE('',#2650);
#2650 = AXIS2_PLACEMENT_3D('',#2651,#2652,#2653);
#2651 = CARTESIAN_POINT('',(-78.5,93.5,-35.5));
#2652 = DIRECTION('',(2.828427124746E-16,-0.707106781187,-0.707106781187
    ));
#2653 = DIRECTION('',(1.,2.E-16,2.E-16));
#2654 = ADVANCED_FACE('',(#2655),#2673,.F.);
#2655 = FACE_BOUND('',#2656,.T.);
#2656 = EDGE_LOOP('',(#2657,#2658,#2659,#2667));
#2657 = ORIENTED_EDGE('',*,*,#2612,.F.);
#2658 = ORIENTED_EDGE('',*,*,#425,.T.);
#2659 = ORIENTED_EDGE('',*,*,#2660,.T.);
#2660 = EDGE_CURVE('',#418,#2661,#2663,.T.);
#2661 = VERTEX_POINT('',#2662);
#2662 = CARTESIAN_POINT('',(-78.5,93.,-34.));
#2663 = LINE('',#2664,#2665);
#2664 = CARTESIAN_POINT('',(-78.25,93.25,-34.));
#2665 = VECTOR('',#2666,1.);
#2666 = DIRECTION('',(-0.707106781187,-0.707106781187,
    -5.227719946458E-15));
#2667 = ORIENTED_EDGE('',*,*,#2668,.F.);
#2668 = EDGE_CURVE('',#2613,#2661,#2669,.T.);
#2669 = LINE('',#2670,#2671);
#2670 = CARTESIAN_POINT('',(-78.5,93.,-15.));
#2671 = VECTOR('',#2672,1.);
#2672 = DIRECTION('',(2.E-16,-9.95799250103E-17,-1.));
#2673 = PLANE('',#2674);
#2674 = AXIS2_PLACEMENT_3D('',#2675,#2676,#2677);
#2675 = CARTESIAN_POINT('',(-78.,93.5,-15.));
#2676 = DIRECTION('',(0.707106781187,-0.707106781187,5.482575061376E-17)
  );
#2677 = DIRECTION('',(-8.897769753748E-17,-1.144237745222E-17,1.));
#2678 = ADVANCED_FACE('',(#2679),#2690,.T.);
#2679 = FACE_BOUND('',#2680,.T.);
#2680 = EDGE_LOOP('',(#2681,#2682,#2683,#2684));
#2681 = ORIENTED_EDGE('',*,*,#2660,.F.);
#2682 = ORIENTED_EDGE('',*,*,#417,.F.);
#2683 = ORIENTED_EDGE('',*,*,#2634,.T.);
#2684 = ORIENTED_EDGE('',*,*,#2685,.T.);
#2685 = EDGE_CURVE('',#2635,#2661,#2686,.T.);
#2686 = LINE('',#2687,#2688);
#2687 = CARTESIAN_POINT('',(-79.5,93.,-35.));
#2688 = VECTOR('',#2689,1.);
#2689 = DIRECTION('',(0.707106781187,5.054528735211E-15,0.707106781187)
  );
#2690 = PLANE('',#2691);
#2691 = AXIS2_PLACEMENT_3D('',#2692,#2693,#2694);
#2692 = CARTESIAN_POINT('',(-78.7,93.6,-34.8));
#2693 = DIRECTION('',(-0.57735026919,0.57735026919,0.57735026919));
#2694 = DIRECTION('',(0.707106781187,0.707106781187,2.002613862452E-16)
  );
#2695 = ADVANCED_FACE('',(#2696),#2721,.T.);
#2696 = FACE_BOUND('',#2697,.T.);
#2697 = EDGE_LOOP('',(#2698,#2706,#2714,#2720));
#2698 = ORIENTED_EDGE('',*,*,#2699,.T.);
#2699 = EDGE_CURVE('',#452,#2700,#2702,.T.);
#2700 = VERTEX_POINT('',#2701);
#2701 = CARTESIAN_POINT('',(-73.,93.,-15.));
#2702 = LINE('',#2703,#2704);
#2703 = CARTESIAN_POINT('',(-73.,93.25,-14.75));
#2704 = VECTOR('',#2705,1.);
#2705 = DIRECTION('',(2.878842339092E-15,-0.707106781187,-0.707106781187
    ));
#2706 = ORIENTED_EDGE('',*,*,#2707,.F.);
#2707 = EDGE_CURVE('',#2708,#2700,#2710,.T.);
#2708 = VERTEX_POINT('',#2709);
#2709 = CARTESIAN_POINT('',(-74.,93.,-16.));
#2710 = LINE('',#2711,#2712);
#2711 = CARTESIAN_POINT('',(-74.,93.,-16.));
#2712 = VECTOR('',#2713,1.);
#2713 = DIRECTION('',(0.707106781187,-2.541173876004E-15,0.707106781187)
  );
#2714 = ORIENTED_EDGE('',*,*,#2715,.F.);
#2715 = EDGE_CURVE('',#450,#2708,#2716,.T.);
#2716 = LINE('',#2717,#2718);
#2717 = CARTESIAN_POINT('',(-74.75,93.75,-16.));
#2718 = VECTOR('',#2719,1.);
#2719 = DIRECTION('',(0.707106781187,-0.707106781187,5.482575061376E-17)
  );
#2720 = ORIENTED_EDGE('',*,*,#449,.T.);
#2721 = PLANE('',#2722);
#2722 = AXIS2_PLACEMENT_3D('',#2723,#2724,#2725);
#2723 = CARTESIAN_POINT('',(-73.8,93.6,-15.2));
#2724 = DIRECTION('',(0.57735026919,0.57735026919,-0.57735026919));
#2725 = DIRECTION('',(0.707106781187,2.707017499813E-17,0.707106781187)
  );
#2726 = ADVANCED_FACE('',(#2727),#2745,.F.);
#2727 = FACE_BOUND('',#2728,.T.);
#2728 = EDGE_LOOP('',(#2729,#2737,#2738,#2739));
#2729 = ORIENTED_EDGE('',*,*,#2730,.F.);
#2730 = EDGE_CURVE('',#460,#2731,#2733,.T.);
#2731 = VERTEX_POINT('',#2732);
#2732 = CARTESIAN_POINT('',(-74.,93.,-34.));
#2733 = LINE('',#2734,#2735);
#2734 = CARTESIAN_POINT('',(-74.25,93.25,-34.));
#2735 = VECTOR('',#2736,1.);
#2736 = DIRECTION('',(0.707106781187,-0.707106781187,5.482575061376E-17)
  );
#2737 = ORIENTED_EDGE('',*,*,#459,.T.);
#2738 = ORIENTED_EDGE('',*,*,#2715,.T.);
#2739 = ORIENTED_EDGE('',*,*,#2740,.F.);
#2740 = EDGE_CURVE('',#2731,#2708,#2741,.T.);
#2741 = LINE('',#2742,#2743);
#2742 = CARTESIAN_POINT('',(-74.,93.,-35.));
#2743 = VECTOR('',#2744,1.);
#2744 = DIRECTION('',(-2.E-16,9.95799250103E-17,1.));
#2745 = PLANE('',#2746);
#2746 = AXIS2_PLACEMENT_3D('',#2747,#2748,#2749);
#2747 = CARTESIAN_POINT('',(-74.5,93.5,-35.));
#2748 = DIRECTION('',(-0.707106781187,-0.707106781187,
    -2.280169618609E-16));
#2749 = DIRECTION('',(3.110223024625E-16,1.144237745222E-17,-1.));
#2750 = ADVANCED_FACE('',(#2751),#2769,.F.);
#2751 = FACE_BOUND('',#2752,.T.);
#2752 = EDGE_LOOP('',(#2753,#2754,#2755,#2763));
#2753 = ORIENTED_EDGE('',*,*,#2699,.F.);
#2754 = ORIENTED_EDGE('',*,*,#507,.T.);
#2755 = ORIENTED_EDGE('',*,*,#2756,.T.);
#2756 = EDGE_CURVE('',#500,#2757,#2759,.T.);
#2757 = VERTEX_POINT('',#2758);
#2758 = CARTESIAN_POINT('',(-72.,93.,-15.));
#2759 = LINE('',#2760,#2761);
#2760 = CARTESIAN_POINT('',(-72.,93.25,-14.75));
#2761 = VECTOR('',#2762,1.);
#2762 = DIRECTION('',(2.878842339092E-15,-0.707106781187,-0.707106781187
    ));
#2763 = ORIENTED_EDGE('',*,*,#2764,.F.);
#2764 = EDGE_CURVE('',#2700,#2757,#2765,.T.);
#2765 = LINE('',#2766,#2767);
#2766 = CARTESIAN_POINT('',(-74.,93.,-15.));
#2767 = VECTOR('',#2768,1.);
#2768 = DIRECTION('',(1.,2.E-16,2.E-16));
#2769 = PLANE('',#2770);
#2770 = AXIS2_PLACEMENT_3D('',#2771,#2772,#2773);
#2771 = CARTESIAN_POINT('',(-74.,93.5,-14.5));
#2772 = DIRECTION('',(4.930380657631E-32,-0.707106781187,0.707106781187)
  );
#2773 = DIRECTION('',(-1.,-2.E-16,-2.E-16));
#2774 = ADVANCED_FACE('',(#2775),#2793,.T.);
#2775 = FACE_BOUND('',#2776,.T.);
#2776 = EDGE_LOOP('',(#2777,#2785,#2786,#2787));
#2777 = ORIENTED_EDGE('',*,*,#2778,.F.);
#2778 = EDGE_CURVE('',#468,#2779,#2781,.T.);
#2779 = VERTEX_POINT('',#2780);
#2780 = CARTESIAN_POINT('',(-73.,93.,-35.));
#2781 = LINE('',#2782,#2783);
#2782 = CARTESIAN_POINT('',(-73.,93.75,-35.75));
#2783 = VECTOR('',#2784,1.);
#2784 = DIRECTION('',(4.930380657631E-32,-0.707106781187,0.707106781187)
  );
#2785 = ORIENTED_EDGE('',*,*,#467,.T.);
#2786 = ORIENTED_EDGE('',*,*,#2730,.T.);
#2787 = ORIENTED_EDGE('',*,*,#2788,.F.);
#2788 = EDGE_CURVE('',#2779,#2731,#2789,.T.);
#2789 = LINE('',#2790,#2791);
#2790 = CARTESIAN_POINT('',(-73.,93.,-35.));
#2791 = VECTOR('',#2792,1.);
#2792 = DIRECTION('',(-0.707106781187,-2.280169618609E-16,0.707106781187
    ));
#2793 = PLANE('',#2794);
#2794 = AXIS2_PLACEMENT_3D('',#2795,#2796,#2797);
#2795 = CARTESIAN_POINT('',(-73.8,93.6,-34.8));
#2796 = DIRECTION('',(0.57735026919,0.57735026919,0.57735026919));
#2797 = DIRECTION('',(-2.775557561563E-17,-0.707106781187,0.707106781187
    ));
#2798 = ADVANCED_FACE('',(#2799),#2817,.T.);
#2799 = FACE_BOUND('',#2800,.T.);
#2800 = EDGE_LOOP('',(#2801,#2802,#2803,#2811));
#2801 = ORIENTED_EDGE('',*,*,#2756,.F.);
#2802 = ORIENTED_EDGE('',*,*,#499,.F.);
#2803 = ORIENTED_EDGE('',*,*,#2804,.T.);
#2804 = EDGE_CURVE('',#492,#2805,#2807,.T.);
#2805 = VERTEX_POINT('',#2806);
#2806 = CARTESIAN_POINT('',(-71.,93.,-16.));
#2807 = LINE('',#2808,#2809);
#2808 = CARTESIAN_POINT('',(-70.25,93.75,-16.));
#2809 = VECTOR('',#2810,1.);
#2810 = DIRECTION('',(-0.707106781187,-0.707106781187,
    -2.280169618609E-16));
#2811 = ORIENTED_EDGE('',*,*,#2812,.T.);
#2812 = EDGE_CURVE('',#2805,#2757,#2813,.T.);
#2813 = LINE('',#2814,#2815);
#2814 = CARTESIAN_POINT('',(-71.,93.,-16.));
#2815 = VECTOR('',#2816,1.);
#2816 = DIRECTION('',(-0.707106781187,2.367982664757E-15,0.707106781187)
  );
#2817 = PLANE('',#2818);
#2818 = AXIS2_PLACEMENT_3D('',#2819,#2820,#2821);
#2819 = CARTESIAN_POINT('',(-71.2,93.6,-15.2));
#2820 = DIRECTION('',(-0.57735026919,0.57735026919,-0.57735026919));
#2821 = DIRECTION('',(0.707106781187,2.557725374765E-16,-0.707106781187)
  );
#2822 = ADVANCED_FACE('',(#2823),#2841,.F.);
#2823 = FACE_BOUND('',#2824,.T.);
#2824 = EDGE_LOOP('',(#2825,#2833,#2834,#2835));
#2825 = ORIENTED_EDGE('',*,*,#2826,.F.);
#2826 = EDGE_CURVE('',#476,#2827,#2829,.T.);
#2827 = VERTEX_POINT('',#2828);
#2828 = CARTESIAN_POINT('',(-72.,93.,-35.));
#2829 = LINE('',#2830,#2831);
#2830 = CARTESIAN_POINT('',(-72.,93.75,-35.75));
#2831 = VECTOR('',#2832,1.);
#2832 = DIRECTION('',(4.930380657631E-32,-0.707106781187,0.707106781187)
  );
#2833 = ORIENTED_EDGE('',*,*,#475,.T.);
#2834 = ORIENTED_EDGE('',*,*,#2778,.T.);
#2835 = ORIENTED_EDGE('',*,*,#2836,.F.);
#2836 = EDGE_CURVE('',#2827,#2779,#2837,.T.);
#2837 = LINE('',#2838,#2839);
#2838 = CARTESIAN_POINT('',(-71.,93.,-35.));
#2839 = VECTOR('',#2840,1.);
#2840 = DIRECTION('',(-1.,-2.E-16,-2.E-16));
#2841 = PLANE('',#2842);
#2842 = AXIS2_PLACEMENT_3D('',#2843,#2844,#2845);
#2843 = CARTESIAN_POINT('',(-71.,93.5,-35.5));
#2844 = DIRECTION('',(2.828427124746E-16,-0.707106781187,-0.707106781187
    ));
#2845 = DIRECTION('',(1.,2.E-16,2.E-16));
#2846 = ADVANCED_FACE('',(#2847),#2865,.F.);
#2847 = FACE_BOUND('',#2848,.T.);
#2848 = EDGE_LOOP('',(#2849,#2850,#2851,#2859));
#2849 = ORIENTED_EDGE('',*,*,#2804,.F.);
#2850 = ORIENTED_EDGE('',*,*,#491,.T.);
#2851 = ORIENTED_EDGE('',*,*,#2852,.T.);
#2852 = EDGE_CURVE('',#484,#2853,#2855,.T.);
#2853 = VERTEX_POINT('',#2854);
#2854 = CARTESIAN_POINT('',(-71.,93.,-34.));
#2855 = LINE('',#2856,#2857);
#2856 = CARTESIAN_POINT('',(-70.75,93.25,-34.));
#2857 = VECTOR('',#2858,1.);
#2858 = DIRECTION('',(-0.707106781187,-0.707106781187,
    -5.227719946458E-15));
#2859 = ORIENTED_EDGE('',*,*,#2860,.F.);
#2860 = EDGE_CURVE('',#2805,#2853,#2861,.T.);
#2861 = LINE('',#2862,#2863);
#2862 = CARTESIAN_POINT('',(-71.,93.,-15.));
#2863 = VECTOR('',#2864,1.);
#2864 = DIRECTION('',(2.E-16,-9.95799250103E-17,-1.));
#2865 = PLANE('',#2866);
#2866 = AXIS2_PLACEMENT_3D('',#2867,#2868,#2869);
#2867 = CARTESIAN_POINT('',(-70.5,93.5,-15.));
#2868 = DIRECTION('',(0.707106781187,-0.707106781187,5.482575061376E-17)
  );
#2869 = DIRECTION('',(-8.897769753748E-17,-1.144237745222E-17,1.));
#2870 = ADVANCED_FACE('',(#2871),#2882,.T.);
#2871 = FACE_BOUND('',#2872,.T.);
#2872 = EDGE_LOOP('',(#2873,#2874,#2875,#2876));
#2873 = ORIENTED_EDGE('',*,*,#2852,.F.);
#2874 = ORIENTED_EDGE('',*,*,#483,.F.);
#2875 = ORIENTED_EDGE('',*,*,#2826,.T.);
#2876 = ORIENTED_EDGE('',*,*,#2877,.T.);
#2877 = EDGE_CURVE('',#2827,#2853,#2878,.T.);
#2878 = LINE('',#2879,#2880);
#2879 = CARTESIAN_POINT('',(-72.,93.,-35.));
#2880 = VECTOR('',#2881,1.);
#2881 = DIRECTION('',(0.707106781187,5.054528735211E-15,0.707106781187)
  );
#2882 = PLANE('',#2883);
#2883 = AXIS2_PLACEMENT_3D('',#2884,#2885,#2886);
#2884 = CARTESIAN_POINT('',(-71.2,93.6,-34.8));
#2885 = DIRECTION('',(-0.57735026919,0.57735026919,0.57735026919));
#2886 = DIRECTION('',(0.707106781187,0.707106781187,2.280169618609E-16)
  );
#2887 = ADVANCED_FACE('',(#2888),#2913,.T.);
#2888 = FACE_BOUND('',#2889,.T.);
#2889 = EDGE_LOOP('',(#2890,#2898,#2906,#2912));
#2890 = ORIENTED_EDGE('',*,*,#2891,.T.);
#2891 = EDGE_CURVE('',#518,#2892,#2894,.T.);
#2892 = VERTEX_POINT('',#2893);
#2893 = CARTESIAN_POINT('',(-65.5,93.,-15.));
#2894 = LINE('',#2895,#2896);
#2895 = CARTESIAN_POINT('',(-65.5,93.25,-14.75));
#2896 = VECTOR('',#2897,1.);
#2897 = DIRECTION('',(2.878842339092E-15,-0.707106781187,-0.707106781187
    ));
#2898 = ORIENTED_EDGE('',*,*,#2899,.F.);
#2899 = EDGE_CURVE('',#2900,#2892,#2902,.T.);
#2900 = VERTEX_POINT('',#2901);
#2901 = CARTESIAN_POINT('',(-66.5,93.,-16.));
#2902 = LINE('',#2903,#2904);
#2903 = CARTESIAN_POINT('',(-66.5,93.,-16.));
#2904 = VECTOR('',#2905,1.);
#2905 = DIRECTION('',(0.707106781187,-2.541173876004E-15,0.707106781187)
  );
#2906 = ORIENTED_EDGE('',*,*,#2907,.F.);
#2907 = EDGE_CURVE('',#516,#2900,#2908,.T.);
#2908 = LINE('',#2909,#2910);
#2909 = CARTESIAN_POINT('',(-67.25,93.75,-16.));
#2910 = VECTOR('',#2911,1.);
#2911 = DIRECTION('',(0.707106781187,-0.707106781187,5.482575061376E-17)
  );
#2912 = ORIENTED_EDGE('',*,*,#515,.T.);
#2913 = PLANE('',#2914);
#2914 = AXIS2_PLACEMENT_3D('',#2915,#2916,#2917);
#2915 = CARTESIAN_POINT('',(-66.3,93.6,-15.2));
#2916 = DIRECTION('',(0.57735026919,0.57735026919,-0.57735026919));
#2917 = DIRECTION('',(0.707106781187,-6.854006174976E-19,0.707106781187)
  );
#2918 = ADVANCED_FACE('',(#2919),#2937,.F.);
#2919 = FACE_BOUND('',#2920,.T.);
#2920 = EDGE_LOOP('',(#2921,#2929,#2930,#2931));
#2921 = ORIENTED_EDGE('',*,*,#2922,.F.);
#2922 = EDGE_CURVE('',#526,#2923,#2925,.T.);
#2923 = VERTEX_POINT('',#2924);
#2924 = CARTESIAN_POINT('',(-66.5,93.,-34.));
#2925 = LINE('',#2926,#2927);
#2926 = CARTESIAN_POINT('',(-66.75,93.25,-34.));
#2927 = VECTOR('',#2928,1.);
#2928 = DIRECTION('',(0.707106781187,-0.707106781187,5.482575061376E-17)
  );
#2929 = ORIENTED_EDGE('',*,*,#525,.T.);
#2930 = ORIENTED_EDGE('',*,*,#2907,.T.);
#2931 = ORIENTED_EDGE('',*,*,#2932,.F.);
#2932 = EDGE_CURVE('',#2923,#2900,#2933,.T.);
#2933 = LINE('',#2934,#2935);
#2934 = CARTESIAN_POINT('',(-66.5,93.,-35.));
#2935 = VECTOR('',#2936,1.);
#2936 = DIRECTION('',(-2.E-16,9.95799250103E-17,1.));
#2937 = PLANE('',#2938);
#2938 = AXIS2_PLACEMENT_3D('',#2939,#2940,#2941);
#2939 = CARTESIAN_POINT('',(-67.,93.5,-35.));
#2940 = DIRECTION('',(-0.707106781187,-0.707106781187,
    -2.280169618609E-16));
#2941 = DIRECTION('',(3.110223024625E-16,1.144237745222E-17,-1.));
#2942 = ADVANCED_FACE('',(#2943),#2961,.F.);
#2943 = FACE_BOUND('',#2944,.T.);
#2944 = EDGE_LOOP('',(#2945,#2946,#2947,#2955));
#2945 = ORIENTED_EDGE('',*,*,#2891,.F.);
#2946 = ORIENTED_EDGE('',*,*,#573,.T.);
#2947 = ORIENTED_EDGE('',*,*,#2948,.T.);
#2948 = EDGE_CURVE('',#566,#2949,#2951,.T.);
#2949 = VERTEX_POINT('',#2950);
#2950 = CARTESIAN_POINT('',(-64.5,93.,-15.));
#2951 = LINE('',#2952,#2953);
#2952 = CARTESIAN_POINT('',(-64.5,93.25,-14.75));
#2953 = VECTOR('',#2954,1.);
#2954 = DIRECTION('',(2.878842339092E-15,-0.707106781187,-0.707106781187
    ));
#2955 = ORIENTED_EDGE('',*,*,#2956,.F.);
#2956 = EDGE_CURVE('',#2892,#2949,#2957,.T.);
#2957 = LINE('',#2958,#2959);
#2958 = CARTESIAN_POINT('',(-66.5,93.,-15.));
#2959 = VECTOR('',#2960,1.);
#2960 = DIRECTION('',(1.,2.E-16,2.E-16));
#2961 = PLANE('',#2962);
#2962 = AXIS2_PLACEMENT_3D('',#2963,#2964,#2965);
#2963 = CARTESIAN_POINT('',(-66.5,93.5,-14.5));
#2964 = DIRECTION('',(4.930380657631E-32,-0.707106781187,0.707106781187)
  );
#2965 = DIRECTION('',(-1.,-2.E-16,-2.E-16));
#2966 = ADVANCED_FACE('',(#2967),#2985,.T.);
#2967 = FACE_BOUND('',#2968,.T.);
#2968 = EDGE_LOOP('',(#2969,#2977,#2978,#2979));
#2969 = ORIENTED_EDGE('',*,*,#2970,.F.);
#2970 = EDGE_CURVE('',#534,#2971,#2973,.T.);
#2971 = VERTEX_POINT('',#2972);
#2972 = CARTESIAN_POINT('',(-65.5,93.,-35.));
#2973 = LINE('',#2974,#2975);
#2974 = CARTESIAN_POINT('',(-65.5,93.75,-35.75));
#2975 = VECTOR('',#2976,1.);
#2976 = DIRECTION('',(4.930380657631E-32,-0.707106781187,0.707106781187)
  );
#2977 = ORIENTED_EDGE('',*,*,#533,.T.);
#2978 = ORIENTED_EDGE('',*,*,#2922,.T.);
#2979 = ORIENTED_EDGE('',*,*,#2980,.F.);
#2980 = EDGE_CURVE('',#2971,#2923,#2981,.T.);
#2981 = LINE('',#2982,#2983);
#2982 = CARTESIAN_POINT('',(-65.5,93.,-35.));
#2983 = VECTOR('',#2984,1.);
#2984 = DIRECTION('',(-0.707106781187,-2.280169618609E-16,0.707106781187
    ));
#2985 = PLANE('',#2986);
#2986 = AXIS2_PLACEMENT_3D('',#2987,#2988,#2989);
#2987 = CARTESIAN_POINT('',(-66.3,93.6,-34.8));
#2988 = DIRECTION('',(0.57735026919,0.57735026919,0.57735026919));
#2989 = DIRECTION('',(-2.775557561563E-17,-0.707106781187,0.707106781187
    ));
#2990 = ADVANCED_FACE('',(#2991),#3009,.T.);
#2991 = FACE_BOUND('',#2992,.T.);
#2992 = EDGE_LOOP('',(#2993,#2994,#2995,#3003));
#2993 = ORIENTED_EDGE('',*,*,#2948,.F.);
#2994 = ORIENTED_EDGE('',*,*,#565,.F.);
#2995 = ORIENTED_EDGE('',*,*,#2996,.T.);
#2996 = EDGE_CURVE('',#558,#2997,#2999,.T.);
#2997 = VERTEX_POINT('',#2998);
#2998 = CARTESIAN_POINT('',(-63.5,93.,-16.));
#2999 = LINE('',#3000,#3001);
#3000 = CARTESIAN_POINT('',(-62.75,93.75,-16.));
#3001 = VECTOR('',#3002,1.);
#3002 = DIRECTION('',(-0.707106781187,-0.707106781187,
    -2.280169618609E-16));
#3003 = ORIENTED_EDGE('',*,*,#3004,.T.);
#3004 = EDGE_CURVE('',#2997,#2949,#3005,.T.);
#3005 = LINE('',#3006,#3007);
#3006 = CARTESIAN_POINT('',(-63.5,93.,-16.));
#3007 = VECTOR('',#3008,1.);
#3008 = DIRECTION('',(-0.707106781187,2.367982664757E-15,0.707106781187)
  );
#3009 = PLANE('',#3010);
#3010 = AXIS2_PLACEMENT_3D('',#3011,#3012,#3013);
#3011 = CARTESIAN_POINT('',(-63.7,93.6,-15.2));
#3012 = DIRECTION('',(-0.57735026919,0.57735026919,-0.57735026919));
#3013 = DIRECTION('',(0.707106781187,2.557725374765E-16,-0.707106781187)
  );
#3014 = ADVANCED_FACE('',(#3015),#3033,.F.);
#3015 = FACE_BOUND('',#3016,.T.);
#3016 = EDGE_LOOP('',(#3017,#3025,#3026,#3027));
#3017 = ORIENTED_EDGE('',*,*,#3018,.F.);
#3018 = EDGE_CURVE('',#542,#3019,#3021,.T.);
#3019 = VERTEX_POINT('',#3020);
#3020 = CARTESIAN_POINT('',(-64.5,93.,-35.));
#3021 = LINE('',#3022,#3023);
#3022 = CARTESIAN_POINT('',(-64.5,93.75,-35.75));
#3023 = VECTOR('',#3024,1.);
#3024 = DIRECTION('',(4.930380657631E-32,-0.707106781187,0.707106781187)
  );
#3025 = ORIENTED_EDGE('',*,*,#541,.T.);
#3026 = ORIENTED_EDGE('',*,*,#2970,.T.);
#3027 = ORIENTED_EDGE('',*,*,#3028,.F.);
#3028 = EDGE_CURVE('',#3019,#2971,#3029,.T.);
#3029 = LINE('',#3030,#3031);
#3030 = CARTESIAN_POINT('',(-63.5,93.,-35.));
#3031 = VECTOR('',#3032,1.);
#3032 = DIRECTION('',(-1.,-2.E-16,-2.E-16));
#3033 = PLANE('',#3034);
#3034 = AXIS2_PLACEMENT_3D('',#3035,#3036,#3037);
#3035 = CARTESIAN_POINT('',(-63.5,93.5,-35.5));
#3036 = DIRECTION('',(2.828427124746E-16,-0.707106781187,-0.707106781187
    ));
#3037 = DIRECTION('',(1.,2.E-16,2.E-16));
#3038 = ADVANCED_FACE('',(#3039),#3057,.F.);
#3039 = FACE_BOUND('',#3040,.T.);
#3040 = EDGE_LOOP('',(#3041,#3042,#3043,#3051));
#3041 = ORIENTED_EDGE('',*,*,#2996,.F.);
#3042 = ORIENTED_EDGE('',*,*,#557,.T.);
#3043 = ORIENTED_EDGE('',*,*,#3044,.T.);
#3044 = EDGE_CURVE('',#550,#3045,#3047,.T.);
#3045 = VERTEX_POINT('',#3046);
#3046 = CARTESIAN_POINT('',(-63.5,93.,-34.));
#3047 = LINE('',#3048,#3049);
#3048 = CARTESIAN_POINT('',(-63.25,93.25,-34.));
#3049 = VECTOR('',#3050,1.);
#3050 = DIRECTION('',(-0.707106781187,-0.707106781187,
    -5.227719946458E-15));
#3051 = ORIENTED_EDGE('',*,*,#3052,.F.);
#3052 = EDGE_CURVE('',#2997,#3045,#3053,.T.);
#3053 = LINE('',#3054,#3055);
#3054 = CARTESIAN_POINT('',(-63.5,93.,-15.));
#3055 = VECTOR('',#3056,1.);
#3056 = DIRECTION('',(2.E-16,-9.95799250103E-17,-1.));
#3057 = PLANE('',#3058);
#3058 = AXIS2_PLACEMENT_3D('',#3059,#3060,#3061);
#3059 = CARTESIAN_POINT('',(-63.,93.5,-15.));
#3060 = DIRECTION('',(0.707106781187,-0.707106781187,5.482575061376E-17)
  );
#3061 = DIRECTION('',(-8.897769753748E-17,-1.144237745222E-17,1.));
#3062 = ADVANCED_FACE('',(#3063),#3074,.T.);
#3063 = FACE_BOUND('',#3064,.T.);
#3064 = EDGE_LOOP('',(#3065,#3066,#3067,#3068));
#3065 = ORIENTED_EDGE('',*,*,#3044,.F.);
#3066 = ORIENTED_EDGE('',*,*,#549,.F.);
#3067 = ORIENTED_EDGE('',*,*,#3018,.T.);
#3068 = ORIENTED_EDGE('',*,*,#3069,.T.);
#3069 = EDGE_CURVE('',#3019,#3045,#3070,.T.);
#3070 = LINE('',#3071,#3072);
#3071 = CARTESIAN_POINT('',(-64.5,93.,-35.));
#3072 = VECTOR('',#3073,1.);
#3073 = DIRECTION('',(0.707106781187,5.054528735211E-15,0.707106781187)
  );
#3074 = PLANE('',#3075);
#3075 = AXIS2_PLACEMENT_3D('',#3076,#3077,#3078);
#3076 = CARTESIAN_POINT('',(-63.7,93.6,-34.8));
#3077 = DIRECTION('',(-0.57735026919,0.57735026919,0.57735026919));
#3078 = DIRECTION('',(0.707106781187,0.707106781187,2.280169618609E-16)
  );
#3079 = ADVANCED_FACE('',(#3080),#3105,.T.);
#3080 = FACE_BOUND('',#3081,.T.);
#3081 = EDGE_LOOP('',(#3082,#3090,#3098,#3104));
#3082 = ORIENTED_EDGE('',*,*,#3083,.T.);
#3083 = EDGE_CURVE('',#584,#3084,#3086,.T.);
#3084 = VERTEX_POINT('',#3085);
#3085 = CARTESIAN_POINT('',(-58.,93.,-15.));
#3086 = LINE('',#3087,#3088);
#3087 = CARTESIAN_POINT('',(-58.,93.25,-14.75));
#3088 = VECTOR('',#3089,1.);
#3089 = DIRECTION('',(2.878842339092E-15,-0.707106781187,-0.707106781187
    ));
#3090 = ORIENTED_EDGE('',*,*,#3091,.F.);
#3091 = EDGE_CURVE('',#3092,#3084,#3094,.T.);
#3092 = VERTEX_POINT('',#3093);
#3093 = CARTESIAN_POINT('',(-59.,93.,-16.));
#3094 = LINE('',#3095,#3096);
#3095 = CARTESIAN_POINT('',(-59.,93.,-16.));
#3096 = VECTOR('',#3097,1.);
#3097 = DIRECTION('',(0.707106781187,-2.541173876004E-15,0.707106781187)
  );
#3098 = ORIENTED_EDGE('',*,*,#3099,.F.);
#3099 = EDGE_CURVE('',#582,#3092,#3100,.T.);
#3100 = LINE('',#3101,#3102);
#3101 = CARTESIAN_POINT('',(-59.75,93.75,-16.));
#3102 = VECTOR('',#3103,1.);
#3103 = DIRECTION('',(0.707106781187,-0.707106781187,5.482575061376E-17)
  );
#3104 = ORIENTED_EDGE('',*,*,#581,.T.);
#3105 = PLANE('',#3106);
#3106 = AXIS2_PLACEMENT_3D('',#3107,#3108,#3109);
#3107 = CARTESIAN_POINT('',(-58.8,93.6,-15.2));
#3108 = DIRECTION('',(0.57735026919,0.57735026919,-0.57735026919));
#3109 = DIRECTION('',(0.707106781187,-6.854006174976E-19,0.707106781187)
  );
#3110 = ADVANCED_FACE('',(#3111),#3129,.F.);
#3111 = FACE_BOUND('',#3112,.T.);
#3112 = EDGE_LOOP('',(#3113,#3121,#3122,#3123));
#3113 = ORIENTED_EDGE('',*,*,#3114,.F.);
#3114 = EDGE_CURVE('',#592,#3115,#3117,.T.);
#3115 = VERTEX_POINT('',#3116);
#3116 = CARTESIAN_POINT('',(-59.,93.,-34.));
#3117 = LINE('',#3118,#3119);
#3118 = CARTESIAN_POINT('',(-59.25,93.25,-34.));
#3119 = VECTOR('',#3120,1.);
#3120 = DIRECTION('',(0.707106781187,-0.707106781187,5.482575061376E-17)
  );
#3121 = ORIENTED_EDGE('',*,*,#591,.T.);
#3122 = ORIENTED_EDGE('',*,*,#3099,.T.);
#3123 = ORIENTED_EDGE('',*,*,#3124,.F.);
#3124 = EDGE_CURVE('',#3115,#3092,#3125,.T.);
#3125 = LINE('',#3126,#3127);
#3126 = CARTESIAN_POINT('',(-59.,93.,-35.));
#3127 = VECTOR('',#3128,1.);
#3128 = DIRECTION('',(-2.E-16,9.95799250103E-17,1.));
#3129 = PLANE('',#3130);
#3130 = AXIS2_PLACEMENT_3D('',#3131,#3132,#3133);
#3131 = CARTESIAN_POINT('',(-59.5,93.5,-35.));
#3132 = DIRECTION('',(-0.707106781187,-0.707106781187,
    -2.280169618609E-16));
#3133 = DIRECTION('',(3.110223024625E-16,1.144237745222E-17,-1.));
#3134 = ADVANCED_FACE('',(#3135),#3153,.F.);
#3135 = FACE_BOUND('',#3136,.T.);
#3136 = EDGE_LOOP('',(#3137,#3138,#3139,#3147));
#3137 = ORIENTED_EDGE('',*,*,#3083,.F.);
#3138 = ORIENTED_EDGE('',*,*,#639,.T.);
#3139 = ORIENTED_EDGE('',*,*,#3140,.T.);
#3140 = EDGE_CURVE('',#632,#3141,#3143,.T.);
#3141 = VERTEX_POINT('',#3142);
#3142 = CARTESIAN_POINT('',(-57.,93.,-15.));
#3143 = LINE('',#3144,#3145);
#3144 = CARTESIAN_POINT('',(-57.,93.25,-14.75));
#3145 = VECTOR('',#3146,1.);
#3146 = DIRECTION('',(2.878842339092E-15,-0.707106781187,-0.707106781187
    ));
#3147 = ORIENTED_EDGE('',*,*,#3148,.F.);
#3148 = EDGE_CURVE('',#3084,#3141,#3149,.T.);
#3149 = LINE('',#3150,#3151);
#3150 = CARTESIAN_POINT('',(-59.,93.,-15.));
#3151 = VECTOR('',#3152,1.);
#3152 = DIRECTION('',(1.,2.E-16,2.E-16));
#3153 = PLANE('',#3154);
#3154 = AXIS2_PLACEMENT_3D('',#3155,#3156,#3157);
#3155 = CARTESIAN_POINT('',(-59.,93.5,-14.5));
#3156 = DIRECTION('',(4.930380657631E-32,-0.707106781187,0.707106781187)
  );
#3157 = DIRECTION('',(-1.,-2.E-16,-2.E-16));
#3158 = ADVANCED_FACE('',(#3159),#3177,.T.);
#3159 = FACE_BOUND('',#3160,.T.);
#3160 = EDGE_LOOP('',(#3161,#3169,#3170,#3171));
#3161 = ORIENTED_EDGE('',*,*,#3162,.F.);
#3162 = EDGE_CURVE('',#600,#3163,#3165,.T.);
#3163 = VERTEX_POINT('',#3164);
#3164 = CARTESIAN_POINT('',(-58.,93.,-35.));
#3165 = LINE('',#3166,#3167);
#3166 = CARTESIAN_POINT('',(-58.,93.75,-35.75));
#3167 = VECTOR('',#3168,1.);
#3168 = DIRECTION('',(4.930380657631E-32,-0.707106781187,0.707106781187)
  );
#3169 = ORIENTED_EDGE('',*,*,#599,.T.);
#3170 = ORIENTED_EDGE('',*,*,#3114,.T.);
#3171 = ORIENTED_EDGE('',*,*,#3172,.F.);
#3172 = EDGE_CURVE('',#3163,#3115,#3173,.T.);
#3173 = LINE('',#3174,#3175);
#3174 = CARTESIAN_POINT('',(-58.,93.,-35.));
#3175 = VECTOR('',#3176,1.);
#3176 = DIRECTION('',(-0.707106781187,-2.280169618609E-16,0.707106781187
    ));
#3177 = PLANE('',#3178);
#3178 = AXIS2_PLACEMENT_3D('',#3179,#3180,#3181);
#3179 = CARTESIAN_POINT('',(-58.8,93.6,-34.8));
#3180 = DIRECTION('',(0.57735026919,0.57735026919,0.57735026919));
#3181 = DIRECTION('',(-2.775557561563E-17,-0.707106781187,0.707106781187
    ));
#3182 = ADVANCED_FACE('',(#3183),#3201,.T.);
#3183 = FACE_BOUND('',#3184,.T.);
#3184 = EDGE_LOOP('',(#3185,#3186,#3187,#3195));
#3185 = ORIENTED_EDGE('',*,*,#3140,.F.);
#3186 = ORIENTED_EDGE('',*,*,#631,.F.);
#3187 = ORIENTED_EDGE('',*,*,#3188,.T.);
#3188 = EDGE_CURVE('',#624,#3189,#3191,.T.);
#3189 = VERTEX_POINT('',#3190);
#3190 = CARTESIAN_POINT('',(-56.,93.,-16.));
#3191 = LINE('',#3192,#3193);
#3192 = CARTESIAN_POINT('',(-55.25,93.75,-16.));
#3193 = VECTOR('',#3194,1.);
#3194 = DIRECTION('',(-0.707106781187,-0.707106781187,
    -2.280169618609E-16));
#3195 = ORIENTED_EDGE('',*,*,#3196,.T.);
#3196 = EDGE_CURVE('',#3189,#3141,#3197,.T.);
#3197 = LINE('',#3198,#3199);
#3198 = CARTESIAN_POINT('',(-56.,93.,-16.));
#3199 = VECTOR('',#3200,1.);
#3200 = DIRECTION('',(-0.707106781187,2.367982664757E-15,0.707106781187)
  );
#3201 = PLANE('',#3202);
#3202 = AXIS2_PLACEMENT_3D('',#3203,#3204,#3205);
#3203 = CARTESIAN_POINT('',(-56.2,93.6,-15.2));
#3204 = DIRECTION('',(-0.57735026919,0.57735026919,-0.57735026919));
#3205 = DIRECTION('',(0.707106781187,2.557725374765E-16,-0.707106781187)
  );
#3206 = ADVANCED_FACE('',(#3207),#3225,.F.);
#3207 = FACE_BOUND('',#3208,.T.);
#3208 = EDGE_LOOP('',(#3209,#3217,#3218,#3219));
#3209 = ORIENTED_EDGE('',*,*,#3210,.F.);
#3210 = EDGE_CURVE('',#608,#3211,#3213,.T.);
#3211 = VERTEX_POINT('',#3212);
#3212 = CARTESIAN_POINT('',(-57.,93.,-35.));
#3213 = LINE('',#3214,#3215);
#3214 = CARTESIAN_POINT('',(-57.,93.75,-35.75));
#3215 = VECTOR('',#3216,1.);
#3216 = DIRECTION('',(4.930380657631E-32,-0.707106781187,0.707106781187)
  );
#3217 = ORIENTED_EDGE('',*,*,#607,.T.);
#3218 = ORIENTED_EDGE('',*,*,#3162,.T.);
#3219 = ORIENTED_EDGE('',*,*,#3220,.F.);
#3220 = EDGE_CURVE('',#3211,#3163,#3221,.T.);
#3221 = LINE('',#3222,#3223);
#3222 = CARTESIAN_POINT('',(-56.,93.,-35.));
#3223 = VECTOR('',#3224,1.);
#3224 = DIRECTION('',(-1.,-2.E-16,-2.E-16));
#3225 = PLANE('',#3226);
#3226 = AXIS2_PLACEMENT_3D('',#3227,#3228,#3229);
#3227 = CARTESIAN_POINT('',(-56.,93.5,-35.5));
#3228 = DIRECTION('',(2.828427124746E-16,-0.707106781187,-0.707106781187
    ));
#3229 = DIRECTION('',(1.,2.E-16,2.E-16));
#3230 = ADVANCED_FACE('',(#3231),#3249,.F.);
#3231 = FACE_BOUND('',#3232,.T.);
#3232 = EDGE_LOOP('',(#3233,#3234,#3235,#3243));
#3233 = ORIENTED_EDGE('',*,*,#3188,.F.);
#3234 = ORIENTED_EDGE('',*,*,#623,.T.);
#3235 = ORIENTED_EDGE('',*,*,#3236,.T.);
#3236 = EDGE_CURVE('',#616,#3237,#3239,.T.);
#3237 = VERTEX_POINT('',#3238);
#3238 = CARTESIAN_POINT('',(-56.,93.,-34.));
#3239 = LINE('',#3240,#3241);
#3240 = CARTESIAN_POINT('',(-55.75,93.25,-34.));
#3241 = VECTOR('',#3242,1.);
#3242 = DIRECTION('',(-0.707106781187,-0.707106781187,
    -5.227719946458E-15));
#3243 = ORIENTED_EDGE('',*,*,#3244,.F.);
#3244 = EDGE_CURVE('',#3189,#3237,#3245,.T.);
#3245 = LINE('',#3246,#3247);
#3246 = CARTESIAN_POINT('',(-56.,93.,-15.));
#3247 = VECTOR('',#3248,1.);
#3248 = DIRECTION('',(2.E-16,-9.95799250103E-17,-1.));
#3249 = PLANE('',#3250);
#3250 = AXIS2_PLACEMENT_3D('',#3251,#3252,#3253);
#3251 = CARTESIAN_POINT('',(-55.5,93.5,-15.));
#3252 = DIRECTION('',(0.707106781187,-0.707106781187,5.482575061376E-17)
  );
#3253 = DIRECTION('',(-8.897769753748E-17,-1.144237745222E-17,1.));
#3254 = ADVANCED_FACE('',(#3255),#3266,.T.);
#3255 = FACE_BOUND('',#3256,.T.);
#3256 = EDGE_LOOP('',(#3257,#3258,#3259,#3260));
#3257 = ORIENTED_EDGE('',*,*,#3236,.F.);
#3258 = ORIENTED_EDGE('',*,*,#615,.F.);
#3259 = ORIENTED_EDGE('',*,*,#3210,.T.);
#3260 = ORIENTED_EDGE('',*,*,#3261,.T.);
#3261 = EDGE_CURVE('',#3211,#3237,#3262,.T.);
#3262 = LINE('',#3263,#3264);
#3263 = CARTESIAN_POINT('',(-57.,93.,-35.));
#3264 = VECTOR('',#3265,1.);
#3265 = DIRECTION('',(0.707106781187,5.054528735211E-15,0.707106781187)
  );
#3266 = PLANE('',#3267);
#3267 = AXIS2_PLACEMENT_3D('',#3268,#3269,#3270);
#3268 = CARTESIAN_POINT('',(-56.2,93.6,-34.8));
#3269 = DIRECTION('',(-0.57735026919,0.57735026919,0.57735026919));
#3270 = DIRECTION('',(0.707106781187,0.707106781187,2.002613862452E-16)
  );
#3271 = ADVANCED_FACE('',(#3272),#3291,.F.);
#3272 = FACE_BOUND('',#3273,.F.);
#3273 = EDGE_LOOP('',(#3274,#3282,#3289,#3290));
#3274 = ORIENTED_EDGE('',*,*,#3275,.T.);
#3275 = EDGE_CURVE('',#648,#3276,#3278,.T.);
#3276 = VERTEX_POINT('',#3277);
#3277 = CARTESIAN_POINT('',(-0.5,93.5,-29.));
#3278 = LINE('',#3279,#3280);
#3279 = CARTESIAN_POINT('',(-0.5,94.,-29.));
#3280 = VECTOR('',#3281,1.);
#3281 = DIRECTION('',(2.E-16,-1.,9.95799250103E-17));
#3282 = ORIENTED_EDGE('',*,*,#3283,.T.);
#3283 = EDGE_CURVE('',#3276,#3276,#3284,.T.);
#3284 = CIRCLE('',#3285,3.5);
#3285 = AXIS2_PLACEMENT_3D('',#3286,#3287,#3288);
#3286 = CARTESIAN_POINT('',(-4.,93.5,-29.));
#3287 = DIRECTION('',(-2.E-16,1.,-9.95799250103E-17));
#3288 = DIRECTION('',(1.,2.E-16,2.E-16));
#3289 = ORIENTED_EDGE('',*,*,#3275,.F.);
#3290 = ORIENTED_EDGE('',*,*,#647,.F.);
#3291 = CYLINDRICAL_SURFACE('',#3292,3.5);
#3292 = AXIS2_PLACEMENT_3D('',#3293,#3294,#3295);
#3293 = CARTESIAN_POINT('',(-4.,94.,-29.));
#3294 = DIRECTION('',(-2.E-16,1.,-9.95799250103E-17));
#3295 = DIRECTION('',(1.,2.E-16,2.E-16));
#3296 = ADVANCED_FACE('',(#3297),#3316,.F.);
#3297 = FACE_BOUND('',#3298,.F.);
#3298 = EDGE_LOOP('',(#3299,#3307,#3314,#3315));
#3299 = ORIENTED_EDGE('',*,*,#3300,.T.);
#3300 = EDGE_CURVE('',#659,#3301,#3303,.T.);
#3301 = VERTEX_POINT('',#3302);
#3302 = CARTESIAN_POINT('',(-0.5,93.5,-12.));
#3303 = LINE('',#3304,#3305);
#3304 = CARTESIAN_POINT('',(-0.5,94.,-12.));
#3305 = VECTOR('',#3306,1.);
#3306 = DIRECTION('',(2.E-16,-1.,9.95799250103E-17));
#3307 = ORIENTED_EDGE('',*,*,#3308,.T.);
#3308 = EDGE_CURVE('',#3301,#3301,#3309,.T.);
#3309 = CIRCLE('',#3310,3.5);
#3310 = AXIS2_PLACEMENT_3D('',#3311,#3312,#3313);
#3311 = CARTESIAN_POINT('',(-4.,93.5,-12.));
#3312 = DIRECTION('',(-2.E-16,1.,-9.95799250103E-17));
#3313 = DIRECTION('',(1.,2.E-16,2.E-16));
#3314 = ORIENTED_EDGE('',*,*,#3300,.F.);
#3315 = ORIENTED_EDGE('',*,*,#658,.F.);
#3316 = CYLINDRICAL_SURFACE('',#3317,3.5);
#3317 = AXIS2_PLACEMENT_3D('',#3318,#3319,#3320);
#3318 = CARTESIAN_POINT('',(-4.,94.,-12.));
#3319 = DIRECTION('',(-2.E-16,1.,-9.95799250103E-17));
#3320 = DIRECTION('',(1.,2.E-16,2.E-16));
#3321 = ADVANCED_FACE('',(#3322),#3341,.T.);
#3322 = FACE_BOUND('',#3323,.T.);
#3323 = EDGE_LOOP('',(#3324,#3332,#3333,#3334));
#3324 = ORIENTED_EDGE('',*,*,#3325,.F.);
#3325 = EDGE_CURVE('',#676,#3326,#3328,.T.);
#3326 = VERTEX_POINT('',#3327);
#3327 = CARTESIAN_POINT('',(-83.060049,-57.971966,-43.53589838486));
#3328 = LINE('',#3329,#3330);
#3329 = CARTESIAN_POINT('',(-83.060049,-57.971966,-43.53589838486));
#3330 = VECTOR('',#3331,1.);
#3331 = DIRECTION('',(-0.5,-1.376125523413E-17,0.866025403784));
#3332 = ORIENTED_EDGE('',*,*,#675,.T.);
#3333 = ORIENTED_EDGE('',*,*,#3325,.T.);
#3334 = ORIENTED_EDGE('',*,*,#3335,.F.);
#3335 = EDGE_CURVE('',#3326,#3326,#3336,.T.);
#3336 = CIRCLE('',#3337,3.5);
#3337 = AXIS2_PLACEMENT_3D('',#3338,#3339,#3340);
#3338 = CARTESIAN_POINT('',(-86.560049,-57.971966,-43.53589838486));
#3339 = DIRECTION('',(-2.E-16,9.95799250103E-17,1.));
#3340 = DIRECTION('',(1.,2.E-16,2.E-16));
#3341 = CONICAL_SURFACE('',#3342,3.5,0.523598775598);
#3342 = AXIS2_PLACEMENT_3D('',#3343,#3344,#3345);
#3343 = CARTESIAN_POINT('',(-86.560049,-57.971966,-43.53589838486));
#3344 = DIRECTION('',(2.E-16,-9.95799250103E-17,-1.));
#3345 = DIRECTION('',(1.,2.E-16,2.E-16));
#3346 = ADVANCED_FACE('',(#3347),#3365,.F.);
#3347 = FACE_BOUND('',#3348,.F.);
#3348 = EDGE_LOOP('',(#3349,#3357,#3358,#3359));
#3349 = ORIENTED_EDGE('',*,*,#3350,.F.);
#3350 = EDGE_CURVE('',#696,#3351,#3353,.T.);
#3351 = VERTEX_POINT('',#3352);
#3352 = CARTESIAN_POINT('',(-88.06315702924,39.660661715084,-47.5));
#3353 = LINE('',#3354,#3355);
#3354 = CARTESIAN_POINT('',(-88.43815702924,39.660661715084,-47.125));
#3355 = VECTOR('',#3356,1.);
#3356 = DIRECTION('',(0.707106781187,2.280169618609E-16,-0.707106781187)
  );
#3357 = ORIENTED_EDGE('',*,*,#695,.T.);
#3358 = ORIENTED_EDGE('',*,*,#2145,.T.);
#3359 = ORIENTED_EDGE('',*,*,#3360,.F.);
#3360 = EDGE_CURVE('',#3351,#2120,#3361,.T.);
#3361 = LINE('',#3362,#3363);
#3362 = CARTESIAN_POINT('',(-88.06315702924,39.660661715084,-47.5));
#3363 = VECTOR('',#3364,1.);
#3364 = DIRECTION('',(0.707106781187,0.707106781187,2.280169618609E-16)
  );
#3365 = PLANE('',#3366);
#3366 = AXIS2_PLACEMENT_3D('',#3367,#3368,#3369);
#3367 = CARTESIAN_POINT('',(-88.56315702924,39.660661715084,-47.));
#3368 = DIRECTION('',(-0.57735026919,0.57735026919,-0.57735026919));
#3369 = DIRECTION('',(0.707106781187,0.707106781187,1.033104648595E-14)
  );
#3370 = ADVANCED_FACE('',(#3371),#3396,.F.);
#3371 = FACE_BOUND('',#3372,.F.);
#3372 = EDGE_LOOP('',(#3373,#3381,#3389,#3395));
#3373 = ORIENTED_EDGE('',*,*,#3374,.T.);
#3374 = EDGE_CURVE('',#816,#3375,#3377,.T.);
#3375 = VERTEX_POINT('',#3376);
#3376 = CARTESIAN_POINT('',(-114.5,75.5,-45.));
#3377 = LINE('',#3378,#3379);
#3378 = CARTESIAN_POINT('',(-113.,75.5,-46.5));
#3379 = VECTOR('',#3380,1.);
#3380 = DIRECTION('',(-0.707106781187,5.894145039447E-15,0.707106781187)
  );
#3381 = ORIENTED_EDGE('',*,*,#3382,.T.);
#3382 = EDGE_CURVE('',#3375,#3383,#3385,.T.);
#3383 = VERTEX_POINT('',#3384);
#3384 = CARTESIAN_POINT('',(-114.5,89.,-45.));
#3385 = LINE('',#3386,#3387);
#3386 = CARTESIAN_POINT('',(-114.5,73.5,-45.));
#3387 = VECTOR('',#3388,1.);
#3388 = DIRECTION('',(-2.E-16,1.,1.224646799147E-16));
#3389 = ORIENTED_EDGE('',*,*,#3390,.T.);
#3390 = EDGE_CURVE('',#3383,#824,#3391,.T.);
#3391 = LINE('',#3392,#3393);
#3392 = CARTESIAN_POINT('',(-123.9166666666,79.583333333333,
    -35.58333333333));
#3393 = VECTOR('',#3394,1.);
#3394 = DIRECTION('',(0.57735026919,0.57735026919,-0.57735026919));
#3395 = ORIENTED_EDGE('',*,*,#823,.F.);
#3396 = PLANE('',#3397);
#3397 = AXIS2_PLACEMENT_3D('',#3398,#3399,#3400);
#3398 = CARTESIAN_POINT('',(-113.5,73.5,-46.));
#3399 = DIRECTION('',(-0.707106781187,-5.451812356416E-16,
    -0.707106781187));
#3400 = DIRECTION('',(-5.467336886552E-16,1.,-2.242690087404E-16));
#3401 = ADVANCED_FACE('',(#3402),#3420,.F.);
#3402 = FACE_BOUND('',#3403,.T.);
#3403 = EDGE_LOOP('',(#3404,#3405,#3406,#3414));
#3404 = ORIENTED_EDGE('',*,*,#3350,.F.);
#3405 = ORIENTED_EDGE('',*,*,#703,.T.);
#3406 = ORIENTED_EDGE('',*,*,#3407,.T.);
#3407 = EDGE_CURVE('',#704,#3408,#3410,.T.);
#3408 = VERTEX_POINT('',#3409);
#3409 = CARTESIAN_POINT('',(-88.06315702924,-50.56065744921,-47.5));
#3410 = LINE('',#3411,#3412);
#3411 = CARTESIAN_POINT('',(-88.18815702925,-50.56065744921,
    -47.37499999999));
#3412 = VECTOR('',#3413,1.);
#3413 = DIRECTION('',(0.707106781187,-6.005686325626E-14,-0.707106781187
    ));
#3414 = ORIENTED_EDGE('',*,*,#3415,.F.);
#3415 = EDGE_CURVE('',#3351,#3408,#3416,.T.);
#3416 = LINE('',#3417,#3418);
#3417 = CARTESIAN_POINT('',(-88.06315702924,40.160661715084,-47.5));
#3418 = VECTOR('',#3419,1.);
#3419 = DIRECTION('',(2.E-16,-1.,9.95799250103E-17));
#3420 = PLANE('',#3421);
#3421 = AXIS2_PLACEMENT_3D('',#3422,#3423,#3424);
#3422 = CARTESIAN_POINT('',(-88.31315702924,40.160661715084,-47.25));
#3423 = DIRECTION('',(-0.707106781187,-5.556735552376E-16,
    -0.707106781187));
#3424 = DIRECTION('',(-4.431305765294E-16,1.,-3.427105015397E-16));
#3425 = ADVANCED_FACE('',(#3426),#3444,.F.);
#3426 = FACE_BOUND('',#3427,.F.);
#3427 = EDGE_LOOP('',(#3428,#3429,#3430,#3438));
#3428 = ORIENTED_EDGE('',*,*,#3374,.F.);
#3429 = ORIENTED_EDGE('',*,*,#815,.T.);
#3430 = ORIENTED_EDGE('',*,*,#3431,.T.);
#3431 = EDGE_CURVE('',#808,#3432,#3434,.T.);
#3432 = VERTEX_POINT('',#3433);
#3433 = CARTESIAN_POINT('',(-115.9142135623,72.085786437627,-45.));
#3434 = LINE('',#3435,#3436);
#3435 = CARTESIAN_POINT('',(-115.2071067811,71.37867965644,-46.));
#3436 = VECTOR('',#3437,1.);
#3437 = DIRECTION('',(-0.5,0.5,0.707106781187));
#3438 = ORIENTED_EDGE('',*,*,#3439,.F.);
#3439 = EDGE_CURVE('',#3375,#3432,#3440,.T.);
#3440 = LINE('',#3441,#3442);
#3441 = CARTESIAN_POINT('',(-114.7071067811,75.,-45.));
#3442 = VECTOR('',#3443,1.);
#3443 = DIRECTION('',(-0.382683432365,-0.923879532511,3.246032519829E-15
    ));
#3444 = PLANE('',#3445);
#3445 = AXIS2_PLACEMENT_3D('',#3446,#3447,#3448);
#3446 = CARTESIAN_POINT('',(-112.5,75.5,-47.));
#3447 = DIRECTION('',(-0.678598344546,0.281084637715,-0.678598344546));
#3448 = DIRECTION('',(-0.382683432365,-0.923879532511,5.583480430349E-15
    ));
#3449 = ADVANCED_FACE('',(#3450),#3468,.F.);
#3450 = FACE_BOUND('',#3451,.F.);
#3451 = EDGE_LOOP('',(#3452,#3460,#3461,#3462));
#3452 = ORIENTED_EDGE('',*,*,#3453,.F.);
#3453 = EDGE_CURVE('',#712,#3454,#3456,.T.);
#3454 = VERTEX_POINT('',#3455);
#3455 = CARTESIAN_POINT('',(-87.56315702924,-51.06065744921,-47.5));
#3456 = LINE('',#3457,#3458);
#3457 = CARTESIAN_POINT('',(-87.56315702924,-51.43565744921,-47.125));
#3458 = VECTOR('',#3459,1.);
#3459 = DIRECTION('',(-2.019110820703E-14,0.707106781187,-0.707106781187
    ));
#3460 = ORIENTED_EDGE('',*,*,#711,.T.);
#3461 = ORIENTED_EDGE('',*,*,#3407,.T.);
#3462 = ORIENTED_EDGE('',*,*,#3463,.F.);
#3463 = EDGE_CURVE('',#3454,#3408,#3464,.T.);
#3464 = LINE('',#3465,#3466);
#3465 = CARTESIAN_POINT('',(-87.56315702924,-51.06065744921,-47.5));
#3466 = VECTOR('',#3467,1.);
#3467 = DIRECTION('',(-0.707106781187,0.707106781187,4.003894626049E-14)
  );
#3468 = PLANE('',#3469);
#3469 = AXIS2_PLACEMENT_3D('',#3470,#3471,#3472);
#3470 = CARTESIAN_POINT('',(-87.56315702924,-51.56065744921,-47.));
#3471 = DIRECTION('',(-0.57735026919,-0.57735026919,-0.57735026919));
#3472 = DIRECTION('',(-0.707106781187,0.707106781187,2.001245541949E-14)
  );
#3473 = ADVANCED_FACE('',(#3474),#3492,.F.);
#3474 = FACE_BOUND('',#3475,.F.);
#3475 = EDGE_LOOP('',(#3476,#3484,#3490,#3491));
#3476 = ORIENTED_EDGE('',*,*,#3477,.T.);
#3477 = EDGE_CURVE('',#800,#3478,#3480,.T.);
#3478 = VERTEX_POINT('',#3479);
#3479 = CARTESIAN_POINT('',(-118.0857864376,69.914213562373,-45.));
#3480 = LINE('',#3481,#3482);
#3481 = CARTESIAN_POINT('',(-117.0251262658,68.853553390593,-46.5));
#3482 = VECTOR('',#3483,1.);
#3483 = DIRECTION('',(-0.5,0.5,0.707106781187));
#3484 = ORIENTED_EDGE('',*,*,#3485,.T.);
#3485 = EDGE_CURVE('',#3478,#3432,#3486,.T.);
#3486 = LINE('',#3487,#3488);
#3487 = CARTESIAN_POINT('',(-119.5,68.5,-45.));
#3488 = VECTOR('',#3489,1.);
#3489 = DIRECTION('',(0.707106781187,0.707106781187,7.100771599248E-17)
  );
#3490 = ORIENTED_EDGE('',*,*,#3431,.F.);
#3491 = ORIENTED_EDGE('',*,*,#807,.F.);
#3492 = PLANE('',#3493);
#3493 = AXIS2_PLACEMENT_3D('',#3494,#3495,#3496);
#3494 = CARTESIAN_POINT('',(-118.7928932188,67.792893218813,-46.));
#3495 = DIRECTION('',(-0.5,0.5,-0.707106781187));
#3496 = DIRECTION('',(0.707106781187,0.707106781187,4.500615667859E-16)
  );
#3497 = ADVANCED_FACE('',(#3498),#3516,.F.);
#3498 = FACE_BOUND('',#3499,.T.);
#3499 = EDGE_LOOP('',(#3500,#3501,#3502,#3510));
#3500 = ORIENTED_EDGE('',*,*,#3453,.F.);
#3501 = ORIENTED_EDGE('',*,*,#719,.T.);
#3502 = ORIENTED_EDGE('',*,*,#3503,.T.);
#3503 = EDGE_CURVE('',#720,#3504,#3506,.T.);
#3504 = VERTEX_POINT('',#3505);
#3505 = CARTESIAN_POINT('',(-0.5,-51.06065744921,-47.5));
#3506 = LINE('',#3507,#3508);
#3507 = CARTESIAN_POINT('',(-14.84385950487,-36.71679794434,
    -61.84385950487));
#3508 = VECTOR('',#3509,1.);
#3509 = DIRECTION('',(-0.57735026919,0.57735026919,-0.57735026919));
#3510 = ORIENTED_EDGE('',*,*,#3511,.F.);
#3511 = EDGE_CURVE('',#3454,#3504,#3512,.T.);
#3512 = LINE('',#3513,#3514);
#3513 = CARTESIAN_POINT('',(-88.06315702924,-51.06065744921,-47.5));
#3514 = VECTOR('',#3515,1.);
#3515 = DIRECTION('',(1.,2.E-16,2.E-16));
#3516 = PLANE('',#3517);
#3517 = AXIS2_PLACEMENT_3D('',#3518,#3519,#3520);
#3518 = CARTESIAN_POINT('',(-88.06315702924,-51.31065744921,-47.25));
#3519 = DIRECTION('',(2.828427124746E-16,-0.707106781187,-0.707106781187
    ));
#3520 = DIRECTION('',(-1.,-2.E-16,-2.E-16));
#3521 = ADVANCED_FACE('',(#3522),#3540,.F.);
#3522 = FACE_BOUND('',#3523,.F.);
#3523 = EDGE_LOOP('',(#3524,#3525,#3526,#3534));
#3524 = ORIENTED_EDGE('',*,*,#3477,.F.);
#3525 = ORIENTED_EDGE('',*,*,#799,.T.);
#3526 = ORIENTED_EDGE('',*,*,#3527,.T.);
#3527 = EDGE_CURVE('',#792,#3528,#3530,.T.);
#3528 = VERTEX_POINT('',#3529);
#3529 = CARTESIAN_POINT('',(-121.5,68.5,-45.));
#3530 = LINE('',#3531,#3532);
#3531 = CARTESIAN_POINT('',(-121.5,67.5,-46.));
#3532 = VECTOR('',#3533,1.);
#3533 = DIRECTION('',(3.625264019855E-14,0.707106781187,0.707106781187)
  );
#3534 = ORIENTED_EDGE('',*,*,#3535,.F.);
#3535 = EDGE_CURVE('',#3478,#3528,#3536,.T.);
#3536 = LINE('',#3537,#3538);
#3537 = CARTESIAN_POINT('',(-118.5857864376,69.707106781186,-45.));
#3538 = VECTOR('',#3539,1.);
#3539 = DIRECTION('',(-0.923879532511,-0.382683432365,
    -2.031299681643E-15));
#3540 = PLANE('',#3541);
#3541 = AXIS2_PLACEMENT_3D('',#3542,#3543,#3544);
#3542 = CARTESIAN_POINT('',(-116.6715728752,68.5,-47.));
#3543 = DIRECTION('',(-0.281084637715,0.678598344546,-0.678598344546));
#3544 = DIRECTION('',(-0.923879532511,-0.382683432365,
    -2.119020252418E-15));
#3545 = ADVANCED_FACE('',(#3546),#3564,.T.);
#3546 = FACE_BOUND('',#3547,.F.);
#3547 = EDGE_LOOP('',(#3548,#3556,#3562,#3563));
#3548 = ORIENTED_EDGE('',*,*,#3549,.F.);
#3549 = EDGE_CURVE('',#3550,#784,#3552,.T.);
#3550 = VERTEX_POINT('',#3551);
#3551 = CARTESIAN_POINT('',(-127.5,68.5,-45.));
#3552 = LINE('',#3553,#3554);
#3553 = CARTESIAN_POINT('',(-127.5,68.,-45.5));
#3554 = VECTOR('',#3555,1.);
#3555 = DIRECTION('',(2.828427124746E-16,-0.707106781187,-0.707106781187
    ));
#3556 = ORIENTED_EDGE('',*,*,#3557,.T.);
#3557 = EDGE_CURVE('',#3550,#3528,#3558,.T.);
#3558 = LINE('',#3559,#3560);
#3559 = CARTESIAN_POINT('',(-129.5,68.5,-45.));
#3560 = VECTOR('',#3561,1.);
#3561 = DIRECTION('',(1.,2.E-16,2.E-16));
#3562 = ORIENTED_EDGE('',*,*,#3527,.F.);
#3563 = ORIENTED_EDGE('',*,*,#791,.F.);
#3564 = PLANE('',#3565);
#3565 = AXIS2_PLACEMENT_3D('',#3566,#3567,#3568);
#3566 = CARTESIAN_POINT('',(-129.5,67.5,-46.));
#3567 = DIRECTION('',(4.930380657631E-32,-0.707106781187,0.707106781187)
  );
#3568 = DIRECTION('',(-1.,-2.E-16,-2.E-16));
#3569 = ADVANCED_FACE('',(#3570,#3588,#3665),#3742,.T.);
#3570 = FACE_BOUND('',#3571,.T.);
#3571 = EDGE_LOOP('',(#3572,#3573,#3581,#3587));
#3572 = ORIENTED_EDGE('',*,*,#735,.F.);
#3573 = ORIENTED_EDGE('',*,*,#3574,.F.);
#3574 = EDGE_CURVE('',#3575,#736,#3577,.T.);
#3575 = VERTEX_POINT('',#3576);
#3576 = CARTESIAN_POINT('',(-112.5,-91.,-2.));
#3577 = LINE('',#3578,#3579);
#3578 = CARTESIAN_POINT('',(-112.5,-91.,-1.232800379944E-14));
#3579 = VECTOR('',#3580,1.);
#3580 = DIRECTION('',(2.E-16,1.224646799147E-16,-1.));
#3581 = ORIENTED_EDGE('',*,*,#3582,.F.);
#3582 = EDGE_CURVE('',#1742,#3575,#3583,.T.);
#3583 = LINE('',#3584,#3585);
#3584 = CARTESIAN_POINT('',(1.42108547152E-14,-91.,-2.));
#3585 = VECTOR('',#3586,1.);
#3586 = DIRECTION('',(-1.,-2.E-16,-2.E-16));
#3587 = ORIENTED_EDGE('',*,*,#1749,.F.);
#3588 = FACE_BOUND('',#3589,.T.);
#3589 = EDGE_LOOP('',(#3590,#3601,#3609,#3617,#3626,#3634,#3642,#3651,
    #3659));
#3590 = ORIENTED_EDGE('',*,*,#3591,.T.);
#3591 = EDGE_CURVE('',#3592,#3594,#3596,.T.);
#3592 = VERTEX_POINT('',#3593);
#3593 = CARTESIAN_POINT('',(-4.453934599377,-91.,-27.48627386093));
#3594 = VERTEX_POINT('',#3595);
#3595 = CARTESIAN_POINT('',(-5.512774695645,-91.,-29.39647218847));
#3596 = CIRCLE('',#3597,1.55);
#3597 = AXIS2_PLACEMENT_3D('',#3598,#3599,#3600);
#3598 = CARTESIAN_POINT('',(-4.021272942588,-91.,-28.97466355813));
#3599 = DIRECTION('',(-2.948876798795E-16,-1.,-3.714698827088E-16));
#3600 = DIRECTION('',(-0.51503807491,-1.665334536938E-16,0.857167300702)
  );
#3601 = ORIENTED_EDGE('',*,*,#3602,.T.);
#3602 = EDGE_CURVE('',#3594,#3603,#3605,.T.);
#3603 = VERTEX_POINT('',#3604);
#3604 = CARTESIAN_POINT('',(-5.907040946616,-91.,-30.10774741866));
#3605 = LINE('',#3606,#3607);
#3606 = CARTESIAN_POINT('',(1.170359529394,-91.,-17.33977744828));
#3607 = VECTOR('',#3608,1.);
#3608 = DIRECTION('',(-0.48480957585,1.014811032571E-17,-0.874619731749)
  );
#3609 = ORIENTED_EDGE('',*,*,#3610,.T.);
#3610 = EDGE_CURVE('',#3603,#3611,#3613,.T.);
#3611 = VERTEX_POINT('',#3612);
#3612 = CARTESIAN_POINT('',(-5.093925402702,-91.,-30.09355439276));
#3613 = LINE('',#3614,#3615);
#3614 = CARTESIAN_POINT('',(-0.786767302418,-91.,-30.01837244976));
#3615 = VECTOR('',#3616,1.);
#3616 = DIRECTION('',(0.99984769427,1.978322292706E-16,
    1.745245719031E-02));
#3617 = ORIENTED_EDGE('',*,*,#3618,.T.);
#3618 = EDGE_CURVE('',#3611,#3619,#3621,.T.);
#3619 = VERTEX_POINT('',#3620);
#3620 = CARTESIAN_POINT('',(-2.910225076653,-91.,-30.0554376509));
#3621 = CIRCLE('',#3622,1.55);
#3622 = AXIS2_PLACEMENT_3D('',#3623,#3624,#3625);
#3623 = CARTESIAN_POINT('',(-4.021272942588,-91.,-28.97466355813));
#3624 = DIRECTION('',(-2.948876798795E-16,-1.,-3.714698827088E-16));
#3625 = DIRECTION('',(-0.51503807491,-1.665334536938E-16,0.857167300702)
  );
#3626 = ORIENTED_EDGE('',*,*,#3627,.T.);
#3627 = EDGE_CURVE('',#3619,#3628,#3630,.T.);
#3628 = VERTEX_POINT('',#3629);
#3629 = CARTESIAN_POINT('',(-2.09710953274,-91.,-30.041244625));
#3630 = LINE('',#3631,#3632);
#3631 = CARTESIAN_POINT('',(-0.786767302418,-91.,-30.01837244976));
#3632 = VECTOR('',#3633,1.);
#3633 = DIRECTION('',(0.99984769427,1.978322292706E-16,
    1.745245719031E-02));
#3634 = ORIENTED_EDGE('',*,*,#3635,.T.);
#3635 = EDGE_CURVE('',#3628,#3636,#3638,.T.);
#3636 = VERTEX_POINT('',#3637);
#3637 = CARTESIAN_POINT('',(-2.515958825683,-91.,-29.34416242071));
#3638 = LINE('',#3639,#3640);
#3639 = CARTESIAN_POINT('',(-9.431456347799,-91.,-17.83484310776));
#3640 = VECTOR('',#3641,1.);
#3641 = DIRECTION('',(-0.515038118421,-2.079803395963E-16,0.857167274558
    ));
#3642 = ORIENTED_EDGE('',*,*,#3643,.T.);
#3643 = EDGE_CURVE('',#3636,#3644,#3646,.T.);
#3644 = VERTEX_POINT('',#3645);
#3645 = CARTESIAN_POINT('',(-3.640819055464,-91.,-27.47208083503));
#3646 = CIRCLE('',#3647,1.55);
#3647 = AXIS2_PLACEMENT_3D('',#3648,#3649,#3650);
#3648 = CARTESIAN_POINT('',(-4.021272942588,-91.,-28.97466355813));
#3649 = DIRECTION('',(-2.948876798795E-16,-1.,-3.714698827088E-16));
#3650 = DIRECTION('',(-0.51503807491,-1.665334536938E-16,0.857167300702)
  );
#3651 = ORIENTED_EDGE('',*,*,#3652,.T.);
#3652 = EDGE_CURVE('',#3644,#3653,#3655,.T.);
#3653 = VERTEX_POINT('',#3654);
#3654 = CARTESIAN_POINT('',(-4.059668348407,-91.,-26.77499863074));
#3655 = LINE('',#3656,#3657);
#3656 = CARTESIAN_POINT('',(-9.431456347799,-91.,-17.83484310776));
#3657 = VECTOR('',#3658,1.);
#3658 = DIRECTION('',(-0.515038118421,-2.079803395963E-16,0.857167274558
    ));
#3659 = ORIENTED_EDGE('',*,*,#3660,.T.);
#3660 = EDGE_CURVE('',#3653,#3592,#3661,.T.);
#3661 = LINE('',#3662,#3663);
#3662 = CARTESIAN_POINT('',(1.170359529394,-91.,-17.33977744828));
#3663 = VECTOR('',#3664,1.);
#3664 = DIRECTION('',(-0.48480957585,1.014811032571E-17,-0.874619731749)
  );
#3665 = FACE_BOUND('',#3666,.T.);
#3666 = EDGE_LOOP('',(#3667,#3678,#3686,#3694,#3703,#3711,#3719,#3728,
    #3736));
#3667 = ORIENTED_EDGE('',*,*,#3668,.T.);
#3668 = EDGE_CURVE('',#3669,#3671,#3673,.T.);
#3669 = VERTEX_POINT('',#3670);
#3670 = CARTESIAN_POINT('',(-4.444066531192,-91.,-10.55249393378));
#3671 = VERTEX_POINT('',#3672);
#3672 = CARTESIAN_POINT('',(-5.502906627461,-91.,-12.46269226132));
#3673 = CIRCLE('',#3674,1.55);
#3674 = AXIS2_PLACEMENT_3D('',#3675,#3676,#3677);
#3675 = CARTESIAN_POINT('',(-4.011404874403,-91.,-12.04088363098));
#3676 = DIRECTION('',(-2.948876798795E-16,-1.,-3.714698827088E-16));
#3677 = DIRECTION('',(-0.51503807491,-1.665334536938E-16,0.857167300702)
  );
#3678 = ORIENTED_EDGE('',*,*,#3679,.T.);
#3679 = EDGE_CURVE('',#3671,#3680,#3682,.T.);
#3680 = VERTEX_POINT('',#3681);
#3681 = CARTESIAN_POINT('',(-5.897172878431,-91.,-13.17396749151));
#3682 = LINE('',#3683,#3684);
#3683 = CARTESIAN_POINT('',(-2.411096828634,-91.,-6.884919066297));
#3684 = VECTOR('',#3685,1.);
#3685 = DIRECTION('',(-0.48480957585,1.014811032571E-17,-0.874619731749)
  );
#3686 = ORIENTED_EDGE('',*,*,#3687,.T.);
#3687 = EDGE_CURVE('',#3680,#3688,#3690,.T.);
#3688 = VERTEX_POINT('',#3689);
#3689 = CARTESIAN_POINT('',(-5.084057334518,-91.,-13.15977446561));
#3690 = LINE('',#3691,#3692);
#3691 = CARTESIAN_POINT('',(-0.929577294183,-91.,-13.08725753581));
#3692 = VECTOR('',#3693,1.);
#3693 = DIRECTION('',(0.99984769427,1.978322292706E-16,
    1.745245719031E-02));
#3694 = ORIENTED_EDGE('',*,*,#3695,.T.);
#3695 = EDGE_CURVE('',#3688,#3696,#3698,.T.);
#3696 = VERTEX_POINT('',#3697);
#3697 = CARTESIAN_POINT('',(-2.900357008469,-91.,-13.12165772375));
#3698 = CIRCLE('',#3699,1.55);
#3699 = AXIS2_PLACEMENT_3D('',#3700,#3701,#3702);
#3700 = CARTESIAN_POINT('',(-4.011404874403,-91.,-12.04088363098));
#3701 = DIRECTION('',(-2.948876798795E-16,-1.,-3.714698827088E-16));
#3702 = DIRECTION('',(-0.51503807491,-1.665334536938E-16,0.857167300702)
  );
#3703 = ORIENTED_EDGE('',*,*,#3704,.T.);
#3704 = EDGE_CURVE('',#3696,#3705,#3707,.T.);
#3705 = VERTEX_POINT('',#3706);
#3706 = CARTESIAN_POINT('',(-2.087241464555,-91.,-13.10746469785));
#3707 = LINE('',#3708,#3709);
#3708 = CARTESIAN_POINT('',(-0.929577294183,-91.,-13.08725753581));
#3709 = VECTOR('',#3710,1.);
#3710 = DIRECTION('',(0.99984769427,1.978322292706E-16,
    1.745245719031E-02));
#3711 = ORIENTED_EDGE('',*,*,#3712,.T.);
#3712 = EDGE_CURVE('',#3705,#3713,#3715,.T.);
#3713 = VERTEX_POINT('',#3714);
#3714 = CARTESIAN_POINT('',(-2.506090757498,-91.,-12.41038249356));
#3715 = LINE('',#3716,#3717);
#3716 = CARTESIAN_POINT('',(-5.68498684459,-91.,-7.11981156761));
#3717 = VECTOR('',#3718,1.);
#3718 = DIRECTION('',(-0.515038118421,-2.079803395963E-16,0.857167274558
    ));
#3719 = ORIENTED_EDGE('',*,*,#3720,.T.);
#3720 = EDGE_CURVE('',#3713,#3721,#3723,.T.);
#3721 = VERTEX_POINT('',#3722);
#3722 = CARTESIAN_POINT('',(-3.63095098728,-91.,-10.53830090788));
#3723 = CIRCLE('',#3724,1.55);
#3724 = AXIS2_PLACEMENT_3D('',#3725,#3726,#3727);
#3725 = CARTESIAN_POINT('',(-4.011404874403,-91.,-12.04088363098));
#3726 = DIRECTION('',(-2.948876798795E-16,-1.,-3.714698827088E-16));
#3727 = DIRECTION('',(-0.51503807491,-1.665334536938E-16,0.857167300702)
  );
#3728 = ORIENTED_EDGE('',*,*,#3729,.T.);
#3729 = EDGE_CURVE('',#3721,#3730,#3732,.T.);
#3730 = VERTEX_POINT('',#3731);
#3731 = CARTESIAN_POINT('',(-4.049800280223,-91.,-9.841218703592));
#3732 = LINE('',#3733,#3734);
#3733 = CARTESIAN_POINT('',(-5.68498684459,-91.,-7.11981156761));
#3734 = VECTOR('',#3735,1.);
#3735 = DIRECTION('',(-0.515038118421,-2.079803395963E-16,0.857167274558
    ));
#3736 = ORIENTED_EDGE('',*,*,#3737,.T.);
#3737 = EDGE_CURVE('',#3730,#3669,#3738,.T.);
#3738 = LINE('',#3739,#3740);
#3739 = CARTESIAN_POINT('',(-2.411096828634,-91.,-6.884919066297));
#3740 = VECTOR('',#3741,1.);
#3741 = DIRECTION('',(-0.48480957585,1.014811032571E-17,-0.874619731749)
  );
#3742 = PLANE('',#3743);
#3743 = AXIS2_PLACEMENT_3D('',#3744,#3745,#3746);
#3744 = CARTESIAN_POINT('',(1.42108547152E-14,-91.,-1.181041968702E-14)
  );
#3745 = DIRECTION('',(-2.E-16,1.,1.224646799147E-16));
#3746 = DIRECTION('',(-1.,-2.E-16,-2.E-16));
#3747 = ADVANCED_FACE('',(#3748),#3773,.F.);
#3748 = FACE_BOUND('',#3749,.T.);
#3749 = EDGE_LOOP('',(#3750,#3760,#3766,#3767));
#3750 = ORIENTED_EDGE('',*,*,#3751,.T.);
#3751 = EDGE_CURVE('',#3752,#3754,#3756,.T.);
#3752 = VERTEX_POINT('',#3753);
#3753 = CARTESIAN_POINT('',(-129.5,66.5,-45.));
#3754 = VERTEX_POINT('',#3755);
#3755 = CARTESIAN_POINT('',(-129.5,-66.5,-45.));
#3756 = LINE('',#3757,#3758);
#3757 = CARTESIAN_POINT('',(-129.5,68.5,-45.));
#3758 = VECTOR('',#3759,1.);
#3759 = DIRECTION('',(2.E-16,-1.,9.95799250103E-17));
#3760 = ORIENTED_EDGE('',*,*,#3761,.T.);
#3761 = EDGE_CURVE('',#3754,#776,#3762,.T.);
#3762 = LINE('',#3763,#3764);
#3763 = CARTESIAN_POINT('',(-129.,-66.5,-45.5));
#3764 = VECTOR('',#3765,1.);
#3765 = DIRECTION('',(0.707106781187,-4.867834157056E-15,-0.707106781187
    ));
#3766 = ORIENTED_EDGE('',*,*,#783,.F.);
#3767 = ORIENTED_EDGE('',*,*,#3768,.T.);
#3768 = EDGE_CURVE('',#784,#3752,#3769,.T.);
#3769 = LINE('',#3770,#3771);
#3770 = CARTESIAN_POINT('',(-128.5,66.5,-46.));
#3771 = VECTOR('',#3772,1.);
#3772 = DIRECTION('',(-0.707106781187,2.367982664757E-15,0.707106781187)
  );
#3773 = PLANE('',#3774);
#3774 = AXIS2_PLACEMENT_3D('',#3775,#3776,#3777);
#3775 = CARTESIAN_POINT('',(-128.5,68.5,-46.));
#3776 = DIRECTION('',(-0.707106781187,-5.482575061376E-17,
    -0.707106781187));
#3777 = DIRECTION('',(-8.897769753748E-17,1.,1.144237745222E-17));
#3778 = ADVANCED_FACE('',(#3779),#3804,.T.);
#3779 = FACE_BOUND('',#3780,.F.);
#3780 = EDGE_LOOP('',(#3781,#3789,#3797,#3803));
#3781 = ORIENTED_EDGE('',*,*,#3782,.F.);
#3782 = EDGE_CURVE('',#3783,#736,#3785,.T.);
#3783 = VERTEX_POINT('',#3784);
#3784 = CARTESIAN_POINT('',(-114.5,-89.,-45.));
#3785 = LINE('',#3786,#3787);
#3786 = CARTESIAN_POINT('',(-121.,-82.5,-38.5));
#3787 = VECTOR('',#3788,1.);
#3788 = DIRECTION('',(0.57735026919,-0.57735026919,-0.57735026919));
#3789 = ORIENTED_EDGE('',*,*,#3790,.T.);
#3790 = EDGE_CURVE('',#3783,#3791,#3793,.T.);
#3791 = VERTEX_POINT('',#3792);
#3792 = CARTESIAN_POINT('',(-114.5,-75.5,-45.));
#3793 = LINE('',#3794,#3795);
#3794 = CARTESIAN_POINT('',(-114.5,-91.,-45.));
#3795 = VECTOR('',#3796,1.);
#3796 = DIRECTION('',(-2.E-16,1.,1.224646799147E-16));
#3797 = ORIENTED_EDGE('',*,*,#3798,.F.);
#3798 = EDGE_CURVE('',#744,#3791,#3799,.T.);
#3799 = LINE('',#3800,#3801);
#3800 = CARTESIAN_POINT('',(-113.,-75.5,-46.5));
#3801 = VECTOR('',#3802,1.);
#3802 = DIRECTION('',(-0.707106781187,4.709210458549E-15,0.707106781187)
  );
#3803 = ORIENTED_EDGE('',*,*,#743,.F.);
#3804 = PLANE('',#3805);
#3805 = AXIS2_PLACEMENT_3D('',#3806,#3807,#3808);
#3806 = CARTESIAN_POINT('',(-113.5,-91.,-46.));
#3807 = DIRECTION('',(0.707106781187,5.482575061376E-17,0.707106781187)
  );
#3808 = DIRECTION('',(2.E-16,-1.,-1.224646799147E-16));
#3809 = ADVANCED_FACE('',(#3810),#3835,.F.);
#3810 = FACE_BOUND('',#3811,.F.);
#3811 = EDGE_LOOP('',(#3812,#3820,#3828,#3834));
#3812 = ORIENTED_EDGE('',*,*,#3813,.T.);
#3813 = EDGE_CURVE('',#768,#3814,#3816,.T.);
#3814 = VERTEX_POINT('',#3815);
#3815 = CARTESIAN_POINT('',(-121.5,-68.5,-45.));
#3816 = LINE('',#3817,#3818);
#3817 = CARTESIAN_POINT('',(-121.5,-67.5,-46.));
#3818 = VECTOR('',#3819,1.);
#3819 = DIRECTION('',(3.949781936327E-15,-0.707106781187,0.707106781187)
  );
#3820 = ORIENTED_EDGE('',*,*,#3821,.T.);
#3821 = EDGE_CURVE('',#3814,#3822,#3824,.T.);
#3822 = VERTEX_POINT('',#3823);
#3823 = CARTESIAN_POINT('',(-127.5,-68.5,-45.));
#3824 = LINE('',#3825,#3826);
#3825 = CARTESIAN_POINT('',(-119.5,-68.5,-45.));
#3826 = VECTOR('',#3827,1.);
#3827 = DIRECTION('',(-1.,-2.E-16,-2.E-16));
#3828 = ORIENTED_EDGE('',*,*,#3829,.F.);
#3829 = EDGE_CURVE('',#776,#3822,#3830,.T.);
#3830 = LINE('',#3831,#3832);
#3831 = CARTESIAN_POINT('',(-127.5,-67.5,-46.));
#3832 = VECTOR('',#3833,1.);
#3833 = DIRECTION('',(7.499554476896E-15,-0.707106781187,0.707106781187)
  );
#3834 = ORIENTED_EDGE('',*,*,#775,.F.);
#3835 = PLANE('',#3836);
#3836 = AXIS2_PLACEMENT_3D('',#3837,#3838,#3839);
#3837 = CARTESIAN_POINT('',(-119.5,-67.5,-46.));
#3838 = DIRECTION('',(2.828427124746E-16,-0.707106781187,-0.707106781187
    ));
#3839 = DIRECTION('',(-1.,-2.E-16,-2.E-16));
#3840 = ADVANCED_FACE('',(#3841),#3859,.T.);
#3841 = FACE_BOUND('',#3842,.T.);
#3842 = EDGE_LOOP('',(#3843,#3844,#3845,#3853));
#3843 = ORIENTED_EDGE('',*,*,#3798,.F.);
#3844 = ORIENTED_EDGE('',*,*,#751,.T.);
#3845 = ORIENTED_EDGE('',*,*,#3846,.T.);
#3846 = EDGE_CURVE('',#752,#3847,#3849,.T.);
#3847 = VERTEX_POINT('',#3848);
#3848 = CARTESIAN_POINT('',(-115.9142135623,-72.08578643762,-45.));
#3849 = LINE('',#3850,#3851);
#3850 = CARTESIAN_POINT('',(-115.2071067811,-71.37867965644,-46.));
#3851 = VECTOR('',#3852,1.);
#3852 = DIRECTION('',(-0.5,-0.5,0.707106781187));
#3853 = ORIENTED_EDGE('',*,*,#3854,.F.);
#3854 = EDGE_CURVE('',#3791,#3847,#3855,.T.);
#3855 = LINE('',#3856,#3857);
#3856 = CARTESIAN_POINT('',(-114.7071067811,-75.,-45.));
#3857 = VECTOR('',#3858,1.);
#3858 = DIRECTION('',(-0.382683432365,0.923879532511,1.590856508877E-15)
  );
#3859 = PLANE('',#3860);
#3860 = AXIS2_PLACEMENT_3D('',#3861,#3862,#3863);
#3861 = CARTESIAN_POINT('',(-112.5,-75.5,-47.));
#3862 = DIRECTION('',(0.678598344546,0.281084637715,0.678598344546));
#3863 = DIRECTION('',(-0.382683432365,0.923879532511,-3.821419085817E-15
    ));
#3864 = ADVANCED_FACE('',(#3865),#3883,.T.);
#3865 = FACE_BOUND('',#3866,.T.);
#3866 = EDGE_LOOP('',(#3867,#3875,#3876,#3877));
#3867 = ORIENTED_EDGE('',*,*,#3868,.F.);
#3868 = EDGE_CURVE('',#760,#3869,#3871,.T.);
#3869 = VERTEX_POINT('',#3870);
#3870 = CARTESIAN_POINT('',(-118.0857864376,-69.91421356237,-45.));
#3871 = LINE('',#3872,#3873);
#3872 = CARTESIAN_POINT('',(-117.0251262658,-68.85355339059,-46.5));
#3873 = VECTOR('',#3874,1.);
#3874 = DIRECTION('',(-0.5,-0.5,0.707106781187));
#3875 = ORIENTED_EDGE('',*,*,#767,.T.);
#3876 = ORIENTED_EDGE('',*,*,#3813,.T.);
#3877 = ORIENTED_EDGE('',*,*,#3878,.F.);
#3878 = EDGE_CURVE('',#3869,#3814,#3879,.T.);
#3879 = LINE('',#3880,#3881);
#3880 = CARTESIAN_POINT('',(-118.5857864376,-69.70710678118,-45.));
#3881 = VECTOR('',#3882,1.);
#3882 = DIRECTION('',(-0.923879532511,0.382683432365,3.706814426692E-15)
  );
#3883 = PLANE('',#3884);
#3884 = AXIS2_PLACEMENT_3D('',#3885,#3886,#3887);
#3885 = CARTESIAN_POINT('',(-116.6715728752,-68.5,-47.));
#3886 = DIRECTION('',(0.281084637715,0.678598344546,0.678598344546));
#3887 = DIRECTION('',(-0.923879532511,0.382683432365,3.720114308123E-15)
  );
#3888 = ADVANCED_FACE('',(#3889),#3900,.F.);
#3889 = FACE_BOUND('',#3890,.F.);
#3890 = EDGE_LOOP('',(#3891,#3892,#3898,#3899));
#3891 = ORIENTED_EDGE('',*,*,#3846,.T.);
#3892 = ORIENTED_EDGE('',*,*,#3893,.T.);
#3893 = EDGE_CURVE('',#3847,#3869,#3894,.T.);
#3894 = LINE('',#3895,#3896);
#3895 = CARTESIAN_POINT('',(-114.5,-73.5,-45.));
#3896 = VECTOR('',#3897,1.);
#3897 = DIRECTION('',(-0.707106781187,0.707106781187,-2.118349964821E-16
    ));
#3898 = ORIENTED_EDGE('',*,*,#3868,.F.);
#3899 = ORIENTED_EDGE('',*,*,#759,.F.);
#3900 = PLANE('',#3901);
#3901 = AXIS2_PLACEMENT_3D('',#3902,#3903,#3904);
#3902 = CARTESIAN_POINT('',(-113.7928932188,-72.79289321881,-46.));
#3903 = DIRECTION('',(-0.5,-0.5,-0.707106781187));
#3904 = DIRECTION('',(-0.707106781187,0.707106781187,-4.989149604638E-16
    ));
#3905 = ADVANCED_FACE('',(#3906),#3925,.T.);
#3906 = FACE_BOUND('',#3907,.T.);
#3907 = EDGE_LOOP('',(#3908,#3916,#3917,#3918));
#3908 = ORIENTED_EDGE('',*,*,#3909,.F.);
#3909 = EDGE_CURVE('',#840,#3910,#3912,.T.);
#3910 = VERTEX_POINT('',#3911);
#3911 = CARTESIAN_POINT('',(-82.5736,57.02762,-43.53589838486));
#3912 = LINE('',#3913,#3914);
#3913 = CARTESIAN_POINT('',(-82.5736,57.02762,-43.53589838486));
#3914 = VECTOR('',#3915,1.);
#3915 = DIRECTION('',(-0.5,-9.019396749343E-16,0.866025403784));
#3916 = ORIENTED_EDGE('',*,*,#839,.T.);
#3917 = ORIENTED_EDGE('',*,*,#3909,.T.);
#3918 = ORIENTED_EDGE('',*,*,#3919,.F.);
#3919 = EDGE_CURVE('',#3910,#3910,#3920,.T.);
#3920 = CIRCLE('',#3921,4.);
#3921 = AXIS2_PLACEMENT_3D('',#3922,#3923,#3924);
#3922 = CARTESIAN_POINT('',(-86.5736,57.02762,-43.53589838486));
#3923 = DIRECTION('',(-2.E-16,9.95799250103E-17,1.));
#3924 = DIRECTION('',(1.,1.9763568394E-15,2.E-16));
#3925 = CONICAL_SURFACE('',#3926,4.,0.523598775598);
#3926 = AXIS2_PLACEMENT_3D('',#3927,#3928,#3929);
#3927 = CARTESIAN_POINT('',(-86.5736,57.02762,-43.53589838486));
#3928 = DIRECTION('',(2.E-16,-9.95799250103E-17,-1.));
#3929 = DIRECTION('',(1.,1.9763568394E-15,2.E-16));
#3930 = ADVANCED_FACE('',(#3931),#3942,.T.);
#3931 = FACE_BOUND('',#3932,.F.);
#3932 = EDGE_LOOP('',(#3933,#3934,#3935,#3941));
#3933 = ORIENTED_EDGE('',*,*,#1741,.F.);
#3934 = ORIENTED_EDGE('',*,*,#866,.T.);
#3935 = ORIENTED_EDGE('',*,*,#3936,.T.);
#3936 = EDGE_CURVE('',#867,#3575,#3937,.T.);
#3937 = LINE('',#3938,#3939);
#3938 = CARTESIAN_POINT('',(-112.5,-91.5,-1.5));
#3939 = VECTOR('',#3940,1.);
#3940 = DIRECTION('',(-1.346073880468E-14,0.707106781187,-0.707106781187
    ));
#3941 = ORIENTED_EDGE('',*,*,#3582,.F.);
#3942 = PLANE('',#3943);
#3943 = AXIS2_PLACEMENT_3D('',#3944,#3945,#3946);
#3944 = CARTESIAN_POINT('',(1.42108547152E-14,-92.,-1.));
#3945 = DIRECTION('',(-2.828427124746E-16,0.707106781187,0.707106781187)
  );
#3946 = DIRECTION('',(1.,2.E-16,2.E-16));
#3947 = ADVANCED_FACE('',(#3948,#3976,#3987),#3998,.T.);
#3948 = FACE_BOUND('',#3949,.T.);
#3949 = EDGE_LOOP('',(#3950,#3951,#3952,#3953,#3961,#3969,#3975));
#3950 = ORIENTED_EDGE('',*,*,#1734,.F.);
#3951 = ORIENTED_EDGE('',*,*,#1010,.F.);
#3952 = ORIENTED_EDGE('',*,*,#2225,.T.);
#3953 = ORIENTED_EDGE('',*,*,#3954,.T.);
#3954 = EDGE_CURVE('',#2218,#3955,#3957,.T.);
#3955 = VERTEX_POINT('',#3956);
#3956 = CARTESIAN_POINT('',(-132.49,-94.,-0.5));
#3957 = LINE('',#3958,#3959);
#3958 = CARTESIAN_POINT('',(-132.5,-94.,-0.5));
#3959 = VECTOR('',#3960,1.);
#3960 = DIRECTION('',(1.,2.E-16,2.E-16));
#3961 = ORIENTED_EDGE('',*,*,#3962,.F.);
#3962 = EDGE_CURVE('',#3963,#3955,#3965,.T.);
#3963 = VERTEX_POINT('',#3964);
#3964 = CARTESIAN_POINT('',(-112.5,-94.,-20.49));
#3965 = LINE('',#3966,#3967);
#3966 = CARTESIAN_POINT('',(-106.0575,-94.,-26.9325));
#3967 = VECTOR('',#3968,1.);
#3968 = DIRECTION('',(-0.707106781187,-2.280169618609E-16,0.707106781187
    ));
#3969 = ORIENTED_EDGE('',*,*,#3970,.T.);
#3970 = EDGE_CURVE('',#3963,#1773,#3971,.T.);
#3971 = LINE('',#3972,#3973);
#3972 = CARTESIAN_POINT('',(-112.5,-94.,-15.49));
#3973 = VECTOR('',#3974,1.);
#3974 = DIRECTION('',(2.E-16,1.224646799147E-16,-1.));
#3975 = ORIENTED_EDGE('',*,*,#1780,.F.);
#3976 = FACE_BOUND('',#3977,.T.);
#3977 = EDGE_LOOP('',(#3978));
#3978 = ORIENTED_EDGE('',*,*,#3979,.F.);
#3979 = EDGE_CURVE('',#3980,#3980,#3982,.T.);
#3980 = VERTEX_POINT('',#3981);
#3981 = CARTESIAN_POINT('',(-7.5,-94.,-12.));
#3982 = CIRCLE('',#3983,3.5);
#3983 = AXIS2_PLACEMENT_3D('',#3984,#3985,#3986);
#3984 = CARTESIAN_POINT('',(-4.,-94.,-12.));
#3985 = DIRECTION('',(2.E-16,-1.,9.95799250103E-17));
#3986 = DIRECTION('',(-1.,-2.E-16,-2.E-16));
#3987 = FACE_BOUND('',#3988,.T.);
#3988 = EDGE_LOOP('',(#3989));
#3989 = ORIENTED_EDGE('',*,*,#3990,.F.);
#3990 = EDGE_CURVE('',#3991,#3991,#3993,.T.);
#3991 = VERTEX_POINT('',#3992);
#3992 = CARTESIAN_POINT('',(-7.5,-94.,-29.));
#3993 = CIRCLE('',#3994,3.5);
#3994 = AXIS2_PLACEMENT_3D('',#3995,#3996,#3997);
#3995 = CARTESIAN_POINT('',(-4.,-94.,-29.));
#3996 = DIRECTION('',(2.E-16,-1.,9.95799250103E-17));
#3997 = DIRECTION('',(-1.,-2.E-16,-2.E-16));
#3998 = PLANE('',#3999);
#3999 = AXIS2_PLACEMENT_3D('',#4000,#4001,#4002);
#4000 = CARTESIAN_POINT('',(-64.21575342465,-94.,-22.96575342465));
#4001 = DIRECTION('',(2.E-16,-1.,-1.224646799147E-16));
#4002 = DIRECTION('',(2.E-16,1.224646799147E-16,-1.));
#4003 = ADVANCED_FACE('',(#4004),#4022,.T.);
#4004 = FACE_BOUND('',#4005,.T.);
#4005 = EDGE_LOOP('',(#4006,#4014,#4015,#4016));
#4006 = ORIENTED_EDGE('',*,*,#4007,.F.);
#4007 = EDGE_CURVE('',#875,#4008,#4010,.T.);
#4008 = VERTEX_POINT('',#4009);
#4009 = CARTESIAN_POINT('',(-114.5,-89.,-2.));
#4010 = LINE('',#4011,#4012);
#4011 = CARTESIAN_POINT('',(-116.,-89.,-0.5));
#4012 = VECTOR('',#4013,1.);
#4013 = DIRECTION('',(0.707106781187,-2.752575202034E-15,-0.707106781187
    ));
#4014 = ORIENTED_EDGE('',*,*,#874,.T.);
#4015 = ORIENTED_EDGE('',*,*,#3936,.T.);
#4016 = ORIENTED_EDGE('',*,*,#4017,.F.);
#4017 = EDGE_CURVE('',#4008,#3575,#4018,.T.);
#4018 = LINE('',#4019,#4020);
#4019 = CARTESIAN_POINT('',(-114.5,-89.,-2.));
#4020 = VECTOR('',#4021,1.);
#4021 = DIRECTION('',(0.707106781187,-0.707106781187,1.05349723914E-14)
  );
#4022 = PLANE('',#4023);
#4023 = AXIS2_PLACEMENT_3D('',#4024,#4025,#4026);
#4024 = CARTESIAN_POINT('',(-116.5,-89.,-2.295526443524E-14));
#4025 = DIRECTION('',(0.57735026919,0.57735026919,0.57735026919));
#4026 = DIRECTION('',(0.707106781187,-0.707106781187,5.522674146893E-15)
  );
#4027 = ADVANCED_FACE('',(#4028),#4046,.T.);
#4028 = FACE_BOUND('',#4029,.F.);
#4029 = EDGE_LOOP('',(#4030,#4031,#4032,#4040));
#4030 = ORIENTED_EDGE('',*,*,#4007,.F.);
#4031 = ORIENTED_EDGE('',*,*,#882,.T.);
#4032 = ORIENTED_EDGE('',*,*,#4033,.T.);
#4033 = EDGE_CURVE('',#883,#4034,#4036,.T.);
#4034 = VERTEX_POINT('',#4035);
#4035 = CARTESIAN_POINT('',(-114.5,-75.5,-2.));
#4036 = LINE('',#4037,#4038);
#4037 = CARTESIAN_POINT('',(-116.2071067811,-75.5,-0.292893218814));
#4038 = VECTOR('',#4039,1.);
#4039 = DIRECTION('',(0.707106781187,-8.264014201243E-15,-0.707106781187
    ));
#4040 = ORIENTED_EDGE('',*,*,#4041,.F.);
#4041 = EDGE_CURVE('',#4008,#4034,#4042,.T.);
#4042 = LINE('',#4043,#4044);
#4043 = CARTESIAN_POINT('',(-114.5,-91.,-2.));
#4044 = VECTOR('',#4045,1.);
#4045 = DIRECTION('',(-2.E-16,1.,1.224646799147E-16));
#4046 = PLANE('',#4047);
#4047 = AXIS2_PLACEMENT_3D('',#4048,#4049,#4050);
#4048 = CARTESIAN_POINT('',(-115.5,-91.,-1.));
#4049 = DIRECTION('',(0.707106781187,5.482575061376E-17,0.707106781187)
  );
#4050 = DIRECTION('',(2.E-16,-1.,-1.224646799147E-16));
#4051 = ADVANCED_FACE('',(#4052),#4070,.T.);
#4052 = FACE_BOUND('',#4053,.T.);
#4053 = EDGE_LOOP('',(#4054,#4062,#4063,#4064));
#4054 = ORIENTED_EDGE('',*,*,#4055,.F.);
#4055 = EDGE_CURVE('',#891,#4056,#4058,.T.);
#4056 = VERTEX_POINT('',#4057);
#4057 = CARTESIAN_POINT('',(-115.9142135623,-72.08578643762,-2.));
#4058 = LINE('',#4059,#4060);
#4059 = CARTESIAN_POINT('',(-116.9748737341,-73.1464466094,-0.5));
#4060 = VECTOR('',#4061,1.);
#4061 = DIRECTION('',(0.5,0.5,-0.707106781187));
#4062 = ORIENTED_EDGE('',*,*,#890,.T.);
#4063 = ORIENTED_EDGE('',*,*,#4033,.T.);
#4064 = ORIENTED_EDGE('',*,*,#4065,.F.);
#4065 = EDGE_CURVE('',#4056,#4034,#4066,.T.);
#4066 = LINE('',#4067,#4068);
#4067 = CARTESIAN_POINT('',(-115.4142135623,-73.29289321881,-2.));
#4068 = VECTOR('',#4069,1.);
#4069 = DIRECTION('',(0.382683432365,-0.923879532511,-2.245277807454E-15
    ));
#4070 = PLANE('',#4071);
#4071 = AXIS2_PLACEMENT_3D('',#4072,#4073,#4074);
#4072 = CARTESIAN_POINT('',(-117.3284271247,-73.5,-2.122274732151E-14));
#4073 = DIRECTION('',(0.678598344546,0.281084637715,0.678598344546));
#4074 = DIRECTION('',(0.382683432365,-0.923879532511,-3.922386510944E-15
    ));
#4075 = ADVANCED_FACE('',(#4076),#4094,.F.);
#4076 = FACE_BOUND('',#4077,.F.);
#4077 = EDGE_LOOP('',(#4078,#4079,#4080,#4088));
#4078 = ORIENTED_EDGE('',*,*,#4055,.F.);
#4079 = ORIENTED_EDGE('',*,*,#898,.T.);
#4080 = ORIENTED_EDGE('',*,*,#4081,.T.);
#4081 = EDGE_CURVE('',#899,#4082,#4084,.T.);
#4082 = VERTEX_POINT('',#4083);
#4083 = CARTESIAN_POINT('',(-118.0857864376,-69.91421356237,-2.));
#4084 = LINE('',#4085,#4086);
#4085 = CARTESIAN_POINT('',(-119.2928932188,-71.12132034356,
    -0.292893218813));
#4086 = VECTOR('',#4087,1.);
#4087 = DIRECTION('',(0.5,0.5,-0.707106781187));
#4088 = ORIENTED_EDGE('',*,*,#4089,.F.);
#4089 = EDGE_CURVE('',#4056,#4082,#4090,.T.);
#4090 = LINE('',#4091,#4092);
#4091 = CARTESIAN_POINT('',(-114.5,-73.5,-2.));
#4092 = VECTOR('',#4093,1.);
#4093 = DIRECTION('',(-0.707106781187,0.707106781187,-5.482575061376E-17
    ));
#4094 = PLANE('',#4095);
#4095 = AXIS2_PLACEMENT_3D('',#4096,#4097,#4098);
#4096 = CARTESIAN_POINT('',(-115.2071067811,-74.20710678118,-1.));
#4097 = DIRECTION('',(-0.5,-0.5,-0.707106781187));
#4098 = DIRECTION('',(-0.707106781187,0.707106781187,-5.482575061376E-17
    ));
#4099 = ADVANCED_FACE('',(#4100),#4118,.T.);
#4100 = FACE_BOUND('',#4101,.T.);
#4101 = EDGE_LOOP('',(#4102,#4110,#4111,#4112));
#4102 = ORIENTED_EDGE('',*,*,#4103,.F.);
#4103 = EDGE_CURVE('',#907,#4104,#4106,.T.);
#4104 = VERTEX_POINT('',#4105);
#4105 = CARTESIAN_POINT('',(-121.5,-68.5,-2.));
#4106 = LINE('',#4107,#4108);
#4107 = CARTESIAN_POINT('',(-121.5,-70.,-0.5));
#4108 = VECTOR('',#4109,1.);
#4109 = DIRECTION('',(1.481168226123E-14,0.707106781187,-0.707106781187)
  );
#4110 = ORIENTED_EDGE('',*,*,#906,.T.);
#4111 = ORIENTED_EDGE('',*,*,#4081,.T.);
#4112 = ORIENTED_EDGE('',*,*,#4113,.F.);
#4113 = EDGE_CURVE('',#4104,#4082,#4114,.T.);
#4114 = LINE('',#4115,#4116);
#4115 = CARTESIAN_POINT('',(-120.2928932188,-69.,-2.));
#4116 = VECTOR('',#4117,1.);
#4117 = DIRECTION('',(0.923879532511,-0.382683432365,-5.015657023847E-15
    ));
#4118 = PLANE('',#4119);
#4119 = AXIS2_PLACEMENT_3D('',#4120,#4121,#4122);
#4120 = CARTESIAN_POINT('',(-121.5,-70.5,-2.168966785681E-14));
#4121 = DIRECTION('',(0.281084637715,0.678598344546,0.678598344546));
#4122 = DIRECTION('',(0.923879532511,-0.382683432365,4.432220342209E-16)
  );
#4123 = ADVANCED_FACE('',(#4124),#4142,.T.);
#4124 = FACE_BOUND('',#4125,.T.);
#4125 = EDGE_LOOP('',(#4126,#4127,#4128,#4136));
#4126 = ORIENTED_EDGE('',*,*,#1708,.F.);
#4127 = ORIENTED_EDGE('',*,*,#986,.T.);
#4128 = ORIENTED_EDGE('',*,*,#4129,.T.);
#4129 = EDGE_CURVE('',#979,#4130,#4132,.T.);
#4130 = VERTEX_POINT('',#4131);
#4131 = CARTESIAN_POINT('',(-114.5,89.,-2.));
#4132 = LINE('',#4133,#4134);
#4133 = CARTESIAN_POINT('',(-115.,89.,-1.5));
#4134 = VECTOR('',#4135,1.);
#4135 = DIRECTION('',(0.707106781187,-1.15982035594E-14,-0.707106781187)
  );
#4136 = ORIENTED_EDGE('',*,*,#4137,.F.);
#4137 = EDGE_CURVE('',#1203,#4130,#4138,.T.);
#4138 = LINE('',#4139,#4140);
#4139 = CARTESIAN_POINT('',(-112.5,91.,-2.));
#4140 = VECTOR('',#4141,1.);
#4141 = DIRECTION('',(-0.707106781187,-0.707106781187,
    -9.938978528098E-15));
#4142 = PLANE('',#4143);
#4143 = AXIS2_PLACEMENT_3D('',#4144,#4145,#4146);
#4144 = CARTESIAN_POINT('',(-112.5,93.,1.333073092463E-16));
#4145 = DIRECTION('',(0.57735026919,-0.57735026919,0.57735026919));
#4146 = DIRECTION('',(-0.707106781187,-0.707106781187,
    -4.918709240902E-15));
#4147 = ADVANCED_FACE('',(#4148),#4166,.F.);
#4148 = FACE_BOUND('',#4149,.F.);
#4149 = EDGE_LOOP('',(#4150,#4151,#4152,#4160));
#4150 = ORIENTED_EDGE('',*,*,#4103,.F.);
#4151 = ORIENTED_EDGE('',*,*,#914,.T.);
#4152 = ORIENTED_EDGE('',*,*,#4153,.T.);
#4153 = EDGE_CURVE('',#915,#4154,#4156,.T.);
#4154 = VERTEX_POINT('',#4155);
#4155 = CARTESIAN_POINT('',(-127.5,-68.5,-2.));
#4156 = LINE('',#4157,#4158);
#4157 = CARTESIAN_POINT('',(-127.5,-69.,-1.5));
#4158 = VECTOR('',#4159,1.);
#4159 = DIRECTION('',(1.288384999877E-14,0.707106781187,-0.707106781187)
  );
#4160 = ORIENTED_EDGE('',*,*,#4161,.F.);
#4161 = EDGE_CURVE('',#4104,#4154,#4162,.T.);
#4162 = LINE('',#4163,#4164);
#4163 = CARTESIAN_POINT('',(-119.5,-68.5,-2.));
#4164 = VECTOR('',#4165,1.);
#4165 = DIRECTION('',(-1.,-2.E-16,-2.E-16));
#4166 = PLANE('',#4167);
#4167 = AXIS2_PLACEMENT_3D('',#4168,#4169,#4170);
#4168 = CARTESIAN_POINT('',(-119.5,-69.5,-1.));
#4169 = DIRECTION('',(2.828427124746E-16,-0.707106781187,-0.707106781187
    ));
#4170 = DIRECTION('',(-1.,-2.E-16,-2.E-16));
#4171 = ADVANCED_FACE('',(#4172),#4190,.F.);
#4172 = FACE_BOUND('',#4173,.F.);
#4173 = EDGE_LOOP('',(#4174,#4182,#4183,#4184));
#4174 = ORIENTED_EDGE('',*,*,#4175,.F.);
#4175 = EDGE_CURVE('',#971,#4176,#4178,.T.);
#4176 = VERTEX_POINT('',#4177);
#4177 = CARTESIAN_POINT('',(-114.5,75.5,-2.));
#4178 = LINE('',#4179,#4180);
#4179 = CARTESIAN_POINT('',(-116.,75.5,-0.5));
#4180 = VECTOR('',#4181,1.);
#4181 = DIRECTION('',(0.707106781187,4.770266188638E-15,-0.707106781187)
  );
#4182 = ORIENTED_EDGE('',*,*,#978,.T.);
#4183 = ORIENTED_EDGE('',*,*,#4129,.T.);
#4184 = ORIENTED_EDGE('',*,*,#4185,.F.);
#4185 = EDGE_CURVE('',#4176,#4130,#4186,.T.);
#4186 = LINE('',#4187,#4188);
#4187 = CARTESIAN_POINT('',(-114.5,73.5,-2.));
#4188 = VECTOR('',#4189,1.);
#4189 = DIRECTION('',(-2.E-16,1.,1.224646799147E-16));
#4190 = PLANE('',#4191);
#4191 = AXIS2_PLACEMENT_3D('',#4192,#4193,#4194);
#4192 = CARTESIAN_POINT('',(-115.5,73.5,-1.));
#4193 = DIRECTION('',(-0.707106781187,-5.482575061376E-17,
    -0.707106781187));
#4194 = DIRECTION('',(-2.E-16,1.,1.224646799147E-16));
#4195 = ADVANCED_FACE('',(#4196),#4214,.T.);
#4196 = FACE_BOUND('',#4197,.T.);
#4197 = EDGE_LOOP('',(#4198,#4206,#4207,#4208));
#4198 = ORIENTED_EDGE('',*,*,#4199,.F.);
#4199 = EDGE_CURVE('',#923,#4200,#4202,.T.);
#4200 = VERTEX_POINT('',#4201);
#4201 = CARTESIAN_POINT('',(-129.5,-66.5,-2.));
#4202 = LINE('',#4203,#4204);
#4203 = CARTESIAN_POINT('',(-131.,-66.5,-0.5));
#4204 = VECTOR('',#4205,1.);
#4205 = DIRECTION('',(0.707106781187,7.246830767161E-15,-0.707106781187)
  );
#4206 = ORIENTED_EDGE('',*,*,#922,.T.);
#4207 = ORIENTED_EDGE('',*,*,#4153,.T.);
#4208 = ORIENTED_EDGE('',*,*,#4209,.F.);
#4209 = EDGE_CURVE('',#4200,#4154,#4210,.T.);
#4210 = LINE('',#4211,#4212);
#4211 = CARTESIAN_POINT('',(-129.5,-66.5,-2.));
#4212 = VECTOR('',#4213,1.);
#4213 = DIRECTION('',(0.707106781187,-0.707106781187,-5.810210442856E-15
    ));
#4214 = PLANE('',#4215);
#4215 = AXIS2_PLACEMENT_3D('',#4216,#4217,#4218);
#4216 = CARTESIAN_POINT('',(-131.5,-66.5,-2.319980913715E-14));
#4217 = DIRECTION('',(0.57735026919,0.57735026919,0.57735026919));
#4218 = DIRECTION('',(0.707106781187,-0.707106781187,-5.801600704284E-15
    ));
#4219 = ADVANCED_FACE('',(#4220),#4238,.T.);
#4220 = FACE_BOUND('',#4221,.T.);
#4221 = EDGE_LOOP('',(#4222,#4223,#4224,#4232));
#4222 = ORIENTED_EDGE('',*,*,#4175,.F.);
#4223 = ORIENTED_EDGE('',*,*,#970,.T.);
#4224 = ORIENTED_EDGE('',*,*,#4225,.T.);
#4225 = EDGE_CURVE('',#963,#4226,#4228,.T.);
#4226 = VERTEX_POINT('',#4227);
#4227 = CARTESIAN_POINT('',(-115.9142135623,72.085786437627,-2.));
#4228 = LINE('',#4229,#4230);
#4229 = CARTESIAN_POINT('',(-117.1213203435,73.292893218813,
    -0.292893218813));
#4230 = VECTOR('',#4231,1.);
#4231 = DIRECTION('',(0.5,-0.5,-0.707106781187));
#4232 = ORIENTED_EDGE('',*,*,#4233,.F.);
#4233 = EDGE_CURVE('',#4176,#4226,#4234,.T.);
#4234 = LINE('',#4235,#4236);
#4235 = CARTESIAN_POINT('',(-115.,74.292893218814,-2.));
#4236 = VECTOR('',#4237,1.);
#4237 = DIRECTION('',(-0.382683432365,-0.923879532511,5.536507064849E-15
    ));
#4238 = PLANE('',#4239);
#4239 = AXIS2_PLACEMENT_3D('',#4240,#4241,#4242);
#4240 = CARTESIAN_POINT('',(-116.5,75.5,-2.809824589262E-15));
#4241 = DIRECTION('',(0.678598344546,-0.281084637715,0.678598344546));
#4242 = DIRECTION('',(-0.382683432365,-0.923879532511,7.887193206446E-15
    ));
#4243 = ADVANCED_FACE('',(#4244),#4262,.F.);
#4244 = FACE_BOUND('',#4245,.T.);
#4245 = EDGE_LOOP('',(#4246,#4254,#4255,#4256));
#4246 = ORIENTED_EDGE('',*,*,#4247,.F.);
#4247 = EDGE_CURVE('',#931,#4248,#4250,.T.);
#4248 = VERTEX_POINT('',#4249);
#4249 = CARTESIAN_POINT('',(-129.5,66.5,-2.));
#4250 = LINE('',#4251,#4252);
#4251 = CARTESIAN_POINT('',(-130.,66.5,-1.5));
#4252 = VECTOR('',#4253,1.);
#4253 = DIRECTION('',(0.707106781187,-3.23331587363E-15,-0.707106781187)
  );
#4254 = ORIENTED_EDGE('',*,*,#930,.T.);
#4255 = ORIENTED_EDGE('',*,*,#4199,.T.);
#4256 = ORIENTED_EDGE('',*,*,#4257,.F.);
#4257 = EDGE_CURVE('',#4248,#4200,#4258,.T.);
#4258 = LINE('',#4259,#4260);
#4259 = CARTESIAN_POINT('',(-129.5,68.5,-2.));
#4260 = VECTOR('',#4261,1.);
#4261 = DIRECTION('',(2.E-16,-1.,9.95799250103E-17));
#4262 = PLANE('',#4263);
#4263 = AXIS2_PLACEMENT_3D('',#4264,#4265,#4266);
#4264 = CARTESIAN_POINT('',(-130.5,68.5,-1.));
#4265 = DIRECTION('',(-0.707106781187,-5.482575061376E-17,
    -0.707106781187));
#4266 = DIRECTION('',(-8.897769753748E-17,1.,1.144237745222E-17));
#4267 = ADVANCED_FACE('',(#4268),#4286,.F.);
#4268 = FACE_BOUND('',#4269,.F.);
#4269 = EDGE_LOOP('',(#4270,#4278,#4279,#4280));
#4270 = ORIENTED_EDGE('',*,*,#4271,.F.);
#4271 = EDGE_CURVE('',#955,#4272,#4274,.T.);
#4272 = VERTEX_POINT('',#4273);
#4273 = CARTESIAN_POINT('',(-118.0857864376,69.914213562373,-2.));
#4274 = LINE('',#4275,#4276);
#4275 = CARTESIAN_POINT('',(-119.1464466094,70.974873734153,-0.5));
#4276 = VECTOR('',#4277,1.);
#4277 = DIRECTION('',(0.5,-0.5,-0.707106781187));
#4278 = ORIENTED_EDGE('',*,*,#962,.T.);
#4279 = ORIENTED_EDGE('',*,*,#4225,.T.);
#4280 = ORIENTED_EDGE('',*,*,#4281,.F.);
#4281 = EDGE_CURVE('',#4272,#4226,#4282,.T.);
#4282 = LINE('',#4283,#4284);
#4283 = CARTESIAN_POINT('',(-119.5,68.5,-2.));
#4284 = VECTOR('',#4285,1.);
#4285 = DIRECTION('',(0.707106781187,0.707106781187,2.280169618609E-16)
  );
#4286 = PLANE('',#4287);
#4287 = AXIS2_PLACEMENT_3D('',#4288,#4289,#4290);
#4288 = CARTESIAN_POINT('',(-120.2071067811,69.207106781187,-1.));
#4289 = DIRECTION('',(-0.5,0.5,-0.707106781187));
#4290 = DIRECTION('',(0.707106781187,0.707106781187,-2.17832186798E-17)
  );
#4291 = ADVANCED_FACE('',(#4292),#4310,.T.);
#4292 = FACE_BOUND('',#4293,.T.);
#4293 = EDGE_LOOP('',(#4294,#4302,#4303,#4304));
#4294 = ORIENTED_EDGE('',*,*,#4295,.F.);
#4295 = EDGE_CURVE('',#939,#4296,#4298,.T.);
#4296 = VERTEX_POINT('',#4297);
#4297 = CARTESIAN_POINT('',(-127.5,68.5,-2.));
#4298 = LINE('',#4299,#4300);
#4299 = CARTESIAN_POINT('',(-127.5,70.,-0.5));
#4300 = VECTOR('',#4301,1.);
#4301 = DIRECTION('',(1.052027787028E-15,-0.707106781187,-0.707106781187
    ));
#4302 = ORIENTED_EDGE('',*,*,#938,.T.);
#4303 = ORIENTED_EDGE('',*,*,#4247,.T.);
#4304 = ORIENTED_EDGE('',*,*,#4305,.F.);
#4305 = EDGE_CURVE('',#4296,#4248,#4306,.T.);
#4306 = LINE('',#4307,#4308);
#4307 = CARTESIAN_POINT('',(-127.5,68.5,-2.));
#4308 = VECTOR('',#4309,1.);
#4309 = DIRECTION('',(-0.707106781187,-0.707106781187,
    -2.920164722798E-15));
#4310 = PLANE('',#4311);
#4311 = AXIS2_PLACEMENT_3D('',#4312,#4313,#4314);
#4312 = CARTESIAN_POINT('',(-127.5,70.5,-5.622147988835E-15));
#4313 = DIRECTION('',(0.57735026919,-0.57735026919,0.57735026919));
#4314 = DIRECTION('',(-0.707106781187,-0.707106781187,
    -2.975818947808E-15));
#4315 = ADVANCED_FACE('',(#4316),#4334,.T.);
#4316 = FACE_BOUND('',#4317,.T.);
#4317 = EDGE_LOOP('',(#4318,#4319,#4320,#4328));
#4318 = ORIENTED_EDGE('',*,*,#4271,.F.);
#4319 = ORIENTED_EDGE('',*,*,#954,.T.);
#4320 = ORIENTED_EDGE('',*,*,#4321,.T.);
#4321 = EDGE_CURVE('',#947,#4322,#4324,.T.);
#4322 = VERTEX_POINT('',#4323);
#4323 = CARTESIAN_POINT('',(-121.5,68.5,-2.));
#4324 = LINE('',#4325,#4326);
#4325 = CARTESIAN_POINT('',(-121.5,70.207106781187,-0.292893218813));
#4326 = VECTOR('',#4327,1.);
#4327 = DIRECTION('',(1.173721032782E-14,-0.707106781187,-0.707106781187
    ));
#4328 = ORIENTED_EDGE('',*,*,#4329,.F.);
#4329 = EDGE_CURVE('',#4272,#4322,#4330,.T.);
#4330 = LINE('',#4331,#4332);
#4331 = CARTESIAN_POINT('',(-119.2928932188,69.414213562373,-2.));
#4332 = VECTOR('',#4333,1.);
#4333 = DIRECTION('',(-0.923879532511,-0.382683432365,
    -4.648984875952E-15));
#4334 = PLANE('',#4335);
#4335 = AXIS2_PLACEMENT_3D('',#4336,#4337,#4338);
#4336 = CARTESIAN_POINT('',(-119.5,71.328427124746,-3.920694926171E-15)
  );
#4337 = DIRECTION('',(0.281084637715,-0.678598344546,0.678598344546));
#4338 = DIRECTION('',(-0.923879532511,-0.382683432365,
    -6.393378897225E-15));
#4339 = ADVANCED_FACE('',(#4340),#4351,.T.);
#4340 = FACE_BOUND('',#4341,.F.);
#4341 = EDGE_LOOP('',(#4342,#4343,#4344,#4345));
#4342 = ORIENTED_EDGE('',*,*,#4295,.F.);
#4343 = ORIENTED_EDGE('',*,*,#946,.T.);
#4344 = ORIENTED_EDGE('',*,*,#4321,.T.);
#4345 = ORIENTED_EDGE('',*,*,#4346,.F.);
#4346 = EDGE_CURVE('',#4296,#4322,#4347,.T.);
#4347 = LINE('',#4348,#4349);
#4348 = CARTESIAN_POINT('',(-129.5,68.5,-2.));
#4349 = VECTOR('',#4350,1.);
#4350 = DIRECTION('',(1.,2.E-16,2.E-16));
#4351 = PLANE('',#4352);
#4352 = AXIS2_PLACEMENT_3D('',#4353,#4354,#4355);
#4353 = CARTESIAN_POINT('',(-129.5,69.5,-1.));
#4354 = DIRECTION('',(4.930380657631E-32,-0.707106781187,0.707106781187)
  );
#4355 = DIRECTION('',(-1.,-2.E-16,-2.E-16));
#4356 = ADVANCED_FACE('',(#4357),#4398,.T.);
#4357 = FACE_BOUND('',#4358,.T.);
#4358 = EDGE_LOOP('',(#4359,#4360,#4368,#4376,#4384,#4392));
#4359 = ORIENTED_EDGE('',*,*,#1018,.F.);
#4360 = ORIENTED_EDGE('',*,*,#4361,.F.);
#4361 = EDGE_CURVE('',#4362,#1019,#4364,.T.);
#4362 = VERTEX_POINT('',#4363);
#4363 = CARTESIAN_POINT('',(-122.0432860046,85.394619778391,-2.));
#4364 = LINE('',#4365,#4366);
#4365 = CARTESIAN_POINT('',(-122.0432860046,85.394619778391,4.895));
#4366 = VECTOR('',#4367,1.);
#4367 = DIRECTION('',(8.659560562355E-17,8.659560562355E-17,1.));
#4368 = ORIENTED_EDGE('',*,*,#4369,.F.);
#4369 = EDGE_CURVE('',#4370,#4362,#4372,.T.);
#4370 = VERTEX_POINT('',#4371);
#4371 = CARTESIAN_POINT('',(-121.5016785322,85.081922595056,-2.));
#4372 = LINE('',#4373,#4374);
#4373 = CARTESIAN_POINT('',(-105.3989343959,75.785000023134,-2.));
#4374 = VECTOR('',#4375,1.);
#4375 = DIRECTION('',(-0.866025429165,0.49999995604,-1.119727512592E-16)
  );
#4376 = ORIENTED_EDGE('',*,*,#4377,.T.);
#4377 = EDGE_CURVE('',#4370,#4378,#4380,.T.);
#4378 = VERTEX_POINT('',#4379);
#4379 = CARTESIAN_POINT('',(-121.5016785322,85.081922595058,-2.105));
#4380 = LINE('',#4381,#4382);
#4381 = CARTESIAN_POINT('',(-121.5016785322,85.081922595056,-4.));
#4382 = VECTOR('',#4383,1.);
#4383 = DIRECTION('',(2.E-16,1.224646799147E-16,-1.));
#4384 = ORIENTED_EDGE('',*,*,#4385,.T.);
#4385 = EDGE_CURVE('',#4378,#4386,#4388,.T.);
#4386 = VERTEX_POINT('',#4387);
#4387 = CARTESIAN_POINT('',(-121.339,84.988000111674,-2.105));
#4388 = LINE('',#4389,#4390);
#4389 = CARTESIAN_POINT('',(-124.6390000967,86.893255832489,-2.105));
#4390 = VECTOR('',#4391,1.);
#4391 = DIRECTION('',(0.866025429165,-0.49999995604,-3.16961975189E-17)
  );
#4392 = ORIENTED_EDGE('',*,*,#4393,.F.);
#4393 = EDGE_CURVE('',#1021,#4386,#4394,.T.);
#4394 = LINE('',#4395,#4396);
#4395 = CARTESIAN_POINT('',(-121.339,84.988000111674,4.895));
#4396 = VECTOR('',#4397,1.);
#4397 = DIRECTION('',(-8.659560562355E-17,-8.659560562355E-17,-1.));
#4398 = PLANE('',#4399);
#4399 = AXIS2_PLACEMENT_3D('',#4400,#4401,#4402);
#4400 = CARTESIAN_POINT('',(-124.6390000967,86.893255832489,4.895));
#4401 = DIRECTION('',(-0.49999995604,-0.866025429165,1.182917955289E-16)
  );
#4402 = DIRECTION('',(0.866025429165,-0.49999995604,-3.16961975189E-17)
  );
#4403 = ADVANCED_FACE('',(#4404),#4423,.F.);
#4404 = FACE_BOUND('',#4405,.F.);
#4405 = EDGE_LOOP('',(#4406,#4415,#4421,#4422));
#4406 = ORIENTED_EDGE('',*,*,#4407,.T.);
#4407 = EDGE_CURVE('',#4362,#4408,#4410,.T.);
#4408 = VERTEX_POINT('',#4409);
#4409 = CARTESIAN_POINT('',(-123.934714092,86.486636165772,-2.));
#4410 = CIRCLE('',#4411,1.55);
#4411 = AXIS2_PLACEMENT_3D('',#4412,#4413,#4414);
#4412 = CARTESIAN_POINT('',(-123.539,84.988,-2.));
#4413 = DIRECTION('',(8.659560562355E-17,8.659560562355E-17,1.));
#4414 = DIRECTION('',(-2.22044604925E-16,-1.,8.659560562355E-17));
#4415 = ORIENTED_EDGE('',*,*,#4416,.T.);
#4416 = EDGE_CURVE('',#4408,#1079,#4417,.T.);
#4417 = LINE('',#4418,#4419);
#4418 = CARTESIAN_POINT('',(-123.934714092,86.486636165772,4.895));
#4419 = VECTOR('',#4420,1.);
#4420 = DIRECTION('',(8.659560562355E-17,8.659560562355E-17,1.));
#4421 = ORIENTED_EDGE('',*,*,#1086,.F.);
#4422 = ORIENTED_EDGE('',*,*,#4361,.F.);
#4423 = CYLINDRICAL_SURFACE('',#4424,1.55);
#4424 = AXIS2_PLACEMENT_3D('',#4425,#4426,#4427);
#4425 = CARTESIAN_POINT('',(-123.539,84.988,4.895));
#4426 = DIRECTION('',(8.659560562355E-17,8.659560562355E-17,1.));
#4427 = DIRECTION('',(-2.22044604925E-16,-1.,8.659560562355E-17));
#4428 = ADVANCED_FACE('',(#4429),#4463,.T.);
#4429 = FACE_BOUND('',#4430,.T.);
#4430 = EDGE_LOOP('',(#4431,#4432,#4440,#4448,#4456,#4462));
#4431 = ORIENTED_EDGE('',*,*,#1078,.F.);
#4432 = ORIENTED_EDGE('',*,*,#4433,.T.);
#4433 = EDGE_CURVE('',#1071,#4434,#4436,.T.);
#4434 = VERTEX_POINT('',#4435);
#4435 = CARTESIAN_POINT('',(-124.6390000967,86.893255832489,-2.105));
#4436 = LINE('',#4437,#4438);
#4437 = CARTESIAN_POINT('',(-124.6390000967,86.893255832489,4.895));
#4438 = VECTOR('',#4439,1.);
#4439 = DIRECTION('',(-8.659560562355E-17,-8.659560562355E-17,-1.));
#4440 = ORIENTED_EDGE('',*,*,#4441,.T.);
#4441 = EDGE_CURVE('',#4434,#4442,#4444,.T.);
#4442 = VERTEX_POINT('',#4443);
#4443 = CARTESIAN_POINT('',(-124.4282138652,86.771558359282,-2.105));
#4444 = LINE('',#4445,#4446);
#4445 = CARTESIAN_POINT('',(-124.6390000967,86.893255832489,-2.105));
#4446 = VECTOR('',#4447,1.);
#4447 = DIRECTION('',(0.866025429165,-0.49999995604,-3.16961975189E-17)
  );
#4448 = ORIENTED_EDGE('',*,*,#4449,.F.);
#4449 = EDGE_CURVE('',#4450,#4442,#4452,.T.);
#4450 = VERTEX_POINT('',#4451);
#4451 = CARTESIAN_POINT('',(-124.4282138652,86.771558359283,-2.));
#4452 = LINE('',#4453,#4454);
#4453 = CARTESIAN_POINT('',(-124.4282138652,86.771558359283,-4.));
#4454 = VECTOR('',#4455,1.);
#4455 = DIRECTION('',(2.E-16,1.224646799147E-16,-1.));
#4456 = ORIENTED_EDGE('',*,*,#4457,.F.);
#4457 = EDGE_CURVE('',#4408,#4450,#4458,.T.);
#4458 = LINE('',#4459,#4460);
#4459 = CARTESIAN_POINT('',(-105.3989343959,75.785000023134,-2.));
#4460 = VECTOR('',#4461,1.);
#4461 = DIRECTION('',(-0.866025429165,0.49999995604,-1.119727512592E-16)
  );
#4462 = ORIENTED_EDGE('',*,*,#4416,.T.);
#4463 = PLANE('',#4464);
#4464 = AXIS2_PLACEMENT_3D('',#4465,#4466,#4467);
#4465 = CARTESIAN_POINT('',(-124.6390000967,86.893255832489,4.895));
#4466 = DIRECTION('',(-0.49999995604,-0.866025429165,1.182917955289E-16)
  );
#4467 = DIRECTION('',(0.866025429165,-0.49999995604,-3.16961975189E-17)
  );
#4468 = ADVANCED_FACE('',(#4469),#4503,.T.);
#4469 = FACE_BOUND('',#4470,.T.);
#4470 = EDGE_LOOP('',(#4471,#4472,#4480,#4488,#4496,#4502));
#4471 = ORIENTED_EDGE('',*,*,#1070,.F.);
#4472 = ORIENTED_EDGE('',*,*,#4473,.F.);
#4473 = EDGE_CURVE('',#4474,#1062,#4476,.T.);
#4474 = VERTEX_POINT('',#4475);
#4475 = CARTESIAN_POINT('',(-124.6390000554,86.080016427555,-2.));
#4476 = LINE('',#4477,#4478);
#4477 = CARTESIAN_POINT('',(-124.6390000554,86.080016427555,4.895));
#4478 = VECTOR('',#4479,1.);
#4479 = DIRECTION('',(8.659560562355E-17,8.659560562355E-17,1.));
#4480 = ORIENTED_EDGE('',*,*,#4481,.F.);
#4481 = EDGE_CURVE('',#4482,#4474,#4484,.T.);
#4482 = VERTEX_POINT('',#4483);
#4483 = CARTESIAN_POINT('',(-124.639000084,86.643982605904,-2.));
#4484 = LINE('',#4485,#4486);
#4485 = CARTESIAN_POINT('',(-124.6389977946,41.54137199901,-2.));
#4486 = VECTOR('',#4487,1.);
#4487 = DIRECTION('',(5.076101552796E-08,-1.,-1.224646697625E-16));
#4488 = ORIENTED_EDGE('',*,*,#4489,.T.);
#4489 = EDGE_CURVE('',#4482,#4490,#4492,.T.);
#4490 = VERTEX_POINT('',#4491);
#4491 = CARTESIAN_POINT('',(-124.639000084,86.643982605905,-2.105));
#4492 = LINE('',#4493,#4494);
#4493 = CARTESIAN_POINT('',(-124.639000084,86.643982605904,-4.));
#4494 = VECTOR('',#4495,1.);
#4495 = DIRECTION('',(2.E-16,1.224646799147E-16,-1.));
#4496 = ORIENTED_EDGE('',*,*,#4497,.T.);
#4497 = EDGE_CURVE('',#4490,#4434,#4498,.T.);
#4498 = LINE('',#4499,#4500);
#4499 = CARTESIAN_POINT('',(-124.6389999032,83.082744055837,-2.105));
#4500 = VECTOR('',#4501,1.);
#4501 = DIRECTION('',(-5.076101552796E-08,1.,-8.659560122787E-17));
#4502 = ORIENTED_EDGE('',*,*,#4433,.F.);
#4503 = PLANE('',#4504);
#4504 = AXIS2_PLACEMENT_3D('',#4505,#4506,#4507);
#4505 = CARTESIAN_POINT('',(-124.6389999032,83.082744055837,4.895));
#4506 = DIRECTION('',(1.,5.076101552796E-08,-8.659561001923E-17));
#4507 = DIRECTION('',(-5.076101552796E-08,1.,-8.659560122787E-17));
#4508 = ADVANCED_FACE('',(#4509),#4528,.F.);
#4509 = FACE_BOUND('',#4510,.F.);
#4510 = EDGE_LOOP('',(#4511,#4512,#4521,#4527));
#4511 = ORIENTED_EDGE('',*,*,#4473,.F.);
#4512 = ORIENTED_EDGE('',*,*,#4513,.T.);
#4513 = EDGE_CURVE('',#4474,#4514,#4516,.T.);
#4514 = VERTEX_POINT('',#4515);
#4515 = CARTESIAN_POINT('',(-124.6389999445,83.895983460771,-2.));
#4516 = CIRCLE('',#4517,1.55);
#4517 = AXIS2_PLACEMENT_3D('',#4518,#4519,#4520);
#4518 = CARTESIAN_POINT('',(-123.539,84.988,-2.));
#4519 = DIRECTION('',(8.659560562355E-17,8.659560562355E-17,1.));
#4520 = DIRECTION('',(-2.22044604925E-16,-1.,8.659560562355E-17));
#4521 = ORIENTED_EDGE('',*,*,#4522,.T.);
#4522 = EDGE_CURVE('',#4514,#1054,#4523,.T.);
#4523 = LINE('',#4524,#4525);
#4524 = CARTESIAN_POINT('',(-124.6389999445,83.895983460771,4.895));
#4525 = VECTOR('',#4526,1.);
#4526 = DIRECTION('',(8.659560562355E-17,8.659560562355E-17,1.));
#4527 = ORIENTED_EDGE('',*,*,#1061,.F.);
#4528 = CYLINDRICAL_SURFACE('',#4529,1.55);
#4529 = AXIS2_PLACEMENT_3D('',#4530,#4531,#4532);
#4530 = CARTESIAN_POINT('',(-123.539,84.988,4.895));
#4531 = DIRECTION('',(8.659560562355E-17,8.659560562355E-17,1.));
#4532 = DIRECTION('',(-2.22044604925E-16,-1.,8.659560562355E-17));
#4533 = ADVANCED_FACE('',(#4534),#4568,.T.);
#4534 = FACE_BOUND('',#4535,.T.);
#4535 = EDGE_LOOP('',(#4536,#4537,#4545,#4553,#4561,#4567));
#4536 = ORIENTED_EDGE('',*,*,#1053,.F.);
#4537 = ORIENTED_EDGE('',*,*,#4538,.T.);
#4538 = EDGE_CURVE('',#1046,#4539,#4541,.T.);
#4539 = VERTEX_POINT('',#4540);
#4540 = CARTESIAN_POINT('',(-124.6389999032,83.082744055837,-2.105));
#4541 = LINE('',#4542,#4543);
#4542 = CARTESIAN_POINT('',(-124.6389999032,83.082744055837,4.895));
#4543 = VECTOR('',#4544,1.);
#4544 = DIRECTION('',(-8.659560562355E-17,-8.659560562355E-17,-1.));
#4545 = ORIENTED_EDGE('',*,*,#4546,.T.);
#4546 = EDGE_CURVE('',#4539,#4547,#4549,.T.);
#4547 = VERTEX_POINT('',#4548);
#4548 = CARTESIAN_POINT('',(-124.6389999171,83.356017278462,-2.105));
#4549 = LINE('',#4550,#4551);
#4550 = CARTESIAN_POINT('',(-124.6389999032,83.082744055837,-2.105));
#4551 = VECTOR('',#4552,1.);
#4552 = DIRECTION('',(-5.076101552796E-08,1.,-8.659560122787E-17));
#4553 = ORIENTED_EDGE('',*,*,#4554,.F.);
#4554 = EDGE_CURVE('',#4555,#4547,#4557,.T.);
#4555 = VERTEX_POINT('',#4556);
#4556 = CARTESIAN_POINT('',(-124.6389999171,83.356017278463,-2.));
#4557 = LINE('',#4558,#4559);
#4558 = CARTESIAN_POINT('',(-124.6389999171,83.356017278463,-4.));
#4559 = VECTOR('',#4560,1.);
#4560 = DIRECTION('',(2.E-16,1.224646799147E-16,-1.));
#4561 = ORIENTED_EDGE('',*,*,#4562,.F.);
#4562 = EDGE_CURVE('',#4514,#4555,#4563,.T.);
#4563 = LINE('',#4564,#4565);
#4564 = CARTESIAN_POINT('',(-124.6389977946,41.54137199901,-2.));
#4565 = VECTOR('',#4566,1.);
#4566 = DIRECTION('',(5.076101552796E-08,-1.,-1.224646697625E-16));
#4567 = ORIENTED_EDGE('',*,*,#4522,.T.);
#4568 = PLANE('',#4569);
#4569 = AXIS2_PLACEMENT_3D('',#4570,#4571,#4572);
#4570 = CARTESIAN_POINT('',(-124.6389999032,83.082744055837,4.895));
#4571 = DIRECTION('',(1.,5.076101552796E-08,-8.659561001923E-17));
#4572 = DIRECTION('',(-5.076101552796E-08,1.,-8.659560122787E-17));
#4573 = ADVANCED_FACE('',(#4574),#4608,.T.);
#4574 = FACE_BOUND('',#4575,.T.);
#4575 = EDGE_LOOP('',(#4576,#4577,#4585,#4593,#4601,#4607));
#4576 = ORIENTED_EDGE('',*,*,#1045,.F.);
#4577 = ORIENTED_EDGE('',*,*,#4578,.F.);
#4578 = EDGE_CURVE('',#4579,#1037,#4581,.T.);
#4579 = VERTEX_POINT('',#4580);
#4580 = CARTESIAN_POINT('',(-123.9347139398,83.489363794054,-2.));
#4581 = LINE('',#4582,#4583);
#4582 = CARTESIAN_POINT('',(-123.9347139398,83.489363794054,4.895));
#4583 = VECTOR('',#4584,1.);
#4584 = DIRECTION('',(8.659560562355E-17,8.659560562355E-17,1.));
#4585 = ORIENTED_EDGE('',*,*,#4586,.F.);
#4586 = EDGE_CURVE('',#4587,#4579,#4589,.T.);
#4587 = VERTEX_POINT('',#4588);
#4588 = CARTESIAN_POINT('',(-124.4062649854,83.217113639039,-2.));
#4589 = LINE('',#4590,#4591);
#4590 = CARTESIAN_POINT('',(-140.5498178094,73.896627977858,-2.));
#4591 = VECTOR('',#4592,1.);
#4592 = DIRECTION('',(0.866025378404,0.50000004396,2.344374210217E-16));
#4593 = ORIENTED_EDGE('',*,*,#4594,.T.);
#4594 = EDGE_CURVE('',#4587,#4595,#4597,.T.);
#4595 = VERTEX_POINT('',#4596);
#4596 = CARTESIAN_POINT('',(-124.4062649854,83.217113639039,-2.105));
#4597 = LINE('',#4598,#4599);
#4598 = CARTESIAN_POINT('',(-124.4062649854,83.217113639039,-4.));
#4599 = VECTOR('',#4600,1.);
#4600 = DIRECTION('',(2.E-16,1.224646799147E-16,-1.));
#4601 = ORIENTED_EDGE('',*,*,#4602,.T.);
#4602 = EDGE_CURVE('',#4595,#4539,#4603,.T.);
#4603 = LINE('',#4604,#4605);
#4604 = CARTESIAN_POINT('',(-121.339,84.988000111674,-2.105));
#4605 = VECTOR('',#4606,1.);
#4606 = DIRECTION('',(-0.866025378404,-0.50000004396,1.182917987468E-16)
  );
#4607 = ORIENTED_EDGE('',*,*,#4538,.F.);
#4608 = PLANE('',#4609);
#4609 = AXIS2_PLACEMENT_3D('',#4610,#4611,#4612);
#4610 = CARTESIAN_POINT('',(-121.339,84.988000111674,4.895));
#4611 = DIRECTION('',(-0.50000004396,0.866025378404,-3.169618550974E-17)
  );
#4612 = DIRECTION('',(-0.866025378404,-0.50000004396,1.182917987468E-16)
  );
#4613 = ADVANCED_FACE('',(#4614),#4633,.F.);
#4614 = FACE_BOUND('',#4615,.F.);
#4615 = EDGE_LOOP('',(#4616,#4624,#4625,#4626));
#4616 = ORIENTED_EDGE('',*,*,#4617,.T.);
#4617 = EDGE_CURVE('',#4618,#1029,#4620,.T.);
#4618 = VERTEX_POINT('',#4619);
#4619 = CARTESIAN_POINT('',(-122.0432859633,84.581380373457,-2.));
#4620 = LINE('',#4621,#4622);
#4621 = CARTESIAN_POINT('',(-122.0432859633,84.581380373457,4.895));
#4622 = VECTOR('',#4623,1.);
#4623 = DIRECTION('',(8.659560562355E-17,8.659560562355E-17,1.));
#4624 = ORIENTED_EDGE('',*,*,#1036,.F.);
#4625 = ORIENTED_EDGE('',*,*,#4578,.F.);
#4626 = ORIENTED_EDGE('',*,*,#4627,.T.);
#4627 = EDGE_CURVE('',#4579,#4618,#4628,.T.);
#4628 = CIRCLE('',#4629,1.55);
#4629 = AXIS2_PLACEMENT_3D('',#4630,#4631,#4632);
#4630 = CARTESIAN_POINT('',(-123.539,84.988,-2.));
#4631 = DIRECTION('',(8.659560562355E-17,8.659560562355E-17,1.));
#4632 = DIRECTION('',(-2.22044604925E-16,-1.,8.659560562355E-17));
#4633 = CYLINDRICAL_SURFACE('',#4634,1.55);
#4634 = AXIS2_PLACEMENT_3D('',#4635,#4636,#4637);
#4635 = CARTESIAN_POINT('',(-123.539,84.988,4.895));
#4636 = DIRECTION('',(8.659560562355E-17,8.659560562355E-17,1.));
#4637 = DIRECTION('',(-2.22044604925E-16,-1.,8.659560562355E-17));
#4638 = ADVANCED_FACE('',(#4639),#4666,.T.);
#4639 = FACE_BOUND('',#4640,.T.);
#4640 = EDGE_LOOP('',(#4641,#4642,#4643,#4651,#4659,#4665));
#4641 = ORIENTED_EDGE('',*,*,#1028,.F.);
#4642 = ORIENTED_EDGE('',*,*,#4393,.T.);
#4643 = ORIENTED_EDGE('',*,*,#4644,.T.);
#4644 = EDGE_CURVE('',#4386,#4645,#4647,.T.);
#4645 = VERTEX_POINT('',#4646);
#4646 = CARTESIAN_POINT('',(-121.5028426157,84.893405522255,-2.105));
#4647 = LINE('',#4648,#4649);
#4648 = CARTESIAN_POINT('',(-121.339,84.988000111674,-2.105));
#4649 = VECTOR('',#4650,1.);
#4650 = DIRECTION('',(-0.866025378404,-0.50000004396,1.182917987468E-16)
  );
#4651 = ORIENTED_EDGE('',*,*,#4652,.F.);
#4652 = EDGE_CURVE('',#4653,#4645,#4655,.T.);
#4653 = VERTEX_POINT('',#4654);
#4654 = CARTESIAN_POINT('',(-121.5028426157,84.893405522256,-2.));
#4655 = LINE('',#4656,#4657);
#4656 = CARTESIAN_POINT('',(-121.5028426157,84.893405522256,-4.));
#4657 = VECTOR('',#4658,1.);
#4658 = DIRECTION('',(2.E-16,1.224646799147E-16,-1.));
#4659 = ORIENTED_EDGE('',*,*,#4660,.F.);
#4660 = EDGE_CURVE('',#4618,#4653,#4661,.T.);
#4661 = LINE('',#4662,#4663);
#4662 = CARTESIAN_POINT('',(-140.5498178094,73.896627977858,-2.));
#4663 = VECTOR('',#4664,1.);
#4664 = DIRECTION('',(0.866025378404,0.50000004396,2.344374210217E-16));
#4665 = ORIENTED_EDGE('',*,*,#4617,.T.);
#4666 = PLANE('',#4667);
#4667 = AXIS2_PLACEMENT_3D('',#4668,#4669,#4670);
#4668 = CARTESIAN_POINT('',(-121.339,84.988000111674,4.895));
#4669 = DIRECTION('',(-0.50000004396,0.866025378404,-3.169618550974E-17)
  );
#4670 = DIRECTION('',(-0.866025378404,-0.50000004396,1.182917987468E-16)
  );
#4671 = ADVANCED_FACE('',(#4672),#4685,.F.);
#4672 = FACE_BOUND('',#4673,.F.);
#4673 = EDGE_LOOP('',(#4674,#4683,#4684));
#4674 = ORIENTED_EDGE('',*,*,#4675,.T.);
#4675 = EDGE_CURVE('',#1096,#4676,#4678,.T.);
#4676 = VERTEX_POINT('',#4677);
#4677 = CARTESIAN_POINT('',(-123.,76.,-4.));
#4678 = CIRCLE('',#4679,4.);
#4679 = AXIS2_PLACEMENT_3D('',#4680,#4681,#4682);
#4680 = CARTESIAN_POINT('',(-123.,76.,-1.529268432648E-14));
#4681 = DIRECTION('',(-4.449293598295E-16,1.,1.224646799147E-16));
#4682 = DIRECTION('',(1.,4.449293598295E-16,2.E-16));
#4683 = ORIENTED_EDGE('',*,*,#4675,.F.);
#4684 = ORIENTED_EDGE('',*,*,#1095,.T.);
#4685 = SPHERICAL_SURFACE('',#4686,4.);
#4686 = AXIS2_PLACEMENT_3D('',#4687,#4688,#4689);
#4687 = CARTESIAN_POINT('',(-123.,76.,-1.529268432648E-14));
#4688 = DIRECTION('',(2.E-16,1.224646799147E-16,-1.));
#4689 = DIRECTION('',(1.,2.E-16,2.E-16));
#4690 = ADVANCED_FACE('',(#4691),#4704,.F.);
#4691 = FACE_BOUND('',#4692,.F.);
#4692 = EDGE_LOOP('',(#4693,#4702,#4703));
#4693 = ORIENTED_EDGE('',*,*,#4694,.T.);
#4694 = EDGE_CURVE('',#1107,#4695,#4697,.T.);
#4695 = VERTEX_POINT('',#4696);
#4696 = CARTESIAN_POINT('',(-123.,-76.,-4.));
#4697 = CIRCLE('',#4698,4.);
#4698 = AXIS2_PLACEMENT_3D('',#4699,#4700,#4701);
#4699 = CARTESIAN_POINT('',(-123.,-76.,-3.390731567352E-14));
#4700 = DIRECTION('',(-4.449293598295E-16,1.,1.224646799147E-16));
#4701 = DIRECTION('',(1.,4.449293598295E-16,2.E-16));
#4702 = ORIENTED_EDGE('',*,*,#4694,.F.);
#4703 = ORIENTED_EDGE('',*,*,#1106,.T.);
#4704 = SPHERICAL_SURFACE('',#4705,4.);
#4705 = AXIS2_PLACEMENT_3D('',#4706,#4707,#4708);
#4706 = CARTESIAN_POINT('',(-123.,-76.,-3.390731567352E-14));
#4707 = DIRECTION('',(2.E-16,1.224646799147E-16,-1.));
#4708 = DIRECTION('',(1.,2.E-16,2.E-16));
#4709 = ADVANCED_FACE('',(#4710),#4751,.T.);
#4710 = FACE_BOUND('',#4711,.T.);
#4711 = EDGE_LOOP('',(#4712,#4713,#4721,#4729,#4737,#4745));
#4712 = ORIENTED_EDGE('',*,*,#1117,.F.);
#4713 = ORIENTED_EDGE('',*,*,#4714,.F.);
#4714 = EDGE_CURVE('',#4715,#1118,#4717,.T.);
#4715 = VERTEX_POINT('',#4716);
#4716 = CARTESIAN_POINT('',(-122.0832860046,-84.5653802216,-2.));
#4717 = LINE('',#4718,#4719);
#4718 = CARTESIAN_POINT('',(-122.0832860046,-84.5653802216,4.855));
#4719 = VECTOR('',#4720,1.);
#4720 = DIRECTION('',(8.659560562355E-17,8.659560562355E-17,1.));
#4721 = ORIENTED_EDGE('',*,*,#4722,.F.);
#4722 = EDGE_CURVE('',#4723,#4715,#4725,.T.);
#4723 = VERTEX_POINT('',#4724);
#4724 = CARTESIAN_POINT('',(-121.5024658044,-84.90071688123,-2.));
#4725 = LINE('',#4726,#4727);
#4726 = CARTESIAN_POINT('',(-142.221351645,-72.93866396612,-2.));
#4727 = VECTOR('',#4728,1.);
#4728 = DIRECTION('',(-0.866025429165,0.49999995604,-1.119727512592E-16)
  );
#4729 = ORIENTED_EDGE('',*,*,#4730,.T.);
#4730 = EDGE_CURVE('',#4723,#4731,#4733,.T.);
#4731 = VERTEX_POINT('',#4732);
#4732 = CARTESIAN_POINT('',(-121.5024658044,-84.90071688123,-2.145));
#4733 = LINE('',#4734,#4735);
#4734 = CARTESIAN_POINT('',(-121.5024658044,-84.90071688123,-4.));
#4735 = VECTOR('',#4736,1.);
#4736 = DIRECTION('',(2.E-16,1.224646799147E-16,-1.));
#4737 = ORIENTED_EDGE('',*,*,#4738,.T.);
#4738 = EDGE_CURVE('',#4731,#4739,#4741,.T.);
#4739 = VERTEX_POINT('',#4740);
#4740 = CARTESIAN_POINT('',(-121.379,-84.97199988832,-2.145));
#4741 = LINE('',#4742,#4743);
#4742 = CARTESIAN_POINT('',(-124.6790000967,-83.06674416751,-2.145));
#4743 = VECTOR('',#4744,1.);
#4744 = DIRECTION('',(0.866025429165,-0.49999995604,-3.16961975189E-17)
  );
#4745 = ORIENTED_EDGE('',*,*,#4746,.F.);
#4746 = EDGE_CURVE('',#1120,#4739,#4747,.T.);
#4747 = LINE('',#4748,#4749);
#4748 = CARTESIAN_POINT('',(-121.379,-84.97199988832,4.855));
#4749 = VECTOR('',#4750,1.);
#4750 = DIRECTION('',(-8.659560562355E-17,-8.659560562355E-17,-1.));
#4751 = PLANE('',#4752);
#4752 = AXIS2_PLACEMENT_3D('',#4753,#4754,#4755);
#4753 = CARTESIAN_POINT('',(-124.6790000967,-83.06674416751,4.855));
#4754 = DIRECTION('',(-0.49999995604,-0.866025429165,1.182917955289E-16)
  );
#4755 = DIRECTION('',(0.866025429165,-0.49999995604,-3.16961975189E-17)
  );
#4756 = ADVANCED_FACE('',(#4757),#4776,.F.);
#4757 = FACE_BOUND('',#4758,.F.);
#4758 = EDGE_LOOP('',(#4759,#4768,#4774,#4775));
#4759 = ORIENTED_EDGE('',*,*,#4760,.T.);
#4760 = EDGE_CURVE('',#4715,#4761,#4763,.T.);
#4761 = VERTEX_POINT('',#4762);
#4762 = CARTESIAN_POINT('',(-123.974714092,-83.47336383422,-2.));
#4763 = CIRCLE('',#4764,1.55);
#4764 = AXIS2_PLACEMENT_3D('',#4765,#4766,#4767);
#4765 = CARTESIAN_POINT('',(-123.579,-84.972,-2.));
#4766 = DIRECTION('',(8.659560562355E-17,8.659560562355E-17,1.));
#4767 = DIRECTION('',(-2.22044604925E-16,-1.,8.659560562355E-17));
#4768 = ORIENTED_EDGE('',*,*,#4769,.T.);
#4769 = EDGE_CURVE('',#4761,#1178,#4770,.T.);
#4770 = LINE('',#4771,#4772);
#4771 = CARTESIAN_POINT('',(-123.974714092,-83.47336383422,4.855));
#4772 = VECTOR('',#4773,1.);
#4773 = DIRECTION('',(8.659560562355E-17,8.659560562355E-17,1.));
#4774 = ORIENTED_EDGE('',*,*,#1185,.F.);
#4775 = ORIENTED_EDGE('',*,*,#4714,.F.);
#4776 = CYLINDRICAL_SURFACE('',#4777,1.55);
#4777 = AXIS2_PLACEMENT_3D('',#4778,#4779,#4780);
#4778 = CARTESIAN_POINT('',(-123.579,-84.972,4.855));
#4779 = DIRECTION('',(8.659560562355E-17,8.659560562355E-17,1.));
#4780 = DIRECTION('',(-2.22044604925E-16,-1.,8.659560562355E-17));
#4781 = ADVANCED_FACE('',(#4782),#4816,.T.);
#4782 = FACE_BOUND('',#4783,.T.);
#4783 = EDGE_LOOP('',(#4784,#4785,#4793,#4801,#4809,#4815));
#4784 = ORIENTED_EDGE('',*,*,#1177,.F.);
#4785 = ORIENTED_EDGE('',*,*,#4786,.T.);
#4786 = EDGE_CURVE('',#1170,#4787,#4789,.T.);
#4787 = VERTEX_POINT('',#4788);
#4788 = CARTESIAN_POINT('',(-124.6790000967,-83.06674416751,-2.145));
#4789 = LINE('',#4790,#4791);
#4790 = CARTESIAN_POINT('',(-124.6790000967,-83.06674416751,4.855));
#4791 = VECTOR('',#4792,1.);
#4792 = DIRECTION('',(-8.659560562355E-17,-8.659560562355E-17,-1.));
#4793 = ORIENTED_EDGE('',*,*,#4794,.T.);
#4794 = EDGE_CURVE('',#4787,#4795,#4797,.T.);
#4795 = VERTEX_POINT('',#4796);
#4796 = CARTESIAN_POINT('',(-124.4127855754,-83.22044317502,-2.145));
#4797 = LINE('',#4798,#4799);
#4798 = CARTESIAN_POINT('',(-124.6790000967,-83.06674416751,-2.145));
#4799 = VECTOR('',#4800,1.);
#4800 = DIRECTION('',(0.866025429165,-0.49999995604,-3.16961975189E-17)
  );
#4801 = ORIENTED_EDGE('',*,*,#4802,.F.);
#4802 = EDGE_CURVE('',#4803,#4795,#4805,.T.);
#4803 = VERTEX_POINT('',#4804);
#4804 = CARTESIAN_POINT('',(-124.4127855754,-83.22044317502,-2.));
#4805 = LINE('',#4806,#4807);
#4806 = CARTESIAN_POINT('',(-124.4127855754,-83.22044317502,-4.));
#4807 = VECTOR('',#4808,1.);
#4808 = DIRECTION('',(2.E-16,1.224646799147E-16,-1.));
#4809 = ORIENTED_EDGE('',*,*,#4810,.F.);
#4810 = EDGE_CURVE('',#4761,#4803,#4811,.T.);
#4811 = LINE('',#4812,#4813);
#4812 = CARTESIAN_POINT('',(-142.221351645,-72.93866396612,-2.));
#4813 = VECTOR('',#4814,1.);
#4814 = DIRECTION('',(-0.866025429165,0.49999995604,-1.119727512592E-16)
  );
#4815 = ORIENTED_EDGE('',*,*,#4769,.T.);
#4816 = PLANE('',#4817);
#4817 = AXIS2_PLACEMENT_3D('',#4818,#4819,#4820);
#4818 = CARTESIAN_POINT('',(-124.6790000967,-83.06674416751,4.855));
#4819 = DIRECTION('',(-0.49999995604,-0.866025429165,1.182917955289E-16)
  );
#4820 = DIRECTION('',(0.866025429165,-0.49999995604,-3.16961975189E-17)
  );
#4821 = ADVANCED_FACE('',(#4822),#4856,.T.);
#4822 = FACE_BOUND('',#4823,.T.);
#4823 = EDGE_LOOP('',(#4824,#4825,#4833,#4841,#4849,#4855));
#4824 = ORIENTED_EDGE('',*,*,#1169,.F.);
#4825 = ORIENTED_EDGE('',*,*,#4826,.F.);
#4826 = EDGE_CURVE('',#4827,#1161,#4829,.T.);
#4827 = VERTEX_POINT('',#4828);
#4828 = CARTESIAN_POINT('',(-124.6790000554,-83.87998357244,-2.));
#4829 = LINE('',#4830,#4831);
#4830 = CARTESIAN_POINT('',(-124.6790000554,-83.87998357244,4.855));
#4831 = VECTOR('',#4832,1.);
#4832 = DIRECTION('',(8.659560562355E-17,8.659560562355E-17,1.));
#4833 = ORIENTED_EDGE('',*,*,#4834,.F.);
#4834 = EDGE_CURVE('',#4835,#4827,#4837,.T.);
#4835 = VERTEX_POINT('',#4836);
#4836 = CARTESIAN_POINT('',(-124.6790000805,-83.3844633059,-2.));
#4837 = LINE('',#4838,#4839);
#4838 = CARTESIAN_POINT('',(-124.6790021082,-43.438628002,-2.));
#4839 = VECTOR('',#4840,1.);
#4840 = DIRECTION('',(5.076101552796E-08,-1.,-1.224646697625E-16));
#4841 = ORIENTED_EDGE('',*,*,#4842,.T.);
#4842 = EDGE_CURVE('',#4835,#4843,#4845,.T.);
#4843 = VERTEX_POINT('',#4844);
#4844 = CARTESIAN_POINT('',(-124.6790000805,-83.3844633059,-2.145));
#4845 = LINE('',#4846,#4847);
#4846 = CARTESIAN_POINT('',(-124.6790000805,-83.3844633059,-4.));
#4847 = VECTOR('',#4848,1.);
#4848 = DIRECTION('',(2.E-16,1.224646799147E-16,-1.));
#4849 = ORIENTED_EDGE('',*,*,#4850,.T.);
#4850 = EDGE_CURVE('',#4843,#4787,#4851,.T.);
#4851 = LINE('',#4852,#4853);
#4852 = CARTESIAN_POINT('',(-124.6789999032,-86.87725594416,-2.145));
#4853 = VECTOR('',#4854,1.);
#4854 = DIRECTION('',(-5.076101552796E-08,1.,-8.659560122787E-17));
#4855 = ORIENTED_EDGE('',*,*,#4786,.F.);
#4856 = PLANE('',#4857);
#4857 = AXIS2_PLACEMENT_3D('',#4858,#4859,#4860);
#4858 = CARTESIAN_POINT('',(-124.6789999032,-86.87725594416,4.855));
#4859 = DIRECTION('',(1.,5.076101552796E-08,-8.659561001923E-17));
#4860 = DIRECTION('',(-5.076101552796E-08,1.,-8.659560122787E-17));
#4861 = ADVANCED_FACE('',(#4862),#4881,.F.);
#4862 = FACE_BOUND('',#4863,.F.);
#4863 = EDGE_LOOP('',(#4864,#4865,#4874,#4880));
#4864 = ORIENTED_EDGE('',*,*,#4826,.F.);
#4865 = ORIENTED_EDGE('',*,*,#4866,.T.);
#4866 = EDGE_CURVE('',#4827,#4867,#4869,.T.);
#4867 = VERTEX_POINT('',#4868);
#4868 = CARTESIAN_POINT('',(-124.6789999445,-86.06401653922,-2.));
#4869 = CIRCLE('',#4870,1.55);
#4870 = AXIS2_PLACEMENT_3D('',#4871,#4872,#4873);
#4871 = CARTESIAN_POINT('',(-123.579,-84.972,-2.));
#4872 = DIRECTION('',(8.659560562355E-17,8.659560562355E-17,1.));
#4873 = DIRECTION('',(-2.22044604925E-16,-1.,8.659560562355E-17));
#4874 = ORIENTED_EDGE('',*,*,#4875,.T.);
#4875 = EDGE_CURVE('',#4867,#1153,#4876,.T.);
#4876 = LINE('',#4877,#4878);
#4877 = CARTESIAN_POINT('',(-124.6789999445,-86.06401653922,4.855));
#4878 = VECTOR('',#4879,1.);
#4879 = DIRECTION('',(8.659560562355E-17,8.659560562355E-17,1.));
#4880 = ORIENTED_EDGE('',*,*,#1160,.F.);
#4881 = CYLINDRICAL_SURFACE('',#4882,1.55);
#4882 = AXIS2_PLACEMENT_3D('',#4883,#4884,#4885);
#4883 = CARTESIAN_POINT('',(-123.579,-84.972,4.855));
#4884 = DIRECTION('',(8.659560562355E-17,8.659560562355E-17,1.));
#4885 = DIRECTION('',(-2.22044604925E-16,-1.,8.659560562355E-17));
#4886 = ADVANCED_FACE('',(#4887),#4921,.T.);
#4887 = FACE_BOUND('',#4888,.T.);
#4888 = EDGE_LOOP('',(#4889,#4890,#4898,#4906,#4914,#4920));
#4889 = ORIENTED_EDGE('',*,*,#1152,.F.);
#4890 = ORIENTED_EDGE('',*,*,#4891,.T.);
#4891 = EDGE_CURVE('',#1145,#4892,#4894,.T.);
#4892 = VERTEX_POINT('',#4893);
#4893 = CARTESIAN_POINT('',(-124.6789999032,-86.87725594416,-2.145));
#4894 = LINE('',#4895,#4896);
#4895 = CARTESIAN_POINT('',(-124.6789999032,-86.87725594416,4.855));
#4896 = VECTOR('',#4897,1.);
#4897 = DIRECTION('',(-8.659560562355E-17,-8.659560562355E-17,-1.));
#4898 = ORIENTED_EDGE('',*,*,#4899,.T.);
#4899 = EDGE_CURVE('',#4892,#4900,#4902,.T.);
#4900 = VERTEX_POINT('',#4901);
#4901 = CARTESIAN_POINT('',(-124.6789999165,-86.61553681379,-2.145));
#4902 = LINE('',#4903,#4904);
#4903 = CARTESIAN_POINT('',(-124.6789999032,-86.87725594416,-2.145));
#4904 = VECTOR('',#4905,1.);
#4905 = DIRECTION('',(-5.076101552796E-08,1.,-8.659560122787E-17));
#4906 = ORIENTED_EDGE('',*,*,#4907,.F.);
#4907 = EDGE_CURVE('',#4908,#4900,#4910,.T.);
#4908 = VERTEX_POINT('',#4909);
#4909 = CARTESIAN_POINT('',(-124.6789999165,-86.61553681379,-2.));
#4910 = LINE('',#4911,#4912);
#4911 = CARTESIAN_POINT('',(-124.6789999165,-86.61553681379,-4.));
#4912 = VECTOR('',#4913,1.);
#4913 = DIRECTION('',(2.E-16,1.224646799147E-16,-1.));
#4914 = ORIENTED_EDGE('',*,*,#4915,.F.);
#4915 = EDGE_CURVE('',#4867,#4908,#4916,.T.);
#4916 = LINE('',#4917,#4918);
#4917 = CARTESIAN_POINT('',(-124.6790021082,-43.438628002,-2.));
#4918 = VECTOR('',#4919,1.);
#4919 = DIRECTION('',(5.076101552796E-08,-1.,-1.224646697625E-16));
#4920 = ORIENTED_EDGE('',*,*,#4875,.T.);
#4921 = PLANE('',#4922);
#4922 = AXIS2_PLACEMENT_3D('',#4923,#4924,#4925);
#4923 = CARTESIAN_POINT('',(-124.6789999032,-86.87725594416,4.855));
#4924 = DIRECTION('',(1.,5.076101552796E-08,-8.659561001923E-17));
#4925 = DIRECTION('',(-5.076101552796E-08,1.,-8.659560122787E-17));
#4926 = ADVANCED_FACE('',(#4927),#4961,.T.);
#4927 = FACE_BOUND('',#4928,.T.);
#4928 = EDGE_LOOP('',(#4929,#4930,#4938,#4946,#4954,#4960));
#4929 = ORIENTED_EDGE('',*,*,#1144,.F.);
#4930 = ORIENTED_EDGE('',*,*,#4931,.F.);
#4931 = EDGE_CURVE('',#4932,#1136,#4934,.T.);
#4932 = VERTEX_POINT('',#4933);
#4933 = CARTESIAN_POINT('',(-123.9747139398,-86.47063620594,-2.));
#4934 = LINE('',#4935,#4936);
#4935 = CARTESIAN_POINT('',(-123.9747139398,-86.47063620594,4.855));
#4936 = VECTOR('',#4937,1.);
#4937 = DIRECTION('',(8.659560562355E-17,8.659560562355E-17,1.));
#4938 = ORIENTED_EDGE('',*,*,#4939,.F.);
#4939 = EDGE_CURVE('',#4940,#4932,#4942,.T.);
#4940 = VERTEX_POINT('',#4941);
#4941 = CARTESIAN_POINT('',(-124.4633051487,-86.75272450497,-2.));
#4942 = LINE('',#4943,#4944);
#4943 = CARTESIAN_POINT('',(-103.7773962466,-74.80970803187,-2.));
#4944 = VECTOR('',#4945,1.);
#4945 = DIRECTION('',(0.866025378404,0.50000004396,2.344374210217E-16));
#4946 = ORIENTED_EDGE('',*,*,#4947,.T.);
#4947 = EDGE_CURVE('',#4940,#4948,#4950,.T.);
#4948 = VERTEX_POINT('',#4949);
#4949 = CARTESIAN_POINT('',(-124.4633051487,-86.75272450497,-2.145));
#4950 = LINE('',#4951,#4952);
#4951 = CARTESIAN_POINT('',(-124.4633051487,-86.75272450497,-4.));
#4952 = VECTOR('',#4953,1.);
#4953 = DIRECTION('',(2.E-16,1.224646799147E-16,-1.));
#4954 = ORIENTED_EDGE('',*,*,#4955,.T.);
#4955 = EDGE_CURVE('',#4948,#4892,#4956,.T.);
#4956 = LINE('',#4957,#4958);
#4957 = CARTESIAN_POINT('',(-121.379,-84.97199988832,-2.145));
#4958 = VECTOR('',#4959,1.);
#4959 = DIRECTION('',(-0.866025378404,-0.50000004396,1.182917987468E-16)
  );
#4960 = ORIENTED_EDGE('',*,*,#4891,.F.);
#4961 = PLANE('',#4962);
#4962 = AXIS2_PLACEMENT_3D('',#4963,#4964,#4965);
#4963 = CARTESIAN_POINT('',(-121.379,-84.97199988832,4.855));
#4964 = DIRECTION('',(-0.50000004396,0.866025378404,-3.169618550974E-17)
  );
#4965 = DIRECTION('',(-0.866025378404,-0.50000004396,1.182917987468E-16)
  );
#4966 = ADVANCED_FACE('',(#4967),#4986,.F.);
#4967 = FACE_BOUND('',#4968,.F.);
#4968 = EDGE_LOOP('',(#4969,#4977,#4978,#4979));
#4969 = ORIENTED_EDGE('',*,*,#4970,.T.);
#4970 = EDGE_CURVE('',#4971,#1128,#4973,.T.);
#4971 = VERTEX_POINT('',#4972);
#4972 = CARTESIAN_POINT('',(-122.0832859633,-85.37861962654,-2.));
#4973 = LINE('',#4974,#4975);
#4974 = CARTESIAN_POINT('',(-122.0832859633,-85.37861962654,4.855));
#4975 = VECTOR('',#4976,1.);
#4976 = DIRECTION('',(8.659560562355E-17,8.659560562355E-17,1.));
#4977 = ORIENTED_EDGE('',*,*,#1135,.F.);
#4978 = ORIENTED_EDGE('',*,*,#4931,.F.);
#4979 = ORIENTED_EDGE('',*,*,#4980,.T.);
#4980 = EDGE_CURVE('',#4932,#4971,#4981,.T.);
#4981 = CIRCLE('',#4982,1.55);
#4982 = AXIS2_PLACEMENT_3D('',#4983,#4984,#4985);
#4983 = CARTESIAN_POINT('',(-123.579,-84.972,-2.));
#4984 = DIRECTION('',(8.659560562355E-17,8.659560562355E-17,1.));
#4985 = DIRECTION('',(-2.22044604925E-16,-1.,8.659560562355E-17));
#4986 = CYLINDRICAL_SURFACE('',#4987,1.55);
#4987 = AXIS2_PLACEMENT_3D('',#4988,#4989,#4990);
#4988 = CARTESIAN_POINT('',(-123.579,-84.972,4.855));
#4989 = DIRECTION('',(8.659560562355E-17,8.659560562355E-17,1.));
#4990 = DIRECTION('',(-2.22044604925E-16,-1.,8.659560562355E-17));
#4991 = ADVANCED_FACE('',(#4992),#5019,.T.);
#4992 = FACE_BOUND('',#4993,.T.);
#4993 = EDGE_LOOP('',(#4994,#4995,#4996,#5004,#5012,#5018));
#4994 = ORIENTED_EDGE('',*,*,#1127,.F.);
#4995 = ORIENTED_EDGE('',*,*,#4746,.T.);
#4996 = ORIENTED_EDGE('',*,*,#4997,.T.);
#4997 = EDGE_CURVE('',#4739,#4998,#5000,.T.);
#4998 = VERTEX_POINT('',#4999);
#4999 = CARTESIAN_POINT('',(-121.5004434741,-85.04211531906,-2.145));
#5000 = LINE('',#5001,#5002);
#5001 = CARTESIAN_POINT('',(-121.379,-84.97199988832,-2.145));
#5002 = VECTOR('',#5003,1.);
#5003 = DIRECTION('',(-0.866025378404,-0.50000004396,1.182917987468E-16)
  );
#5004 = ORIENTED_EDGE('',*,*,#5005,.F.);
#5005 = EDGE_CURVE('',#5006,#4998,#5008,.T.);
#5006 = VERTEX_POINT('',#5007);
#5007 = CARTESIAN_POINT('',(-121.5004434741,-85.04211531906,-2.));
#5008 = LINE('',#5009,#5010);
#5009 = CARTESIAN_POINT('',(-121.5004434741,-85.04211531906,-4.));
#5010 = VECTOR('',#5011,1.);
#5011 = DIRECTION('',(2.E-16,1.224646799147E-16,-1.));
#5012 = ORIENTED_EDGE('',*,*,#5013,.F.);
#5013 = EDGE_CURVE('',#4971,#5006,#5014,.T.);
#5014 = LINE('',#5015,#5016);
#5015 = CARTESIAN_POINT('',(-103.7773962466,-74.80970803187,-2.));
#5016 = VECTOR('',#5017,1.);
#5017 = DIRECTION('',(0.866025378404,0.50000004396,2.344374210217E-16));
#5018 = ORIENTED_EDGE('',*,*,#4970,.T.);
#5019 = PLANE('',#5020);
#5020 = AXIS2_PLACEMENT_3D('',#5021,#5022,#5023);
#5021 = CARTESIAN_POINT('',(-121.379,-84.97199988832,4.855));
#5022 = DIRECTION('',(-0.50000004396,0.866025378404,-3.169618550974E-17)
  );
#5023 = DIRECTION('',(-0.866025378404,-0.50000004396,1.182917987468E-16)
  );
#5024 = ADVANCED_FACE('',(#5025),#5036,.T.);
#5025 = FACE_BOUND('',#5026,.T.);
#5026 = EDGE_LOOP('',(#5027,#5033,#5034,#5035));
#5027 = ORIENTED_EDGE('',*,*,#5028,.T.);
#5028 = EDGE_CURVE('',#4130,#3383,#5029,.T.);
#5029 = LINE('',#5030,#5031);
#5030 = CARTESIAN_POINT('',(-114.5,89.,-1.139592626567E-14));
#5031 = VECTOR('',#5032,1.);
#5032 = DIRECTION('',(2.E-16,-1.79893931047E-16,-1.));
#5033 = ORIENTED_EDGE('',*,*,#3390,.T.);
#5034 = ORIENTED_EDGE('',*,*,#1210,.F.);
#5035 = ORIENTED_EDGE('',*,*,#4137,.T.);
#5036 = PLANE('',#5037);
#5037 = AXIS2_PLACEMENT_3D('',#5038,#5039,#5040);
#5038 = CARTESIAN_POINT('',(-113.5,90.,-1.137582019671E-14));
#5039 = DIRECTION('',(0.707106781187,-0.707106781187,5.482575061376E-17)
  );
#5040 = DIRECTION('',(4.882069451913E-17,-2.871462556614E-17,-1.));
#5041 = ADVANCED_FACE('',(#5042),#5067,.F.);
#5042 = FACE_BOUND('',#5043,.F.);
#5043 = EDGE_LOOP('',(#5044,#5052,#5060,#5066));
#5044 = ORIENTED_EDGE('',*,*,#5045,.T.);
#5045 = EDGE_CURVE('',#1219,#5046,#5048,.T.);
#5046 = VERTEX_POINT('',#5047);
#5047 = CARTESIAN_POINT('',(-87.,92.,-15.));
#5048 = LINE('',#5049,#5050);
#5049 = CARTESIAN_POINT('',(-87.,91.25,-14.25));
#5050 = VECTOR('',#5051,1.);
#5051 = DIRECTION('',(3.845925372767E-15,0.707106781187,-0.707106781187)
  );
#5052 = ORIENTED_EDGE('',*,*,#5053,.T.);
#5053 = EDGE_CURVE('',#5046,#5054,#5056,.T.);
#5054 = VERTEX_POINT('',#5055);
#5055 = CARTESIAN_POINT('',(-88.,92.,-15.));
#5056 = LINE('',#5057,#5058);
#5057 = CARTESIAN_POINT('',(-86.,92.,-15.));
#5058 = VECTOR('',#5059,1.);
#5059 = DIRECTION('',(-1.,-2.E-16,-2.E-16));
#5060 = ORIENTED_EDGE('',*,*,#5061,.F.);
#5061 = EDGE_CURVE('',#1221,#5054,#5062,.T.);
#5062 = LINE('',#5063,#5064);
#5063 = CARTESIAN_POINT('',(-88.,91.75,-14.75));
#5064 = VECTOR('',#5065,1.);
#5065 = DIRECTION('',(3.749777238448E-15,0.707106781187,-0.707106781187)
  );
#5066 = ORIENTED_EDGE('',*,*,#1218,.F.);
#5067 = PLANE('',#5068);
#5068 = AXIS2_PLACEMENT_3D('',#5069,#5070,#5071);
#5069 = CARTESIAN_POINT('',(-86.,91.5,-14.5));
#5070 = DIRECTION('',(-2.828427124746E-16,0.707106781187,0.707106781187)
  );
#5071 = DIRECTION('',(-1.,-2.E-16,-2.E-16));
#5072 = ADVANCED_FACE('',(#5073),#5091,.F.);
#5073 = FACE_BOUND('',#5074,.F.);
#5074 = EDGE_LOOP('',(#5075,#5076,#5077,#5085));
#5075 = ORIENTED_EDGE('',*,*,#5045,.F.);
#5076 = ORIENTED_EDGE('',*,*,#1228,.T.);
#5077 = ORIENTED_EDGE('',*,*,#5078,.T.);
#5078 = EDGE_CURVE('',#1229,#5079,#5081,.T.);
#5079 = VERTEX_POINT('',#5080);
#5080 = CARTESIAN_POINT('',(-86.,92.,-16.));
#5081 = LINE('',#5082,#5083);
#5082 = CARTESIAN_POINT('',(-85.75,91.75,-16.));
#5083 = VECTOR('',#5084,1.);
#5084 = DIRECTION('',(-0.707106781187,0.707106781187,-1.390015709258E-14
    ));
#5085 = ORIENTED_EDGE('',*,*,#5086,.F.);
#5086 = EDGE_CURVE('',#5046,#5079,#5087,.T.);
#5087 = LINE('',#5088,#5089);
#5088 = CARTESIAN_POINT('',(-87.,92.,-15.));
#5089 = VECTOR('',#5090,1.);
#5090 = DIRECTION('',(0.707106781187,1.791927367659E-14,-0.707106781187)
  );
#5091 = PLANE('',#5092);
#5092 = AXIS2_PLACEMENT_3D('',#5093,#5094,#5095);
#5093 = CARTESIAN_POINT('',(-87.,91.,-14.));
#5094 = DIRECTION('',(0.57735026919,0.57735026919,0.57735026919));
#5095 = DIRECTION('',(0.707106781187,1.033104648595E-14,-0.707106781187)
  );
#5096 = ADVANCED_FACE('',(#5097),#5115,.F.);
#5097 = FACE_BOUND('',#5098,.F.);
#5098 = EDGE_LOOP('',(#5099,#5107,#5108,#5109));
#5099 = ORIENTED_EDGE('',*,*,#5100,.F.);
#5100 = EDGE_CURVE('',#1269,#5101,#5103,.T.);
#5101 = VERTEX_POINT('',#5102);
#5102 = CARTESIAN_POINT('',(-89.,92.,-16.));
#5103 = LINE('',#5104,#5105);
#5104 = CARTESIAN_POINT('',(-89.75,91.25,-16.));
#5105 = VECTOR('',#5106,1.);
#5106 = DIRECTION('',(0.707106781187,0.707106781187,2.824016588479E-15)
  );
#5107 = ORIENTED_EDGE('',*,*,#1276,.T.);
#5108 = ORIENTED_EDGE('',*,*,#5061,.T.);
#5109 = ORIENTED_EDGE('',*,*,#5110,.F.);
#5110 = EDGE_CURVE('',#5101,#5054,#5111,.T.);
#5111 = LINE('',#5112,#5113);
#5112 = CARTESIAN_POINT('',(-89.,92.,-16.));
#5113 = VECTOR('',#5114,1.);
#5114 = DIRECTION('',(0.707106781187,6.40060261568E-15,0.707106781187));
#5115 = PLANE('',#5116);
#5116 = AXIS2_PLACEMENT_3D('',#5117,#5118,#5119);
#5117 = CARTESIAN_POINT('',(-90.,91.,-16.));
#5118 = DIRECTION('',(-0.57735026919,0.57735026919,0.57735026919));
#5119 = DIRECTION('',(0.707106781187,1.01578552747E-14,0.707106781187));
#5120 = ADVANCED_FACE('',(#5121),#5139,.F.);
#5121 = FACE_BOUND('',#5122,.F.);
#5122 = EDGE_LOOP('',(#5123,#5131,#5137,#5138));
#5123 = ORIENTED_EDGE('',*,*,#5124,.T.);
#5124 = EDGE_CURVE('',#1237,#5125,#5127,.T.);
#5125 = VERTEX_POINT('',#5126);
#5126 = CARTESIAN_POINT('',(-86.,92.,-34.));
#5127 = LINE('',#5128,#5129);
#5128 = CARTESIAN_POINT('',(-85.25,91.25,-34.));
#5129 = VECTOR('',#5130,1.);
#5130 = DIRECTION('',(-0.707106781187,0.707106781187,-5.482575061376E-17
    ));
#5131 = ORIENTED_EDGE('',*,*,#5132,.T.);
#5132 = EDGE_CURVE('',#5125,#5079,#5133,.T.);
#5133 = LINE('',#5134,#5135);
#5134 = CARTESIAN_POINT('',(-86.,92.,-35.));
#5135 = VECTOR('',#5136,1.);
#5136 = DIRECTION('',(-2.E-16,1.79893931047E-16,1.));
#5137 = ORIENTED_EDGE('',*,*,#5078,.F.);
#5138 = ORIENTED_EDGE('',*,*,#1236,.F.);
#5139 = PLANE('',#5140);
#5140 = AXIS2_PLACEMENT_3D('',#5141,#5142,#5143);
#5141 = CARTESIAN_POINT('',(-85.5,91.5,-35.));
#5142 = DIRECTION('',(0.707106781187,0.707106781187,-7.811263009288E-16)
  );
#5143 = DIRECTION('',(3.623927388264E-16,7.422866698734E-16,1.));
#5144 = ADVANCED_FACE('',(#5145),#5163,.F.);
#5145 = FACE_BOUND('',#5146,.F.);
#5146 = EDGE_LOOP('',(#5147,#5148,#5156,#5162));
#5147 = ORIENTED_EDGE('',*,*,#5100,.T.);
#5148 = ORIENTED_EDGE('',*,*,#5149,.T.);
#5149 = EDGE_CURVE('',#5101,#5150,#5152,.T.);
#5150 = VERTEX_POINT('',#5151);
#5151 = CARTESIAN_POINT('',(-89.,92.,-34.));
#5152 = LINE('',#5153,#5154);
#5153 = CARTESIAN_POINT('',(-89.,92.,-15.));
#5154 = VECTOR('',#5155,1.);
#5155 = DIRECTION('',(2.E-16,-1.79893931047E-16,-1.));
#5156 = ORIENTED_EDGE('',*,*,#5157,.F.);
#5157 = EDGE_CURVE('',#1261,#5150,#5158,.T.);
#5158 = LINE('',#5159,#5160);
#5159 = CARTESIAN_POINT('',(-89.25,91.75,-34.));
#5160 = VECTOR('',#5161,1.);
#5161 = DIRECTION('',(0.707106781187,0.707106781187,-2.996249721436E-14)
  );
#5162 = ORIENTED_EDGE('',*,*,#1268,.F.);
#5163 = PLANE('',#5164);
#5164 = AXIS2_PLACEMENT_3D('',#5165,#5166,#5167);
#5165 = CARTESIAN_POINT('',(-89.5,91.5,-15.));
#5166 = DIRECTION('',(-0.707106781187,0.707106781187,-1.077984892053E-15
    ));
#5167 = DIRECTION('',(7.72303461664E-16,-7.52197392711E-16,-1.));
#5168 = ADVANCED_FACE('',(#5169),#5187,.F.);
#5169 = FACE_BOUND('',#5170,.F.);
#5170 = EDGE_LOOP('',(#5171,#5172,#5173,#5181));
#5171 = ORIENTED_EDGE('',*,*,#5124,.F.);
#5172 = ORIENTED_EDGE('',*,*,#1244,.T.);
#5173 = ORIENTED_EDGE('',*,*,#5174,.T.);
#5174 = EDGE_CURVE('',#1245,#5175,#5177,.T.);
#5175 = VERTEX_POINT('',#5176);
#5176 = CARTESIAN_POINT('',(-87.,92.,-35.));
#5177 = LINE('',#5178,#5179);
#5178 = CARTESIAN_POINT('',(-87.,91.75,-35.25));
#5179 = VECTOR('',#5180,1.);
#5180 = DIRECTION('',(-1.028224868167E-14,0.707106781187,0.707106781187)
  );
#5181 = ORIENTED_EDGE('',*,*,#5182,.F.);
#5182 = EDGE_CURVE('',#5125,#5175,#5183,.T.);
#5183 = LINE('',#5184,#5185);
#5184 = CARTESIAN_POINT('',(-86.,92.,-34.));
#5185 = VECTOR('',#5186,1.);
#5186 = DIRECTION('',(-0.707106781187,9.944580218581E-15,-0.707106781187
    ));
#5187 = PLANE('',#5188);
#5188 = AXIS2_PLACEMENT_3D('',#5189,#5190,#5191);
#5189 = CARTESIAN_POINT('',(-85.,91.,-34.));
#5190 = DIRECTION('',(0.57735026919,0.57735026919,-0.57735026919));
#5191 = DIRECTION('',(-0.707106781187,-5.482575061376E-17,
    -0.707106781187));
#5192 = ADVANCED_FACE('',(#5193),#5211,.F.);
#5193 = FACE_BOUND('',#5194,.F.);
#5194 = EDGE_LOOP('',(#5195,#5203,#5204,#5205));
#5195 = ORIENTED_EDGE('',*,*,#5196,.F.);
#5196 = EDGE_CURVE('',#1253,#5197,#5199,.T.);
#5197 = VERTEX_POINT('',#5198);
#5198 = CARTESIAN_POINT('',(-88.,92.,-35.));
#5199 = LINE('',#5200,#5201);
#5200 = CARTESIAN_POINT('',(-88.,91.25,-35.75));
#5201 = VECTOR('',#5202,1.);
#5202 = DIRECTION('',(-5.378693831391E-15,0.707106781187,0.707106781187)
  );
#5203 = ORIENTED_EDGE('',*,*,#1260,.T.);
#5204 = ORIENTED_EDGE('',*,*,#5157,.T.);
#5205 = ORIENTED_EDGE('',*,*,#5206,.F.);
#5206 = EDGE_CURVE('',#5197,#5150,#5207,.T.);
#5207 = LINE('',#5208,#5209);
#5208 = CARTESIAN_POINT('',(-88.,92.,-35.));
#5209 = VECTOR('',#5210,1.);
#5210 = DIRECTION('',(-0.707106781187,-2.532268001917E-14,0.707106781187
    ));
#5211 = PLANE('',#5212);
#5212 = AXIS2_PLACEMENT_3D('',#5213,#5214,#5215);
#5213 = CARTESIAN_POINT('',(-88.,91.,-36.));
#5214 = DIRECTION('',(-0.57735026919,0.57735026919,-0.57735026919));
#5215 = DIRECTION('',(-0.707106781187,-2.035080928319E-14,0.707106781187
    ));
#5216 = ADVANCED_FACE('',(#5217),#5228,.F.);
#5217 = FACE_BOUND('',#5218,.F.);
#5218 = EDGE_LOOP('',(#5219,#5220,#5226,#5227));
#5219 = ORIENTED_EDGE('',*,*,#5196,.T.);
#5220 = ORIENTED_EDGE('',*,*,#5221,.T.);
#5221 = EDGE_CURVE('',#5197,#5175,#5222,.T.);
#5222 = LINE('',#5223,#5224);
#5223 = CARTESIAN_POINT('',(-89.,92.,-35.));
#5224 = VECTOR('',#5225,1.);
#5225 = DIRECTION('',(1.,2.E-16,2.E-16));
#5226 = ORIENTED_EDGE('',*,*,#5174,.F.);
#5227 = ORIENTED_EDGE('',*,*,#1252,.F.);
#5228 = PLANE('',#5229);
#5229 = AXIS2_PLACEMENT_3D('',#5230,#5231,#5232);
#5230 = CARTESIAN_POINT('',(-89.,91.5,-35.5));
#5231 = DIRECTION('',(-4.930380657631E-32,0.707106781187,-0.707106781187
    ));
#5232 = DIRECTION('',(1.,2.E-16,2.E-16));
#5233 = ADVANCED_FACE('',(#5234),#5259,.T.);
#5234 = FACE_BOUND('',#5235,.T.);
#5235 = EDGE_LOOP('',(#5236,#5244,#5252,#5258));
#5236 = ORIENTED_EDGE('',*,*,#5237,.T.);
#5237 = EDGE_CURVE('',#1285,#5238,#5240,.T.);
#5238 = VERTEX_POINT('',#5239);
#5239 = CARTESIAN_POINT('',(-79.5,92.,-15.));
#5240 = LINE('',#5241,#5242);
#5241 = CARTESIAN_POINT('',(-79.5,91.25,-14.25));
#5242 = VECTOR('',#5243,1.);
#5243 = DIRECTION('',(3.845925372767E-15,0.707106781187,-0.707106781187)
  );
#5244 = ORIENTED_EDGE('',*,*,#5245,.T.);
#5245 = EDGE_CURVE('',#5238,#5246,#5248,.T.);
#5246 = VERTEX_POINT('',#5247);
#5247 = CARTESIAN_POINT('',(-78.5,92.,-16.));
#5248 = LINE('',#5249,#5250);
#5249 = CARTESIAN_POINT('',(-79.5,92.,-15.));
#5250 = VECTOR('',#5251,1.);
#5251 = DIRECTION('',(0.707106781187,1.791927367659E-14,-0.707106781187)
  );
#5252 = ORIENTED_EDGE('',*,*,#5253,.F.);
#5253 = EDGE_CURVE('',#1287,#5246,#5254,.T.);
#5254 = LINE('',#5255,#5256);
#5255 = CARTESIAN_POINT('',(-78.25,91.75,-16.));
#5256 = VECTOR('',#5257,1.);
#5257 = DIRECTION('',(-0.707106781187,0.707106781187,-1.390015709258E-14
    ));
#5258 = ORIENTED_EDGE('',*,*,#1284,.F.);
#5259 = PLANE('',#5260);
#5260 = AXIS2_PLACEMENT_3D('',#5261,#5262,#5263);
#5261 = CARTESIAN_POINT('',(-78.7,91.4,-15.2));
#5262 = DIRECTION('',(-0.57735026919,-0.57735026919,-0.57735026919));
#5263 = DIRECTION('',(1.700981326883E-30,-0.707106781187,0.707106781187)
  );
#5264 = ADVANCED_FACE('',(#5265),#5283,.F.);
#5265 = FACE_BOUND('',#5266,.F.);
#5266 = EDGE_LOOP('',(#5267,#5268,#5276,#5282));
#5267 = ORIENTED_EDGE('',*,*,#5237,.T.);
#5268 = ORIENTED_EDGE('',*,*,#5269,.T.);
#5269 = EDGE_CURVE('',#5238,#5270,#5272,.T.);
#5270 = VERTEX_POINT('',#5271);
#5271 = CARTESIAN_POINT('',(-80.5,92.,-15.));
#5272 = LINE('',#5273,#5274);
#5273 = CARTESIAN_POINT('',(-78.5,92.,-15.));
#5274 = VECTOR('',#5275,1.);
#5275 = DIRECTION('',(-1.,-2.E-16,-2.E-16));
#5276 = ORIENTED_EDGE('',*,*,#5277,.F.);
#5277 = EDGE_CURVE('',#1335,#5270,#5278,.T.);
#5278 = LINE('',#5279,#5280);
#5279 = CARTESIAN_POINT('',(-80.5,91.75,-14.75));
#5280 = VECTOR('',#5281,1.);
#5281 = DIRECTION('',(3.749777238448E-15,0.707106781187,-0.707106781187)
  );
#5282 = ORIENTED_EDGE('',*,*,#1342,.F.);
#5283 = PLANE('',#5284);
#5284 = AXIS2_PLACEMENT_3D('',#5285,#5286,#5287);
#5285 = CARTESIAN_POINT('',(-78.5,91.5,-14.5));
#5286 = DIRECTION('',(-2.828427124746E-16,0.707106781187,0.707106781187)
  );
#5287 = DIRECTION('',(-1.,-2.E-16,-2.E-16));
#5288 = ADVANCED_FACE('',(#5289),#5307,.F.);
#5289 = FACE_BOUND('',#5290,.F.);
#5290 = EDGE_LOOP('',(#5291,#5299,#5305,#5306));
#5291 = ORIENTED_EDGE('',*,*,#5292,.T.);
#5292 = EDGE_CURVE('',#1295,#5293,#5295,.T.);
#5293 = VERTEX_POINT('',#5294);
#5294 = CARTESIAN_POINT('',(-78.5,92.,-34.));
#5295 = LINE('',#5296,#5297);
#5296 = CARTESIAN_POINT('',(-77.75,91.25,-34.));
#5297 = VECTOR('',#5298,1.);
#5298 = DIRECTION('',(-0.707106781187,0.707106781187,-5.482575061376E-17
    ));
#5299 = ORIENTED_EDGE('',*,*,#5300,.T.);
#5300 = EDGE_CURVE('',#5293,#5246,#5301,.T.);
#5301 = LINE('',#5302,#5303);
#5302 = CARTESIAN_POINT('',(-78.5,92.,-35.));
#5303 = VECTOR('',#5304,1.);
#5304 = DIRECTION('',(-2.E-16,1.79893931047E-16,1.));
#5305 = ORIENTED_EDGE('',*,*,#5253,.F.);
#5306 = ORIENTED_EDGE('',*,*,#1294,.F.);
#5307 = PLANE('',#5308);
#5308 = AXIS2_PLACEMENT_3D('',#5309,#5310,#5311);
#5309 = CARTESIAN_POINT('',(-78.,91.5,-35.));
#5310 = DIRECTION('',(0.707106781187,0.707106781187,-7.811263009288E-16)
  );
#5311 = DIRECTION('',(3.623927388264E-16,7.422866698734E-16,1.));
#5312 = ADVANCED_FACE('',(#5313),#5331,.T.);
#5313 = FACE_BOUND('',#5314,.T.);
#5314 = EDGE_LOOP('',(#5315,#5316,#5317,#5325));
#5315 = ORIENTED_EDGE('',*,*,#5277,.F.);
#5316 = ORIENTED_EDGE('',*,*,#1334,.F.);
#5317 = ORIENTED_EDGE('',*,*,#5318,.T.);
#5318 = EDGE_CURVE('',#1327,#5319,#5321,.T.);
#5319 = VERTEX_POINT('',#5320);
#5320 = CARTESIAN_POINT('',(-81.5,92.,-16.));
#5321 = LINE('',#5322,#5323);
#5322 = CARTESIAN_POINT('',(-82.25,91.25,-16.));
#5323 = VECTOR('',#5324,1.);
#5324 = DIRECTION('',(0.707106781187,0.707106781187,2.824016588479E-15)
  );
#5325 = ORIENTED_EDGE('',*,*,#5326,.T.);
#5326 = EDGE_CURVE('',#5319,#5270,#5327,.T.);
#5327 = LINE('',#5328,#5329);
#5328 = CARTESIAN_POINT('',(-81.5,92.,-16.));
#5329 = VECTOR('',#5330,1.);
#5330 = DIRECTION('',(0.707106781187,6.40060261568E-15,0.707106781187));
#5331 = PLANE('',#5332);
#5332 = AXIS2_PLACEMENT_3D('',#5333,#5334,#5335);
#5333 = CARTESIAN_POINT('',(-81.3,91.4,-15.2));
#5334 = DIRECTION('',(0.57735026919,-0.57735026919,-0.57735026919));
#5335 = DIRECTION('',(-0.707106781187,-5.482575061376E-17,
    -0.707106781187));
#5336 = ADVANCED_FACE('',(#5337),#5355,.T.);
#5337 = FACE_BOUND('',#5338,.T.);
#5338 = EDGE_LOOP('',(#5339,#5347,#5348,#5349));
#5339 = ORIENTED_EDGE('',*,*,#5340,.F.);
#5340 = EDGE_CURVE('',#1303,#5341,#5343,.T.);
#5341 = VERTEX_POINT('',#5342);
#5342 = CARTESIAN_POINT('',(-79.5,92.,-35.));
#5343 = LINE('',#5344,#5345);
#5344 = CARTESIAN_POINT('',(-79.5,91.75,-35.25));
#5345 = VECTOR('',#5346,1.);
#5346 = DIRECTION('',(-1.028224868167E-14,0.707106781187,0.707106781187)
  );
#5347 = ORIENTED_EDGE('',*,*,#1302,.F.);
#5348 = ORIENTED_EDGE('',*,*,#5292,.T.);
#5349 = ORIENTED_EDGE('',*,*,#5350,.T.);
#5350 = EDGE_CURVE('',#5293,#5341,#5351,.T.);
#5351 = LINE('',#5352,#5353);
#5352 = CARTESIAN_POINT('',(-78.5,92.,-34.));
#5353 = VECTOR('',#5354,1.);
#5354 = DIRECTION('',(-0.707106781187,9.944580218581E-15,-0.707106781187
    ));
#5355 = PLANE('',#5356);
#5356 = AXIS2_PLACEMENT_3D('',#5357,#5358,#5359);
#5357 = CARTESIAN_POINT('',(-78.7,91.4,-34.8));
#5358 = DIRECTION('',(-0.57735026919,-0.57735026919,0.57735026919));
#5359 = DIRECTION('',(0.707106781187,-0.707106781187,2.707017499813E-17)
  );
#5360 = ADVANCED_FACE('',(#5361),#5379,.F.);
#5361 = FACE_BOUND('',#5362,.F.);
#5362 = EDGE_LOOP('',(#5363,#5364,#5372,#5378));
#5363 = ORIENTED_EDGE('',*,*,#5318,.T.);
#5364 = ORIENTED_EDGE('',*,*,#5365,.T.);
#5365 = EDGE_CURVE('',#5319,#5366,#5368,.T.);
#5366 = VERTEX_POINT('',#5367);
#5367 = CARTESIAN_POINT('',(-81.5,92.,-34.));
#5368 = LINE('',#5369,#5370);
#5369 = CARTESIAN_POINT('',(-81.5,92.,-15.));
#5370 = VECTOR('',#5371,1.);
#5371 = DIRECTION('',(2.E-16,-1.79893931047E-16,-1.));
#5372 = ORIENTED_EDGE('',*,*,#5373,.F.);
#5373 = EDGE_CURVE('',#1319,#5366,#5374,.T.);
#5374 = LINE('',#5375,#5376);
#5375 = CARTESIAN_POINT('',(-81.75,91.75,-34.));
#5376 = VECTOR('',#5377,1.);
#5377 = DIRECTION('',(0.707106781187,0.707106781187,-2.996249721436E-14)
  );
#5378 = ORIENTED_EDGE('',*,*,#1326,.F.);
#5379 = PLANE('',#5380);
#5380 = AXIS2_PLACEMENT_3D('',#5381,#5382,#5383);
#5381 = CARTESIAN_POINT('',(-82.,91.5,-15.));
#5382 = DIRECTION('',(-0.707106781187,0.707106781187,-1.077984892053E-15
    ));
#5383 = DIRECTION('',(7.72303461664E-16,-7.52197392711E-16,-1.));
#5384 = ADVANCED_FACE('',(#5385),#5403,.F.);
#5385 = FACE_BOUND('',#5386,.F.);
#5386 = EDGE_LOOP('',(#5387,#5395,#5401,#5402));
#5387 = ORIENTED_EDGE('',*,*,#5388,.T.);
#5388 = EDGE_CURVE('',#1311,#5389,#5391,.T.);
#5389 = VERTEX_POINT('',#5390);
#5390 = CARTESIAN_POINT('',(-80.5,92.,-35.));
#5391 = LINE('',#5392,#5393);
#5392 = CARTESIAN_POINT('',(-80.5,91.25,-35.75));
#5393 = VECTOR('',#5394,1.);
#5394 = DIRECTION('',(-5.378693831391E-15,0.707106781187,0.707106781187)
  );
#5395 = ORIENTED_EDGE('',*,*,#5396,.T.);
#5396 = EDGE_CURVE('',#5389,#5341,#5397,.T.);
#5397 = LINE('',#5398,#5399);
#5398 = CARTESIAN_POINT('',(-81.5,92.,-35.));
#5399 = VECTOR('',#5400,1.);
#5400 = DIRECTION('',(1.,2.E-16,2.E-16));
#5401 = ORIENTED_EDGE('',*,*,#5340,.F.);
#5402 = ORIENTED_EDGE('',*,*,#1310,.F.);
#5403 = PLANE('',#5404);
#5404 = AXIS2_PLACEMENT_3D('',#5405,#5406,#5407);
#5405 = CARTESIAN_POINT('',(-81.5,91.5,-35.5));
#5406 = DIRECTION('',(-4.930380657631E-32,0.707106781187,-0.707106781187
    ));
#5407 = DIRECTION('',(1.,2.E-16,2.E-16));
#5408 = ADVANCED_FACE('',(#5409),#5420,.T.);
#5409 = FACE_BOUND('',#5410,.T.);
#5410 = EDGE_LOOP('',(#5411,#5412,#5413,#5414));
#5411 = ORIENTED_EDGE('',*,*,#5373,.F.);
#5412 = ORIENTED_EDGE('',*,*,#1318,.F.);
#5413 = ORIENTED_EDGE('',*,*,#5388,.T.);
#5414 = ORIENTED_EDGE('',*,*,#5415,.T.);
#5415 = EDGE_CURVE('',#5389,#5366,#5416,.T.);
#5416 = LINE('',#5417,#5418);
#5417 = CARTESIAN_POINT('',(-80.5,92.,-35.));
#5418 = VECTOR('',#5419,1.);
#5419 = DIRECTION('',(-0.707106781187,-2.532268001917E-14,0.707106781187
    ));
#5420 = PLANE('',#5421);
#5421 = AXIS2_PLACEMENT_3D('',#5422,#5423,#5424);
#5422 = CARTESIAN_POINT('',(-81.3,91.4,-34.8));
#5423 = DIRECTION('',(0.57735026919,-0.57735026919,0.57735026919));
#5424 = DIRECTION('',(0.707106781187,2.280169618609E-16,-0.707106781187)
  );
#5425 = ADVANCED_FACE('',(#5426),#5451,.T.);
#5426 = FACE_BOUND('',#5427,.T.);
#5427 = EDGE_LOOP('',(#5428,#5436,#5444,#5450));
#5428 = ORIENTED_EDGE('',*,*,#5429,.T.);
#5429 = EDGE_CURVE('',#1351,#5430,#5432,.T.);
#5430 = VERTEX_POINT('',#5431);
#5431 = CARTESIAN_POINT('',(-72.,92.,-15.));
#5432 = LINE('',#5433,#5434);
#5433 = CARTESIAN_POINT('',(-72.,91.25,-14.25));
#5434 = VECTOR('',#5435,1.);
#5435 = DIRECTION('',(3.845925372767E-15,0.707106781187,-0.707106781187)
  );
#5436 = ORIENTED_EDGE('',*,*,#5437,.T.);
#5437 = EDGE_CURVE('',#5430,#5438,#5440,.T.);
#5438 = VERTEX_POINT('',#5439);
#5439 = CARTESIAN_POINT('',(-71.,92.,-16.));
#5440 = LINE('',#5441,#5442);
#5441 = CARTESIAN_POINT('',(-72.,92.,-15.));
#5442 = VECTOR('',#5443,1.);
#5443 = DIRECTION('',(0.707106781187,1.791927367659E-14,-0.707106781187)
  );
#5444 = ORIENTED_EDGE('',*,*,#5445,.F.);
#5445 = EDGE_CURVE('',#1353,#5438,#5446,.T.);
#5446 = LINE('',#5447,#5448);
#5447 = CARTESIAN_POINT('',(-70.75,91.75,-16.));
#5448 = VECTOR('',#5449,1.);
#5449 = DIRECTION('',(-0.707106781187,0.707106781187,-1.390015709258E-14
    ));
#5450 = ORIENTED_EDGE('',*,*,#1350,.F.);
#5451 = PLANE('',#5452);
#5452 = AXIS2_PLACEMENT_3D('',#5453,#5454,#5455);
#5453 = CARTESIAN_POINT('',(-71.2,91.4,-15.2));
#5454 = DIRECTION('',(-0.57735026919,-0.57735026919,-0.57735026919));
#5455 = DIRECTION('',(1.700981326883E-30,-0.707106781187,0.707106781187)
  );
#5456 = ADVANCED_FACE('',(#5457),#5475,.F.);
#5457 = FACE_BOUND('',#5458,.F.);
#5458 = EDGE_LOOP('',(#5459,#5460,#5468,#5474));
#5459 = ORIENTED_EDGE('',*,*,#5429,.T.);
#5460 = ORIENTED_EDGE('',*,*,#5461,.T.);
#5461 = EDGE_CURVE('',#5430,#5462,#5464,.T.);
#5462 = VERTEX_POINT('',#5463);
#5463 = CARTESIAN_POINT('',(-73.,92.,-15.));
#5464 = LINE('',#5465,#5466);
#5465 = CARTESIAN_POINT('',(-71.,92.,-15.));
#5466 = VECTOR('',#5467,1.);
#5467 = DIRECTION('',(-1.,-2.E-16,-2.E-16));
#5468 = ORIENTED_EDGE('',*,*,#5469,.F.);
#5469 = EDGE_CURVE('',#1401,#5462,#5470,.T.);
#5470 = LINE('',#5471,#5472);
#5471 = CARTESIAN_POINT('',(-73.,91.75,-14.75));
#5472 = VECTOR('',#5473,1.);
#5473 = DIRECTION('',(3.749777238448E-15,0.707106781187,-0.707106781187)
  );
#5474 = ORIENTED_EDGE('',*,*,#1408,.F.);
#5475 = PLANE('',#5476);
#5476 = AXIS2_PLACEMENT_3D('',#5477,#5478,#5479);
#5477 = CARTESIAN_POINT('',(-71.,91.5,-14.5));
#5478 = DIRECTION('',(-2.828427124746E-16,0.707106781187,0.707106781187)
  );
#5479 = DIRECTION('',(-1.,-2.E-16,-2.E-16));
#5480 = ADVANCED_FACE('',(#5481),#5499,.F.);
#5481 = FACE_BOUND('',#5482,.F.);
#5482 = EDGE_LOOP('',(#5483,#5491,#5497,#5498));
#5483 = ORIENTED_EDGE('',*,*,#5484,.T.);
#5484 = EDGE_CURVE('',#1361,#5485,#5487,.T.);
#5485 = VERTEX_POINT('',#5486);
#5486 = CARTESIAN_POINT('',(-71.,92.,-34.));
#5487 = LINE('',#5488,#5489);
#5488 = CARTESIAN_POINT('',(-70.25,91.25,-34.));
#5489 = VECTOR('',#5490,1.);
#5490 = DIRECTION('',(-0.707106781187,0.707106781187,-5.482575061376E-17
    ));
#5491 = ORIENTED_EDGE('',*,*,#5492,.T.);
#5492 = EDGE_CURVE('',#5485,#5438,#5493,.T.);
#5493 = LINE('',#5494,#5495);
#5494 = CARTESIAN_POINT('',(-71.,92.,-35.));
#5495 = VECTOR('',#5496,1.);
#5496 = DIRECTION('',(-2.E-16,1.79893931047E-16,1.));
#5497 = ORIENTED_EDGE('',*,*,#5445,.F.);
#5498 = ORIENTED_EDGE('',*,*,#1360,.F.);
#5499 = PLANE('',#5500);
#5500 = AXIS2_PLACEMENT_3D('',#5501,#5502,#5503);
#5501 = CARTESIAN_POINT('',(-70.5,91.5,-35.));
#5502 = DIRECTION('',(0.707106781187,0.707106781187,-7.811263009288E-16)
  );
#5503 = DIRECTION('',(3.623927388264E-16,7.422866698734E-16,1.));
#5504 = ADVANCED_FACE('',(#5505),#5523,.T.);
#5505 = FACE_BOUND('',#5506,.T.);
#5506 = EDGE_LOOP('',(#5507,#5508,#5509,#5517));
#5507 = ORIENTED_EDGE('',*,*,#5469,.F.);
#5508 = ORIENTED_EDGE('',*,*,#1400,.F.);
#5509 = ORIENTED_EDGE('',*,*,#5510,.T.);
#5510 = EDGE_CURVE('',#1393,#5511,#5513,.T.);
#5511 = VERTEX_POINT('',#5512);
#5512 = CARTESIAN_POINT('',(-74.,92.,-16.));
#5513 = LINE('',#5514,#5515);
#5514 = CARTESIAN_POINT('',(-74.75,91.25,-16.));
#5515 = VECTOR('',#5516,1.);
#5516 = DIRECTION('',(0.707106781187,0.707106781187,2.824016588479E-15)
  );
#5517 = ORIENTED_EDGE('',*,*,#5518,.T.);
#5518 = EDGE_CURVE('',#5511,#5462,#5519,.T.);
#5519 = LINE('',#5520,#5521);
#5520 = CARTESIAN_POINT('',(-74.,92.,-16.));
#5521 = VECTOR('',#5522,1.);
#5522 = DIRECTION('',(0.707106781187,6.40060261568E-15,0.707106781187));
#5523 = PLANE('',#5524);
#5524 = AXIS2_PLACEMENT_3D('',#5525,#5526,#5527);
#5525 = CARTESIAN_POINT('',(-73.8,91.4,-15.2));
#5526 = DIRECTION('',(0.57735026919,-0.57735026919,-0.57735026919));
#5527 = DIRECTION('',(-0.707106781187,-2.707017499813E-17,
    -0.707106781187));
#5528 = ADVANCED_FACE('',(#5529),#5547,.T.);
#5529 = FACE_BOUND('',#5530,.T.);
#5530 = EDGE_LOOP('',(#5531,#5539,#5540,#5541));
#5531 = ORIENTED_EDGE('',*,*,#5532,.F.);
#5532 = EDGE_CURVE('',#1369,#5533,#5535,.T.);
#5533 = VERTEX_POINT('',#5534);
#5534 = CARTESIAN_POINT('',(-72.,92.,-35.));
#5535 = LINE('',#5536,#5537);
#5536 = CARTESIAN_POINT('',(-72.,91.75,-35.25));
#5537 = VECTOR('',#5538,1.);
#5538 = DIRECTION('',(-1.028224868167E-14,0.707106781187,0.707106781187)
  );
#5539 = ORIENTED_EDGE('',*,*,#1368,.F.);
#5540 = ORIENTED_EDGE('',*,*,#5484,.T.);
#5541 = ORIENTED_EDGE('',*,*,#5542,.T.);
#5542 = EDGE_CURVE('',#5485,#5533,#5543,.T.);
#5543 = LINE('',#5544,#5545);
#5544 = CARTESIAN_POINT('',(-71.,92.,-34.));
#5545 = VECTOR('',#5546,1.);
#5546 = DIRECTION('',(-0.707106781187,9.944580218581E-15,-0.707106781187
    ));
#5547 = PLANE('',#5548);
#5548 = AXIS2_PLACEMENT_3D('',#5549,#5550,#5551);
#5549 = CARTESIAN_POINT('',(-71.2,91.4,-34.8));
#5550 = DIRECTION('',(-0.57735026919,-0.57735026919,0.57735026919));
#5551 = DIRECTION('',(0.707106781187,-0.707106781187,5.482575061376E-17)
  );
#5552 = ADVANCED_FACE('',(#5553),#5571,.F.);
#5553 = FACE_BOUND('',#5554,.F.);
#5554 = EDGE_LOOP('',(#5555,#5556,#5564,#5570));
#5555 = ORIENTED_EDGE('',*,*,#5510,.T.);
#5556 = ORIENTED_EDGE('',*,*,#5557,.T.);
#5557 = EDGE_CURVE('',#5511,#5558,#5560,.T.);
#5558 = VERTEX_POINT('',#5559);
#5559 = CARTESIAN_POINT('',(-74.,92.,-34.));
#5560 = LINE('',#5561,#5562);
#5561 = CARTESIAN_POINT('',(-74.,92.,-15.));
#5562 = VECTOR('',#5563,1.);
#5563 = DIRECTION('',(2.E-16,-1.79893931047E-16,-1.));
#5564 = ORIENTED_EDGE('',*,*,#5565,.F.);
#5565 = EDGE_CURVE('',#1385,#5558,#5566,.T.);
#5566 = LINE('',#5567,#5568);
#5567 = CARTESIAN_POINT('',(-74.25,91.75,-34.));
#5568 = VECTOR('',#5569,1.);
#5569 = DIRECTION('',(0.707106781187,0.707106781187,-2.996249721436E-14)
  );
#5570 = ORIENTED_EDGE('',*,*,#1392,.F.);
#5571 = PLANE('',#5572);
#5572 = AXIS2_PLACEMENT_3D('',#5573,#5574,#5575);
#5573 = CARTESIAN_POINT('',(-74.5,91.5,-15.));
#5574 = DIRECTION('',(-0.707106781187,0.707106781187,-1.077984892053E-15
    ));
#5575 = DIRECTION('',(7.72303461664E-16,-7.52197392711E-16,-1.));
#5576 = ADVANCED_FACE('',(#5577),#5595,.F.);
#5577 = FACE_BOUND('',#5578,.F.);
#5578 = EDGE_LOOP('',(#5579,#5587,#5593,#5594));
#5579 = ORIENTED_EDGE('',*,*,#5580,.T.);
#5580 = EDGE_CURVE('',#1377,#5581,#5583,.T.);
#5581 = VERTEX_POINT('',#5582);
#5582 = CARTESIAN_POINT('',(-73.,92.,-35.));
#5583 = LINE('',#5584,#5585);
#5584 = CARTESIAN_POINT('',(-73.,91.25,-35.75));
#5585 = VECTOR('',#5586,1.);
#5586 = DIRECTION('',(-5.378693831391E-15,0.707106781187,0.707106781187)
  );
#5587 = ORIENTED_EDGE('',*,*,#5588,.T.);
#5588 = EDGE_CURVE('',#5581,#5533,#5589,.T.);
#5589 = LINE('',#5590,#5591);
#5590 = CARTESIAN_POINT('',(-74.,92.,-35.));
#5591 = VECTOR('',#5592,1.);
#5592 = DIRECTION('',(1.,2.E-16,2.E-16));
#5593 = ORIENTED_EDGE('',*,*,#5532,.F.);
#5594 = ORIENTED_EDGE('',*,*,#1376,.F.);
#5595 = PLANE('',#5596);
#5596 = AXIS2_PLACEMENT_3D('',#5597,#5598,#5599);
#5597 = CARTESIAN_POINT('',(-74.,91.5,-35.5));
#5598 = DIRECTION('',(-4.930380657631E-32,0.707106781187,-0.707106781187
    ));
#5599 = DIRECTION('',(1.,2.E-16,2.E-16));
#5600 = ADVANCED_FACE('',(#5601),#5612,.T.);
#5601 = FACE_BOUND('',#5602,.T.);
#5602 = EDGE_LOOP('',(#5603,#5604,#5605,#5606));
#5603 = ORIENTED_EDGE('',*,*,#5565,.F.);
#5604 = ORIENTED_EDGE('',*,*,#1384,.F.);
#5605 = ORIENTED_EDGE('',*,*,#5580,.T.);
#5606 = ORIENTED_EDGE('',*,*,#5607,.T.);
#5607 = EDGE_CURVE('',#5581,#5558,#5608,.T.);
#5608 = LINE('',#5609,#5610);
#5609 = CARTESIAN_POINT('',(-73.,92.,-35.));
#5610 = VECTOR('',#5611,1.);
#5611 = DIRECTION('',(-0.707106781187,-2.532268001917E-14,0.707106781187
    ));
#5612 = PLANE('',#5613);
#5613 = AXIS2_PLACEMENT_3D('',#5614,#5615,#5616);
#5614 = CARTESIAN_POINT('',(-73.8,91.4,-34.8));
#5615 = DIRECTION('',(0.57735026919,-0.57735026919,0.57735026919));
#5616 = DIRECTION('',(0.707106781187,2.280169618609E-16,-0.707106781187)
  );
#5617 = ADVANCED_FACE('',(#5618),#5643,.T.);
#5618 = FACE_BOUND('',#5619,.T.);
#5619 = EDGE_LOOP('',(#5620,#5628,#5636,#5642));
#5620 = ORIENTED_EDGE('',*,*,#5621,.T.);
#5621 = EDGE_CURVE('',#1417,#5622,#5624,.T.);
#5622 = VERTEX_POINT('',#5623);
#5623 = CARTESIAN_POINT('',(-64.5,92.,-15.));
#5624 = LINE('',#5625,#5626);
#5625 = CARTESIAN_POINT('',(-64.5,91.25,-14.25));
#5626 = VECTOR('',#5627,1.);
#5627 = DIRECTION('',(3.845925372767E-15,0.707106781187,-0.707106781187)
  );
#5628 = ORIENTED_EDGE('',*,*,#5629,.T.);
#5629 = EDGE_CURVE('',#5622,#5630,#5632,.T.);
#5630 = VERTEX_POINT('',#5631);
#5631 = CARTESIAN_POINT('',(-63.5,92.,-16.));
#5632 = LINE('',#5633,#5634);
#5633 = CARTESIAN_POINT('',(-64.5,92.,-15.));
#5634 = VECTOR('',#5635,1.);
#5635 = DIRECTION('',(0.707106781187,1.791927367659E-14,-0.707106781187)
  );
#5636 = ORIENTED_EDGE('',*,*,#5637,.F.);
#5637 = EDGE_CURVE('',#1419,#5630,#5638,.T.);
#5638 = LINE('',#5639,#5640);
#5639 = CARTESIAN_POINT('',(-63.25,91.75,-16.));
#5640 = VECTOR('',#5641,1.);
#5641 = DIRECTION('',(-0.707106781187,0.707106781187,-1.390015709258E-14
    ));
#5642 = ORIENTED_EDGE('',*,*,#1416,.F.);
#5643 = PLANE('',#5644);
#5644 = AXIS2_PLACEMENT_3D('',#5645,#5646,#5647);
#5645 = CARTESIAN_POINT('',(-63.7,91.4,-15.2));
#5646 = DIRECTION('',(-0.57735026919,-0.57735026919,-0.57735026919));
#5647 = DIRECTION('',(1.700981326883E-30,-0.707106781187,0.707106781187)
  );
#5648 = ADVANCED_FACE('',(#5649),#5667,.F.);
#5649 = FACE_BOUND('',#5650,.F.);
#5650 = EDGE_LOOP('',(#5651,#5652,#5660,#5666));
#5651 = ORIENTED_EDGE('',*,*,#5621,.T.);
#5652 = ORIENTED_EDGE('',*,*,#5653,.T.);
#5653 = EDGE_CURVE('',#5622,#5654,#5656,.T.);
#5654 = VERTEX_POINT('',#5655);
#5655 = CARTESIAN_POINT('',(-65.5,92.,-15.));
#5656 = LINE('',#5657,#5658);
#5657 = CARTESIAN_POINT('',(-63.5,92.,-15.));
#5658 = VECTOR('',#5659,1.);
#5659 = DIRECTION('',(-1.,-2.E-16,-2.E-16));
#5660 = ORIENTED_EDGE('',*,*,#5661,.F.);
#5661 = EDGE_CURVE('',#1467,#5654,#5662,.T.);
#5662 = LINE('',#5663,#5664);
#5663 = CARTESIAN_POINT('',(-65.5,91.75,-14.75));
#5664 = VECTOR('',#5665,1.);
#5665 = DIRECTION('',(3.749777238448E-15,0.707106781187,-0.707106781187)
  );
#5666 = ORIENTED_EDGE('',*,*,#1474,.F.);
#5667 = PLANE('',#5668);
#5668 = AXIS2_PLACEMENT_3D('',#5669,#5670,#5671);
#5669 = CARTESIAN_POINT('',(-63.5,91.5,-14.5));
#5670 = DIRECTION('',(-2.828427124746E-16,0.707106781187,0.707106781187)
  );
#5671 = DIRECTION('',(-1.,-2.E-16,-2.E-16));
#5672 = ADVANCED_FACE('',(#5673),#5691,.F.);
#5673 = FACE_BOUND('',#5674,.F.);
#5674 = EDGE_LOOP('',(#5675,#5683,#5689,#5690));
#5675 = ORIENTED_EDGE('',*,*,#5676,.T.);
#5676 = EDGE_CURVE('',#1427,#5677,#5679,.T.);
#5677 = VERTEX_POINT('',#5678);
#5678 = CARTESIAN_POINT('',(-63.5,92.,-34.));
#5679 = LINE('',#5680,#5681);
#5680 = CARTESIAN_POINT('',(-62.75,91.25,-34.));
#5681 = VECTOR('',#5682,1.);
#5682 = DIRECTION('',(-0.707106781187,0.707106781187,-5.482575061376E-17
    ));
#5683 = ORIENTED_EDGE('',*,*,#5684,.T.);
#5684 = EDGE_CURVE('',#5677,#5630,#5685,.T.);
#5685 = LINE('',#5686,#5687);
#5686 = CARTESIAN_POINT('',(-63.5,92.,-35.));
#5687 = VECTOR('',#5688,1.);
#5688 = DIRECTION('',(-2.E-16,1.79893931047E-16,1.));
#5689 = ORIENTED_EDGE('',*,*,#5637,.F.);
#5690 = ORIENTED_EDGE('',*,*,#1426,.F.);
#5691 = PLANE('',#5692);
#5692 = AXIS2_PLACEMENT_3D('',#5693,#5694,#5695);
#5693 = CARTESIAN_POINT('',(-63.,91.5,-35.));
#5694 = DIRECTION('',(0.707106781187,0.707106781187,-7.811263009288E-16)
  );
#5695 = DIRECTION('',(3.623927388264E-16,7.422866698734E-16,1.));
#5696 = ADVANCED_FACE('',(#5697),#5715,.T.);
#5697 = FACE_BOUND('',#5698,.T.);
#5698 = EDGE_LOOP('',(#5699,#5700,#5701,#5709));
#5699 = ORIENTED_EDGE('',*,*,#5661,.F.);
#5700 = ORIENTED_EDGE('',*,*,#1466,.F.);
#5701 = ORIENTED_EDGE('',*,*,#5702,.T.);
#5702 = EDGE_CURVE('',#1459,#5703,#5705,.T.);
#5703 = VERTEX_POINT('',#5704);
#5704 = CARTESIAN_POINT('',(-66.5,92.,-16.));
#5705 = LINE('',#5706,#5707);
#5706 = CARTESIAN_POINT('',(-67.25,91.25,-16.));
#5707 = VECTOR('',#5708,1.);
#5708 = DIRECTION('',(0.707106781187,0.707106781187,2.824016588479E-15)
  );
#5709 = ORIENTED_EDGE('',*,*,#5710,.T.);
#5710 = EDGE_CURVE('',#5703,#5654,#5711,.T.);
#5711 = LINE('',#5712,#5713);
#5712 = CARTESIAN_POINT('',(-66.5,92.,-16.));
#5713 = VECTOR('',#5714,1.);
#5714 = DIRECTION('',(0.707106781187,6.40060261568E-15,0.707106781187));
#5715 = PLANE('',#5716);
#5716 = AXIS2_PLACEMENT_3D('',#5717,#5718,#5719);
#5717 = CARTESIAN_POINT('',(-66.3,91.4,-15.2));
#5718 = DIRECTION('',(0.57735026919,-0.57735026919,-0.57735026919));
#5719 = DIRECTION('',(-0.707106781187,-2.707017499813E-17,
    -0.707106781187));
#5720 = ADVANCED_FACE('',(#5721),#5739,.T.);
#5721 = FACE_BOUND('',#5722,.T.);
#5722 = EDGE_LOOP('',(#5723,#5731,#5732,#5733));
#5723 = ORIENTED_EDGE('',*,*,#5724,.F.);
#5724 = EDGE_CURVE('',#1435,#5725,#5727,.T.);
#5725 = VERTEX_POINT('',#5726);
#5726 = CARTESIAN_POINT('',(-64.5,92.,-35.));
#5727 = LINE('',#5728,#5729);
#5728 = CARTESIAN_POINT('',(-64.5,91.75,-35.25));
#5729 = VECTOR('',#5730,1.);
#5730 = DIRECTION('',(-1.028224868167E-14,0.707106781187,0.707106781187)
  );
#5731 = ORIENTED_EDGE('',*,*,#1434,.F.);
#5732 = ORIENTED_EDGE('',*,*,#5676,.T.);
#5733 = ORIENTED_EDGE('',*,*,#5734,.T.);
#5734 = EDGE_CURVE('',#5677,#5725,#5735,.T.);
#5735 = LINE('',#5736,#5737);
#5736 = CARTESIAN_POINT('',(-63.5,92.,-34.));
#5737 = VECTOR('',#5738,1.);
#5738 = DIRECTION('',(-0.707106781187,9.944580218581E-15,-0.707106781187
    ));
#5739 = PLANE('',#5740);
#5740 = AXIS2_PLACEMENT_3D('',#5741,#5742,#5743);
#5741 = CARTESIAN_POINT('',(-63.7,91.4,-34.8));
#5742 = DIRECTION('',(-0.57735026919,-0.57735026919,0.57735026919));
#5743 = DIRECTION('',(0.707106781187,-0.707106781187,2.707017499813E-17)
  );
#5744 = ADVANCED_FACE('',(#5745),#5763,.F.);
#5745 = FACE_BOUND('',#5746,.F.);
#5746 = EDGE_LOOP('',(#5747,#5748,#5756,#5762));
#5747 = ORIENTED_EDGE('',*,*,#5702,.T.);
#5748 = ORIENTED_EDGE('',*,*,#5749,.T.);
#5749 = EDGE_CURVE('',#5703,#5750,#5752,.T.);
#5750 = VERTEX_POINT('',#5751);
#5751 = CARTESIAN_POINT('',(-66.5,92.,-34.));
#5752 = LINE('',#5753,#5754);
#5753 = CARTESIAN_POINT('',(-66.5,92.,-15.));
#5754 = VECTOR('',#5755,1.);
#5755 = DIRECTION('',(2.E-16,-1.79893931047E-16,-1.));
#5756 = ORIENTED_EDGE('',*,*,#5757,.F.);
#5757 = EDGE_CURVE('',#1451,#5750,#5758,.T.);
#5758 = LINE('',#5759,#5760);
#5759 = CARTESIAN_POINT('',(-66.75,91.75,-34.));
#5760 = VECTOR('',#5761,1.);
#5761 = DIRECTION('',(0.707106781187,0.707106781187,-2.996249721436E-14)
  );
#5762 = ORIENTED_EDGE('',*,*,#1458,.F.);
#5763 = PLANE('',#5764);
#5764 = AXIS2_PLACEMENT_3D('',#5765,#5766,#5767);
#5765 = CARTESIAN_POINT('',(-67.,91.5,-15.));
#5766 = DIRECTION('',(-0.707106781187,0.707106781187,-1.077984892053E-15
    ));
#5767 = DIRECTION('',(7.72303461664E-16,-7.52197392711E-16,-1.));
#5768 = ADVANCED_FACE('',(#5769),#5787,.F.);
#5769 = FACE_BOUND('',#5770,.F.);
#5770 = EDGE_LOOP('',(#5771,#5779,#5785,#5786));
#5771 = ORIENTED_EDGE('',*,*,#5772,.T.);
#5772 = EDGE_CURVE('',#1443,#5773,#5775,.T.);
#5773 = VERTEX_POINT('',#5774);
#5774 = CARTESIAN_POINT('',(-65.5,92.,-35.));
#5775 = LINE('',#5776,#5777);
#5776 = CARTESIAN_POINT('',(-65.5,91.25,-35.75));
#5777 = VECTOR('',#5778,1.);
#5778 = DIRECTION('',(-5.378693831391E-15,0.707106781187,0.707106781187)
  );
#5779 = ORIENTED_EDGE('',*,*,#5780,.T.);
#5780 = EDGE_CURVE('',#5773,#5725,#5781,.T.);
#5781 = LINE('',#5782,#5783);
#5782 = CARTESIAN_POINT('',(-66.5,92.,-35.));
#5783 = VECTOR('',#5784,1.);
#5784 = DIRECTION('',(1.,2.E-16,2.E-16));
#5785 = ORIENTED_EDGE('',*,*,#5724,.F.);
#5786 = ORIENTED_EDGE('',*,*,#1442,.F.);
#5787 = PLANE('',#5788);
#5788 = AXIS2_PLACEMENT_3D('',#5789,#5790,#5791);
#5789 = CARTESIAN_POINT('',(-66.5,91.5,-35.5));
#5790 = DIRECTION('',(-4.930380657631E-32,0.707106781187,-0.707106781187
    ));
#5791 = DIRECTION('',(1.,2.E-16,2.E-16));
#5792 = ADVANCED_FACE('',(#5793),#5804,.T.);
#5793 = FACE_BOUND('',#5794,.T.);
#5794 = EDGE_LOOP('',(#5795,#5796,#5797,#5798));
#5795 = ORIENTED_EDGE('',*,*,#5757,.F.);
#5796 = ORIENTED_EDGE('',*,*,#1450,.F.);
#5797 = ORIENTED_EDGE('',*,*,#5772,.T.);
#5798 = ORIENTED_EDGE('',*,*,#5799,.T.);
#5799 = EDGE_CURVE('',#5773,#5750,#5800,.T.);
#5800 = LINE('',#5801,#5802);
#5801 = CARTESIAN_POINT('',(-65.5,92.,-35.));
#5802 = VECTOR('',#5803,1.);
#5803 = DIRECTION('',(-0.707106781187,-2.532268001917E-14,0.707106781187
    ));
#5804 = PLANE('',#5805);
#5805 = AXIS2_PLACEMENT_3D('',#5806,#5807,#5808);
#5806 = CARTESIAN_POINT('',(-66.3,91.4,-34.8));
#5807 = DIRECTION('',(0.57735026919,-0.57735026919,0.57735026919));
#5808 = DIRECTION('',(0.707106781187,2.280169618609E-16,-0.707106781187)
  );
#5809 = ADVANCED_FACE('',(#5810),#5835,.T.);
#5810 = FACE_BOUND('',#5811,.T.);
#5811 = EDGE_LOOP('',(#5812,#5820,#5828,#5834));
#5812 = ORIENTED_EDGE('',*,*,#5813,.T.);
#5813 = EDGE_CURVE('',#1483,#5814,#5816,.T.);
#5814 = VERTEX_POINT('',#5815);
#5815 = CARTESIAN_POINT('',(-57.,92.,-15.));
#5816 = LINE('',#5817,#5818);
#5817 = CARTESIAN_POINT('',(-57.,91.25,-14.25));
#5818 = VECTOR('',#5819,1.);
#5819 = DIRECTION('',(3.845925372767E-15,0.707106781187,-0.707106781187)
  );
#5820 = ORIENTED_EDGE('',*,*,#5821,.T.);
#5821 = EDGE_CURVE('',#5814,#5822,#5824,.T.);
#5822 = VERTEX_POINT('',#5823);
#5823 = CARTESIAN_POINT('',(-56.,92.,-16.));
#5824 = LINE('',#5825,#5826);
#5825 = CARTESIAN_POINT('',(-57.,92.,-15.));
#5826 = VECTOR('',#5827,1.);
#5827 = DIRECTION('',(0.707106781187,1.791927367659E-14,-0.707106781187)
  );
#5828 = ORIENTED_EDGE('',*,*,#5829,.F.);
#5829 = EDGE_CURVE('',#1485,#5822,#5830,.T.);
#5830 = LINE('',#5831,#5832);
#5831 = CARTESIAN_POINT('',(-55.75,91.75,-16.));
#5832 = VECTOR('',#5833,1.);
#5833 = DIRECTION('',(-0.707106781187,0.707106781187,-1.390015709258E-14
    ));
#5834 = ORIENTED_EDGE('',*,*,#1482,.F.);
#5835 = PLANE('',#5836);
#5836 = AXIS2_PLACEMENT_3D('',#5837,#5838,#5839);
#5837 = CARTESIAN_POINT('',(-56.2,91.4,-15.2));
#5838 = DIRECTION('',(-0.57735026919,-0.57735026919,-0.57735026919));
#5839 = DIRECTION('',(1.700981326883E-30,-0.707106781187,0.707106781187)
  );
#5840 = ADVANCED_FACE('',(#5841),#5859,.F.);
#5841 = FACE_BOUND('',#5842,.F.);
#5842 = EDGE_LOOP('',(#5843,#5844,#5852,#5858));
#5843 = ORIENTED_EDGE('',*,*,#5813,.T.);
#5844 = ORIENTED_EDGE('',*,*,#5845,.T.);
#5845 = EDGE_CURVE('',#5814,#5846,#5848,.T.);
#5846 = VERTEX_POINT('',#5847);
#5847 = CARTESIAN_POINT('',(-58.,92.,-15.));
#5848 = LINE('',#5849,#5850);
#5849 = CARTESIAN_POINT('',(-56.,92.,-15.));
#5850 = VECTOR('',#5851,1.);
#5851 = DIRECTION('',(-1.,-2.E-16,-2.E-16));
#5852 = ORIENTED_EDGE('',*,*,#5853,.F.);
#5853 = EDGE_CURVE('',#1533,#5846,#5854,.T.);
#5854 = LINE('',#5855,#5856);
#5855 = CARTESIAN_POINT('',(-58.,91.75,-14.75));
#5856 = VECTOR('',#5857,1.);
#5857 = DIRECTION('',(3.749777238448E-15,0.707106781187,-0.707106781187)
  );
#5858 = ORIENTED_EDGE('',*,*,#1540,.F.);
#5859 = PLANE('',#5860);
#5860 = AXIS2_PLACEMENT_3D('',#5861,#5862,#5863);
#5861 = CARTESIAN_POINT('',(-56.,91.5,-14.5));
#5862 = DIRECTION('',(-2.828427124746E-16,0.707106781187,0.707106781187)
  );
#5863 = DIRECTION('',(-1.,-2.E-16,-2.E-16));
#5864 = ADVANCED_FACE('',(#5865),#5883,.F.);
#5865 = FACE_BOUND('',#5866,.F.);
#5866 = EDGE_LOOP('',(#5867,#5875,#5881,#5882));
#5867 = ORIENTED_EDGE('',*,*,#5868,.T.);
#5868 = EDGE_CURVE('',#1493,#5869,#5871,.T.);
#5869 = VERTEX_POINT('',#5870);
#5870 = CARTESIAN_POINT('',(-56.,92.,-34.));
#5871 = LINE('',#5872,#5873);
#5872 = CARTESIAN_POINT('',(-55.25,91.25,-34.));
#5873 = VECTOR('',#5874,1.);
#5874 = DIRECTION('',(-0.707106781187,0.707106781187,-5.482575061376E-17
    ));
#5875 = ORIENTED_EDGE('',*,*,#5876,.T.);
#5876 = EDGE_CURVE('',#5869,#5822,#5877,.T.);
#5877 = LINE('',#5878,#5879);
#5878 = CARTESIAN_POINT('',(-56.,92.,-35.));
#5879 = VECTOR('',#5880,1.);
#5880 = DIRECTION('',(-2.E-16,1.79893931047E-16,1.));
#5881 = ORIENTED_EDGE('',*,*,#5829,.F.);
#5882 = ORIENTED_EDGE('',*,*,#1492,.F.);
#5883 = PLANE('',#5884);
#5884 = AXIS2_PLACEMENT_3D('',#5885,#5886,#5887);
#5885 = CARTESIAN_POINT('',(-55.5,91.5,-35.));
#5886 = DIRECTION('',(0.707106781187,0.707106781187,-7.811263009288E-16)
  );
#5887 = DIRECTION('',(3.623927388264E-16,7.422866698734E-16,1.));
#5888 = ADVANCED_FACE('',(#5889),#5907,.T.);
#5889 = FACE_BOUND('',#5890,.T.);
#5890 = EDGE_LOOP('',(#5891,#5892,#5893,#5901));
#5891 = ORIENTED_EDGE('',*,*,#5853,.F.);
#5892 = ORIENTED_EDGE('',*,*,#1532,.F.);
#5893 = ORIENTED_EDGE('',*,*,#5894,.T.);
#5894 = EDGE_CURVE('',#1525,#5895,#5897,.T.);
#5895 = VERTEX_POINT('',#5896);
#5896 = CARTESIAN_POINT('',(-59.,92.,-16.));
#5897 = LINE('',#5898,#5899);
#5898 = CARTESIAN_POINT('',(-59.75,91.25,-16.));
#5899 = VECTOR('',#5900,1.);
#5900 = DIRECTION('',(0.707106781187,0.707106781187,2.824016588479E-15)
  );
#5901 = ORIENTED_EDGE('',*,*,#5902,.T.);
#5902 = EDGE_CURVE('',#5895,#5846,#5903,.T.);
#5903 = LINE('',#5904,#5905);
#5904 = CARTESIAN_POINT('',(-59.,92.,-16.));
#5905 = VECTOR('',#5906,1.);
#5906 = DIRECTION('',(0.707106781187,6.40060261568E-15,0.707106781187));
#5907 = PLANE('',#5908);
#5908 = AXIS2_PLACEMENT_3D('',#5909,#5910,#5911);
#5909 = CARTESIAN_POINT('',(-58.8,91.4,-15.2));
#5910 = DIRECTION('',(0.57735026919,-0.57735026919,-0.57735026919));
#5911 = DIRECTION('',(-0.707106781187,-2.707017499813E-17,
    -0.707106781187));
#5912 = ADVANCED_FACE('',(#5913),#5931,.T.);
#5913 = FACE_BOUND('',#5914,.T.);
#5914 = EDGE_LOOP('',(#5915,#5923,#5924,#5925));
#5915 = ORIENTED_EDGE('',*,*,#5916,.F.);
#5916 = EDGE_CURVE('',#1501,#5917,#5919,.T.);
#5917 = VERTEX_POINT('',#5918);
#5918 = CARTESIAN_POINT('',(-57.,92.,-35.));
#5919 = LINE('',#5920,#5921);
#5920 = CARTESIAN_POINT('',(-57.,91.75,-35.25));
#5921 = VECTOR('',#5922,1.);
#5922 = DIRECTION('',(-1.028224868167E-14,0.707106781187,0.707106781187)
  );
#5923 = ORIENTED_EDGE('',*,*,#1500,.F.);
#5924 = ORIENTED_EDGE('',*,*,#5868,.T.);
#5925 = ORIENTED_EDGE('',*,*,#5926,.T.);
#5926 = EDGE_CURVE('',#5869,#5917,#5927,.T.);
#5927 = LINE('',#5928,#5929);
#5928 = CARTESIAN_POINT('',(-56.,92.,-34.));
#5929 = VECTOR('',#5930,1.);
#5930 = DIRECTION('',(-0.707106781187,9.944580218581E-15,-0.707106781187
    ));
#5931 = PLANE('',#5932);
#5932 = AXIS2_PLACEMENT_3D('',#5933,#5934,#5935);
#5933 = CARTESIAN_POINT('',(-56.2,91.4,-34.8));
#5934 = DIRECTION('',(-0.57735026919,-0.57735026919,0.57735026919));
#5935 = DIRECTION('',(0.707106781187,-0.707106781187,8.258132622939E-17)
  );
#5936 = ADVANCED_FACE('',(#5937),#5955,.F.);
#5937 = FACE_BOUND('',#5938,.F.);
#5938 = EDGE_LOOP('',(#5939,#5940,#5948,#5954));
#5939 = ORIENTED_EDGE('',*,*,#5894,.T.);
#5940 = ORIENTED_EDGE('',*,*,#5941,.T.);
#5941 = EDGE_CURVE('',#5895,#5942,#5944,.T.);
#5942 = VERTEX_POINT('',#5943);
#5943 = CARTESIAN_POINT('',(-59.,92.,-34.));
#5944 = LINE('',#5945,#5946);
#5945 = CARTESIAN_POINT('',(-59.,92.,-15.));
#5946 = VECTOR('',#5947,1.);
#5947 = DIRECTION('',(2.E-16,-1.79893931047E-16,-1.));
#5948 = ORIENTED_EDGE('',*,*,#5949,.F.);
#5949 = EDGE_CURVE('',#1517,#5942,#5950,.T.);
#5950 = LINE('',#5951,#5952);
#5951 = CARTESIAN_POINT('',(-59.25,91.75,-34.));
#5952 = VECTOR('',#5953,1.);
#5953 = DIRECTION('',(0.707106781187,0.707106781187,-2.996249721436E-14)
  );
#5954 = ORIENTED_EDGE('',*,*,#1524,.F.);
#5955 = PLANE('',#5956);
#5956 = AXIS2_PLACEMENT_3D('',#5957,#5958,#5959);
#5957 = CARTESIAN_POINT('',(-59.5,91.5,-15.));
#5958 = DIRECTION('',(-0.707106781187,0.707106781187,-1.077984892053E-15
    ));
#5959 = DIRECTION('',(7.72303461664E-16,-7.52197392711E-16,-1.));
#5960 = ADVANCED_FACE('',(#5961),#5979,.F.);
#5961 = FACE_BOUND('',#5962,.F.);
#5962 = EDGE_LOOP('',(#5963,#5971,#5977,#5978));
#5963 = ORIENTED_EDGE('',*,*,#5964,.T.);
#5964 = EDGE_CURVE('',#1509,#5965,#5967,.T.);
#5965 = VERTEX_POINT('',#5966);
#5966 = CARTESIAN_POINT('',(-58.,92.,-35.));
#5967 = LINE('',#5968,#5969);
#5968 = CARTESIAN_POINT('',(-58.,91.25,-35.75));
#5969 = VECTOR('',#5970,1.);
#5970 = DIRECTION('',(-5.378693831391E-15,0.707106781187,0.707106781187)
  );
#5971 = ORIENTED_EDGE('',*,*,#5972,.T.);
#5972 = EDGE_CURVE('',#5965,#5917,#5973,.T.);
#5973 = LINE('',#5974,#5975);
#5974 = CARTESIAN_POINT('',(-59.,92.,-35.));
#5975 = VECTOR('',#5976,1.);
#5976 = DIRECTION('',(1.,2.E-16,2.E-16));
#5977 = ORIENTED_EDGE('',*,*,#5916,.F.);
#5978 = ORIENTED_EDGE('',*,*,#1508,.F.);
#5979 = PLANE('',#5980);
#5980 = AXIS2_PLACEMENT_3D('',#5981,#5982,#5983);
#5981 = CARTESIAN_POINT('',(-59.,91.5,-35.5));
#5982 = DIRECTION('',(-4.930380657631E-32,0.707106781187,-0.707106781187
    ));
#5983 = DIRECTION('',(1.,2.E-16,2.E-16));
#5984 = ADVANCED_FACE('',(#5985),#5996,.T.);
#5985 = FACE_BOUND('',#5986,.T.);
#5986 = EDGE_LOOP('',(#5987,#5988,#5989,#5990));
#5987 = ORIENTED_EDGE('',*,*,#5949,.F.);
#5988 = ORIENTED_EDGE('',*,*,#1516,.F.);
#5989 = ORIENTED_EDGE('',*,*,#5964,.T.);
#5990 = ORIENTED_EDGE('',*,*,#5991,.T.);
#5991 = EDGE_CURVE('',#5965,#5942,#5992,.T.);
#5992 = LINE('',#5993,#5994);
#5993 = CARTESIAN_POINT('',(-58.,92.,-35.));
#5994 = VECTOR('',#5995,1.);
#5995 = DIRECTION('',(-0.707106781187,-2.532268001917E-14,0.707106781187
    ));
#5996 = PLANE('',#5997);
#5997 = AXIS2_PLACEMENT_3D('',#5998,#5999,#6000);
#5998 = CARTESIAN_POINT('',(-58.8,91.4,-34.8));
#5999 = DIRECTION('',(0.57735026919,-0.57735026919,0.57735026919));
#6000 = DIRECTION('',(0.707106781187,2.280169618609E-16,-0.707106781187)
  );
#6001 = ADVANCED_FACE('',(#6002),#6043,.T.);
#6002 = FACE_BOUND('',#6003,.T.);
#6003 = EDGE_LOOP('',(#6004,#6005,#6013,#6021,#6029,#6037));
#6004 = ORIENTED_EDGE('',*,*,#1548,.F.);
#6005 = ORIENTED_EDGE('',*,*,#6006,.F.);
#6006 = EDGE_CURVE('',#6007,#1549,#6009,.T.);
#6007 = VERTEX_POINT('',#6008);
#6008 = CARTESIAN_POINT('',(-5.094358096016,93.,-13.14263111959));
#6009 = LINE('',#6010,#6011);
#6010 = CARTESIAN_POINT('',(-5.094358096016,86.59,-13.14263111959));
#6011 = VECTOR('',#6012,1.);
#6012 = DIRECTION('',(-2.948876798795E-16,-1.,-3.714698827088E-16));
#6013 = ORIENTED_EDGE('',*,*,#6014,.T.);
#6014 = EDGE_CURVE('',#6007,#6015,#6017,.T.);
#6015 = VERTEX_POINT('',#6016);
#6016 = CARTESIAN_POINT('',(-5.634853212827,93.,-13.15206552439));
#6017 = LINE('',#6018,#6019);
#6018 = CARTESIAN_POINT('',(-3.113130081706,93.,-13.10804855537));
#6019 = VECTOR('',#6020,1.);
#6020 = DIRECTION('',(-0.99984769427,-1.978322292706E-16,
    -1.745245719031E-02));
#6021 = ORIENTED_EDGE('',*,*,#6022,.T.);
#6022 = EDGE_CURVE('',#6015,#6023,#6025,.T.);
#6023 = VERTEX_POINT('',#6024);
#6024 = CARTESIAN_POINT('',(-5.634853212827,93.5,-13.15206552439));
#6025 = LINE('',#6026,#6027);
#6026 = CARTESIAN_POINT('',(-5.634853212827,93.5,-13.15206552439));
#6027 = VECTOR('',#6028,1.);
#6028 = DIRECTION('',(-2.E-16,1.,-9.95799250103E-17));
#6029 = ORIENTED_EDGE('',*,*,#6030,.T.);
#6030 = EDGE_CURVE('',#6023,#6031,#6033,.T.);
#6031 = VERTEX_POINT('',#6032);
#6032 = CARTESIAN_POINT('',(-5.907473639929,93.5,-13.15682414549));
#6033 = LINE('',#6034,#6035);
#6034 = CARTESIAN_POINT('',(-3.113130081706,93.5,-13.10804855537));
#6035 = VECTOR('',#6036,1.);
#6036 = DIRECTION('',(-0.99984769427,-8.805181364868E-16,
    -1.745245719031E-02));
#6037 = ORIENTED_EDGE('',*,*,#6038,.F.);
#6038 = EDGE_CURVE('',#1551,#6031,#6039,.T.);
#6039 = LINE('',#6040,#6041);
#6040 = CARTESIAN_POINT('',(-5.907473639929,86.59,-13.15682414549));
#6041 = VECTOR('',#6042,1.);
#6042 = DIRECTION('',(2.948876798795E-16,1.,3.714698827088E-16));
#6043 = PLANE('',#6044);
#6044 = AXIS2_PLACEMENT_3D('',#6045,#6046,#6047);
#6045 = CARTESIAN_POINT('',(-2.097542226053,86.59,-13.09032135184));
#6046 = DIRECTION('',(-1.745245719031E-02,-3.662667911083E-16,
    0.99984769427));
#6047 = DIRECTION('',(-0.99984769427,3.013258290218E-16,
    -1.745245719031E-02));
#6048 = ADVANCED_FACE('',(#6049),#6068,.F.);
#6049 = FACE_BOUND('',#6050,.F.);
#6050 = EDGE_LOOP('',(#6051,#6060,#6066,#6067));
#6051 = ORIENTED_EDGE('',*,*,#6052,.T.);
#6052 = EDGE_CURVE('',#6007,#6053,#6055,.T.);
#6053 = VERTEX_POINT('',#6054);
#6054 = CARTESIAN_POINT('',(-2.910657769967,93.,-13.10451437774));
#6055 = CIRCLE('',#6056,1.55);
#6056 = AXIS2_PLACEMENT_3D('',#6057,#6058,#6059);
#6057 = CARTESIAN_POINT('',(-4.021705635901,93.,-12.02374028497));
#6058 = DIRECTION('',(-2.948876798795E-16,-1.,-3.714698827088E-16));
#6059 = DIRECTION('',(-0.51503807491,-1.665334536938E-16,0.857167300702)
  );
#6060 = ORIENTED_EDGE('',*,*,#6061,.T.);
#6061 = EDGE_CURVE('',#6053,#1609,#6062,.T.);
#6062 = LINE('',#6063,#6064);
#6063 = CARTESIAN_POINT('',(-2.910657769967,86.59,-13.10451437774));
#6064 = VECTOR('',#6065,1.);
#6065 = DIRECTION('',(-2.948876798795E-16,-1.,-3.714698827088E-16));
#6066 = ORIENTED_EDGE('',*,*,#1616,.F.);
#6067 = ORIENTED_EDGE('',*,*,#6006,.F.);
#6068 = CYLINDRICAL_SURFACE('',#6069,1.55);
#6069 = AXIS2_PLACEMENT_3D('',#6070,#6071,#6072);
#6070 = CARTESIAN_POINT('',(-4.021705635901,86.59,-12.02374028497));
#6071 = DIRECTION('',(-2.948876798795E-16,-1.,-3.714698827088E-16));
#6072 = DIRECTION('',(-0.51503807491,-1.665334536938E-16,0.857167300702)
  );
#6073 = ADVANCED_FACE('',(#6074),#6108,.T.);
#6074 = FACE_BOUND('',#6075,.T.);
#6075 = EDGE_LOOP('',(#6076,#6077,#6085,#6093,#6101,#6107));
#6076 = ORIENTED_EDGE('',*,*,#1608,.F.);
#6077 = ORIENTED_EDGE('',*,*,#6078,.T.);
#6078 = EDGE_CURVE('',#1601,#6079,#6081,.T.);
#6079 = VERTEX_POINT('',#6080);
#6080 = CARTESIAN_POINT('',(-2.097542226053,93.5,-13.09032135184));
#6081 = LINE('',#6082,#6083);
#6082 = CARTESIAN_POINT('',(-2.097542226053,86.59,-13.09032135184));
#6083 = VECTOR('',#6084,1.);
#6084 = DIRECTION('',(2.948876798795E-16,1.,3.714698827088E-16));
#6085 = ORIENTED_EDGE('',*,*,#6086,.T.);
#6086 = EDGE_CURVE('',#6079,#6087,#6089,.T.);
#6087 = VERTEX_POINT('',#6088);
#6088 = CARTESIAN_POINT('',(-2.325936077512,93.5,-13.09430799294));
#6089 = LINE('',#6090,#6091);
#6090 = CARTESIAN_POINT('',(-3.113130081706,93.5,-13.10804855537));
#6091 = VECTOR('',#6092,1.);
#6092 = DIRECTION('',(-0.99984769427,-8.805181364868E-16,
    -1.745245719031E-02));
#6093 = ORIENTED_EDGE('',*,*,#6094,.F.);
#6094 = EDGE_CURVE('',#6095,#6087,#6097,.T.);
#6095 = VERTEX_POINT('',#6096);
#6096 = CARTESIAN_POINT('',(-2.325936077512,93.,-13.09430799294));
#6097 = LINE('',#6098,#6099);
#6098 = CARTESIAN_POINT('',(-2.325936077512,93.5,-13.09430799294));
#6099 = VECTOR('',#6100,1.);
#6100 = DIRECTION('',(-2.E-16,1.,-9.95799250103E-17));
#6101 = ORIENTED_EDGE('',*,*,#6102,.T.);
#6102 = EDGE_CURVE('',#6095,#6053,#6103,.T.);
#6103 = LINE('',#6104,#6105);
#6104 = CARTESIAN_POINT('',(-3.113130081706,93.,-13.10804855537));
#6105 = VECTOR('',#6106,1.);
#6106 = DIRECTION('',(-0.99984769427,-1.978322292706E-16,
    -1.745245719031E-02));
#6107 = ORIENTED_EDGE('',*,*,#6061,.T.);
#6108 = PLANE('',#6109);
#6109 = AXIS2_PLACEMENT_3D('',#6110,#6111,#6112);
#6110 = CARTESIAN_POINT('',(-2.097542226053,86.59,-13.09032135184));
#6111 = DIRECTION('',(-1.745245719031E-02,-3.662667911083E-16,
    0.99984769427));
#6112 = DIRECTION('',(-0.99984769427,3.013258290218E-16,
    -1.745245719031E-02));
#6113 = ADVANCED_FACE('',(#6114),#6148,.T.);
#6114 = FACE_BOUND('',#6115,.T.);
#6115 = EDGE_LOOP('',(#6116,#6117,#6125,#6133,#6141,#6147));
#6116 = ORIENTED_EDGE('',*,*,#1600,.F.);
#6117 = ORIENTED_EDGE('',*,*,#6118,.F.);
#6118 = EDGE_CURVE('',#6119,#1592,#6121,.T.);
#6119 = VERTEX_POINT('',#6120);
#6120 = CARTESIAN_POINT('',(-2.516391518996,93.,-12.39323914755));
#6121 = LINE('',#6122,#6123);
#6122 = CARTESIAN_POINT('',(-2.516391518996,86.59,-12.39323914755));
#6123 = VECTOR('',#6124,1.);
#6124 = DIRECTION('',(-2.948876798795E-16,-1.,-3.714698827088E-16));
#6125 = ORIENTED_EDGE('',*,*,#6126,.T.);
#6126 = EDGE_CURVE('',#6119,#6127,#6129,.T.);
#6127 = VERTEX_POINT('',#6128);
#6128 = CARTESIAN_POINT('',(-2.213011217076,93.,-12.89814870133));
#6129 = LINE('',#6130,#6131);
#6130 = CARTESIAN_POINT('',(-1.695559094088,93.,-13.7593335537));
#6131 = VECTOR('',#6132,1.);
#6132 = DIRECTION('',(0.515038118421,2.079803395963E-16,-0.857167274558)
  );
#6133 = ORIENTED_EDGE('',*,*,#6134,.T.);
#6134 = EDGE_CURVE('',#6127,#6135,#6137,.T.);
#6135 = VERTEX_POINT('',#6136);
#6136 = CARTESIAN_POINT('',(-2.213011217076,93.5,-12.89814870133));
#6137 = LINE('',#6138,#6139);
#6138 = CARTESIAN_POINT('',(-2.213011217076,93.5,-12.89814870133));
#6139 = VECTOR('',#6140,1.);
#6140 = DIRECTION('',(-2.E-16,1.,-9.95799250103E-17));
#6141 = ORIENTED_EDGE('',*,*,#6142,.T.);
#6142 = EDGE_CURVE('',#6135,#6079,#6143,.T.);
#6143 = LINE('',#6144,#6145);
#6144 = CARTESIAN_POINT('',(-1.695559094088,93.5,-13.7593335537));
#6145 = VECTOR('',#6146,1.);
#6146 = DIRECTION('',(0.515038118421,2.578158791346E-16,-0.857167274558)
  );
#6147 = ORIENTED_EDGE('',*,*,#6078,.F.);
#6148 = PLANE('',#6149);
#6149 = AXIS2_PLACEMENT_3D('',#6150,#6151,#6152);
#6150 = CARTESIAN_POINT('',(-4.060101041721,86.59,-9.824075357578));
#6151 = DIRECTION('',(-0.857167274558,4.440892183035E-16,-0.515038118421
    ));
#6152 = DIRECTION('',(0.515038118421,1.665334311514E-16,-0.857167274558)
  );
#6153 = ADVANCED_FACE('',(#6154),#6173,.F.);
#6154 = FACE_BOUND('',#6155,.F.);
#6155 = EDGE_LOOP('',(#6156,#6157,#6166,#6172));
#6156 = ORIENTED_EDGE('',*,*,#6118,.F.);
#6157 = ORIENTED_EDGE('',*,*,#6158,.T.);
#6158 = EDGE_CURVE('',#6119,#6159,#6161,.T.);
#6159 = VERTEX_POINT('',#6160);
#6160 = CARTESIAN_POINT('',(-3.641251748778,93.,-10.52115756186));
#6161 = CIRCLE('',#6162,1.55);
#6162 = AXIS2_PLACEMENT_3D('',#6163,#6164,#6165);
#6163 = CARTESIAN_POINT('',(-4.021705635901,93.,-12.02374028497));
#6164 = DIRECTION('',(-2.948876798795E-16,-1.,-3.714698827088E-16));
#6165 = DIRECTION('',(-0.51503807491,-1.665334536938E-16,0.857167300702)
  );
#6166 = ORIENTED_EDGE('',*,*,#6167,.T.);
#6167 = EDGE_CURVE('',#6159,#1584,#6168,.T.);
#6168 = LINE('',#6169,#6170);
#6169 = CARTESIAN_POINT('',(-3.641251748778,86.59,-10.52115756186));
#6170 = VECTOR('',#6171,1.);
#6171 = DIRECTION('',(-2.948876798795E-16,-1.,-3.714698827088E-16));
#6172 = ORIENTED_EDGE('',*,*,#1591,.F.);
#6173 = CYLINDRICAL_SURFACE('',#6174,1.55);
#6174 = AXIS2_PLACEMENT_3D('',#6175,#6176,#6177);
#6175 = CARTESIAN_POINT('',(-4.021705635901,86.59,-12.02374028497));
#6176 = DIRECTION('',(-2.948876798795E-16,-1.,-3.714698827088E-16));
#6177 = DIRECTION('',(-0.51503807491,-1.665334536938E-16,0.857167300702)
  );
#6178 = ADVANCED_FACE('',(#6179),#6213,.T.);
#6179 = FACE_BOUND('',#6180,.T.);
#6180 = EDGE_LOOP('',(#6181,#6182,#6190,#6198,#6206,#6212));
#6181 = ORIENTED_EDGE('',*,*,#1583,.F.);
#6182 = ORIENTED_EDGE('',*,*,#6183,.T.);
#6183 = EDGE_CURVE('',#1576,#6184,#6186,.T.);
#6184 = VERTEX_POINT('',#6185);
#6185 = CARTESIAN_POINT('',(-4.060101041721,93.5,-9.824075357578));
#6186 = LINE('',#6187,#6188);
#6187 = CARTESIAN_POINT('',(-4.060101041721,86.59,-9.824075357578));
#6188 = VECTOR('',#6189,1.);
#6189 = DIRECTION('',(2.948876798795E-16,1.,3.714698827088E-16));
#6190 = ORIENTED_EDGE('',*,*,#6191,.T.);
#6191 = EDGE_CURVE('',#6184,#6192,#6194,.T.);
#6192 = VERTEX_POINT('',#6193);
#6193 = CARTESIAN_POINT('',(-3.954078020261,93.5,-10.00052727656));
#6194 = LINE('',#6195,#6196);
#6195 = CARTESIAN_POINT('',(-1.695559094088,93.5,-13.7593335537));
#6196 = VECTOR('',#6197,1.);
#6197 = DIRECTION('',(0.515038118421,2.578158791346E-16,-0.857167274558)
  );
#6198 = ORIENTED_EDGE('',*,*,#6199,.F.);
#6199 = EDGE_CURVE('',#6200,#6192,#6202,.T.);
#6200 = VERTEX_POINT('',#6201);
#6201 = CARTESIAN_POINT('',(-3.954078020261,93.,-10.00052727656));
#6202 = LINE('',#6203,#6204);
#6203 = CARTESIAN_POINT('',(-3.954078020261,93.5,-10.00052727656));
#6204 = VECTOR('',#6205,1.);
#6205 = DIRECTION('',(-2.E-16,1.,-9.95799250103E-17));
#6206 = ORIENTED_EDGE('',*,*,#6207,.T.);
#6207 = EDGE_CURVE('',#6200,#6159,#6208,.T.);
#6208 = LINE('',#6209,#6210);
#6209 = CARTESIAN_POINT('',(-1.695559094088,93.,-13.7593335537));
#6210 = VECTOR('',#6211,1.);
#6211 = DIRECTION('',(0.515038118421,2.079803395963E-16,-0.857167274558)
  );
#6212 = ORIENTED_EDGE('',*,*,#6167,.T.);
#6213 = PLANE('',#6214);
#6214 = AXIS2_PLACEMENT_3D('',#6215,#6216,#6217);
#6215 = CARTESIAN_POINT('',(-4.060101041721,86.59,-9.824075357578));
#6216 = DIRECTION('',(-0.857167274558,4.440892183035E-16,-0.515038118421
    ));
#6217 = DIRECTION('',(0.515038118421,1.665334311514E-16,-0.857167274558)
  );
#6218 = ADVANCED_FACE('',(#6219),#6253,.T.);
#6219 = FACE_BOUND('',#6220,.T.);
#6220 = EDGE_LOOP('',(#6221,#6222,#6230,#6238,#6246,#6252));
#6221 = ORIENTED_EDGE('',*,*,#1575,.F.);
#6222 = ORIENTED_EDGE('',*,*,#6223,.F.);
#6223 = EDGE_CURVE('',#6224,#1567,#6226,.T.);
#6224 = VERTEX_POINT('',#6225);
#6225 = CARTESIAN_POINT('',(-4.45436729269,93.,-10.53535058776));
#6226 = LINE('',#6227,#6228);
#6227 = CARTESIAN_POINT('',(-4.45436729269,86.59,-10.53535058776));
#6228 = VECTOR('',#6229,1.);
#6229 = DIRECTION('',(-2.948876798795E-16,-1.,-3.714698827088E-16));
#6230 = ORIENTED_EDGE('',*,*,#6231,.T.);
#6231 = EDGE_CURVE('',#6224,#6232,#6234,.T.);
#6232 = VERTEX_POINT('',#6233);
#6233 = CARTESIAN_POINT('',(-4.161225660097,93.,-10.0065090202));
#6234 = LINE('',#6235,#6236);
#6235 = CARTESIAN_POINT('',(-7.240148504983,93.,-15.56103353211));
#6236 = VECTOR('',#6237,1.);
#6237 = DIRECTION('',(0.48480957585,-1.014811032571E-17,0.874619731749)
  );
#6238 = ORIENTED_EDGE('',*,*,#6239,.T.);
#6239 = EDGE_CURVE('',#6232,#6240,#6242,.T.);
#6240 = VERTEX_POINT('',#6241);
#6241 = CARTESIAN_POINT('',(-4.161225660097,93.5,-10.0065090202));
#6242 = LINE('',#6243,#6244);
#6243 = CARTESIAN_POINT('',(-4.161225660097,93.5,-10.0065090202));
#6244 = VECTOR('',#6245,1.);
#6245 = DIRECTION('',(-2.E-16,1.,-9.95799250103E-17));
#6246 = ORIENTED_EDGE('',*,*,#6247,.T.);
#6247 = EDGE_CURVE('',#6240,#6184,#6248,.T.);
#6248 = LINE('',#6249,#6250);
#6249 = CARTESIAN_POINT('',(-7.240148504983,93.5,-15.56103353211));
#6250 = VECTOR('',#6251,1.);
#6251 = DIRECTION('',(0.48480957585,6.227022573524E-16,0.874619731749));
#6252 = ORIENTED_EDGE('',*,*,#6183,.F.);
#6253 = PLANE('',#6254);
#6254 = AXIS2_PLACEMENT_3D('',#6255,#6256,#6257);
#6255 = CARTESIAN_POINT('',(-5.907473639929,86.59,-13.15682414549));
#6256 = DIRECTION('',(0.874619731749,-7.782242719513E-17,-0.48480957585)
  );
#6257 = DIRECTION('',(0.48480957585,-4.678592601733E-16,0.874619731749)
  );
#6258 = ADVANCED_FACE('',(#6259),#6278,.F.);
#6259 = FACE_BOUND('',#6260,.F.);
#6260 = EDGE_LOOP('',(#6261,#6269,#6270,#6271));
#6261 = ORIENTED_EDGE('',*,*,#6262,.T.);
#6262 = EDGE_CURVE('',#6263,#1559,#6265,.T.);
#6263 = VERTEX_POINT('',#6264);
#6264 = CARTESIAN_POINT('',(-5.513207388959,93.,-12.4455489153));
#6265 = LINE('',#6266,#6267);
#6266 = CARTESIAN_POINT('',(-5.513207388959,86.59,-12.4455489153));
#6267 = VECTOR('',#6268,1.);
#6268 = DIRECTION('',(-2.948876798795E-16,-1.,-3.714698827088E-16));
#6269 = ORIENTED_EDGE('',*,*,#1566,.F.);
#6270 = ORIENTED_EDGE('',*,*,#6223,.F.);
#6271 = ORIENTED_EDGE('',*,*,#6272,.T.);
#6272 = EDGE_CURVE('',#6224,#6263,#6273,.T.);
#6273 = CIRCLE('',#6274,1.55);
#6274 = AXIS2_PLACEMENT_3D('',#6275,#6276,#6277);
#6275 = CARTESIAN_POINT('',(-4.021705635901,93.,-12.02374028497));
#6276 = DIRECTION('',(-2.948876798795E-16,-1.,-3.714698827088E-16));
#6277 = DIRECTION('',(-0.51503807491,-1.665334536938E-16,0.857167300702)
  );
#6278 = CYLINDRICAL_SURFACE('',#6279,1.55);
#6279 = AXIS2_PLACEMENT_3D('',#6280,#6281,#6282);
#6280 = CARTESIAN_POINT('',(-4.021705635901,86.59,-12.02374028497));
#6281 = DIRECTION('',(-2.948876798795E-16,-1.,-3.714698827088E-16));
#6282 = DIRECTION('',(-0.51503807491,-1.665334536938E-16,0.857167300702)
  );
#6283 = ADVANCED_FACE('',(#6284),#6311,.T.);
#6284 = FACE_BOUND('',#6285,.T.);
#6285 = EDGE_LOOP('',(#6286,#6287,#6288,#6296,#6304,#6310));
#6286 = ORIENTED_EDGE('',*,*,#1558,.F.);
#6287 = ORIENTED_EDGE('',*,*,#6038,.T.);
#6288 = ORIENTED_EDGE('',*,*,#6289,.T.);
#6289 = EDGE_CURVE('',#6031,#6290,#6292,.T.);
#6290 = VERTEX_POINT('',#6291);
#6291 = CARTESIAN_POINT('',(-5.776012719929,93.5,-12.91966233947));
#6292 = LINE('',#6293,#6294);
#6293 = CARTESIAN_POINT('',(-7.240148504983,93.5,-15.56103353211));
#6294 = VECTOR('',#6295,1.);
#6295 = DIRECTION('',(0.48480957585,6.227022573524E-16,0.874619731749));
#6296 = ORIENTED_EDGE('',*,*,#6297,.F.);
#6297 = EDGE_CURVE('',#6298,#6290,#6300,.T.);
#6298 = VERTEX_POINT('',#6299);
#6299 = CARTESIAN_POINT('',(-5.776012719929,93.,-12.91966233947));
#6300 = LINE('',#6301,#6302);
#6301 = CARTESIAN_POINT('',(-5.776012719929,93.5,-12.91966233947));
#6302 = VECTOR('',#6303,1.);
#6303 = DIRECTION('',(-2.E-16,1.,-9.95799250103E-17));
#6304 = ORIENTED_EDGE('',*,*,#6305,.T.);
#6305 = EDGE_CURVE('',#6298,#6263,#6306,.T.);
#6306 = LINE('',#6307,#6308);
#6307 = CARTESIAN_POINT('',(-7.240148504983,93.,-15.56103353211));
#6308 = VECTOR('',#6309,1.);
#6309 = DIRECTION('',(0.48480957585,-1.014811032571E-17,0.874619731749)
  );
#6310 = ORIENTED_EDGE('',*,*,#6262,.T.);
#6311 = PLANE('',#6312);
#6312 = AXIS2_PLACEMENT_3D('',#6313,#6314,#6315);
#6313 = CARTESIAN_POINT('',(-5.907473639929,86.59,-13.15682414549));
#6314 = DIRECTION('',(0.874619731749,-7.782242719513E-17,-0.48480957585)
  );
#6315 = DIRECTION('',(0.48480957585,-4.678592601733E-16,0.874619731749)
  );
#6316 = ADVANCED_FACE('',(#6317),#6358,.T.);
#6317 = FACE_BOUND('',#6318,.T.);
#6318 = EDGE_LOOP('',(#6319,#6320,#6328,#6336,#6344,#6352));
#6319 = ORIENTED_EDGE('',*,*,#1625,.F.);
#6320 = ORIENTED_EDGE('',*,*,#6321,.F.);
#6321 = EDGE_CURVE('',#6322,#1626,#6324,.T.);
#6322 = VERTEX_POINT('',#6323);
#6323 = CARTESIAN_POINT('',(-5.093925402702,93.,-30.09355439276));
#6324 = LINE('',#6325,#6326);
#6325 = CARTESIAN_POINT('',(-5.093925402702,86.59,-30.09355439276));
#6326 = VECTOR('',#6327,1.);
#6327 = DIRECTION('',(-2.948876798795E-16,-1.,-3.714698827088E-16));
#6328 = ORIENTED_EDGE('',*,*,#6329,.T.);
#6329 = EDGE_CURVE('',#6322,#6330,#6332,.T.);
#6330 = VERTEX_POINT('',#6331);
#6331 = CARTESIAN_POINT('',(-5.667969883219,93.,-30.10357440559));
#6332 = LINE('',#6333,#6334);
#6333 = CARTESIAN_POINT('',(-2.965018566475,93.,-30.05639407761));
#6334 = VECTOR('',#6335,1.);
#6335 = DIRECTION('',(-0.99984769427,-1.978322292706E-16,
    -1.745245719031E-02));
#6336 = ORIENTED_EDGE('',*,*,#6337,.T.);
#6337 = EDGE_CURVE('',#6330,#6338,#6340,.T.);
#6338 = VERTEX_POINT('',#6339);
#6339 = CARTESIAN_POINT('',(-5.667969883219,93.5,-30.10357440559));
#6340 = LINE('',#6341,#6342);
#6341 = CARTESIAN_POINT('',(-5.667969883219,93.5,-30.10357440559));
#6342 = VECTOR('',#6343,1.);
#6343 = DIRECTION('',(-2.E-16,1.,-9.95799250103E-17));
#6344 = ORIENTED_EDGE('',*,*,#6345,.T.);
#6345 = EDGE_CURVE('',#6338,#6346,#6348,.T.);
#6346 = VERTEX_POINT('',#6347);
#6347 = CARTESIAN_POINT('',(-5.907040946616,93.5,-30.10774741866));
#6348 = LINE('',#6349,#6350);
#6349 = CARTESIAN_POINT('',(-2.965018566475,93.5,-30.05639407761));
#6350 = VECTOR('',#6351,1.);
#6351 = DIRECTION('',(-0.99984769427,-8.805181364868E-16,
    -1.745245719031E-02));
#6352 = ORIENTED_EDGE('',*,*,#6353,.F.);
#6353 = EDGE_CURVE('',#1628,#6346,#6354,.T.);
#6354 = LINE('',#6355,#6356);
#6355 = CARTESIAN_POINT('',(-5.907040946616,86.59,-30.10774741866));
#6356 = VECTOR('',#6357,1.);
#6357 = DIRECTION('',(2.948876798795E-16,1.,3.714698827088E-16));
#6358 = PLANE('',#6359);
#6359 = AXIS2_PLACEMENT_3D('',#6360,#6361,#6362);
#6360 = CARTESIAN_POINT('',(-2.09710953274,86.59,-30.041244625));
#6361 = DIRECTION('',(-1.745245719031E-02,-3.662667911083E-16,
    0.99984769427));
#6362 = DIRECTION('',(-0.99984769427,3.013258290218E-16,
    -1.745245719031E-02));
#6363 = ADVANCED_FACE('',(#6364),#6383,.F.);
#6364 = FACE_BOUND('',#6365,.F.);
#6365 = EDGE_LOOP('',(#6366,#6375,#6381,#6382));
#6366 = ORIENTED_EDGE('',*,*,#6367,.T.);
#6367 = EDGE_CURVE('',#6322,#6368,#6370,.T.);
#6368 = VERTEX_POINT('',#6369);
#6369 = CARTESIAN_POINT('',(-2.910225076653,93.,-30.0554376509));
#6370 = CIRCLE('',#6371,1.55);
#6371 = AXIS2_PLACEMENT_3D('',#6372,#6373,#6374);
#6372 = CARTESIAN_POINT('',(-4.021272942588,93.,-28.97466355813));
#6373 = DIRECTION('',(-2.948876798795E-16,-1.,-3.714698827088E-16));
#6374 = DIRECTION('',(-0.51503807491,-1.665334536938E-16,0.857167300702)
  );
#6375 = ORIENTED_EDGE('',*,*,#6376,.T.);
#6376 = EDGE_CURVE('',#6368,#1686,#6377,.T.);
#6377 = LINE('',#6378,#6379);
#6378 = CARTESIAN_POINT('',(-2.910225076653,86.59,-30.0554376509));
#6379 = VECTOR('',#6380,1.);
#6380 = DIRECTION('',(-2.948876798795E-16,-1.,-3.714698827088E-16));
#6381 = ORIENTED_EDGE('',*,*,#1693,.F.);
#6382 = ORIENTED_EDGE('',*,*,#6321,.F.);
#6383 = CYLINDRICAL_SURFACE('',#6384,1.55);
#6384 = AXIS2_PLACEMENT_3D('',#6385,#6386,#6387);
#6385 = CARTESIAN_POINT('',(-4.021272942588,86.59,-28.97466355813));
#6386 = DIRECTION('',(-2.948876798795E-16,-1.,-3.714698827088E-16));
#6387 = DIRECTION('',(-0.51503807491,-1.665334536938E-16,0.857167300702)
  );
#6388 = ADVANCED_FACE('',(#6389),#6423,.T.);
#6389 = FACE_BOUND('',#6390,.T.);
#6390 = EDGE_LOOP('',(#6391,#6392,#6400,#6408,#6416,#6422));
#6391 = ORIENTED_EDGE('',*,*,#1685,.F.);
#6392 = ORIENTED_EDGE('',*,*,#6393,.T.);
#6393 = EDGE_CURVE('',#1678,#6394,#6396,.T.);
#6394 = VERTEX_POINT('',#6395);
#6395 = CARTESIAN_POINT('',(-2.09710953274,93.5,-30.041244625));
#6396 = LINE('',#6397,#6398);
#6397 = CARTESIAN_POINT('',(-2.09710953274,86.59,-30.041244625));
#6398 = VECTOR('',#6399,1.);
#6399 = DIRECTION('',(2.948876798795E-16,1.,3.714698827088E-16));
#6400 = ORIENTED_EDGE('',*,*,#6401,.T.);
#6401 = EDGE_CURVE('',#6394,#6402,#6404,.T.);
#6402 = VERTEX_POINT('',#6403);
#6403 = CARTESIAN_POINT('',(-2.29453190158,93.5,-30.04469065529));
#6404 = LINE('',#6405,#6406);
#6405 = CARTESIAN_POINT('',(-2.965018566475,93.5,-30.05639407761));
#6406 = VECTOR('',#6407,1.);
#6407 = DIRECTION('',(-0.99984769427,-8.805181364868E-16,
    -1.745245719031E-02));
#6408 = ORIENTED_EDGE('',*,*,#6409,.F.);
#6409 = EDGE_CURVE('',#6410,#6402,#6412,.T.);
#6410 = VERTEX_POINT('',#6411);
#6411 = CARTESIAN_POINT('',(-2.29453190158,93.,-30.04469065529));
#6412 = LINE('',#6413,#6414);
#6413 = CARTESIAN_POINT('',(-2.29453190158,93.5,-30.04469065529));
#6414 = VECTOR('',#6415,1.);
#6415 = DIRECTION('',(-2.E-16,1.,-9.95799250103E-17));
#6416 = ORIENTED_EDGE('',*,*,#6417,.T.);
#6417 = EDGE_CURVE('',#6410,#6368,#6418,.T.);
#6418 = LINE('',#6419,#6420);
#6419 = CARTESIAN_POINT('',(-2.965018566475,93.,-30.05639407761));
#6420 = VECTOR('',#6421,1.);
#6421 = DIRECTION('',(-0.99984769427,-1.978322292706E-16,
    -1.745245719031E-02));
#6422 = ORIENTED_EDGE('',*,*,#6376,.T.);
#6423 = PLANE('',#6424);
#6424 = AXIS2_PLACEMENT_3D('',#6425,#6426,#6427);
#6425 = CARTESIAN_POINT('',(-2.09710953274,86.59,-30.041244625));
#6426 = DIRECTION('',(-1.745245719031E-02,-3.662667911083E-16,
    0.99984769427));
#6427 = DIRECTION('',(-0.99984769427,3.013258290218E-16,
    -1.745245719031E-02));
#6428 = ADVANCED_FACE('',(#6429),#6463,.T.);
#6429 = FACE_BOUND('',#6430,.T.);
#6430 = EDGE_LOOP('',(#6431,#6432,#6440,#6448,#6456,#6462));
#6431 = ORIENTED_EDGE('',*,*,#1677,.F.);
#6432 = ORIENTED_EDGE('',*,*,#6433,.F.);
#6433 = EDGE_CURVE('',#6434,#1669,#6436,.T.);
#6434 = VERTEX_POINT('',#6435);
#6435 = CARTESIAN_POINT('',(-2.515958825683,93.,-29.34416242071));
#6436 = LINE('',#6437,#6438);
#6437 = CARTESIAN_POINT('',(-2.515958825683,86.59,-29.34416242071));
#6438 = VECTOR('',#6439,1.);
#6439 = DIRECTION('',(-2.948876798795E-16,-1.,-3.714698827088E-16));
#6440 = ORIENTED_EDGE('',*,*,#6441,.T.);
#6441 = EDGE_CURVE('',#6434,#6442,#6444,.T.);
#6442 = VERTEX_POINT('',#6443);
#6443 = CARTESIAN_POINT('',(-2.199524552284,93.,-29.87079742889));
#6444 = LINE('',#6445,#6446);
#6445 = CARTESIAN_POINT('',(-5.436878216983,93.,-24.48293676712));
#6446 = VECTOR('',#6447,1.);
#6447 = DIRECTION('',(0.515038118421,2.079803395963E-16,-0.857167274558)
  );
#6448 = ORIENTED_EDGE('',*,*,#6449,.T.);
#6449 = EDGE_CURVE('',#6442,#6450,#6452,.T.);
#6450 = VERTEX_POINT('',#6451);
#6451 = CARTESIAN_POINT('',(-2.199524552284,93.5,-29.87079742889));
#6452 = LINE('',#6453,#6454);
#6453 = CARTESIAN_POINT('',(-2.199524552284,93.5,-29.87079742889));
#6454 = VECTOR('',#6455,1.);
#6455 = DIRECTION('',(-2.E-16,1.,-9.95799250103E-17));
#6456 = ORIENTED_EDGE('',*,*,#6457,.T.);
#6457 = EDGE_CURVE('',#6450,#6394,#6458,.T.);
#6458 = LINE('',#6459,#6460);
#6459 = CARTESIAN_POINT('',(-5.436878216983,93.5,-24.48293676712));
#6460 = VECTOR('',#6461,1.);
#6461 = DIRECTION('',(0.515038118421,2.578158791346E-16,-0.857167274558)
  );
#6462 = ORIENTED_EDGE('',*,*,#6393,.F.);
#6463 = PLANE('',#6464);
#6464 = AXIS2_PLACEMENT_3D('',#6465,#6466,#6467);
#6465 = CARTESIAN_POINT('',(-4.059668348407,86.59,-26.77499863074));
#6466 = DIRECTION('',(-0.857167274558,4.440892183035E-16,-0.515038118421
    ));
#6467 = DIRECTION('',(0.515038118421,1.665334311514E-16,-0.857167274558)
  );
#6468 = ADVANCED_FACE('',(#6469),#6488,.F.);
#6469 = FACE_BOUND('',#6470,.F.);
#6470 = EDGE_LOOP('',(#6471,#6472,#6481,#6487));
#6471 = ORIENTED_EDGE('',*,*,#6433,.F.);
#6472 = ORIENTED_EDGE('',*,*,#6473,.T.);
#6473 = EDGE_CURVE('',#6434,#6474,#6476,.T.);
#6474 = VERTEX_POINT('',#6475);
#6475 = CARTESIAN_POINT('',(-3.640819055464,93.,-27.47208083503));
#6476 = CIRCLE('',#6477,1.55);
#6477 = AXIS2_PLACEMENT_3D('',#6478,#6479,#6480);
#6478 = CARTESIAN_POINT('',(-4.021272942588,93.,-28.97466355813));
#6479 = DIRECTION('',(-2.948876798795E-16,-1.,-3.714698827088E-16));
#6480 = DIRECTION('',(-0.51503807491,-1.665334536938E-16,0.857167300702)
  );
#6481 = ORIENTED_EDGE('',*,*,#6482,.T.);
#6482 = EDGE_CURVE('',#6474,#1661,#6483,.T.);
#6483 = LINE('',#6484,#6485);
#6484 = CARTESIAN_POINT('',(-3.640819055464,86.59,-27.47208083503));
#6485 = VECTOR('',#6486,1.);
#6486 = DIRECTION('',(-2.948876798795E-16,-1.,-3.714698827088E-16));
#6487 = ORIENTED_EDGE('',*,*,#1668,.F.);
#6488 = CYLINDRICAL_SURFACE('',#6489,1.55);
#6489 = AXIS2_PLACEMENT_3D('',#6490,#6491,#6492);
#6490 = CARTESIAN_POINT('',(-4.021272942588,86.59,-28.97466355813));
#6491 = DIRECTION('',(-2.948876798795E-16,-1.,-3.714698827088E-16));
#6492 = DIRECTION('',(-0.51503807491,-1.665334536938E-16,0.857167300702)
  );
#6493 = ADVANCED_FACE('',(#6494),#6528,.T.);
#6494 = FACE_BOUND('',#6495,.T.);
#6495 = EDGE_LOOP('',(#6496,#6497,#6505,#6513,#6521,#6527));
#6496 = ORIENTED_EDGE('',*,*,#1660,.F.);
#6497 = ORIENTED_EDGE('',*,*,#6498,.T.);
#6498 = EDGE_CURVE('',#1653,#6499,#6501,.T.);
#6499 = VERTEX_POINT('',#6500);
#6500 = CARTESIAN_POINT('',(-4.059668348407,93.5,-26.77499863074));
#6501 = LINE('',#6502,#6503);
#6502 = CARTESIAN_POINT('',(-4.059668348407,86.59,-26.77499863074));
#6503 = VECTOR('',#6504,1.);
#6504 = DIRECTION('',(2.948876798795E-16,1.,3.714698827088E-16));
#6505 = ORIENTED_EDGE('',*,*,#6506,.T.);
#6506 = EDGE_CURVE('',#6499,#6507,#6509,.T.);
#6507 = VERTEX_POINT('',#6508);
#6508 = CARTESIAN_POINT('',(-3.92359667441,93.5,-27.00145989986));
#6509 = LINE('',#6510,#6511);
#6510 = CARTESIAN_POINT('',(-5.436878216983,93.5,-24.48293676712));
#6511 = VECTOR('',#6512,1.);
#6512 = DIRECTION('',(0.515038118421,2.578158791346E-16,-0.857167274558)
  );
#6513 = ORIENTED_EDGE('',*,*,#6514,.F.);
#6514 = EDGE_CURVE('',#6515,#6507,#6517,.T.);
#6515 = VERTEX_POINT('',#6516);
#6516 = CARTESIAN_POINT('',(-3.92359667441,93.,-27.00145989986));
#6517 = LINE('',#6518,#6519);
#6518 = CARTESIAN_POINT('',(-3.92359667441,93.5,-27.00145989986));
#6519 = VECTOR('',#6520,1.);
#6520 = DIRECTION('',(-2.E-16,1.,-9.95799250103E-17));
#6521 = ORIENTED_EDGE('',*,*,#6522,.T.);
#6522 = EDGE_CURVE('',#6515,#6474,#6523,.T.);
#6523 = LINE('',#6524,#6525);
#6524 = CARTESIAN_POINT('',(-5.436878216983,93.,-24.48293676712));
#6525 = VECTOR('',#6526,1.);
#6526 = DIRECTION('',(0.515038118421,2.079803395963E-16,-0.857167274558)
  );
#6527 = ORIENTED_EDGE('',*,*,#6482,.T.);
#6528 = PLANE('',#6529);
#6529 = AXIS2_PLACEMENT_3D('',#6530,#6531,#6532);
#6530 = CARTESIAN_POINT('',(-4.059668348407,86.59,-26.77499863074));
#6531 = DIRECTION('',(-0.857167274558,4.440892183035E-16,-0.515038118421
    ));
#6532 = DIRECTION('',(0.515038118421,1.665334311514E-16,-0.857167274558)
  );
#6533 = ADVANCED_FACE('',(#6534),#6568,.T.);
#6534 = FACE_BOUND('',#6535,.T.);
#6535 = EDGE_LOOP('',(#6536,#6537,#6545,#6553,#6561,#6567));
#6536 = ORIENTED_EDGE('',*,*,#1652,.F.);
#6537 = ORIENTED_EDGE('',*,*,#6538,.F.);
#6538 = EDGE_CURVE('',#6539,#1644,#6541,.T.);
#6539 = VERTEX_POINT('',#6540);
#6540 = CARTESIAN_POINT('',(-4.453934599377,93.,-27.48627386093));
#6541 = LINE('',#6542,#6543);
#6542 = CARTESIAN_POINT('',(-4.453934599377,86.59,-27.48627386093));
#6543 = VECTOR('',#6544,1.);
#6544 = DIRECTION('',(-2.948876798795E-16,-1.,-3.714698827088E-16));
#6545 = ORIENTED_EDGE('',*,*,#6546,.T.);
#6546 = EDGE_CURVE('',#6539,#6547,#6549,.T.);
#6547 = VERTEX_POINT('',#6548);
#6548 = CARTESIAN_POINT('',(-4.189369298722,93.,-27.00898536703));
#6549 = LINE('',#6550,#6551);
#6550 = CARTESIAN_POINT('',(-3.645967337364,93.,-26.02866216107));
#6551 = VECTOR('',#6552,1.);
#6552 = DIRECTION('',(0.48480957585,-1.014811032571E-17,0.874619731749)
  );
#6553 = ORIENTED_EDGE('',*,*,#6554,.T.);
#6554 = EDGE_CURVE('',#6547,#6555,#6557,.T.);
#6555 = VERTEX_POINT('',#6556);
#6556 = CARTESIAN_POINT('',(-4.189369298722,93.5,-27.00898536703));
#6557 = LINE('',#6558,#6559);
#6558 = CARTESIAN_POINT('',(-4.189369298722,93.5,-27.00898536703));
#6559 = VECTOR('',#6560,1.);
#6560 = DIRECTION('',(-2.E-16,1.,-9.95799250103E-17));
#6561 = ORIENTED_EDGE('',*,*,#6562,.T.);
#6562 = EDGE_CURVE('',#6555,#6499,#6563,.T.);
#6563 = LINE('',#6564,#6565);
#6564 = CARTESIAN_POINT('',(-3.645967337364,93.5,-26.02866216107));
#6565 = VECTOR('',#6566,1.);
#6566 = DIRECTION('',(0.48480957585,6.227022573524E-16,0.874619731749));
#6567 = ORIENTED_EDGE('',*,*,#6498,.F.);
#6568 = PLANE('',#6569);
#6569 = AXIS2_PLACEMENT_3D('',#6570,#6571,#6572);
#6570 = CARTESIAN_POINT('',(-5.907040946616,86.59,-30.10774741866));
#6571 = DIRECTION('',(0.874619731749,-7.782242719513E-17,-0.48480957585)
  );
#6572 = DIRECTION('',(0.48480957585,-4.678592601733E-16,0.874619731749)
  );
#6573 = ADVANCED_FACE('',(#6574),#6593,.F.);
#6574 = FACE_BOUND('',#6575,.F.);
#6575 = EDGE_LOOP('',(#6576,#6584,#6585,#6586));
#6576 = ORIENTED_EDGE('',*,*,#6577,.T.);
#6577 = EDGE_CURVE('',#6578,#1636,#6580,.T.);
#6578 = VERTEX_POINT('',#6579);
#6579 = CARTESIAN_POINT('',(-5.512774695645,93.,-29.39647218847));
#6580 = LINE('',#6581,#6582);
#6581 = CARTESIAN_POINT('',(-5.512774695645,86.59,-29.39647218847));
#6582 = VECTOR('',#6583,1.);
#6583 = DIRECTION('',(-2.948876798795E-16,-1.,-3.714698827088E-16));
#6584 = ORIENTED_EDGE('',*,*,#1643,.F.);
#6585 = ORIENTED_EDGE('',*,*,#6538,.F.);
#6586 = ORIENTED_EDGE('',*,*,#6587,.T.);
#6587 = EDGE_CURVE('',#6539,#6578,#6588,.T.);
#6588 = CIRCLE('',#6589,1.55);
#6589 = AXIS2_PLACEMENT_3D('',#6590,#6591,#6592);
#6590 = CARTESIAN_POINT('',(-4.021272942588,93.,-28.97466355813));
#6591 = DIRECTION('',(-2.948876798795E-16,-1.,-3.714698827088E-16));
#6592 = DIRECTION('',(-0.51503807491,-1.665334536938E-16,0.857167300702)
  );
#6593 = CYLINDRICAL_SURFACE('',#6594,1.55);
#6594 = AXIS2_PLACEMENT_3D('',#6595,#6596,#6597);
#6595 = CARTESIAN_POINT('',(-4.021272942588,86.59,-28.97466355813));
#6596 = DIRECTION('',(-2.948876798795E-16,-1.,-3.714698827088E-16));
#6597 = DIRECTION('',(-0.51503807491,-1.665334536938E-16,0.857167300702)
  );
#6598 = ADVANCED_FACE('',(#6599),#6626,.T.);
#6599 = FACE_BOUND('',#6600,.T.);
#6600 = EDGE_LOOP('',(#6601,#6602,#6603,#6611,#6619,#6625));
#6601 = ORIENTED_EDGE('',*,*,#1635,.F.);
#6602 = ORIENTED_EDGE('',*,*,#6353,.T.);
#6603 = ORIENTED_EDGE('',*,*,#6604,.T.);
#6604 = EDGE_CURVE('',#6346,#6605,#6607,.T.);
#6605 = VERTEX_POINT('',#6606);
#6606 = CARTESIAN_POINT('',(-5.788826517548,93.5,-29.89448291773));
#6607 = LINE('',#6608,#6609);
#6608 = CARTESIAN_POINT('',(-3.645967337364,93.5,-26.02866216107));
#6609 = VECTOR('',#6610,1.);
#6610 = DIRECTION('',(0.48480957585,6.227022573524E-16,0.874619731749));
#6611 = ORIENTED_EDGE('',*,*,#6612,.F.);
#6612 = EDGE_CURVE('',#6613,#6605,#6615,.T.);
#6613 = VERTEX_POINT('',#6614);
#6614 = CARTESIAN_POINT('',(-5.788826517548,93.,-29.89448291773));
#6615 = LINE('',#6616,#6617);
#6616 = CARTESIAN_POINT('',(-5.788826517548,93.5,-29.89448291773));
#6617 = VECTOR('',#6618,1.);
#6618 = DIRECTION('',(-2.E-16,1.,-9.95799250103E-17));
#6619 = ORIENTED_EDGE('',*,*,#6620,.T.);
#6620 = EDGE_CURVE('',#6613,#6578,#6621,.T.);
#6621 = LINE('',#6622,#6623);
#6622 = CARTESIAN_POINT('',(-3.645967337364,93.,-26.02866216107));
#6623 = VECTOR('',#6624,1.);
#6624 = DIRECTION('',(0.48480957585,-1.014811032571E-17,0.874619731749)
  );
#6625 = ORIENTED_EDGE('',*,*,#6577,.T.);
#6626 = PLANE('',#6627);
#6627 = AXIS2_PLACEMENT_3D('',#6628,#6629,#6630);
#6628 = CARTESIAN_POINT('',(-5.907040946616,86.59,-30.10774741866));
#6629 = DIRECTION('',(0.874619731749,-7.782242719513E-17,-0.48480957585)
  );
#6630 = DIRECTION('',(0.48480957585,-4.678592601733E-16,0.874619731749)
  );
#6631 = ADVANCED_FACE('',(#6632),#6643,.F.);
#6632 = FACE_BOUND('',#6633,.T.);
#6633 = EDGE_LOOP('',(#6634,#6635,#6636,#6637));
#6634 = ORIENTED_EDGE('',*,*,#3503,.F.);
#6635 = ORIENTED_EDGE('',*,*,#1756,.T.);
#6636 = ORIENTED_EDGE('',*,*,#1810,.F.);
#6637 = ORIENTED_EDGE('',*,*,#6638,.F.);
#6638 = EDGE_CURVE('',#3504,#1803,#6639,.T.);
#6639 = LINE('',#6640,#6641);
#6640 = CARTESIAN_POINT('',(-0.5,-51.06065744921,-47.));
#6641 = VECTOR('',#6642,1.);
#6642 = DIRECTION('',(2.E-16,1.224646799147E-16,-1.));
#6643 = PLANE('',#6644);
#6644 = AXIS2_PLACEMENT_3D('',#6645,#6646,#6647);
#6645 = CARTESIAN_POINT('',(-0.25,-51.31065744921,-47.));
#6646 = DIRECTION('',(-0.707106781187,-0.707106781187,
    -2.280169618609E-16));
#6647 = DIRECTION('',(-2.E-16,-1.224646799147E-16,1.));
#6648 = ADVANCED_FACE('',(#6649),#6659,.F.);
#6649 = FACE_BOUND('',#6650,.F.);
#6650 = EDGE_LOOP('',(#6651,#6652,#6658));
#6651 = ORIENTED_EDGE('',*,*,#1825,.F.);
#6652 = ORIENTED_EDGE('',*,*,#6653,.T.);
#6653 = EDGE_CURVE('',#1826,#1773,#6654,.T.);
#6654 = LINE('',#6655,#6656);
#6655 = CARTESIAN_POINT('',(-116.25,-90.25,-45.));
#6656 = VECTOR('',#6657,1.);
#6657 = DIRECTION('',(0.707106781187,-0.707106781187,5.482575061376E-17)
  );
#6658 = ORIENTED_EDGE('',*,*,#1772,.F.);
#6659 = PLANE('',#6660);
#6660 = AXIS2_PLACEMENT_3D('',#6661,#6662,#6663);
#6661 = CARTESIAN_POINT('',(-117.5,-89.,-45.));
#6662 = DIRECTION('',(0.57735026919,0.57735026919,0.57735026919));
#6663 = DIRECTION('',(4.930380657631E-32,-0.707106781187,0.707106781187)
  );
#6664 = ADVANCED_FACE('',(#6665),#6676,.T.);
#6665 = FACE_BOUND('',#6666,.T.);
#6666 = EDGE_LOOP('',(#6667,#6673,#6674,#6675));
#6667 = ORIENTED_EDGE('',*,*,#6668,.F.);
#6668 = EDGE_CURVE('',#3454,#1795,#6669,.T.);
#6669 = LINE('',#6670,#6671);
#6670 = CARTESIAN_POINT('',(-87.56315702924,-51.06065744921,-47.));
#6671 = VECTOR('',#6672,1.);
#6672 = DIRECTION('',(2.E-16,1.224646799147E-16,-1.));
#6673 = ORIENTED_EDGE('',*,*,#3511,.T.);
#6674 = ORIENTED_EDGE('',*,*,#6638,.T.);
#6675 = ORIENTED_EDGE('',*,*,#1802,.F.);
#6676 = PLANE('',#6677);
#6677 = AXIS2_PLACEMENT_3D('',#6678,#6679,#6680);
#6678 = CARTESIAN_POINT('',(68.558157722485,-51.06065744921,
    -38.29049809265));
#6679 = DIRECTION('',(-2.E-16,1.,1.224646799147E-16));
#6680 = DIRECTION('',(-1.,-2.E-16,-2.E-16));
#6681 = ADVANCED_FACE('',(#6682),#6707,.T.);
#6682 = FACE_BOUND('',#6683,.T.);
#6683 = EDGE_LOOP('',(#6684,#6694,#6700,#6701));
#6684 = ORIENTED_EDGE('',*,*,#6685,.T.);
#6685 = EDGE_CURVE('',#6686,#6688,#6690,.T.);
#6686 = VERTEX_POINT('',#6687);
#6687 = CARTESIAN_POINT('',(-117.5,-89.,-15.49));
#6688 = VERTEX_POINT('',#6689);
#6689 = CARTESIAN_POINT('',(-117.5,-76.5,-15.49));
#6690 = LINE('',#6691,#6692);
#6691 = CARTESIAN_POINT('',(-117.5,-94.,-15.49));
#6692 = VECTOR('',#6693,1.);
#6693 = DIRECTION('',(-2.E-16,1.,1.224646799147E-16));
#6694 = ORIENTED_EDGE('',*,*,#6695,.T.);
#6695 = EDGE_CURVE('',#6688,#1835,#6696,.T.);
#6696 = LINE('',#6697,#6698);
#6697 = CARTESIAN_POINT('',(-117.5,-76.5,-15.49));
#6698 = VECTOR('',#6699,1.);
#6699 = DIRECTION('',(2.E-16,1.224646799147E-16,-1.));
#6700 = ORIENTED_EDGE('',*,*,#1842,.F.);
#6701 = ORIENTED_EDGE('',*,*,#6702,.F.);
#6702 = EDGE_CURVE('',#6686,#1826,#6703,.T.);
#6703 = LINE('',#6704,#6705);
#6704 = CARTESIAN_POINT('',(-117.5,-89.,-15.49));
#6705 = VECTOR('',#6706,1.);
#6706 = DIRECTION('',(2.E-16,1.224646799147E-16,-1.));
#6707 = PLANE('',#6708);
#6708 = AXIS2_PLACEMENT_3D('',#6709,#6710,#6711);
#6709 = CARTESIAN_POINT('',(-117.5,-82.75,-25.));
#6710 = DIRECTION('',(-1.,-2.E-16,-2.E-16));
#6711 = DIRECTION('',(-2.E-16,-1.224646799147E-16,1.));
#6712 = ADVANCED_FACE('',(#6713),#6724,.F.);
#6713 = FACE_BOUND('',#6714,.T.);
#6714 = EDGE_LOOP('',(#6715,#6716,#6717,#6723));
#6715 = ORIENTED_EDGE('',*,*,#6668,.T.);
#6716 = ORIENTED_EDGE('',*,*,#1866,.T.);
#6717 = ORIENTED_EDGE('',*,*,#6718,.F.);
#6718 = EDGE_CURVE('',#3408,#1859,#6719,.T.);
#6719 = LINE('',#6720,#6721);
#6720 = CARTESIAN_POINT('',(-88.06315702924,-50.56065744921,-47.));
#6721 = VECTOR('',#6722,1.);
#6722 = DIRECTION('',(2.E-16,1.224646799147E-16,-1.));
#6723 = ORIENTED_EDGE('',*,*,#3463,.F.);
#6724 = PLANE('',#6725);
#6725 = AXIS2_PLACEMENT_3D('',#6726,#6727,#6728);
#6726 = CARTESIAN_POINT('',(-87.81315702924,-50.81065744921,-47.));
#6727 = DIRECTION('',(-0.707106781187,-0.707106781187,
    -2.280169618609E-16));
#6728 = DIRECTION('',(-2.E-16,-1.224646799147E-16,1.));
#6729 = ADVANCED_FACE('',(#6730),#6756,.F.);
#6730 = FACE_BOUND('',#6731,.F.);
#6731 = EDGE_LOOP('',(#6732,#6740,#6741,#6742,#6750));
#6732 = ORIENTED_EDGE('',*,*,#6733,.F.);
#6733 = EDGE_CURVE('',#6688,#6734,#6736,.T.);
#6734 = VERTEX_POINT('',#6735);
#6735 = CARTESIAN_POINT('',(-120.,-74.,-12.99));
#6736 = LINE('',#6737,#6738);
#6737 = CARTESIAN_POINT('',(-117.915,-76.085,-15.075));
#6738 = VECTOR('',#6739,1.);
#6739 = DIRECTION('',(-0.57735026919,0.57735026919,0.57735026919));
#6740 = ORIENTED_EDGE('',*,*,#6695,.T.);
#6741 = ORIENTED_EDGE('',*,*,#1890,.F.);
#6742 = ORIENTED_EDGE('',*,*,#6743,.F.);
#6743 = EDGE_CURVE('',#6744,#1881,#6746,.T.);
#6744 = VERTEX_POINT('',#6745);
#6745 = CARTESIAN_POINT('',(-122.5,-71.5,-15.49));
#6746 = LINE('',#6747,#6748);
#6747 = CARTESIAN_POINT('',(-122.5,-71.5,-15.49));
#6748 = VECTOR('',#6749,1.);
#6749 = DIRECTION('',(2.E-16,1.224646799147E-16,-1.));
#6750 = ORIENTED_EDGE('',*,*,#6751,.F.);
#6751 = EDGE_CURVE('',#6734,#6744,#6752,.T.);
#6752 = LINE('',#6753,#6754);
#6753 = CARTESIAN_POINT('',(-118.335,-75.665,-11.325));
#6754 = VECTOR('',#6755,1.);
#6755 = DIRECTION('',(-0.57735026919,0.57735026919,-0.57735026919));
#6756 = PLANE('',#6757);
#6757 = AXIS2_PLACEMENT_3D('',#6758,#6759,#6760);
#6758 = CARTESIAN_POINT('',(-120.,-74.,-15.49));
#6759 = DIRECTION('',(0.707106781187,0.707106781187,2.280169618609E-16)
  );
#6760 = DIRECTION('',(2.E-16,1.224646799147E-16,-1.));
#6761 = ADVANCED_FACE('',(#6762),#6773,.T.);
#6762 = FACE_BOUND('',#6763,.T.);
#6763 = EDGE_LOOP('',(#6764,#6770,#6771,#6772));
#6764 = ORIENTED_EDGE('',*,*,#6765,.F.);
#6765 = EDGE_CURVE('',#3351,#1905,#6766,.T.);
#6766 = LINE('',#6767,#6768);
#6767 = CARTESIAN_POINT('',(-88.06315702924,39.660661715084,-47.));
#6768 = VECTOR('',#6769,1.);
#6769 = DIRECTION('',(2.E-16,1.224646799147E-16,-1.));
#6770 = ORIENTED_EDGE('',*,*,#3415,.T.);
#6771 = ORIENTED_EDGE('',*,*,#6718,.T.);
#6772 = ORIENTED_EDGE('',*,*,#1914,.F.);
#6773 = PLANE('',#6774);
#6774 = AXIS2_PLACEMENT_3D('',#6775,#6776,#6777);
#6775 = CARTESIAN_POINT('',(-88.06315702924,-51.06065744921,
    -38.29049809265));
#6776 = DIRECTION('',(1.,2.E-16,2.E-16));
#6777 = DIRECTION('',(-2.E-16,1.,1.224646799147E-16));
#6778 = ADVANCED_FACE('',(#6779),#6797,.T.);
#6779 = FACE_BOUND('',#6780,.T.);
#6780 = EDGE_LOOP('',(#6781,#6789,#6795,#6796));
#6781 = ORIENTED_EDGE('',*,*,#6782,.T.);
#6782 = EDGE_CURVE('',#6744,#6783,#6785,.T.);
#6783 = VERTEX_POINT('',#6784);
#6784 = CARTESIAN_POINT('',(-127.5,-71.5,-15.49));
#6785 = LINE('',#6786,#6787);
#6786 = CARTESIAN_POINT('',(-117.5,-71.5,-15.49));
#6787 = VECTOR('',#6788,1.);
#6788 = DIRECTION('',(-1.,-2.E-16,-2.E-16));
#6789 = ORIENTED_EDGE('',*,*,#6790,.T.);
#6790 = EDGE_CURVE('',#6783,#1931,#6791,.T.);
#6791 = LINE('',#6792,#6793);
#6792 = CARTESIAN_POINT('',(-127.5,-71.5,-15.49));
#6793 = VECTOR('',#6794,1.);
#6794 = DIRECTION('',(2.E-16,1.224646799147E-16,-1.));
#6795 = ORIENTED_EDGE('',*,*,#1938,.F.);
#6796 = ORIENTED_EDGE('',*,*,#6743,.F.);
#6797 = PLANE('',#6798);
#6798 = AXIS2_PLACEMENT_3D('',#6799,#6800,#6801);
#6799 = CARTESIAN_POINT('',(-125.,-71.5,-25.));
#6800 = DIRECTION('',(-5.476211106826E-16,-1.,-1.224646799147E-16));
#6801 = DIRECTION('',(1.,-5.476211106826E-16,2.E-16));
#6802 = ADVANCED_FACE('',(#6803),#6813,.T.);
#6803 = FACE_BOUND('',#6804,.T.);
#6804 = EDGE_LOOP('',(#6805,#6806,#6812));
#6805 = ORIENTED_EDGE('',*,*,#1930,.F.);
#6806 = ORIENTED_EDGE('',*,*,#6807,.T.);
#6807 = EDGE_CURVE('',#1931,#1986,#6808,.T.);
#6808 = LINE('',#6809,#6810);
#6809 = CARTESIAN_POINT('',(-128.75,-70.25,-45.));
#6810 = VECTOR('',#6811,1.);
#6811 = DIRECTION('',(-0.707106781187,0.707106781187,-1.016307093806E-15
    ));
#6812 = ORIENTED_EDGE('',*,*,#1993,.F.);
#6813 = PLANE('',#6814);
#6814 = AXIS2_PLACEMENT_3D('',#6815,#6816,#6817);
#6815 = CARTESIAN_POINT('',(-127.5,-71.5,-45.));
#6816 = DIRECTION('',(-0.57735026919,-0.57735026919,-0.57735026919));
#6817 = DIRECTION('',(-0.707106781187,-2.280169618609E-16,0.707106781187
    ));
#6818 = ADVANCED_FACE('',(#6819),#6825,.F.);
#6819 = FACE_BOUND('',#6820,.F.);
#6820 = EDGE_LOOP('',(#6821,#6822,#6823,#6824));
#6821 = ORIENTED_EDGE('',*,*,#2127,.T.);
#6822 = ORIENTED_EDGE('',*,*,#1962,.F.);
#6823 = ORIENTED_EDGE('',*,*,#6765,.F.);
#6824 = ORIENTED_EDGE('',*,*,#3360,.T.);
#6825 = PLANE('',#6826);
#6826 = AXIS2_PLACEMENT_3D('',#6827,#6828,#6829);
#6827 = CARTESIAN_POINT('',(-87.81315702924,39.910661715084,-47.));
#6828 = DIRECTION('',(-0.707106781187,0.707106781187,-5.482575061376E-17
    ));
#6829 = DIRECTION('',(2.E-16,1.224646799147E-16,-1.));
#6830 = ADVANCED_FACE('',(#6831),#6841,.T.);
#6831 = FACE_BOUND('',#6832,.T.);
#6832 = EDGE_LOOP('',(#6833,#6834,#6840));
#6833 = ORIENTED_EDGE('',*,*,#1977,.F.);
#6834 = ORIENTED_EDGE('',*,*,#6835,.T.);
#6835 = EDGE_CURVE('',#1978,#2034,#6836,.T.);
#6836 = LINE('',#6837,#6838);
#6837 = CARTESIAN_POINT('',(-131.25,67.75,-45.));
#6838 = VECTOR('',#6839,1.);
#6839 = DIRECTION('',(0.707106781187,0.707106781187,1.189498305053E-15)
  );
#6840 = ORIENTED_EDGE('',*,*,#2041,.F.);
#6841 = PLANE('',#6842);
#6842 = AXIS2_PLACEMENT_3D('',#6843,#6844,#6845);
#6843 = CARTESIAN_POINT('',(-132.5,66.5,-45.));
#6844 = DIRECTION('',(-0.57735026919,0.57735026919,-0.57735026919));
#6845 = DIRECTION('',(-3.383538637059E-16,0.707106781187,0.707106781187)
  );
#6846 = ADVANCED_FACE('',(#6847),#6872,.T.);
#6847 = FACE_BOUND('',#6848,.T.);
#6848 = EDGE_LOOP('',(#6849,#6859,#6865,#6866));
#6849 = ORIENTED_EDGE('',*,*,#6850,.T.);
#6850 = EDGE_CURVE('',#6851,#6853,#6855,.T.);
#6851 = VERTEX_POINT('',#6852);
#6852 = CARTESIAN_POINT('',(-127.5,71.5,-15.49));
#6853 = VERTEX_POINT('',#6854);
#6854 = CARTESIAN_POINT('',(-122.5,71.5,-15.49));
#6855 = LINE('',#6856,#6857);
#6856 = CARTESIAN_POINT('',(-132.5,71.5,-15.49));
#6857 = VECTOR('',#6858,1.);
#6858 = DIRECTION('',(1.,2.E-16,2.E-16));
#6859 = ORIENTED_EDGE('',*,*,#6860,.F.);
#6860 = EDGE_CURVE('',#2026,#6853,#6861,.T.);
#6861 = LINE('',#6862,#6863);
#6862 = CARTESIAN_POINT('',(-122.5,71.5,-50.));
#6863 = VECTOR('',#6864,1.);
#6864 = DIRECTION('',(-2.E-16,-1.224646799147E-16,1.));
#6865 = ORIENTED_EDGE('',*,*,#2033,.F.);
#6866 = ORIENTED_EDGE('',*,*,#6867,.F.);
#6867 = EDGE_CURVE('',#6851,#2034,#6868,.T.);
#6868 = LINE('',#6869,#6870);
#6869 = CARTESIAN_POINT('',(-127.5,71.5,-15.49));
#6870 = VECTOR('',#6871,1.);
#6871 = DIRECTION('',(2.E-16,1.224646799147E-16,-1.));
#6872 = PLANE('',#6873);
#6873 = AXIS2_PLACEMENT_3D('',#6874,#6875,#6876);
#6874 = CARTESIAN_POINT('',(-125.,71.5,-25.));
#6875 = DIRECTION('',(5.476211106826E-16,1.,1.224646799147E-16));
#6876 = DIRECTION('',(-1.,5.476211106826E-16,-2.E-16));
#6877 = ADVANCED_FACE('',(#6878),#6895,.F.);
#6878 = FACE_BOUND('',#6879,.T.);
#6879 = EDGE_LOOP('',(#6880,#6886,#6887,#6893,#6894));
#6880 = ORIENTED_EDGE('',*,*,#6881,.T.);
#6881 = EDGE_CURVE('',#6853,#2248,#6882,.T.);
#6882 = LINE('',#6883,#6884);
#6883 = CARTESIAN_POINT('',(-126.5866666666,67.413333333333,
    -19.57666666666));
#6884 = VECTOR('',#6885,1.);
#6885 = DIRECTION('',(0.57735026919,0.57735026919,0.57735026919));
#6886 = ORIENTED_EDGE('',*,*,#2257,.T.);
#6887 = ORIENTED_EDGE('',*,*,#6888,.F.);
#6888 = EDGE_CURVE('',#2058,#2258,#6889,.T.);
#6889 = LINE('',#6890,#6891);
#6890 = CARTESIAN_POINT('',(-117.5,76.5,-50.));
#6891 = VECTOR('',#6892,1.);
#6892 = DIRECTION('',(-2.E-16,-1.224646799147E-16,1.));
#6893 = ORIENTED_EDGE('',*,*,#2065,.F.);
#6894 = ORIENTED_EDGE('',*,*,#6860,.T.);
#6895 = PLANE('',#6896);
#6896 = AXIS2_PLACEMENT_3D('',#6897,#6898,#6899);
#6897 = CARTESIAN_POINT('',(-120.,74.,-50.));
#6898 = DIRECTION('',(0.707106781187,-0.707106781187,5.482575061376E-17)
  );
#6899 = DIRECTION('',(2.E-16,1.224646799147E-16,-1.));
#6900 = ADVANCED_FACE('',(#6901),#6907,.T.);
#6901 = FACE_BOUND('',#6902,.T.);
#6902 = EDGE_LOOP('',(#6903,#6904,#6905,#6906));
#6903 = ORIENTED_EDGE('',*,*,#2265,.T.);
#6904 = ORIENTED_EDGE('',*,*,#2170,.T.);
#6905 = ORIENTED_EDGE('',*,*,#2089,.F.);
#6906 = ORIENTED_EDGE('',*,*,#6888,.T.);
#6907 = PLANE('',#6908);
#6908 = AXIS2_PLACEMENT_3D('',#6909,#6910,#6911);
#6909 = CARTESIAN_POINT('',(-117.5,82.75,-25.));
#6910 = DIRECTION('',(-1.,-2.E-16,-2.E-16));
#6911 = DIRECTION('',(-2.E-16,-1.224646799147E-16,1.));
#6912 = ADVANCED_FACE('',(#6913),#6926,.F.);
#6913 = FACE_BOUND('',#6914,.F.);
#6914 = EDGE_LOOP('',(#6915,#6916,#6917,#6918,#6919,#6920));
#6915 = ORIENTED_EDGE('',*,*,#6850,.T.);
#6916 = ORIENTED_EDGE('',*,*,#6881,.T.);
#6917 = ORIENTED_EDGE('',*,*,#2247,.T.);
#6918 = ORIENTED_EDGE('',*,*,#2300,.F.);
#6919 = ORIENTED_EDGE('',*,*,#2184,.F.);
#6920 = ORIENTED_EDGE('',*,*,#6921,.T.);
#6921 = EDGE_CURVE('',#2185,#6851,#6922,.T.);
#6922 = LINE('',#6923,#6924);
#6923 = CARTESIAN_POINT('',(-126.6683333333,72.331666666667,
    -14.65833333333));
#6924 = VECTOR('',#6925,1.);
#6925 = DIRECTION('',(0.57735026919,0.57735026919,0.57735026919));
#6926 = PLANE('',#6927);
#6927 = AXIS2_PLACEMENT_3D('',#6928,#6929,#6930);
#6928 = CARTESIAN_POINT('',(-132.5,78.995,-7.995));
#6929 = DIRECTION('',(-1.040913467946E-15,-0.707106781187,0.707106781187
    ));
#6930 = DIRECTION('',(1.,-5.360369718131E-16,9.360369718131E-16));
#6931 = ADVANCED_FACE('',(#6932),#6938,.T.);
#6932 = FACE_BOUND('',#6933,.F.);
#6933 = EDGE_LOOP('',(#6934,#6935,#6936,#6937));
#6934 = ORIENTED_EDGE('',*,*,#6921,.F.);
#6935 = ORIENTED_EDGE('',*,*,#2194,.T.);
#6936 = ORIENTED_EDGE('',*,*,#6835,.T.);
#6937 = ORIENTED_EDGE('',*,*,#6867,.F.);
#6938 = PLANE('',#6939);
#6939 = AXIS2_PLACEMENT_3D('',#6940,#6941,#6942);
#6940 = CARTESIAN_POINT('',(-130.,69.,-15.49));
#6941 = DIRECTION('',(-0.707106781187,0.707106781187,-5.482575061376E-17
    ));
#6942 = DIRECTION('',(-2.E-16,-1.224646799147E-16,1.));
#6943 = ADVANCED_FACE('',(#6944),#6955,.T.);
#6944 = FACE_BOUND('',#6945,.F.);
#6945 = EDGE_LOOP('',(#6946,#6952,#6953,#6954));
#6946 = ORIENTED_EDGE('',*,*,#6947,.F.);
#6947 = EDGE_CURVE('',#6783,#2202,#6948,.T.);
#6948 = LINE('',#6949,#6950);
#6949 = CARTESIAN_POINT('',(-124.1683333333,-74.83166666666,
    -12.15833333333));
#6950 = VECTOR('',#6951,1.);
#6951 = DIRECTION('',(-0.57735026919,0.57735026919,-0.57735026919));
#6952 = ORIENTED_EDGE('',*,*,#6790,.T.);
#6953 = ORIENTED_EDGE('',*,*,#6807,.T.);
#6954 = ORIENTED_EDGE('',*,*,#2201,.F.);
#6955 = PLANE('',#6956);
#6956 = AXIS2_PLACEMENT_3D('',#6957,#6958,#6959);
#6957 = CARTESIAN_POINT('',(-130.,-69.,-15.49));
#6958 = DIRECTION('',(-0.707106781187,-0.707106781187,
    -2.280169618609E-16));
#6959 = DIRECTION('',(-2.E-16,-1.224646799147E-16,1.));
#6960 = ADVANCED_FACE('',(#6961),#6981,.F.);
#6961 = FACE_BOUND('',#6962,.F.);
#6962 = EDGE_LOOP('',(#6963,#6971,#6972,#6973,#6974,#6975));
#6963 = ORIENTED_EDGE('',*,*,#6964,.F.);
#6964 = EDGE_CURVE('',#6734,#6965,#6967,.T.);
#6965 = VERTEX_POINT('',#6966);
#6966 = CARTESIAN_POINT('',(-132.49,-86.49,-0.5));
#6967 = LINE('',#6968,#6969);
#6968 = CARTESIAN_POINT('',(-126.2466666666,-80.24666666666,
    -6.743333333333));
#6969 = VECTOR('',#6970,1.);
#6970 = DIRECTION('',(-0.57735026919,-0.57735026919,0.57735026919));
#6971 = ORIENTED_EDGE('',*,*,#6751,.T.);
#6972 = ORIENTED_EDGE('',*,*,#6782,.T.);
#6973 = ORIENTED_EDGE('',*,*,#6947,.T.);
#6974 = ORIENTED_EDGE('',*,*,#2209,.F.);
#6975 = ORIENTED_EDGE('',*,*,#6976,.F.);
#6976 = EDGE_CURVE('',#6965,#2210,#6977,.T.);
#6977 = LINE('',#6978,#6979);
#6978 = CARTESIAN_POINT('',(-117.5,-86.49,-0.5));
#6979 = VECTOR('',#6980,1.);
#6980 = DIRECTION('',(-1.,-2.E-16,-2.E-16));
#6981 = PLANE('',#6982);
#6982 = AXIS2_PLACEMENT_3D('',#6983,#6984,#6985);
#6983 = CARTESIAN_POINT('',(-117.5,-78.995,-7.995));
#6984 = DIRECTION('',(7.580707554715E-16,0.707106781187,0.707106781187)
  );
#6985 = DIRECTION('',(-1.,5.360369718131E-16,5.360369718131E-16));
#6986 = ADVANCED_FACE('',(#6987),#6998,.T.);
#6987 = FACE_BOUND('',#6988,.T.);
#6988 = EDGE_LOOP('',(#6989,#6990,#6991,#6997));
#6989 = ORIENTED_EDGE('',*,*,#2217,.F.);
#6990 = ORIENTED_EDGE('',*,*,#6976,.F.);
#6991 = ORIENTED_EDGE('',*,*,#6992,.F.);
#6992 = EDGE_CURVE('',#3955,#6965,#6993,.T.);
#6993 = LINE('',#6994,#6995);
#6994 = CARTESIAN_POINT('',(-132.49,-94.,-0.5));
#6995 = VECTOR('',#6996,1.);
#6996 = DIRECTION('',(-2.E-16,1.,1.224646799147E-16));
#6997 = ORIENTED_EDGE('',*,*,#3954,.F.);
#6998 = PLANE('',#6999);
#6999 = AXIS2_PLACEMENT_3D('',#7000,#7001,#7002);
#7000 = CARTESIAN_POINT('',(-125.,0.,-0.5));
#7001 = DIRECTION('',(2.E-16,1.224646799147E-16,-1.));
#7002 = DIRECTION('',(1.,2.E-16,2.E-16));
#7003 = ADVANCED_FACE('',(#7004),#7023,.F.);
#7004 = FACE_BOUND('',#7005,.T.);
#7005 = EDGE_LOOP('',(#7006,#7007,#7015,#7022));
#7006 = ORIENTED_EDGE('',*,*,#2281,.F.);
#7007 = ORIENTED_EDGE('',*,*,#7008,.T.);
#7008 = EDGE_CURVE('',#2282,#7009,#7011,.T.);
#7009 = VERTEX_POINT('',#7010);
#7010 = CARTESIAN_POINT('',(-120.,85.,-4.));
#7011 = LINE('',#7012,#7013);
#7012 = CARTESIAN_POINT('',(-120.,85.,-18.));
#7013 = VECTOR('',#7014,1.);
#7014 = DIRECTION('',(-2.E-16,-1.224646799147E-16,1.));
#7015 = ORIENTED_EDGE('',*,*,#7016,.T.);
#7016 = EDGE_CURVE('',#7009,#7009,#7017,.T.);
#7017 = CIRCLE('',#7018,3.5);
#7018 = AXIS2_PLACEMENT_3D('',#7019,#7020,#7021);
#7019 = CARTESIAN_POINT('',(-123.5,85.,-4.));
#7020 = DIRECTION('',(-2.E-16,-1.224646799147E-16,1.));
#7021 = DIRECTION('',(1.,2.E-16,2.E-16));
#7022 = ORIENTED_EDGE('',*,*,#7008,.F.);
#7023 = CYLINDRICAL_SURFACE('',#7024,3.5);
#7024 = AXIS2_PLACEMENT_3D('',#7025,#7026,#7027);
#7025 = CARTESIAN_POINT('',(-123.5,85.,-18.));
#7026 = DIRECTION('',(2.E-16,1.224646799147E-16,-1.));
#7027 = DIRECTION('',(1.,2.E-16,2.E-16));
#7028 = ADVANCED_FACE('',(#7029),#7045,.F.);
#7029 = FACE_BOUND('',#7030,.F.);
#7030 = EDGE_LOOP('',(#7031,#7032,#7038,#7039));
#7031 = ORIENTED_EDGE('',*,*,#2332,.F.);
#7032 = ORIENTED_EDGE('',*,*,#7033,.T.);
#7033 = EDGE_CURVE('',#2316,#5054,#7034,.T.);
#7034 = LINE('',#7035,#7036);
#7035 = CARTESIAN_POINT('',(-88.,94.,-15.));
#7036 = VECTOR('',#7037,1.);
#7037 = DIRECTION('',(2.E-16,-1.,9.95799250103E-17));
#7038 = ORIENTED_EDGE('',*,*,#5053,.F.);
#7039 = ORIENTED_EDGE('',*,*,#7040,.F.);
#7040 = EDGE_CURVE('',#2325,#5046,#7041,.T.);
#7041 = LINE('',#7042,#7043);
#7042 = CARTESIAN_POINT('',(-87.,94.,-15.));
#7043 = VECTOR('',#7044,1.);
#7044 = DIRECTION('',(2.E-16,-1.,9.95799250103E-17));
#7045 = PLANE('',#7046);
#7046 = AXIS2_PLACEMENT_3D('',#7047,#7048,#7049);
#7047 = CARTESIAN_POINT('',(-89.,94.,-15.));
#7048 = DIRECTION('',(-2.E-16,9.95799250103E-17,1.));
#7049 = DIRECTION('',(1.,2.E-16,2.E-16));
#7050 = ADVANCED_FACE('',(#7051),#7062,.F.);
#7051 = FACE_BOUND('',#7052,.T.);
#7052 = EDGE_LOOP('',(#7053,#7054,#7055,#7061));
#7053 = ORIENTED_EDGE('',*,*,#7033,.T.);
#7054 = ORIENTED_EDGE('',*,*,#5110,.F.);
#7055 = ORIENTED_EDGE('',*,*,#7056,.F.);
#7056 = EDGE_CURVE('',#2347,#5101,#7057,.T.);
#7057 = LINE('',#7058,#7059);
#7058 = CARTESIAN_POINT('',(-89.,94.,-16.));
#7059 = VECTOR('',#7060,1.);
#7060 = DIRECTION('',(2.E-16,-1.,9.95799250103E-17));
#7061 = ORIENTED_EDGE('',*,*,#2356,.T.);
#7062 = PLANE('',#7063);
#7063 = AXIS2_PLACEMENT_3D('',#7064,#7065,#7066);
#7064 = CARTESIAN_POINT('',(-88.5,94.,-15.5));
#7065 = DIRECTION('',(-0.707106781187,-8.78581753623E-17,0.707106781187)
  );
#7066 = DIRECTION('',(-2.119150740865E-16,1.,-8.766485092379E-17));
#7067 = ADVANCED_FACE('',(#7068),#7079,.F.);
#7068 = FACE_BOUND('',#7069,.F.);
#7069 = EDGE_LOOP('',(#7070,#7071,#7072,#7078));
#7070 = ORIENTED_EDGE('',*,*,#7040,.T.);
#7071 = ORIENTED_EDGE('',*,*,#5086,.T.);
#7072 = ORIENTED_EDGE('',*,*,#7073,.F.);
#7073 = EDGE_CURVE('',#2371,#5079,#7074,.T.);
#7074 = LINE('',#7075,#7076);
#7075 = CARTESIAN_POINT('',(-86.,94.,-16.));
#7076 = VECTOR('',#7077,1.);
#7077 = DIRECTION('',(2.E-16,-1.,9.95799250103E-17));
#7078 = ORIENTED_EDGE('',*,*,#2380,.T.);
#7079 = PLANE('',#7080);
#7080 = AXIS2_PLACEMENT_3D('',#7081,#7082,#7083);
#7081 = CARTESIAN_POINT('',(-86.5,94.,-15.5));
#7082 = DIRECTION('',(0.707106781187,5.482575061376E-17,0.707106781187)
  );
#7083 = DIRECTION('',(8.897769753748E-17,-1.,-1.144237745222E-17));
#7084 = ADVANCED_FACE('',(#7085),#7096,.F.);
#7085 = FACE_BOUND('',#7086,.F.);
#7086 = EDGE_LOOP('',(#7087,#7088,#7089,#7095));
#7087 = ORIENTED_EDGE('',*,*,#7056,.F.);
#7088 = ORIENTED_EDGE('',*,*,#2404,.F.);
#7089 = ORIENTED_EDGE('',*,*,#7090,.T.);
#7090 = EDGE_CURVE('',#2395,#5150,#7091,.T.);
#7091 = LINE('',#7092,#7093);
#7092 = CARTESIAN_POINT('',(-89.,94.,-34.));
#7093 = VECTOR('',#7094,1.);
#7094 = DIRECTION('',(2.E-16,-1.,9.95799250103E-17));
#7095 = ORIENTED_EDGE('',*,*,#5149,.F.);
#7096 = PLANE('',#7097);
#7097 = AXIS2_PLACEMENT_3D('',#7098,#7099,#7100);
#7098 = CARTESIAN_POINT('',(-89.,94.,-35.));
#7099 = DIRECTION('',(-1.,-2.E-16,-2.E-16));
#7100 = DIRECTION('',(-2.E-16,9.95799250103E-17,1.));
#7101 = ADVANCED_FACE('',(#7102),#7113,.F.);
#7102 = FACE_BOUND('',#7103,.F.);
#7103 = EDGE_LOOP('',(#7104,#7105,#7106,#7112));
#7104 = ORIENTED_EDGE('',*,*,#7073,.T.);
#7105 = ORIENTED_EDGE('',*,*,#5132,.F.);
#7106 = ORIENTED_EDGE('',*,*,#7107,.F.);
#7107 = EDGE_CURVE('',#2421,#5125,#7108,.T.);
#7108 = LINE('',#7109,#7110);
#7109 = CARTESIAN_POINT('',(-86.,94.,-34.));
#7110 = VECTOR('',#7111,1.);
#7111 = DIRECTION('',(2.E-16,-1.,9.95799250103E-17));
#7112 = ORIENTED_EDGE('',*,*,#2428,.F.);
#7113 = PLANE('',#7114);
#7114 = AXIS2_PLACEMENT_3D('',#7115,#7116,#7117);
#7115 = CARTESIAN_POINT('',(-86.,94.,-15.));
#7116 = DIRECTION('',(1.,2.E-16,2.E-16));
#7117 = DIRECTION('',(2.E-16,-9.95799250103E-17,-1.));
#7118 = ADVANCED_FACE('',(#7119),#7130,.F.);
#7119 = FACE_BOUND('',#7120,.F.);
#7120 = EDGE_LOOP('',(#7121,#7127,#7128,#7129));
#7121 = ORIENTED_EDGE('',*,*,#7122,.T.);
#7122 = EDGE_CURVE('',#2443,#5197,#7123,.T.);
#7123 = LINE('',#7124,#7125);
#7124 = CARTESIAN_POINT('',(-88.,94.,-35.));
#7125 = VECTOR('',#7126,1.);
#7126 = DIRECTION('',(2.E-16,-1.,9.95799250103E-17));
#7127 = ORIENTED_EDGE('',*,*,#5206,.T.);
#7128 = ORIENTED_EDGE('',*,*,#7090,.F.);
#7129 = ORIENTED_EDGE('',*,*,#2452,.F.);
#7130 = PLANE('',#7131);
#7131 = AXIS2_PLACEMENT_3D('',#7132,#7133,#7134);
#7132 = CARTESIAN_POINT('',(-88.5,94.,-34.5));
#7133 = DIRECTION('',(-0.707106781187,-5.482575061376E-17,
    -0.707106781187));
#7134 = DIRECTION('',(8.897769753748E-17,-1.,-1.144237745222E-17));
#7135 = ADVANCED_FACE('',(#7136),#7147,.F.);
#7136 = FACE_BOUND('',#7137,.F.);
#7137 = EDGE_LOOP('',(#7138,#7139,#7140,#7146));
#7138 = ORIENTED_EDGE('',*,*,#7107,.T.);
#7139 = ORIENTED_EDGE('',*,*,#5182,.T.);
#7140 = ORIENTED_EDGE('',*,*,#7141,.F.);
#7141 = EDGE_CURVE('',#2467,#5175,#7142,.T.);
#7142 = LINE('',#7143,#7144);
#7143 = CARTESIAN_POINT('',(-87.,94.,-35.));
#7144 = VECTOR('',#7145,1.);
#7145 = DIRECTION('',(2.E-16,-1.,9.95799250103E-17));
#7146 = ORIENTED_EDGE('',*,*,#2476,.T.);
#7147 = PLANE('',#7148);
#7148 = AXIS2_PLACEMENT_3D('',#7149,#7150,#7151);
#7149 = CARTESIAN_POINT('',(-86.5,94.,-34.5));
#7150 = DIRECTION('',(0.707106781187,2.280169618609E-16,-0.707106781187)
  );
#7151 = DIRECTION('',(3.110223024625E-16,-1.,-1.144237745222E-17));
#7152 = ADVANCED_FACE('',(#7153),#7159,.F.);
#7153 = FACE_BOUND('',#7154,.F.);
#7154 = EDGE_LOOP('',(#7155,#7156,#7157,#7158));
#7155 = ORIENTED_EDGE('',*,*,#7122,.F.);
#7156 = ORIENTED_EDGE('',*,*,#2493,.F.);
#7157 = ORIENTED_EDGE('',*,*,#7141,.T.);
#7158 = ORIENTED_EDGE('',*,*,#5221,.F.);
#7159 = PLANE('',#7160);
#7160 = AXIS2_PLACEMENT_3D('',#7161,#7162,#7163);
#7161 = CARTESIAN_POINT('',(-86.,94.,-35.));
#7162 = DIRECTION('',(2.E-16,-9.95799250103E-17,-1.));
#7163 = DIRECTION('',(-1.,-2.E-16,-2.E-16));
#7164 = ADVANCED_FACE('',(#7165),#7181,.F.);
#7165 = FACE_BOUND('',#7166,.T.);
#7166 = EDGE_LOOP('',(#7167,#7173,#7174,#7180));
#7167 = ORIENTED_EDGE('',*,*,#7168,.T.);
#7168 = EDGE_CURVE('',#2508,#5270,#7169,.T.);
#7169 = LINE('',#7170,#7171);
#7170 = CARTESIAN_POINT('',(-80.5,94.,-15.));
#7171 = VECTOR('',#7172,1.);
#7172 = DIRECTION('',(2.E-16,-1.,9.95799250103E-17));
#7173 = ORIENTED_EDGE('',*,*,#5326,.F.);
#7174 = ORIENTED_EDGE('',*,*,#7175,.F.);
#7175 = EDGE_CURVE('',#2516,#5319,#7176,.T.);
#7176 = LINE('',#7177,#7178);
#7177 = CARTESIAN_POINT('',(-81.5,94.,-16.));
#7178 = VECTOR('',#7179,1.);
#7179 = DIRECTION('',(2.E-16,-1.,9.95799250103E-17));
#7180 = ORIENTED_EDGE('',*,*,#2515,.T.);
#7181 = PLANE('',#7182);
#7182 = AXIS2_PLACEMENT_3D('',#7183,#7184,#7185);
#7183 = CARTESIAN_POINT('',(-81.,94.,-15.5));
#7184 = DIRECTION('',(-0.707106781187,-8.78581753623E-17,0.707106781187)
  );
#7185 = DIRECTION('',(-2.119150740865E-16,1.,-8.766485092379E-17));
#7186 = ADVANCED_FACE('',(#7187),#7198,.F.);
#7187 = FACE_BOUND('',#7188,.F.);
#7188 = EDGE_LOOP('',(#7189,#7190,#7196,#7197));
#7189 = ORIENTED_EDGE('',*,*,#2548,.F.);
#7190 = ORIENTED_EDGE('',*,*,#7191,.T.);
#7191 = EDGE_CURVE('',#2539,#5366,#7192,.T.);
#7192 = LINE('',#7193,#7194);
#7193 = CARTESIAN_POINT('',(-81.5,94.,-34.));
#7194 = VECTOR('',#7195,1.);
#7195 = DIRECTION('',(2.E-16,-1.,9.95799250103E-17));
#7196 = ORIENTED_EDGE('',*,*,#5365,.F.);
#7197 = ORIENTED_EDGE('',*,*,#7175,.F.);
#7198 = PLANE('',#7199);
#7199 = AXIS2_PLACEMENT_3D('',#7200,#7201,#7202);
#7200 = CARTESIAN_POINT('',(-81.5,94.,-35.));
#7201 = DIRECTION('',(-1.,-2.E-16,-2.E-16));
#7202 = DIRECTION('',(-2.E-16,9.95799250103E-17,1.));
#7203 = ADVANCED_FACE('',(#7204),#7215,.F.);
#7204 = FACE_BOUND('',#7205,.F.);
#7205 = EDGE_LOOP('',(#7206,#7207,#7208,#7209));
#7206 = ORIENTED_EDGE('',*,*,#2572,.F.);
#7207 = ORIENTED_EDGE('',*,*,#7168,.T.);
#7208 = ORIENTED_EDGE('',*,*,#5269,.F.);
#7209 = ORIENTED_EDGE('',*,*,#7210,.F.);
#7210 = EDGE_CURVE('',#2565,#5238,#7211,.T.);
#7211 = LINE('',#7212,#7213);
#7212 = CARTESIAN_POINT('',(-79.5,94.,-15.));
#7213 = VECTOR('',#7214,1.);
#7214 = DIRECTION('',(2.E-16,-1.,9.95799250103E-17));
#7215 = PLANE('',#7216);
#7216 = AXIS2_PLACEMENT_3D('',#7217,#7218,#7219);
#7217 = CARTESIAN_POINT('',(-81.5,94.,-15.));
#7218 = DIRECTION('',(-2.E-16,9.95799250103E-17,1.));
#7219 = DIRECTION('',(1.,2.E-16,2.E-16));
#7220 = ADVANCED_FACE('',(#7221),#7232,.F.);
#7221 = FACE_BOUND('',#7222,.F.);
#7222 = EDGE_LOOP('',(#7223,#7229,#7230,#7231));
#7223 = ORIENTED_EDGE('',*,*,#7224,.T.);
#7224 = EDGE_CURVE('',#2587,#5389,#7225,.T.);
#7225 = LINE('',#7226,#7227);
#7226 = CARTESIAN_POINT('',(-80.5,94.,-35.));
#7227 = VECTOR('',#7228,1.);
#7228 = DIRECTION('',(2.E-16,-1.,9.95799250103E-17));
#7229 = ORIENTED_EDGE('',*,*,#5415,.T.);
#7230 = ORIENTED_EDGE('',*,*,#7191,.F.);
#7231 = ORIENTED_EDGE('',*,*,#2596,.F.);
#7232 = PLANE('',#7233);
#7233 = AXIS2_PLACEMENT_3D('',#7234,#7235,#7236);
#7234 = CARTESIAN_POINT('',(-81.,94.,-34.5));
#7235 = DIRECTION('',(-0.707106781187,-5.482575061376E-17,
    -0.707106781187));
#7236 = DIRECTION('',(8.897769753748E-17,-1.,-1.144237745222E-17));
#7237 = ADVANCED_FACE('',(#7238),#7249,.F.);
#7238 = FACE_BOUND('',#7239,.F.);
#7239 = EDGE_LOOP('',(#7240,#7241,#7242,#7248));
#7240 = ORIENTED_EDGE('',*,*,#7210,.T.);
#7241 = ORIENTED_EDGE('',*,*,#5245,.T.);
#7242 = ORIENTED_EDGE('',*,*,#7243,.F.);
#7243 = EDGE_CURVE('',#2613,#5246,#7244,.T.);
#7244 = LINE('',#7245,#7246);
#7245 = CARTESIAN_POINT('',(-78.5,94.,-16.));
#7246 = VECTOR('',#7247,1.);
#7247 = DIRECTION('',(2.E-16,-1.,9.95799250103E-17));
#7248 = ORIENTED_EDGE('',*,*,#2620,.T.);
#7249 = PLANE('',#7250);
#7250 = AXIS2_PLACEMENT_3D('',#7251,#7252,#7253);
#7251 = CARTESIAN_POINT('',(-79.,94.,-15.5));
#7252 = DIRECTION('',(0.707106781187,5.482575061376E-17,0.707106781187)
  );
#7253 = DIRECTION('',(8.897769753748E-17,-1.,-1.144237745222E-17));
#7254 = ADVANCED_FACE('',(#7255),#7266,.F.);
#7255 = FACE_BOUND('',#7256,.F.);
#7256 = EDGE_LOOP('',(#7257,#7258,#7264,#7265));
#7257 = ORIENTED_EDGE('',*,*,#2644,.F.);
#7258 = ORIENTED_EDGE('',*,*,#7259,.T.);
#7259 = EDGE_CURVE('',#2635,#5341,#7260,.T.);
#7260 = LINE('',#7261,#7262);
#7261 = CARTESIAN_POINT('',(-79.5,94.,-35.));
#7262 = VECTOR('',#7263,1.);
#7263 = DIRECTION('',(2.E-16,-1.,9.95799250103E-17));
#7264 = ORIENTED_EDGE('',*,*,#5396,.F.);
#7265 = ORIENTED_EDGE('',*,*,#7224,.F.);
#7266 = PLANE('',#7267);
#7267 = AXIS2_PLACEMENT_3D('',#7268,#7269,#7270);
#7268 = CARTESIAN_POINT('',(-78.5,94.,-35.));
#7269 = DIRECTION('',(2.E-16,-9.95799250103E-17,-1.));
#7270 = DIRECTION('',(-1.,-2.E-16,-2.E-16));
#7271 = ADVANCED_FACE('',(#7272),#7283,.F.);
#7272 = FACE_BOUND('',#7273,.F.);
#7273 = EDGE_LOOP('',(#7274,#7275,#7276,#7277));
#7274 = ORIENTED_EDGE('',*,*,#2668,.F.);
#7275 = ORIENTED_EDGE('',*,*,#7243,.T.);
#7276 = ORIENTED_EDGE('',*,*,#5300,.F.);
#7277 = ORIENTED_EDGE('',*,*,#7278,.F.);
#7278 = EDGE_CURVE('',#2661,#5293,#7279,.T.);
#7279 = LINE('',#7280,#7281);
#7280 = CARTESIAN_POINT('',(-78.5,94.,-34.));
#7281 = VECTOR('',#7282,1.);
#7282 = DIRECTION('',(2.E-16,-1.,9.95799250103E-17));
#7283 = PLANE('',#7284);
#7284 = AXIS2_PLACEMENT_3D('',#7285,#7286,#7287);
#7285 = CARTESIAN_POINT('',(-78.5,94.,-15.));
#7286 = DIRECTION('',(1.,2.E-16,2.E-16));
#7287 = DIRECTION('',(2.E-16,-9.95799250103E-17,-1.));
#7288 = ADVANCED_FACE('',(#7289),#7295,.F.);
#7289 = FACE_BOUND('',#7290,.F.);
#7290 = EDGE_LOOP('',(#7291,#7292,#7293,#7294));
#7291 = ORIENTED_EDGE('',*,*,#7278,.T.);
#7292 = ORIENTED_EDGE('',*,*,#5350,.T.);
#7293 = ORIENTED_EDGE('',*,*,#7259,.F.);
#7294 = ORIENTED_EDGE('',*,*,#2685,.T.);
#7295 = PLANE('',#7296);
#7296 = AXIS2_PLACEMENT_3D('',#7297,#7298,#7299);
#7297 = CARTESIAN_POINT('',(-79.,94.,-34.5));
#7298 = DIRECTION('',(0.707106781187,2.280169618609E-16,-0.707106781187)
  );
#7299 = DIRECTION('',(3.110223024625E-16,-1.,-1.144237745222E-17));
#7300 = ADVANCED_FACE('',(#7301),#7317,.F.);
#7301 = FACE_BOUND('',#7302,.T.);
#7302 = EDGE_LOOP('',(#7303,#7309,#7310,#7316));
#7303 = ORIENTED_EDGE('',*,*,#7304,.T.);
#7304 = EDGE_CURVE('',#2700,#5462,#7305,.T.);
#7305 = LINE('',#7306,#7307);
#7306 = CARTESIAN_POINT('',(-73.,94.,-15.));
#7307 = VECTOR('',#7308,1.);
#7308 = DIRECTION('',(2.E-16,-1.,9.95799250103E-17));
#7309 = ORIENTED_EDGE('',*,*,#5518,.F.);
#7310 = ORIENTED_EDGE('',*,*,#7311,.F.);
#7311 = EDGE_CURVE('',#2708,#5511,#7312,.T.);
#7312 = LINE('',#7313,#7314);
#7313 = CARTESIAN_POINT('',(-74.,94.,-16.));
#7314 = VECTOR('',#7315,1.);
#7315 = DIRECTION('',(2.E-16,-1.,9.95799250103E-17));
#7316 = ORIENTED_EDGE('',*,*,#2707,.T.);
#7317 = PLANE('',#7318);
#7318 = AXIS2_PLACEMENT_3D('',#7319,#7320,#7321);
#7319 = CARTESIAN_POINT('',(-73.5,94.,-15.5));
#7320 = DIRECTION('',(-0.707106781187,-8.78581753623E-17,0.707106781187)
  );
#7321 = DIRECTION('',(-2.119150740865E-16,1.,-8.766485092379E-17));
#7322 = ADVANCED_FACE('',(#7323),#7334,.F.);
#7323 = FACE_BOUND('',#7324,.F.);
#7324 = EDGE_LOOP('',(#7325,#7326,#7332,#7333));
#7325 = ORIENTED_EDGE('',*,*,#2740,.F.);
#7326 = ORIENTED_EDGE('',*,*,#7327,.T.);
#7327 = EDGE_CURVE('',#2731,#5558,#7328,.T.);
#7328 = LINE('',#7329,#7330);
#7329 = CARTESIAN_POINT('',(-74.,94.,-34.));
#7330 = VECTOR('',#7331,1.);
#7331 = DIRECTION('',(2.E-16,-1.,9.95799250103E-17));
#7332 = ORIENTED_EDGE('',*,*,#5557,.F.);
#7333 = ORIENTED_EDGE('',*,*,#7311,.F.);
#7334 = PLANE('',#7335);
#7335 = AXIS2_PLACEMENT_3D('',#7336,#7337,#7338);
#7336 = CARTESIAN_POINT('',(-74.,94.,-35.));
#7337 = DIRECTION('',(-1.,-2.E-16,-2.E-16));
#7338 = DIRECTION('',(-2.E-16,9.95799250103E-17,1.));
#7339 = ADVANCED_FACE('',(#7340),#7351,.F.);
#7340 = FACE_BOUND('',#7341,.F.);
#7341 = EDGE_LOOP('',(#7342,#7343,#7344,#7345));
#7342 = ORIENTED_EDGE('',*,*,#2764,.F.);
#7343 = ORIENTED_EDGE('',*,*,#7304,.T.);
#7344 = ORIENTED_EDGE('',*,*,#5461,.F.);
#7345 = ORIENTED_EDGE('',*,*,#7346,.F.);
#7346 = EDGE_CURVE('',#2757,#5430,#7347,.T.);
#7347 = LINE('',#7348,#7349);
#7348 = CARTESIAN_POINT('',(-72.,94.,-15.));
#7349 = VECTOR('',#7350,1.);
#7350 = DIRECTION('',(2.E-16,-1.,9.95799250103E-17));
#7351 = PLANE('',#7352);
#7352 = AXIS2_PLACEMENT_3D('',#7353,#7354,#7355);
#7353 = CARTESIAN_POINT('',(-74.,94.,-15.));
#7354 = DIRECTION('',(-2.E-16,9.95799250103E-17,1.));
#7355 = DIRECTION('',(1.,2.E-16,2.E-16));
#7356 = ADVANCED_FACE('',(#7357),#7368,.F.);
#7357 = FACE_BOUND('',#7358,.F.);
#7358 = EDGE_LOOP('',(#7359,#7365,#7366,#7367));
#7359 = ORIENTED_EDGE('',*,*,#7360,.T.);
#7360 = EDGE_CURVE('',#2779,#5581,#7361,.T.);
#7361 = LINE('',#7362,#7363);
#7362 = CARTESIAN_POINT('',(-73.,94.,-35.));
#7363 = VECTOR('',#7364,1.);
#7364 = DIRECTION('',(2.E-16,-1.,9.95799250103E-17));
#7365 = ORIENTED_EDGE('',*,*,#5607,.T.);
#7366 = ORIENTED_EDGE('',*,*,#7327,.F.);
#7367 = ORIENTED_EDGE('',*,*,#2788,.F.);
#7368 = PLANE('',#7369);
#7369 = AXIS2_PLACEMENT_3D('',#7370,#7371,#7372);
#7370 = CARTESIAN_POINT('',(-73.5,94.,-34.5));
#7371 = DIRECTION('',(-0.707106781187,-5.482575061376E-17,
    -0.707106781187));
#7372 = DIRECTION('',(8.897769753748E-17,-1.,-1.144237745222E-17));
#7373 = ADVANCED_FACE('',(#7374),#7385,.F.);
#7374 = FACE_BOUND('',#7375,.F.);
#7375 = EDGE_LOOP('',(#7376,#7377,#7378,#7384));
#7376 = ORIENTED_EDGE('',*,*,#7346,.T.);
#7377 = ORIENTED_EDGE('',*,*,#5437,.T.);
#7378 = ORIENTED_EDGE('',*,*,#7379,.F.);
#7379 = EDGE_CURVE('',#2805,#5438,#7380,.T.);
#7380 = LINE('',#7381,#7382);
#7381 = CARTESIAN_POINT('',(-71.,94.,-16.));
#7382 = VECTOR('',#7383,1.);
#7383 = DIRECTION('',(2.E-16,-1.,9.95799250103E-17));
#7384 = ORIENTED_EDGE('',*,*,#2812,.T.);
#7385 = PLANE('',#7386);
#7386 = AXIS2_PLACEMENT_3D('',#7387,#7388,#7389);
#7387 = CARTESIAN_POINT('',(-71.5,94.,-15.5));
#7388 = DIRECTION('',(0.707106781187,5.482575061376E-17,0.707106781187)
  );
#7389 = DIRECTION('',(8.897769753748E-17,-1.,-1.144237745222E-17));
#7390 = ADVANCED_FACE('',(#7391),#7402,.F.);
#7391 = FACE_BOUND('',#7392,.F.);
#7392 = EDGE_LOOP('',(#7393,#7394,#7400,#7401));
#7393 = ORIENTED_EDGE('',*,*,#2836,.F.);
#7394 = ORIENTED_EDGE('',*,*,#7395,.T.);
#7395 = EDGE_CURVE('',#2827,#5533,#7396,.T.);
#7396 = LINE('',#7397,#7398);
#7397 = CARTESIAN_POINT('',(-72.,94.,-35.));
#7398 = VECTOR('',#7399,1.);
#7399 = DIRECTION('',(2.E-16,-1.,9.95799250103E-17));
#7400 = ORIENTED_EDGE('',*,*,#5588,.F.);
#7401 = ORIENTED_EDGE('',*,*,#7360,.F.);
#7402 = PLANE('',#7403);
#7403 = AXIS2_PLACEMENT_3D('',#7404,#7405,#7406);
#7404 = CARTESIAN_POINT('',(-71.,94.,-35.));
#7405 = DIRECTION('',(2.E-16,-9.95799250103E-17,-1.));
#7406 = DIRECTION('',(-1.,-2.E-16,-2.E-16));
#7407 = ADVANCED_FACE('',(#7408),#7419,.F.);
#7408 = FACE_BOUND('',#7409,.F.);
#7409 = EDGE_LOOP('',(#7410,#7411,#7412,#7413));
#7410 = ORIENTED_EDGE('',*,*,#2860,.F.);
#7411 = ORIENTED_EDGE('',*,*,#7379,.T.);
#7412 = ORIENTED_EDGE('',*,*,#5492,.F.);
#7413 = ORIENTED_EDGE('',*,*,#7414,.F.);
#7414 = EDGE_CURVE('',#2853,#5485,#7415,.T.);
#7415 = LINE('',#7416,#7417);
#7416 = CARTESIAN_POINT('',(-71.,94.,-34.));
#7417 = VECTOR('',#7418,1.);
#7418 = DIRECTION('',(2.E-16,-1.,9.95799250103E-17));
#7419 = PLANE('',#7420);
#7420 = AXIS2_PLACEMENT_3D('',#7421,#7422,#7423);
#7421 = CARTESIAN_POINT('',(-71.,94.,-15.));
#7422 = DIRECTION('',(1.,2.E-16,2.E-16));
#7423 = DIRECTION('',(2.E-16,-9.95799250103E-17,-1.));
#7424 = ADVANCED_FACE('',(#7425),#7431,.F.);
#7425 = FACE_BOUND('',#7426,.F.);
#7426 = EDGE_LOOP('',(#7427,#7428,#7429,#7430));
#7427 = ORIENTED_EDGE('',*,*,#7414,.T.);
#7428 = ORIENTED_EDGE('',*,*,#5542,.T.);
#7429 = ORIENTED_EDGE('',*,*,#7395,.F.);
#7430 = ORIENTED_EDGE('',*,*,#2877,.T.);
#7431 = PLANE('',#7432);
#7432 = AXIS2_PLACEMENT_3D('',#7433,#7434,#7435);
#7433 = CARTESIAN_POINT('',(-71.5,94.,-34.5));
#7434 = DIRECTION('',(0.707106781187,2.280169618609E-16,-0.707106781187)
  );
#7435 = DIRECTION('',(3.110223024625E-16,-1.,-1.144237745222E-17));
#7436 = ADVANCED_FACE('',(#7437),#7453,.F.);
#7437 = FACE_BOUND('',#7438,.T.);
#7438 = EDGE_LOOP('',(#7439,#7445,#7446,#7452));
#7439 = ORIENTED_EDGE('',*,*,#7440,.T.);
#7440 = EDGE_CURVE('',#2892,#5654,#7441,.T.);
#7441 = LINE('',#7442,#7443);
#7442 = CARTESIAN_POINT('',(-65.5,94.,-15.));
#7443 = VECTOR('',#7444,1.);
#7444 = DIRECTION('',(2.E-16,-1.,9.95799250103E-17));
#7445 = ORIENTED_EDGE('',*,*,#5710,.F.);
#7446 = ORIENTED_EDGE('',*,*,#7447,.F.);
#7447 = EDGE_CURVE('',#2900,#5703,#7448,.T.);
#7448 = LINE('',#7449,#7450);
#7449 = CARTESIAN_POINT('',(-66.5,94.,-16.));
#7450 = VECTOR('',#7451,1.);
#7451 = DIRECTION('',(2.E-16,-1.,9.95799250103E-17));
#7452 = ORIENTED_EDGE('',*,*,#2899,.T.);
#7453 = PLANE('',#7454);
#7454 = AXIS2_PLACEMENT_3D('',#7455,#7456,#7457);
#7455 = CARTESIAN_POINT('',(-66.,94.,-15.5));
#7456 = DIRECTION('',(-0.707106781187,-8.78581753623E-17,0.707106781187)
  );
#7457 = DIRECTION('',(-2.119150740865E-16,1.,-8.766485092379E-17));
#7458 = ADVANCED_FACE('',(#7459),#7470,.F.);
#7459 = FACE_BOUND('',#7460,.F.);
#7460 = EDGE_LOOP('',(#7461,#7462,#7468,#7469));
#7461 = ORIENTED_EDGE('',*,*,#2932,.F.);
#7462 = ORIENTED_EDGE('',*,*,#7463,.T.);
#7463 = EDGE_CURVE('',#2923,#5750,#7464,.T.);
#7464 = LINE('',#7465,#7466);
#7465 = CARTESIAN_POINT('',(-66.5,94.,-34.));
#7466 = VECTOR('',#7467,1.);
#7467 = DIRECTION('',(2.E-16,-1.,9.95799250103E-17));
#7468 = ORIENTED_EDGE('',*,*,#5749,.F.);
#7469 = ORIENTED_EDGE('',*,*,#7447,.F.);
#7470 = PLANE('',#7471);
#7471 = AXIS2_PLACEMENT_3D('',#7472,#7473,#7474);
#7472 = CARTESIAN_POINT('',(-66.5,94.,-35.));
#7473 = DIRECTION('',(-1.,-2.E-16,-2.E-16));
#7474 = DIRECTION('',(-2.E-16,9.95799250103E-17,1.));
#7475 = ADVANCED_FACE('',(#7476),#7487,.F.);
#7476 = FACE_BOUND('',#7477,.F.);
#7477 = EDGE_LOOP('',(#7478,#7479,#7480,#7481));
#7478 = ORIENTED_EDGE('',*,*,#2956,.F.);
#7479 = ORIENTED_EDGE('',*,*,#7440,.T.);
#7480 = ORIENTED_EDGE('',*,*,#5653,.F.);
#7481 = ORIENTED_EDGE('',*,*,#7482,.F.);
#7482 = EDGE_CURVE('',#2949,#5622,#7483,.T.);
#7483 = LINE('',#7484,#7485);
#7484 = CARTESIAN_POINT('',(-64.5,94.,-15.));
#7485 = VECTOR('',#7486,1.);
#7486 = DIRECTION('',(2.E-16,-1.,9.95799250103E-17));
#7487 = PLANE('',#7488);
#7488 = AXIS2_PLACEMENT_3D('',#7489,#7490,#7491);
#7489 = CARTESIAN_POINT('',(-66.5,94.,-15.));
#7490 = DIRECTION('',(-2.E-16,9.95799250103E-17,1.));
#7491 = DIRECTION('',(1.,2.E-16,2.E-16));
#7492 = ADVANCED_FACE('',(#7493),#7504,.F.);
#7493 = FACE_BOUND('',#7494,.F.);
#7494 = EDGE_LOOP('',(#7495,#7501,#7502,#7503));
#7495 = ORIENTED_EDGE('',*,*,#7496,.T.);
#7496 = EDGE_CURVE('',#2971,#5773,#7497,.T.);
#7497 = LINE('',#7498,#7499);
#7498 = CARTESIAN_POINT('',(-65.5,94.,-35.));
#7499 = VECTOR('',#7500,1.);
#7500 = DIRECTION('',(2.E-16,-1.,9.95799250103E-17));
#7501 = ORIENTED_EDGE('',*,*,#5799,.T.);
#7502 = ORIENTED_EDGE('',*,*,#7463,.F.);
#7503 = ORIENTED_EDGE('',*,*,#2980,.F.);
#7504 = PLANE('',#7505);
#7505 = AXIS2_PLACEMENT_3D('',#7506,#7507,#7508);
#7506 = CARTESIAN_POINT('',(-66.,94.,-34.5));
#7507 = DIRECTION('',(-0.707106781187,-5.482575061376E-17,
    -0.707106781187));
#7508 = DIRECTION('',(8.897769753748E-17,-1.,-1.144237745222E-17));
#7509 = ADVANCED_FACE('',(#7510),#7521,.F.);
#7510 = FACE_BOUND('',#7511,.F.);
#7511 = EDGE_LOOP('',(#7512,#7513,#7514,#7520));
#7512 = ORIENTED_EDGE('',*,*,#7482,.T.);
#7513 = ORIENTED_EDGE('',*,*,#5629,.T.);
#7514 = ORIENTED_EDGE('',*,*,#7515,.F.);
#7515 = EDGE_CURVE('',#2997,#5630,#7516,.T.);
#7516 = LINE('',#7517,#7518);
#7517 = CARTESIAN_POINT('',(-63.5,94.,-16.));
#7518 = VECTOR('',#7519,1.);
#7519 = DIRECTION('',(2.E-16,-1.,9.95799250103E-17));
#7520 = ORIENTED_EDGE('',*,*,#3004,.T.);
#7521 = PLANE('',#7522);
#7522 = AXIS2_PLACEMENT_3D('',#7523,#7524,#7525);
#7523 = CARTESIAN_POINT('',(-64.,94.,-15.5));
#7524 = DIRECTION('',(0.707106781187,5.482575061376E-17,0.707106781187)
  );
#7525 = DIRECTION('',(8.897769753748E-17,-1.,-1.144237745222E-17));
#7526 = ADVANCED_FACE('',(#7527),#7538,.F.);
#7527 = FACE_BOUND('',#7528,.F.);
#7528 = EDGE_LOOP('',(#7529,#7530,#7536,#7537));
#7529 = ORIENTED_EDGE('',*,*,#3028,.F.);
#7530 = ORIENTED_EDGE('',*,*,#7531,.T.);
#7531 = EDGE_CURVE('',#3019,#5725,#7532,.T.);
#7532 = LINE('',#7533,#7534);
#7533 = CARTESIAN_POINT('',(-64.5,94.,-35.));
#7534 = VECTOR('',#7535,1.);
#7535 = DIRECTION('',(2.E-16,-1.,9.95799250103E-17));
#7536 = ORIENTED_EDGE('',*,*,#5780,.F.);
#7537 = ORIENTED_EDGE('',*,*,#7496,.F.);
#7538 = PLANE('',#7539);
#7539 = AXIS2_PLACEMENT_3D('',#7540,#7541,#7542);
#7540 = CARTESIAN_POINT('',(-63.5,94.,-35.));
#7541 = DIRECTION('',(2.E-16,-9.95799250103E-17,-1.));
#7542 = DIRECTION('',(-1.,-2.E-16,-2.E-16));
#7543 = ADVANCED_FACE('',(#7544),#7555,.F.);
#7544 = FACE_BOUND('',#7545,.F.);
#7545 = EDGE_LOOP('',(#7546,#7547,#7548,#7549));
#7546 = ORIENTED_EDGE('',*,*,#3052,.F.);
#7547 = ORIENTED_EDGE('',*,*,#7515,.T.);
#7548 = ORIENTED_EDGE('',*,*,#5684,.F.);
#7549 = ORIENTED_EDGE('',*,*,#7550,.F.);
#7550 = EDGE_CURVE('',#3045,#5677,#7551,.T.);
#7551 = LINE('',#7552,#7553);
#7552 = CARTESIAN_POINT('',(-63.5,94.,-34.));
#7553 = VECTOR('',#7554,1.);
#7554 = DIRECTION('',(2.E-16,-1.,9.95799250103E-17));
#7555 = PLANE('',#7556);
#7556 = AXIS2_PLACEMENT_3D('',#7557,#7558,#7559);
#7557 = CARTESIAN_POINT('',(-63.5,94.,-15.));
#7558 = DIRECTION('',(1.,2.E-16,2.E-16));
#7559 = DIRECTION('',(2.E-16,-9.95799250103E-17,-1.));
#7560 = ADVANCED_FACE('',(#7561),#7567,.F.);
#7561 = FACE_BOUND('',#7562,.F.);
#7562 = EDGE_LOOP('',(#7563,#7564,#7565,#7566));
#7563 = ORIENTED_EDGE('',*,*,#7550,.T.);
#7564 = ORIENTED_EDGE('',*,*,#5734,.T.);
#7565 = ORIENTED_EDGE('',*,*,#7531,.F.);
#7566 = ORIENTED_EDGE('',*,*,#3069,.T.);
#7567 = PLANE('',#7568);
#7568 = AXIS2_PLACEMENT_3D('',#7569,#7570,#7571);
#7569 = CARTESIAN_POINT('',(-64.,94.,-34.5));
#7570 = DIRECTION('',(0.707106781187,2.280169618609E-16,-0.707106781187)
  );
#7571 = DIRECTION('',(3.110223024625E-16,-1.,-1.144237745222E-17));
#7572 = ADVANCED_FACE('',(#7573),#7589,.F.);
#7573 = FACE_BOUND('',#7574,.T.);
#7574 = EDGE_LOOP('',(#7575,#7581,#7582,#7588));
#7575 = ORIENTED_EDGE('',*,*,#7576,.T.);
#7576 = EDGE_CURVE('',#3084,#5846,#7577,.T.);
#7577 = LINE('',#7578,#7579);
#7578 = CARTESIAN_POINT('',(-58.,94.,-15.));
#7579 = VECTOR('',#7580,1.);
#7580 = DIRECTION('',(2.E-16,-1.,9.95799250103E-17));
#7581 = ORIENTED_EDGE('',*,*,#5902,.F.);
#7582 = ORIENTED_EDGE('',*,*,#7583,.F.);
#7583 = EDGE_CURVE('',#3092,#5895,#7584,.T.);
#7584 = LINE('',#7585,#7586);
#7585 = CARTESIAN_POINT('',(-59.,94.,-16.));
#7586 = VECTOR('',#7587,1.);
#7587 = DIRECTION('',(2.E-16,-1.,9.95799250103E-17));
#7588 = ORIENTED_EDGE('',*,*,#3091,.T.);
#7589 = PLANE('',#7590);
#7590 = AXIS2_PLACEMENT_3D('',#7591,#7592,#7593);
#7591 = CARTESIAN_POINT('',(-58.5,94.,-15.5));
#7592 = DIRECTION('',(-0.707106781187,-8.78581753623E-17,0.707106781187)
  );
#7593 = DIRECTION('',(-2.119150740865E-16,1.,-8.766485092379E-17));
#7594 = ADVANCED_FACE('',(#7595),#7606,.F.);
#7595 = FACE_BOUND('',#7596,.F.);
#7596 = EDGE_LOOP('',(#7597,#7598,#7604,#7605));
#7597 = ORIENTED_EDGE('',*,*,#3124,.F.);
#7598 = ORIENTED_EDGE('',*,*,#7599,.T.);
#7599 = EDGE_CURVE('',#3115,#5942,#7600,.T.);
#7600 = LINE('',#7601,#7602);
#7601 = CARTESIAN_POINT('',(-59.,94.,-34.));
#7602 = VECTOR('',#7603,1.);
#7603 = DIRECTION('',(2.E-16,-1.,9.95799250103E-17));
#7604 = ORIENTED_EDGE('',*,*,#5941,.F.);
#7605 = ORIENTED_EDGE('',*,*,#7583,.F.);
#7606 = PLANE('',#7607);
#7607 = AXIS2_PLACEMENT_3D('',#7608,#7609,#7610);
#7608 = CARTESIAN_POINT('',(-59.,94.,-35.));
#7609 = DIRECTION('',(-1.,-2.E-16,-2.E-16));
#7610 = DIRECTION('',(-2.E-16,9.95799250103E-17,1.));
#7611 = ADVANCED_FACE('',(#7612),#7623,.F.);
#7612 = FACE_BOUND('',#7613,.F.);
#7613 = EDGE_LOOP('',(#7614,#7615,#7616,#7617));
#7614 = ORIENTED_EDGE('',*,*,#3148,.F.);
#7615 = ORIENTED_EDGE('',*,*,#7576,.T.);
#7616 = ORIENTED_EDGE('',*,*,#5845,.F.);
#7617 = ORIENTED_EDGE('',*,*,#7618,.F.);
#7618 = EDGE_CURVE('',#3141,#5814,#7619,.T.);
#7619 = LINE('',#7620,#7621);
#7620 = CARTESIAN_POINT('',(-57.,94.,-15.));
#7621 = VECTOR('',#7622,1.);
#7622 = DIRECTION('',(2.E-16,-1.,9.95799250103E-17));
#7623 = PLANE('',#7624);
#7624 = AXIS2_PLACEMENT_3D('',#7625,#7626,#7627);
#7625 = CARTESIAN_POINT('',(-59.,94.,-15.));
#7626 = DIRECTION('',(-2.E-16,9.95799250103E-17,1.));
#7627 = DIRECTION('',(1.,2.E-16,2.E-16));
#7628 = ADVANCED_FACE('',(#7629),#7640,.F.);
#7629 = FACE_BOUND('',#7630,.F.);
#7630 = EDGE_LOOP('',(#7631,#7637,#7638,#7639));
#7631 = ORIENTED_EDGE('',*,*,#7632,.T.);
#7632 = EDGE_CURVE('',#3163,#5965,#7633,.T.);
#7633 = LINE('',#7634,#7635);
#7634 = CARTESIAN_POINT('',(-58.,94.,-35.));
#7635 = VECTOR('',#7636,1.);
#7636 = DIRECTION('',(2.E-16,-1.,9.95799250103E-17));
#7637 = ORIENTED_EDGE('',*,*,#5991,.T.);
#7638 = ORIENTED_EDGE('',*,*,#7599,.F.);
#7639 = ORIENTED_EDGE('',*,*,#3172,.F.);
#7640 = PLANE('',#7641);
#7641 = AXIS2_PLACEMENT_3D('',#7642,#7643,#7644);
#7642 = CARTESIAN_POINT('',(-58.5,94.,-34.5));
#7643 = DIRECTION('',(-0.707106781187,-5.482575061376E-17,
    -0.707106781187));
#7644 = DIRECTION('',(8.897769753748E-17,-1.,-1.144237745222E-17));
#7645 = ADVANCED_FACE('',(#7646),#7657,.F.);
#7646 = FACE_BOUND('',#7647,.F.);
#7647 = EDGE_LOOP('',(#7648,#7649,#7650,#7656));
#7648 = ORIENTED_EDGE('',*,*,#7618,.T.);
#7649 = ORIENTED_EDGE('',*,*,#5821,.T.);
#7650 = ORIENTED_EDGE('',*,*,#7651,.F.);
#7651 = EDGE_CURVE('',#3189,#5822,#7652,.T.);
#7652 = LINE('',#7653,#7654);
#7653 = CARTESIAN_POINT('',(-56.,94.,-16.));
#7654 = VECTOR('',#7655,1.);
#7655 = DIRECTION('',(2.E-16,-1.,9.95799250103E-17));
#7656 = ORIENTED_EDGE('',*,*,#3196,.T.);
#7657 = PLANE('',#7658);
#7658 = AXIS2_PLACEMENT_3D('',#7659,#7660,#7661);
#7659 = CARTESIAN_POINT('',(-56.5,94.,-15.5));
#7660 = DIRECTION('',(0.707106781187,5.482575061376E-17,0.707106781187)
  );
#7661 = DIRECTION('',(8.897769753748E-17,-1.,-1.144237745222E-17));
#7662 = ADVANCED_FACE('',(#7663),#7674,.F.);
#7663 = FACE_BOUND('',#7664,.F.);
#7664 = EDGE_LOOP('',(#7665,#7666,#7672,#7673));
#7665 = ORIENTED_EDGE('',*,*,#3220,.F.);
#7666 = ORIENTED_EDGE('',*,*,#7667,.T.);
#7667 = EDGE_CURVE('',#3211,#5917,#7668,.T.);
#7668 = LINE('',#7669,#7670);
#7669 = CARTESIAN_POINT('',(-57.,94.,-35.));
#7670 = VECTOR('',#7671,1.);
#7671 = DIRECTION('',(2.E-16,-1.,9.95799250103E-17));
#7672 = ORIENTED_EDGE('',*,*,#5972,.F.);
#7673 = ORIENTED_EDGE('',*,*,#7632,.F.);
#7674 = PLANE('',#7675);
#7675 = AXIS2_PLACEMENT_3D('',#7676,#7677,#7678);
#7676 = CARTESIAN_POINT('',(-56.,94.,-35.));
#7677 = DIRECTION('',(2.E-16,-9.95799250103E-17,-1.));
#7678 = DIRECTION('',(-1.,-2.E-16,-2.E-16));
#7679 = ADVANCED_FACE('',(#7680),#7691,.F.);
#7680 = FACE_BOUND('',#7681,.F.);
#7681 = EDGE_LOOP('',(#7682,#7683,#7684,#7685));
#7682 = ORIENTED_EDGE('',*,*,#3244,.F.);
#7683 = ORIENTED_EDGE('',*,*,#7651,.T.);
#7684 = ORIENTED_EDGE('',*,*,#5876,.F.);
#7685 = ORIENTED_EDGE('',*,*,#7686,.F.);
#7686 = EDGE_CURVE('',#3237,#5869,#7687,.T.);
#7687 = LINE('',#7688,#7689);
#7688 = CARTESIAN_POINT('',(-56.,94.,-34.));
#7689 = VECTOR('',#7690,1.);
#7690 = DIRECTION('',(2.E-16,-1.,9.95799250103E-17));
#7691 = PLANE('',#7692);
#7692 = AXIS2_PLACEMENT_3D('',#7693,#7694,#7695);
#7693 = CARTESIAN_POINT('',(-56.,94.,-15.));
#7694 = DIRECTION('',(1.,2.E-16,2.E-16));
#7695 = DIRECTION('',(2.E-16,-9.95799250103E-17,-1.));
#7696 = ADVANCED_FACE('',(#7697),#7703,.F.);
#7697 = FACE_BOUND('',#7698,.F.);
#7698 = EDGE_LOOP('',(#7699,#7700,#7701,#7702));
#7699 = ORIENTED_EDGE('',*,*,#7686,.T.);
#7700 = ORIENTED_EDGE('',*,*,#5926,.T.);
#7701 = ORIENTED_EDGE('',*,*,#7667,.F.);
#7702 = ORIENTED_EDGE('',*,*,#3261,.T.);
#7703 = PLANE('',#7704);
#7704 = AXIS2_PLACEMENT_3D('',#7705,#7706,#7707);
#7705 = CARTESIAN_POINT('',(-56.5,94.,-34.5));
#7706 = DIRECTION('',(0.707106781187,2.280169618609E-16,-0.707106781187)
  );
#7707 = DIRECTION('',(3.110223024625E-16,-1.,-1.144237745222E-17));
#7708 = ADVANCED_FACE('',(#7709,#7712),#7750,.F.);
#7709 = FACE_BOUND('',#7710,.F.);
#7710 = EDGE_LOOP('',(#7711));
#7711 = ORIENTED_EDGE('',*,*,#3283,.F.);
#7712 = FACE_BOUND('',#7713,.F.);
#7713 = EDGE_LOOP('',(#7714,#7723,#7730,#7731,#7732,#7739,#7740,#7741,
    #7748,#7749));
#7714 = ORIENTED_EDGE('',*,*,#7715,.T.);
#7715 = EDGE_CURVE('',#6507,#7716,#7718,.T.);
#7716 = VERTEX_POINT('',#7717);
#7717 = CARTESIAN_POINT('',(-2.,93.5,-29.));
#7718 = CIRCLE('',#7719,2.);
#7719 = AXIS2_PLACEMENT_3D('',#7720,#7721,#7722);
#7720 = CARTESIAN_POINT('',(-4.,93.5,-29.));
#7721 = DIRECTION('',(-2.E-16,1.,-9.95799250103E-17));
#7722 = DIRECTION('',(1.,2.E-16,2.E-16));
#7723 = ORIENTED_EDGE('',*,*,#7724,.T.);
#7724 = EDGE_CURVE('',#7716,#6450,#7725,.T.);
#7725 = CIRCLE('',#7726,2.);
#7726 = AXIS2_PLACEMENT_3D('',#7727,#7728,#7729);
#7727 = CARTESIAN_POINT('',(-4.,93.5,-29.));
#7728 = DIRECTION('',(-2.E-16,1.,-9.95799250103E-17));
#7729 = DIRECTION('',(1.,2.E-16,2.E-16));
#7730 = ORIENTED_EDGE('',*,*,#6457,.T.);
#7731 = ORIENTED_EDGE('',*,*,#6401,.T.);
#7732 = ORIENTED_EDGE('',*,*,#7733,.T.);
#7733 = EDGE_CURVE('',#6402,#6338,#7734,.T.);
#7734 = CIRCLE('',#7735,2.);
#7735 = AXIS2_PLACEMENT_3D('',#7736,#7737,#7738);
#7736 = CARTESIAN_POINT('',(-4.,93.5,-29.));
#7737 = DIRECTION('',(-2.E-16,1.,-9.95799250103E-17));
#7738 = DIRECTION('',(1.,2.E-16,2.E-16));
#7739 = ORIENTED_EDGE('',*,*,#6345,.T.);
#7740 = ORIENTED_EDGE('',*,*,#6604,.T.);
#7741 = ORIENTED_EDGE('',*,*,#7742,.T.);
#7742 = EDGE_CURVE('',#6605,#6555,#7743,.T.);
#7743 = CIRCLE('',#7744,2.);
#7744 = AXIS2_PLACEMENT_3D('',#7745,#7746,#7747);
#7745 = CARTESIAN_POINT('',(-4.,93.5,-29.));
#7746 = DIRECTION('',(-2.E-16,1.,-9.95799250103E-17));
#7747 = DIRECTION('',(1.,2.E-16,2.E-16));
#7748 = ORIENTED_EDGE('',*,*,#6562,.T.);
#7749 = ORIENTED_EDGE('',*,*,#6506,.T.);
#7750 = PLANE('',#7751);
#7751 = AXIS2_PLACEMENT_3D('',#7752,#7753,#7754);
#7752 = CARTESIAN_POINT('',(-4.,93.5,-20.5));
#7753 = DIRECTION('',(8.767073673906E-16,-1.,2.260023679411E-16));
#7754 = DIRECTION('',(1.,8.767073673906E-16,2.E-16));
#7755 = ADVANCED_FACE('',(#7756,#7759),#7797,.F.);
#7756 = FACE_BOUND('',#7757,.F.);
#7757 = EDGE_LOOP('',(#7758));
#7758 = ORIENTED_EDGE('',*,*,#3308,.F.);
#7759 = FACE_BOUND('',#7760,.F.);
#7760 = EDGE_LOOP('',(#7761,#7770,#7777,#7778,#7779,#7786,#7787,#7788,
    #7795,#7796));
#7761 = ORIENTED_EDGE('',*,*,#7762,.T.);
#7762 = EDGE_CURVE('',#6192,#7763,#7765,.T.);
#7763 = VERTEX_POINT('',#7764);
#7764 = CARTESIAN_POINT('',(-2.,93.5,-12.));
#7765 = CIRCLE('',#7766,2.);
#7766 = AXIS2_PLACEMENT_3D('',#7767,#7768,#7769);
#7767 = CARTESIAN_POINT('',(-4.,93.5,-12.));
#7768 = DIRECTION('',(-2.E-16,1.,-9.95799250103E-17));
#7769 = DIRECTION('',(1.,2.E-16,2.E-16));
#7770 = ORIENTED_EDGE('',*,*,#7771,.T.);
#7771 = EDGE_CURVE('',#7763,#6135,#7772,.T.);
#7772 = CIRCLE('',#7773,2.);
#7773 = AXIS2_PLACEMENT_3D('',#7774,#7775,#7776);
#7774 = CARTESIAN_POINT('',(-4.,93.5,-12.));
#7775 = DIRECTION('',(-2.E-16,1.,-9.95799250103E-17));
#7776 = DIRECTION('',(1.,2.E-16,2.E-16));
#7777 = ORIENTED_EDGE('',*,*,#6142,.T.);
#7778 = ORIENTED_EDGE('',*,*,#6086,.T.);
#7779 = ORIENTED_EDGE('',*,*,#7780,.T.);
#7780 = EDGE_CURVE('',#6087,#6023,#7781,.T.);
#7781 = CIRCLE('',#7782,2.);
#7782 = AXIS2_PLACEMENT_3D('',#7783,#7784,#7785);
#7783 = CARTESIAN_POINT('',(-4.,93.5,-12.));
#7784 = DIRECTION('',(-2.E-16,1.,-9.95799250103E-17));
#7785 = DIRECTION('',(1.,2.E-16,2.E-16));
#7786 = ORIENTED_EDGE('',*,*,#6030,.T.);
#7787 = ORIENTED_EDGE('',*,*,#6289,.T.);
#7788 = ORIENTED_EDGE('',*,*,#7789,.T.);
#7789 = EDGE_CURVE('',#6290,#6240,#7790,.T.);
#7790 = CIRCLE('',#7791,2.);
#7791 = AXIS2_PLACEMENT_3D('',#7792,#7793,#7794);
#7792 = CARTESIAN_POINT('',(-4.,93.5,-12.));
#7793 = DIRECTION('',(-2.E-16,1.,-9.95799250103E-17));
#7794 = DIRECTION('',(1.,2.E-16,2.E-16));
#7795 = ORIENTED_EDGE('',*,*,#6247,.T.);
#7796 = ORIENTED_EDGE('',*,*,#6191,.T.);
#7797 = PLANE('',#7798);
#7798 = AXIS2_PLACEMENT_3D('',#7799,#7800,#7801);
#7799 = CARTESIAN_POINT('',(-4.,93.5,-20.5));
#7800 = DIRECTION('',(8.767073673906E-16,-1.,2.260023679411E-16));
#7801 = DIRECTION('',(1.,8.767073673906E-16,2.E-16));
#7802 = ADVANCED_FACE('',(#7803),#7822,.T.);
#7803 = FACE_BOUND('',#7804,.F.);
#7804 = EDGE_LOOP('',(#7805,#7813,#7820,#7821));
#7805 = ORIENTED_EDGE('',*,*,#7806,.F.);
#7806 = EDGE_CURVE('',#7807,#3326,#7809,.T.);
#7807 = VERTEX_POINT('',#7808);
#7808 = CARTESIAN_POINT('',(-83.060049,-57.971966,-40.29049809265));
#7809 = LINE('',#7810,#7811);
#7810 = CARTESIAN_POINT('',(-83.060049,-57.971966,-40.29049809265));
#7811 = VECTOR('',#7812,1.);
#7812 = DIRECTION('',(2.E-16,1.224646799147E-16,-1.));
#7813 = ORIENTED_EDGE('',*,*,#7814,.F.);
#7814 = EDGE_CURVE('',#7807,#7807,#7815,.T.);
#7815 = CIRCLE('',#7816,3.5);
#7816 = AXIS2_PLACEMENT_3D('',#7817,#7818,#7819);
#7817 = CARTESIAN_POINT('',(-86.560049,-57.971966,-40.29049809265));
#7818 = DIRECTION('',(2.E-16,1.224646799147E-16,-1.));
#7819 = DIRECTION('',(1.,2.E-16,2.E-16));
#7820 = ORIENTED_EDGE('',*,*,#7806,.T.);
#7821 = ORIENTED_EDGE('',*,*,#3335,.F.);
#7822 = CYLINDRICAL_SURFACE('',#7823,3.5);
#7823 = AXIS2_PLACEMENT_3D('',#7824,#7825,#7826);
#7824 = CARTESIAN_POINT('',(-86.560049,-57.971966,-40.29049809265));
#7825 = DIRECTION('',(-2.E-16,-1.224646799147E-16,1.));
#7826 = DIRECTION('',(1.,2.E-16,2.E-16));
#7827 = ADVANCED_FACE('',(#7828),#7839,.F.);
#7828 = FACE_BOUND('',#7829,.F.);
#7829 = EDGE_LOOP('',(#7830,#7831,#7837,#7838));
#7830 = ORIENTED_EDGE('',*,*,#3382,.F.);
#7831 = ORIENTED_EDGE('',*,*,#7832,.T.);
#7832 = EDGE_CURVE('',#3375,#4176,#7833,.T.);
#7833 = LINE('',#7834,#7835);
#7834 = CARTESIAN_POINT('',(-114.5,75.5,-47.));
#7835 = VECTOR('',#7836,1.);
#7836 = DIRECTION('',(-2.E-16,-1.224646799147E-16,1.));
#7837 = ORIENTED_EDGE('',*,*,#4185,.T.);
#7838 = ORIENTED_EDGE('',*,*,#5028,.T.);
#7839 = PLANE('',#7840);
#7840 = AXIS2_PLACEMENT_3D('',#7841,#7842,#7843);
#7841 = CARTESIAN_POINT('',(-114.5,68.5,-47.));
#7842 = DIRECTION('',(-1.,-2.E-16,-2.E-16));
#7843 = DIRECTION('',(-2.E-16,1.,1.224646799147E-16));
#7844 = ADVANCED_FACE('',(#7845),#7856,.T.);
#7845 = FACE_BOUND('',#7846,.F.);
#7846 = EDGE_LOOP('',(#7847,#7853,#7854,#7855));
#7847 = ORIENTED_EDGE('',*,*,#7848,.T.);
#7848 = EDGE_CURVE('',#3432,#4226,#7849,.T.);
#7849 = LINE('',#7850,#7851);
#7850 = CARTESIAN_POINT('',(-115.9142135623,72.085786437627,-47.));
#7851 = VECTOR('',#7852,1.);
#7852 = DIRECTION('',(-2.E-16,-1.224646799147E-16,1.));
#7853 = ORIENTED_EDGE('',*,*,#4233,.F.);
#7854 = ORIENTED_EDGE('',*,*,#7832,.F.);
#7855 = ORIENTED_EDGE('',*,*,#3439,.T.);
#7856 = PLANE('',#7857);
#7857 = AXIS2_PLACEMENT_3D('',#7858,#7859,#7860);
#7858 = CARTESIAN_POINT('',(-115.2071067811,73.792893218813,-47.));
#7859 = DIRECTION('',(0.923879532511,-0.382683432365,1.231155972117E-16)
  );
#7860 = DIRECTION('',(1.863311050899E-16,1.281265215692E-16,-1.));
#7861 = ADVANCED_FACE('',(#7862),#7873,.F.);
#7862 = FACE_BOUND('',#7863,.F.);
#7863 = EDGE_LOOP('',(#7864,#7865,#7871,#7872));
#7864 = ORIENTED_EDGE('',*,*,#3485,.F.);
#7865 = ORIENTED_EDGE('',*,*,#7866,.T.);
#7866 = EDGE_CURVE('',#3478,#4272,#7867,.T.);
#7867 = LINE('',#7868,#7869);
#7868 = CARTESIAN_POINT('',(-118.0857864376,69.914213562373,-47.));
#7869 = VECTOR('',#7870,1.);
#7870 = DIRECTION('',(-2.E-16,-1.224646799147E-16,1.));
#7871 = ORIENTED_EDGE('',*,*,#4281,.T.);
#7872 = ORIENTED_EDGE('',*,*,#7848,.F.);
#7873 = PLANE('',#7874);
#7874 = AXIS2_PLACEMENT_3D('',#7875,#7876,#7877);
#7875 = CARTESIAN_POINT('',(-117.,71.,-47.));
#7876 = DIRECTION('',(-0.707106781187,0.707106781187,-5.482575061376E-17
    ));
#7877 = DIRECTION('',(-2.E-16,-1.224646799147E-16,1.));
#7878 = ADVANCED_FACE('',(#7879),#7890,.F.);
#7879 = FACE_BOUND('',#7880,.F.);
#7880 = EDGE_LOOP('',(#7881,#7887,#7888,#7889));
#7881 = ORIENTED_EDGE('',*,*,#7882,.T.);
#7882 = EDGE_CURVE('',#3528,#4322,#7883,.T.);
#7883 = LINE('',#7884,#7885);
#7884 = CARTESIAN_POINT('',(-121.5,68.5,-47.));
#7885 = VECTOR('',#7886,1.);
#7886 = DIRECTION('',(-2.E-16,-1.224646799147E-16,1.));
#7887 = ORIENTED_EDGE('',*,*,#4329,.F.);
#7888 = ORIENTED_EDGE('',*,*,#7866,.F.);
#7889 = ORIENTED_EDGE('',*,*,#3535,.T.);
#7890 = PLANE('',#7891);
#7891 = AXIS2_PLACEMENT_3D('',#7892,#7893,#7894);
#7892 = CARTESIAN_POINT('',(-119.7928932188,69.207106781186,-47.));
#7893 = DIRECTION('',(-0.382683432365,0.923879532511,5.140102999309E-17)
  );
#7894 = DIRECTION('',(-1.943381583456E-16,-1.361335748249E-16,1.));
#7895 = ADVANCED_FACE('',(#7896),#7906,.T.);
#7896 = FACE_BOUND('',#7897,.T.);
#7897 = EDGE_LOOP('',(#7898,#7899,#7905));
#7898 = ORIENTED_EDGE('',*,*,#3549,.F.);
#7899 = ORIENTED_EDGE('',*,*,#7900,.T.);
#7900 = EDGE_CURVE('',#3550,#3752,#7901,.T.);
#7901 = LINE('',#7902,#7903);
#7902 = CARTESIAN_POINT('',(-128.,68.,-45.));
#7903 = VECTOR('',#7904,1.);
#7904 = DIRECTION('',(-0.707106781187,-0.707106781187,
    -2.824016588479E-15));
#7905 = ORIENTED_EDGE('',*,*,#3768,.F.);
#7906 = PLANE('',#7907);
#7907 = AXIS2_PLACEMENT_3D('',#7908,#7909,#7910);
#7908 = CARTESIAN_POINT('',(-127.5,68.5,-45.));
#7909 = DIRECTION('',(0.57735026919,-0.57735026919,0.57735026919));
#7910 = DIRECTION('',(-0.707106781187,-2.002613862452E-16,0.707106781187
    ));
#7911 = ADVANCED_FACE('',(#7912),#7923,.T.);
#7912 = FACE_BOUND('',#7913,.T.);
#7913 = EDGE_LOOP('',(#7914,#7915,#7916,#7917));
#7914 = ORIENTED_EDGE('',*,*,#3557,.T.);
#7915 = ORIENTED_EDGE('',*,*,#7882,.T.);
#7916 = ORIENTED_EDGE('',*,*,#4346,.F.);
#7917 = ORIENTED_EDGE('',*,*,#7918,.F.);
#7918 = EDGE_CURVE('',#3550,#4296,#7919,.T.);
#7919 = LINE('',#7920,#7921);
#7920 = CARTESIAN_POINT('',(-127.5,68.5,-47.));
#7921 = VECTOR('',#7922,1.);
#7922 = DIRECTION('',(-2.E-16,-1.224646799147E-16,1.));
#7923 = PLANE('',#7924);
#7924 = AXIS2_PLACEMENT_3D('',#7925,#7926,#7927);
#7925 = CARTESIAN_POINT('',(-123.5,68.5,-23.5));
#7926 = DIRECTION('',(2.E-16,-1.,-1.224646799147E-16));
#7927 = DIRECTION('',(2.E-16,1.224646799147E-16,-1.));
#7928 = ADVANCED_FACE('',(#7929),#7940,.F.);
#7929 = FACE_BOUND('',#7930,.F.);
#7930 = EDGE_LOOP('',(#7931,#7937,#7938,#7939));
#7931 = ORIENTED_EDGE('',*,*,#7932,.T.);
#7932 = EDGE_CURVE('',#4008,#3783,#7933,.T.);
#7933 = LINE('',#7934,#7935);
#7934 = CARTESIAN_POINT('',(-114.5,-89.,-1.248307443961E-14));
#7935 = VECTOR('',#7936,1.);
#7936 = DIRECTION('',(2.E-16,1.224646799147E-16,-1.));
#7937 = ORIENTED_EDGE('',*,*,#3782,.T.);
#7938 = ORIENTED_EDGE('',*,*,#3574,.F.);
#7939 = ORIENTED_EDGE('',*,*,#4017,.F.);
#7940 = PLANE('',#7941);
#7941 = AXIS2_PLACEMENT_3D('',#7942,#7943,#7944);
#7942 = CARTESIAN_POINT('',(-113.5,-90.,-1.240553911952E-14));
#7943 = DIRECTION('',(-0.707106781187,-0.707106781187,
    -2.280169618609E-16));
#7944 = DIRECTION('',(2.E-16,1.224646799147E-16,-1.));
#7945 = ADVANCED_FACE('',(#7946),#7972,.F.);
#7946 = FACE_BOUND('',#7947,.F.);
#7947 = EDGE_LOOP('',(#7948,#7956,#7965,#7971));
#7948 = ORIENTED_EDGE('',*,*,#7949,.T.);
#7949 = EDGE_CURVE('',#3594,#7950,#7952,.T.);
#7950 = VERTEX_POINT('',#7951);
#7951 = CARTESIAN_POINT('',(-5.512774695645,-93.,-29.39647218847));
#7952 = LINE('',#7953,#7954);
#7953 = CARTESIAN_POINT('',(-5.512774695645,-93.28,-29.39647218847));
#7954 = VECTOR('',#7955,1.);
#7955 = DIRECTION('',(-2.948876798795E-16,-1.,-3.714698827088E-16));
#7956 = ORIENTED_EDGE('',*,*,#7957,.F.);
#7957 = EDGE_CURVE('',#7958,#7950,#7960,.T.);
#7958 = VERTEX_POINT('',#7959);
#7959 = CARTESIAN_POINT('',(-4.453934599377,-93.,-27.48627386093));
#7960 = CIRCLE('',#7961,1.55);
#7961 = AXIS2_PLACEMENT_3D('',#7962,#7963,#7964);
#7962 = CARTESIAN_POINT('',(-4.021272942588,-93.,-28.97466355813));
#7963 = DIRECTION('',(-2.948876798795E-16,-1.,-3.714698827088E-16));
#7964 = DIRECTION('',(-0.51503807491,-1.665334536938E-16,0.857167300702)
  );
#7965 = ORIENTED_EDGE('',*,*,#7966,.F.);
#7966 = EDGE_CURVE('',#3592,#7958,#7967,.T.);
#7967 = LINE('',#7968,#7969);
#7968 = CARTESIAN_POINT('',(-4.453934599377,-93.28,-27.48627386093));
#7969 = VECTOR('',#7970,1.);
#7970 = DIRECTION('',(-2.948876798795E-16,-1.,-3.714698827088E-16));
#7971 = ORIENTED_EDGE('',*,*,#3591,.T.);
#7972 = CYLINDRICAL_SURFACE('',#7973,1.55);
#7973 = AXIS2_PLACEMENT_3D('',#7974,#7975,#7976);
#7974 = CARTESIAN_POINT('',(-4.021272942588,-93.28,-28.97466355813));
#7975 = DIRECTION('',(-2.948876798795E-16,-1.,-3.714698827088E-16));
#7976 = DIRECTION('',(-0.51503807491,-1.665334536938E-16,0.857167300702)
  );
#7977 = ADVANCED_FACE('',(#7978),#8012,.T.);
#7978 = FACE_BOUND('',#7979,.T.);
#7979 = EDGE_LOOP('',(#7980,#7990,#7998,#8004,#8005,#8006));
#7980 = ORIENTED_EDGE('',*,*,#7981,.F.);
#7981 = EDGE_CURVE('',#7982,#7984,#7986,.T.);
#7982 = VERTEX_POINT('',#7983);
#7983 = CARTESIAN_POINT('',(-4.189369298722,-93.28,-27.00898536703));
#7984 = VERTEX_POINT('',#7985);
#7985 = CARTESIAN_POINT('',(-4.059668348407,-93.28,-26.77499863074));
#7986 = LINE('',#7987,#7988);
#7987 = CARTESIAN_POINT('',(-5.907040946616,-93.28,-30.10774741866));
#7988 = VECTOR('',#7989,1.);
#7989 = DIRECTION('',(0.48480957585,-4.678592601733E-16,0.874619731749)
  );
#7990 = ORIENTED_EDGE('',*,*,#7991,.F.);
#7991 = EDGE_CURVE('',#7992,#7982,#7994,.T.);
#7992 = VERTEX_POINT('',#7993);
#7993 = CARTESIAN_POINT('',(-4.189369298722,-93.,-27.00898536703));
#7994 = LINE('',#7995,#7996);
#7995 = CARTESIAN_POINT('',(-4.189369298722,-93.5,-27.00898536703));
#7996 = VECTOR('',#7997,1.);
#7997 = DIRECTION('',(2.E-16,-1.,9.95799250103E-17));
#7998 = ORIENTED_EDGE('',*,*,#7999,.F.);
#7999 = EDGE_CURVE('',#7958,#7992,#8000,.T.);
#8000 = LINE('',#8001,#8002);
#8001 = CARTESIAN_POINT('',(-3.645967337364,-93.,-26.02866216107));
#8002 = VECTOR('',#8003,1.);
#8003 = DIRECTION('',(0.48480957585,-1.014811032571E-17,0.874619731749)
  );
#8004 = ORIENTED_EDGE('',*,*,#7966,.F.);
#8005 = ORIENTED_EDGE('',*,*,#3660,.F.);
#8006 = ORIENTED_EDGE('',*,*,#8007,.F.);
#8007 = EDGE_CURVE('',#7984,#3653,#8008,.T.);
#8008 = LINE('',#8009,#8010);
#8009 = CARTESIAN_POINT('',(-4.059668348407,-93.28,-26.77499863074));
#8010 = VECTOR('',#8011,1.);
#8011 = DIRECTION('',(2.948876798795E-16,1.,3.714698827088E-16));
#8012 = PLANE('',#8013);
#8013 = AXIS2_PLACEMENT_3D('',#8014,#8015,#8016);
#8014 = CARTESIAN_POINT('',(-5.907040946616,-93.28,-30.10774741866));
#8015 = DIRECTION('',(0.874619731749,-7.782242719513E-17,-0.48480957585)
  );
#8016 = DIRECTION('',(0.48480957585,-4.678592601733E-16,0.874619731749)
  );
#8017 = ADVANCED_FACE('',(#8018),#8052,.T.);
#8018 = FACE_BOUND('',#8019,.T.);
#8019 = EDGE_LOOP('',(#8020,#8028,#8029,#8030,#8038,#8046));
#8020 = ORIENTED_EDGE('',*,*,#8021,.F.);
#8021 = EDGE_CURVE('',#7984,#8022,#8024,.T.);
#8022 = VERTEX_POINT('',#8023);
#8023 = CARTESIAN_POINT('',(-3.92359667441,-93.28,-27.00145989986));
#8024 = LINE('',#8025,#8026);
#8025 = CARTESIAN_POINT('',(-4.059668348407,-93.28,-26.77499863074));
#8026 = VECTOR('',#8027,1.);
#8027 = DIRECTION('',(0.515038118421,1.665334311514E-16,-0.857167274558)
  );
#8028 = ORIENTED_EDGE('',*,*,#8007,.T.);
#8029 = ORIENTED_EDGE('',*,*,#3652,.F.);
#8030 = ORIENTED_EDGE('',*,*,#8031,.T.);
#8031 = EDGE_CURVE('',#3644,#8032,#8034,.T.);
#8032 = VERTEX_POINT('',#8033);
#8033 = CARTESIAN_POINT('',(-3.640819055464,-93.,-27.47208083503));
#8034 = LINE('',#8035,#8036);
#8035 = CARTESIAN_POINT('',(-3.640819055464,-93.28,-27.47208083503));
#8036 = VECTOR('',#8037,1.);
#8037 = DIRECTION('',(-2.948876798795E-16,-1.,-3.714698827088E-16));
#8038 = ORIENTED_EDGE('',*,*,#8039,.F.);
#8039 = EDGE_CURVE('',#8040,#8032,#8042,.T.);
#8040 = VERTEX_POINT('',#8041);
#8041 = CARTESIAN_POINT('',(-3.923596674411,-93.,-27.00145989986));
#8042 = LINE('',#8043,#8044);
#8043 = CARTESIAN_POINT('',(-5.436878216984,-93.,-24.48293676712));
#8044 = VECTOR('',#8045,1.);
#8045 = DIRECTION('',(0.515038118421,2.079803395963E-16,-0.857167274558)
  );
#8046 = ORIENTED_EDGE('',*,*,#8047,.T.);
#8047 = EDGE_CURVE('',#8040,#8022,#8048,.T.);
#8048 = LINE('',#8049,#8050);
#8049 = CARTESIAN_POINT('',(-3.923596674411,-93.5,-27.00145989986));
#8050 = VECTOR('',#8051,1.);
#8051 = DIRECTION('',(2.E-16,-1.,9.95799250103E-17));
#8052 = PLANE('',#8053);
#8053 = AXIS2_PLACEMENT_3D('',#8054,#8055,#8056);
#8054 = CARTESIAN_POINT('',(-4.059668348407,-93.28,-26.77499863074));
#8055 = DIRECTION('',(-0.857167274558,4.440892183035E-16,-0.515038118421
    ));
#8056 = DIRECTION('',(0.515038118421,1.665334311514E-16,-0.857167274558)
  );
#8057 = ADVANCED_FACE('',(#8058),#8077,.F.);
#8058 = FACE_BOUND('',#8059,.F.);
#8059 = EDGE_LOOP('',(#8060,#8068,#8069,#8070));
#8060 = ORIENTED_EDGE('',*,*,#8061,.F.);
#8061 = EDGE_CURVE('',#3636,#8062,#8064,.T.);
#8062 = VERTEX_POINT('',#8063);
#8063 = CARTESIAN_POINT('',(-2.515958825683,-93.,-29.34416242071));
#8064 = LINE('',#8065,#8066);
#8065 = CARTESIAN_POINT('',(-2.515958825683,-93.28,-29.34416242071));
#8066 = VECTOR('',#8067,1.);
#8067 = DIRECTION('',(-2.948876798795E-16,-1.,-3.714698827088E-16));
#8068 = ORIENTED_EDGE('',*,*,#3643,.T.);
#8069 = ORIENTED_EDGE('',*,*,#8031,.T.);
#8070 = ORIENTED_EDGE('',*,*,#8071,.F.);
#8071 = EDGE_CURVE('',#8062,#8032,#8072,.T.);
#8072 = CIRCLE('',#8073,1.55);
#8073 = AXIS2_PLACEMENT_3D('',#8074,#8075,#8076);
#8074 = CARTESIAN_POINT('',(-4.021272942588,-93.,-28.97466355813));
#8075 = DIRECTION('',(-2.948876798795E-16,-1.,-3.714698827088E-16));
#8076 = DIRECTION('',(-0.51503807491,-1.665334536938E-16,0.857167300702)
  );
#8077 = CYLINDRICAL_SURFACE('',#8078,1.55);
#8078 = AXIS2_PLACEMENT_3D('',#8079,#8080,#8081);
#8079 = CARTESIAN_POINT('',(-4.021272942588,-93.28,-28.97466355813));
#8080 = DIRECTION('',(-2.948876798795E-16,-1.,-3.714698827088E-16));
#8081 = DIRECTION('',(-0.51503807491,-1.665334536938E-16,0.857167300702)
  );
#8082 = ADVANCED_FACE('',(#8083),#8117,.T.);
#8083 = FACE_BOUND('',#8084,.T.);
#8084 = EDGE_LOOP('',(#8085,#8095,#8103,#8109,#8110,#8111));
#8085 = ORIENTED_EDGE('',*,*,#8086,.F.);
#8086 = EDGE_CURVE('',#8087,#8089,#8091,.T.);
#8087 = VERTEX_POINT('',#8088);
#8088 = CARTESIAN_POINT('',(-2.199524552284,-93.28,-29.87079742889));
#8089 = VERTEX_POINT('',#8090);
#8090 = CARTESIAN_POINT('',(-2.09710953274,-93.28,-30.041244625));
#8091 = LINE('',#8092,#8093);
#8092 = CARTESIAN_POINT('',(-4.059668348407,-93.28,-26.77499863074));
#8093 = VECTOR('',#8094,1.);
#8094 = DIRECTION('',(0.515038118421,1.665334311514E-16,-0.857167274558)
  );
#8095 = ORIENTED_EDGE('',*,*,#8096,.F.);
#8096 = EDGE_CURVE('',#8097,#8087,#8099,.T.);
#8097 = VERTEX_POINT('',#8098);
#8098 = CARTESIAN_POINT('',(-2.199524552284,-93.,-29.87079742889));
#8099 = LINE('',#8100,#8101);
#8100 = CARTESIAN_POINT('',(-2.199524552284,-93.5,-29.87079742889));
#8101 = VECTOR('',#8102,1.);
#8102 = DIRECTION('',(2.E-16,-1.,9.95799250103E-17));
#8103 = ORIENTED_EDGE('',*,*,#8104,.F.);
#8104 = EDGE_CURVE('',#8062,#8097,#8105,.T.);
#8105 = LINE('',#8106,#8107);
#8106 = CARTESIAN_POINT('',(-5.436878216984,-93.,-24.48293676712));
#8107 = VECTOR('',#8108,1.);
#8108 = DIRECTION('',(0.515038118421,2.079803395963E-16,-0.857167274558)
  );
#8109 = ORIENTED_EDGE('',*,*,#8061,.F.);
#8110 = ORIENTED_EDGE('',*,*,#3635,.F.);
#8111 = ORIENTED_EDGE('',*,*,#8112,.F.);
#8112 = EDGE_CURVE('',#8089,#3628,#8113,.T.);
#8113 = LINE('',#8114,#8115);
#8114 = CARTESIAN_POINT('',(-2.09710953274,-93.28,-30.041244625));
#8115 = VECTOR('',#8116,1.);
#8116 = DIRECTION('',(2.948876798795E-16,1.,3.714698827088E-16));
#8117 = PLANE('',#8118);
#8118 = AXIS2_PLACEMENT_3D('',#8119,#8120,#8121);
#8119 = CARTESIAN_POINT('',(-4.059668348407,-93.28,-26.77499863074));
#8120 = DIRECTION('',(-0.857167274558,4.440892183035E-16,-0.515038118421
    ));
#8121 = DIRECTION('',(0.515038118421,1.665334311514E-16,-0.857167274558)
  );
#8122 = ADVANCED_FACE('',(#8123),#8157,.T.);
#8123 = FACE_BOUND('',#8124,.T.);
#8124 = EDGE_LOOP('',(#8125,#8133,#8134,#8135,#8143,#8151));
#8125 = ORIENTED_EDGE('',*,*,#8126,.F.);
#8126 = EDGE_CURVE('',#8089,#8127,#8129,.T.);
#8127 = VERTEX_POINT('',#8128);
#8128 = CARTESIAN_POINT('',(-2.29453190158,-93.28,-30.0446906553));
#8129 = LINE('',#8130,#8131);
#8130 = CARTESIAN_POINT('',(-2.09710953274,-93.28,-30.041244625));
#8131 = VECTOR('',#8132,1.);
#8132 = DIRECTION('',(-0.99984769427,3.013258290218E-16,
    -1.745245719031E-02));
#8133 = ORIENTED_EDGE('',*,*,#8112,.T.);
#8134 = ORIENTED_EDGE('',*,*,#3627,.F.);
#8135 = ORIENTED_EDGE('',*,*,#8136,.T.);
#8136 = EDGE_CURVE('',#3619,#8137,#8139,.T.);
#8137 = VERTEX_POINT('',#8138);
#8138 = CARTESIAN_POINT('',(-2.910225076653,-93.,-30.0554376509));
#8139 = LINE('',#8140,#8141);
#8140 = CARTESIAN_POINT('',(-2.910225076653,-93.28,-30.0554376509));
#8141 = VECTOR('',#8142,1.);
#8142 = DIRECTION('',(-2.948876798795E-16,-1.,-3.714698827088E-16));
#8143 = ORIENTED_EDGE('',*,*,#8144,.F.);
#8144 = EDGE_CURVE('',#8145,#8137,#8147,.T.);
#8145 = VERTEX_POINT('',#8146);
#8146 = CARTESIAN_POINT('',(-2.29453190158,-93.,-30.0446906553));
#8147 = LINE('',#8148,#8149);
#8148 = CARTESIAN_POINT('',(-2.965018566475,-93.,-30.05639407761));
#8149 = VECTOR('',#8150,1.);
#8150 = DIRECTION('',(-0.99984769427,-1.978322292706E-16,
    -1.745245719031E-02));
#8151 = ORIENTED_EDGE('',*,*,#8152,.T.);
#8152 = EDGE_CURVE('',#8145,#8127,#8153,.T.);
#8153 = LINE('',#8154,#8155);
#8154 = CARTESIAN_POINT('',(-2.29453190158,-93.5,-30.0446906553));
#8155 = VECTOR('',#8156,1.);
#8156 = DIRECTION('',(2.E-16,-1.,9.95799250103E-17));
#8157 = PLANE('',#8158);
#8158 = AXIS2_PLACEMENT_3D('',#8159,#8160,#8161);
#8159 = CARTESIAN_POINT('',(-2.09710953274,-93.28,-30.041244625));
#8160 = DIRECTION('',(-1.745245719031E-02,-3.662667911083E-16,
    0.99984769427));
#8161 = DIRECTION('',(-0.99984769427,3.013258290218E-16,
    -1.745245719031E-02));
#8162 = ADVANCED_FACE('',(#8163),#8182,.F.);
#8163 = FACE_BOUND('',#8164,.F.);
#8164 = EDGE_LOOP('',(#8165,#8166,#8167,#8176));
#8165 = ORIENTED_EDGE('',*,*,#3618,.T.);
#8166 = ORIENTED_EDGE('',*,*,#8136,.T.);
#8167 = ORIENTED_EDGE('',*,*,#8168,.F.);
#8168 = EDGE_CURVE('',#8169,#8137,#8171,.T.);
#8169 = VERTEX_POINT('',#8170);
#8170 = CARTESIAN_POINT('',(-5.093925402702,-93.,-30.09355439276));
#8171 = CIRCLE('',#8172,1.55);
#8172 = AXIS2_PLACEMENT_3D('',#8173,#8174,#8175);
#8173 = CARTESIAN_POINT('',(-4.021272942588,-93.,-28.97466355813));
#8174 = DIRECTION('',(-2.948876798795E-16,-1.,-3.714698827088E-16));
#8175 = DIRECTION('',(-0.51503807491,-1.665334536938E-16,0.857167300702)
  );
#8176 = ORIENTED_EDGE('',*,*,#8177,.F.);
#8177 = EDGE_CURVE('',#3611,#8169,#8178,.T.);
#8178 = LINE('',#8179,#8180);
#8179 = CARTESIAN_POINT('',(-5.093925402702,-93.28,-30.09355439276));
#8180 = VECTOR('',#8181,1.);
#8181 = DIRECTION('',(-2.948876798795E-16,-1.,-3.714698827088E-16));
#8182 = CYLINDRICAL_SURFACE('',#8183,1.55);
#8183 = AXIS2_PLACEMENT_3D('',#8184,#8185,#8186);
#8184 = CARTESIAN_POINT('',(-4.021272942588,-93.28,-28.97466355813));
#8185 = DIRECTION('',(-2.948876798795E-16,-1.,-3.714698827088E-16));
#8186 = DIRECTION('',(-0.51503807491,-1.665334536938E-16,0.857167300702)
  );
#8187 = ADVANCED_FACE('',(#8188),#8222,.T.);
#8188 = FACE_BOUND('',#8189,.T.);
#8189 = EDGE_LOOP('',(#8190,#8200,#8208,#8214,#8215,#8216));
#8190 = ORIENTED_EDGE('',*,*,#8191,.F.);
#8191 = EDGE_CURVE('',#8192,#8194,#8196,.T.);
#8192 = VERTEX_POINT('',#8193);
#8193 = CARTESIAN_POINT('',(-5.667969883219,-93.28,-30.10357440559));
#8194 = VERTEX_POINT('',#8195);
#8195 = CARTESIAN_POINT('',(-5.907040946616,-93.28,-30.10774741866));
#8196 = LINE('',#8197,#8198);
#8197 = CARTESIAN_POINT('',(-2.09710953274,-93.28,-30.041244625));
#8198 = VECTOR('',#8199,1.);
#8199 = DIRECTION('',(-0.99984769427,3.013258290218E-16,
    -1.745245719031E-02));
#8200 = ORIENTED_EDGE('',*,*,#8201,.F.);
#8201 = EDGE_CURVE('',#8202,#8192,#8204,.T.);
#8202 = VERTEX_POINT('',#8203);
#8203 = CARTESIAN_POINT('',(-5.667969883219,-93.,-30.10357440559));
#8204 = LINE('',#8205,#8206);
#8205 = CARTESIAN_POINT('',(-5.667969883219,-93.5,-30.10357440559));
#8206 = VECTOR('',#8207,1.);
#8207 = DIRECTION('',(2.E-16,-1.,9.95799250103E-17));
#8208 = ORIENTED_EDGE('',*,*,#8209,.F.);
#8209 = EDGE_CURVE('',#8169,#8202,#8210,.T.);
#8210 = LINE('',#8211,#8212);
#8211 = CARTESIAN_POINT('',(-2.965018566475,-93.,-30.05639407761));
#8212 = VECTOR('',#8213,1.);
#8213 = DIRECTION('',(-0.99984769427,-1.978322292706E-16,
    -1.745245719031E-02));
#8214 = ORIENTED_EDGE('',*,*,#8177,.F.);
#8215 = ORIENTED_EDGE('',*,*,#3610,.F.);
#8216 = ORIENTED_EDGE('',*,*,#8217,.F.);
#8217 = EDGE_CURVE('',#8194,#3603,#8218,.T.);
#8218 = LINE('',#8219,#8220);
#8219 = CARTESIAN_POINT('',(-5.907040946616,-93.28,-30.10774741866));
#8220 = VECTOR('',#8221,1.);
#8221 = DIRECTION('',(2.948876798795E-16,1.,3.714698827088E-16));
#8222 = PLANE('',#8223);
#8223 = AXIS2_PLACEMENT_3D('',#8224,#8225,#8226);
#8224 = CARTESIAN_POINT('',(-2.09710953274,-93.28,-30.041244625));
#8225 = DIRECTION('',(-1.745245719031E-02,-3.662667911083E-16,
    0.99984769427));
#8226 = DIRECTION('',(-0.99984769427,3.013258290218E-16,
    -1.745245719031E-02));
#8227 = ADVANCED_FACE('',(#8228),#8255,.T.);
#8228 = FACE_BOUND('',#8229,.T.);
#8229 = EDGE_LOOP('',(#8230,#8238,#8239,#8240,#8241,#8249));
#8230 = ORIENTED_EDGE('',*,*,#8231,.F.);
#8231 = EDGE_CURVE('',#8194,#8232,#8234,.T.);
#8232 = VERTEX_POINT('',#8233);
#8233 = CARTESIAN_POINT('',(-5.788826517548,-93.28,-29.89448291773));
#8234 = LINE('',#8235,#8236);
#8235 = CARTESIAN_POINT('',(-5.907040946616,-93.28,-30.10774741866));
#8236 = VECTOR('',#8237,1.);
#8237 = DIRECTION('',(0.48480957585,-4.678592601733E-16,0.874619731749)
  );
#8238 = ORIENTED_EDGE('',*,*,#8217,.T.);
#8239 = ORIENTED_EDGE('',*,*,#3602,.F.);
#8240 = ORIENTED_EDGE('',*,*,#7949,.T.);
#8241 = ORIENTED_EDGE('',*,*,#8242,.F.);
#8242 = EDGE_CURVE('',#8243,#7950,#8245,.T.);
#8243 = VERTEX_POINT('',#8244);
#8244 = CARTESIAN_POINT('',(-5.788826517548,-93.,-29.89448291773));
#8245 = LINE('',#8246,#8247);
#8246 = CARTESIAN_POINT('',(-3.645967337364,-93.,-26.02866216107));
#8247 = VECTOR('',#8248,1.);
#8248 = DIRECTION('',(0.48480957585,-1.014811032571E-17,0.874619731749)
  );
#8249 = ORIENTED_EDGE('',*,*,#8250,.T.);
#8250 = EDGE_CURVE('',#8243,#8232,#8251,.T.);
#8251 = LINE('',#8252,#8253);
#8252 = CARTESIAN_POINT('',(-5.788826517548,-93.5,-29.89448291773));
#8253 = VECTOR('',#8254,1.);
#8254 = DIRECTION('',(2.E-16,-1.,9.95799250103E-17));
#8255 = PLANE('',#8256);
#8256 = AXIS2_PLACEMENT_3D('',#8257,#8258,#8259);
#8257 = CARTESIAN_POINT('',(-5.907040946616,-93.28,-30.10774741866));
#8258 = DIRECTION('',(0.874619731749,-7.782242719513E-17,-0.48480957585)
  );
#8259 = DIRECTION('',(0.48480957585,-4.678592601733E-16,0.874619731749)
  );
#8260 = ADVANCED_FACE('',(#8261),#8287,.F.);
#8261 = FACE_BOUND('',#8262,.F.);
#8262 = EDGE_LOOP('',(#8263,#8271,#8280,#8286));
#8263 = ORIENTED_EDGE('',*,*,#8264,.T.);
#8264 = EDGE_CURVE('',#3671,#8265,#8267,.T.);
#8265 = VERTEX_POINT('',#8266);
#8266 = CARTESIAN_POINT('',(-5.502906627461,-93.,-12.46269226132));
#8267 = LINE('',#8268,#8269);
#8268 = CARTESIAN_POINT('',(-5.502906627461,-93.28,-12.46269226132));
#8269 = VECTOR('',#8270,1.);
#8270 = DIRECTION('',(-2.948876798795E-16,-1.,-3.714698827088E-16));
#8271 = ORIENTED_EDGE('',*,*,#8272,.F.);
#8272 = EDGE_CURVE('',#8273,#8265,#8275,.T.);
#8273 = VERTEX_POINT('',#8274);
#8274 = CARTESIAN_POINT('',(-4.444066531192,-93.,-10.55249393378));
#8275 = CIRCLE('',#8276,1.55);
#8276 = AXIS2_PLACEMENT_3D('',#8277,#8278,#8279);
#8277 = CARTESIAN_POINT('',(-4.011404874403,-93.,-12.04088363098));
#8278 = DIRECTION('',(-2.948876798795E-16,-1.,-3.714698827088E-16));
#8279 = DIRECTION('',(-0.51503807491,-1.665334536938E-16,0.857167300702)
  );
#8280 = ORIENTED_EDGE('',*,*,#8281,.F.);
#8281 = EDGE_CURVE('',#3669,#8273,#8282,.T.);
#8282 = LINE('',#8283,#8284);
#8283 = CARTESIAN_POINT('',(-4.444066531192,-93.28,-10.55249393378));
#8284 = VECTOR('',#8285,1.);
#8285 = DIRECTION('',(-2.948876798795E-16,-1.,-3.714698827088E-16));
#8286 = ORIENTED_EDGE('',*,*,#3668,.T.);
#8287 = CYLINDRICAL_SURFACE('',#8288,1.55);
#8288 = AXIS2_PLACEMENT_3D('',#8289,#8290,#8291);
#8289 = CARTESIAN_POINT('',(-4.011404874403,-93.28,-12.04088363098));
#8290 = DIRECTION('',(-2.948876798795E-16,-1.,-3.714698827088E-16));
#8291 = DIRECTION('',(-0.51503807491,-1.665334536938E-16,0.857167300702)
  );
#8292 = ADVANCED_FACE('',(#8293),#8327,.T.);
#8293 = FACE_BOUND('',#8294,.T.);
#8294 = EDGE_LOOP('',(#8295,#8305,#8313,#8319,#8320,#8321));
#8295 = ORIENTED_EDGE('',*,*,#8296,.F.);
#8296 = EDGE_CURVE('',#8297,#8299,#8301,.T.);
#8297 = VERTEX_POINT('',#8298);
#8298 = CARTESIAN_POINT('',(-4.140555270347,-93.28,-10.0049450594));
#8299 = VERTEX_POINT('',#8300);
#8300 = CARTESIAN_POINT('',(-4.049800280223,-93.28,-9.841218703592));
#8301 = LINE('',#8302,#8303);
#8302 = CARTESIAN_POINT('',(-5.897172878431,-93.28,-13.17396749151));
#8303 = VECTOR('',#8304,1.);
#8304 = DIRECTION('',(0.48480957585,-4.678592601733E-16,0.874619731749)
  );
#8305 = ORIENTED_EDGE('',*,*,#8306,.F.);
#8306 = EDGE_CURVE('',#8307,#8297,#8309,.T.);
#8307 = VERTEX_POINT('',#8308);
#8308 = CARTESIAN_POINT('',(-4.140555270347,-93.,-10.0049450594));
#8309 = LINE('',#8310,#8311);
#8310 = CARTESIAN_POINT('',(-4.140555270347,-93.5,-10.0049450594));
#8311 = VECTOR('',#8312,1.);
#8312 = DIRECTION('',(2.E-16,-1.,9.95799250103E-17));
#8313 = ORIENTED_EDGE('',*,*,#8314,.F.);
#8314 = EDGE_CURVE('',#8273,#8307,#8315,.T.);
#8315 = LINE('',#8316,#8317);
#8316 = CARTESIAN_POINT('',(-7.227423695392,-93.,-15.57380377908));
#8317 = VECTOR('',#8318,1.);
#8318 = DIRECTION('',(0.48480957585,-1.014811032571E-17,0.874619731749)
  );
#8319 = ORIENTED_EDGE('',*,*,#8281,.F.);
#8320 = ORIENTED_EDGE('',*,*,#3737,.F.);
#8321 = ORIENTED_EDGE('',*,*,#8322,.F.);
#8322 = EDGE_CURVE('',#8299,#3730,#8323,.T.);
#8323 = LINE('',#8324,#8325);
#8324 = CARTESIAN_POINT('',(-4.049800280223,-93.28,-9.841218703592));
#8325 = VECTOR('',#8326,1.);
#8326 = DIRECTION('',(2.948876798795E-16,1.,3.714698827088E-16));
#8327 = PLANE('',#8328);
#8328 = AXIS2_PLACEMENT_3D('',#8329,#8330,#8331);
#8329 = CARTESIAN_POINT('',(-5.897172878431,-93.28,-13.17396749151));
#8330 = DIRECTION('',(0.874619731749,-7.782242719513E-17,-0.48480957585)
  );
#8331 = DIRECTION('',(0.48480957585,-4.678592601733E-16,0.874619731749)
  );
#8332 = ADVANCED_FACE('',(#8333),#8367,.T.);
#8333 = FACE_BOUND('',#8334,.T.);
#8334 = EDGE_LOOP('',(#8335,#8343,#8344,#8345,#8353,#8361));
#8335 = ORIENTED_EDGE('',*,*,#8336,.F.);
#8336 = EDGE_CURVE('',#8299,#8337,#8339,.T.);
#8337 = VERTEX_POINT('',#8338);
#8338 = CARTESIAN_POINT('',(-3.954078021462,-93.28,-10.00052727653));
#8339 = LINE('',#8340,#8341);
#8340 = CARTESIAN_POINT('',(-4.049800280223,-93.28,-9.841218703592));
#8341 = VECTOR('',#8342,1.);
#8342 = DIRECTION('',(0.515038118421,1.665334311514E-16,-0.857167274558)
  );
#8343 = ORIENTED_EDGE('',*,*,#8322,.T.);
#8344 = ORIENTED_EDGE('',*,*,#3729,.F.);
#8345 = ORIENTED_EDGE('',*,*,#8346,.T.);
#8346 = EDGE_CURVE('',#3721,#8347,#8349,.T.);
#8347 = VERTEX_POINT('',#8348);
#8348 = CARTESIAN_POINT('',(-3.63095098728,-93.,-10.53830090788));
#8349 = LINE('',#8350,#8351);
#8350 = CARTESIAN_POINT('',(-3.63095098728,-93.28,-10.53830090788));
#8351 = VECTOR('',#8352,1.);
#8352 = DIRECTION('',(-2.948876798795E-16,-1.,-3.714698827088E-16));
#8353 = ORIENTED_EDGE('',*,*,#8354,.F.);
#8354 = EDGE_CURVE('',#8355,#8347,#8357,.T.);
#8355 = VERTEX_POINT('',#8356);
#8356 = CARTESIAN_POINT('',(-3.954078021462,-93.,-10.00052727653));
#8357 = LINE('',#8358,#8359);
#8358 = CARTESIAN_POINT('',(-1.690408713775,-93.,-13.76790522696));
#8359 = VECTOR('',#8360,1.);
#8360 = DIRECTION('',(0.515038118421,2.079803395963E-16,-0.857167274558)
  );
#8361 = ORIENTED_EDGE('',*,*,#8362,.T.);
#8362 = EDGE_CURVE('',#8355,#8337,#8363,.T.);
#8363 = LINE('',#8364,#8365);
#8364 = CARTESIAN_POINT('',(-3.954078021462,-93.5,-10.00052727653));
#8365 = VECTOR('',#8366,1.);
#8366 = DIRECTION('',(2.E-16,-1.,9.95799250103E-17));
#8367 = PLANE('',#8368);
#8368 = AXIS2_PLACEMENT_3D('',#8369,#8370,#8371);
#8369 = CARTESIAN_POINT('',(-4.049800280223,-93.28,-9.841218703592));
#8370 = DIRECTION('',(-0.857167274558,4.440892183035E-16,-0.515038118421
    ));
#8371 = DIRECTION('',(0.515038118421,1.665334311514E-16,-0.857167274558)
  );
#8372 = ADVANCED_FACE('',(#8373),#8392,.F.);
#8373 = FACE_BOUND('',#8374,.F.);
#8374 = EDGE_LOOP('',(#8375,#8383,#8384,#8385));
#8375 = ORIENTED_EDGE('',*,*,#8376,.F.);
#8376 = EDGE_CURVE('',#3713,#8377,#8379,.T.);
#8377 = VERTEX_POINT('',#8378);
#8378 = CARTESIAN_POINT('',(-2.506090757498,-93.,-12.41038249356));
#8379 = LINE('',#8380,#8381);
#8380 = CARTESIAN_POINT('',(-2.506090757498,-93.28,-12.41038249356));
#8381 = VECTOR('',#8382,1.);
#8382 = DIRECTION('',(-2.948876798795E-16,-1.,-3.714698827088E-16));
#8383 = ORIENTED_EDGE('',*,*,#3720,.T.);
#8384 = ORIENTED_EDGE('',*,*,#8346,.T.);
#8385 = ORIENTED_EDGE('',*,*,#8386,.F.);
#8386 = EDGE_CURVE('',#8377,#8347,#8387,.T.);
#8387 = CIRCLE('',#8388,1.55);
#8388 = AXIS2_PLACEMENT_3D('',#8389,#8390,#8391);
#8389 = CARTESIAN_POINT('',(-4.011404874403,-93.,-12.04088363098));
#8390 = DIRECTION('',(-2.948876798795E-16,-1.,-3.714698827088E-16));
#8391 = DIRECTION('',(-0.51503807491,-1.665334536938E-16,0.857167300702)
  );
#8392 = CYLINDRICAL_SURFACE('',#8393,1.55);
#8393 = AXIS2_PLACEMENT_3D('',#8394,#8395,#8396);
#8394 = CARTESIAN_POINT('',(-4.011404874403,-93.28,-12.04088363098));
#8395 = DIRECTION('',(-2.948876798795E-16,-1.,-3.714698827088E-16));
#8396 = DIRECTION('',(-0.51503807491,-1.665334536938E-16,0.857167300702)
  );
#8397 = ADVANCED_FACE('',(#8398),#8432,.T.);
#8398 = FACE_BOUND('',#8399,.T.);
#8399 = EDGE_LOOP('',(#8400,#8410,#8418,#8424,#8425,#8426));
#8400 = ORIENTED_EDGE('',*,*,#8401,.F.);
#8401 = EDGE_CURVE('',#8402,#8404,#8406,.T.);
#8402 = VERTEX_POINT('',#8403);
#8403 = CARTESIAN_POINT('',(-2.213011217616,-93.28,-12.8981487024));
#8404 = VERTEX_POINT('',#8405);
#8405 = CARTESIAN_POINT('',(-2.087241464555,-93.28,-13.10746469785));
#8406 = LINE('',#8407,#8408);
#8407 = CARTESIAN_POINT('',(-4.049800280223,-93.28,-9.841218703592));
#8408 = VECTOR('',#8409,1.);
#8409 = DIRECTION('',(0.515038118421,1.665334311514E-16,-0.857167274558)
  );
#8410 = ORIENTED_EDGE('',*,*,#8411,.F.);
#8411 = EDGE_CURVE('',#8412,#8402,#8414,.T.);
#8412 = VERTEX_POINT('',#8413);
#8413 = CARTESIAN_POINT('',(-2.213011217616,-93.,-12.8981487024));
#8414 = LINE('',#8415,#8416);
#8415 = CARTESIAN_POINT('',(-2.213011217616,-93.5,-12.8981487024));
#8416 = VECTOR('',#8417,1.);
#8417 = DIRECTION('',(2.E-16,-1.,9.95799250103E-17));
#8418 = ORIENTED_EDGE('',*,*,#8419,.F.);
#8419 = EDGE_CURVE('',#8377,#8412,#8420,.T.);
#8420 = LINE('',#8421,#8422);
#8421 = CARTESIAN_POINT('',(-1.690408713775,-93.,-13.76790522696));
#8422 = VECTOR('',#8423,1.);
#8423 = DIRECTION('',(0.515038118421,2.079803395963E-16,-0.857167274558)
  );
#8424 = ORIENTED_EDGE('',*,*,#8376,.F.);
#8425 = ORIENTED_EDGE('',*,*,#3712,.F.);
#8426 = ORIENTED_EDGE('',*,*,#8427,.F.);
#8427 = EDGE_CURVE('',#8404,#3705,#8428,.T.);
#8428 = LINE('',#8429,#8430);
#8429 = CARTESIAN_POINT('',(-2.087241464555,-93.28,-13.10746469785));
#8430 = VECTOR('',#8431,1.);
#8431 = DIRECTION('',(2.948876798795E-16,1.,3.714698827088E-16));
#8432 = PLANE('',#8433);
#8433 = AXIS2_PLACEMENT_3D('',#8434,#8435,#8436);
#8434 = CARTESIAN_POINT('',(-4.049800280223,-93.28,-9.841218703592));
#8435 = DIRECTION('',(-0.857167274558,4.440892183035E-16,-0.515038118421
    ));
#8436 = DIRECTION('',(0.515038118421,1.665334311514E-16,-0.857167274558)
  );
#8437 = ADVANCED_FACE('',(#8438),#8472,.T.);
#8438 = FACE_BOUND('',#8439,.T.);
#8439 = EDGE_LOOP('',(#8440,#8448,#8449,#8450,#8458,#8466));
#8440 = ORIENTED_EDGE('',*,*,#8441,.F.);
#8441 = EDGE_CURVE('',#8404,#8442,#8444,.T.);
#8442 = VERTEX_POINT('',#8443);
#8443 = CARTESIAN_POINT('',(-2.337523993539,-93.28,-13.11183340835));
#8444 = LINE('',#8445,#8446);
#8445 = CARTESIAN_POINT('',(-2.087241464555,-93.28,-13.10746469785));
#8446 = VECTOR('',#8447,1.);
#8447 = DIRECTION('',(-0.99984769427,3.013258290218E-16,
    -1.745245719031E-02));
#8448 = ORIENTED_EDGE('',*,*,#8427,.T.);
#8449 = ORIENTED_EDGE('',*,*,#3704,.F.);
#8450 = ORIENTED_EDGE('',*,*,#8451,.T.);
#8451 = EDGE_CURVE('',#3696,#8452,#8454,.T.);
#8452 = VERTEX_POINT('',#8453);
#8453 = CARTESIAN_POINT('',(-2.900357008469,-93.,-13.12165772375));
#8454 = LINE('',#8455,#8456);
#8455 = CARTESIAN_POINT('',(-2.900357008469,-93.28,-13.12165772375));
#8456 = VECTOR('',#8457,1.);
#8457 = DIRECTION('',(-2.948876798795E-16,-1.,-3.714698827088E-16));
#8458 = ORIENTED_EDGE('',*,*,#8459,.F.);
#8459 = EDGE_CURVE('',#8460,#8452,#8462,.T.);
#8460 = VERTEX_POINT('',#8461);
#8461 = CARTESIAN_POINT('',(-2.337523993539,-93.,-13.11183340835));
#8462 = LINE('',#8463,#8464);
#8463 = CARTESIAN_POINT('',(-3.10782855824,-93.,-13.12527916366));
#8464 = VECTOR('',#8465,1.);
#8465 = DIRECTION('',(-0.99984769427,-1.978322292706E-16,
    -1.745245719031E-02));
#8466 = ORIENTED_EDGE('',*,*,#8467,.T.);
#8467 = EDGE_CURVE('',#8460,#8442,#8468,.T.);
#8468 = LINE('',#8469,#8470);
#8469 = CARTESIAN_POINT('',(-2.337523993539,-93.5,-13.11183340835));
#8470 = VECTOR('',#8471,1.);
#8471 = DIRECTION('',(2.E-16,-1.,9.95799250103E-17));
#8472 = PLANE('',#8473);
#8473 = AXIS2_PLACEMENT_3D('',#8474,#8475,#8476);
#8474 = CARTESIAN_POINT('',(-2.087241464555,-93.28,-13.10746469785));
#8475 = DIRECTION('',(-1.745245719031E-02,-3.662667911083E-16,
    0.99984769427));
#8476 = DIRECTION('',(-0.99984769427,3.013258290218E-16,
    -1.745245719031E-02));
#8477 = ADVANCED_FACE('',(#8478),#8497,.F.);
#8478 = FACE_BOUND('',#8479,.F.);
#8479 = EDGE_LOOP('',(#8480,#8481,#8482,#8491));
#8480 = ORIENTED_EDGE('',*,*,#3695,.T.);
#8481 = ORIENTED_EDGE('',*,*,#8451,.T.);
#8482 = ORIENTED_EDGE('',*,*,#8483,.F.);
#8483 = EDGE_CURVE('',#8484,#8452,#8486,.T.);
#8484 = VERTEX_POINT('',#8485);
#8485 = CARTESIAN_POINT('',(-5.084057334518,-93.,-13.15977446561));
#8486 = CIRCLE('',#8487,1.55);
#8487 = AXIS2_PLACEMENT_3D('',#8488,#8489,#8490);
#8488 = CARTESIAN_POINT('',(-4.011404874403,-93.,-12.04088363098));
#8489 = DIRECTION('',(-2.948876798795E-16,-1.,-3.714698827088E-16));
#8490 = DIRECTION('',(-0.51503807491,-1.665334536938E-16,0.857167300702)
  );
#8491 = ORIENTED_EDGE('',*,*,#8492,.F.);
#8492 = EDGE_CURVE('',#3688,#8484,#8493,.T.);
#8493 = LINE('',#8494,#8495);
#8494 = CARTESIAN_POINT('',(-5.084057334518,-93.28,-13.15977446561));
#8495 = VECTOR('',#8496,1.);
#8496 = DIRECTION('',(-2.948876798795E-16,-1.,-3.714698827088E-16));
#8497 = CYLINDRICAL_SURFACE('',#8498,1.55);
#8498 = AXIS2_PLACEMENT_3D('',#8499,#8500,#8501);
#8499 = CARTESIAN_POINT('',(-4.011404874403,-93.28,-12.04088363098));
#8500 = DIRECTION('',(-2.948876798795E-16,-1.,-3.714698827088E-16));
#8501 = DIRECTION('',(-0.51503807491,-1.665334536938E-16,0.857167300702)
  );
#8502 = ADVANCED_FACE('',(#8503),#8537,.T.);
#8503 = FACE_BOUND('',#8504,.T.);
#8504 = EDGE_LOOP('',(#8505,#8515,#8523,#8529,#8530,#8531));
#8505 = ORIENTED_EDGE('',*,*,#8506,.F.);
#8506 = EDGE_CURVE('',#8507,#8509,#8511,.T.);
#8507 = VERTEX_POINT('',#8508);
#8508 = CARTESIAN_POINT('',(-5.622660725931,-93.28,-13.16917585012));
#8509 = VERTEX_POINT('',#8510);
#8510 = CARTESIAN_POINT('',(-5.897172878431,-93.28,-13.17396749151));
#8511 = LINE('',#8512,#8513);
#8512 = CARTESIAN_POINT('',(-2.087241464555,-93.28,-13.10746469785));
#8513 = VECTOR('',#8514,1.);
#8514 = DIRECTION('',(-0.99984769427,3.013258290218E-16,
    -1.745245719031E-02));
#8515 = ORIENTED_EDGE('',*,*,#8516,.F.);
#8516 = EDGE_CURVE('',#8517,#8507,#8519,.T.);
#8517 = VERTEX_POINT('',#8518);
#8518 = CARTESIAN_POINT('',(-5.622660725931,-93.,-13.16917585012));
#8519 = LINE('',#8520,#8521);
#8520 = CARTESIAN_POINT('',(-5.622660725931,-93.5,-13.16917585012));
#8521 = VECTOR('',#8522,1.);
#8522 = DIRECTION('',(2.E-16,-1.,9.95799250103E-17));
#8523 = ORIENTED_EDGE('',*,*,#8524,.F.);
#8524 = EDGE_CURVE('',#8484,#8517,#8525,.T.);
#8525 = LINE('',#8526,#8527);
#8526 = CARTESIAN_POINT('',(-3.10782855824,-93.,-13.12527916366));
#8527 = VECTOR('',#8528,1.);
#8528 = DIRECTION('',(-0.99984769427,-1.978322292706E-16,
    -1.745245719031E-02));
#8529 = ORIENTED_EDGE('',*,*,#8492,.F.);
#8530 = ORIENTED_EDGE('',*,*,#3687,.F.);
#8531 = ORIENTED_EDGE('',*,*,#8532,.F.);
#8532 = EDGE_CURVE('',#8509,#3680,#8533,.T.);
#8533 = LINE('',#8534,#8535);
#8534 = CARTESIAN_POINT('',(-5.897172878431,-93.28,-13.17396749151));
#8535 = VECTOR('',#8536,1.);
#8536 = DIRECTION('',(2.948876798795E-16,1.,3.714698827088E-16));
#8537 = PLANE('',#8538);
#8538 = AXIS2_PLACEMENT_3D('',#8539,#8540,#8541);
#8539 = CARTESIAN_POINT('',(-2.087241464555,-93.28,-13.10746469785));
#8540 = DIRECTION('',(-1.745245719031E-02,-3.662667911083E-16,
    0.99984769427));
#8541 = DIRECTION('',(-0.99984769427,3.013258290218E-16,
    -1.745245719031E-02));
#8542 = ADVANCED_FACE('',(#8543),#8570,.T.);
#8543 = FACE_BOUND('',#8544,.T.);
#8544 = EDGE_LOOP('',(#8545,#8553,#8554,#8555,#8556,#8564));
#8545 = ORIENTED_EDGE('',*,*,#8546,.F.);
#8546 = EDGE_CURVE('',#8509,#8547,#8549,.T.);
#8547 = VERTEX_POINT('',#8548);
#8548 = CARTESIAN_POINT('',(-5.766385394313,-93.28,-12.93802059612));
#8549 = LINE('',#8550,#8551);
#8550 = CARTESIAN_POINT('',(-5.897172878431,-93.28,-13.17396749151));
#8551 = VECTOR('',#8552,1.);
#8552 = DIRECTION('',(0.48480957585,-4.678592601733E-16,0.874619731749)
  );
#8553 = ORIENTED_EDGE('',*,*,#8532,.T.);
#8554 = ORIENTED_EDGE('',*,*,#3679,.F.);
#8555 = ORIENTED_EDGE('',*,*,#8264,.T.);
#8556 = ORIENTED_EDGE('',*,*,#8557,.F.);
#8557 = EDGE_CURVE('',#8558,#8265,#8560,.T.);
#8558 = VERTEX_POINT('',#8559);
#8559 = CARTESIAN_POINT('',(-5.766385394313,-93.,-12.93802059612));
#8560 = LINE('',#8561,#8562);
#8561 = CARTESIAN_POINT('',(-7.227423695392,-93.,-15.57380377908));
#8562 = VECTOR('',#8563,1.);
#8563 = DIRECTION('',(0.48480957585,-1.014811032571E-17,0.874619731749)
  );
#8564 = ORIENTED_EDGE('',*,*,#8565,.T.);
#8565 = EDGE_CURVE('',#8558,#8547,#8566,.T.);
#8566 = LINE('',#8567,#8568);
#8567 = CARTESIAN_POINT('',(-5.766385394313,-93.5,-12.93802059612));
#8568 = VECTOR('',#8569,1.);
#8569 = DIRECTION('',(2.E-16,-1.,9.95799250103E-17));
#8570 = PLANE('',#8571);
#8571 = AXIS2_PLACEMENT_3D('',#8572,#8573,#8574);
#8572 = CARTESIAN_POINT('',(-5.897172878431,-93.28,-13.17396749151));
#8573 = DIRECTION('',(0.874619731749,-7.782242719513E-17,-0.48480957585)
  );
#8574 = DIRECTION('',(0.48480957585,-4.678592601733E-16,0.874619731749)
  );
#8575 = ADVANCED_FACE('',(#8576),#8592,.F.);
#8576 = FACE_BOUND('',#8577,.F.);
#8577 = EDGE_LOOP('',(#8578,#8579,#8585,#8586));
#8578 = ORIENTED_EDGE('',*,*,#3751,.T.);
#8579 = ORIENTED_EDGE('',*,*,#8580,.T.);
#8580 = EDGE_CURVE('',#3754,#4200,#8581,.T.);
#8581 = LINE('',#8582,#8583);
#8582 = CARTESIAN_POINT('',(-129.5,-66.5,-47.));
#8583 = VECTOR('',#8584,1.);
#8584 = DIRECTION('',(-2.E-16,-1.224646799147E-16,1.));
#8585 = ORIENTED_EDGE('',*,*,#4257,.F.);
#8586 = ORIENTED_EDGE('',*,*,#8587,.F.);
#8587 = EDGE_CURVE('',#3752,#4248,#8588,.T.);
#8588 = LINE('',#8589,#8590);
#8589 = CARTESIAN_POINT('',(-129.5,66.5,-47.));
#8590 = VECTOR('',#8591,1.);
#8591 = DIRECTION('',(-2.E-16,-1.224646799147E-16,1.));
#8592 = PLANE('',#8593);
#8593 = AXIS2_PLACEMENT_3D('',#8594,#8595,#8596);
#8594 = CARTESIAN_POINT('',(-129.5,91.,-47.));
#8595 = DIRECTION('',(-1.,-2.E-16,-2.E-16));
#8596 = DIRECTION('',(-2.E-16,9.95799250103E-17,1.));
#8597 = ADVANCED_FACE('',(#8598),#8608,.T.);
#8598 = FACE_BOUND('',#8599,.T.);
#8599 = EDGE_LOOP('',(#8600,#8601,#8607));
#8600 = ORIENTED_EDGE('',*,*,#3761,.F.);
#8601 = ORIENTED_EDGE('',*,*,#8602,.T.);
#8602 = EDGE_CURVE('',#3754,#3822,#8603,.T.);
#8603 = LINE('',#8604,#8605);
#8604 = CARTESIAN_POINT('',(-129.,-67.,-45.));
#8605 = VECTOR('',#8606,1.);
#8606 = DIRECTION('',(0.707106781187,-0.707106781187,2.458529108593E-15)
  );
#8607 = ORIENTED_EDGE('',*,*,#3829,.F.);
#8608 = PLANE('',#8609);
#8609 = AXIS2_PLACEMENT_3D('',#8610,#8611,#8612);
#8610 = CARTESIAN_POINT('',(-129.5,-66.5,-45.));
#8611 = DIRECTION('',(0.57735026919,0.57735026919,0.57735026919));
#8612 = DIRECTION('',(4.968248035198E-15,-0.707106781187,0.707106781187)
  );
#8613 = ADVANCED_FACE('',(#8614),#8625,.T.);
#8614 = FACE_BOUND('',#8615,.T.);
#8615 = EDGE_LOOP('',(#8616,#8617,#8623,#8624));
#8616 = ORIENTED_EDGE('',*,*,#3790,.T.);
#8617 = ORIENTED_EDGE('',*,*,#8618,.T.);
#8618 = EDGE_CURVE('',#3791,#4034,#8619,.T.);
#8619 = LINE('',#8620,#8621);
#8620 = CARTESIAN_POINT('',(-114.5,-75.5,-47.));
#8621 = VECTOR('',#8622,1.);
#8622 = DIRECTION('',(-2.E-16,-1.224646799147E-16,1.));
#8623 = ORIENTED_EDGE('',*,*,#4041,.F.);
#8624 = ORIENTED_EDGE('',*,*,#7932,.T.);
#8625 = PLANE('',#8626);
#8626 = AXIS2_PLACEMENT_3D('',#8627,#8628,#8629);
#8627 = CARTESIAN_POINT('',(-114.5,-81.25,-23.5));
#8628 = DIRECTION('',(1.,2.E-16,2.E-16));
#8629 = DIRECTION('',(2.E-16,1.224646799147E-16,-1.));
#8630 = ADVANCED_FACE('',(#8631),#8647,.F.);
#8631 = FACE_BOUND('',#8632,.F.);
#8632 = EDGE_LOOP('',(#8633,#8634,#8640,#8641));
#8633 = ORIENTED_EDGE('',*,*,#3821,.F.);
#8634 = ORIENTED_EDGE('',*,*,#8635,.T.);
#8635 = EDGE_CURVE('',#3814,#4104,#8636,.T.);
#8636 = LINE('',#8637,#8638);
#8637 = CARTESIAN_POINT('',(-121.5,-68.5,-47.));
#8638 = VECTOR('',#8639,1.);
#8639 = DIRECTION('',(-2.E-16,-1.224646799147E-16,1.));
#8640 = ORIENTED_EDGE('',*,*,#4161,.T.);
#8641 = ORIENTED_EDGE('',*,*,#8642,.F.);
#8642 = EDGE_CURVE('',#3822,#4154,#8643,.T.);
#8643 = LINE('',#8644,#8645);
#8644 = CARTESIAN_POINT('',(-127.5,-68.5,-47.));
#8645 = VECTOR('',#8646,1.);
#8646 = DIRECTION('',(-2.E-16,-1.224646799147E-16,1.));
#8647 = PLANE('',#8648);
#8648 = AXIS2_PLACEMENT_3D('',#8649,#8650,#8651);
#8649 = CARTESIAN_POINT('',(-114.5,-68.5,-47.));
#8650 = DIRECTION('',(2.E-16,-1.,-1.224646799147E-16));
#8651 = DIRECTION('',(-1.,-2.E-16,-2.E-16));
#8652 = ADVANCED_FACE('',(#8653),#8664,.F.);
#8653 = FACE_BOUND('',#8654,.F.);
#8654 = EDGE_LOOP('',(#8655,#8656,#8657,#8663));
#8655 = ORIENTED_EDGE('',*,*,#8618,.T.);
#8656 = ORIENTED_EDGE('',*,*,#4065,.F.);
#8657 = ORIENTED_EDGE('',*,*,#8658,.F.);
#8658 = EDGE_CURVE('',#3847,#4056,#8659,.T.);
#8659 = LINE('',#8660,#8661);
#8660 = CARTESIAN_POINT('',(-115.9142135623,-72.08578643762,-47.));
#8661 = VECTOR('',#8662,1.);
#8662 = DIRECTION('',(-2.E-16,-1.224646799147E-16,1.));
#8663 = ORIENTED_EDGE('',*,*,#3854,.F.);
#8664 = PLANE('',#8665);
#8665 = AXIS2_PLACEMENT_3D('',#8666,#8667,#8668);
#8666 = CARTESIAN_POINT('',(-115.2071067811,-73.79289321881,-47.));
#8667 = DIRECTION('',(-0.923879532511,-0.382683432365,
    -2.168460053182E-16));
#8668 = DIRECTION('',(-1.863311050899E-16,-1.168028382603E-16,1.));
#8669 = ADVANCED_FACE('',(#8670),#8681,.T.);
#8670 = FACE_BOUND('',#8671,.F.);
#8671 = EDGE_LOOP('',(#8672,#8678,#8679,#8680));
#8672 = ORIENTED_EDGE('',*,*,#8673,.T.);
#8673 = EDGE_CURVE('',#3869,#4082,#8674,.T.);
#8674 = LINE('',#8675,#8676);
#8675 = CARTESIAN_POINT('',(-118.0857864376,-69.91421356237,-47.));
#8676 = VECTOR('',#8677,1.);
#8677 = DIRECTION('',(-2.E-16,-1.224646799147E-16,1.));
#8678 = ORIENTED_EDGE('',*,*,#4113,.F.);
#8679 = ORIENTED_EDGE('',*,*,#8635,.F.);
#8680 = ORIENTED_EDGE('',*,*,#3878,.F.);
#8681 = PLANE('',#8682);
#8682 = AXIS2_PLACEMENT_3D('',#8683,#8684,#8685);
#8683 = CARTESIAN_POINT('',(-119.7928932188,-69.20710678118,-47.));
#8684 = DIRECTION('',(0.382683432365,0.923879532511,1.748841924644E-16)
  );
#8685 = DIRECTION('',(1.943381583456E-16,1.087957850046E-16,-1.));
#8686 = ADVANCED_FACE('',(#8687),#8693,.F.);
#8687 = FACE_BOUND('',#8688,.F.);
#8688 = EDGE_LOOP('',(#8689,#8690,#8691,#8692));
#8689 = ORIENTED_EDGE('',*,*,#3893,.F.);
#8690 = ORIENTED_EDGE('',*,*,#8658,.T.);
#8691 = ORIENTED_EDGE('',*,*,#4089,.T.);
#8692 = ORIENTED_EDGE('',*,*,#8673,.F.);
#8693 = PLANE('',#8694);
#8694 = AXIS2_PLACEMENT_3D('',#8695,#8696,#8697);
#8695 = CARTESIAN_POINT('',(-117.,-71.,-47.));
#8696 = DIRECTION('',(-0.707106781187,-0.707106781187,
    -2.280169618609E-16));
#8697 = DIRECTION('',(-2.E-16,-1.224646799147E-16,1.));
#8698 = ADVANCED_FACE('',(#8699),#8718,.T.);
#8699 = FACE_BOUND('',#8700,.F.);
#8700 = EDGE_LOOP('',(#8701,#8709,#8716,#8717));
#8701 = ORIENTED_EDGE('',*,*,#8702,.F.);
#8702 = EDGE_CURVE('',#8703,#3910,#8705,.T.);
#8703 = VERTEX_POINT('',#8704);
#8704 = CARTESIAN_POINT('',(-82.5736,57.02762,-40.29049809265));
#8705 = LINE('',#8706,#8707);
#8706 = CARTESIAN_POINT('',(-82.5736,57.02762,-40.29049809265));
#8707 = VECTOR('',#8708,1.);
#8708 = DIRECTION('',(2.E-16,1.224646799147E-16,-1.));
#8709 = ORIENTED_EDGE('',*,*,#8710,.F.);
#8710 = EDGE_CURVE('',#8703,#8703,#8711,.T.);
#8711 = CIRCLE('',#8712,4.);
#8712 = AXIS2_PLACEMENT_3D('',#8713,#8714,#8715);
#8713 = CARTESIAN_POINT('',(-86.5736,57.02762,-40.29049809265));
#8714 = DIRECTION('',(2.E-16,1.224646799147E-16,-1.));
#8715 = DIRECTION('',(1.,2.E-16,2.E-16));
#8716 = ORIENTED_EDGE('',*,*,#8702,.T.);
#8717 = ORIENTED_EDGE('',*,*,#3919,.F.);
#8718 = CYLINDRICAL_SURFACE('',#8719,4.);
#8719 = AXIS2_PLACEMENT_3D('',#8720,#8721,#8722);
#8720 = CARTESIAN_POINT('',(-86.5736,57.02762,-40.29049809265));
#8721 = DIRECTION('',(-2.E-16,-1.224646799147E-16,1.));
#8722 = DIRECTION('',(1.,2.E-16,2.E-16));
#8723 = ADVANCED_FACE('',(#8724),#8735,.T.);
#8724 = FACE_BOUND('',#8725,.F.);
#8725 = EDGE_LOOP('',(#8726,#8732,#8733,#8734));
#8726 = ORIENTED_EDGE('',*,*,#8727,.F.);
#8727 = EDGE_CURVE('',#3963,#6686,#8728,.T.);
#8728 = LINE('',#8729,#8730);
#8729 = CARTESIAN_POINT('',(-118.3316666666,-88.16833333333,
    -14.65833333333));
#8730 = VECTOR('',#8731,1.);
#8731 = DIRECTION('',(-0.57735026919,0.57735026919,0.57735026919));
#8732 = ORIENTED_EDGE('',*,*,#3970,.T.);
#8733 = ORIENTED_EDGE('',*,*,#6653,.F.);
#8734 = ORIENTED_EDGE('',*,*,#6702,.F.);
#8735 = PLANE('',#8736);
#8736 = AXIS2_PLACEMENT_3D('',#8737,#8738,#8739);
#8737 = CARTESIAN_POINT('',(-115.,-91.5,-15.49));
#8738 = DIRECTION('',(-0.707106781187,-0.707106781187,
    -2.280169618609E-16));
#8739 = DIRECTION('',(-2.E-16,-1.224646799147E-16,1.));
#8740 = ADVANCED_FACE('',(#8741,#8749),#8760,.F.);
#8741 = FACE_BOUND('',#8742,.F.);
#8742 = EDGE_LOOP('',(#8743,#8744,#8745,#8746,#8747,#8748));
#8743 = ORIENTED_EDGE('',*,*,#6685,.T.);
#8744 = ORIENTED_EDGE('',*,*,#6733,.T.);
#8745 = ORIENTED_EDGE('',*,*,#6964,.T.);
#8746 = ORIENTED_EDGE('',*,*,#6992,.F.);
#8747 = ORIENTED_EDGE('',*,*,#3962,.F.);
#8748 = ORIENTED_EDGE('',*,*,#8727,.T.);
#8749 = FACE_BOUND('',#8750,.F.);
#8750 = EDGE_LOOP('',(#8751));
#8751 = ORIENTED_EDGE('',*,*,#8752,.F.);
#8752 = EDGE_CURVE('',#8753,#8753,#8755,.T.);
#8753 = VERTEX_POINT('',#8754);
#8754 = CARTESIAN_POINT('',(-120.,-85.,-12.99));
#8755 = ELLIPSE('',#8756,4.949747468306,3.5);
#8756 = AXIS2_PLACEMENT_3D('',#8757,#8758,#8759);
#8757 = CARTESIAN_POINT('',(-123.5,-85.,-9.49));
#8758 = DIRECTION('',(0.707106781187,-2.054026163728E-16,0.707106781187)
  );
#8759 = DIRECTION('',(0.707106781187,-3.221140512566E-17,-0.707106781187
    ));
#8760 = PLANE('',#8761);
#8761 = AXIS2_PLACEMENT_3D('',#8762,#8763,#8764);
#8762 = CARTESIAN_POINT('',(-124.995,-94.,-7.995));
#8763 = DIRECTION('',(0.707106781187,-2.054026163728E-16,0.707106781187)
  );
#8764 = DIRECTION('',(-1.599075704673E-17,1.,3.06473922868E-16));
#8765 = ADVANCED_FACE('',(#8766),#8785,.F.);
#8766 = FACE_BOUND('',#8767,.F.);
#8767 = EDGE_LOOP('',(#8768,#8776,#8783,#8784));
#8768 = ORIENTED_EDGE('',*,*,#8769,.T.);
#8769 = EDGE_CURVE('',#3980,#8770,#8772,.T.);
#8770 = VERTEX_POINT('',#8771);
#8771 = CARTESIAN_POINT('',(-7.5,-93.5,-12.));
#8772 = LINE('',#8773,#8774);
#8773 = CARTESIAN_POINT('',(-7.5,-94.,-12.));
#8774 = VECTOR('',#8775,1.);
#8775 = DIRECTION('',(-2.E-16,1.,-9.95799250103E-17));
#8776 = ORIENTED_EDGE('',*,*,#8777,.T.);
#8777 = EDGE_CURVE('',#8770,#8770,#8778,.T.);
#8778 = CIRCLE('',#8779,3.5);
#8779 = AXIS2_PLACEMENT_3D('',#8780,#8781,#8782);
#8780 = CARTESIAN_POINT('',(-4.,-93.5,-12.));
#8781 = DIRECTION('',(2.E-16,-1.,9.95799250103E-17));
#8782 = DIRECTION('',(-1.,-2.E-16,-2.E-16));
#8783 = ORIENTED_EDGE('',*,*,#8769,.F.);
#8784 = ORIENTED_EDGE('',*,*,#3979,.F.);
#8785 = CYLINDRICAL_SURFACE('',#8786,3.5);
#8786 = AXIS2_PLACEMENT_3D('',#8787,#8788,#8789);
#8787 = CARTESIAN_POINT('',(-4.,-94.,-12.));
#8788 = DIRECTION('',(2.E-16,-1.,9.95799250103E-17));
#8789 = DIRECTION('',(-1.,-2.E-16,-2.E-16));
#8790 = ADVANCED_FACE('',(#8791),#8810,.F.);
#8791 = FACE_BOUND('',#8792,.F.);
#8792 = EDGE_LOOP('',(#8793,#8801,#8808,#8809));
#8793 = ORIENTED_EDGE('',*,*,#8794,.T.);
#8794 = EDGE_CURVE('',#3991,#8795,#8797,.T.);
#8795 = VERTEX_POINT('',#8796);
#8796 = CARTESIAN_POINT('',(-7.5,-93.5,-29.));
#8797 = LINE('',#8798,#8799);
#8798 = CARTESIAN_POINT('',(-7.5,-94.,-29.));
#8799 = VECTOR('',#8800,1.);
#8800 = DIRECTION('',(-2.E-16,1.,-9.95799250103E-17));
#8801 = ORIENTED_EDGE('',*,*,#8802,.T.);
#8802 = EDGE_CURVE('',#8795,#8795,#8803,.T.);
#8803 = CIRCLE('',#8804,3.5);
#8804 = AXIS2_PLACEMENT_3D('',#8805,#8806,#8807);
#8805 = CARTESIAN_POINT('',(-4.,-93.5,-29.));
#8806 = DIRECTION('',(2.E-16,-1.,9.95799250103E-17));
#8807 = DIRECTION('',(-1.,-2.E-16,-2.E-16));
#8808 = ORIENTED_EDGE('',*,*,#8794,.F.);
#8809 = ORIENTED_EDGE('',*,*,#3990,.F.);
#8810 = CYLINDRICAL_SURFACE('',#8811,3.5);
#8811 = AXIS2_PLACEMENT_3D('',#8812,#8813,#8814);
#8812 = CARTESIAN_POINT('',(-4.,-94.,-29.));
#8813 = DIRECTION('',(2.E-16,-1.,9.95799250103E-17));
#8814 = DIRECTION('',(-1.,-2.E-16,-2.E-16));
#8815 = ADVANCED_FACE('',(#8816),#8822,.F.);
#8816 = FACE_BOUND('',#8817,.F.);
#8817 = EDGE_LOOP('',(#8818,#8819,#8820,#8821));
#8818 = ORIENTED_EDGE('',*,*,#8602,.T.);
#8819 = ORIENTED_EDGE('',*,*,#8642,.T.);
#8820 = ORIENTED_EDGE('',*,*,#4209,.F.);
#8821 = ORIENTED_EDGE('',*,*,#8580,.F.);
#8822 = PLANE('',#8823);
#8823 = AXIS2_PLACEMENT_3D('',#8824,#8825,#8826);
#8824 = CARTESIAN_POINT('',(-128.5,-67.5,-47.));
#8825 = DIRECTION('',(-0.707106781187,-0.707106781187,
    -2.280169618609E-16));
#8826 = DIRECTION('',(-2.E-16,-1.224646799147E-16,1.));
#8827 = ADVANCED_FACE('',(#8828),#8834,.T.);
#8828 = FACE_BOUND('',#8829,.F.);
#8829 = EDGE_LOOP('',(#8830,#8831,#8832,#8833));
#8830 = ORIENTED_EDGE('',*,*,#7900,.T.);
#8831 = ORIENTED_EDGE('',*,*,#8587,.T.);
#8832 = ORIENTED_EDGE('',*,*,#4305,.F.);
#8833 = ORIENTED_EDGE('',*,*,#7918,.F.);
#8834 = PLANE('',#8835);
#8835 = AXIS2_PLACEMENT_3D('',#8836,#8837,#8838);
#8836 = CARTESIAN_POINT('',(-128.5,67.5,-47.));
#8837 = DIRECTION('',(0.707106781187,-0.707106781187,5.482575061376E-17)
  );
#8838 = DIRECTION('',(2.E-16,1.224646799147E-16,-1.));
#8839 = ADVANCED_FACE('',(#8840),#8860,.F.);
#8840 = FACE_BOUND('',#8841,.F.);
#8841 = EDGE_LOOP('',(#8842,#8843,#8852,#8859));
#8842 = ORIENTED_EDGE('',*,*,#4644,.T.);
#8843 = ORIENTED_EDGE('',*,*,#8844,.F.);
#8844 = EDGE_CURVE('',#8845,#4645,#8847,.T.);
#8845 = VERTEX_POINT('',#8846);
#8846 = CARTESIAN_POINT('',(-121.5,85.,-2.105));
#8847 = CIRCLE('',#8848,2.);
#8848 = AXIS2_PLACEMENT_3D('',#8849,#8850,#8851);
#8849 = CARTESIAN_POINT('',(-123.5,85.,-2.105));
#8850 = DIRECTION('',(2.E-16,1.224646799147E-16,-1.));
#8851 = DIRECTION('',(1.,2.E-16,2.E-16));
#8852 = ORIENTED_EDGE('',*,*,#8853,.F.);
#8853 = EDGE_CURVE('',#4378,#8845,#8854,.T.);
#8854 = CIRCLE('',#8855,2.);
#8855 = AXIS2_PLACEMENT_3D('',#8856,#8857,#8858);
#8856 = CARTESIAN_POINT('',(-123.5,85.,-2.105));
#8857 = DIRECTION('',(2.E-16,1.224646799147E-16,-1.));
#8858 = DIRECTION('',(1.,2.E-16,2.E-16));
#8859 = ORIENTED_EDGE('',*,*,#4385,.T.);
#8860 = PLANE('',#8861);
#8861 = AXIS2_PLACEMENT_3D('',#8862,#8863,#8864);
#8862 = CARTESIAN_POINT('',(-123.5377216524,84.98437729704,-2.105));
#8863 = DIRECTION('',(-8.659560562355E-17,-8.659560562355E-17,-1.));
#8864 = DIRECTION('',(-2.22044604925E-16,-1.,8.659560562355E-17));
#8865 = ADVANCED_FACE('',(#8866),#8927,.F.);
#8866 = FACE_BOUND('',#8867,.F.);
#8867 = EDGE_LOOP('',(#8868,#8877,#8883,#8884,#8885,#8892,#8893,#8900,
    #8901,#8908,#8909,#8916,#8917,#8924,#8925,#8926));
#8868 = ORIENTED_EDGE('',*,*,#8869,.F.);
#8869 = EDGE_CURVE('',#8870,#8870,#8872,.T.);
#8870 = VERTEX_POINT('',#8871);
#8871 = CARTESIAN_POINT('',(-121.5,85.,-4.));
#8872 = CIRCLE('',#8873,2.);
#8873 = AXIS2_PLACEMENT_3D('',#8874,#8875,#8876);
#8874 = CARTESIAN_POINT('',(-123.5,85.,-4.));
#8875 = DIRECTION('',(2.E-16,1.224646799147E-16,-1.));
#8876 = DIRECTION('',(1.,2.E-16,2.E-16));
#8877 = ORIENTED_EDGE('',*,*,#8878,.T.);
#8878 = EDGE_CURVE('',#8870,#8845,#8879,.T.);
#8879 = LINE('',#8880,#8881);
#8880 = CARTESIAN_POINT('',(-121.5,85.,-4.));
#8881 = VECTOR('',#8882,1.);
#8882 = DIRECTION('',(-2.E-16,-1.224646799147E-16,1.));
#8883 = ORIENTED_EDGE('',*,*,#8844,.T.);
#8884 = ORIENTED_EDGE('',*,*,#4652,.F.);
#8885 = ORIENTED_EDGE('',*,*,#8886,.T.);
#8886 = EDGE_CURVE('',#4653,#4587,#8887,.T.);
#8887 = CIRCLE('',#8888,2.);
#8888 = AXIS2_PLACEMENT_3D('',#8889,#8890,#8891);
#8889 = CARTESIAN_POINT('',(-123.5,85.,-2.));
#8890 = DIRECTION('',(2.E-16,1.224646799147E-16,-1.));
#8891 = DIRECTION('',(1.,2.E-16,2.E-16));
#8892 = ORIENTED_EDGE('',*,*,#4594,.T.);
#8893 = ORIENTED_EDGE('',*,*,#8894,.T.);
#8894 = EDGE_CURVE('',#4595,#4547,#8895,.T.);
#8895 = CIRCLE('',#8896,2.);
#8896 = AXIS2_PLACEMENT_3D('',#8897,#8898,#8899);
#8897 = CARTESIAN_POINT('',(-123.5,85.,-2.105));
#8898 = DIRECTION('',(2.E-16,1.224646799147E-16,-1.));
#8899 = DIRECTION('',(1.,2.E-16,2.E-16));
#8900 = ORIENTED_EDGE('',*,*,#4554,.F.);
#8901 = ORIENTED_EDGE('',*,*,#8902,.T.);
#8902 = EDGE_CURVE('',#4555,#4482,#8903,.T.);
#8903 = CIRCLE('',#8904,2.);
#8904 = AXIS2_PLACEMENT_3D('',#8905,#8906,#8907);
#8905 = CARTESIAN_POINT('',(-123.5,85.,-2.));
#8906 = DIRECTION('',(2.E-16,1.224646799147E-16,-1.));
#8907 = DIRECTION('',(1.,2.E-16,2.E-16));
#8908 = ORIENTED_EDGE('',*,*,#4489,.T.);
#8909 = ORIENTED_EDGE('',*,*,#8910,.T.);
#8910 = EDGE_CURVE('',#4490,#4442,#8911,.T.);
#8911 = CIRCLE('',#8912,2.);
#8912 = AXIS2_PLACEMENT_3D('',#8913,#8914,#8915);
#8913 = CARTESIAN_POINT('',(-123.5,85.,-2.105));
#8914 = DIRECTION('',(2.E-16,1.224646799147E-16,-1.));
#8915 = DIRECTION('',(1.,2.E-16,2.E-16));
#8916 = ORIENTED_EDGE('',*,*,#4449,.F.);
#8917 = ORIENTED_EDGE('',*,*,#8918,.T.);
#8918 = EDGE_CURVE('',#4450,#4370,#8919,.T.);
#8919 = CIRCLE('',#8920,2.);
#8920 = AXIS2_PLACEMENT_3D('',#8921,#8922,#8923);
#8921 = CARTESIAN_POINT('',(-123.5,85.,-2.));
#8922 = DIRECTION('',(2.E-16,1.224646799147E-16,-1.));
#8923 = DIRECTION('',(1.,2.E-16,2.E-16));
#8924 = ORIENTED_EDGE('',*,*,#4377,.T.);
#8925 = ORIENTED_EDGE('',*,*,#8853,.T.);
#8926 = ORIENTED_EDGE('',*,*,#8878,.F.);
#8927 = CYLINDRICAL_SURFACE('',#8928,2.);
#8928 = AXIS2_PLACEMENT_3D('',#8929,#8930,#8931);
#8929 = CARTESIAN_POINT('',(-123.5,85.,-4.));
#8930 = DIRECTION('',(2.E-16,1.224646799147E-16,-1.));
#8931 = DIRECTION('',(1.,2.E-16,2.E-16));
#8932 = ADVANCED_FACE('',(#8933),#8939,.T.);
#8933 = FACE_BOUND('',#8934,.T.);
#8934 = EDGE_LOOP('',(#8935,#8936,#8937,#8938));
#8935 = ORIENTED_EDGE('',*,*,#8918,.T.);
#8936 = ORIENTED_EDGE('',*,*,#4369,.T.);
#8937 = ORIENTED_EDGE('',*,*,#4407,.T.);
#8938 = ORIENTED_EDGE('',*,*,#4457,.T.);
#8939 = PLANE('',#8940);
#8940 = AXIS2_PLACEMENT_3D('',#8941,#8942,#8943);
#8941 = CARTESIAN_POINT('',(-123.5,-1.42108547152E-14,-2.));
#8942 = DIRECTION('',(2.E-16,1.224646799147E-16,-1.));
#8943 = DIRECTION('',(1.,2.E-16,2.E-16));
#8944 = ADVANCED_FACE('',(#8945),#8950,.F.);
#8945 = FACE_BOUND('',#8946,.F.);
#8946 = EDGE_LOOP('',(#8947,#8948,#8949));
#8947 = ORIENTED_EDGE('',*,*,#8910,.F.);
#8948 = ORIENTED_EDGE('',*,*,#4497,.T.);
#8949 = ORIENTED_EDGE('',*,*,#4441,.T.);
#8950 = PLANE('',#8951);
#8951 = AXIS2_PLACEMENT_3D('',#8952,#8953,#8954);
#8952 = CARTESIAN_POINT('',(-123.5377216524,84.98437729704,-2.105));
#8953 = DIRECTION('',(-8.659560562355E-17,-8.659560562355E-17,-1.));
#8954 = DIRECTION('',(-2.22044604925E-16,-1.,8.659560562355E-17));
#8955 = ADVANCED_FACE('',(#8956),#8962,.T.);
#8956 = FACE_BOUND('',#8957,.T.);
#8957 = EDGE_LOOP('',(#8958,#8959,#8960,#8961));
#8958 = ORIENTED_EDGE('',*,*,#4562,.T.);
#8959 = ORIENTED_EDGE('',*,*,#8902,.T.);
#8960 = ORIENTED_EDGE('',*,*,#4481,.T.);
#8961 = ORIENTED_EDGE('',*,*,#4513,.T.);
#8962 = PLANE('',#8963);
#8963 = AXIS2_PLACEMENT_3D('',#8964,#8965,#8966);
#8964 = CARTESIAN_POINT('',(-123.5,-1.42108547152E-14,-2.));
#8965 = DIRECTION('',(2.E-16,1.224646799147E-16,-1.));
#8966 = DIRECTION('',(1.,2.E-16,2.E-16));
#8967 = ADVANCED_FACE('',(#8968),#8973,.F.);
#8968 = FACE_BOUND('',#8969,.F.);
#8969 = EDGE_LOOP('',(#8970,#8971,#8972));
#8970 = ORIENTED_EDGE('',*,*,#8894,.F.);
#8971 = ORIENTED_EDGE('',*,*,#4602,.T.);
#8972 = ORIENTED_EDGE('',*,*,#4546,.T.);
#8973 = PLANE('',#8974);
#8974 = AXIS2_PLACEMENT_3D('',#8975,#8976,#8977);
#8975 = CARTESIAN_POINT('',(-123.5377216524,84.98437729704,-2.105));
#8976 = DIRECTION('',(-8.659560562355E-17,-8.659560562355E-17,-1.));
#8977 = DIRECTION('',(-2.22044604925E-16,-1.,8.659560562355E-17));
#8978 = ADVANCED_FACE('',(#8979),#8985,.T.);
#8979 = FACE_BOUND('',#8980,.T.);
#8980 = EDGE_LOOP('',(#8981,#8982,#8983,#8984));
#8981 = ORIENTED_EDGE('',*,*,#4660,.T.);
#8982 = ORIENTED_EDGE('',*,*,#8886,.T.);
#8983 = ORIENTED_EDGE('',*,*,#4586,.T.);
#8984 = ORIENTED_EDGE('',*,*,#4627,.T.);
#8985 = PLANE('',#8986);
#8986 = AXIS2_PLACEMENT_3D('',#8987,#8988,#8989);
#8987 = CARTESIAN_POINT('',(-123.5,-1.42108547152E-14,-2.));
#8988 = DIRECTION('',(2.E-16,1.224646799147E-16,-1.));
#8989 = DIRECTION('',(1.,2.E-16,2.E-16));
#8990 = ADVANCED_FACE('',(#8991),#9011,.F.);
#8991 = FACE_BOUND('',#8992,.F.);
#8992 = EDGE_LOOP('',(#8993,#8994,#9003,#9010));
#8993 = ORIENTED_EDGE('',*,*,#4997,.T.);
#8994 = ORIENTED_EDGE('',*,*,#8995,.F.);
#8995 = EDGE_CURVE('',#8996,#4998,#8998,.T.);
#8996 = VERTEX_POINT('',#8997);
#8997 = CARTESIAN_POINT('',(-121.5,-85.,-2.145));
#8998 = CIRCLE('',#8999,2.);
#8999 = AXIS2_PLACEMENT_3D('',#9000,#9001,#9002);
#9000 = CARTESIAN_POINT('',(-123.5,-85.,-2.145));
#9001 = DIRECTION('',(2.E-16,1.224646799147E-16,-1.));
#9002 = DIRECTION('',(1.,2.E-16,2.E-16));
#9003 = ORIENTED_EDGE('',*,*,#9004,.F.);
#9004 = EDGE_CURVE('',#4731,#8996,#9005,.T.);
#9005 = CIRCLE('',#9006,2.);
#9006 = AXIS2_PLACEMENT_3D('',#9007,#9008,#9009);
#9007 = CARTESIAN_POINT('',(-123.5,-85.,-2.145));
#9008 = DIRECTION('',(2.E-16,1.224646799147E-16,-1.));
#9009 = DIRECTION('',(1.,2.E-16,2.E-16));
#9010 = ORIENTED_EDGE('',*,*,#4738,.T.);
#9011 = PLANE('',#9012);
#9012 = AXIS2_PLACEMENT_3D('',#9013,#9014,#9015);
#9013 = CARTESIAN_POINT('',(-123.5777216524,-84.97562270296,-2.145));
#9014 = DIRECTION('',(-8.659560562355E-17,-8.659560562355E-17,-1.));
#9015 = DIRECTION('',(-2.22044604925E-16,-1.,8.659560562355E-17));
#9016 = ADVANCED_FACE('',(#9017),#9078,.F.);
#9017 = FACE_BOUND('',#9018,.F.);
#9018 = EDGE_LOOP('',(#9019,#9028,#9034,#9035,#9036,#9043,#9044,#9051,
    #9052,#9059,#9060,#9067,#9068,#9075,#9076,#9077));
#9019 = ORIENTED_EDGE('',*,*,#9020,.F.);
#9020 = EDGE_CURVE('',#9021,#9021,#9023,.T.);
#9021 = VERTEX_POINT('',#9022);
#9022 = CARTESIAN_POINT('',(-121.5,-85.,-4.));
#9023 = CIRCLE('',#9024,2.);
#9024 = AXIS2_PLACEMENT_3D('',#9025,#9026,#9027);
#9025 = CARTESIAN_POINT('',(-123.5,-85.,-4.));
#9026 = DIRECTION('',(2.E-16,1.224646799147E-16,-1.));
#9027 = DIRECTION('',(1.,2.E-16,2.E-16));
#9028 = ORIENTED_EDGE('',*,*,#9029,.T.);
#9029 = EDGE_CURVE('',#9021,#8996,#9030,.T.);
#9030 = LINE('',#9031,#9032);
#9031 = CARTESIAN_POINT('',(-121.5,-85.,-4.));
#9032 = VECTOR('',#9033,1.);
#9033 = DIRECTION('',(-2.E-16,-1.224646799147E-16,1.));
#9034 = ORIENTED_EDGE('',*,*,#8995,.T.);
#9035 = ORIENTED_EDGE('',*,*,#5005,.F.);
#9036 = ORIENTED_EDGE('',*,*,#9037,.T.);
#9037 = EDGE_CURVE('',#5006,#4940,#9038,.T.);
#9038 = CIRCLE('',#9039,2.);
#9039 = AXIS2_PLACEMENT_3D('',#9040,#9041,#9042);
#9040 = CARTESIAN_POINT('',(-123.5,-85.,-2.));
#9041 = DIRECTION('',(2.E-16,1.224646799147E-16,-1.));
#9042 = DIRECTION('',(1.,2.E-16,2.E-16));
#9043 = ORIENTED_EDGE('',*,*,#4947,.T.);
#9044 = ORIENTED_EDGE('',*,*,#9045,.T.);
#9045 = EDGE_CURVE('',#4948,#4900,#9046,.T.);
#9046 = CIRCLE('',#9047,2.);
#9047 = AXIS2_PLACEMENT_3D('',#9048,#9049,#9050);
#9048 = CARTESIAN_POINT('',(-123.5,-85.,-2.145));
#9049 = DIRECTION('',(2.E-16,1.224646799147E-16,-1.));
#9050 = DIRECTION('',(1.,2.E-16,2.E-16));
#9051 = ORIENTED_EDGE('',*,*,#4907,.F.);
#9052 = ORIENTED_EDGE('',*,*,#9053,.T.);
#9053 = EDGE_CURVE('',#4908,#4835,#9054,.T.);
#9054 = CIRCLE('',#9055,2.);
#9055 = AXIS2_PLACEMENT_3D('',#9056,#9057,#9058);
#9056 = CARTESIAN_POINT('',(-123.5,-85.,-2.));
#9057 = DIRECTION('',(2.E-16,1.224646799147E-16,-1.));
#9058 = DIRECTION('',(1.,2.E-16,2.E-16));
#9059 = ORIENTED_EDGE('',*,*,#4842,.T.);
#9060 = ORIENTED_EDGE('',*,*,#9061,.T.);
#9061 = EDGE_CURVE('',#4843,#4795,#9062,.T.);
#9062 = CIRCLE('',#9063,2.);
#9063 = AXIS2_PLACEMENT_3D('',#9064,#9065,#9066);
#9064 = CARTESIAN_POINT('',(-123.5,-85.,-2.145));
#9065 = DIRECTION('',(2.E-16,1.224646799147E-16,-1.));
#9066 = DIRECTION('',(1.,2.E-16,2.E-16));
#9067 = ORIENTED_EDGE('',*,*,#4802,.F.);
#9068 = ORIENTED_EDGE('',*,*,#9069,.T.);
#9069 = EDGE_CURVE('',#4803,#4723,#9070,.T.);
#9070 = CIRCLE('',#9071,2.);
#9071 = AXIS2_PLACEMENT_3D('',#9072,#9073,#9074);
#9072 = CARTESIAN_POINT('',(-123.5,-85.,-2.));
#9073 = DIRECTION('',(2.E-16,1.224646799147E-16,-1.));
#9074 = DIRECTION('',(1.,2.E-16,2.E-16));
#9075 = ORIENTED_EDGE('',*,*,#4730,.T.);
#9076 = ORIENTED_EDGE('',*,*,#9004,.T.);
#9077 = ORIENTED_EDGE('',*,*,#9029,.F.);
#9078 = CYLINDRICAL_SURFACE('',#9079,2.);
#9079 = AXIS2_PLACEMENT_3D('',#9080,#9081,#9082);
#9080 = CARTESIAN_POINT('',(-123.5,-85.,-4.));
#9081 = DIRECTION('',(2.E-16,1.224646799147E-16,-1.));
#9082 = DIRECTION('',(1.,2.E-16,2.E-16));
#9083 = ADVANCED_FACE('',(#9084),#9090,.T.);
#9084 = FACE_BOUND('',#9085,.T.);
#9085 = EDGE_LOOP('',(#9086,#9087,#9088,#9089));
#9086 = ORIENTED_EDGE('',*,*,#9069,.T.);
#9087 = ORIENTED_EDGE('',*,*,#4722,.T.);
#9088 = ORIENTED_EDGE('',*,*,#4760,.T.);
#9089 = ORIENTED_EDGE('',*,*,#4810,.T.);
#9090 = PLANE('',#9091);
#9091 = AXIS2_PLACEMENT_3D('',#9092,#9093,#9094);
#9092 = CARTESIAN_POINT('',(-123.5,-1.42108547152E-14,-2.));
#9093 = DIRECTION('',(2.E-16,1.224646799147E-16,-1.));
#9094 = DIRECTION('',(1.,2.E-16,2.E-16));
#9095 = ADVANCED_FACE('',(#9096),#9101,.F.);
#9096 = FACE_BOUND('',#9097,.F.);
#9097 = EDGE_LOOP('',(#9098,#9099,#9100));
#9098 = ORIENTED_EDGE('',*,*,#9061,.F.);
#9099 = ORIENTED_EDGE('',*,*,#4850,.T.);
#9100 = ORIENTED_EDGE('',*,*,#4794,.T.);
#9101 = PLANE('',#9102);
#9102 = AXIS2_PLACEMENT_3D('',#9103,#9104,#9105);
#9103 = CARTESIAN_POINT('',(-123.5777216524,-84.97562270296,-2.145));
#9104 = DIRECTION('',(-8.659560562355E-17,-8.659560562355E-17,-1.));
#9105 = DIRECTION('',(-2.22044604925E-16,-1.,8.659560562355E-17));
#9106 = ADVANCED_FACE('',(#9107),#9113,.T.);
#9107 = FACE_BOUND('',#9108,.T.);
#9108 = EDGE_LOOP('',(#9109,#9110,#9111,#9112));
#9109 = ORIENTED_EDGE('',*,*,#4915,.T.);
#9110 = ORIENTED_EDGE('',*,*,#9053,.T.);
#9111 = ORIENTED_EDGE('',*,*,#4834,.T.);
#9112 = ORIENTED_EDGE('',*,*,#4866,.T.);
#9113 = PLANE('',#9114);
#9114 = AXIS2_PLACEMENT_3D('',#9115,#9116,#9117);
#9115 = CARTESIAN_POINT('',(-123.5,-1.42108547152E-14,-2.));
#9116 = DIRECTION('',(2.E-16,1.224646799147E-16,-1.));
#9117 = DIRECTION('',(1.,2.E-16,2.E-16));
#9118 = ADVANCED_FACE('',(#9119),#9124,.F.);
#9119 = FACE_BOUND('',#9120,.F.);
#9120 = EDGE_LOOP('',(#9121,#9122,#9123));
#9121 = ORIENTED_EDGE('',*,*,#9045,.F.);
#9122 = ORIENTED_EDGE('',*,*,#4955,.T.);
#9123 = ORIENTED_EDGE('',*,*,#4899,.T.);
#9124 = PLANE('',#9125);
#9125 = AXIS2_PLACEMENT_3D('',#9126,#9127,#9128);
#9126 = CARTESIAN_POINT('',(-123.5777216524,-84.97562270296,-2.145));
#9127 = DIRECTION('',(-8.659560562355E-17,-8.659560562355E-17,-1.));
#9128 = DIRECTION('',(-2.22044604925E-16,-1.,8.659560562355E-17));
#9129 = ADVANCED_FACE('',(#9130),#9136,.T.);
#9130 = FACE_BOUND('',#9131,.T.);
#9131 = EDGE_LOOP('',(#9132,#9133,#9134,#9135));
#9132 = ORIENTED_EDGE('',*,*,#5013,.T.);
#9133 = ORIENTED_EDGE('',*,*,#9037,.T.);
#9134 = ORIENTED_EDGE('',*,*,#4939,.T.);
#9135 = ORIENTED_EDGE('',*,*,#4980,.T.);
#9136 = PLANE('',#9137);
#9137 = AXIS2_PLACEMENT_3D('',#9138,#9139,#9140);
#9138 = CARTESIAN_POINT('',(-123.5,-1.42108547152E-14,-2.));
#9139 = DIRECTION('',(2.E-16,1.224646799147E-16,-1.));
#9140 = DIRECTION('',(1.,2.E-16,2.E-16));
#9141 = ADVANCED_FACE('',(#9142),#9154,.F.);
#9142 = FACE_BOUND('',#9143,.F.);
#9143 = EDGE_LOOP('',(#9144,#9145,#9146,#9153));
#9144 = ORIENTED_EDGE('',*,*,#7780,.F.);
#9145 = ORIENTED_EDGE('',*,*,#6094,.F.);
#9146 = ORIENTED_EDGE('',*,*,#9147,.T.);
#9147 = EDGE_CURVE('',#6095,#6015,#9148,.T.);
#9148 = CIRCLE('',#9149,2.);
#9149 = AXIS2_PLACEMENT_3D('',#9150,#9151,#9152);
#9150 = CARTESIAN_POINT('',(-4.,93.,-12.));
#9151 = DIRECTION('',(-2.E-16,1.,-9.95799250103E-17));
#9152 = DIRECTION('',(1.,2.E-16,2.E-16));
#9153 = ORIENTED_EDGE('',*,*,#6022,.T.);
#9154 = CYLINDRICAL_SURFACE('',#9155,2.);
#9155 = AXIS2_PLACEMENT_3D('',#9156,#9157,#9158);
#9156 = CARTESIAN_POINT('',(-4.,93.5,-12.));
#9157 = DIRECTION('',(-2.E-16,1.,-9.95799250103E-17));
#9158 = DIRECTION('',(1.,2.E-16,2.E-16));
#9159 = ADVANCED_FACE('',(#9160),#9166,.F.);
#9160 = FACE_BOUND('',#9161,.F.);
#9161 = EDGE_LOOP('',(#9162,#9163,#9164,#9165));
#9162 = ORIENTED_EDGE('',*,*,#9147,.F.);
#9163 = ORIENTED_EDGE('',*,*,#6102,.T.);
#9164 = ORIENTED_EDGE('',*,*,#6052,.F.);
#9165 = ORIENTED_EDGE('',*,*,#6014,.T.);
#9166 = PLANE('',#9167);
#9167 = AXIS2_PLACEMENT_3D('',#9168,#9169,#9170);
#9168 = CARTESIAN_POINT('',(-4.,93.,-20.5));
#9169 = DIRECTION('',(2.E-16,-1.,-1.224646799147E-16));
#9170 = DIRECTION('',(2.E-16,1.224646799147E-16,-1.));
#9171 = ADVANCED_FACE('',(#9172),#9193,.F.);
#9172 = FACE_BOUND('',#9173,.F.);
#9173 = EDGE_LOOP('',(#9174,#9183,#9190,#9191,#9192));
#9174 = ORIENTED_EDGE('',*,*,#9175,.F.);
#9175 = EDGE_CURVE('',#9176,#6127,#9178,.T.);
#9176 = VERTEX_POINT('',#9177);
#9177 = CARTESIAN_POINT('',(-2.,93.,-12.));
#9178 = CIRCLE('',#9179,2.);
#9179 = AXIS2_PLACEMENT_3D('',#9180,#9181,#9182);
#9180 = CARTESIAN_POINT('',(-4.,93.,-12.));
#9181 = DIRECTION('',(-2.E-16,1.,-9.95799250103E-17));
#9182 = DIRECTION('',(1.,2.E-16,2.E-16));
#9183 = ORIENTED_EDGE('',*,*,#9184,.F.);
#9184 = EDGE_CURVE('',#6200,#9176,#9185,.T.);
#9185 = CIRCLE('',#9186,2.);
#9186 = AXIS2_PLACEMENT_3D('',#9187,#9188,#9189);
#9187 = CARTESIAN_POINT('',(-4.,93.,-12.));
#9188 = DIRECTION('',(-2.E-16,1.,-9.95799250103E-17));
#9189 = DIRECTION('',(1.,2.E-16,2.E-16));
#9190 = ORIENTED_EDGE('',*,*,#6207,.T.);
#9191 = ORIENTED_EDGE('',*,*,#6158,.F.);
#9192 = ORIENTED_EDGE('',*,*,#6126,.T.);
#9193 = PLANE('',#9194);
#9194 = AXIS2_PLACEMENT_3D('',#9195,#9196,#9197);
#9195 = CARTESIAN_POINT('',(-4.,93.,-20.5));
#9196 = DIRECTION('',(2.E-16,-1.,-1.224646799147E-16));
#9197 = DIRECTION('',(2.E-16,1.224646799147E-16,-1.));
#9198 = ADVANCED_FACE('',(#9199),#9211,.F.);
#9199 = FACE_BOUND('',#9200,.F.);
#9200 = EDGE_LOOP('',(#9201,#9202,#9203,#9204));
#9201 = ORIENTED_EDGE('',*,*,#6239,.T.);
#9202 = ORIENTED_EDGE('',*,*,#7789,.F.);
#9203 = ORIENTED_EDGE('',*,*,#6297,.F.);
#9204 = ORIENTED_EDGE('',*,*,#9205,.T.);
#9205 = EDGE_CURVE('',#6298,#6232,#9206,.T.);
#9206 = CIRCLE('',#9207,2.);
#9207 = AXIS2_PLACEMENT_3D('',#9208,#9209,#9210);
#9208 = CARTESIAN_POINT('',(-4.,93.,-12.));
#9209 = DIRECTION('',(-2.E-16,1.,-9.95799250103E-17));
#9210 = DIRECTION('',(1.,2.E-16,2.E-16));
#9211 = CYLINDRICAL_SURFACE('',#9212,2.);
#9212 = AXIS2_PLACEMENT_3D('',#9213,#9214,#9215);
#9213 = CARTESIAN_POINT('',(-4.,93.5,-12.));
#9214 = DIRECTION('',(-2.E-16,1.,-9.95799250103E-17));
#9215 = DIRECTION('',(1.,2.E-16,2.E-16));
#9216 = ADVANCED_FACE('',(#9217),#9223,.F.);
#9217 = FACE_BOUND('',#9218,.F.);
#9218 = EDGE_LOOP('',(#9219,#9220,#9221,#9222));
#9219 = ORIENTED_EDGE('',*,*,#6231,.T.);
#9220 = ORIENTED_EDGE('',*,*,#9205,.F.);
#9221 = ORIENTED_EDGE('',*,*,#6305,.T.);
#9222 = ORIENTED_EDGE('',*,*,#6272,.F.);
#9223 = PLANE('',#9224);
#9224 = AXIS2_PLACEMENT_3D('',#9225,#9226,#9227);
#9225 = CARTESIAN_POINT('',(-4.,93.,-20.5));
#9226 = DIRECTION('',(2.E-16,-1.,-1.224646799147E-16));
#9227 = DIRECTION('',(2.E-16,1.224646799147E-16,-1.));
#9228 = ADVANCED_FACE('',(#9229),#9241,.F.);
#9229 = FACE_BOUND('',#9230,.F.);
#9230 = EDGE_LOOP('',(#9231,#9232,#9233,#9240));
#9231 = ORIENTED_EDGE('',*,*,#7733,.F.);
#9232 = ORIENTED_EDGE('',*,*,#6409,.F.);
#9233 = ORIENTED_EDGE('',*,*,#9234,.T.);
#9234 = EDGE_CURVE('',#6410,#6330,#9235,.T.);
#9235 = CIRCLE('',#9236,2.);
#9236 = AXIS2_PLACEMENT_3D('',#9237,#9238,#9239);
#9237 = CARTESIAN_POINT('',(-4.,93.,-29.));
#9238 = DIRECTION('',(-2.E-16,1.,-9.95799250103E-17));
#9239 = DIRECTION('',(1.,2.E-16,2.E-16));
#9240 = ORIENTED_EDGE('',*,*,#6337,.T.);
#9241 = CYLINDRICAL_SURFACE('',#9242,2.);
#9242 = AXIS2_PLACEMENT_3D('',#9243,#9244,#9245);
#9243 = CARTESIAN_POINT('',(-4.,93.5,-29.));
#9244 = DIRECTION('',(-2.E-16,1.,-9.95799250103E-17));
#9245 = DIRECTION('',(1.,2.E-16,2.E-16));
#9246 = ADVANCED_FACE('',(#9247),#9253,.F.);
#9247 = FACE_BOUND('',#9248,.F.);
#9248 = EDGE_LOOP('',(#9249,#9250,#9251,#9252));
#9249 = ORIENTED_EDGE('',*,*,#9234,.F.);
#9250 = ORIENTED_EDGE('',*,*,#6417,.T.);
#9251 = ORIENTED_EDGE('',*,*,#6367,.F.);
#9252 = ORIENTED_EDGE('',*,*,#6329,.T.);
#9253 = PLANE('',#9254);
#9254 = AXIS2_PLACEMENT_3D('',#9255,#9256,#9257);
#9255 = CARTESIAN_POINT('',(-4.,93.,-20.5));
#9256 = DIRECTION('',(2.E-16,-1.,-1.224646799147E-16));
#9257 = DIRECTION('',(2.E-16,1.224646799147E-16,-1.));
#9258 = ADVANCED_FACE('',(#9259),#9280,.F.);
#9259 = FACE_BOUND('',#9260,.F.);
#9260 = EDGE_LOOP('',(#9261,#9270,#9277,#9278,#9279));
#9261 = ORIENTED_EDGE('',*,*,#9262,.F.);
#9262 = EDGE_CURVE('',#9263,#6442,#9265,.T.);
#9263 = VERTEX_POINT('',#9264);
#9264 = CARTESIAN_POINT('',(-2.,93.,-29.));
#9265 = CIRCLE('',#9266,2.);
#9266 = AXIS2_PLACEMENT_3D('',#9267,#9268,#9269);
#9267 = CARTESIAN_POINT('',(-4.,93.,-29.));
#9268 = DIRECTION('',(-2.E-16,1.,-9.95799250103E-17));
#9269 = DIRECTION('',(1.,2.E-16,2.E-16));
#9270 = ORIENTED_EDGE('',*,*,#9271,.F.);
#9271 = EDGE_CURVE('',#6515,#9263,#9272,.T.);
#9272 = CIRCLE('',#9273,2.);
#9273 = AXIS2_PLACEMENT_3D('',#9274,#9275,#9276);
#9274 = CARTESIAN_POINT('',(-4.,93.,-29.));
#9275 = DIRECTION('',(-2.E-16,1.,-9.95799250103E-17));
#9276 = DIRECTION('',(1.,2.E-16,2.E-16));
#9277 = ORIENTED_EDGE('',*,*,#6522,.T.);
#9278 = ORIENTED_EDGE('',*,*,#6473,.F.);
#9279 = ORIENTED_EDGE('',*,*,#6441,.T.);
#9280 = PLANE('',#9281);
#9281 = AXIS2_PLACEMENT_3D('',#9282,#9283,#9284);
#9282 = CARTESIAN_POINT('',(-4.,93.,-20.5));
#9283 = DIRECTION('',(2.E-16,-1.,-1.224646799147E-16));
#9284 = DIRECTION('',(2.E-16,1.224646799147E-16,-1.));
#9285 = ADVANCED_FACE('',(#9286),#9298,.F.);
#9286 = FACE_BOUND('',#9287,.F.);
#9287 = EDGE_LOOP('',(#9288,#9289,#9290,#9291));
#9288 = ORIENTED_EDGE('',*,*,#6554,.T.);
#9289 = ORIENTED_EDGE('',*,*,#7742,.F.);
#9290 = ORIENTED_EDGE('',*,*,#6612,.F.);
#9291 = ORIENTED_EDGE('',*,*,#9292,.T.);
#9292 = EDGE_CURVE('',#6613,#6547,#9293,.T.);
#9293 = CIRCLE('',#9294,2.);
#9294 = AXIS2_PLACEMENT_3D('',#9295,#9296,#9297);
#9295 = CARTESIAN_POINT('',(-4.,93.,-29.));
#9296 = DIRECTION('',(-2.E-16,1.,-9.95799250103E-17));
#9297 = DIRECTION('',(1.,2.E-16,2.E-16));
#9298 = CYLINDRICAL_SURFACE('',#9299,2.);
#9299 = AXIS2_PLACEMENT_3D('',#9300,#9301,#9302);
#9300 = CARTESIAN_POINT('',(-4.,93.5,-29.));
#9301 = DIRECTION('',(-2.E-16,1.,-9.95799250103E-17));
#9302 = DIRECTION('',(1.,2.E-16,2.E-16));
#9303 = ADVANCED_FACE('',(#9304),#9310,.F.);
#9304 = FACE_BOUND('',#9305,.F.);
#9305 = EDGE_LOOP('',(#9306,#9307,#9308,#9309));
#9306 = ORIENTED_EDGE('',*,*,#6546,.T.);
#9307 = ORIENTED_EDGE('',*,*,#9292,.F.);
#9308 = ORIENTED_EDGE('',*,*,#6620,.T.);
#9309 = ORIENTED_EDGE('',*,*,#6587,.F.);
#9310 = PLANE('',#9311);
#9311 = AXIS2_PLACEMENT_3D('',#9312,#9313,#9314);
#9312 = CARTESIAN_POINT('',(-4.,93.,-20.5));
#9313 = DIRECTION('',(2.E-16,-1.,-1.224646799147E-16));
#9314 = DIRECTION('',(2.E-16,1.224646799147E-16,-1.));
#9315 = ADVANCED_FACE('',(#9316,#9319),#9322,.T.);
#9316 = FACE_BOUND('',#9317,.T.);
#9317 = EDGE_LOOP('',(#9318));
#9318 = ORIENTED_EDGE('',*,*,#7016,.F.);
#9319 = FACE_BOUND('',#9320,.T.);
#9320 = EDGE_LOOP('',(#9321));
#9321 = ORIENTED_EDGE('',*,*,#8869,.F.);
#9322 = PLANE('',#9323);
#9323 = AXIS2_PLACEMENT_3D('',#9324,#9325,#9326);
#9324 = CARTESIAN_POINT('',(-123.5,-1.42108547152E-14,-4.));
#9325 = DIRECTION('',(2.E-16,1.224646799147E-16,-1.));
#9326 = DIRECTION('',(1.,2.E-16,2.E-16));
#9327 = ADVANCED_FACE('',(#9328,#9331),#9408,.F.);
#9328 = FACE_BOUND('',#9329,.F.);
#9329 = EDGE_LOOP('',(#9330));
#9330 = ORIENTED_EDGE('',*,*,#7814,.T.);
#9331 = FACE_BOUND('',#9332,.F.);
#9332 = EDGE_LOOP('',(#9333,#9344,#9352,#9360,#9369,#9377,#9385,#9394,
    #9402));
#9333 = ORIENTED_EDGE('',*,*,#9334,.T.);
#9334 = EDGE_CURVE('',#9335,#9337,#9339,.T.);
#9335 = VERTEX_POINT('',#9336);
#9336 = CARTESIAN_POINT('',(-86.96571393989,-59.46863620594,
    -40.29049809265));
#9337 = VERTEX_POINT('',#9338);
#9338 = CARTESIAN_POINT('',(-85.07428596339,-58.37661962654,
    -40.29049809265));
#9339 = CIRCLE('',#9340,1.55);
#9340 = AXIS2_PLACEMENT_3D('',#9341,#9342,#9343);
#9341 = CARTESIAN_POINT('',(-86.57,-57.97,-40.29049809265));
#9342 = DIRECTION('',(8.659560562355E-17,8.659560562355E-17,1.));
#9343 = DIRECTION('',(-2.22044604925E-16,-1.,8.659560562355E-17));
#9344 = ORIENTED_EDGE('',*,*,#9345,.T.);
#9345 = EDGE_CURVE('',#9337,#9346,#9348,.T.);
#9346 = VERTEX_POINT('',#9347);
#9347 = CARTESIAN_POINT('',(-84.37,-57.96999988832,-40.29049809265));
#9348 = LINE('',#9349,#9350);
#9349 = CARTESIAN_POINT('',(-71.9153950373,-50.77932951752,
    -40.29049809265));
#9350 = VECTOR('',#9351,1.);
#9351 = DIRECTION('',(0.866025378404,0.50000004396,2.344374210217E-16));
#9352 = ORIENTED_EDGE('',*,*,#9353,.T.);
#9353 = EDGE_CURVE('',#9346,#9354,#9356,.T.);
#9354 = VERTEX_POINT('',#9355);
#9355 = CARTESIAN_POINT('',(-85.07428600467,-57.5633802216,
    -40.29049809265));
#9356 = LINE('',#9357,#9358);
#9357 = CARTESIAN_POINT('',(-100.1225606044,-48.87525584907,
    -40.29049809265));
#9358 = VECTOR('',#9359,1.);
#9359 = DIRECTION('',(-0.866025429165,0.49999995604,-1.119727512592E-16)
  );
#9360 = ORIENTED_EDGE('',*,*,#9361,.T.);
#9361 = EDGE_CURVE('',#9354,#9362,#9364,.T.);
#9362 = VERTEX_POINT('',#9363);
#9363 = CARTESIAN_POINT('',(-86.96571409204,-56.47136383422,
    -40.29049809265));
#9364 = CIRCLE('',#9365,1.55);
#9365 = AXIS2_PLACEMENT_3D('',#9366,#9367,#9368);
#9366 = CARTESIAN_POINT('',(-86.57,-57.97,-40.29049809265));
#9367 = DIRECTION('',(8.659560562355E-17,8.659560562355E-17,1.));
#9368 = DIRECTION('',(-2.22044604925E-16,-1.,8.659560562355E-17));
#9369 = ORIENTED_EDGE('',*,*,#9370,.T.);
#9370 = EDGE_CURVE('',#9362,#9371,#9373,.T.);
#9371 = VERTEX_POINT('',#9372);
#9372 = CARTESIAN_POINT('',(-87.67000009671,-56.06474416751,
    -40.29049809265));
#9373 = LINE('',#9374,#9375);
#9374 = CARTESIAN_POINT('',(-100.1225606044,-48.87525584907,
    -40.29049809265));
#9375 = VECTOR('',#9376,1.);
#9376 = DIRECTION('',(-0.866025429165,0.49999995604,-1.119727512592E-16)
  );
#9377 = ORIENTED_EDGE('',*,*,#9378,.T.);
#9378 = EDGE_CURVE('',#9371,#9379,#9381,.T.);
#9379 = VERTEX_POINT('',#9380);
#9380 = CARTESIAN_POINT('',(-87.67000005543,-56.87798357244,
    -40.29049809265));
#9381 = LINE('',#9382,#9383);
#9382 = CARTESIAN_POINT('',(-87.67000150825,-28.2570547334,
    -40.29049809265));
#9383 = VECTOR('',#9384,1.);
#9384 = DIRECTION('',(5.076101552796E-08,-1.,-1.224646697625E-16));
#9385 = ORIENTED_EDGE('',*,*,#9386,.T.);
#9386 = EDGE_CURVE('',#9379,#9387,#9389,.T.);
#9387 = VERTEX_POINT('',#9388);
#9388 = CARTESIAN_POINT('',(-87.66999994456,-59.06201653922,
    -40.29049809265));
#9389 = CIRCLE('',#9390,1.55);
#9390 = AXIS2_PLACEMENT_3D('',#9391,#9392,#9393);
#9391 = CARTESIAN_POINT('',(-86.57,-57.97,-40.29049809265));
#9392 = DIRECTION('',(8.659560562355E-17,8.659560562355E-17,1.));
#9393 = DIRECTION('',(-2.22044604925E-16,-1.,8.659560562355E-17));
#9394 = ORIENTED_EDGE('',*,*,#9395,.T.);
#9395 = EDGE_CURVE('',#9387,#9396,#9398,.T.);
#9396 = VERTEX_POINT('',#9397);
#9397 = CARTESIAN_POINT('',(-87.66999990328,-59.87525594416,
    -40.29049809265));
#9398 = LINE('',#9399,#9400);
#9399 = CARTESIAN_POINT('',(-87.67000150825,-28.2570547334,
    -40.29049809265));
#9400 = VECTOR('',#9401,1.);
#9401 = DIRECTION('',(5.076101552796E-08,-1.,-1.224646697625E-16));
#9402 = ORIENTED_EDGE('',*,*,#9403,.T.);
#9403 = EDGE_CURVE('',#9396,#9335,#9404,.T.);
#9404 = LINE('',#9405,#9406);
#9405 = CARTESIAN_POINT('',(-71.9153950373,-50.77932951752,
    -40.29049809265));
#9406 = VECTOR('',#9407,1.);
#9407 = DIRECTION('',(0.866025378404,0.50000004396,2.344374210217E-16));
#9408 = PLANE('',#9409);
#9409 = AXIS2_PLACEMENT_3D('',#9410,#9411,#9412);
#9410 = CARTESIAN_POINT('',(-86.5672762,3.361146533333,-40.29049809265)
  );
#9411 = DIRECTION('',(2.E-16,1.224646799147E-16,-1.));
#9412 = DIRECTION('',(1.,2.E-16,2.E-16));
#9413 = ADVANCED_FACE('',(#9414),#9435,.T.);
#9414 = FACE_BOUND('',#9415,.T.);
#9415 = EDGE_LOOP('',(#9416,#9425,#9432,#9433,#9434));
#9416 = ORIENTED_EDGE('',*,*,#9417,.T.);
#9417 = EDGE_CURVE('',#7992,#9418,#9420,.T.);
#9418 = VERTEX_POINT('',#9419);
#9419 = CARTESIAN_POINT('',(-6.,-93.,-29.));
#9420 = CIRCLE('',#9421,2.);
#9421 = AXIS2_PLACEMENT_3D('',#9422,#9423,#9424);
#9422 = CARTESIAN_POINT('',(-4.,-93.,-29.));
#9423 = DIRECTION('',(2.E-16,-1.,9.95799250103E-17));
#9424 = DIRECTION('',(-1.,-2.E-16,-2.E-16));
#9425 = ORIENTED_EDGE('',*,*,#9426,.T.);
#9426 = EDGE_CURVE('',#9418,#8243,#9427,.T.);
#9427 = CIRCLE('',#9428,2.);
#9428 = AXIS2_PLACEMENT_3D('',#9429,#9430,#9431);
#9429 = CARTESIAN_POINT('',(-4.,-93.,-29.));
#9430 = DIRECTION('',(2.E-16,-1.,9.95799250103E-17));
#9431 = DIRECTION('',(-1.,-2.E-16,-2.E-16));
#9432 = ORIENTED_EDGE('',*,*,#8242,.T.);
#9433 = ORIENTED_EDGE('',*,*,#7957,.F.);
#9434 = ORIENTED_EDGE('',*,*,#7999,.T.);
#9435 = PLANE('',#9436);
#9436 = AXIS2_PLACEMENT_3D('',#9437,#9438,#9439);
#9437 = CARTESIAN_POINT('',(-4.,-93.,-20.5));
#9438 = DIRECTION('',(2.E-16,-1.,-1.224646799147E-16));
#9439 = DIRECTION('',(2.E-16,1.224646799147E-16,-1.));
#9440 = ADVANCED_FACE('',(#9441),#9452,.F.);
#9441 = FACE_BOUND('',#9442,.F.);
#9442 = EDGE_LOOP('',(#9443,#9444,#9451));
#9443 = ORIENTED_EDGE('',*,*,#7981,.F.);
#9444 = ORIENTED_EDGE('',*,*,#9445,.F.);
#9445 = EDGE_CURVE('',#8022,#7982,#9446,.T.);
#9446 = CIRCLE('',#9447,2.);
#9447 = AXIS2_PLACEMENT_3D('',#9448,#9449,#9450);
#9448 = CARTESIAN_POINT('',(-4.,-93.28,-29.));
#9449 = DIRECTION('',(2.E-16,-1.,9.95799250103E-17));
#9450 = DIRECTION('',(-1.,-2.E-16,-2.E-16));
#9451 = ORIENTED_EDGE('',*,*,#8021,.F.);
#9452 = PLANE('',#9453);
#9453 = AXIS2_PLACEMENT_3D('',#9454,#9455,#9456);
#9454 = CARTESIAN_POINT('',(-4.024234530252,-93.28,-28.97221669327));
#9455 = DIRECTION('',(-2.948876798795E-16,-1.,-3.714698827088E-16));
#9456 = DIRECTION('',(0.51503807491,1.665334536938E-16,-0.857167300702)
  );
#9457 = ADVANCED_FACE('',(#9458),#9513,.F.);
#9458 = FACE_BOUND('',#9459,.F.);
#9459 = EDGE_LOOP('',(#9460,#9469,#9475,#9476,#9477,#9484,#9485,#9492,
    #9493,#9500,#9501,#9508,#9509,#9510,#9511,#9512));
#9460 = ORIENTED_EDGE('',*,*,#9461,.F.);
#9461 = EDGE_CURVE('',#9462,#9462,#9464,.T.);
#9462 = VERTEX_POINT('',#9463);
#9463 = CARTESIAN_POINT('',(-6.,-93.5,-29.));
#9464 = CIRCLE('',#9465,2.);
#9465 = AXIS2_PLACEMENT_3D('',#9466,#9467,#9468);
#9466 = CARTESIAN_POINT('',(-4.,-93.5,-29.));
#9467 = DIRECTION('',(2.E-16,-1.,9.95799250103E-17));
#9468 = DIRECTION('',(-1.,-2.E-16,-2.E-16));
#9469 = ORIENTED_EDGE('',*,*,#9470,.T.);
#9470 = EDGE_CURVE('',#9462,#9418,#9471,.T.);
#9471 = LINE('',#9472,#9473);
#9472 = CARTESIAN_POINT('',(-6.,-93.5,-29.));
#9473 = VECTOR('',#9474,1.);
#9474 = DIRECTION('',(-2.E-16,1.,-9.95799250103E-17));
#9475 = ORIENTED_EDGE('',*,*,#9426,.T.);
#9476 = ORIENTED_EDGE('',*,*,#8250,.T.);
#9477 = ORIENTED_EDGE('',*,*,#9478,.T.);
#9478 = EDGE_CURVE('',#8232,#8192,#9479,.T.);
#9479 = CIRCLE('',#9480,2.);
#9480 = AXIS2_PLACEMENT_3D('',#9481,#9482,#9483);
#9481 = CARTESIAN_POINT('',(-4.,-93.28,-29.));
#9482 = DIRECTION('',(2.E-16,-1.,9.95799250103E-17));
#9483 = DIRECTION('',(-1.,-2.E-16,-2.E-16));
#9484 = ORIENTED_EDGE('',*,*,#8201,.F.);
#9485 = ORIENTED_EDGE('',*,*,#9486,.T.);
#9486 = EDGE_CURVE('',#8202,#8145,#9487,.T.);
#9487 = CIRCLE('',#9488,2.);
#9488 = AXIS2_PLACEMENT_3D('',#9489,#9490,#9491);
#9489 = CARTESIAN_POINT('',(-4.,-93.,-29.));
#9490 = DIRECTION('',(2.E-16,-1.,9.95799250103E-17));
#9491 = DIRECTION('',(-1.,-2.E-16,-2.E-16));
#9492 = ORIENTED_EDGE('',*,*,#8152,.T.);
#9493 = ORIENTED_EDGE('',*,*,#9494,.T.);
#9494 = EDGE_CURVE('',#8127,#8087,#9495,.T.);
#9495 = CIRCLE('',#9496,2.);
#9496 = AXIS2_PLACEMENT_3D('',#9497,#9498,#9499);
#9497 = CARTESIAN_POINT('',(-4.,-93.28,-29.));
#9498 = DIRECTION('',(2.E-16,-1.,9.95799250103E-17));
#9499 = DIRECTION('',(-1.,-2.E-16,-2.E-16));
#9500 = ORIENTED_EDGE('',*,*,#8096,.F.);
#9501 = ORIENTED_EDGE('',*,*,#9502,.T.);
#9502 = EDGE_CURVE('',#8097,#8040,#9503,.T.);
#9503 = CIRCLE('',#9504,2.);
#9504 = AXIS2_PLACEMENT_3D('',#9505,#9506,#9507);
#9505 = CARTESIAN_POINT('',(-4.,-93.,-29.));
#9506 = DIRECTION('',(2.E-16,-1.,9.95799250103E-17));
#9507 = DIRECTION('',(-1.,-2.E-16,-2.E-16));
#9508 = ORIENTED_EDGE('',*,*,#8047,.T.);
#9509 = ORIENTED_EDGE('',*,*,#9445,.T.);
#9510 = ORIENTED_EDGE('',*,*,#7991,.F.);
#9511 = ORIENTED_EDGE('',*,*,#9417,.T.);
#9512 = ORIENTED_EDGE('',*,*,#9470,.F.);
#9513 = CYLINDRICAL_SURFACE('',#9514,2.);
#9514 = AXIS2_PLACEMENT_3D('',#9515,#9516,#9517);
#9515 = CARTESIAN_POINT('',(-4.,-93.5,-29.));
#9516 = DIRECTION('',(2.E-16,-1.,9.95799250103E-17));
#9517 = DIRECTION('',(-1.,-2.E-16,-2.E-16));
#9518 = ADVANCED_FACE('',(#9519),#9525,.T.);
#9519 = FACE_BOUND('',#9520,.T.);
#9520 = EDGE_LOOP('',(#9521,#9522,#9523,#9524));
#9521 = ORIENTED_EDGE('',*,*,#9502,.T.);
#9522 = ORIENTED_EDGE('',*,*,#8039,.T.);
#9523 = ORIENTED_EDGE('',*,*,#8071,.F.);
#9524 = ORIENTED_EDGE('',*,*,#8104,.T.);
#9525 = PLANE('',#9526);
#9526 = AXIS2_PLACEMENT_3D('',#9527,#9528,#9529);
#9527 = CARTESIAN_POINT('',(-4.,-93.,-20.5));
#9528 = DIRECTION('',(2.E-16,-1.,-1.224646799147E-16));
#9529 = DIRECTION('',(2.E-16,1.224646799147E-16,-1.));
#9530 = ADVANCED_FACE('',(#9531),#9536,.F.);
#9531 = FACE_BOUND('',#9532,.F.);
#9532 = EDGE_LOOP('',(#9533,#9534,#9535));
#9533 = ORIENTED_EDGE('',*,*,#8086,.F.);
#9534 = ORIENTED_EDGE('',*,*,#9494,.F.);
#9535 = ORIENTED_EDGE('',*,*,#8126,.F.);
#9536 = PLANE('',#9537);
#9537 = AXIS2_PLACEMENT_3D('',#9538,#9539,#9540);
#9538 = CARTESIAN_POINT('',(-4.024234530252,-93.28,-28.97221669327));
#9539 = DIRECTION('',(-2.948876798795E-16,-1.,-3.714698827088E-16));
#9540 = DIRECTION('',(0.51503807491,1.665334536938E-16,-0.857167300702)
  );
#9541 = ADVANCED_FACE('',(#9542),#9548,.T.);
#9542 = FACE_BOUND('',#9543,.T.);
#9543 = EDGE_LOOP('',(#9544,#9545,#9546,#9547));
#9544 = ORIENTED_EDGE('',*,*,#8209,.T.);
#9545 = ORIENTED_EDGE('',*,*,#9486,.T.);
#9546 = ORIENTED_EDGE('',*,*,#8144,.T.);
#9547 = ORIENTED_EDGE('',*,*,#8168,.F.);
#9548 = PLANE('',#9549);
#9549 = AXIS2_PLACEMENT_3D('',#9550,#9551,#9552);
#9550 = CARTESIAN_POINT('',(-4.,-93.,-20.5));
#9551 = DIRECTION('',(2.E-16,-1.,-1.224646799147E-16));
#9552 = DIRECTION('',(2.E-16,1.224646799147E-16,-1.));
#9553 = ADVANCED_FACE('',(#9554),#9559,.F.);
#9554 = FACE_BOUND('',#9555,.F.);
#9555 = EDGE_LOOP('',(#9556,#9557,#9558));
#9556 = ORIENTED_EDGE('',*,*,#9478,.F.);
#9557 = ORIENTED_EDGE('',*,*,#8231,.F.);
#9558 = ORIENTED_EDGE('',*,*,#8191,.F.);
#9559 = PLANE('',#9560);
#9560 = AXIS2_PLACEMENT_3D('',#9561,#9562,#9563);
#9561 = CARTESIAN_POINT('',(-4.024234530252,-93.28,-28.97221669327));
#9562 = DIRECTION('',(-2.948876798795E-16,-1.,-3.714698827088E-16));
#9563 = DIRECTION('',(0.51503807491,1.665334536938E-16,-0.857167300702)
  );
#9564 = ADVANCED_FACE('',(#9565),#9586,.T.);
#9565 = FACE_BOUND('',#9566,.T.);
#9566 = EDGE_LOOP('',(#9567,#9576,#9583,#9584,#9585));
#9567 = ORIENTED_EDGE('',*,*,#9568,.T.);
#9568 = EDGE_CURVE('',#8307,#9569,#9571,.T.);
#9569 = VERTEX_POINT('',#9570);
#9570 = CARTESIAN_POINT('',(-6.,-93.,-12.));
#9571 = CIRCLE('',#9572,2.);
#9572 = AXIS2_PLACEMENT_3D('',#9573,#9574,#9575);
#9573 = CARTESIAN_POINT('',(-4.,-93.,-12.));
#9574 = DIRECTION('',(2.E-16,-1.,9.95799250103E-17));
#9575 = DIRECTION('',(-1.,-2.E-16,-2.E-16));
#9576 = ORIENTED_EDGE('',*,*,#9577,.T.);
#9577 = EDGE_CURVE('',#9569,#8558,#9578,.T.);
#9578 = CIRCLE('',#9579,2.);
#9579 = AXIS2_PLACEMENT_3D('',#9580,#9581,#9582);
#9580 = CARTESIAN_POINT('',(-4.,-93.,-12.));
#9581 = DIRECTION('',(2.E-16,-1.,9.95799250103E-17));
#9582 = DIRECTION('',(-1.,-2.E-16,-2.E-16));
#9583 = ORIENTED_EDGE('',*,*,#8557,.T.);
#9584 = ORIENTED_EDGE('',*,*,#8272,.F.);
#9585 = ORIENTED_EDGE('',*,*,#8314,.T.);
#9586 = PLANE('',#9587);
#9587 = AXIS2_PLACEMENT_3D('',#9588,#9589,#9590);
#9588 = CARTESIAN_POINT('',(-4.,-93.,-20.5));
#9589 = DIRECTION('',(2.E-16,-1.,-1.224646799147E-16));
#9590 = DIRECTION('',(2.E-16,1.224646799147E-16,-1.));
#9591 = ADVANCED_FACE('',(#9592),#9603,.F.);
#9592 = FACE_BOUND('',#9593,.F.);
#9593 = EDGE_LOOP('',(#9594,#9595,#9602));
#9594 = ORIENTED_EDGE('',*,*,#8296,.F.);
#9595 = ORIENTED_EDGE('',*,*,#9596,.F.);
#9596 = EDGE_CURVE('',#8337,#8297,#9597,.T.);
#9597 = CIRCLE('',#9598,2.);
#9598 = AXIS2_PLACEMENT_3D('',#9599,#9600,#9601);
#9599 = CARTESIAN_POINT('',(-4.,-93.28,-12.));
#9600 = DIRECTION('',(2.E-16,-1.,9.95799250103E-17));
#9601 = DIRECTION('',(-1.,-2.E-16,-2.E-16));
#9602 = ORIENTED_EDGE('',*,*,#8336,.F.);
#9603 = PLANE('',#9604);
#9604 = AXIS2_PLACEMENT_3D('',#9605,#9606,#9607);
#9605 = CARTESIAN_POINT('',(-4.014366462068,-93.28,-12.03843676612));
#9606 = DIRECTION('',(-2.948876798795E-16,-1.,-3.714698827088E-16));
#9607 = DIRECTION('',(0.51503807491,1.665334536938E-16,-0.857167300702)
  );
#9608 = ADVANCED_FACE('',(#9609),#9664,.F.);
#9609 = FACE_BOUND('',#9610,.F.);
#9610 = EDGE_LOOP('',(#9611,#9620,#9626,#9627,#9628,#9635,#9636,#9643,
    #9644,#9651,#9652,#9659,#9660,#9661,#9662,#9663));
#9611 = ORIENTED_EDGE('',*,*,#9612,.F.);
#9612 = EDGE_CURVE('',#9613,#9613,#9615,.T.);
#9613 = VERTEX_POINT('',#9614);
#9614 = CARTESIAN_POINT('',(-6.,-93.5,-12.));
#9615 = CIRCLE('',#9616,2.);
#9616 = AXIS2_PLACEMENT_3D('',#9617,#9618,#9619);
#9617 = CARTESIAN_POINT('',(-4.,-93.5,-12.));
#9618 = DIRECTION('',(2.E-16,-1.,9.95799250103E-17));
#9619 = DIRECTION('',(-1.,-2.E-16,-2.E-16));
#9620 = ORIENTED_EDGE('',*,*,#9621,.T.);
#9621 = EDGE_CURVE('',#9613,#9569,#9622,.T.);
#9622 = LINE('',#9623,#9624);
#9623 = CARTESIAN_POINT('',(-6.,-93.5,-12.));
#9624 = VECTOR('',#9625,1.);
#9625 = DIRECTION('',(-2.E-16,1.,-9.95799250103E-17));
#9626 = ORIENTED_EDGE('',*,*,#9577,.T.);
#9627 = ORIENTED_EDGE('',*,*,#8565,.T.);
#9628 = ORIENTED_EDGE('',*,*,#9629,.T.);
#9629 = EDGE_CURVE('',#8547,#8507,#9630,.T.);
#9630 = CIRCLE('',#9631,2.);
#9631 = AXIS2_PLACEMENT_3D('',#9632,#9633,#9634);
#9632 = CARTESIAN_POINT('',(-4.,-93.28,-12.));
#9633 = DIRECTION('',(2.E-16,-1.,9.95799250103E-17));
#9634 = DIRECTION('',(-1.,-2.E-16,-2.E-16));
#9635 = ORIENTED_EDGE('',*,*,#8516,.F.);
#9636 = ORIENTED_EDGE('',*,*,#9637,.T.);
#9637 = EDGE_CURVE('',#8517,#8460,#9638,.T.);
#9638 = CIRCLE('',#9639,2.);
#9639 = AXIS2_PLACEMENT_3D('',#9640,#9641,#9642);
#9640 = CARTESIAN_POINT('',(-4.,-93.,-12.));
#9641 = DIRECTION('',(2.E-16,-1.,9.95799250103E-17));
#9642 = DIRECTION('',(-1.,-2.E-16,-2.E-16));
#9643 = ORIENTED_EDGE('',*,*,#8467,.T.);
#9644 = ORIENTED_EDGE('',*,*,#9645,.T.);
#9645 = EDGE_CURVE('',#8442,#8402,#9646,.T.);
#9646 = CIRCLE('',#9647,2.);
#9647 = AXIS2_PLACEMENT_3D('',#9648,#9649,#9650);
#9648 = CARTESIAN_POINT('',(-4.,-93.28,-12.));
#9649 = DIRECTION('',(2.E-16,-1.,9.95799250103E-17));
#9650 = DIRECTION('',(-1.,-2.E-16,-2.E-16));
#9651 = ORIENTED_EDGE('',*,*,#8411,.F.);
#9652 = ORIENTED_EDGE('',*,*,#9653,.T.);
#9653 = EDGE_CURVE('',#8412,#8355,#9654,.T.);
#9654 = CIRCLE('',#9655,2.);
#9655 = AXIS2_PLACEMENT_3D('',#9656,#9657,#9658);
#9656 = CARTESIAN_POINT('',(-4.,-93.,-12.));
#9657 = DIRECTION('',(2.E-16,-1.,9.95799250103E-17));
#9658 = DIRECTION('',(-1.,-2.E-16,-2.E-16));
#9659 = ORIENTED_EDGE('',*,*,#8362,.T.);
#9660 = ORIENTED_EDGE('',*,*,#9596,.T.);
#9661 = ORIENTED_EDGE('',*,*,#8306,.F.);
#9662 = ORIENTED_EDGE('',*,*,#9568,.T.);
#9663 = ORIENTED_EDGE('',*,*,#9621,.F.);
#9664 = CYLINDRICAL_SURFACE('',#9665,2.);
#9665 = AXIS2_PLACEMENT_3D('',#9666,#9667,#9668);
#9666 = CARTESIAN_POINT('',(-4.,-93.5,-12.));
#9667 = DIRECTION('',(2.E-16,-1.,9.95799250103E-17));
#9668 = DIRECTION('',(-1.,-2.E-16,-2.E-16));
#9669 = ADVANCED_FACE('',(#9670),#9676,.T.);
#9670 = FACE_BOUND('',#9671,.T.);
#9671 = EDGE_LOOP('',(#9672,#9673,#9674,#9675));
#9672 = ORIENTED_EDGE('',*,*,#9653,.T.);
#9673 = ORIENTED_EDGE('',*,*,#8354,.T.);
#9674 = ORIENTED_EDGE('',*,*,#8386,.F.);
#9675 = ORIENTED_EDGE('',*,*,#8419,.T.);
#9676 = PLANE('',#9677);
#9677 = AXIS2_PLACEMENT_3D('',#9678,#9679,#9680);
#9678 = CARTESIAN_POINT('',(-4.,-93.,-20.5));
#9679 = DIRECTION('',(2.E-16,-1.,-1.224646799147E-16));
#9680 = DIRECTION('',(2.E-16,1.224646799147E-16,-1.));
#9681 = ADVANCED_FACE('',(#9682),#9687,.F.);
#9682 = FACE_BOUND('',#9683,.F.);
#9683 = EDGE_LOOP('',(#9684,#9685,#9686));
#9684 = ORIENTED_EDGE('',*,*,#8401,.F.);
#9685 = ORIENTED_EDGE('',*,*,#9645,.F.);
#9686 = ORIENTED_EDGE('',*,*,#8441,.F.);
#9687 = PLANE('',#9688);
#9688 = AXIS2_PLACEMENT_3D('',#9689,#9690,#9691);
#9689 = CARTESIAN_POINT('',(-4.014366462068,-93.28,-12.03843676612));
#9690 = DIRECTION('',(-2.948876798795E-16,-1.,-3.714698827088E-16));
#9691 = DIRECTION('',(0.51503807491,1.665334536938E-16,-0.857167300702)
  );
#9692 = ADVANCED_FACE('',(#9693),#9699,.T.);
#9693 = FACE_BOUND('',#9694,.T.);
#9694 = EDGE_LOOP('',(#9695,#9696,#9697,#9698));
#9695 = ORIENTED_EDGE('',*,*,#8524,.T.);
#9696 = ORIENTED_EDGE('',*,*,#9637,.T.);
#9697 = ORIENTED_EDGE('',*,*,#8459,.T.);
#9698 = ORIENTED_EDGE('',*,*,#8483,.F.);
#9699 = PLANE('',#9700);
#9700 = AXIS2_PLACEMENT_3D('',#9701,#9702,#9703);
#9701 = CARTESIAN_POINT('',(-4.,-93.,-20.5));
#9702 = DIRECTION('',(2.E-16,-1.,-1.224646799147E-16));
#9703 = DIRECTION('',(2.E-16,1.224646799147E-16,-1.));
#9704 = ADVANCED_FACE('',(#9705),#9710,.F.);
#9705 = FACE_BOUND('',#9706,.F.);
#9706 = EDGE_LOOP('',(#9707,#9708,#9709));
#9707 = ORIENTED_EDGE('',*,*,#9629,.F.);
#9708 = ORIENTED_EDGE('',*,*,#8546,.F.);
#9709 = ORIENTED_EDGE('',*,*,#8506,.F.);
#9710 = PLANE('',#9711);
#9711 = AXIS2_PLACEMENT_3D('',#9712,#9713,#9714);
#9712 = CARTESIAN_POINT('',(-4.014366462068,-93.28,-12.03843676612));
#9713 = DIRECTION('',(-2.948876798795E-16,-1.,-3.714698827088E-16));
#9714 = DIRECTION('',(0.51503807491,1.665334536938E-16,-0.857167300702)
  );
#9715 = ADVANCED_FACE('',(#9716,#9719),#9796,.F.);
#9716 = FACE_BOUND('',#9717,.F.);
#9717 = EDGE_LOOP('',(#9718));
#9718 = ORIENTED_EDGE('',*,*,#8710,.T.);
#9719 = FACE_BOUND('',#9720,.F.);
#9720 = EDGE_LOOP('',(#9721,#9732,#9740,#9748,#9757,#9765,#9773,#9782,
    #9790));
#9721 = ORIENTED_EDGE('',*,*,#9722,.T.);
#9722 = EDGE_CURVE('',#9723,#9725,#9727,.T.);
#9723 = VERTEX_POINT('',#9724);
#9724 = CARTESIAN_POINT('',(-86.96571393989,55.561363794054,
    -40.29049809265));
#9725 = VERTEX_POINT('',#9726);
#9726 = CARTESIAN_POINT('',(-85.07428596339,56.653380373457,
    -40.29049809265));
#9727 = CIRCLE('',#9728,1.55);
#9728 = AXIS2_PLACEMENT_3D('',#9729,#9730,#9731);
#9729 = CARTESIAN_POINT('',(-86.57,57.06,-40.29049809265));
#9730 = DIRECTION('',(8.659560562355E-17,8.659560562355E-17,1.));
#9731 = DIRECTION('',(-2.22044604925E-16,-1.,8.659560562355E-17));
#9732 = ORIENTED_EDGE('',*,*,#9733,.T.);
#9733 = EDGE_CURVE('',#9725,#9734,#9736,.T.);
#9734 = VERTEX_POINT('',#9735);
#9735 = CARTESIAN_POINT('',(-84.37,57.060000111674,-40.29049809265));
#9736 = LINE('',#9737,#9738);
#9737 = CARTESIAN_POINT('',(-96.82012204638,49.871917954113,
    -40.29049809265));
#9738 = VECTOR('',#9739,1.);
#9739 = DIRECTION('',(0.866025378404,0.50000004396,2.344374210217E-16));
#9740 = ORIENTED_EDGE('',*,*,#9741,.T.);
#9741 = EDGE_CURVE('',#9734,#9742,#9744,.T.);
#9742 = VERTEX_POINT('',#9743);
#9743 = CARTESIAN_POINT('',(-85.07428600467,57.466619778391,
    -40.29049809265));
#9744 = LINE('',#9745,#9746);
#9745 = CARTESIAN_POINT('',(-75.21783651486,51.775996679291,
    -40.29049809265));
#9746 = VECTOR('',#9747,1.);
#9747 = DIRECTION('',(-0.866025429165,0.49999995604,-1.119727512592E-16)
  );
#9748 = ORIENTED_EDGE('',*,*,#9749,.T.);
#9749 = EDGE_CURVE('',#9742,#9750,#9752,.T.);
#9750 = VERTEX_POINT('',#9751);
#9751 = CARTESIAN_POINT('',(-86.96571409204,58.558636165772,
    -40.29049809265));
#9752 = CIRCLE('',#9753,1.55);
#9753 = AXIS2_PLACEMENT_3D('',#9754,#9755,#9756);
#9754 = CARTESIAN_POINT('',(-86.57,57.06,-40.29049809265));
#9755 = DIRECTION('',(8.659560562355E-17,8.659560562355E-17,1.));
#9756 = DIRECTION('',(-2.22044604925E-16,-1.,8.659560562355E-17));
#9757 = ORIENTED_EDGE('',*,*,#9758,.T.);
#9758 = EDGE_CURVE('',#9750,#9759,#9761,.T.);
#9759 = VERTEX_POINT('',#9760);
#9760 = CARTESIAN_POINT('',(-87.67000009671,58.965255832489,
    -40.29049809265));
#9761 = LINE('',#9762,#9763);
#9762 = CARTESIAN_POINT('',(-75.21783651486,51.775996679291,
    -40.29049809265));
#9763 = VECTOR('',#9764,1.);
#9764 = DIRECTION('',(-0.866025429165,0.49999995604,-1.119727512592E-16)
  );
#9765 = ORIENTED_EDGE('',*,*,#9766,.T.);
#9766 = EDGE_CURVE('',#9759,#9767,#9769,.T.);
#9767 = VERTEX_POINT('',#9768);
#9768 = CARTESIAN_POINT('',(-87.67000005543,58.152016427555,
    -40.29049809265));
#9769 = LINE('',#9770,#9771);
#9770 = CARTESIAN_POINT('',(-87.66999858873,29.257945266598,
    -40.29049809265));
#9771 = VECTOR('',#9772,1.);
#9772 = DIRECTION('',(5.076101552796E-08,-1.,-1.224646697625E-16));
#9773 = ORIENTED_EDGE('',*,*,#9774,.T.);
#9774 = EDGE_CURVE('',#9767,#9775,#9777,.T.);
#9775 = VERTEX_POINT('',#9776);
#9776 = CARTESIAN_POINT('',(-87.66999994456,55.967983460771,
    -40.29049809265));
#9777 = CIRCLE('',#9778,1.55);
#9778 = AXIS2_PLACEMENT_3D('',#9779,#9780,#9781);
#9779 = CARTESIAN_POINT('',(-86.57,57.06,-40.29049809265));
#9780 = DIRECTION('',(8.659560562355E-17,8.659560562355E-17,1.));
#9781 = DIRECTION('',(-2.22044604925E-16,-1.,8.659560562355E-17));
#9782 = ORIENTED_EDGE('',*,*,#9783,.T.);
#9783 = EDGE_CURVE('',#9775,#9784,#9786,.T.);
#9784 = VERTEX_POINT('',#9785);
#9785 = CARTESIAN_POINT('',(-87.66999990328,55.154744055837,
    -40.29049809265));
#9786 = LINE('',#9787,#9788);
#9787 = CARTESIAN_POINT('',(-87.66999858873,29.257945266598,
    -40.29049809265));
#9788 = VECTOR('',#9789,1.);
#9789 = DIRECTION('',(5.076101552796E-08,-1.,-1.224646697625E-16));
#9790 = ORIENTED_EDGE('',*,*,#9791,.T.);
#9791 = EDGE_CURVE('',#9784,#9723,#9792,.T.);
#9792 = LINE('',#9793,#9794);
#9793 = CARTESIAN_POINT('',(-96.82012204638,49.871917954113,
    -40.29049809265));
#9794 = VECTOR('',#9795,1.);
#9795 = DIRECTION('',(0.866025378404,0.50000004396,2.344374210217E-16));
#9796 = PLANE('',#9797);
#9797 = AXIS2_PLACEMENT_3D('',#9798,#9799,#9800);
#9798 = CARTESIAN_POINT('',(-86.5672762,3.361146533333,-40.29049809265)
  );
#9799 = DIRECTION('',(2.E-16,1.224646799147E-16,-1.));
#9800 = DIRECTION('',(1.,2.E-16,2.E-16));
#9801 = ADVANCED_FACE('',(#9802),#9821,.F.);
#9802 = FACE_BOUND('',#9803,.T.);
#9803 = EDGE_LOOP('',(#9804,#9805,#9813,#9820));
#9804 = ORIENTED_EDGE('',*,*,#8752,.F.);
#9805 = ORIENTED_EDGE('',*,*,#9806,.T.);
#9806 = EDGE_CURVE('',#8753,#9807,#9809,.T.);
#9807 = VERTEX_POINT('',#9808);
#9808 = CARTESIAN_POINT('',(-120.,-85.,-4.));
#9809 = LINE('',#9810,#9811);
#9810 = CARTESIAN_POINT('',(-120.,-85.,-18.));
#9811 = VECTOR('',#9812,1.);
#9812 = DIRECTION('',(-2.E-16,-1.224646799147E-16,1.));
#9813 = ORIENTED_EDGE('',*,*,#9814,.T.);
#9814 = EDGE_CURVE('',#9807,#9807,#9815,.T.);
#9815 = CIRCLE('',#9816,3.5);
#9816 = AXIS2_PLACEMENT_3D('',#9817,#9818,#9819);
#9817 = CARTESIAN_POINT('',(-123.5,-85.,-4.));
#9818 = DIRECTION('',(-2.E-16,-1.224646799147E-16,1.));
#9819 = DIRECTION('',(1.,2.E-16,2.E-16));
#9820 = ORIENTED_EDGE('',*,*,#9806,.F.);
#9821 = CYLINDRICAL_SURFACE('',#9822,3.5);
#9822 = AXIS2_PLACEMENT_3D('',#9823,#9824,#9825);
#9823 = CARTESIAN_POINT('',(-123.5,-85.,-18.));
#9824 = DIRECTION('',(2.E-16,1.224646799147E-16,-1.));
#9825 = DIRECTION('',(1.,2.E-16,2.E-16));
#9826 = ADVANCED_FACE('',(#9827,#9830),#9833,.T.);
#9827 = FACE_BOUND('',#9828,.T.);
#9828 = EDGE_LOOP('',(#9829));
#9829 = ORIENTED_EDGE('',*,*,#8777,.T.);
#9830 = FACE_BOUND('',#9831,.T.);
#9831 = EDGE_LOOP('',(#9832));
#9832 = ORIENTED_EDGE('',*,*,#9612,.F.);
#9833 = PLANE('',#9834);
#9834 = AXIS2_PLACEMENT_3D('',#9835,#9836,#9837);
#9835 = CARTESIAN_POINT('',(-4.,-93.5,-20.5));
#9836 = DIRECTION('',(-4.767073673906E-16,-1.,2.260023679411E-16));
#9837 = DIRECTION('',(1.,-4.767073673906E-16,2.E-16));
#9838 = ADVANCED_FACE('',(#9839,#9842),#9845,.T.);
#9839 = FACE_BOUND('',#9840,.T.);
#9840 = EDGE_LOOP('',(#9841));
#9841 = ORIENTED_EDGE('',*,*,#8802,.T.);
#9842 = FACE_BOUND('',#9843,.T.);
#9843 = EDGE_LOOP('',(#9844));
#9844 = ORIENTED_EDGE('',*,*,#9461,.F.);
#9845 = PLANE('',#9846);
#9846 = AXIS2_PLACEMENT_3D('',#9847,#9848,#9849);
#9847 = CARTESIAN_POINT('',(-4.,-93.5,-20.5));
#9848 = DIRECTION('',(-4.767073673906E-16,-1.,2.260023679411E-16));
#9849 = DIRECTION('',(1.,-4.767073673906E-16,2.E-16));
#9850 = ADVANCED_FACE('',(#9851,#9854),#9857,.T.);
#9851 = FACE_BOUND('',#9852,.T.);
#9852 = EDGE_LOOP('',(#9853));
#9853 = ORIENTED_EDGE('',*,*,#9814,.F.);
#9854 = FACE_BOUND('',#9855,.T.);
#9855 = EDGE_LOOP('',(#9856));
#9856 = ORIENTED_EDGE('',*,*,#9020,.F.);
#9857 = PLANE('',#9858);
#9858 = AXIS2_PLACEMENT_3D('',#9859,#9860,#9861);
#9859 = CARTESIAN_POINT('',(-123.5,-1.42108547152E-14,-4.));
#9860 = DIRECTION('',(2.E-16,1.224646799147E-16,-1.));
#9861 = DIRECTION('',(1.,2.E-16,2.E-16));
#9862 = ADVANCED_FACE('',(#9863),#9898,.F.);
#9863 = FACE_BOUND('',#9864,.F.);
#9864 = EDGE_LOOP('',(#9865,#9873,#9874,#9882,#9891));
#9865 = ORIENTED_EDGE('',*,*,#9866,.T.);
#9866 = EDGE_CURVE('',#9867,#9337,#9869,.T.);
#9867 = VERTEX_POINT('',#9868);
#9868 = CARTESIAN_POINT('',(-85.07428596339,-58.37661962654,-47.14));
#9869 = LINE('',#9870,#9871);
#9870 = CARTESIAN_POINT('',(-85.07428596339,-58.37661962654,-40.14));
#9871 = VECTOR('',#9872,1.);
#9872 = DIRECTION('',(8.659560562355E-17,8.659560562355E-17,1.));
#9873 = ORIENTED_EDGE('',*,*,#9334,.F.);
#9874 = ORIENTED_EDGE('',*,*,#9875,.F.);
#9875 = EDGE_CURVE('',#9876,#9335,#9878,.T.);
#9876 = VERTEX_POINT('',#9877);
#9877 = CARTESIAN_POINT('',(-86.96571393989,-59.46863620594,-47.14));
#9878 = LINE('',#9879,#9880);
#9879 = CARTESIAN_POINT('',(-86.96571393989,-59.46863620594,-40.14));
#9880 = VECTOR('',#9881,1.);
#9881 = DIRECTION('',(8.659560562355E-17,8.659560562355E-17,1.));
#9882 = ORIENTED_EDGE('',*,*,#9883,.F.);
#9883 = EDGE_CURVE('',#9884,#9876,#9886,.T.);
#9884 = VERTEX_POINT('',#9885);
#9885 = CARTESIAN_POINT('',(-86.57,-59.52,-47.14));
#9886 = CIRCLE('',#9887,1.55);
#9887 = AXIS2_PLACEMENT_3D('',#9888,#9889,#9890);
#9888 = CARTESIAN_POINT('',(-86.57,-57.97,-47.14));
#9889 = DIRECTION('',(-8.659560562355E-17,-8.659560562355E-17,-1.));
#9890 = DIRECTION('',(-2.22044604925E-16,-1.,8.659560562355E-17));
#9891 = ORIENTED_EDGE('',*,*,#9892,.F.);
#9892 = EDGE_CURVE('',#9867,#9884,#9893,.T.);
#9893 = CIRCLE('',#9894,1.55);
#9894 = AXIS2_PLACEMENT_3D('',#9895,#9896,#9897);
#9895 = CARTESIAN_POINT('',(-86.57,-57.97,-47.14));
#9896 = DIRECTION('',(-8.659560562355E-17,-8.659560562355E-17,-1.));
#9897 = DIRECTION('',(-2.22044604925E-16,-1.,8.659560562355E-17));
#9898 = CYLINDRICAL_SURFACE('',#9899,1.55);
#9899 = AXIS2_PLACEMENT_3D('',#9900,#9901,#9902);
#9900 = CARTESIAN_POINT('',(-86.57,-57.97,-40.14));
#9901 = DIRECTION('',(8.659560562355E-17,8.659560562355E-17,1.));
#9902 = DIRECTION('',(-2.22044604925E-16,-1.,8.659560562355E-17));
#9903 = ADVANCED_FACE('',(#9904),#9922,.T.);
#9904 = FACE_BOUND('',#9905,.T.);
#9905 = EDGE_LOOP('',(#9906,#9907,#9908,#9916));
#9906 = ORIENTED_EDGE('',*,*,#9403,.T.);
#9907 = ORIENTED_EDGE('',*,*,#9875,.F.);
#9908 = ORIENTED_EDGE('',*,*,#9909,.T.);
#9909 = EDGE_CURVE('',#9876,#9910,#9912,.T.);
#9910 = VERTEX_POINT('',#9911);
#9911 = CARTESIAN_POINT('',(-87.66999990328,-59.87525594416,-47.14));
#9912 = LINE('',#9913,#9914);
#9913 = CARTESIAN_POINT('',(-84.37,-57.96999988832,-47.14));
#9914 = VECTOR('',#9915,1.);
#9915 = DIRECTION('',(-0.866025378404,-0.50000004396,1.182917987468E-16)
  );
#9916 = ORIENTED_EDGE('',*,*,#9917,.F.);
#9917 = EDGE_CURVE('',#9396,#9910,#9918,.T.);
#9918 = LINE('',#9919,#9920);
#9919 = CARTESIAN_POINT('',(-87.66999990328,-59.87525594416,-40.14));
#9920 = VECTOR('',#9921,1.);
#9921 = DIRECTION('',(-8.659560562355E-17,-8.659560562355E-17,-1.));
#9922 = PLANE('',#9923);
#9923 = AXIS2_PLACEMENT_3D('',#9924,#9925,#9926);
#9924 = CARTESIAN_POINT('',(-84.37,-57.96999988832,-40.14));
#9925 = DIRECTION('',(-0.50000004396,0.866025378404,-3.169618550974E-17)
  );
#9926 = DIRECTION('',(-0.866025378404,-0.50000004396,1.182917987468E-16)
  );
#9927 = ADVANCED_FACE('',(#9928),#9946,.T.);
#9928 = FACE_BOUND('',#9929,.T.);
#9929 = EDGE_LOOP('',(#9930,#9931,#9932,#9940));
#9930 = ORIENTED_EDGE('',*,*,#9395,.T.);
#9931 = ORIENTED_EDGE('',*,*,#9917,.T.);
#9932 = ORIENTED_EDGE('',*,*,#9933,.T.);
#9933 = EDGE_CURVE('',#9910,#9934,#9936,.T.);
#9934 = VERTEX_POINT('',#9935);
#9935 = CARTESIAN_POINT('',(-87.66999994456,-59.06201653922,-47.14));
#9936 = LINE('',#9937,#9938);
#9937 = CARTESIAN_POINT('',(-87.66999990328,-59.87525594416,-47.14));
#9938 = VECTOR('',#9939,1.);
#9939 = DIRECTION('',(-5.076101552796E-08,1.,-8.659560122787E-17));
#9940 = ORIENTED_EDGE('',*,*,#9941,.T.);
#9941 = EDGE_CURVE('',#9934,#9387,#9942,.T.);
#9942 = LINE('',#9943,#9944);
#9943 = CARTESIAN_POINT('',(-87.66999994456,-59.06201653922,-40.14));
#9944 = VECTOR('',#9945,1.);
#9945 = DIRECTION('',(8.659560562355E-17,8.659560562355E-17,1.));
#9946 = PLANE('',#9947);
#9947 = AXIS2_PLACEMENT_3D('',#9948,#9949,#9950);
#9948 = CARTESIAN_POINT('',(-87.66999990328,-59.87525594416,-40.14));
#9949 = DIRECTION('',(1.,5.076101552796E-08,-8.659561001923E-17));
#9950 = DIRECTION('',(-5.076101552796E-08,1.,-8.659560122787E-17));
#9951 = ADVANCED_FACE('',(#9952),#9971,.F.);
#9952 = FACE_BOUND('',#9953,.F.);
#9953 = EDGE_LOOP('',(#9954,#9962,#9969,#9970));
#9954 = ORIENTED_EDGE('',*,*,#9955,.F.);
#9955 = EDGE_CURVE('',#9956,#9379,#9958,.T.);
#9956 = VERTEX_POINT('',#9957);
#9957 = CARTESIAN_POINT('',(-87.67000005543,-56.87798357244,-47.14));
#9958 = LINE('',#9959,#9960);
#9959 = CARTESIAN_POINT('',(-87.67000005543,-56.87798357244,-40.14));
#9960 = VECTOR('',#9961,1.);
#9961 = DIRECTION('',(8.659560562355E-17,8.659560562355E-17,1.));
#9962 = ORIENTED_EDGE('',*,*,#9963,.F.);
#9963 = EDGE_CURVE('',#9934,#9956,#9964,.T.);
#9964 = CIRCLE('',#9965,1.55);
#9965 = AXIS2_PLACEMENT_3D('',#9966,#9967,#9968);
#9966 = CARTESIAN_POINT('',(-86.57,-57.97,-47.14));
#9967 = DIRECTION('',(-8.659560562355E-17,-8.659560562355E-17,-1.));
#9968 = DIRECTION('',(-2.22044604925E-16,-1.,8.659560562355E-17));
#9969 = ORIENTED_EDGE('',*,*,#9941,.T.);
#9970 = ORIENTED_EDGE('',*,*,#9386,.F.);
#9971 = CYLINDRICAL_SURFACE('',#9972,1.55);
#9972 = AXIS2_PLACEMENT_3D('',#9973,#9974,#9975);
#9973 = CARTESIAN_POINT('',(-86.57,-57.97,-40.14));
#9974 = DIRECTION('',(8.659560562355E-17,8.659560562355E-17,1.));
#9975 = DIRECTION('',(-2.22044604925E-16,-1.,8.659560562355E-17));
#9976 = ADVANCED_FACE('',(#9977),#9995,.T.);
#9977 = FACE_BOUND('',#9978,.T.);
#9978 = EDGE_LOOP('',(#9979,#9980,#9981,#9989));
#9979 = ORIENTED_EDGE('',*,*,#9378,.T.);
#9980 = ORIENTED_EDGE('',*,*,#9955,.F.);
#9981 = ORIENTED_EDGE('',*,*,#9982,.T.);
#9982 = EDGE_CURVE('',#9956,#9983,#9985,.T.);
#9983 = VERTEX_POINT('',#9984);
#9984 = CARTESIAN_POINT('',(-87.67000009671,-56.06474416751,-47.14));
#9985 = LINE('',#9986,#9987);
#9986 = CARTESIAN_POINT('',(-87.66999990328,-59.87525594416,-47.14));
#9987 = VECTOR('',#9988,1.);
#9988 = DIRECTION('',(-5.076101552796E-08,1.,-8.659560122787E-17));
#9989 = ORIENTED_EDGE('',*,*,#9990,.F.);
#9990 = EDGE_CURVE('',#9371,#9983,#9991,.T.);
#9991 = LINE('',#9992,#9993);
#9992 = CARTESIAN_POINT('',(-87.67000009671,-56.06474416751,-40.14));
#9993 = VECTOR('',#9994,1.);
#9994 = DIRECTION('',(-8.659560562355E-17,-8.659560562355E-17,-1.));
#9995 = PLANE('',#9996);
#9996 = AXIS2_PLACEMENT_3D('',#9997,#9998,#9999);
#9997 = CARTESIAN_POINT('',(-87.66999990328,-59.87525594416,-40.14));
#9998 = DIRECTION('',(1.,5.076101552796E-08,-8.659561001923E-17));
#9999 = DIRECTION('',(-5.076101552796E-08,1.,-8.659560122787E-17));
#10000 = ADVANCED_FACE('',(#10001),#10019,.T.);
#10001 = FACE_BOUND('',#10002,.T.);
#10002 = EDGE_LOOP('',(#10003,#10004,#10005,#10013));
#10003 = ORIENTED_EDGE('',*,*,#9370,.T.);
#10004 = ORIENTED_EDGE('',*,*,#9990,.T.);
#10005 = ORIENTED_EDGE('',*,*,#10006,.T.);
#10006 = EDGE_CURVE('',#9983,#10007,#10009,.T.);
#10007 = VERTEX_POINT('',#10008);
#10008 = CARTESIAN_POINT('',(-86.96571409204,-56.47136383422,-47.14));
#10009 = LINE('',#10010,#10011);
#10010 = CARTESIAN_POINT('',(-87.67000009671,-56.06474416751,-47.14));
#10011 = VECTOR('',#10012,1.);
#10012 = DIRECTION('',(0.866025429165,-0.49999995604,-3.16961975189E-17)
  );
#10013 = ORIENTED_EDGE('',*,*,#10014,.T.);
#10014 = EDGE_CURVE('',#10007,#9362,#10015,.T.);
#10015 = LINE('',#10016,#10017);
#10016 = CARTESIAN_POINT('',(-86.96571409204,-56.47136383422,-40.14));
#10017 = VECTOR('',#10018,1.);
#10018 = DIRECTION('',(8.659560562355E-17,8.659560562355E-17,1.));
#10019 = PLANE('',#10020);
#10020 = AXIS2_PLACEMENT_3D('',#10021,#10022,#10023);
#10021 = CARTESIAN_POINT('',(-87.67000009671,-56.06474416751,-40.14));
#10022 = DIRECTION('',(-0.49999995604,-0.866025429165,1.182917955289E-16
    ));
#10023 = DIRECTION('',(0.866025429165,-0.49999995604,-3.16961975189E-17)
  );
#10024 = ADVANCED_FACE('',(#10025),#10044,.F.);
#10025 = FACE_BOUND('',#10026,.F.);
#10026 = EDGE_LOOP('',(#10027,#10036,#10037,#10038));
#10027 = ORIENTED_EDGE('',*,*,#10028,.F.);
#10028 = EDGE_CURVE('',#10007,#10029,#10031,.T.);
#10029 = VERTEX_POINT('',#10030);
#10030 = CARTESIAN_POINT('',(-85.07428600467,-57.5633802216,-47.14));
#10031 = CIRCLE('',#10032,1.55);
#10032 = AXIS2_PLACEMENT_3D('',#10033,#10034,#10035);
#10033 = CARTESIAN_POINT('',(-86.57,-57.97,-47.14));
#10034 = DIRECTION('',(-8.659560562355E-17,-8.659560562355E-17,-1.));
#10035 = DIRECTION('',(-2.22044604925E-16,-1.,8.659560562355E-17));
#10036 = ORIENTED_EDGE('',*,*,#10014,.T.);
#10037 = ORIENTED_EDGE('',*,*,#9361,.F.);
#10038 = ORIENTED_EDGE('',*,*,#10039,.F.);
#10039 = EDGE_CURVE('',#10029,#9354,#10040,.T.);
#10040 = LINE('',#10041,#10042);
#10041 = CARTESIAN_POINT('',(-85.07428600467,-57.5633802216,-40.14));
#10042 = VECTOR('',#10043,1.);
#10043 = DIRECTION('',(8.659560562355E-17,8.659560562355E-17,1.));
#10044 = CYLINDRICAL_SURFACE('',#10045,1.55);
#10045 = AXIS2_PLACEMENT_3D('',#10046,#10047,#10048);
#10046 = CARTESIAN_POINT('',(-86.57,-57.97,-40.14));
#10047 = DIRECTION('',(8.659560562355E-17,8.659560562355E-17,1.));
#10048 = DIRECTION('',(-2.22044604925E-16,-1.,8.659560562355E-17));
#10049 = ADVANCED_FACE('',(#10050),#10068,.T.);
#10050 = FACE_BOUND('',#10051,.T.);
#10051 = EDGE_LOOP('',(#10052,#10053,#10054,#10062));
#10052 = ORIENTED_EDGE('',*,*,#9353,.T.);
#10053 = ORIENTED_EDGE('',*,*,#10039,.F.);
#10054 = ORIENTED_EDGE('',*,*,#10055,.T.);
#10055 = EDGE_CURVE('',#10029,#10056,#10058,.T.);
#10056 = VERTEX_POINT('',#10057);
#10057 = CARTESIAN_POINT('',(-84.37,-57.96999988832,-47.14));
#10058 = LINE('',#10059,#10060);
#10059 = CARTESIAN_POINT('',(-87.67000009671,-56.06474416751,-47.14));
#10060 = VECTOR('',#10061,1.);
#10061 = DIRECTION('',(0.866025429165,-0.49999995604,-3.16961975189E-17)
  );
#10062 = ORIENTED_EDGE('',*,*,#10063,.F.);
#10063 = EDGE_CURVE('',#9346,#10056,#10064,.T.);
#10064 = LINE('',#10065,#10066);
#10065 = CARTESIAN_POINT('',(-84.37,-57.96999988832,-40.14));
#10066 = VECTOR('',#10067,1.);
#10067 = DIRECTION('',(-8.659560562355E-17,-8.659560562355E-17,-1.));
#10068 = PLANE('',#10069);
#10069 = AXIS2_PLACEMENT_3D('',#10070,#10071,#10072);
#10070 = CARTESIAN_POINT('',(-87.67000009671,-56.06474416751,-40.14));
#10071 = DIRECTION('',(-0.49999995604,-0.866025429165,1.182917955289E-16
    ));
#10072 = DIRECTION('',(0.866025429165,-0.49999995604,-3.16961975189E-17)
  );
#10073 = ADVANCED_FACE('',(#10074),#10085,.T.);
#10074 = FACE_BOUND('',#10075,.T.);
#10075 = EDGE_LOOP('',(#10076,#10077,#10078,#10084));
#10076 = ORIENTED_EDGE('',*,*,#9345,.T.);
#10077 = ORIENTED_EDGE('',*,*,#10063,.T.);
#10078 = ORIENTED_EDGE('',*,*,#10079,.T.);
#10079 = EDGE_CURVE('',#10056,#9867,#10080,.T.);
#10080 = LINE('',#10081,#10082);
#10081 = CARTESIAN_POINT('',(-84.37,-57.96999988832,-47.14));
#10082 = VECTOR('',#10083,1.);
#10083 = DIRECTION('',(-0.866025378404,-0.50000004396,1.182917987468E-16
    ));
#10084 = ORIENTED_EDGE('',*,*,#9866,.T.);
#10085 = PLANE('',#10086);
#10086 = AXIS2_PLACEMENT_3D('',#10087,#10088,#10089);
#10087 = CARTESIAN_POINT('',(-84.37,-57.96999988832,-40.14));
#10088 = DIRECTION('',(-0.50000004396,0.866025378404,-3.169618550974E-17
    ));
#10089 = DIRECTION('',(-0.866025378404,-0.50000004396,1.182917987468E-16
    ));
#10090 = ADVANCED_FACE('',(#10091),#10126,.F.);
#10091 = FACE_BOUND('',#10092,.F.);
#10092 = EDGE_LOOP('',(#10093,#10101,#10102,#10110,#10119));
#10093 = ORIENTED_EDGE('',*,*,#10094,.T.);
#10094 = EDGE_CURVE('',#10095,#9725,#10097,.T.);
#10095 = VERTEX_POINT('',#10096);
#10096 = CARTESIAN_POINT('',(-85.07428596339,56.653380373457,-47.15));
#10097 = LINE('',#10098,#10099);
#10098 = CARTESIAN_POINT('',(-85.07428596339,56.653380373457,-40.15));
#10099 = VECTOR('',#10100,1.);
#10100 = DIRECTION('',(8.659560562355E-17,8.659560562355E-17,1.));
#10101 = ORIENTED_EDGE('',*,*,#9722,.F.);
#10102 = ORIENTED_EDGE('',*,*,#10103,.F.);
#10103 = EDGE_CURVE('',#10104,#9723,#10106,.T.);
#10104 = VERTEX_POINT('',#10105);
#10105 = CARTESIAN_POINT('',(-86.96571393989,55.561363794054,-47.15));
#10106 = LINE('',#10107,#10108);
#10107 = CARTESIAN_POINT('',(-86.96571393989,55.561363794054,-40.15));
#10108 = VECTOR('',#10109,1.);
#10109 = DIRECTION('',(8.659560562355E-17,8.659560562355E-17,1.));
#10110 = ORIENTED_EDGE('',*,*,#10111,.F.);
#10111 = EDGE_CURVE('',#10112,#10104,#10114,.T.);
#10112 = VERTEX_POINT('',#10113);
#10113 = CARTESIAN_POINT('',(-86.57,55.51,-47.15));
#10114 = CIRCLE('',#10115,1.55);
#10115 = AXIS2_PLACEMENT_3D('',#10116,#10117,#10118);
#10116 = CARTESIAN_POINT('',(-86.57,57.06,-47.15));
#10117 = DIRECTION('',(-8.659560562355E-17,-8.659560562355E-17,-1.));
#10118 = DIRECTION('',(-2.22044604925E-16,-1.,8.659560562355E-17));
#10119 = ORIENTED_EDGE('',*,*,#10120,.F.);
#10120 = EDGE_CURVE('',#10095,#10112,#10121,.T.);
#10121 = CIRCLE('',#10122,1.55);
#10122 = AXIS2_PLACEMENT_3D('',#10123,#10124,#10125);
#10123 = CARTESIAN_POINT('',(-86.57,57.06,-47.15));
#10124 = DIRECTION('',(-8.659560562355E-17,-8.659560562355E-17,-1.));
#10125 = DIRECTION('',(-2.22044604925E-16,-1.,8.659560562355E-17));
#10126 = CYLINDRICAL_SURFACE('',#10127,1.55);
#10127 = AXIS2_PLACEMENT_3D('',#10128,#10129,#10130);
#10128 = CARTESIAN_POINT('',(-86.57,57.06,-40.15));
#10129 = DIRECTION('',(8.659560562355E-17,8.659560562355E-17,1.));
#10130 = DIRECTION('',(-2.22044604925E-16,-1.,8.659560562355E-17));
#10131 = ADVANCED_FACE('',(#10132),#10150,.T.);
#10132 = FACE_BOUND('',#10133,.T.);
#10133 = EDGE_LOOP('',(#10134,#10135,#10136,#10144));
#10134 = ORIENTED_EDGE('',*,*,#9791,.T.);
#10135 = ORIENTED_EDGE('',*,*,#10103,.F.);
#10136 = ORIENTED_EDGE('',*,*,#10137,.T.);
#10137 = EDGE_CURVE('',#10104,#10138,#10140,.T.);
#10138 = VERTEX_POINT('',#10139);
#10139 = CARTESIAN_POINT('',(-87.66999990328,55.154744055837,-47.15));
#10140 = LINE('',#10141,#10142);
#10141 = CARTESIAN_POINT('',(-84.37,57.060000111674,-47.15));
#10142 = VECTOR('',#10143,1.);
#10143 = DIRECTION('',(-0.866025378404,-0.50000004396,1.182917987468E-16
    ));
#10144 = ORIENTED_EDGE('',*,*,#10145,.F.);
#10145 = EDGE_CURVE('',#9784,#10138,#10146,.T.);
#10146 = LINE('',#10147,#10148);
#10147 = CARTESIAN_POINT('',(-87.66999990328,55.154744055837,-40.15));
#10148 = VECTOR('',#10149,1.);
#10149 = DIRECTION('',(-8.659560562355E-17,-8.659560562355E-17,-1.));
#10150 = PLANE('',#10151);
#10151 = AXIS2_PLACEMENT_3D('',#10152,#10153,#10154);
#10152 = CARTESIAN_POINT('',(-84.37,57.060000111674,-40.15));
#10153 = DIRECTION('',(-0.50000004396,0.866025378404,-3.169618550974E-17
    ));
#10154 = DIRECTION('',(-0.866025378404,-0.50000004396,1.182917987468E-16
    ));
#10155 = ADVANCED_FACE('',(#10156),#10174,.T.);
#10156 = FACE_BOUND('',#10157,.T.);
#10157 = EDGE_LOOP('',(#10158,#10159,#10160,#10168));
#10158 = ORIENTED_EDGE('',*,*,#9783,.T.);
#10159 = ORIENTED_EDGE('',*,*,#10145,.T.);
#10160 = ORIENTED_EDGE('',*,*,#10161,.T.);
#10161 = EDGE_CURVE('',#10138,#10162,#10164,.T.);
#10162 = VERTEX_POINT('',#10163);
#10163 = CARTESIAN_POINT('',(-87.66999994456,55.967983460771,-47.15));
#10164 = LINE('',#10165,#10166);
#10165 = CARTESIAN_POINT('',(-87.66999990328,55.154744055837,-47.15));
#10166 = VECTOR('',#10167,1.);
#10167 = DIRECTION('',(-5.076101552796E-08,1.,-8.659560122787E-17));
#10168 = ORIENTED_EDGE('',*,*,#10169,.T.);
#10169 = EDGE_CURVE('',#10162,#9775,#10170,.T.);
#10170 = LINE('',#10171,#10172);
#10171 = CARTESIAN_POINT('',(-87.66999994456,55.967983460771,-40.15));
#10172 = VECTOR('',#10173,1.);
#10173 = DIRECTION('',(8.659560562355E-17,8.659560562355E-17,1.));
#10174 = PLANE('',#10175);
#10175 = AXIS2_PLACEMENT_3D('',#10176,#10177,#10178);
#10176 = CARTESIAN_POINT('',(-87.66999990328,55.154744055837,-40.15));
#10177 = DIRECTION('',(1.,5.076101552796E-08,-8.659561001923E-17));
#10178 = DIRECTION('',(-5.076101552796E-08,1.,-8.659560122787E-17));
#10179 = ADVANCED_FACE('',(#10180),#10199,.F.);
#10180 = FACE_BOUND('',#10181,.F.);
#10181 = EDGE_LOOP('',(#10182,#10190,#10197,#10198));
#10182 = ORIENTED_EDGE('',*,*,#10183,.F.);
#10183 = EDGE_CURVE('',#10184,#9767,#10186,.T.);
#10184 = VERTEX_POINT('',#10185);
#10185 = CARTESIAN_POINT('',(-87.67000005543,58.152016427555,-47.15));
#10186 = LINE('',#10187,#10188);
#10187 = CARTESIAN_POINT('',(-87.67000005543,58.152016427555,-40.15));
#10188 = VECTOR('',#10189,1.);
#10189 = DIRECTION('',(8.659560562355E-17,8.659560562355E-17,1.));
#10190 = ORIENTED_EDGE('',*,*,#10191,.F.);
#10191 = EDGE_CURVE('',#10162,#10184,#10192,.T.);
#10192 = CIRCLE('',#10193,1.55);
#10193 = AXIS2_PLACEMENT_3D('',#10194,#10195,#10196);
#10194 = CARTESIAN_POINT('',(-86.57,57.06,-47.15));
#10195 = DIRECTION('',(-8.659560562355E-17,-8.659560562355E-17,-1.));
#10196 = DIRECTION('',(-2.22044604925E-16,-1.,8.659560562355E-17));
#10197 = ORIENTED_EDGE('',*,*,#10169,.T.);
#10198 = ORIENTED_EDGE('',*,*,#9774,.F.);
#10199 = CYLINDRICAL_SURFACE('',#10200,1.55);
#10200 = AXIS2_PLACEMENT_3D('',#10201,#10202,#10203);
#10201 = CARTESIAN_POINT('',(-86.57,57.06,-40.15));
#10202 = DIRECTION('',(8.659560562355E-17,8.659560562355E-17,1.));
#10203 = DIRECTION('',(-2.22044604925E-16,-1.,8.659560562355E-17));
#10204 = ADVANCED_FACE('',(#10205),#10223,.T.);
#10205 = FACE_BOUND('',#10206,.T.);
#10206 = EDGE_LOOP('',(#10207,#10208,#10209,#10217));
#10207 = ORIENTED_EDGE('',*,*,#9766,.T.);
#10208 = ORIENTED_EDGE('',*,*,#10183,.F.);
#10209 = ORIENTED_EDGE('',*,*,#10210,.T.);
#10210 = EDGE_CURVE('',#10184,#10211,#10213,.T.);
#10211 = VERTEX_POINT('',#10212);
#10212 = CARTESIAN_POINT('',(-87.67000009671,58.965255832489,-47.15));
#10213 = LINE('',#10214,#10215);
#10214 = CARTESIAN_POINT('',(-87.66999990328,55.154744055837,-47.15));
#10215 = VECTOR('',#10216,1.);
#10216 = DIRECTION('',(-5.076101552796E-08,1.,-8.659560122787E-17));
#10217 = ORIENTED_EDGE('',*,*,#10218,.F.);
#10218 = EDGE_CURVE('',#9759,#10211,#10219,.T.);
#10219 = LINE('',#10220,#10221);
#10220 = CARTESIAN_POINT('',(-87.67000009671,58.965255832489,-40.15));
#10221 = VECTOR('',#10222,1.);
#10222 = DIRECTION('',(-8.659560562355E-17,-8.659560562355E-17,-1.));
#10223 = PLANE('',#10224);
#10224 = AXIS2_PLACEMENT_3D('',#10225,#10226,#10227);
#10225 = CARTESIAN_POINT('',(-87.66999990328,55.154744055837,-40.15));
#10226 = DIRECTION('',(1.,5.076101552796E-08,-8.659561001923E-17));
#10227 = DIRECTION('',(-5.076101552796E-08,1.,-8.659560122787E-17));
#10228 = ADVANCED_FACE('',(#10229),#10247,.T.);
#10229 = FACE_BOUND('',#10230,.T.);
#10230 = EDGE_LOOP('',(#10231,#10232,#10233,#10241));
#10231 = ORIENTED_EDGE('',*,*,#9758,.T.);
#10232 = ORIENTED_EDGE('',*,*,#10218,.T.);
#10233 = ORIENTED_EDGE('',*,*,#10234,.T.);
#10234 = EDGE_CURVE('',#10211,#10235,#10237,.T.);
#10235 = VERTEX_POINT('',#10236);
#10236 = CARTESIAN_POINT('',(-86.96571409204,58.558636165772,-47.15));
#10237 = LINE('',#10238,#10239);
#10238 = CARTESIAN_POINT('',(-87.67000009671,58.965255832489,-47.15));
#10239 = VECTOR('',#10240,1.);
#10240 = DIRECTION('',(0.866025429165,-0.49999995604,-3.16961975189E-17)
  );
#10241 = ORIENTED_EDGE('',*,*,#10242,.T.);
#10242 = EDGE_CURVE('',#10235,#9750,#10243,.T.);
#10243 = LINE('',#10244,#10245);
#10244 = CARTESIAN_POINT('',(-86.96571409204,58.558636165772,-40.15));
#10245 = VECTOR('',#10246,1.);
#10246 = DIRECTION('',(8.659560562355E-17,8.659560562355E-17,1.));
#10247 = PLANE('',#10248);
#10248 = AXIS2_PLACEMENT_3D('',#10249,#10250,#10251);
#10249 = CARTESIAN_POINT('',(-87.67000009671,58.965255832489,-40.15));
#10250 = DIRECTION('',(-0.49999995604,-0.866025429165,1.182917955289E-16
    ));
#10251 = DIRECTION('',(0.866025429165,-0.49999995604,-3.16961975189E-17)
  );
#10252 = ADVANCED_FACE('',(#10253),#10272,.F.);
#10253 = FACE_BOUND('',#10254,.F.);
#10254 = EDGE_LOOP('',(#10255,#10264,#10265,#10266));
#10255 = ORIENTED_EDGE('',*,*,#10256,.F.);
#10256 = EDGE_CURVE('',#10235,#10257,#10259,.T.);
#10257 = VERTEX_POINT('',#10258);
#10258 = CARTESIAN_POINT('',(-85.07428600467,57.466619778391,-47.15));
#10259 = CIRCLE('',#10260,1.55);
#10260 = AXIS2_PLACEMENT_3D('',#10261,#10262,#10263);
#10261 = CARTESIAN_POINT('',(-86.57,57.06,-47.15));
#10262 = DIRECTION('',(-8.659560562355E-17,-8.659560562355E-17,-1.));
#10263 = DIRECTION('',(-2.22044604925E-16,-1.,8.659560562355E-17));
#10264 = ORIENTED_EDGE('',*,*,#10242,.T.);
#10265 = ORIENTED_EDGE('',*,*,#9749,.F.);
#10266 = ORIENTED_EDGE('',*,*,#10267,.F.);
#10267 = EDGE_CURVE('',#10257,#9742,#10268,.T.);
#10268 = LINE('',#10269,#10270);
#10269 = CARTESIAN_POINT('',(-85.07428600467,57.466619778391,-40.15));
#10270 = VECTOR('',#10271,1.);
#10271 = DIRECTION('',(8.659560562355E-17,8.659560562355E-17,1.));
#10272 = CYLINDRICAL_SURFACE('',#10273,1.55);
#10273 = AXIS2_PLACEMENT_3D('',#10274,#10275,#10276);
#10274 = CARTESIAN_POINT('',(-86.57,57.06,-40.15));
#10275 = DIRECTION('',(8.659560562355E-17,8.659560562355E-17,1.));
#10276 = DIRECTION('',(-2.22044604925E-16,-1.,8.659560562355E-17));
#10277 = ADVANCED_FACE('',(#10278),#10296,.T.);
#10278 = FACE_BOUND('',#10279,.T.);
#10279 = EDGE_LOOP('',(#10280,#10281,#10282,#10290));
#10280 = ORIENTED_EDGE('',*,*,#9741,.T.);
#10281 = ORIENTED_EDGE('',*,*,#10267,.F.);
#10282 = ORIENTED_EDGE('',*,*,#10283,.T.);
#10283 = EDGE_CURVE('',#10257,#10284,#10286,.T.);
#10284 = VERTEX_POINT('',#10285);
#10285 = CARTESIAN_POINT('',(-84.37,57.060000111674,-47.15));
#10286 = LINE('',#10287,#10288);
#10287 = CARTESIAN_POINT('',(-87.67000009671,58.965255832489,-47.15));
#10288 = VECTOR('',#10289,1.);
#10289 = DIRECTION('',(0.866025429165,-0.49999995604,-3.16961975189E-17)
  );
#10290 = ORIENTED_EDGE('',*,*,#10291,.F.);
#10291 = EDGE_CURVE('',#9734,#10284,#10292,.T.);
#10292 = LINE('',#10293,#10294);
#10293 = CARTESIAN_POINT('',(-84.37,57.060000111674,-40.15));
#10294 = VECTOR('',#10295,1.);
#10295 = DIRECTION('',(-8.659560562355E-17,-8.659560562355E-17,-1.));
#10296 = PLANE('',#10297);
#10297 = AXIS2_PLACEMENT_3D('',#10298,#10299,#10300);
#10298 = CARTESIAN_POINT('',(-87.67000009671,58.965255832489,-40.15));
#10299 = DIRECTION('',(-0.49999995604,-0.866025429165,1.182917955289E-16
    ));
#10300 = DIRECTION('',(0.866025429165,-0.49999995604,-3.16961975189E-17)
  );
#10301 = ADVANCED_FACE('',(#10302),#10313,.T.);
#10302 = FACE_BOUND('',#10303,.T.);
#10303 = EDGE_LOOP('',(#10304,#10305,#10306,#10312));
#10304 = ORIENTED_EDGE('',*,*,#9733,.T.);
#10305 = ORIENTED_EDGE('',*,*,#10291,.T.);
#10306 = ORIENTED_EDGE('',*,*,#10307,.T.);
#10307 = EDGE_CURVE('',#10284,#10095,#10308,.T.);
#10308 = LINE('',#10309,#10310);
#10309 = CARTESIAN_POINT('',(-84.37,57.060000111674,-47.15));
#10310 = VECTOR('',#10311,1.);
#10311 = DIRECTION('',(-0.866025378404,-0.50000004396,1.182917987468E-16
    ));
#10312 = ORIENTED_EDGE('',*,*,#10094,.T.);
#10313 = PLANE('',#10314);
#10314 = AXIS2_PLACEMENT_3D('',#10315,#10316,#10317);
#10315 = CARTESIAN_POINT('',(-84.37,57.060000111674,-40.15));
#10316 = DIRECTION('',(-0.50000004396,0.866025378404,-3.169618550974E-17
    ));
#10317 = DIRECTION('',(-0.866025378404,-0.50000004396,1.182917987468E-16
    ));
#10318 = ADVANCED_FACE('',(#10319),#10331,.F.);
#10319 = FACE_BOUND('',#10320,.F.);
#10320 = EDGE_LOOP('',(#10321,#10322,#10323,#10324,#10325,#10326,#10327,
    #10328,#10329,#10330));
#10321 = ORIENTED_EDGE('',*,*,#9909,.T.);
#10322 = ORIENTED_EDGE('',*,*,#9933,.T.);
#10323 = ORIENTED_EDGE('',*,*,#9963,.T.);
#10324 = ORIENTED_EDGE('',*,*,#9982,.T.);
#10325 = ORIENTED_EDGE('',*,*,#10006,.T.);
#10326 = ORIENTED_EDGE('',*,*,#10028,.T.);
#10327 = ORIENTED_EDGE('',*,*,#10055,.T.);
#10328 = ORIENTED_EDGE('',*,*,#10079,.T.);
#10329 = ORIENTED_EDGE('',*,*,#9892,.T.);
#10330 = ORIENTED_EDGE('',*,*,#9883,.T.);
#10331 = PLANE('',#10332);
#10332 = AXIS2_PLACEMENT_3D('',#10333,#10334,#10335);
#10333 = CARTESIAN_POINT('',(-86.56872165246,-57.97362270296,-47.14));
#10334 = DIRECTION('',(-8.659560562355E-17,-8.659560562355E-17,-1.));
#10335 = DIRECTION('',(-2.22044604925E-16,-1.,8.659560562355E-17));
#10336 = ADVANCED_FACE('',(#10337),#10349,.F.);
#10337 = FACE_BOUND('',#10338,.F.);
#10338 = EDGE_LOOP('',(#10339,#10340,#10341,#10342,#10343,#10344,#10345,
    #10346,#10347,#10348));
#10339 = ORIENTED_EDGE('',*,*,#10137,.T.);
#10340 = ORIENTED_EDGE('',*,*,#10161,.T.);
#10341 = ORIENTED_EDGE('',*,*,#10191,.T.);
#10342 = ORIENTED_EDGE('',*,*,#10210,.T.);
#10343 = ORIENTED_EDGE('',*,*,#10234,.T.);
#10344 = ORIENTED_EDGE('',*,*,#10256,.T.);
#10345 = ORIENTED_EDGE('',*,*,#10283,.T.);
#10346 = ORIENTED_EDGE('',*,*,#10307,.T.);
#10347 = ORIENTED_EDGE('',*,*,#10120,.T.);
#10348 = ORIENTED_EDGE('',*,*,#10111,.T.);
#10349 = PLANE('',#10350);
#10350 = AXIS2_PLACEMENT_3D('',#10351,#10352,#10353);
#10351 = CARTESIAN_POINT('',(-86.56872165246,57.05637729704,-47.15));
#10352 = DIRECTION('',(-8.659560562355E-17,-8.659560562355E-17,-1.));
#10353 = DIRECTION('',(-2.22044604925E-16,-1.,8.659560562355E-17));
#10354 = ADVANCED_FACE('',(#10355),#10363,.F.);
#10355 = FACE_BOUND('',#10356,.F.);
#10356 = EDGE_LOOP('',(#10357,#10358,#10359,#10360,#10361,#10362));
#10357 = ORIENTED_EDGE('',*,*,#6199,.F.);
#10358 = ORIENTED_EDGE('',*,*,#9184,.T.);
#10359 = ORIENTED_EDGE('',*,*,#9175,.T.);
#10360 = ORIENTED_EDGE('',*,*,#6134,.T.);
#10361 = ORIENTED_EDGE('',*,*,#7771,.F.);
#10362 = ORIENTED_EDGE('',*,*,#7762,.F.);
#10363 = CYLINDRICAL_SURFACE('',#10364,2.);
#10364 = AXIS2_PLACEMENT_3D('',#10365,#10366,#10367);
#10365 = CARTESIAN_POINT('',(-4.,93.5,-12.));
#10366 = DIRECTION('',(-2.E-16,1.,-9.95799250103E-17));
#10367 = DIRECTION('',(1.,2.E-16,2.E-16));
#10368 = ADVANCED_FACE('',(#10369),#10377,.F.);
#10369 = FACE_BOUND('',#10370,.F.);
#10370 = EDGE_LOOP('',(#10371,#10372,#10373,#10374,#10375,#10376));
#10371 = ORIENTED_EDGE('',*,*,#6514,.F.);
#10372 = ORIENTED_EDGE('',*,*,#9271,.T.);
#10373 = ORIENTED_EDGE('',*,*,#9262,.T.);
#10374 = ORIENTED_EDGE('',*,*,#6449,.T.);
#10375 = ORIENTED_EDGE('',*,*,#7724,.F.);
#10376 = ORIENTED_EDGE('',*,*,#7715,.F.);
#10377 = CYLINDRICAL_SURFACE('',#10378,2.);
#10378 = AXIS2_PLACEMENT_3D('',#10379,#10380,#10381);
#10379 = CARTESIAN_POINT('',(-4.,93.5,-29.));
#10380 = DIRECTION('',(-2.E-16,1.,-9.95799250103E-17));
#10381 = DIRECTION('',(1.,2.E-16,2.E-16));
#10382 = ( GEOMETRIC_REPRESENTATION_CONTEXT(3) 
GLOBAL_UNCERTAINTY_ASSIGNED_CONTEXT((#10386)) 
GLOBAL_UNIT_ASSIGNED_CONTEXT((#10383,#10384,#10385)) 
REPRESENTATION_CONTEXT('Context #1',
  '3D Context with UNIT and UNCERTAINTY') );
#10383 = ( LENGTH_UNIT() NAMED_UNIT(*) SI_UNIT(.MILLI.,.METRE.) );
#10384 = ( NAMED_UNIT(*) PLANE_ANGLE_UNIT() SI_UNIT($,.RADIAN.) );
#10385 = ( NAMED_UNIT(*) SI_UNIT($,.STERADIAN.) SOLID_ANGLE_UNIT() );
#10386 = UNCERTAINTY_MEASURE_WITH_UNIT(LENGTH_MEASURE(5.E-05),#10383,
  'distance_accuracy_value','confusion accuracy');
#10387 = PRODUCT_RELATED_PRODUCT_CATEGORY('part',$,(#7));
#10388 = MECHANICAL_DESIGN_GEOMETRIC_PRESENTATION_REPRESENTATION('',(
    #10389),#10382);
#10389 = STYLED_ITEM('color',(#10390),#15);
#10390 = PRESENTATION_STYLE_ASSIGNMENT((#10391,#10397));
#10391 = SURFACE_STYLE_USAGE(.BOTH.,#10392);
#10392 = SURFACE_SIDE_STYLE('',(#10393));
#10393 = SURFACE_STYLE_FILL_AREA(#10394);
#10394 = FILL_AREA_STYLE('',(#10395));
#10395 = FILL_AREA_STYLE_COLOUR('',#10396);
#10396 = COLOUR_RGB('',0.447058818107,0.474509808674,0.501960817233);
#10397 = CURVE_STYLE('',#10398,POSITIVE_LENGTH_MEASURE(0.1),#10399);
#10398 = DRAUGHTING_PRE_DEFINED_CURVE_FONT('continuous');
#10399 = COLOUR_RGB('',9.803921802644E-02,9.803921802644E-02,
  9.803921802644E-02);
ENDSEC;
END-ISO-10303-21;
