ISO-10303-21;
HEADER;
FILE_DESCRIPTION(('FreeCAD Model'),'2;1');
FILE_NAME('Open CASCADE Shape Model','2026-03-15T04:43:59',(''),(''),
  'Open CASCADE STEP processor 7.8','FreeCAD','Unknown');
FILE_SCHEMA(('AUTOMOTIVE_DESIGN { 1 0 10303 214 1 1 1 1 }'));
ENDSEC;
DATA;
#1 = APPLICATION_PROTOCOL_DEFINITION('international standard',
  'automotive_design',2000,#2);
#2 = APPLICATION_CONTEXT(
  'core data for automotive mechanical design processes');
#3 = SHAPE_DEFINITION_REPRESENTATION(#4,#10);
#4 = PRODUCT_DEFINITION_SHAPE('','',#5);
#5 = PRODUCT_DEFINITION('design','',#6,#9);
#6 = PRODUCT_DEFINITION_FORMATION('','',#7);
#7 = PRODUCT('Cut','Cut','',(#8));
#8 = PRODUCT_CONTEXT('',#2,'mechanical');
#9 = PRODUCT_DEFINITION_CONTEXT('part definition',#2,'design');
#10 = ADVANCED_BREP_SHAPE_REPRESENTATION('',(#11,#15),#7673);
#11 = AXIS2_PLACEMENT_3D('',#12,#13,#14);
#12 = CARTESIAN_POINT('',(0.,0.,0.));
#13 = DIRECTION('',(0.,0.,1.));
#14 = DIRECTION('',(1.,0.,-0.));
#15 = MANIFOLD_SOLID_BREP('',#16);
#16 = CLOSED_SHELL('',(#17,#489,#520,#544,#568,#831,#888,#912,#936,#960,
    #1018,#1058,#1082,#1106,#1369,#1393,#1417,#1450,#1474,#1514,#1538,
    #1562,#1586,#1610,#1659,#1692,#1716,#1740,#1764,#1797,#1821,#1845,
    #1885,#1902,#1943,#1967,#1991,#2016,#2040,#2064,#2089,#2113,#2130,
    #2149,#2190,#2214,#2238,#2263,#2287,#2311,#2336,#2360,#2377,#2396,
    #2428,#2444,#2466,#2479,#2520,#2544,#2568,#2593,#2617,#2641,#2666,
    #2690,#2707,#2748,#2772,#2796,#2821,#2845,#2869,#2894,#2918,#2935,
    #2976,#3000,#3024,#3049,#3073,#3097,#3122,#3146,#3163,#3187,#3212,
    #3237,#3262,#3278,#3303,#3334,#3358,#3382,#3399,#3509,#3531,#3544,
    #3575,#3600,#3624,#3648,#3673,#3697,#3721,#3755,#3772,#3803,#3828,
    #3852,#3876,#3901,#3925,#3949,#3983,#4000,#4031,#4056,#4080,#4104,
    #4129,#4153,#4177,#4211,#4228,#4253,#4294,#4311,#4336,#4370,#4394,
    #4419,#4459,#4483,#4517,#4852,#4876,#4901,#4918,#4936,#4954,#4973,
    #4985,#5003,#5021,#5039,#5059,#5079,#5099,#5124,#5146,#5170,#5194,
    #5218,#5242,#5264,#5281,#5306,#5324,#5342,#5360,#5376,#5394,#5410,
    #5425,#5443,#5458,#5482,#5522,#5539,#5571,#5611,#5651,#5676,#5716,
    #5756,#5781,#5821,#5854,#5886,#5926,#5966,#5991,#6031,#6071,#6096,
    #6136,#6169,#6201,#6241,#6281,#6306,#6346,#6386,#6411,#6451,#6484,
    #6557,#6630,#6703,#6728,#6745,#6762,#6774,#6799,#6811,#6822,#6834,
    #6845,#6858,#6869,#6881,#6892,#6904,#6915,#6928,#6939,#6951,#6962,
    #6974,#6985,#6998,#7009,#7095,#7181,#7212,#7237,#7261,#7285,#7310,
    #7334,#7358,#7392,#7409,#7440,#7465,#7489,#7513,#7538,#7562,#7586,
    #7620,#7637,#7655));
#17 = ADVANCED_FACE('',(#18,#308,#385,#396,#473),#484,.T.);
#18 = FACE_BOUND('',#19,.T.);
#19 = EDGE_LOOP('',(#20,#30,#38,#46,#54,#62,#70,#78,#86,#94,#102,#110,
    #118,#126,#134,#142,#150,#158,#166,#174,#182,#190,#198,#206,#214,
    #222,#230,#238,#246,#254,#262,#270,#278,#286,#294,#302));
#20 = ORIENTED_EDGE('',*,*,#21,.F.);
#21 = EDGE_CURVE('',#22,#24,#26,.T.);
#22 = VERTEX_POINT('',#23);
#23 = CARTESIAN_POINT('',(-3.456956942927E-14,-94.,0.));
#24 = VERTEX_POINT('',#25);
#25 = CARTESIAN_POINT('',(114.5,-94.,0.));
#26 = LINE('',#27,#28);
#27 = CARTESIAN_POINT('',(-3.456956942927E-14,-94.,0.));
#28 = VECTOR('',#29,1.);
#29 = DIRECTION('',(1.,-3.677613769071E-16,0.));
#30 = ORIENTED_EDGE('',*,*,#31,.F.);
#31 = EDGE_CURVE('',#32,#22,#34,.T.);
#32 = VERTEX_POINT('',#33);
#33 = CARTESIAN_POINT('',(-3.346628529854E-14,-91.,-4.107825191113E-14)
  );
#34 = LINE('',#35,#36);
#35 = CARTESIAN_POINT('',(3.456956942927E-14,94.,0.));
#36 = VECTOR('',#37,1.);
#37 = DIRECTION('',(-3.677613769071E-16,-1.,0.));
#38 = ORIENTED_EDGE('',*,*,#39,.T.);
#39 = EDGE_CURVE('',#32,#40,#42,.T.);
#40 = VERTEX_POINT('',#41);
#41 = CARTESIAN_POINT('',(-8.,-91.,-2.13162820728E-14));
#42 = LINE('',#43,#44);
#43 = CARTESIAN_POINT('',(6.14,-91.,-2.13162820728E-14));
#44 = VECTOR('',#45,1.);
#45 = DIRECTION('',(-1.,3.677613769071E-16,0.));
#46 = ORIENTED_EDGE('',*,*,#47,.T.);
#47 = EDGE_CURVE('',#40,#48,#50,.T.);
#48 = VERTEX_POINT('',#49);
#49 = CARTESIAN_POINT('',(-8.,-87.,-2.13162820728E-14));
#50 = LINE('',#51,#52);
#51 = CARTESIAN_POINT('',(-8.,-91.,-2.13162820728E-14));
#52 = VECTOR('',#53,1.);
#53 = DIRECTION('',(3.677613769071E-16,1.,0.));
#54 = ORIENTED_EDGE('',*,*,#55,.F.);
#55 = EDGE_CURVE('',#56,#48,#58,.T.);
#56 = VERTEX_POINT('',#57);
#57 = CARTESIAN_POINT('',(-5.,-84.,-2.13162820728E-14));
#58 = LINE('',#59,#60);
#59 = CARTESIAN_POINT('',(36.10977521929,-42.8902247807,
    -4.617719462168E-15));
#60 = VECTOR('',#61,1.);
#61 = DIRECTION('',(-0.707106781187,-0.707106781187,0.));
#62 = ORIENTED_EDGE('',*,*,#63,.T.);
#63 = EDGE_CURVE('',#56,#64,#66,.T.);
#64 = VERTEX_POINT('',#65);
#65 = CARTESIAN_POINT('',(1.14,-84.,-2.13162820728E-14));
#66 = LINE('',#67,#68);
#67 = CARTESIAN_POINT('',(-8.,-84.,-2.13162820728E-14));
#68 = VECTOR('',#69,1.);
#69 = DIRECTION('',(1.,-3.677613769071E-16,0.));
#70 = ORIENTED_EDGE('',*,*,#71,.T.);
#71 = EDGE_CURVE('',#64,#72,#74,.T.);
#72 = VERTEX_POINT('',#73);
#73 = CARTESIAN_POINT('',(6.14,-89.,-2.13162820728E-14));
#74 = LINE('',#75,#76);
#75 = CARTESIAN_POINT('',(0.714775219298,-83.57477521929,
    -4.617719462168E-15));
#76 = VECTOR('',#77,1.);
#77 = DIRECTION('',(0.707106781187,-0.707106781187,0.));
#78 = ORIENTED_EDGE('',*,*,#79,.T.);
#79 = EDGE_CURVE('',#72,#80,#82,.T.);
#80 = VERTEX_POINT('',#81);
#81 = CARTESIAN_POINT('',(6.14,-89.01,-2.13162820728E-14));
#82 = LINE('',#83,#84);
#83 = CARTESIAN_POINT('',(6.14,-84.,-2.13162820728E-14));
#84 = VECTOR('',#85,1.);
#85 = DIRECTION('',(-3.677613769071E-16,-1.,0.));
#86 = ORIENTED_EDGE('',*,*,#87,.T.);
#87 = EDGE_CURVE('',#80,#88,#90,.T.);
#88 = VERTEX_POINT('',#89);
#89 = CARTESIAN_POINT('',(8.13,-91.,-4.263256414561E-14));
#90 = LINE('',#91,#92);
#91 = CARTESIAN_POINT('',(2.459775219298,-85.32977521929,
    -8.170433140969E-15));
#92 = VECTOR('',#93,1.);
#93 = DIRECTION('',(0.707106781187,-0.707106781187,0.));
#94 = ORIENTED_EDGE('',*,*,#95,.T.);
#95 = EDGE_CURVE('',#88,#96,#98,.T.);
#96 = VERTEX_POINT('',#97);
#97 = CARTESIAN_POINT('',(8.63,-91.5,-9.235438924337E-15));
#98 = LINE('',#99,#100);
#99 = CARTESIAN_POINT('',(2.459775219298,-85.32977521929,
    -8.170433140969E-15));
#100 = VECTOR('',#101,1.);
#101 = DIRECTION('',(0.707106781187,-0.707106781187,0.));
#102 = ORIENTED_EDGE('',*,*,#103,.T.);
#103 = EDGE_CURVE('',#96,#104,#106,.T.);
#104 = VERTEX_POINT('',#105);
#105 = CARTESIAN_POINT('',(100.7071067811,-91.5,-1.942890293094E-16));
#106 = LINE('',#107,#108);
#107 = CARTESIAN_POINT('',(8.13,-91.5,-9.235438924337E-15));
#108 = VECTOR('',#109,1.);
#109 = DIRECTION('',(1.,-3.677613769071E-16,0.));
#110 = ORIENTED_EDGE('',*,*,#111,.T.);
#111 = EDGE_CURVE('',#104,#112,#114,.T.);
#112 = VERTEX_POINT('',#113);
#113 = CARTESIAN_POINT('',(102.5,-89.70710678118,-9.235438924337E-15));
#114 = LINE('',#115,#116);
#115 = CARTESIAN_POINT('',(100.8535533905,-91.35355339059,
    -9.235438924337E-15));
#116 = VECTOR('',#117,1.);
#117 = DIRECTION('',(0.707106781187,0.707106781187,0.));
#118 = ORIENTED_EDGE('',*,*,#119,.F.);
#119 = EDGE_CURVE('',#120,#112,#122,.T.);
#120 = VERTEX_POINT('',#121);
#121 = CARTESIAN_POINT('',(102.5,-89.,0.));
#122 = LINE('',#123,#124);
#123 = CARTESIAN_POINT('',(102.5,-47.,-9.235438924337E-15));
#124 = VECTOR('',#125,1.);
#125 = DIRECTION('',(-3.677613769071E-16,-1.,0.));
#126 = ORIENTED_EDGE('',*,*,#127,.T.);
#127 = EDGE_CURVE('',#120,#128,#130,.T.);
#128 = VERTEX_POINT('',#129);
#129 = CARTESIAN_POINT('',(102.5,-69.,-1.126876369995E-14));
#130 = LINE('',#131,#132);
#131 = CARTESIAN_POINT('',(102.5,-94.,0.));
#132 = VECTOR('',#133,1.);
#133 = DIRECTION('',(3.677613769071E-16,1.,0.));
#134 = ORIENTED_EDGE('',*,*,#135,.T.);
#135 = EDGE_CURVE('',#128,#136,#138,.T.);
#136 = VERTEX_POINT('',#137);
#137 = CARTESIAN_POINT('',(115.7071067811,-69.,-1.942890293094E-16));
#138 = LINE('',#139,#140);
#139 = CARTESIAN_POINT('',(102.5,-69.,-9.235438924337E-15));
#140 = VECTOR('',#141,1.);
#141 = DIRECTION('',(1.,-3.677613769071E-16,0.));
#142 = ORIENTED_EDGE('',*,*,#143,.T.);
#143 = EDGE_CURVE('',#136,#144,#146,.T.);
#144 = VERTEX_POINT('',#145);
#145 = CARTESIAN_POINT('',(118.,-66.70710678118,-1.493249968121E-14));
#146 = LINE('',#147,#148);
#147 = CARTESIAN_POINT('',(115.8535533905,-68.85355339059,
    -9.235438924337E-15));
#148 = VECTOR('',#149,1.);
#149 = DIRECTION('',(0.707106781187,0.707106781187,0.));
#150 = ORIENTED_EDGE('',*,*,#151,.F.);
#151 = EDGE_CURVE('',#152,#144,#154,.T.);
#152 = VERTEX_POINT('',#153);
#153 = CARTESIAN_POINT('',(118.,66.70710678118,-1.942890293094E-16));
#154 = LINE('',#155,#156);
#155 = CARTESIAN_POINT('',(118.,66.5,-8.170433140969E-15));
#156 = VECTOR('',#157,1.);
#157 = DIRECTION('',(-3.677613769071E-16,-1.,-2.22044604925E-16));
#158 = ORIENTED_EDGE('',*,*,#159,.T.);
#159 = EDGE_CURVE('',#152,#160,#162,.T.);
#160 = VERTEX_POINT('',#161);
#161 = CARTESIAN_POINT('',(115.7071067811,69.,-1.126876369995E-14));
#162 = LINE('',#163,#164);
#163 = CARTESIAN_POINT('',(117.8535533905,66.85355339059,
    -9.235438924337E-15));
#164 = VECTOR('',#165,1.);
#165 = DIRECTION('',(-0.707106781187,0.707106781187,0.));
#166 = ORIENTED_EDGE('',*,*,#167,.T.);
#167 = EDGE_CURVE('',#160,#168,#170,.T.);
#168 = VERTEX_POINT('',#169);
#169 = CARTESIAN_POINT('',(102.5,69.,-1.126876369995E-14));
#170 = LINE('',#171,#172);
#171 = CARTESIAN_POINT('',(115.5,69.,-9.235438924337E-15));
#172 = VECTOR('',#173,1.);
#173 = DIRECTION('',(-1.,3.677613769071E-16,0.));
#174 = ORIENTED_EDGE('',*,*,#175,.T.);
#175 = EDGE_CURVE('',#168,#176,#178,.T.);
#176 = VERTEX_POINT('',#177);
#177 = CARTESIAN_POINT('',(102.5,89.,0.));
#178 = LINE('',#179,#180);
#179 = CARTESIAN_POINT('',(102.5,68.5,0.));
#180 = VECTOR('',#181,1.);
#181 = DIRECTION('',(3.677613769071E-16,1.,0.));
#182 = ORIENTED_EDGE('',*,*,#183,.T.);
#183 = EDGE_CURVE('',#176,#184,#186,.T.);
#184 = VERTEX_POINT('',#185);
#185 = CARTESIAN_POINT('',(100.5,91.,-1.7763568394E-15));
#186 = LINE('',#187,#188);
#187 = CARTESIAN_POINT('',(118.2347752192,73.2652247807,
    -7.282254721269E-15));
#188 = VECTOR('',#189,1.);
#189 = DIRECTION('',(-0.707106781187,0.707106781187,0.));
#190 = ORIENTED_EDGE('',*,*,#191,.T.);
#191 = EDGE_CURVE('',#184,#192,#194,.T.);
#192 = VERTEX_POINT('',#193);
#193 = CARTESIAN_POINT('',(100.,91.5,-9.946789980369E-15));
#194 = LINE('',#195,#196);
#195 = CARTESIAN_POINT('',(118.2347752192,73.2652247807,
    -1.083496840007E-14));
#196 = VECTOR('',#197,1.);
#197 = DIRECTION('',(-0.707106781187,0.707106781187,0.));
#198 = ORIENTED_EDGE('',*,*,#199,.T.);
#199 = EDGE_CURVE('',#192,#200,#202,.T.);
#200 = VERTEX_POINT('',#201);
#201 = CARTESIAN_POINT('',(8.63,91.5,-9.946789980369E-15));
#202 = LINE('',#203,#204);
#203 = CARTESIAN_POINT('',(100.5,91.5,-9.946789980369E-15));
#204 = VECTOR('',#205,1.);
#205 = DIRECTION('',(-1.,3.677613769071E-16,0.));
#206 = ORIENTED_EDGE('',*,*,#207,.F.);
#207 = EDGE_CURVE('',#208,#200,#210,.T.);
#208 = VERTEX_POINT('',#209);
#209 = CARTESIAN_POINT('',(8.13,91.,0.));
#210 = LINE('',#211,#212);
#211 = CARTESIAN_POINT('',(2.459775219298,85.32977521929,
    -8.170433140969E-15));
#212 = VECTOR('',#213,1.);
#213 = DIRECTION('',(0.707106781187,0.707106781187,0.));
#214 = ORIENTED_EDGE('',*,*,#215,.T.);
#215 = EDGE_CURVE('',#208,#216,#218,.T.);
#216 = VERTEX_POINT('',#217);
#217 = CARTESIAN_POINT('',(6.14,89.01,-2.13162820728E-14));
#218 = LINE('',#219,#220);
#219 = CARTESIAN_POINT('',(2.459775219298,85.32977521929,
    -8.170433140969E-15));
#220 = VECTOR('',#221,1.);
#221 = DIRECTION('',(-0.707106781187,-0.707106781187,0.));
#222 = ORIENTED_EDGE('',*,*,#223,.T.);
#223 = EDGE_CURVE('',#216,#224,#226,.T.);
#224 = VERTEX_POINT('',#225);
#225 = CARTESIAN_POINT('',(6.14,89.,-2.13162820728E-14));
#226 = LINE('',#227,#228);
#227 = CARTESIAN_POINT('',(6.14,91.,-2.13162820728E-14));
#228 = VECTOR('',#229,1.);
#229 = DIRECTION('',(-3.677613769071E-16,-1.,0.));
#230 = ORIENTED_EDGE('',*,*,#231,.T.);
#231 = EDGE_CURVE('',#224,#232,#234,.T.);
#232 = VERTEX_POINT('',#233);
#233 = CARTESIAN_POINT('',(1.14,84.,-2.13162820728E-14));
#234 = LINE('',#235,#236);
#235 = CARTESIAN_POINT('',(0.714775219298,83.57477521929,
    -4.617719462168E-15));
#236 = VECTOR('',#237,1.);
#237 = DIRECTION('',(-0.707106781187,-0.707106781187,0.));
#238 = ORIENTED_EDGE('',*,*,#239,.T.);
#239 = EDGE_CURVE('',#232,#240,#242,.T.);
#240 = VERTEX_POINT('',#241);
#241 = CARTESIAN_POINT('',(-5.,84.,-2.13162820728E-14));
#242 = LINE('',#243,#244);
#243 = CARTESIAN_POINT('',(6.14,84.,-2.13162820728E-14));
#244 = VECTOR('',#245,1.);
#245 = DIRECTION('',(-1.,3.677613769071E-16,0.));
#246 = ORIENTED_EDGE('',*,*,#247,.T.);
#247 = EDGE_CURVE('',#240,#248,#250,.T.);
#248 = VERTEX_POINT('',#249);
#249 = CARTESIAN_POINT('',(-8.,87.,-2.13162820728E-14));
#250 = LINE('',#251,#252);
#251 = CARTESIAN_POINT('',(36.10977521929,42.8902247807,
    -4.617719462168E-15));
#252 = VECTOR('',#253,1.);
#253 = DIRECTION('',(-0.707106781187,0.707106781187,0.));
#254 = ORIENTED_EDGE('',*,*,#255,.T.);
#255 = EDGE_CURVE('',#248,#256,#258,.T.);
#256 = VERTEX_POINT('',#257);
#257 = CARTESIAN_POINT('',(-8.,91.,-2.13162820728E-14));
#258 = LINE('',#259,#260);
#259 = CARTESIAN_POINT('',(-8.,84.,-2.13162820728E-14));
#260 = VECTOR('',#261,1.);
#261 = DIRECTION('',(3.677613769071E-16,1.,0.));
#262 = ORIENTED_EDGE('',*,*,#263,.T.);
#263 = EDGE_CURVE('',#256,#264,#266,.T.);
#264 = VERTEX_POINT('',#265);
#265 = CARTESIAN_POINT('',(3.346628529854E-14,91.,-6.661338147751E-16));
#266 = LINE('',#267,#268);
#267 = CARTESIAN_POINT('',(-8.,91.,-2.13162820728E-14));
#268 = VECTOR('',#269,1.);
#269 = DIRECTION('',(1.,-3.677613769071E-16,0.));
#270 = ORIENTED_EDGE('',*,*,#271,.F.);
#271 = EDGE_CURVE('',#272,#264,#274,.T.);
#272 = VERTEX_POINT('',#273);
#273 = CARTESIAN_POINT('',(3.456956942927E-14,94.,0.));
#274 = LINE('',#275,#276);
#275 = CARTESIAN_POINT('',(3.456956942927E-14,94.,0.));
#276 = VECTOR('',#277,1.);
#277 = DIRECTION('',(-3.677613769071E-16,-1.,0.));
#278 = ORIENTED_EDGE('',*,*,#279,.F.);
#279 = EDGE_CURVE('',#280,#272,#282,.T.);
#280 = VERTEX_POINT('',#281);
#281 = CARTESIAN_POINT('',(114.5,94.,0.));
#282 = LINE('',#283,#284);
#283 = CARTESIAN_POINT('',(120.5,94.,0.));
#284 = VECTOR('',#285,1.);
#285 = DIRECTION('',(-1.,3.677613769071E-16,0.));
#286 = ORIENTED_EDGE('',*,*,#287,.F.);
#287 = EDGE_CURVE('',#288,#280,#290,.T.);
#288 = VERTEX_POINT('',#289);
#289 = CARTESIAN_POINT('',(120.5,88.,0.));
#290 = LINE('',#291,#292);
#291 = CARTESIAN_POINT('',(130.4847752192,78.0152247807,
    -9.235438924337E-15));
#292 = VECTOR('',#293,1.);
#293 = DIRECTION('',(-0.707106781187,0.707106781187,0.));
#294 = ORIENTED_EDGE('',*,*,#295,.F.);
#295 = EDGE_CURVE('',#296,#288,#298,.T.);
#296 = VERTEX_POINT('',#297);
#297 = CARTESIAN_POINT('',(120.5,-88.,0.));
#298 = LINE('',#299,#300);
#299 = CARTESIAN_POINT('',(120.5,-94.,0.));
#300 = VECTOR('',#301,1.);
#301 = DIRECTION('',(3.677613769071E-16,1.,0.));
#302 = ORIENTED_EDGE('',*,*,#303,.F.);
#303 = EDGE_CURVE('',#24,#296,#304,.T.);
#304 = LINE('',#305,#306);
#305 = CARTESIAN_POINT('',(130.4847752192,-78.0152247807,
    -9.235438924337E-15));
#306 = VECTOR('',#307,1.);
#307 = DIRECTION('',(0.707106781187,0.707106781187,0.));
#308 = FACE_BOUND('',#309,.T.);
#309 = EDGE_LOOP('',(#310,#321,#329,#337,#346,#354,#362,#371,#379));
#310 = ORIENTED_EDGE('',*,*,#311,.T.);
#311 = EDGE_CURVE('',#312,#314,#316,.T.);
#312 = VERTEX_POINT('',#313);
#313 = CARTESIAN_POINT('',(111.1152860601,83.469363794054,
    -8.881784197001E-15));
#314 = VERTEX_POINT('',#315);
#315 = CARTESIAN_POINT('',(113.0067140366,84.561380373457,
    -8.881784197001E-15));
#316 = CIRCLE('',#317,1.55);
#317 = AXIS2_PLACEMENT_3D('',#318,#319,#320);
#318 = CARTESIAN_POINT('',(111.511,84.968,-8.881784197001E-15));
#319 = DIRECTION('',(8.659560562355E-17,8.659560562355E-17,1.));
#320 = DIRECTION('',(-2.22044604925E-16,-1.,8.659560562355E-17));
#321 = ORIENTED_EDGE('',*,*,#322,.T.);
#322 = EDGE_CURVE('',#314,#323,#325,.T.);
#323 = VERTEX_POINT('',#324);
#324 = CARTESIAN_POINT('',(113.711,84.968000111674,-8.881784197001E-15)
  );
#325 = LINE('',#326,#327);
#326 = CARTESIAN_POINT('',(82.087925874598,66.710407612491,
    -9.058611560669E-15));
#327 = VECTOR('',#328,1.);
#328 = DIRECTION('',(0.866025378404,0.50000004396,0.));
#329 = ORIENTED_EDGE('',*,*,#330,.T.);
#330 = EDGE_CURVE('',#323,#331,#333,.T.);
#331 = VERTEX_POINT('',#332);
#332 = CARTESIAN_POINT('',(113.00671399532,85.374619778391,
    -8.881784197001E-15));
#333 = LINE('',#334,#335);
#334 = CARTESIAN_POINT('',(117.23014757841,82.936219548135,
    -9.058611560669E-15));
#335 = VECTOR('',#336,1.);
#336 = DIRECTION('',(-0.866025429165,0.49999995604,0.));
#337 = ORIENTED_EDGE('',*,*,#338,.T.);
#338 = EDGE_CURVE('',#331,#339,#341,.T.);
#339 = VERTEX_POINT('',#340);
#340 = CARTESIAN_POINT('',(111.11528590795,86.466636165772,
    -8.881784197001E-15));
#341 = CIRCLE('',#342,1.55);
#342 = AXIS2_PLACEMENT_3D('',#343,#344,#345);
#343 = CARTESIAN_POINT('',(111.511,84.968,-8.881784197001E-15));
#344 = DIRECTION('',(8.659560562355E-17,8.659560562355E-17,1.));
#345 = DIRECTION('',(-2.22044604925E-16,-1.,8.659560562355E-17));
#346 = ORIENTED_EDGE('',*,*,#347,.T.);
#347 = EDGE_CURVE('',#339,#348,#350,.T.);
#348 = VERTEX_POINT('',#349);
#349 = CARTESIAN_POINT('',(110.41099990328,86.873255832489,
    -8.881784197001E-15));
#350 = LINE('',#351,#352);
#351 = CARTESIAN_POINT('',(117.23014757841,82.936219548135,
    -9.058611560669E-15));
#352 = VECTOR('',#353,1.);
#353 = DIRECTION('',(-0.866025429165,0.49999995604,0.));
#354 = ORIENTED_EDGE('',*,*,#355,.T.);
#355 = EDGE_CURVE('',#348,#356,#358,.T.);
#356 = VERTEX_POINT('',#357);
#357 = CARTESIAN_POINT('',(110.41099994456,86.060016427555,
    -8.881784197001E-15));
#358 = LINE('',#359,#360);
#359 = CARTESIAN_POINT('',(110.41100220488,41.531372839382,
    -9.502700770519E-15));
#360 = VECTOR('',#361,1.);
#361 = DIRECTION('',(5.076101552796E-08,-1.,0.));
#362 = ORIENTED_EDGE('',*,*,#363,.T.);
#363 = EDGE_CURVE('',#356,#364,#366,.T.);
#364 = VERTEX_POINT('',#365);
#365 = CARTESIAN_POINT('',(110.41100005543,83.875983460771,
    -8.881784197001E-15));
#366 = CIRCLE('',#367,1.55);
#367 = AXIS2_PLACEMENT_3D('',#368,#369,#370);
#368 = CARTESIAN_POINT('',(111.511,84.968,-8.881784197001E-15));
#369 = DIRECTION('',(8.659560562355E-17,8.659560562355E-17,1.));
#370 = DIRECTION('',(-2.22044604925E-16,-1.,8.659560562355E-17));
#371 = ORIENTED_EDGE('',*,*,#372,.T.);
#372 = EDGE_CURVE('',#364,#373,#375,.T.);
#373 = VERTEX_POINT('',#374);
#374 = CARTESIAN_POINT('',(110.41100009671,83.062744055837,
    -8.881784197001E-15));
#375 = LINE('',#376,#377);
#376 = CARTESIAN_POINT('',(110.41100220488,41.531372839382,
    -9.502700770519E-15));
#377 = VECTOR('',#378,1.);
#378 = DIRECTION('',(5.076101552796E-08,-1.,0.));
#379 = ORIENTED_EDGE('',*,*,#380,.T.);
#380 = EDGE_CURVE('',#373,#312,#381,.T.);
#381 = LINE('',#382,#383);
#382 = CARTESIAN_POINT('',(82.087925874598,66.710407612491,
    -9.058611560669E-15));
#383 = VECTOR('',#384,1.);
#384 = DIRECTION('',(0.866025378404,0.50000004396,0.));
#385 = FACE_BOUND('',#386,.T.);
#386 = EDGE_LOOP('',(#387));
#387 = ORIENTED_EDGE('',*,*,#388,.T.);
#388 = EDGE_CURVE('',#389,#389,#391,.T.);
#389 = VERTEX_POINT('',#390);
#390 = CARTESIAN_POINT('',(109.,76.,-8.72839385679E-15));
#391 = CIRCLE('',#392,3.);
#392 = AXIS2_PLACEMENT_3D('',#393,#394,#395);
#393 = CARTESIAN_POINT('',(112.,76.,-9.235438924337E-15));
#394 = DIRECTION('',(0.,0.,1.));
#395 = DIRECTION('',(-1.,3.677613769071E-16,0.));
#396 = FACE_BOUND('',#397,.T.);
#397 = EDGE_LOOP('',(#398,#409,#417,#425,#434,#442,#450,#459,#467));
#398 = ORIENTED_EDGE('',*,*,#399,.T.);
#399 = EDGE_CURVE('',#400,#402,#404,.T.);
#400 = VERTEX_POINT('',#401);
#401 = CARTESIAN_POINT('',(111.1152860601,-86.49063620594,
    -8.881784197001E-15));
#402 = VERTEX_POINT('',#403);
#403 = CARTESIAN_POINT('',(113.0067140366,-85.39861962654,
    -8.881784197001E-15));
#404 = CIRCLE('',#405,1.55);
#405 = AXIS2_PLACEMENT_3D('',#406,#407,#408);
#406 = CARTESIAN_POINT('',(111.511,-84.992,-8.881784197001E-15));
#407 = DIRECTION('',(8.659560562355E-17,8.659560562355E-17,1.));
#408 = DIRECTION('',(-2.22044604925E-16,-1.,8.659560562355E-17));
#409 = ORIENTED_EDGE('',*,*,#410,.T.);
#410 = EDGE_CURVE('',#402,#411,#413,.T.);
#411 = VERTEX_POINT('',#412);
#412 = CARTESIAN_POINT('',(113.711,-84.99199988832,-8.881784197001E-15)
  );
#413 = LINE('',#414,#415);
#414 = CARTESIAN_POINT('',(118.88534743822,-82.00458865178,
    -9.058611560669E-15));
#415 = VECTOR('',#416,1.);
#416 = DIRECTION('',(0.866025378404,0.50000004396,0.));
#417 = ORIENTED_EDGE('',*,*,#418,.T.);
#418 = EDGE_CURVE('',#411,#419,#421,.T.);
#419 = VERTEX_POINT('',#420);
#420 = CARTESIAN_POINT('',(113.00671399532,-84.5853802216,
    -8.881784197001E-15));
#421 = LINE('',#422,#423);
#422 = CARTESIAN_POINT('',(80.432730328442,-65.77878418759,
    -9.058611560669E-15));
#423 = VECTOR('',#424,1.);
#424 = DIRECTION('',(-0.866025429165,0.49999995604,0.));
#425 = ORIENTED_EDGE('',*,*,#426,.T.);
#426 = EDGE_CURVE('',#419,#427,#429,.T.);
#427 = VERTEX_POINT('',#428);
#428 = CARTESIAN_POINT('',(111.11528590795,-83.49336383422,
    -8.881784197001E-15));
#429 = CIRCLE('',#430,1.55);
#430 = AXIS2_PLACEMENT_3D('',#431,#432,#433);
#431 = CARTESIAN_POINT('',(111.511,-84.992,-8.881784197001E-15));
#432 = DIRECTION('',(8.659560562355E-17,8.659560562355E-17,1.));
#433 = DIRECTION('',(-2.22044604925E-16,-1.,8.659560562355E-17));
#434 = ORIENTED_EDGE('',*,*,#435,.T.);
#435 = EDGE_CURVE('',#427,#436,#438,.T.);
#436 = VERTEX_POINT('',#437);
#437 = CARTESIAN_POINT('',(110.41099990328,-83.08674416751,
    -8.881784197001E-15));
#438 = LINE('',#439,#440);
#439 = CARTESIAN_POINT('',(80.432730328442,-65.77878418759,
    -9.058611560669E-15));
#440 = VECTOR('',#441,1.);
#441 = DIRECTION('',(-0.866025429165,0.49999995604,0.));
#442 = ORIENTED_EDGE('',*,*,#443,.T.);
#443 = EDGE_CURVE('',#436,#444,#446,.T.);
#444 = VERTEX_POINT('',#445);
#445 = CARTESIAN_POINT('',(110.41099994456,-83.89998357244,
    -8.881784197001E-15));
#446 = LINE('',#447,#448);
#447 = CARTESIAN_POINT('',(110.41099789121,-43.44862716061,
    -9.502700770519E-15));
#448 = VECTOR('',#449,1.);
#449 = DIRECTION('',(5.076101552796E-08,-1.,0.));
#450 = ORIENTED_EDGE('',*,*,#451,.T.);
#451 = EDGE_CURVE('',#444,#452,#454,.T.);
#452 = VERTEX_POINT('',#453);
#453 = CARTESIAN_POINT('',(110.41100005543,-86.08401653922,
    -8.881784197001E-15));
#454 = CIRCLE('',#455,1.55);
#455 = AXIS2_PLACEMENT_3D('',#456,#457,#458);
#456 = CARTESIAN_POINT('',(111.511,-84.992,-8.881784197001E-15));
#457 = DIRECTION('',(8.659560562355E-17,8.659560562355E-17,1.));
#458 = DIRECTION('',(-2.22044604925E-16,-1.,8.659560562355E-17));
#459 = ORIENTED_EDGE('',*,*,#460,.T.);
#460 = EDGE_CURVE('',#452,#461,#463,.T.);
#461 = VERTEX_POINT('',#462);
#462 = CARTESIAN_POINT('',(110.41100009671,-86.89725594416,
    -8.881784197001E-15));
#463 = LINE('',#464,#465);
#464 = CARTESIAN_POINT('',(110.41099789121,-43.44862716061,
    -9.502700770519E-15));
#465 = VECTOR('',#466,1.);
#466 = DIRECTION('',(5.076101552796E-08,-1.,0.));
#467 = ORIENTED_EDGE('',*,*,#468,.T.);
#468 = EDGE_CURVE('',#461,#400,#469,.T.);
#469 = LINE('',#470,#471);
#470 = CARTESIAN_POINT('',(118.88534743822,-82.00458865178,
    -9.058611560669E-15));
#471 = VECTOR('',#472,1.);
#472 = DIRECTION('',(0.866025378404,0.50000004396,0.));
#473 = FACE_BOUND('',#474,.T.);
#474 = EDGE_LOOP('',(#475));
#475 = ORIENTED_EDGE('',*,*,#476,.T.);
#476 = EDGE_CURVE('',#477,#477,#479,.T.);
#477 = VERTEX_POINT('',#478);
#478 = CARTESIAN_POINT('',(109.,-76.,-8.72839385679E-15));
#479 = CIRCLE('',#480,3.);
#480 = AXIS2_PLACEMENT_3D('',#481,#482,#483);
#481 = CARTESIAN_POINT('',(112.,-76.,-9.235438924337E-15));
#482 = DIRECTION('',(0.,0.,1.));
#483 = DIRECTION('',(-1.,3.677613769071E-16,0.));
#484 = PLANE('',#485);
#485 = AXIS2_PLACEMENT_3D('',#486,#487,#488);
#486 = CARTESIAN_POINT('',(78.43910087719,-2.884687174195E-14,
    -9.235438924337E-15));
#487 = DIRECTION('',(0.,0.,-1.));
#488 = DIRECTION('',(1.,-3.677613769071E-16,0.));
#489 = ADVANCED_FACE('',(#490),#515,.T.);
#490 = FACE_BOUND('',#491,.T.);
#491 = EDGE_LOOP('',(#492,#493,#501,#509));
#492 = ORIENTED_EDGE('',*,*,#21,.T.);
#493 = ORIENTED_EDGE('',*,*,#494,.T.);
#494 = EDGE_CURVE('',#24,#495,#497,.T.);
#495 = VERTEX_POINT('',#496);
#496 = CARTESIAN_POINT('',(114.5,-94.,44.));
#497 = LINE('',#498,#499);
#498 = CARTESIAN_POINT('',(114.5,-94.,0.));
#499 = VECTOR('',#500,1.);
#500 = DIRECTION('',(0.,0.,1.));
#501 = ORIENTED_EDGE('',*,*,#502,.F.);
#502 = EDGE_CURVE('',#503,#495,#505,.T.);
#503 = VERTEX_POINT('',#504);
#504 = CARTESIAN_POINT('',(-3.456956942927E-14,-94.,44.));
#505 = LINE('',#506,#507);
#506 = CARTESIAN_POINT('',(-3.456956942927E-14,-94.,44.));
#507 = VECTOR('',#508,1.);
#508 = DIRECTION('',(1.,-3.677613769071E-16,0.));
#509 = ORIENTED_EDGE('',*,*,#510,.F.);
#510 = EDGE_CURVE('',#22,#503,#511,.T.);
#511 = LINE('',#512,#513);
#512 = CARTESIAN_POINT('',(-3.456956942927E-14,-94.,0.));
#513 = VECTOR('',#514,1.);
#514 = DIRECTION('',(0.,0.,1.));
#515 = PLANE('',#516);
#516 = AXIS2_PLACEMENT_3D('',#517,#518,#519);
#517 = CARTESIAN_POINT('',(60.25,-94.,25.));
#518 = DIRECTION('',(-3.677613769071E-16,-1.,0.));
#519 = DIRECTION('',(0.,0.,1.));
#520 = ADVANCED_FACE('',(#521),#539,.F.);
#521 = FACE_BOUND('',#522,.F.);
#522 = EDGE_LOOP('',(#523,#531,#537,#538));
#523 = ORIENTED_EDGE('',*,*,#524,.F.);
#524 = EDGE_CURVE('',#525,#32,#527,.T.);
#525 = VERTEX_POINT('',#526);
#526 = CARTESIAN_POINT('',(-3.346628529854E-14,-91.,47.));
#527 = LINE('',#528,#529);
#528 = CARTESIAN_POINT('',(-3.346628529854E-14,-91.,0.));
#529 = VECTOR('',#530,1.);
#530 = DIRECTION('',(-0.,0.,-1.));
#531 = ORIENTED_EDGE('',*,*,#532,.F.);
#532 = EDGE_CURVE('',#503,#525,#533,.T.);
#533 = LINE('',#534,#535);
#534 = CARTESIAN_POINT('',(-2.077851779525E-14,-56.5,81.5));
#535 = VECTOR('',#536,1.);
#536 = DIRECTION('',(2.600465634695E-16,0.707106781187,0.707106781187));
#537 = ORIENTED_EDGE('',*,*,#510,.F.);
#538 = ORIENTED_EDGE('',*,*,#31,.F.);
#539 = PLANE('',#540);
#540 = AXIS2_PLACEMENT_3D('',#541,#542,#543);
#541 = CARTESIAN_POINT('',(3.456956942927E-14,94.,0.));
#542 = DIRECTION('',(1.,-3.677613769071E-16,0.));
#543 = DIRECTION('',(-3.677613769071E-16,-1.,0.));
#544 = ADVANCED_FACE('',(#545),#563,.T.);
#545 = FACE_BOUND('',#546,.F.);
#546 = EDGE_LOOP('',(#547,#548,#549,#557));
#547 = ORIENTED_EDGE('',*,*,#303,.F.);
#548 = ORIENTED_EDGE('',*,*,#494,.T.);
#549 = ORIENTED_EDGE('',*,*,#550,.F.);
#550 = EDGE_CURVE('',#551,#495,#553,.T.);
#551 = VERTEX_POINT('',#552);
#552 = CARTESIAN_POINT('',(120.5,-88.,44.));
#553 = LINE('',#554,#555);
#554 = CARTESIAN_POINT('',(119.,-89.5,44.));
#555 = VECTOR('',#556,1.);
#556 = DIRECTION('',(-0.707106781187,-0.707106781187,0.));
#557 = ORIENTED_EDGE('',*,*,#558,.F.);
#558 = EDGE_CURVE('',#296,#551,#559,.T.);
#559 = LINE('',#560,#561);
#560 = CARTESIAN_POINT('',(120.5,-88.,0.));
#561 = VECTOR('',#562,1.);
#562 = DIRECTION('',(0.,0.,1.));
#563 = PLANE('',#564);
#564 = AXIS2_PLACEMENT_3D('',#565,#566,#567);
#565 = CARTESIAN_POINT('',(117.5,-91.,0.));
#566 = DIRECTION('',(0.707106781187,-0.707106781187,0.));
#567 = DIRECTION('',(-0.,0.,-1.));
#568 = ADVANCED_FACE('',(#569,#595,#672,#749),#826,.F.);
#569 = FACE_BOUND('',#570,.F.);
#570 = EDGE_LOOP('',(#571,#579,#580,#581,#589));
#571 = ORIENTED_EDGE('',*,*,#572,.F.);
#572 = EDGE_CURVE('',#525,#573,#575,.T.);
#573 = VERTEX_POINT('',#574);
#574 = CARTESIAN_POINT('',(-1.000000000004E-02,-91.,47.));
#575 = LINE('',#576,#577);
#576 = CARTESIAN_POINT('',(6.14,-91.,47.));
#577 = VECTOR('',#578,1.);
#578 = DIRECTION('',(-1.,3.677613769071E-16,0.));
#579 = ORIENTED_EDGE('',*,*,#524,.T.);
#580 = ORIENTED_EDGE('',*,*,#39,.T.);
#581 = ORIENTED_EDGE('',*,*,#582,.F.);
#582 = EDGE_CURVE('',#583,#40,#585,.T.);
#583 = VERTEX_POINT('',#584);
#584 = CARTESIAN_POINT('',(-8.,-91.,39.01));
#585 = LINE('',#586,#587);
#586 = CARTESIAN_POINT('',(-8.,-91.,47.));
#587 = VECTOR('',#588,1.);
#588 = DIRECTION('',(-0.,0.,-1.));
#589 = ORIENTED_EDGE('',*,*,#590,.T.);
#590 = EDGE_CURVE('',#583,#573,#591,.T.);
#591 = LINE('',#592,#593);
#592 = CARTESIAN_POINT('',(-0.47,-91.,46.54));
#593 = VECTOR('',#594,1.);
#594 = DIRECTION('',(0.707106781187,-2.600465634695E-16,0.707106781187)
  );
#595 = FACE_BOUND('',#596,.F.);
#596 = EDGE_LOOP('',(#597,#608,#616,#624,#633,#641,#649,#658,#666));
#597 = ORIENTED_EDGE('',*,*,#598,.T.);
#598 = EDGE_CURVE('',#599,#601,#603,.T.);
#599 = VERTEX_POINT('',#600);
#600 = CARTESIAN_POINT('',(-3.522203875503,-91.,8.519669407754));
#601 = VERTEX_POINT('',#602);
#602 = CARTESIAN_POINT('',(-2.430187488122,-91.,10.411097495124));
#603 = CIRCLE('',#604,1.55);
#604 = AXIS2_PLACEMENT_3D('',#605,#606,#607);
#605 = CARTESIAN_POINT('',(-3.928823653894,-91.,10.015383403083));
#606 = DIRECTION('',(-4.252295203646E-16,-1.,-3.737038904755E-16));
#607 = DIRECTION('',(0.5,1.110223024625E-16,-0.866025403784));
#608 = ORIENTED_EDGE('',*,*,#609,.T.);
#609 = EDGE_CURVE('',#601,#610,#612,.T.);
#610 = VERTEX_POINT('',#611);
#611 = CARTESIAN_POINT('',(-2.023567821405,-91.,11.115383499796));
#612 = LINE('',#613,#614);
#613 = CARTESIAN_POINT('',(6.766124895013,-91.,26.339579652234));
#614 = VECTOR('',#615,1.);
#615 = DIRECTION('',(0.49999995604,-1.838806722867E-16,0.866025429165));
#616 = ORIENTED_EDGE('',*,*,#617,.T.);
#617 = EDGE_CURVE('',#610,#618,#620,.T.);
#618 = VERTEX_POINT('',#619);
#619 = CARTESIAN_POINT('',(-2.83680722634,-91.,11.115383458515));
#620 = LINE('',#621,#622);
#621 = CARTESIAN_POINT('',(0.152961111736,-91.,11.115383610277));
#622 = VECTOR('',#623,1.);
#623 = DIRECTION('',(-1.,3.677613769071E-16,-5.076075748622E-08));
#624 = ORIENTED_EDGE('',*,*,#625,.T.);
#625 = EDGE_CURVE('',#618,#626,#628,.T.);
#626 = VERTEX_POINT('',#627);
#627 = CARTESIAN_POINT('',(-5.020840193123,-91.,11.115383347651));
#628 = CIRCLE('',#629,1.55);
#629 = AXIS2_PLACEMENT_3D('',#630,#631,#632);
#630 = CARTESIAN_POINT('',(-3.928823653894,-91.,10.015383403083));
#631 = DIRECTION('',(-4.252295203646E-16,-1.,-3.737038904755E-16));
#632 = DIRECTION('',(0.5,1.110223024625E-16,-0.866025403784));
#633 = ORIENTED_EDGE('',*,*,#634,.T.);
#634 = EDGE_CURVE('',#626,#635,#637,.T.);
#635 = VERTEX_POINT('',#636);
#636 = CARTESIAN_POINT('',(-5.834079598057,-91.,11.11538330637));
#637 = LINE('',#638,#639);
#638 = CARTESIAN_POINT('',(0.152961111736,-91.,11.115383610277));
#639 = VECTOR('',#640,1.);
#640 = DIRECTION('',(-1.,3.677613769071E-16,-5.076075748622E-08));
#641 = ORIENTED_EDGE('',*,*,#642,.T.);
#642 = EDGE_CURVE('',#635,#643,#645,.T.);
#643 = VERTEX_POINT('',#644);
#644 = CARTESIAN_POINT('',(-5.42745985984,-91.,10.41109734298));
#645 = LINE('',#646,#647);
#646 = CARTESIAN_POINT('',(-11.15393922801,-91.,20.32964939442));
#647 = VECTOR('',#648,1.);
#648 = DIRECTION('',(0.50000004396,-1.838807046205E-16,-0.866025378404)
  );
#649 = ORIENTED_EDGE('',*,*,#650,.T.);
#650 = EDGE_CURVE('',#643,#651,#653,.T.);
#651 = VERTEX_POINT('',#652);
#652 = CARTESIAN_POINT('',(-4.335443280437,-91.,8.519669366474));
#653 = CIRCLE('',#654,1.55);
#654 = AXIS2_PLACEMENT_3D('',#655,#656,#657);
#655 = CARTESIAN_POINT('',(-3.928823653894,-91.,10.015383403083));
#656 = DIRECTION('',(-4.252295203646E-16,-1.,-3.737038904755E-16));
#657 = DIRECTION('',(0.5,1.110223024625E-16,-0.866025403784));
#658 = ORIENTED_EDGE('',*,*,#659,.T.);
#659 = EDGE_CURVE('',#651,#660,#662,.T.);
#660 = VERTEX_POINT('',#661);
#661 = CARTESIAN_POINT('',(-3.928823542219,-91.,7.815383403083));
#662 = LINE('',#663,#664);
#663 = CARTESIAN_POINT('',(-11.15393922801,-91.,20.32964939442));
#664 = VECTOR('',#665,1.);
#665 = DIRECTION('',(0.50000004396,-1.838807046205E-16,-0.866025378404)
  );
#666 = ORIENTED_EDGE('',*,*,#667,.T.);
#667 = EDGE_CURVE('',#660,#599,#668,.T.);
#668 = LINE('',#669,#670);
#669 = CARTESIAN_POINT('',(6.766124895013,-91.,26.339579652234));
#670 = VECTOR('',#671,1.);
#671 = DIRECTION('',(0.49999995604,-1.838806722867E-16,0.866025429165));
#672 = FACE_BOUND('',#673,.F.);
#673 = EDGE_LOOP('',(#674,#685,#693,#701,#710,#718,#726,#735,#743));
#674 = ORIENTED_EDGE('',*,*,#675,.T.);
#675 = EDGE_CURVE('',#676,#678,#680,.T.);
#676 = VERTEX_POINT('',#677);
#677 = CARTESIAN_POINT('',(-3.607698634846,-91.,18.527750674717));
#678 = VERTEX_POINT('',#679);
#679 = CARTESIAN_POINT('',(-2.515682247465,-91.,20.419178762086));
#680 = CIRCLE('',#681,1.55);
#681 = AXIS2_PLACEMENT_3D('',#682,#683,#684);
#682 = CARTESIAN_POINT('',(-4.014318413237,-91.,20.023464670045));
#683 = DIRECTION('',(-4.252295203646E-16,-1.,-3.737038904755E-16));
#684 = DIRECTION('',(0.5,1.110223024625E-16,-0.866025403784));
#685 = ORIENTED_EDGE('',*,*,#686,.T.);
#686 = EDGE_CURVE('',#678,#687,#689,.T.);
#687 = VERTEX_POINT('',#688);
#688 = CARTESIAN_POINT('',(-2.109062580748,-91.,21.123464766758));
#689 = LINE('',#690,#691);
#690 = CARTESIAN_POINT('',(4.524503950631,-91.,32.613140381393));
#691 = VECTOR('',#692,1.);
#692 = DIRECTION('',(0.49999995604,-1.838806722867E-16,0.866025429165));
#693 = ORIENTED_EDGE('',*,*,#694,.T.);
#694 = EDGE_CURVE('',#687,#695,#697,.T.);
#695 = VERTEX_POINT('',#696);
#696 = CARTESIAN_POINT('',(-2.922301985682,-91.,21.123464725477));
#697 = LINE('',#698,#699);
#698 = CARTESIAN_POINT('',(0.110213478056,-91.,21.12346487941));
#699 = VECTOR('',#700,1.);
#700 = DIRECTION('',(-1.,3.677613769071E-16,-5.076075748622E-08));
#701 = ORIENTED_EDGE('',*,*,#702,.T.);
#702 = EDGE_CURVE('',#695,#703,#705,.T.);
#703 = VERTEX_POINT('',#704);
#704 = CARTESIAN_POINT('',(-5.106334952466,-91.,21.123464614614));
#705 = CIRCLE('',#706,1.55);
#706 = AXIS2_PLACEMENT_3D('',#707,#708,#709);
#707 = CARTESIAN_POINT('',(-4.014318413237,-91.,20.023464670045));
#708 = DIRECTION('',(-4.252295203646E-16,-1.,-3.737038904755E-16));
#709 = DIRECTION('',(0.5,1.110223024625E-16,-0.866025403784));
#710 = ORIENTED_EDGE('',*,*,#711,.T.);
#711 = EDGE_CURVE('',#703,#712,#714,.T.);
#712 = VERTEX_POINT('',#713);
#713 = CARTESIAN_POINT('',(-5.9195743574,-91.,21.123464573333));
#714 = LINE('',#715,#716);
#715 = CARTESIAN_POINT('',(0.110213478056,-91.,21.12346487941));
#716 = VECTOR('',#717,1.);
#717 = DIRECTION('',(-1.,3.677613769071E-16,-5.076075748622E-08));
#718 = ORIENTED_EDGE('',*,*,#719,.T.);
#719 = EDGE_CURVE('',#712,#720,#722,.T.);
#720 = VERTEX_POINT('',#721);
#721 = CARTESIAN_POINT('',(-5.512954619183,-91.,20.419178609942));
#722 = LINE('',#723,#724);
#723 = CARTESIAN_POINT('',(-9.06193385847,-91.,26.566190246796));
#724 = VECTOR('',#725,1.);
#725 = DIRECTION('',(0.50000004396,-1.838807046205E-16,-0.866025378404)
  );
#726 = ORIENTED_EDGE('',*,*,#727,.T.);
#727 = EDGE_CURVE('',#720,#728,#730,.T.);
#728 = VERTEX_POINT('',#729);
#729 = CARTESIAN_POINT('',(-4.42093803978,-91.,18.527750633436));
#730 = CIRCLE('',#731,1.55);
#731 = AXIS2_PLACEMENT_3D('',#732,#733,#734);
#732 = CARTESIAN_POINT('',(-4.014318413237,-91.,20.023464670045));
#733 = DIRECTION('',(-4.252295203646E-16,-1.,-3.737038904755E-16));
#734 = DIRECTION('',(0.5,1.110223024625E-16,-0.866025403784));
#735 = ORIENTED_EDGE('',*,*,#736,.T.);
#736 = EDGE_CURVE('',#728,#737,#739,.T.);
#737 = VERTEX_POINT('',#738);
#738 = CARTESIAN_POINT('',(-4.014318301562,-91.,17.823464670045));
#739 = LINE('',#740,#741);
#740 = CARTESIAN_POINT('',(-9.06193385847,-91.,26.566190246796));
#741 = VECTOR('',#742,1.);
#742 = DIRECTION('',(0.50000004396,-1.838807046205E-16,-0.866025378404)
  );
#743 = ORIENTED_EDGE('',*,*,#744,.T.);
#744 = EDGE_CURVE('',#737,#676,#745,.T.);
#745 = LINE('',#746,#747);
#746 = CARTESIAN_POINT('',(4.524503950631,-91.,32.613140381393));
#747 = VECTOR('',#748,1.);
#748 = DIRECTION('',(0.49999995604,-1.838806722867E-16,0.866025429165));
#749 = FACE_BOUND('',#750,.F.);
#750 = EDGE_LOOP('',(#751,#762,#770,#778,#787,#795,#803,#812,#820));
#751 = ORIENTED_EDGE('',*,*,#752,.T.);
#752 = EDGE_CURVE('',#753,#755,#757,.T.);
#753 = VERTEX_POINT('',#754);
#754 = CARTESIAN_POINT('',(-3.612212632075,-91.,28.455569147263));
#755 = VERTEX_POINT('',#756);
#756 = CARTESIAN_POINT('',(-2.520196244694,-91.,30.346997234633));
#757 = CIRCLE('',#758,1.55);
#758 = AXIS2_PLACEMENT_3D('',#759,#760,#761);
#759 = CARTESIAN_POINT('',(-4.018832410466,-91.,29.951283142592));
#760 = DIRECTION('',(-4.252295203646E-16,-1.,-3.737038904755E-16));
#761 = DIRECTION('',(0.5,1.110223024625E-16,-0.866025403784));
#762 = ORIENTED_EDGE('',*,*,#763,.T.);
#763 = EDGE_CURVE('',#755,#764,#766,.T.);
#764 = VERTEX_POINT('',#765);
#765 = CARTESIAN_POINT('',(-2.113576577977,-91.,31.051283239304));
#766 = LINE('',#767,#768);
#767 = CARTESIAN_POINT('',(2.371118578595,-91.,38.819004017531));
#768 = VECTOR('',#769,1.);
#769 = DIRECTION('',(0.49999995604,-1.838806722867E-16,0.866025429165));
#770 = ORIENTED_EDGE('',*,*,#771,.T.);
#771 = EDGE_CURVE('',#764,#772,#774,.T.);
#772 = VERTEX_POINT('',#773);
#773 = CARTESIAN_POINT('',(-2.926815982911,-91.,31.051283198023));
#774 = LINE('',#775,#776);
#775 = CARTESIAN_POINT('',(0.10795622747,-91.,31.05128335207));
#776 = VECTOR('',#777,1.);
#777 = DIRECTION('',(-1.,3.677613769071E-16,-5.076075748622E-08));
#778 = ORIENTED_EDGE('',*,*,#779,.T.);
#779 = EDGE_CURVE('',#772,#780,#782,.T.);
#780 = VERTEX_POINT('',#781);
#781 = CARTESIAN_POINT('',(-5.110848949695,-91.,31.05128308716));
#782 = CIRCLE('',#783,1.55);
#783 = AXIS2_PLACEMENT_3D('',#784,#785,#786);
#784 = CARTESIAN_POINT('',(-4.018832410466,-91.,29.951283142592));
#785 = DIRECTION('',(-4.252295203646E-16,-1.,-3.737038904755E-16));
#786 = DIRECTION('',(0.5,1.110223024625E-16,-0.866025403784));
#787 = ORIENTED_EDGE('',*,*,#788,.T.);
#788 = EDGE_CURVE('',#780,#789,#791,.T.);
#789 = VERTEX_POINT('',#790);
#790 = CARTESIAN_POINT('',(-5.924088354629,-91.,31.051283045879));
#791 = LINE('',#792,#793);
#792 = CARTESIAN_POINT('',(0.10795622747,-91.,31.05128335207));
#793 = VECTOR('',#794,1.);
#794 = DIRECTION('',(-1.,3.677613769071E-16,-5.076075748622E-08));
#795 = ORIENTED_EDGE('',*,*,#796,.T.);
#796 = EDGE_CURVE('',#789,#797,#799,.T.);
#797 = VERTEX_POINT('',#798);
#798 = CARTESIAN_POINT('',(-5.517468616412,-91.,30.346997082488));
#799 = LINE('',#800,#801);
#800 = CARTESIAN_POINT('',(-6.916447729613,-91.,32.770099701227));
#801 = VECTOR('',#802,1.);
#802 = DIRECTION('',(0.50000004396,-1.838807046205E-16,-0.866025378404)
  );
#803 = ORIENTED_EDGE('',*,*,#804,.T.);
#804 = EDGE_CURVE('',#797,#805,#807,.T.);
#805 = VERTEX_POINT('',#806);
#806 = CARTESIAN_POINT('',(-4.425452037009,-91.,28.455569105983));
#807 = CIRCLE('',#808,1.55);
#808 = AXIS2_PLACEMENT_3D('',#809,#810,#811);
#809 = CARTESIAN_POINT('',(-4.018832410466,-91.,29.951283142592));
#810 = DIRECTION('',(-4.252295203646E-16,-1.,-3.737038904755E-16));
#811 = DIRECTION('',(0.5,1.110223024625E-16,-0.866025403784));
#812 = ORIENTED_EDGE('',*,*,#813,.T.);
#813 = EDGE_CURVE('',#805,#814,#816,.T.);
#814 = VERTEX_POINT('',#815);
#815 = CARTESIAN_POINT('',(-4.018832298791,-91.,27.751283142592));
#816 = LINE('',#817,#818);
#817 = CARTESIAN_POINT('',(-6.916447729613,-91.,32.770099701227));
#818 = VECTOR('',#819,1.);
#819 = DIRECTION('',(0.50000004396,-1.838807046205E-16,-0.866025378404)
  );
#820 = ORIENTED_EDGE('',*,*,#821,.T.);
#821 = EDGE_CURVE('',#814,#753,#822,.T.);
#822 = LINE('',#823,#824);
#823 = CARTESIAN_POINT('',(2.371118578595,-91.,38.819004017531));
#824 = VECTOR('',#825,1.);
#825 = DIRECTION('',(0.49999995604,-1.838806722867E-16,0.866025429165));
#826 = PLANE('',#827);
#827 = AXIS2_PLACEMENT_3D('',#828,#829,#830);
#828 = CARTESIAN_POINT('',(6.14,-91.,47.));
#829 = DIRECTION('',(3.677613769071E-16,1.,0.));
#830 = DIRECTION('',(-1.,3.677613769071E-16,0.));
#831 = ADVANCED_FACE('',(#832,#850,#861,#872),#883,.T.);
#832 = FACE_BOUND('',#833,.T.);
#833 = EDGE_LOOP('',(#834,#835,#843,#849));
#834 = ORIENTED_EDGE('',*,*,#295,.T.);
#835 = ORIENTED_EDGE('',*,*,#836,.T.);
#836 = EDGE_CURVE('',#288,#837,#839,.T.);
#837 = VERTEX_POINT('',#838);
#838 = CARTESIAN_POINT('',(120.5,88.,44.));
#839 = LINE('',#840,#841);
#840 = CARTESIAN_POINT('',(120.5,88.,0.));
#841 = VECTOR('',#842,1.);
#842 = DIRECTION('',(0.,0.,1.));
#843 = ORIENTED_EDGE('',*,*,#844,.F.);
#844 = EDGE_CURVE('',#551,#837,#845,.T.);
#845 = LINE('',#846,#847);
#846 = CARTESIAN_POINT('',(120.5,-94.,44.));
#847 = VECTOR('',#848,1.);
#848 = DIRECTION('',(3.677613769071E-16,1.,0.));
#849 = ORIENTED_EDGE('',*,*,#558,.F.);
#850 = FACE_BOUND('',#851,.T.);
#851 = EDGE_LOOP('',(#852));
#852 = ORIENTED_EDGE('',*,*,#853,.F.);
#853 = EDGE_CURVE('',#854,#854,#856,.T.);
#854 = VERTEX_POINT('',#855);
#855 = CARTESIAN_POINT('',(120.5,-31.7195,17.5522));
#856 = CIRCLE('',#857,3.5);
#857 = AXIS2_PLACEMENT_3D('',#858,#859,#860);
#858 = CARTESIAN_POINT('',(120.5,-35.2195,17.5522));
#859 = DIRECTION('',(1.,-3.677613769071E-16,0.));
#860 = DIRECTION('',(3.677613769071E-16,1.,0.));
#861 = FACE_BOUND('',#862,.T.);
#862 = EDGE_LOOP('',(#863));
#863 = ORIENTED_EDGE('',*,*,#864,.F.);
#864 = EDGE_CURVE('',#865,#865,#867,.T.);
#865 = VERTEX_POINT('',#866);
#866 = CARTESIAN_POINT('',(120.5,-6.8909,17.4194));
#867 = CIRCLE('',#868,3.5);
#868 = AXIS2_PLACEMENT_3D('',#869,#870,#871);
#869 = CARTESIAN_POINT('',(120.5,-10.3909,17.4194));
#870 = DIRECTION('',(1.,-3.677613769071E-16,0.));
#871 = DIRECTION('',(3.677613769071E-16,1.,0.));
#872 = FACE_BOUND('',#873,.T.);
#873 = EDGE_LOOP('',(#874));
#874 = ORIENTED_EDGE('',*,*,#875,.F.);
#875 = EDGE_CURVE('',#876,#876,#878,.T.);
#876 = VERTEX_POINT('',#877);
#877 = CARTESIAN_POINT('',(120.5,16.754906,17.478416));
#878 = CIRCLE('',#879,3.5);
#879 = AXIS2_PLACEMENT_3D('',#880,#881,#882);
#880 = CARTESIAN_POINT('',(120.5,13.254906,17.478416));
#881 = DIRECTION('',(1.,-3.677613769071E-16,0.));
#882 = DIRECTION('',(3.677613769071E-16,1.,0.));
#883 = PLANE('',#884);
#884 = AXIS2_PLACEMENT_3D('',#885,#886,#887);
#885 = CARTESIAN_POINT('',(120.5,-4.43152459173E-14,25.));
#886 = DIRECTION('',(1.,-3.677613769071E-16,-0.));
#887 = DIRECTION('',(-0.,0.,-1.));
#888 = ADVANCED_FACE('',(#889),#907,.F.);
#889 = FACE_BOUND('',#890,.F.);
#890 = EDGE_LOOP('',(#891,#899,#900,#901));
#891 = ORIENTED_EDGE('',*,*,#892,.F.);
#892 = EDGE_CURVE('',#583,#893,#895,.T.);
#893 = VERTEX_POINT('',#894);
#894 = CARTESIAN_POINT('',(-8.,-87.,39.01));
#895 = LINE('',#896,#897);
#896 = CARTESIAN_POINT('',(-8.,-91.,39.01));
#897 = VECTOR('',#898,1.);
#898 = DIRECTION('',(3.677613769071E-16,1.,0.));
#899 = ORIENTED_EDGE('',*,*,#582,.T.);
#900 = ORIENTED_EDGE('',*,*,#47,.T.);
#901 = ORIENTED_EDGE('',*,*,#902,.F.);
#902 = EDGE_CURVE('',#893,#48,#903,.T.);
#903 = LINE('',#904,#905);
#904 = CARTESIAN_POINT('',(-8.,-87.,39.01));
#905 = VECTOR('',#906,1.);
#906 = DIRECTION('',(-0.,0.,-1.));
#907 = PLANE('',#908);
#908 = AXIS2_PLACEMENT_3D('',#909,#910,#911);
#909 = CARTESIAN_POINT('',(-8.,-91.,47.));
#910 = DIRECTION('',(1.,-3.677613769071E-16,-0.));
#911 = DIRECTION('',(3.677613769071E-16,1.,0.));
#912 = ADVANCED_FACE('',(#913),#931,.T.);
#913 = FACE_BOUND('',#914,.F.);
#914 = EDGE_LOOP('',(#915,#916,#917,#925));
#915 = ORIENTED_EDGE('',*,*,#287,.F.);
#916 = ORIENTED_EDGE('',*,*,#836,.T.);
#917 = ORIENTED_EDGE('',*,*,#918,.F.);
#918 = EDGE_CURVE('',#919,#837,#921,.T.);
#919 = VERTEX_POINT('',#920);
#920 = CARTESIAN_POINT('',(114.5,94.,44.));
#921 = LINE('',#922,#923);
#922 = CARTESIAN_POINT('',(116.,92.5,44.));
#923 = VECTOR('',#924,1.);
#924 = DIRECTION('',(0.707106781187,-0.707106781187,0.));
#925 = ORIENTED_EDGE('',*,*,#926,.F.);
#926 = EDGE_CURVE('',#280,#919,#927,.T.);
#927 = LINE('',#928,#929);
#928 = CARTESIAN_POINT('',(114.5,94.,0.));
#929 = VECTOR('',#930,1.);
#930 = DIRECTION('',(0.,0.,1.));
#931 = PLANE('',#932);
#932 = AXIS2_PLACEMENT_3D('',#933,#934,#935);
#933 = CARTESIAN_POINT('',(117.5,91.,0.));
#934 = DIRECTION('',(0.707106781187,0.707106781187,0.));
#935 = DIRECTION('',(0.,-0.,-1.));
#936 = ADVANCED_FACE('',(#937),#955,.T.);
#937 = FACE_BOUND('',#938,.T.);
#938 = EDGE_LOOP('',(#939,#947,#953,#954));
#939 = ORIENTED_EDGE('',*,*,#940,.F.);
#940 = EDGE_CURVE('',#941,#893,#943,.T.);
#941 = VERTEX_POINT('',#942);
#942 = CARTESIAN_POINT('',(-5.,-84.,42.01));
#943 = LINE('',#944,#945);
#944 = CARTESIAN_POINT('',(-6.835,-85.835,40.175));
#945 = VECTOR('',#946,1.);
#946 = DIRECTION('',(-0.57735026919,-0.57735026919,-0.57735026919));
#947 = ORIENTED_EDGE('',*,*,#948,.T.);
#948 = EDGE_CURVE('',#941,#56,#949,.T.);
#949 = LINE('',#950,#951);
#950 = CARTESIAN_POINT('',(-5.,-84.,39.01));
#951 = VECTOR('',#952,1.);
#952 = DIRECTION('',(-0.,0.,-1.));
#953 = ORIENTED_EDGE('',*,*,#55,.T.);
#954 = ORIENTED_EDGE('',*,*,#902,.F.);
#955 = PLANE('',#956);
#956 = AXIS2_PLACEMENT_3D('',#957,#958,#959);
#957 = CARTESIAN_POINT('',(-6.5,-85.5,39.01));
#958 = DIRECTION('',(-0.707106781187,0.707106781187,0.));
#959 = DIRECTION('',(-0.,0.,-1.));
#960 = ADVANCED_FACE('',(#961,#979),#1013,.T.);
#961 = FACE_BOUND('',#962,.T.);
#962 = EDGE_LOOP('',(#963,#964,#972,#978));
#963 = ORIENTED_EDGE('',*,*,#279,.T.);
#964 = ORIENTED_EDGE('',*,*,#965,.T.);
#965 = EDGE_CURVE('',#272,#966,#968,.T.);
#966 = VERTEX_POINT('',#967);
#967 = CARTESIAN_POINT('',(3.456956942927E-14,94.,44.));
#968 = LINE('',#969,#970);
#969 = CARTESIAN_POINT('',(3.456956942927E-14,94.,0.));
#970 = VECTOR('',#971,1.);
#971 = DIRECTION('',(0.,0.,1.));
#972 = ORIENTED_EDGE('',*,*,#973,.F.);
#973 = EDGE_CURVE('',#919,#966,#974,.T.);
#974 = LINE('',#975,#976);
#975 = CARTESIAN_POINT('',(120.5,94.,44.));
#976 = VECTOR('',#977,1.);
#977 = DIRECTION('',(-1.,3.677613769071E-16,0.));
#978 = ORIENTED_EDGE('',*,*,#926,.F.);
#979 = FACE_BOUND('',#980,.T.);
#980 = EDGE_LOOP('',(#981,#991,#999,#1007));
#981 = ORIENTED_EDGE('',*,*,#982,.F.);
#982 = EDGE_CURVE('',#983,#985,#987,.T.);
#983 = VERTEX_POINT('',#984);
#984 = CARTESIAN_POINT('',(26.5,94.,21.5));
#985 = VERTEX_POINT('',#986);
#986 = CARTESIAN_POINT('',(13.5,94.,21.5));
#987 = LINE('',#988,#989);
#988 = CARTESIAN_POINT('',(26.5,94.,21.5));
#989 = VECTOR('',#990,1.);
#990 = DIRECTION('',(-1.,3.677613769071E-16,0.));
#991 = ORIENTED_EDGE('',*,*,#992,.F.);
#992 = EDGE_CURVE('',#993,#983,#995,.T.);
#993 = VERTEX_POINT('',#994);
#994 = CARTESIAN_POINT('',(26.5,94.,28.5));
#995 = LINE('',#996,#997);
#996 = CARTESIAN_POINT('',(26.5,94.,28.5));
#997 = VECTOR('',#998,1.);
#998 = DIRECTION('',(8.165942964201E-32,2.22044604925E-16,-1.));
#999 = ORIENTED_EDGE('',*,*,#1000,.F.);
#1000 = EDGE_CURVE('',#1001,#993,#1003,.T.);
#1001 = VERTEX_POINT('',#1002);
#1002 = CARTESIAN_POINT('',(13.5,94.,28.5));
#1003 = LINE('',#1004,#1005);
#1004 = CARTESIAN_POINT('',(13.5,94.,28.5));
#1005 = VECTOR('',#1006,1.);
#1006 = DIRECTION('',(1.,-3.677613769071E-16,0.));
#1007 = ORIENTED_EDGE('',*,*,#1008,.F.);
#1008 = EDGE_CURVE('',#985,#1001,#1009,.T.);
#1009 = LINE('',#1010,#1011);
#1010 = CARTESIAN_POINT('',(13.5,94.,21.5));
#1011 = VECTOR('',#1012,1.);
#1012 = DIRECTION('',(-8.165942964201E-32,-2.22044604925E-16,1.));
#1013 = PLANE('',#1014);
#1014 = AXIS2_PLACEMENT_3D('',#1015,#1016,#1017);
#1015 = CARTESIAN_POINT('',(60.25,94.,25.));
#1016 = DIRECTION('',(3.677613769071E-16,1.,-0.));
#1017 = DIRECTION('',(-0.,0.,-1.));
#1018 = ADVANCED_FACE('',(#1019),#1053,.F.);
#1019 = FACE_BOUND('',#1020,.F.);
#1020 = EDGE_LOOP('',(#1021,#1022,#1030,#1038,#1046,#1052));
#1021 = ORIENTED_EDGE('',*,*,#63,.T.);
#1022 = ORIENTED_EDGE('',*,*,#1023,.F.);
#1023 = EDGE_CURVE('',#1024,#64,#1026,.T.);
#1024 = VERTEX_POINT('',#1025);
#1025 = CARTESIAN_POINT('',(1.14,-84.,47.));
#1026 = LINE('',#1027,#1028);
#1027 = CARTESIAN_POINT('',(1.14,-84.,47.));
#1028 = VECTOR('',#1029,1.);
#1029 = DIRECTION('',(-0.,0.,-1.));
#1030 = ORIENTED_EDGE('',*,*,#1031,.F.);
#1031 = EDGE_CURVE('',#1032,#1024,#1034,.T.);
#1032 = VERTEX_POINT('',#1033);
#1033 = CARTESIAN_POINT('',(-3.089195566019E-14,-84.,47.));
#1034 = LINE('',#1035,#1036);
#1035 = CARTESIAN_POINT('',(-8.,-84.,47.));
#1036 = VECTOR('',#1037,1.);
#1037 = DIRECTION('',(1.,-3.677613769071E-16,0.));
#1038 = ORIENTED_EDGE('',*,*,#1039,.F.);
#1039 = EDGE_CURVE('',#1040,#1032,#1042,.T.);
#1040 = VERTEX_POINT('',#1041);
#1041 = CARTESIAN_POINT('',(-1.000000000004E-02,-84.,47.));
#1042 = LINE('',#1043,#1044);
#1043 = CARTESIAN_POINT('',(-8.,-84.,47.));
#1044 = VECTOR('',#1045,1.);
#1045 = DIRECTION('',(1.,-3.677613769071E-16,0.));
#1046 = ORIENTED_EDGE('',*,*,#1047,.F.);
#1047 = EDGE_CURVE('',#941,#1040,#1048,.T.);
#1048 = LINE('',#1049,#1050);
#1049 = CARTESIAN_POINT('',(-4.005,-84.,43.005));
#1050 = VECTOR('',#1051,1.);
#1051 = DIRECTION('',(0.707106781187,-2.600465634695E-16,0.707106781187)
  );
#1052 = ORIENTED_EDGE('',*,*,#948,.T.);
#1053 = PLANE('',#1054);
#1054 = AXIS2_PLACEMENT_3D('',#1055,#1056,#1057);
#1055 = CARTESIAN_POINT('',(-8.,-84.,47.));
#1056 = DIRECTION('',(-3.677613769071E-16,-1.,0.));
#1057 = DIRECTION('',(1.,-3.677613769071E-16,0.));
#1058 = ADVANCED_FACE('',(#1059),#1077,.F.);
#1059 = FACE_BOUND('',#1060,.F.);
#1060 = EDGE_LOOP('',(#1061,#1069,#1070,#1071));
#1061 = ORIENTED_EDGE('',*,*,#1062,.F.);
#1062 = EDGE_CURVE('',#264,#1063,#1065,.T.);
#1063 = VERTEX_POINT('',#1064);
#1064 = CARTESIAN_POINT('',(3.346628529854E-14,91.,47.));
#1065 = LINE('',#1066,#1067);
#1066 = CARTESIAN_POINT('',(3.346628529854E-14,91.,-6.661338147751E-16)
  );
#1067 = VECTOR('',#1068,1.);
#1068 = DIRECTION('',(-8.165942964201E-32,-2.22044604925E-16,1.));
#1069 = ORIENTED_EDGE('',*,*,#271,.F.);
#1070 = ORIENTED_EDGE('',*,*,#965,.T.);
#1071 = ORIENTED_EDGE('',*,*,#1072,.T.);
#1072 = EDGE_CURVE('',#966,#1063,#1073,.T.);
#1073 = LINE('',#1074,#1075);
#1074 = CARTESIAN_POINT('',(2.385244779468E-14,103.5,34.5));
#1075 = VECTOR('',#1076,1.);
#1076 = DIRECTION('',(-2.600465634695E-16,-0.707106781187,0.707106781187
    ));
#1077 = PLANE('',#1078);
#1078 = AXIS2_PLACEMENT_3D('',#1079,#1080,#1081);
#1079 = CARTESIAN_POINT('',(3.456956942927E-14,94.,0.));
#1080 = DIRECTION('',(1.,-3.677613769071E-16,0.));
#1081 = DIRECTION('',(-3.677613769071E-16,-1.,0.));
#1082 = ADVANCED_FACE('',(#1083),#1101,.T.);
#1083 = FACE_BOUND('',#1084,.F.);
#1084 = EDGE_LOOP('',(#1085,#1093,#1094,#1095));
#1085 = ORIENTED_EDGE('',*,*,#1086,.F.);
#1086 = EDGE_CURVE('',#1024,#1087,#1089,.T.);
#1087 = VERTEX_POINT('',#1088);
#1088 = CARTESIAN_POINT('',(6.14,-89.,47.));
#1089 = LINE('',#1090,#1091);
#1090 = CARTESIAN_POINT('',(-41.645,-41.215,47.));
#1091 = VECTOR('',#1092,1.);
#1092 = DIRECTION('',(0.707106781187,-0.707106781187,-1.570092458683E-16
    ));
#1093 = ORIENTED_EDGE('',*,*,#1023,.T.);
#1094 = ORIENTED_EDGE('',*,*,#71,.T.);
#1095 = ORIENTED_EDGE('',*,*,#1096,.F.);
#1096 = EDGE_CURVE('',#1087,#72,#1097,.T.);
#1097 = LINE('',#1098,#1099);
#1098 = CARTESIAN_POINT('',(6.14,-89.,47.));
#1099 = VECTOR('',#1100,1.);
#1100 = DIRECTION('',(-0.,0.,-1.));
#1101 = PLANE('',#1102);
#1102 = AXIS2_PLACEMENT_3D('',#1103,#1104,#1105);
#1103 = CARTESIAN_POINT('',(3.64,-86.5,47.));
#1104 = DIRECTION('',(0.707106781187,0.707106781187,0.));
#1105 = DIRECTION('',(0.,0.,1.));
#1106 = ADVANCED_FACE('',(#1107,#1133,#1210,#1287),#1364,.F.);
#1107 = FACE_BOUND('',#1108,.F.);
#1108 = EDGE_LOOP('',(#1109,#1117,#1125,#1131,#1132));
#1109 = ORIENTED_EDGE('',*,*,#1110,.F.);
#1110 = EDGE_CURVE('',#1111,#1063,#1113,.T.);
#1111 = VERTEX_POINT('',#1112);
#1112 = CARTESIAN_POINT('',(-9.999999999977E-03,91.,47.));
#1113 = LINE('',#1114,#1115);
#1114 = CARTESIAN_POINT('',(-8.,91.,47.));
#1115 = VECTOR('',#1116,1.);
#1116 = DIRECTION('',(1.,-3.677613769071E-16,0.));
#1117 = ORIENTED_EDGE('',*,*,#1118,.T.);
#1118 = EDGE_CURVE('',#1111,#1119,#1121,.T.);
#1119 = VERTEX_POINT('',#1120);
#1120 = CARTESIAN_POINT('',(-8.,91.,39.01));
#1121 = LINE('',#1122,#1123);
#1122 = CARTESIAN_POINT('',(-4.005,91.,43.005));
#1123 = VECTOR('',#1124,1.);
#1124 = DIRECTION('',(-0.707106781187,2.600465634695E-16,-0.707106781187
    ));
#1125 = ORIENTED_EDGE('',*,*,#1126,.T.);
#1126 = EDGE_CURVE('',#1119,#256,#1127,.T.);
#1127 = LINE('',#1128,#1129);
#1128 = CARTESIAN_POINT('',(-8.,91.,47.));
#1129 = VECTOR('',#1130,1.);
#1130 = DIRECTION('',(-0.,0.,-1.));
#1131 = ORIENTED_EDGE('',*,*,#263,.T.);
#1132 = ORIENTED_EDGE('',*,*,#1062,.T.);
#1133 = FACE_BOUND('',#1134,.F.);
#1134 = EDGE_LOOP('',(#1135,#1145,#1153,#1162,#1170,#1178,#1187,#1195,
    #1203));
#1135 = ORIENTED_EDGE('',*,*,#1136,.T.);
#1136 = EDGE_CURVE('',#1137,#1139,#1141,.T.);
#1137 = VERTEX_POINT('',#1138);
#1138 = CARTESIAN_POINT('',(-2.836807226339,91.,11.115383458515));
#1139 = VERTEX_POINT('',#1140);
#1140 = CARTESIAN_POINT('',(-2.023567821405,91.,11.115383499796));
#1141 = LINE('',#1142,#1143);
#1142 = CARTESIAN_POINT('',(-6.917038888263,91.,11.115383251399));
#1143 = VECTOR('',#1144,1.);
#1144 = DIRECTION('',(1.,-3.677613769071E-16,5.076075748622E-08));
#1145 = ORIENTED_EDGE('',*,*,#1146,.T.);
#1146 = EDGE_CURVE('',#1139,#1147,#1149,.T.);
#1147 = VERTEX_POINT('',#1148);
#1148 = CARTESIAN_POINT('',(-2.430187488122,91.,10.411097495124));
#1149 = LINE('',#1150,#1151);
#1150 = CARTESIAN_POINT('',(4.99862520581,91.,23.278180029295));
#1151 = VECTOR('',#1152,1.);
#1152 = DIRECTION('',(-0.49999995604,1.838806722867E-16,-0.866025429165)
  );
#1153 = ORIENTED_EDGE('',*,*,#1154,.F.);
#1154 = EDGE_CURVE('',#1155,#1147,#1157,.T.);
#1155 = VERTEX_POINT('',#1156);
#1156 = CARTESIAN_POINT('',(-3.522203875503,91.,8.519669407754));
#1157 = CIRCLE('',#1158,1.55);
#1158 = AXIS2_PLACEMENT_3D('',#1159,#1160,#1161);
#1159 = CARTESIAN_POINT('',(-3.928823653894,91.,10.015383403083));
#1160 = DIRECTION('',(-4.252295203646E-16,-1.,-3.737038904755E-16));
#1161 = DIRECTION('',(0.5,1.110223024625E-16,-0.866025403784));
#1162 = ORIENTED_EDGE('',*,*,#1163,.T.);
#1163 = EDGE_CURVE('',#1155,#1164,#1166,.T.);
#1164 = VERTEX_POINT('',#1165);
#1165 = CARTESIAN_POINT('',(-3.928823542219,91.,7.815383403083));
#1166 = LINE('',#1167,#1168);
#1167 = CARTESIAN_POINT('',(4.99862520581,91.,23.278180029295));
#1168 = VECTOR('',#1169,1.);
#1169 = DIRECTION('',(-0.49999995604,1.838806722867E-16,-0.866025429165)
  );
#1170 = ORIENTED_EDGE('',*,*,#1171,.T.);
#1171 = EDGE_CURVE('',#1164,#1172,#1174,.T.);
#1172 = VERTEX_POINT('',#1173);
#1173 = CARTESIAN_POINT('',(-4.335443280437,91.,8.519669366474));
#1174 = LINE('',#1175,#1176);
#1175 = CARTESIAN_POINT('',(-12.92143953881,91.,23.391049376239));
#1176 = VECTOR('',#1177,1.);
#1177 = DIRECTION('',(-0.50000004396,1.838807046205E-16,0.866025378404)
  );
#1178 = ORIENTED_EDGE('',*,*,#1179,.F.);
#1179 = EDGE_CURVE('',#1180,#1172,#1182,.T.);
#1180 = VERTEX_POINT('',#1181);
#1181 = CARTESIAN_POINT('',(-5.42745985984,91.,10.41109734298));
#1182 = CIRCLE('',#1183,1.55);
#1183 = AXIS2_PLACEMENT_3D('',#1184,#1185,#1186);
#1184 = CARTESIAN_POINT('',(-3.928823653894,91.,10.015383403083));
#1185 = DIRECTION('',(-4.252295203646E-16,-1.,-3.737038904755E-16));
#1186 = DIRECTION('',(0.5,1.110223024625E-16,-0.866025403784));
#1187 = ORIENTED_EDGE('',*,*,#1188,.T.);
#1188 = EDGE_CURVE('',#1180,#1189,#1191,.T.);
#1189 = VERTEX_POINT('',#1190);
#1190 = CARTESIAN_POINT('',(-5.834079598057,91.,11.115383306371));
#1191 = LINE('',#1192,#1193);
#1192 = CARTESIAN_POINT('',(-12.92143953881,91.,23.391049376239));
#1193 = VECTOR('',#1194,1.);
#1194 = DIRECTION('',(-0.50000004396,1.838807046205E-16,0.866025378404)
  );
#1195 = ORIENTED_EDGE('',*,*,#1196,.T.);
#1196 = EDGE_CURVE('',#1189,#1197,#1199,.T.);
#1197 = VERTEX_POINT('',#1198);
#1198 = CARTESIAN_POINT('',(-5.020840193123,91.,11.115383347651));
#1199 = LINE('',#1200,#1201);
#1200 = CARTESIAN_POINT('',(-6.917038888263,91.,11.115383251399));
#1201 = VECTOR('',#1202,1.);
#1202 = DIRECTION('',(1.,-3.677613769071E-16,5.076075748622E-08));
#1203 = ORIENTED_EDGE('',*,*,#1204,.F.);
#1204 = EDGE_CURVE('',#1137,#1197,#1205,.T.);
#1205 = CIRCLE('',#1206,1.55);
#1206 = AXIS2_PLACEMENT_3D('',#1207,#1208,#1209);
#1207 = CARTESIAN_POINT('',(-3.928823653894,91.,10.015383403083));
#1208 = DIRECTION('',(-4.252295203646E-16,-1.,-3.737038904755E-16));
#1209 = DIRECTION('',(0.5,1.110223024625E-16,-0.866025403784));
#1210 = FACE_BOUND('',#1211,.F.);
#1211 = EDGE_LOOP('',(#1212,#1222,#1230,#1239,#1247,#1255,#1264,#1272,
    #1280));
#1212 = ORIENTED_EDGE('',*,*,#1213,.T.);
#1213 = EDGE_CURVE('',#1214,#1216,#1218,.T.);
#1214 = VERTEX_POINT('',#1215);
#1215 = CARTESIAN_POINT('',(-2.917803651115,91.,35.155673381458));
#1216 = VERTEX_POINT('',#1217);
#1217 = CARTESIAN_POINT('',(-2.104564246181,91.,35.155673422739));
#1218 = LINE('',#1219,#1220);
#1219 = CARTESIAN_POINT('',(-6.957537710803,91.,35.155673176398));
#1220 = VECTOR('',#1221,1.);
#1221 = DIRECTION('',(1.,-3.677613769071E-16,5.076075748622E-08));
#1222 = ORIENTED_EDGE('',*,*,#1223,.T.);
#1223 = EDGE_CURVE('',#1216,#1224,#1226,.T.);
#1224 = VERTEX_POINT('',#1225);
#1225 = CARTESIAN_POINT('',(-2.511183912898,91.,34.451387418067));
#1226 = LINE('',#1227,#1228);
#1227 = CARTESIAN_POINT('',(-0.277121809477,91.,38.320896942068));
#1228 = VECTOR('',#1229,1.);
#1229 = DIRECTION('',(-0.49999995604,1.838806722867E-16,-0.866025429165)
  );
#1230 = ORIENTED_EDGE('',*,*,#1231,.F.);
#1231 = EDGE_CURVE('',#1232,#1224,#1234,.T.);
#1232 = VERTEX_POINT('',#1233);
#1233 = CARTESIAN_POINT('',(-3.603200300279,91.,32.559959330698));
#1234 = CIRCLE('',#1235,1.55);
#1235 = AXIS2_PLACEMENT_3D('',#1236,#1237,#1238);
#1236 = CARTESIAN_POINT('',(-4.00982007867,91.,34.055673326026));
#1237 = DIRECTION('',(-4.252295203646E-16,-1.,-3.737038904755E-16));
#1238 = DIRECTION('',(0.5,1.110223024625E-16,-0.866025403784));
#1239 = ORIENTED_EDGE('',*,*,#1240,.T.);
#1240 = EDGE_CURVE('',#1232,#1241,#1243,.T.);
#1241 = VERTEX_POINT('',#1242);
#1242 = CARTESIAN_POINT('',(-4.009819966995,91.,31.855673326026));
#1243 = LINE('',#1244,#1245);
#1244 = CARTESIAN_POINT('',(-0.277121809477,91.,38.320896942068));
#1245 = VECTOR('',#1246,1.);
#1246 = DIRECTION('',(-0.49999995604,1.838806722867E-16,-0.866025429165)
  );
#1247 = ORIENTED_EDGE('',*,*,#1248,.T.);
#1248 = EDGE_CURVE('',#1241,#1249,#1251,.T.);
#1249 = VERTEX_POINT('',#1250);
#1250 = CARTESIAN_POINT('',(-4.416439705213,91.,32.559959289417));
#1251 = LINE('',#1252,#1253);
#1252 = CARTESIAN_POINT('',(-7.787435656729,91.,38.398694865092));
#1253 = VECTOR('',#1254,1.);
#1254 = DIRECTION('',(-0.50000004396,1.838807046205E-16,0.866025378404)
  );
#1255 = ORIENTED_EDGE('',*,*,#1256,.F.);
#1256 = EDGE_CURVE('',#1257,#1249,#1259,.T.);
#1257 = VERTEX_POINT('',#1258);
#1258 = CARTESIAN_POINT('',(-5.508456284616,91.,34.451387265923));
#1259 = CIRCLE('',#1260,1.55);
#1260 = AXIS2_PLACEMENT_3D('',#1261,#1262,#1263);
#1261 = CARTESIAN_POINT('',(-4.00982007867,91.,34.055673326026));
#1262 = DIRECTION('',(-4.252295203646E-16,-1.,-3.737038904755E-16));
#1263 = DIRECTION('',(0.5,1.110223024625E-16,-0.866025403784));
#1264 = ORIENTED_EDGE('',*,*,#1265,.T.);
#1265 = EDGE_CURVE('',#1257,#1266,#1268,.T.);
#1266 = VERTEX_POINT('',#1267);
#1267 = CARTESIAN_POINT('',(-5.915076022833,91.,35.155673229314));
#1268 = LINE('',#1269,#1270);
#1269 = CARTESIAN_POINT('',(-7.787435656729,91.,38.398694865092));
#1270 = VECTOR('',#1271,1.);
#1271 = DIRECTION('',(-0.50000004396,1.838807046205E-16,0.866025378404)
  );
#1272 = ORIENTED_EDGE('',*,*,#1273,.T.);
#1273 = EDGE_CURVE('',#1266,#1274,#1276,.T.);
#1274 = VERTEX_POINT('',#1275);
#1275 = CARTESIAN_POINT('',(-5.101836617899,91.,35.155673270595));
#1276 = LINE('',#1277,#1278);
#1277 = CARTESIAN_POINT('',(-6.957537710803,91.,35.155673176398));
#1278 = VECTOR('',#1279,1.);
#1279 = DIRECTION('',(1.,-3.677613769071E-16,5.076075748622E-08));
#1280 = ORIENTED_EDGE('',*,*,#1281,.F.);
#1281 = EDGE_CURVE('',#1214,#1274,#1282,.T.);
#1282 = CIRCLE('',#1283,1.55);
#1283 = AXIS2_PLACEMENT_3D('',#1284,#1285,#1286);
#1284 = CARTESIAN_POINT('',(-4.00982007867,91.,34.055673326026));
#1285 = DIRECTION('',(-4.252295203646E-16,-1.,-3.737038904755E-16));
#1286 = DIRECTION('',(0.5,1.110223024625E-16,-0.866025403784));
#1287 = FACE_BOUND('',#1288,.F.);
#1288 = EDGE_LOOP('',(#1289,#1299,#1307,#1316,#1324,#1332,#1341,#1349,
    #1357));
#1289 = ORIENTED_EDGE('',*,*,#1290,.T.);
#1290 = EDGE_CURVE('',#1291,#1293,#1295,.T.);
#1291 = VERTEX_POINT('',#1292);
#1292 = CARTESIAN_POINT('',(-2.874315057671,91.,23.160348928062));
#1293 = VERTEX_POINT('',#1294);
#1294 = CARTESIAN_POINT('',(-2.061075652737,91.,23.160348969343));
#1295 = LINE('',#1296,#1297);
#1296 = CARTESIAN_POINT('',(-6.935793109635,91.,23.160348721898));
#1297 = VECTOR('',#1298,1.);
#1298 = DIRECTION('',(1.,-3.677613769071E-16,5.076075748622E-08));
#1299 = ORIENTED_EDGE('',*,*,#1300,.T.);
#1300 = EDGE_CURVE('',#1293,#1301,#1303,.T.);
#1301 = VERTEX_POINT('',#1302);
#1302 = CARTESIAN_POINT('',(-2.467695319453,91.,22.456062964671));
#1303 = LINE('',#1304,#1305);
#1304 = CARTESIAN_POINT('',(2.35799448434,91.,30.814403866231));
#1305 = VECTOR('',#1306,1.);
#1306 = DIRECTION('',(-0.49999995604,1.838806722867E-16,-0.866025429165)
  );
#1307 = ORIENTED_EDGE('',*,*,#1308,.F.);
#1308 = EDGE_CURVE('',#1309,#1301,#1311,.T.);
#1309 = VERTEX_POINT('',#1310);
#1310 = CARTESIAN_POINT('',(-3.559711706835,91.,20.564634877302));
#1311 = CIRCLE('',#1312,1.55);
#1312 = AXIS2_PLACEMENT_3D('',#1313,#1314,#1315);
#1313 = CARTESIAN_POINT('',(-3.966331485225,91.,22.06034887263));
#1314 = DIRECTION('',(-4.252295203646E-16,-1.,-3.737038904755E-16));
#1315 = DIRECTION('',(0.5,1.110223024625E-16,-0.866025403784));
#1316 = ORIENTED_EDGE('',*,*,#1317,.T.);
#1317 = EDGE_CURVE('',#1309,#1318,#1320,.T.);
#1318 = VERTEX_POINT('',#1319);
#1319 = CARTESIAN_POINT('',(-3.966331373551,91.,19.86034887263));
#1320 = LINE('',#1321,#1322);
#1321 = CARTESIAN_POINT('',(2.35799448434,91.,30.814403866231));
#1322 = VECTOR('',#1323,1.);
#1323 = DIRECTION('',(-0.49999995604,1.838806722867E-16,-0.866025429165)
  );
#1324 = ORIENTED_EDGE('',*,*,#1325,.T.);
#1325 = EDGE_CURVE('',#1318,#1326,#1328,.T.);
#1326 = VERTEX_POINT('',#1327);
#1327 = CARTESIAN_POINT('',(-4.372951111768,91.,20.564634836021));
#1328 = LINE('',#1329,#1330);
#1329 = CARTESIAN_POINT('',(-10.34644721646,91.,30.911032375287));
#1330 = VECTOR('',#1331,1.);
#1331 = DIRECTION('',(-0.50000004396,1.838807046205E-16,0.866025378404)
  );
#1332 = ORIENTED_EDGE('',*,*,#1333,.F.);
#1333 = EDGE_CURVE('',#1334,#1326,#1336,.T.);
#1334 = VERTEX_POINT('',#1335);
#1335 = CARTESIAN_POINT('',(-5.464967691171,91.,22.456062812527));
#1336 = CIRCLE('',#1337,1.55);
#1337 = AXIS2_PLACEMENT_3D('',#1338,#1339,#1340);
#1338 = CARTESIAN_POINT('',(-3.966331485225,91.,22.06034887263));
#1339 = DIRECTION('',(-4.252295203646E-16,-1.,-3.737038904755E-16));
#1340 = DIRECTION('',(0.5,1.110223024625E-16,-0.866025403784));
#1341 = ORIENTED_EDGE('',*,*,#1342,.T.);
#1342 = EDGE_CURVE('',#1334,#1343,#1345,.T.);
#1343 = VERTEX_POINT('',#1344);
#1344 = CARTESIAN_POINT('',(-5.871587429388,91.,23.160348775918));
#1345 = LINE('',#1346,#1347);
#1346 = CARTESIAN_POINT('',(-10.34644721646,91.,30.911032375287));
#1347 = VECTOR('',#1348,1.);
#1348 = DIRECTION('',(-0.50000004396,1.838807046205E-16,0.866025378404)
  );
#1349 = ORIENTED_EDGE('',*,*,#1350,.T.);
#1350 = EDGE_CURVE('',#1343,#1351,#1353,.T.);
#1351 = VERTEX_POINT('',#1352);
#1352 = CARTESIAN_POINT('',(-5.058348024454,91.,23.160348817199));
#1353 = LINE('',#1354,#1355);
#1354 = CARTESIAN_POINT('',(-6.935793109635,91.,23.160348721898));
#1355 = VECTOR('',#1356,1.);
#1356 = DIRECTION('',(1.,-3.677613769071E-16,5.076075748622E-08));
#1357 = ORIENTED_EDGE('',*,*,#1358,.F.);
#1358 = EDGE_CURVE('',#1291,#1351,#1359,.T.);
#1359 = CIRCLE('',#1360,1.55);
#1360 = AXIS2_PLACEMENT_3D('',#1361,#1362,#1363);
#1361 = CARTESIAN_POINT('',(-3.966331485225,91.,22.06034887263));
#1362 = DIRECTION('',(-4.252295203646E-16,-1.,-3.737038904755E-16));
#1363 = DIRECTION('',(0.5,1.110223024625E-16,-0.866025403784));
#1364 = PLANE('',#1365);
#1365 = AXIS2_PLACEMENT_3D('',#1366,#1367,#1368);
#1366 = CARTESIAN_POINT('',(-8.,91.,47.));
#1367 = DIRECTION('',(-3.677613769071E-16,-1.,0.));
#1368 = DIRECTION('',(1.,-3.677613769071E-16,0.));
#1369 = ADVANCED_FACE('',(#1370),#1388,.F.);
#1370 = FACE_BOUND('',#1371,.F.);
#1371 = EDGE_LOOP('',(#1372,#1380,#1386,#1387));
#1372 = ORIENTED_EDGE('',*,*,#1373,.F.);
#1373 = EDGE_CURVE('',#1374,#80,#1376,.T.);
#1374 = VERTEX_POINT('',#1375);
#1375 = CARTESIAN_POINT('',(6.14,-89.01,46.99));
#1376 = LINE('',#1377,#1378);
#1377 = CARTESIAN_POINT('',(6.14,-89.01,47.));
#1378 = VECTOR('',#1379,1.);
#1379 = DIRECTION('',(-0.,0.,-1.));
#1380 = ORIENTED_EDGE('',*,*,#1381,.T.);
#1381 = EDGE_CURVE('',#1374,#1087,#1382,.T.);
#1382 = LINE('',#1383,#1384);
#1383 = CARTESIAN_POINT('',(6.14,-88.25,47.75));
#1384 = VECTOR('',#1385,1.);
#1385 = DIRECTION('',(2.600465634695E-16,0.707106781187,0.707106781187)
  );
#1386 = ORIENTED_EDGE('',*,*,#1096,.T.);
#1387 = ORIENTED_EDGE('',*,*,#79,.T.);
#1388 = PLANE('',#1389);
#1389 = AXIS2_PLACEMENT_3D('',#1390,#1391,#1392);
#1390 = CARTESIAN_POINT('',(6.14,-84.,47.));
#1391 = DIRECTION('',(-1.,3.677613769071E-16,0.));
#1392 = DIRECTION('',(-3.677613769071E-16,-1.,0.));
#1393 = ADVANCED_FACE('',(#1394),#1412,.F.);
#1394 = FACE_BOUND('',#1395,.F.);
#1395 = EDGE_LOOP('',(#1396,#1404,#1410,#1411));
#1396 = ORIENTED_EDGE('',*,*,#1397,.F.);
#1397 = EDGE_CURVE('',#1398,#1119,#1400,.T.);
#1398 = VERTEX_POINT('',#1399);
#1399 = CARTESIAN_POINT('',(-8.,87.,39.01));
#1400 = LINE('',#1401,#1402);
#1401 = CARTESIAN_POINT('',(-8.,84.,39.01));
#1402 = VECTOR('',#1403,1.);
#1403 = DIRECTION('',(3.677613769071E-16,1.,0.));
#1404 = ORIENTED_EDGE('',*,*,#1405,.T.);
#1405 = EDGE_CURVE('',#1398,#248,#1406,.T.);
#1406 = LINE('',#1407,#1408);
#1407 = CARTESIAN_POINT('',(-8.,87.,39.01));
#1408 = VECTOR('',#1409,1.);
#1409 = DIRECTION('',(-0.,0.,-1.));
#1410 = ORIENTED_EDGE('',*,*,#255,.T.);
#1411 = ORIENTED_EDGE('',*,*,#1126,.F.);
#1412 = PLANE('',#1413);
#1413 = AXIS2_PLACEMENT_3D('',#1414,#1415,#1416);
#1414 = CARTESIAN_POINT('',(-8.,84.,47.));
#1415 = DIRECTION('',(1.,-3.677613769071E-16,-0.));
#1416 = DIRECTION('',(3.677613769071E-16,1.,0.));
#1417 = ADVANCED_FACE('',(#1418),#1445,.T.);
#1418 = FACE_BOUND('',#1419,.F.);
#1419 = EDGE_LOOP('',(#1420,#1430,#1436,#1437,#1438,#1439));
#1420 = ORIENTED_EDGE('',*,*,#1421,.F.);
#1421 = EDGE_CURVE('',#1422,#1424,#1426,.T.);
#1422 = VERTEX_POINT('',#1423);
#1423 = CARTESIAN_POINT('',(8.13,-91.,45.));
#1424 = VERTEX_POINT('',#1425);
#1425 = CARTESIAN_POINT('',(8.13,-91.,0.5));
#1426 = LINE('',#1427,#1428);
#1427 = CARTESIAN_POINT('',(8.13,-91.,47.));
#1428 = VECTOR('',#1429,1.);
#1429 = DIRECTION('',(-0.,0.,-1.));
#1430 = ORIENTED_EDGE('',*,*,#1431,.T.);
#1431 = EDGE_CURVE('',#1422,#1374,#1432,.T.);
#1432 = LINE('',#1433,#1434);
#1433 = CARTESIAN_POINT('',(25.36,-108.23,27.77));
#1434 = VECTOR('',#1435,1.);
#1435 = DIRECTION('',(-0.57735026919,0.57735026919,0.57735026919));
#1436 = ORIENTED_EDGE('',*,*,#1373,.T.);
#1437 = ORIENTED_EDGE('',*,*,#87,.T.);
#1438 = ORIENTED_EDGE('',*,*,#95,.T.);
#1439 = ORIENTED_EDGE('',*,*,#1440,.T.);
#1440 = EDGE_CURVE('',#96,#1424,#1441,.T.);
#1441 = LINE('',#1442,#1443);
#1442 = CARTESIAN_POINT('',(0.131666666667,-83.00166666666,
    8.498333333333));
#1443 = VECTOR('',#1444,1.);
#1444 = DIRECTION('',(-0.57735026919,0.57735026919,0.57735026919));
#1445 = PLANE('',#1446);
#1446 = AXIS2_PLACEMENT_3D('',#1447,#1448,#1449);
#1447 = CARTESIAN_POINT('',(7.135,-90.005,47.));
#1448 = DIRECTION('',(0.707106781187,0.707106781187,0.));
#1449 = DIRECTION('',(0.,0.,1.));
#1450 = ADVANCED_FACE('',(#1451),#1469,.T.);
#1451 = FACE_BOUND('',#1452,.F.);
#1452 = EDGE_LOOP('',(#1453,#1461,#1467,#1468));
#1453 = ORIENTED_EDGE('',*,*,#1454,.F.);
#1454 = EDGE_CURVE('',#1455,#1398,#1457,.T.);
#1455 = VERTEX_POINT('',#1456);
#1456 = CARTESIAN_POINT('',(-5.,84.,42.01));
#1457 = LINE('',#1458,#1459);
#1458 = CARTESIAN_POINT('',(-5.668333333333,84.66833333333,
    41.341666666667));
#1459 = VECTOR('',#1460,1.);
#1460 = DIRECTION('',(-0.57735026919,0.57735026919,-0.57735026919));
#1461 = ORIENTED_EDGE('',*,*,#1462,.T.);
#1462 = EDGE_CURVE('',#1455,#240,#1463,.T.);
#1463 = LINE('',#1464,#1465);
#1464 = CARTESIAN_POINT('',(-5.,84.,39.01));
#1465 = VECTOR('',#1466,1.);
#1466 = DIRECTION('',(-0.,0.,-1.));
#1467 = ORIENTED_EDGE('',*,*,#247,.T.);
#1468 = ORIENTED_EDGE('',*,*,#1405,.F.);
#1469 = PLANE('',#1470);
#1470 = AXIS2_PLACEMENT_3D('',#1471,#1472,#1473);
#1471 = CARTESIAN_POINT('',(-6.5,85.5,39.01));
#1472 = DIRECTION('',(-0.707106781187,-0.707106781187,0.));
#1473 = DIRECTION('',(0.,0.,1.));
#1474 = ADVANCED_FACE('',(#1475),#1509,.F.);
#1475 = FACE_BOUND('',#1476,.F.);
#1476 = EDGE_LOOP('',(#1477,#1478,#1479,#1487,#1495,#1503));
#1477 = ORIENTED_EDGE('',*,*,#239,.T.);
#1478 = ORIENTED_EDGE('',*,*,#1462,.F.);
#1479 = ORIENTED_EDGE('',*,*,#1480,.F.);
#1480 = EDGE_CURVE('',#1481,#1455,#1483,.T.);
#1481 = VERTEX_POINT('',#1482);
#1482 = CARTESIAN_POINT('',(-9.999999999979E-03,84.,47.));
#1483 = LINE('',#1484,#1485);
#1484 = CARTESIAN_POINT('',(-0.47,84.,46.54));
#1485 = VECTOR('',#1486,1.);
#1486 = DIRECTION('',(-0.707106781187,2.600465634695E-16,-0.707106781187
    ));
#1487 = ORIENTED_EDGE('',*,*,#1488,.F.);
#1488 = EDGE_CURVE('',#1489,#1481,#1491,.T.);
#1489 = VERTEX_POINT('',#1490);
#1490 = CARTESIAN_POINT('',(3.089195566019E-14,84.,47.));
#1491 = LINE('',#1492,#1493);
#1492 = CARTESIAN_POINT('',(6.14,84.,47.));
#1493 = VECTOR('',#1494,1.);
#1494 = DIRECTION('',(-1.,3.677613769071E-16,0.));
#1495 = ORIENTED_EDGE('',*,*,#1496,.F.);
#1496 = EDGE_CURVE('',#1497,#1489,#1499,.T.);
#1497 = VERTEX_POINT('',#1498);
#1498 = CARTESIAN_POINT('',(1.14,84.,47.));
#1499 = LINE('',#1500,#1501);
#1500 = CARTESIAN_POINT('',(6.14,84.,47.));
#1501 = VECTOR('',#1502,1.);
#1502 = DIRECTION('',(-1.,3.677613769071E-16,0.));
#1503 = ORIENTED_EDGE('',*,*,#1504,.T.);
#1504 = EDGE_CURVE('',#1497,#232,#1505,.T.);
#1505 = LINE('',#1506,#1507);
#1506 = CARTESIAN_POINT('',(1.14,84.,47.));
#1507 = VECTOR('',#1508,1.);
#1508 = DIRECTION('',(-0.,0.,-1.));
#1509 = PLANE('',#1510);
#1510 = AXIS2_PLACEMENT_3D('',#1511,#1512,#1513);
#1511 = CARTESIAN_POINT('',(6.14,84.,47.));
#1512 = DIRECTION('',(3.677613769071E-16,1.,0.));
#1513 = DIRECTION('',(-1.,3.677613769071E-16,0.));
#1514 = ADVANCED_FACE('',(#1515),#1533,.T.);
#1515 = FACE_BOUND('',#1516,.F.);
#1516 = EDGE_LOOP('',(#1517,#1518,#1519,#1527));
#1517 = ORIENTED_EDGE('',*,*,#1440,.F.);
#1518 = ORIENTED_EDGE('',*,*,#103,.T.);
#1519 = ORIENTED_EDGE('',*,*,#1520,.T.);
#1520 = EDGE_CURVE('',#104,#1521,#1523,.T.);
#1521 = VERTEX_POINT('',#1522);
#1522 = CARTESIAN_POINT('',(100.5,-91.,0.5));
#1523 = LINE('',#1524,#1525);
#1524 = CARTESIAN_POINT('',(96.94636081508,-82.42075608398,
    9.079243916014));
#1525 = VECTOR('',#1526,1.);
#1526 = DIRECTION('',(-0.281084637715,0.678598344546,0.678598344546));
#1527 = ORIENTED_EDGE('',*,*,#1528,.F.);
#1528 = EDGE_CURVE('',#1424,#1521,#1529,.T.);
#1529 = LINE('',#1530,#1531);
#1530 = CARTESIAN_POINT('',(8.13,-91.,0.5));
#1531 = VECTOR('',#1532,1.);
#1532 = DIRECTION('',(1.,-3.677613769071E-16,0.));
#1533 = PLANE('',#1534);
#1534 = AXIS2_PLACEMENT_3D('',#1535,#1536,#1537);
#1535 = CARTESIAN_POINT('',(8.13,-91.25,0.25));
#1536 = DIRECTION('',(2.600465634695E-16,0.707106781187,-0.707106781187)
  );
#1537 = DIRECTION('',(-1.,3.677613769071E-16,0.));
#1538 = ADVANCED_FACE('',(#1539),#1557,.T.);
#1539 = FACE_BOUND('',#1540,.F.);
#1540 = EDGE_LOOP('',(#1541,#1549,#1555,#1556));
#1541 = ORIENTED_EDGE('',*,*,#1542,.F.);
#1542 = EDGE_CURVE('',#1543,#1497,#1545,.T.);
#1543 = VERTEX_POINT('',#1544);
#1544 = CARTESIAN_POINT('',(6.14,89.,47.));
#1545 = LINE('',#1546,#1547);
#1546 = CARTESIAN_POINT('',(3.855,86.715,47.));
#1547 = VECTOR('',#1548,1.);
#1548 = DIRECTION('',(-0.707106781187,-0.707106781187,
    -1.570092458683E-16));
#1549 = ORIENTED_EDGE('',*,*,#1550,.T.);
#1550 = EDGE_CURVE('',#1543,#224,#1551,.T.);
#1551 = LINE('',#1552,#1553);
#1552 = CARTESIAN_POINT('',(6.14,89.,47.));
#1553 = VECTOR('',#1554,1.);
#1554 = DIRECTION('',(-0.,0.,-1.));
#1555 = ORIENTED_EDGE('',*,*,#231,.T.);
#1556 = ORIENTED_EDGE('',*,*,#1504,.F.);
#1557 = PLANE('',#1558);
#1558 = AXIS2_PLACEMENT_3D('',#1559,#1560,#1561);
#1559 = CARTESIAN_POINT('',(3.64,86.5,47.));
#1560 = DIRECTION('',(0.707106781187,-0.707106781187,0.));
#1561 = DIRECTION('',(0.,0.,1.));
#1562 = ADVANCED_FACE('',(#1563),#1581,.T.);
#1563 = FACE_BOUND('',#1564,.F.);
#1564 = EDGE_LOOP('',(#1565,#1566,#1567,#1575));
#1565 = ORIENTED_EDGE('',*,*,#1520,.F.);
#1566 = ORIENTED_EDGE('',*,*,#111,.T.);
#1567 = ORIENTED_EDGE('',*,*,#1568,.T.);
#1568 = EDGE_CURVE('',#112,#1569,#1571,.T.);
#1569 = VERTEX_POINT('',#1570);
#1570 = CARTESIAN_POINT('',(102.5,-89.,0.5));
#1571 = LINE('',#1572,#1573);
#1572 = CARTESIAN_POINT('',(102.5,-91.56903559372,-1.316582489435));
#1573 = VECTOR('',#1574,1.);
#1574 = DIRECTION('',(3.002759068419E-16,0.816496580928,0.57735026919));
#1575 = ORIENTED_EDGE('',*,*,#1576,.F.);
#1576 = EDGE_CURVE('',#1521,#1569,#1577,.T.);
#1577 = LINE('',#1578,#1579);
#1578 = CARTESIAN_POINT('',(100.5,-91.,0.5));
#1579 = VECTOR('',#1580,1.);
#1580 = DIRECTION('',(0.707106781187,0.707106781187,0.));
#1581 = PLANE('',#1582);
#1582 = AXIS2_PLACEMENT_3D('',#1583,#1584,#1585);
#1583 = CARTESIAN_POINT('',(100.6767766952,-91.17677669529,0.25));
#1584 = DIRECTION('',(-0.5,0.5,-0.707106781187));
#1585 = DIRECTION('',(-0.707106781187,-0.707106781187,0.));
#1586 = ADVANCED_FACE('',(#1587),#1605,.F.);
#1587 = FACE_BOUND('',#1588,.F.);
#1588 = EDGE_LOOP('',(#1589,#1597,#1598,#1599));
#1589 = ORIENTED_EDGE('',*,*,#1590,.T.);
#1590 = EDGE_CURVE('',#1591,#216,#1593,.T.);
#1591 = VERTEX_POINT('',#1592);
#1592 = CARTESIAN_POINT('',(6.14,89.01,46.99));
#1593 = LINE('',#1594,#1595);
#1594 = CARTESIAN_POINT('',(6.14,89.01,47.));
#1595 = VECTOR('',#1596,1.);
#1596 = DIRECTION('',(-0.,0.,-1.));
#1597 = ORIENTED_EDGE('',*,*,#223,.T.);
#1598 = ORIENTED_EDGE('',*,*,#1550,.F.);
#1599 = ORIENTED_EDGE('',*,*,#1600,.F.);
#1600 = EDGE_CURVE('',#1591,#1543,#1601,.T.);
#1601 = LINE('',#1602,#1603);
#1602 = CARTESIAN_POINT('',(6.14,90.,46.));
#1603 = VECTOR('',#1604,1.);
#1604 = DIRECTION('',(-2.600465634695E-16,-0.707106781187,0.707106781187
    ));
#1605 = PLANE('',#1606);
#1606 = AXIS2_PLACEMENT_3D('',#1607,#1608,#1609);
#1607 = CARTESIAN_POINT('',(6.14,91.,47.));
#1608 = DIRECTION('',(-1.,3.677613769071E-16,0.));
#1609 = DIRECTION('',(-3.677613769071E-16,-1.,0.));
#1610 = ADVANCED_FACE('',(#1611),#1654,.T.);
#1611 = FACE_BOUND('',#1612,.T.);
#1612 = EDGE_LOOP('',(#1613,#1621,#1629,#1637,#1645,#1651,#1652,#1653));
#1613 = ORIENTED_EDGE('',*,*,#1614,.T.);
#1614 = EDGE_CURVE('',#1569,#1615,#1617,.T.);
#1615 = VERTEX_POINT('',#1616);
#1616 = CARTESIAN_POINT('',(102.5,-89.,13.99));
#1617 = LINE('',#1618,#1619);
#1618 = CARTESIAN_POINT('',(102.5,-89.,-2.053912595557E-14));
#1619 = VECTOR('',#1620,1.);
#1620 = DIRECTION('',(0.,0.,1.));
#1621 = ORIENTED_EDGE('',*,*,#1622,.T.);
#1622 = EDGE_CURVE('',#1615,#1623,#1625,.T.);
#1623 = VERTEX_POINT('',#1624);
#1624 = CARTESIAN_POINT('',(102.5,-76.01,1.));
#1625 = LINE('',#1626,#1627);
#1626 = CARTESIAN_POINT('',(102.5,-84.005,8.995));
#1627 = VECTOR('',#1628,1.);
#1628 = DIRECTION('',(2.600465634695E-16,0.707106781187,-0.707106781187)
  );
#1629 = ORIENTED_EDGE('',*,*,#1630,.T.);
#1630 = EDGE_CURVE('',#1623,#1631,#1633,.T.);
#1631 = VERTEX_POINT('',#1632);
#1632 = CARTESIAN_POINT('',(102.5,-68.5,1.));
#1633 = LINE('',#1634,#1635);
#1634 = CARTESIAN_POINT('',(102.5,-94.,1.));
#1635 = VECTOR('',#1636,1.);
#1636 = DIRECTION('',(3.677613769071E-16,1.,0.));
#1637 = ORIENTED_EDGE('',*,*,#1638,.F.);
#1638 = EDGE_CURVE('',#1639,#1631,#1641,.T.);
#1639 = VERTEX_POINT('',#1640);
#1640 = CARTESIAN_POINT('',(102.5,-68.5,0.5));
#1641 = LINE('',#1642,#1643);
#1642 = CARTESIAN_POINT('',(102.5,-68.5,0.));
#1643 = VECTOR('',#1644,1.);
#1644 = DIRECTION('',(0.,0.,1.));
#1645 = ORIENTED_EDGE('',*,*,#1646,.F.);
#1646 = EDGE_CURVE('',#128,#1639,#1647,.T.);
#1647 = LINE('',#1648,#1649);
#1648 = CARTESIAN_POINT('',(102.5,-75.125,-6.125));
#1649 = VECTOR('',#1650,1.);
#1650 = DIRECTION('',(2.600465634695E-16,0.707106781187,0.707106781187)
  );
#1651 = ORIENTED_EDGE('',*,*,#127,.F.);
#1652 = ORIENTED_EDGE('',*,*,#119,.T.);
#1653 = ORIENTED_EDGE('',*,*,#1568,.T.);
#1654 = PLANE('',#1655);
#1655 = AXIS2_PLACEMENT_3D('',#1656,#1657,#1658);
#1656 = CARTESIAN_POINT('',(102.5,-94.,0.));
#1657 = DIRECTION('',(-1.,3.677613769071E-16,0.));
#1658 = DIRECTION('',(3.677613769071E-16,1.,0.));
#1659 = ADVANCED_FACE('',(#1660),#1687,.T.);
#1660 = FACE_BOUND('',#1661,.F.);
#1661 = EDGE_LOOP('',(#1662,#1672,#1678,#1679,#1680,#1681));
#1662 = ORIENTED_EDGE('',*,*,#1663,.T.);
#1663 = EDGE_CURVE('',#1664,#1666,#1668,.T.);
#1664 = VERTEX_POINT('',#1665);
#1665 = CARTESIAN_POINT('',(8.13,91.,45.));
#1666 = VERTEX_POINT('',#1667);
#1667 = CARTESIAN_POINT('',(8.13,91.,0.5));
#1668 = LINE('',#1669,#1670);
#1669 = CARTESIAN_POINT('',(8.13,91.,47.));
#1670 = VECTOR('',#1671,1.);
#1671 = DIRECTION('',(-0.,0.,-1.));
#1672 = ORIENTED_EDGE('',*,*,#1673,.F.);
#1673 = EDGE_CURVE('',#200,#1666,#1674,.T.);
#1674 = LINE('',#1675,#1676);
#1675 = CARTESIAN_POINT('',(15.52666666666,98.39666666666,
    -6.896666666667));
#1676 = VECTOR('',#1677,1.);
#1677 = DIRECTION('',(-0.57735026919,-0.57735026919,0.57735026919));
#1678 = ORIENTED_EDGE('',*,*,#207,.F.);
#1679 = ORIENTED_EDGE('',*,*,#215,.T.);
#1680 = ORIENTED_EDGE('',*,*,#1590,.F.);
#1681 = ORIENTED_EDGE('',*,*,#1682,.F.);
#1682 = EDGE_CURVE('',#1664,#1591,#1683,.T.);
#1683 = LINE('',#1684,#1685);
#1684 = CARTESIAN_POINT('',(7.131666666667,90.00166666666,
    45.998333333333));
#1685 = VECTOR('',#1686,1.);
#1686 = DIRECTION('',(-0.57735026919,-0.57735026919,0.57735026919));
#1687 = PLANE('',#1688);
#1688 = AXIS2_PLACEMENT_3D('',#1689,#1690,#1691);
#1689 = CARTESIAN_POINT('',(7.135,90.005,47.));
#1690 = DIRECTION('',(0.707106781187,-0.707106781187,0.));
#1691 = DIRECTION('',(0.,0.,1.));
#1692 = ADVANCED_FACE('',(#1693),#1711,.T.);
#1693 = FACE_BOUND('',#1694,.F.);
#1694 = EDGE_LOOP('',(#1695,#1696,#1697,#1705));
#1695 = ORIENTED_EDGE('',*,*,#1646,.F.);
#1696 = ORIENTED_EDGE('',*,*,#135,.T.);
#1697 = ORIENTED_EDGE('',*,*,#1698,.T.);
#1698 = EDGE_CURVE('',#136,#1699,#1701,.T.);
#1699 = VERTEX_POINT('',#1700);
#1700 = CARTESIAN_POINT('',(115.5,-68.5,0.5));
#1701 = LINE('',#1702,#1703);
#1702 = CARTESIAN_POINT('',(115.0818160567,-67.49041465271,
    1.509585347288));
#1703 = VECTOR('',#1704,1.);
#1704 = DIRECTION('',(-0.281084637715,0.678598344546,0.678598344546));
#1705 = ORIENTED_EDGE('',*,*,#1706,.F.);
#1706 = EDGE_CURVE('',#1639,#1699,#1707,.T.);
#1707 = LINE('',#1708,#1709);
#1708 = CARTESIAN_POINT('',(102.5,-68.5,0.5));
#1709 = VECTOR('',#1710,1.);
#1710 = DIRECTION('',(1.,-3.677613769071E-16,0.));
#1711 = PLANE('',#1712);
#1712 = AXIS2_PLACEMENT_3D('',#1713,#1714,#1715);
#1713 = CARTESIAN_POINT('',(102.5,-68.75,0.25));
#1714 = DIRECTION('',(2.600465634695E-16,0.707106781187,-0.707106781187)
  );
#1715 = DIRECTION('',(-1.,3.677613769071E-16,0.));
#1716 = ADVANCED_FACE('',(#1717),#1735,.T.);
#1717 = FACE_BOUND('',#1718,.F.);
#1718 = EDGE_LOOP('',(#1719,#1727,#1728,#1729));
#1719 = ORIENTED_EDGE('',*,*,#1720,.F.);
#1720 = EDGE_CURVE('',#192,#1721,#1723,.T.);
#1721 = VERTEX_POINT('',#1722);
#1722 = CARTESIAN_POINT('',(100.5,91.,0.5));
#1723 = LINE('',#1724,#1725);
#1724 = CARTESIAN_POINT('',(103.3316666666,88.16833333333,3.331666666667
    ));
#1725 = VECTOR('',#1726,1.);
#1726 = DIRECTION('',(0.57735026919,-0.57735026919,0.57735026919));
#1727 = ORIENTED_EDGE('',*,*,#199,.T.);
#1728 = ORIENTED_EDGE('',*,*,#1673,.T.);
#1729 = ORIENTED_EDGE('',*,*,#1730,.F.);
#1730 = EDGE_CURVE('',#1721,#1666,#1731,.T.);
#1731 = LINE('',#1732,#1733);
#1732 = CARTESIAN_POINT('',(100.5,91.,0.5));
#1733 = VECTOR('',#1734,1.);
#1734 = DIRECTION('',(-1.,3.677613769071E-16,0.));
#1735 = PLANE('',#1736);
#1736 = AXIS2_PLACEMENT_3D('',#1737,#1738,#1739);
#1737 = CARTESIAN_POINT('',(100.5,91.25,0.25));
#1738 = DIRECTION('',(-2.600465634695E-16,-0.707106781187,
    -0.707106781187));
#1739 = DIRECTION('',(1.,-3.677613769071E-16,0.));
#1740 = ADVANCED_FACE('',(#1741),#1759,.T.);
#1741 = FACE_BOUND('',#1742,.F.);
#1742 = EDGE_LOOP('',(#1743,#1744,#1745,#1753));
#1743 = ORIENTED_EDGE('',*,*,#1698,.F.);
#1744 = ORIENTED_EDGE('',*,*,#143,.T.);
#1745 = ORIENTED_EDGE('',*,*,#1746,.T.);
#1746 = EDGE_CURVE('',#144,#1747,#1749,.T.);
#1747 = VERTEX_POINT('',#1748);
#1748 = CARTESIAN_POINT('',(117.5,-66.5,0.5));
#1749 = LINE('',#1750,#1751);
#1750 = CARTESIAN_POINT('',(104.7760483194,-61.22956664695,
    13.223951680511));
#1751 = VECTOR('',#1752,1.);
#1752 = DIRECTION('',(-0.678598344546,0.281084637715,0.678598344546));
#1753 = ORIENTED_EDGE('',*,*,#1754,.F.);
#1754 = EDGE_CURVE('',#1699,#1747,#1755,.T.);
#1755 = LINE('',#1756,#1757);
#1756 = CARTESIAN_POINT('',(115.5,-68.5,0.5));
#1757 = VECTOR('',#1758,1.);
#1758 = DIRECTION('',(0.707106781187,0.707106781187,0.));
#1759 = PLANE('',#1760);
#1760 = AXIS2_PLACEMENT_3D('',#1761,#1762,#1763);
#1761 = CARTESIAN_POINT('',(115.6767766952,-68.67677669529,0.25));
#1762 = DIRECTION('',(-0.5,0.5,-0.707106781187));
#1763 = DIRECTION('',(-0.707106781187,-0.707106781187,0.));
#1764 = ADVANCED_FACE('',(#1765),#1792,.F.);
#1765 = FACE_BOUND('',#1766,.F.);
#1766 = EDGE_LOOP('',(#1767,#1775,#1783,#1789,#1790,#1791));
#1767 = ORIENTED_EDGE('',*,*,#1768,.F.);
#1768 = EDGE_CURVE('',#1769,#1721,#1771,.T.);
#1769 = VERTEX_POINT('',#1770);
#1770 = CARTESIAN_POINT('',(100.5,91.,15.99));
#1771 = LINE('',#1772,#1773);
#1772 = CARTESIAN_POINT('',(100.5,91.,15.99));
#1773 = VECTOR('',#1774,1.);
#1774 = DIRECTION('',(1.11195819087E-31,3.023586109617E-16,-1.));
#1775 = ORIENTED_EDGE('',*,*,#1776,.F.);
#1776 = EDGE_CURVE('',#1777,#1769,#1779,.T.);
#1777 = VERTEX_POINT('',#1778);
#1778 = CARTESIAN_POINT('',(102.5,89.,13.99));
#1779 = LINE('',#1780,#1781);
#1780 = CARTESIAN_POINT('',(106.165,85.335,10.325));
#1781 = VECTOR('',#1782,1.);
#1782 = DIRECTION('',(-0.57735026919,0.57735026919,0.57735026919));
#1783 = ORIENTED_EDGE('',*,*,#1784,.T.);
#1784 = EDGE_CURVE('',#1777,#176,#1785,.T.);
#1785 = LINE('',#1786,#1787);
#1786 = CARTESIAN_POINT('',(102.5,89.,15.99));
#1787 = VECTOR('',#1788,1.);
#1788 = DIRECTION('',(1.11195819087E-31,3.023586109617E-16,-1.));
#1789 = ORIENTED_EDGE('',*,*,#183,.T.);
#1790 = ORIENTED_EDGE('',*,*,#191,.T.);
#1791 = ORIENTED_EDGE('',*,*,#1720,.T.);
#1792 = PLANE('',#1793);
#1793 = AXIS2_PLACEMENT_3D('',#1794,#1795,#1796);
#1794 = CARTESIAN_POINT('',(101.5,90.,15.99));
#1795 = DIRECTION('',(0.707106781187,0.707106781187,0.));
#1796 = DIRECTION('',(-1.511793054809E-16,1.511793054809E-16,-1.));
#1797 = ADVANCED_FACE('',(#1798),#1816,.F.);
#1798 = FACE_BOUND('',#1799,.T.);
#1799 = EDGE_LOOP('',(#1800,#1808,#1809,#1810));
#1800 = ORIENTED_EDGE('',*,*,#1801,.F.);
#1801 = EDGE_CURVE('',#152,#1802,#1804,.T.);
#1802 = VERTEX_POINT('',#1803);
#1803 = CARTESIAN_POINT('',(117.5,66.5,0.5));
#1804 = LINE('',#1805,#1806);
#1805 = CARTESIAN_POINT('',(117.7302478566,66.59537178491,0.26975214339)
  );
#1806 = VECTOR('',#1807,1.);
#1807 = DIRECTION('',(-0.678598344546,-0.281084637715,0.678598344546));
#1808 = ORIENTED_EDGE('',*,*,#151,.T.);
#1809 = ORIENTED_EDGE('',*,*,#1746,.T.);
#1810 = ORIENTED_EDGE('',*,*,#1811,.F.);
#1811 = EDGE_CURVE('',#1802,#1747,#1812,.T.);
#1812 = LINE('',#1813,#1814);
#1813 = CARTESIAN_POINT('',(117.5,66.5,0.5));
#1814 = VECTOR('',#1815,1.);
#1815 = DIRECTION('',(-3.677613769071E-16,-1.,-2.22044604925E-16));
#1816 = PLANE('',#1817);
#1817 = AXIS2_PLACEMENT_3D('',#1818,#1819,#1820);
#1818 = CARTESIAN_POINT('',(117.75,66.5,0.25));
#1819 = DIRECTION('',(0.707106781187,-2.600465634695E-16,0.707106781187)
  );
#1820 = DIRECTION('',(2.567390744446E-16,1.,1.110223024625E-16));
#1821 = ADVANCED_FACE('',(#1822),#1840,.T.);
#1822 = FACE_BOUND('',#1823,.F.);
#1823 = EDGE_LOOP('',(#1824,#1825,#1826,#1834));
#1824 = ORIENTED_EDGE('',*,*,#1801,.F.);
#1825 = ORIENTED_EDGE('',*,*,#159,.T.);
#1826 = ORIENTED_EDGE('',*,*,#1827,.T.);
#1827 = EDGE_CURVE('',#160,#1828,#1830,.T.);
#1828 = VERTEX_POINT('',#1829);
#1829 = CARTESIAN_POINT('',(115.5,68.5,0.5));
#1830 = LINE('',#1831,#1832);
#1831 = CARTESIAN_POINT('',(115.4836367886,68.46049571322,0.53950428678)
  );
#1832 = VECTOR('',#1833,1.);
#1833 = DIRECTION('',(-0.281084637715,-0.678598344546,0.678598344546));
#1834 = ORIENTED_EDGE('',*,*,#1835,.F.);
#1835 = EDGE_CURVE('',#1802,#1828,#1836,.T.);
#1836 = LINE('',#1837,#1838);
#1837 = CARTESIAN_POINT('',(117.5,66.5,0.5));
#1838 = VECTOR('',#1839,1.);
#1839 = DIRECTION('',(-0.707106781187,0.707106781187,0.));
#1840 = PLANE('',#1841);
#1841 = AXIS2_PLACEMENT_3D('',#1842,#1843,#1844);
#1842 = CARTESIAN_POINT('',(117.6767766952,66.67677669529,0.25));
#1843 = DIRECTION('',(-0.5,-0.5,-0.707106781187));
#1844 = DIRECTION('',(0.707106781187,-0.707106781187,0.));
#1845 = ADVANCED_FACE('',(#1846),#1880,.T.);
#1846 = FACE_BOUND('',#1847,.T.);
#1847 = EDGE_LOOP('',(#1848,#1849,#1857,#1865,#1873,#1879));
#1848 = ORIENTED_EDGE('',*,*,#175,.F.);
#1849 = ORIENTED_EDGE('',*,*,#1850,.T.);
#1850 = EDGE_CURVE('',#168,#1851,#1853,.T.);
#1851 = VERTEX_POINT('',#1852);
#1852 = CARTESIAN_POINT('',(102.5,68.5,0.5));
#1853 = LINE('',#1854,#1855);
#1854 = CARTESIAN_POINT('',(102.5,68.75,0.25));
#1855 = VECTOR('',#1856,1.);
#1856 = DIRECTION('',(-2.600465634695E-16,-0.707106781187,0.707106781187
    ));
#1857 = ORIENTED_EDGE('',*,*,#1858,.T.);
#1858 = EDGE_CURVE('',#1851,#1859,#1861,.T.);
#1859 = VERTEX_POINT('',#1860);
#1860 = CARTESIAN_POINT('',(102.5,68.5,1.));
#1861 = LINE('',#1862,#1863);
#1862 = CARTESIAN_POINT('',(102.5,68.5,0.));
#1863 = VECTOR('',#1864,1.);
#1864 = DIRECTION('',(0.,0.,1.));
#1865 = ORIENTED_EDGE('',*,*,#1866,.T.);
#1866 = EDGE_CURVE('',#1859,#1867,#1869,.T.);
#1867 = VERTEX_POINT('',#1868);
#1868 = CARTESIAN_POINT('',(102.5,76.01,1.));
#1869 = LINE('',#1870,#1871);
#1870 = CARTESIAN_POINT('',(102.5,68.5,1.));
#1871 = VECTOR('',#1872,1.);
#1872 = DIRECTION('',(3.677613769071E-16,1.,0.));
#1873 = ORIENTED_EDGE('',*,*,#1874,.F.);
#1874 = EDGE_CURVE('',#1777,#1867,#1875,.T.);
#1875 = LINE('',#1876,#1877);
#1876 = CARTESIAN_POINT('',(102.5,77.63,2.62));
#1877 = VECTOR('',#1878,1.);
#1878 = DIRECTION('',(-2.600465634695E-16,-0.707106781187,
    -0.707106781187));
#1879 = ORIENTED_EDGE('',*,*,#1784,.T.);
#1880 = PLANE('',#1881);
#1881 = AXIS2_PLACEMENT_3D('',#1882,#1883,#1884);
#1882 = CARTESIAN_POINT('',(102.5,68.5,0.));
#1883 = DIRECTION('',(-1.,3.677613769071E-16,0.));
#1884 = DIRECTION('',(3.677613769071E-16,1.,0.));
#1885 = ADVANCED_FACE('',(#1886),#1897,.T.);
#1886 = FACE_BOUND('',#1887,.F.);
#1887 = EDGE_LOOP('',(#1888,#1889,#1890,#1891));
#1888 = ORIENTED_EDGE('',*,*,#1827,.F.);
#1889 = ORIENTED_EDGE('',*,*,#167,.T.);
#1890 = ORIENTED_EDGE('',*,*,#1850,.T.);
#1891 = ORIENTED_EDGE('',*,*,#1892,.F.);
#1892 = EDGE_CURVE('',#1828,#1851,#1893,.T.);
#1893 = LINE('',#1894,#1895);
#1894 = CARTESIAN_POINT('',(115.5,68.5,0.5));
#1895 = VECTOR('',#1896,1.);
#1896 = DIRECTION('',(-1.,3.677613769071E-16,0.));
#1897 = PLANE('',#1898);
#1898 = AXIS2_PLACEMENT_3D('',#1899,#1900,#1901);
#1899 = CARTESIAN_POINT('',(115.5,68.75,0.25));
#1900 = DIRECTION('',(-2.600465634695E-16,-0.707106781187,
    -0.707106781187));
#1901 = DIRECTION('',(1.,-3.677613769071E-16,0.));
#1902 = ADVANCED_FACE('',(#1903),#1938,.F.);
#1903 = FACE_BOUND('',#1904,.F.);
#1904 = EDGE_LOOP('',(#1905,#1913,#1922,#1931,#1937));
#1905 = ORIENTED_EDGE('',*,*,#1906,.T.);
#1906 = EDGE_CURVE('',#314,#1907,#1909,.T.);
#1907 = VERTEX_POINT('',#1908);
#1908 = CARTESIAN_POINT('',(113.0067140366,84.561380373457,4.845));
#1909 = LINE('',#1910,#1911);
#1910 = CARTESIAN_POINT('',(113.0067140366,84.561380373457,4.845));
#1911 = VECTOR('',#1912,1.);
#1912 = DIRECTION('',(8.659560562355E-17,8.659560562355E-17,1.));
#1913 = ORIENTED_EDGE('',*,*,#1914,.T.);
#1914 = EDGE_CURVE('',#1907,#1915,#1917,.T.);
#1915 = VERTEX_POINT('',#1916);
#1916 = CARTESIAN_POINT('',(111.511,83.418,4.845));
#1917 = CIRCLE('',#1918,1.55);
#1918 = AXIS2_PLACEMENT_3D('',#1919,#1920,#1921);
#1919 = CARTESIAN_POINT('',(111.511,84.968,4.845));
#1920 = DIRECTION('',(-8.659560562355E-17,-8.659560562355E-17,-1.));
#1921 = DIRECTION('',(-2.22044604925E-16,-1.,8.659560562355E-17));
#1922 = ORIENTED_EDGE('',*,*,#1923,.T.);
#1923 = EDGE_CURVE('',#1915,#1924,#1926,.T.);
#1924 = VERTEX_POINT('',#1925);
#1925 = CARTESIAN_POINT('',(111.1152860601,83.469363794054,4.845));
#1926 = CIRCLE('',#1927,1.55);
#1927 = AXIS2_PLACEMENT_3D('',#1928,#1929,#1930);
#1928 = CARTESIAN_POINT('',(111.511,84.968,4.845));
#1929 = DIRECTION('',(-8.659560562355E-17,-8.659560562355E-17,-1.));
#1930 = DIRECTION('',(-2.22044604925E-16,-1.,8.659560562355E-17));
#1931 = ORIENTED_EDGE('',*,*,#1932,.F.);
#1932 = EDGE_CURVE('',#312,#1924,#1933,.T.);
#1933 = LINE('',#1934,#1935);
#1934 = CARTESIAN_POINT('',(111.1152860601,83.469363794054,4.845));
#1935 = VECTOR('',#1936,1.);
#1936 = DIRECTION('',(8.659560562355E-17,8.659560562355E-17,1.));
#1937 = ORIENTED_EDGE('',*,*,#311,.T.);
#1938 = CYLINDRICAL_SURFACE('',#1939,1.55);
#1939 = AXIS2_PLACEMENT_3D('',#1940,#1941,#1942);
#1940 = CARTESIAN_POINT('',(111.511,84.968,4.845));
#1941 = DIRECTION('',(8.659560562355E-17,8.659560562355E-17,1.));
#1942 = DIRECTION('',(-2.22044604925E-16,-1.,8.659560562355E-17));
#1943 = ADVANCED_FACE('',(#1944),#1962,.T.);
#1944 = FACE_BOUND('',#1945,.T.);
#1945 = EDGE_LOOP('',(#1946,#1954,#1955,#1956));
#1946 = ORIENTED_EDGE('',*,*,#1947,.F.);
#1947 = EDGE_CURVE('',#1924,#1948,#1950,.T.);
#1948 = VERTEX_POINT('',#1949);
#1949 = CARTESIAN_POINT('',(110.41100009671,83.062744055837,4.845));
#1950 = LINE('',#1951,#1952);
#1951 = CARTESIAN_POINT('',(113.711,84.968000111674,4.845));
#1952 = VECTOR('',#1953,1.);
#1953 = DIRECTION('',(-0.866025378404,-0.50000004396,1.182917987468E-16)
  );
#1954 = ORIENTED_EDGE('',*,*,#1932,.F.);
#1955 = ORIENTED_EDGE('',*,*,#380,.F.);
#1956 = ORIENTED_EDGE('',*,*,#1957,.F.);
#1957 = EDGE_CURVE('',#1948,#373,#1958,.T.);
#1958 = LINE('',#1959,#1960);
#1959 = CARTESIAN_POINT('',(110.41100009671,83.062744055837,4.845));
#1960 = VECTOR('',#1961,1.);
#1961 = DIRECTION('',(-8.659560562355E-17,-8.659560562355E-17,-1.));
#1962 = PLANE('',#1963);
#1963 = AXIS2_PLACEMENT_3D('',#1964,#1965,#1966);
#1964 = CARTESIAN_POINT('',(113.711,84.968000111674,4.845));
#1965 = DIRECTION('',(-0.50000004396,0.866025378404,-3.169618550974E-17)
  );
#1966 = DIRECTION('',(-0.866025378404,-0.50000004396,1.182917987468E-16)
  );
#1967 = ADVANCED_FACE('',(#1968),#1986,.T.);
#1968 = FACE_BOUND('',#1969,.T.);
#1969 = EDGE_LOOP('',(#1970,#1978,#1979,#1980));
#1970 = ORIENTED_EDGE('',*,*,#1971,.F.);
#1971 = EDGE_CURVE('',#1948,#1972,#1974,.T.);
#1972 = VERTEX_POINT('',#1973);
#1973 = CARTESIAN_POINT('',(110.41100005543,83.875983460771,4.845));
#1974 = LINE('',#1975,#1976);
#1975 = CARTESIAN_POINT('',(110.41100009671,83.062744055837,4.845));
#1976 = VECTOR('',#1977,1.);
#1977 = DIRECTION('',(-5.076101552796E-08,1.,-8.659560122787E-17));
#1978 = ORIENTED_EDGE('',*,*,#1957,.T.);
#1979 = ORIENTED_EDGE('',*,*,#372,.F.);
#1980 = ORIENTED_EDGE('',*,*,#1981,.T.);
#1981 = EDGE_CURVE('',#364,#1972,#1982,.T.);
#1982 = LINE('',#1983,#1984);
#1983 = CARTESIAN_POINT('',(110.41100005543,83.875983460771,4.845));
#1984 = VECTOR('',#1985,1.);
#1985 = DIRECTION('',(8.659560562355E-17,8.659560562355E-17,1.));
#1986 = PLANE('',#1987);
#1987 = AXIS2_PLACEMENT_3D('',#1988,#1989,#1990);
#1988 = CARTESIAN_POINT('',(110.41100009671,83.062744055837,4.845));
#1989 = DIRECTION('',(1.,5.076101552796E-08,-8.659561001923E-17));
#1990 = DIRECTION('',(-5.076101552796E-08,1.,-8.659560122787E-17));
#1991 = ADVANCED_FACE('',(#1992),#2011,.F.);
#1992 = FACE_BOUND('',#1993,.F.);
#1993 = EDGE_LOOP('',(#1994,#2002,#2003,#2004));
#1994 = ORIENTED_EDGE('',*,*,#1995,.F.);
#1995 = EDGE_CURVE('',#356,#1996,#1998,.T.);
#1996 = VERTEX_POINT('',#1997);
#1997 = CARTESIAN_POINT('',(110.41099994456,86.060016427555,4.845));
#1998 = LINE('',#1999,#2000);
#1999 = CARTESIAN_POINT('',(110.41099994456,86.060016427555,4.845));
#2000 = VECTOR('',#2001,1.);
#2001 = DIRECTION('',(8.659560562355E-17,8.659560562355E-17,1.));
#2002 = ORIENTED_EDGE('',*,*,#363,.T.);
#2003 = ORIENTED_EDGE('',*,*,#1981,.T.);
#2004 = ORIENTED_EDGE('',*,*,#2005,.T.);
#2005 = EDGE_CURVE('',#1972,#1996,#2006,.T.);
#2006 = CIRCLE('',#2007,1.55);
#2007 = AXIS2_PLACEMENT_3D('',#2008,#2009,#2010);
#2008 = CARTESIAN_POINT('',(111.511,84.968,4.845));
#2009 = DIRECTION('',(-8.659560562355E-17,-8.659560562355E-17,-1.));
#2010 = DIRECTION('',(-2.22044604925E-16,-1.,8.659560562355E-17));
#2011 = CYLINDRICAL_SURFACE('',#2012,1.55);
#2012 = AXIS2_PLACEMENT_3D('',#2013,#2014,#2015);
#2013 = CARTESIAN_POINT('',(111.511,84.968,4.845));
#2014 = DIRECTION('',(8.659560562355E-17,8.659560562355E-17,1.));
#2015 = DIRECTION('',(-2.22044604925E-16,-1.,8.659560562355E-17));
#2016 = ADVANCED_FACE('',(#2017),#2035,.T.);
#2017 = FACE_BOUND('',#2018,.T.);
#2018 = EDGE_LOOP('',(#2019,#2027,#2028,#2029));
#2019 = ORIENTED_EDGE('',*,*,#2020,.F.);
#2020 = EDGE_CURVE('',#1996,#2021,#2023,.T.);
#2021 = VERTEX_POINT('',#2022);
#2022 = CARTESIAN_POINT('',(110.41099990328,86.873255832489,4.845));
#2023 = LINE('',#2024,#2025);
#2024 = CARTESIAN_POINT('',(110.41100009671,83.062744055837,4.845));
#2025 = VECTOR('',#2026,1.);
#2026 = DIRECTION('',(-5.076101552796E-08,1.,-8.659560122787E-17));
#2027 = ORIENTED_EDGE('',*,*,#1995,.F.);
#2028 = ORIENTED_EDGE('',*,*,#355,.F.);
#2029 = ORIENTED_EDGE('',*,*,#2030,.F.);
#2030 = EDGE_CURVE('',#2021,#348,#2031,.T.);
#2031 = LINE('',#2032,#2033);
#2032 = CARTESIAN_POINT('',(110.41099990328,86.873255832489,4.845));
#2033 = VECTOR('',#2034,1.);
#2034 = DIRECTION('',(-8.659560562355E-17,-8.659560562355E-17,-1.));
#2035 = PLANE('',#2036);
#2036 = AXIS2_PLACEMENT_3D('',#2037,#2038,#2039);
#2037 = CARTESIAN_POINT('',(110.41100009671,83.062744055837,4.845));
#2038 = DIRECTION('',(1.,5.076101552796E-08,-8.659561001923E-17));
#2039 = DIRECTION('',(-5.076101552796E-08,1.,-8.659560122787E-17));
#2040 = ADVANCED_FACE('',(#2041),#2059,.T.);
#2041 = FACE_BOUND('',#2042,.T.);
#2042 = EDGE_LOOP('',(#2043,#2051,#2052,#2053));
#2043 = ORIENTED_EDGE('',*,*,#2044,.F.);
#2044 = EDGE_CURVE('',#2021,#2045,#2047,.T.);
#2045 = VERTEX_POINT('',#2046);
#2046 = CARTESIAN_POINT('',(111.11528590795,86.466636165772,4.845));
#2047 = LINE('',#2048,#2049);
#2048 = CARTESIAN_POINT('',(110.41099990328,86.873255832489,4.845));
#2049 = VECTOR('',#2050,1.);
#2050 = DIRECTION('',(0.866025429165,-0.49999995604,-3.16961975189E-17)
  );
#2051 = ORIENTED_EDGE('',*,*,#2030,.T.);
#2052 = ORIENTED_EDGE('',*,*,#347,.F.);
#2053 = ORIENTED_EDGE('',*,*,#2054,.T.);
#2054 = EDGE_CURVE('',#339,#2045,#2055,.T.);
#2055 = LINE('',#2056,#2057);
#2056 = CARTESIAN_POINT('',(111.11528590795,86.466636165772,4.845));
#2057 = VECTOR('',#2058,1.);
#2058 = DIRECTION('',(8.659560562355E-17,8.659560562355E-17,1.));
#2059 = PLANE('',#2060);
#2060 = AXIS2_PLACEMENT_3D('',#2061,#2062,#2063);
#2061 = CARTESIAN_POINT('',(110.41099990328,86.873255832489,4.845));
#2062 = DIRECTION('',(-0.49999995604,-0.866025429165,1.182917955289E-16)
  );
#2063 = DIRECTION('',(0.866025429165,-0.49999995604,-3.16961975189E-17)
  );
#2064 = ADVANCED_FACE('',(#2065),#2084,.F.);
#2065 = FACE_BOUND('',#2066,.F.);
#2066 = EDGE_LOOP('',(#2067,#2068,#2069,#2078));
#2067 = ORIENTED_EDGE('',*,*,#338,.T.);
#2068 = ORIENTED_EDGE('',*,*,#2054,.T.);
#2069 = ORIENTED_EDGE('',*,*,#2070,.T.);
#2070 = EDGE_CURVE('',#2045,#2071,#2073,.T.);
#2071 = VERTEX_POINT('',#2072);
#2072 = CARTESIAN_POINT('',(113.00671399532,85.374619778391,4.845));
#2073 = CIRCLE('',#2074,1.55);
#2074 = AXIS2_PLACEMENT_3D('',#2075,#2076,#2077);
#2075 = CARTESIAN_POINT('',(111.511,84.968,4.845));
#2076 = DIRECTION('',(-8.659560562355E-17,-8.659560562355E-17,-1.));
#2077 = DIRECTION('',(-2.22044604925E-16,-1.,8.659560562355E-17));
#2078 = ORIENTED_EDGE('',*,*,#2079,.F.);
#2079 = EDGE_CURVE('',#331,#2071,#2080,.T.);
#2080 = LINE('',#2081,#2082);
#2081 = CARTESIAN_POINT('',(113.00671399532,85.374619778391,4.845));
#2082 = VECTOR('',#2083,1.);
#2083 = DIRECTION('',(8.659560562355E-17,8.659560562355E-17,1.));
#2084 = CYLINDRICAL_SURFACE('',#2085,1.55);
#2085 = AXIS2_PLACEMENT_3D('',#2086,#2087,#2088);
#2086 = CARTESIAN_POINT('',(111.511,84.968,4.845));
#2087 = DIRECTION('',(8.659560562355E-17,8.659560562355E-17,1.));
#2088 = DIRECTION('',(-2.22044604925E-16,-1.,8.659560562355E-17));
#2089 = ADVANCED_FACE('',(#2090),#2108,.T.);
#2090 = FACE_BOUND('',#2091,.T.);
#2091 = EDGE_LOOP('',(#2092,#2100,#2101,#2102));
#2092 = ORIENTED_EDGE('',*,*,#2093,.F.);
#2093 = EDGE_CURVE('',#2071,#2094,#2096,.T.);
#2094 = VERTEX_POINT('',#2095);
#2095 = CARTESIAN_POINT('',(113.711,84.968000111674,4.845));
#2096 = LINE('',#2097,#2098);
#2097 = CARTESIAN_POINT('',(110.41099990328,86.873255832489,4.845));
#2098 = VECTOR('',#2099,1.);
#2099 = DIRECTION('',(0.866025429165,-0.49999995604,-3.16961975189E-17)
  );
#2100 = ORIENTED_EDGE('',*,*,#2079,.F.);
#2101 = ORIENTED_EDGE('',*,*,#330,.F.);
#2102 = ORIENTED_EDGE('',*,*,#2103,.F.);
#2103 = EDGE_CURVE('',#2094,#323,#2104,.T.);
#2104 = LINE('',#2105,#2106);
#2105 = CARTESIAN_POINT('',(113.711,84.968000111674,4.845));
#2106 = VECTOR('',#2107,1.);
#2107 = DIRECTION('',(-8.659560562355E-17,-8.659560562355E-17,-1.));
#2108 = PLANE('',#2109);
#2109 = AXIS2_PLACEMENT_3D('',#2110,#2111,#2112);
#2110 = CARTESIAN_POINT('',(110.41099990328,86.873255832489,4.845));
#2111 = DIRECTION('',(-0.49999995604,-0.866025429165,1.182917955289E-16)
  );
#2112 = DIRECTION('',(0.866025429165,-0.49999995604,-3.16961975189E-17)
  );
#2113 = ADVANCED_FACE('',(#2114),#2125,.T.);
#2114 = FACE_BOUND('',#2115,.T.);
#2115 = EDGE_LOOP('',(#2116,#2122,#2123,#2124));
#2116 = ORIENTED_EDGE('',*,*,#2117,.F.);
#2117 = EDGE_CURVE('',#2094,#1907,#2118,.T.);
#2118 = LINE('',#2119,#2120);
#2119 = CARTESIAN_POINT('',(113.711,84.968000111674,4.845));
#2120 = VECTOR('',#2121,1.);
#2121 = DIRECTION('',(-0.866025378404,-0.50000004396,1.182917987468E-16)
  );
#2122 = ORIENTED_EDGE('',*,*,#2103,.T.);
#2123 = ORIENTED_EDGE('',*,*,#322,.F.);
#2124 = ORIENTED_EDGE('',*,*,#1906,.T.);
#2125 = PLANE('',#2126);
#2126 = AXIS2_PLACEMENT_3D('',#2127,#2128,#2129);
#2127 = CARTESIAN_POINT('',(113.711,84.968000111674,4.845));
#2128 = DIRECTION('',(-0.50000004396,0.866025378404,-3.169618550974E-17)
  );
#2129 = DIRECTION('',(-0.866025378404,-0.50000004396,1.182917987468E-16)
  );
#2130 = ADVANCED_FACE('',(#2131),#2144,.T.);
#2131 = FACE_BOUND('',#2132,.T.);
#2132 = EDGE_LOOP('',(#2133,#2134,#2143));
#2133 = ORIENTED_EDGE('',*,*,#388,.F.);
#2134 = ORIENTED_EDGE('',*,*,#2135,.F.);
#2135 = EDGE_CURVE('',#2136,#389,#2138,.T.);
#2136 = VERTEX_POINT('',#2137);
#2137 = CARTESIAN_POINT('',(112.,76.,-3.));
#2138 = CIRCLE('',#2139,3.);
#2139 = AXIS2_PLACEMENT_3D('',#2140,#2141,#2142);
#2140 = CARTESIAN_POINT('',(112.,76.,0.));
#2141 = DIRECTION('',(6.126907367366E-16,1.,-0.));
#2142 = DIRECTION('',(-1.,6.126907367366E-16,0.));
#2143 = ORIENTED_EDGE('',*,*,#2135,.T.);
#2144 = SPHERICAL_SURFACE('',#2145,3.);
#2145 = AXIS2_PLACEMENT_3D('',#2146,#2147,#2148);
#2146 = CARTESIAN_POINT('',(112.,76.,0.));
#2147 = DIRECTION('',(0.,0.,1.));
#2148 = DIRECTION('',(-1.,3.677613769071E-16,0.));
#2149 = ADVANCED_FACE('',(#2150),#2185,.F.);
#2150 = FACE_BOUND('',#2151,.F.);
#2151 = EDGE_LOOP('',(#2152,#2160,#2169,#2178,#2184));
#2152 = ORIENTED_EDGE('',*,*,#2153,.T.);
#2153 = EDGE_CURVE('',#402,#2154,#2156,.T.);
#2154 = VERTEX_POINT('',#2155);
#2155 = CARTESIAN_POINT('',(113.0067140366,-85.39861962654,4.845));
#2156 = LINE('',#2157,#2158);
#2157 = CARTESIAN_POINT('',(113.0067140366,-85.39861962654,4.845));
#2158 = VECTOR('',#2159,1.);
#2159 = DIRECTION('',(8.659560562355E-17,8.659560562355E-17,1.));
#2160 = ORIENTED_EDGE('',*,*,#2161,.T.);
#2161 = EDGE_CURVE('',#2154,#2162,#2164,.T.);
#2162 = VERTEX_POINT('',#2163);
#2163 = CARTESIAN_POINT('',(111.511,-86.542,4.845));
#2164 = CIRCLE('',#2165,1.55);
#2165 = AXIS2_PLACEMENT_3D('',#2166,#2167,#2168);
#2166 = CARTESIAN_POINT('',(111.511,-84.992,4.845));
#2167 = DIRECTION('',(-8.659560562355E-17,-8.659560562355E-17,-1.));
#2168 = DIRECTION('',(-2.22044604925E-16,-1.,8.659560562355E-17));
#2169 = ORIENTED_EDGE('',*,*,#2170,.T.);
#2170 = EDGE_CURVE('',#2162,#2171,#2173,.T.);
#2171 = VERTEX_POINT('',#2172);
#2172 = CARTESIAN_POINT('',(111.1152860601,-86.49063620594,4.845));
#2173 = CIRCLE('',#2174,1.55);
#2174 = AXIS2_PLACEMENT_3D('',#2175,#2176,#2177);
#2175 = CARTESIAN_POINT('',(111.511,-84.992,4.845));
#2176 = DIRECTION('',(-8.659560562355E-17,-8.659560562355E-17,-1.));
#2177 = DIRECTION('',(-2.22044604925E-16,-1.,8.659560562355E-17));
#2178 = ORIENTED_EDGE('',*,*,#2179,.F.);
#2179 = EDGE_CURVE('',#400,#2171,#2180,.T.);
#2180 = LINE('',#2181,#2182);
#2181 = CARTESIAN_POINT('',(111.1152860601,-86.49063620594,4.845));
#2182 = VECTOR('',#2183,1.);
#2183 = DIRECTION('',(8.659560562355E-17,8.659560562355E-17,1.));
#2184 = ORIENTED_EDGE('',*,*,#399,.T.);
#2185 = CYLINDRICAL_SURFACE('',#2186,1.55);
#2186 = AXIS2_PLACEMENT_3D('',#2187,#2188,#2189);
#2187 = CARTESIAN_POINT('',(111.511,-84.992,4.845));
#2188 = DIRECTION('',(8.659560562355E-17,8.659560562355E-17,1.));
#2189 = DIRECTION('',(-2.22044604925E-16,-1.,8.659560562355E-17));
#2190 = ADVANCED_FACE('',(#2191),#2209,.T.);
#2191 = FACE_BOUND('',#2192,.T.);
#2192 = EDGE_LOOP('',(#2193,#2201,#2202,#2203));
#2193 = ORIENTED_EDGE('',*,*,#2194,.F.);
#2194 = EDGE_CURVE('',#2171,#2195,#2197,.T.);
#2195 = VERTEX_POINT('',#2196);
#2196 = CARTESIAN_POINT('',(110.41100009671,-86.89725594416,4.845));
#2197 = LINE('',#2198,#2199);
#2198 = CARTESIAN_POINT('',(113.711,-84.99199988832,4.845));
#2199 = VECTOR('',#2200,1.);
#2200 = DIRECTION('',(-0.866025378404,-0.50000004396,1.182917987468E-16)
  );
#2201 = ORIENTED_EDGE('',*,*,#2179,.F.);
#2202 = ORIENTED_EDGE('',*,*,#468,.F.);
#2203 = ORIENTED_EDGE('',*,*,#2204,.F.);
#2204 = EDGE_CURVE('',#2195,#461,#2205,.T.);
#2205 = LINE('',#2206,#2207);
#2206 = CARTESIAN_POINT('',(110.41100009671,-86.89725594416,4.845));
#2207 = VECTOR('',#2208,1.);
#2208 = DIRECTION('',(-8.659560562355E-17,-8.659560562355E-17,-1.));
#2209 = PLANE('',#2210);
#2210 = AXIS2_PLACEMENT_3D('',#2211,#2212,#2213);
#2211 = CARTESIAN_POINT('',(113.711,-84.99199988832,4.845));
#2212 = DIRECTION('',(-0.50000004396,0.866025378404,-3.169618550974E-17)
  );
#2213 = DIRECTION('',(-0.866025378404,-0.50000004396,1.182917987468E-16)
  );
#2214 = ADVANCED_FACE('',(#2215),#2233,.T.);
#2215 = FACE_BOUND('',#2216,.T.);
#2216 = EDGE_LOOP('',(#2217,#2225,#2226,#2227));
#2217 = ORIENTED_EDGE('',*,*,#2218,.F.);
#2218 = EDGE_CURVE('',#2195,#2219,#2221,.T.);
#2219 = VERTEX_POINT('',#2220);
#2220 = CARTESIAN_POINT('',(110.41100005543,-86.08401653922,4.845));
#2221 = LINE('',#2222,#2223);
#2222 = CARTESIAN_POINT('',(110.41100009671,-86.89725594416,4.845));
#2223 = VECTOR('',#2224,1.);
#2224 = DIRECTION('',(-5.076101552796E-08,1.,-8.659560122787E-17));
#2225 = ORIENTED_EDGE('',*,*,#2204,.T.);
#2226 = ORIENTED_EDGE('',*,*,#460,.F.);
#2227 = ORIENTED_EDGE('',*,*,#2228,.T.);
#2228 = EDGE_CURVE('',#452,#2219,#2229,.T.);
#2229 = LINE('',#2230,#2231);
#2230 = CARTESIAN_POINT('',(110.41100005543,-86.08401653922,4.845));
#2231 = VECTOR('',#2232,1.);
#2232 = DIRECTION('',(8.659560562355E-17,8.659560562355E-17,1.));
#2233 = PLANE('',#2234);
#2234 = AXIS2_PLACEMENT_3D('',#2235,#2236,#2237);
#2235 = CARTESIAN_POINT('',(110.41100009671,-86.89725594416,4.845));
#2236 = DIRECTION('',(1.,5.076101552796E-08,-8.659561001923E-17));
#2237 = DIRECTION('',(-5.076101552796E-08,1.,-8.659560122787E-17));
#2238 = ADVANCED_FACE('',(#2239),#2258,.F.);
#2239 = FACE_BOUND('',#2240,.F.);
#2240 = EDGE_LOOP('',(#2241,#2249,#2250,#2251));
#2241 = ORIENTED_EDGE('',*,*,#2242,.F.);
#2242 = EDGE_CURVE('',#444,#2243,#2245,.T.);
#2243 = VERTEX_POINT('',#2244);
#2244 = CARTESIAN_POINT('',(110.41099994456,-83.89998357244,4.845));
#2245 = LINE('',#2246,#2247);
#2246 = CARTESIAN_POINT('',(110.41099994456,-83.89998357244,4.845));
#2247 = VECTOR('',#2248,1.);
#2248 = DIRECTION('',(8.659560562355E-17,8.659560562355E-17,1.));
#2249 = ORIENTED_EDGE('',*,*,#451,.T.);
#2250 = ORIENTED_EDGE('',*,*,#2228,.T.);
#2251 = ORIENTED_EDGE('',*,*,#2252,.T.);
#2252 = EDGE_CURVE('',#2219,#2243,#2253,.T.);
#2253 = CIRCLE('',#2254,1.55);
#2254 = AXIS2_PLACEMENT_3D('',#2255,#2256,#2257);
#2255 = CARTESIAN_POINT('',(111.511,-84.992,4.845));
#2256 = DIRECTION('',(-8.659560562355E-17,-8.659560562355E-17,-1.));
#2257 = DIRECTION('',(-2.22044604925E-16,-1.,8.659560562355E-17));
#2258 = CYLINDRICAL_SURFACE('',#2259,1.55);
#2259 = AXIS2_PLACEMENT_3D('',#2260,#2261,#2262);
#2260 = CARTESIAN_POINT('',(111.511,-84.992,4.845));
#2261 = DIRECTION('',(8.659560562355E-17,8.659560562355E-17,1.));
#2262 = DIRECTION('',(-2.22044604925E-16,-1.,8.659560562355E-17));
#2263 = ADVANCED_FACE('',(#2264),#2282,.T.);
#2264 = FACE_BOUND('',#2265,.T.);
#2265 = EDGE_LOOP('',(#2266,#2274,#2275,#2276));
#2266 = ORIENTED_EDGE('',*,*,#2267,.F.);
#2267 = EDGE_CURVE('',#2243,#2268,#2270,.T.);
#2268 = VERTEX_POINT('',#2269);
#2269 = CARTESIAN_POINT('',(110.41099990328,-83.08674416751,4.845));
#2270 = LINE('',#2271,#2272);
#2271 = CARTESIAN_POINT('',(110.41100009671,-86.89725594416,4.845));
#2272 = VECTOR('',#2273,1.);
#2273 = DIRECTION('',(-5.076101552796E-08,1.,-8.659560122787E-17));
#2274 = ORIENTED_EDGE('',*,*,#2242,.F.);
#2275 = ORIENTED_EDGE('',*,*,#443,.F.);
#2276 = ORIENTED_EDGE('',*,*,#2277,.F.);
#2277 = EDGE_CURVE('',#2268,#436,#2278,.T.);
#2278 = LINE('',#2279,#2280);
#2279 = CARTESIAN_POINT('',(110.41099990328,-83.08674416751,4.845));
#2280 = VECTOR('',#2281,1.);
#2281 = DIRECTION('',(-8.659560562355E-17,-8.659560562355E-17,-1.));
#2282 = PLANE('',#2283);
#2283 = AXIS2_PLACEMENT_3D('',#2284,#2285,#2286);
#2284 = CARTESIAN_POINT('',(110.41100009671,-86.89725594416,4.845));
#2285 = DIRECTION('',(1.,5.076101552796E-08,-8.659561001923E-17));
#2286 = DIRECTION('',(-5.076101552796E-08,1.,-8.659560122787E-17));
#2287 = ADVANCED_FACE('',(#2288),#2306,.T.);
#2288 = FACE_BOUND('',#2289,.T.);
#2289 = EDGE_LOOP('',(#2290,#2298,#2299,#2300));
#2290 = ORIENTED_EDGE('',*,*,#2291,.F.);
#2291 = EDGE_CURVE('',#2268,#2292,#2294,.T.);
#2292 = VERTEX_POINT('',#2293);
#2293 = CARTESIAN_POINT('',(111.11528590795,-83.49336383422,4.845));
#2294 = LINE('',#2295,#2296);
#2295 = CARTESIAN_POINT('',(110.41099990328,-83.08674416751,4.845));
#2296 = VECTOR('',#2297,1.);
#2297 = DIRECTION('',(0.866025429165,-0.49999995604,-3.16961975189E-17)
  );
#2298 = ORIENTED_EDGE('',*,*,#2277,.T.);
#2299 = ORIENTED_EDGE('',*,*,#435,.F.);
#2300 = ORIENTED_EDGE('',*,*,#2301,.T.);
#2301 = EDGE_CURVE('',#427,#2292,#2302,.T.);
#2302 = LINE('',#2303,#2304);
#2303 = CARTESIAN_POINT('',(111.11528590795,-83.49336383422,4.845));
#2304 = VECTOR('',#2305,1.);
#2305 = DIRECTION('',(8.659560562355E-17,8.659560562355E-17,1.));
#2306 = PLANE('',#2307);
#2307 = AXIS2_PLACEMENT_3D('',#2308,#2309,#2310);
#2308 = CARTESIAN_POINT('',(110.41099990328,-83.08674416751,4.845));
#2309 = DIRECTION('',(-0.49999995604,-0.866025429165,1.182917955289E-16)
  );
#2310 = DIRECTION('',(0.866025429165,-0.49999995604,-3.16961975189E-17)
  );
#2311 = ADVANCED_FACE('',(#2312),#2331,.F.);
#2312 = FACE_BOUND('',#2313,.F.);
#2313 = EDGE_LOOP('',(#2314,#2315,#2316,#2325));
#2314 = ORIENTED_EDGE('',*,*,#426,.T.);
#2315 = ORIENTED_EDGE('',*,*,#2301,.T.);
#2316 = ORIENTED_EDGE('',*,*,#2317,.T.);
#2317 = EDGE_CURVE('',#2292,#2318,#2320,.T.);
#2318 = VERTEX_POINT('',#2319);
#2319 = CARTESIAN_POINT('',(113.00671399532,-84.5853802216,4.845));
#2320 = CIRCLE('',#2321,1.55);
#2321 = AXIS2_PLACEMENT_3D('',#2322,#2323,#2324);
#2322 = CARTESIAN_POINT('',(111.511,-84.992,4.845));
#2323 = DIRECTION('',(-8.659560562355E-17,-8.659560562355E-17,-1.));
#2324 = DIRECTION('',(-2.22044604925E-16,-1.,8.659560562355E-17));
#2325 = ORIENTED_EDGE('',*,*,#2326,.F.);
#2326 = EDGE_CURVE('',#419,#2318,#2327,.T.);
#2327 = LINE('',#2328,#2329);
#2328 = CARTESIAN_POINT('',(113.00671399532,-84.5853802216,4.845));
#2329 = VECTOR('',#2330,1.);
#2330 = DIRECTION('',(8.659560562355E-17,8.659560562355E-17,1.));
#2331 = CYLINDRICAL_SURFACE('',#2332,1.55);
#2332 = AXIS2_PLACEMENT_3D('',#2333,#2334,#2335);
#2333 = CARTESIAN_POINT('',(111.511,-84.992,4.845));
#2334 = DIRECTION('',(8.659560562355E-17,8.659560562355E-17,1.));
#2335 = DIRECTION('',(-2.22044604925E-16,-1.,8.659560562355E-17));
#2336 = ADVANCED_FACE('',(#2337),#2355,.T.);
#2337 = FACE_BOUND('',#2338,.T.);
#2338 = EDGE_LOOP('',(#2339,#2347,#2348,#2349));
#2339 = ORIENTED_EDGE('',*,*,#2340,.F.);
#2340 = EDGE_CURVE('',#2318,#2341,#2343,.T.);
#2341 = VERTEX_POINT('',#2342);
#2342 = CARTESIAN_POINT('',(113.711,-84.99199988832,4.845));
#2343 = LINE('',#2344,#2345);
#2344 = CARTESIAN_POINT('',(110.41099990328,-83.08674416751,4.845));
#2345 = VECTOR('',#2346,1.);
#2346 = DIRECTION('',(0.866025429165,-0.49999995604,-3.16961975189E-17)
  );
#2347 = ORIENTED_EDGE('',*,*,#2326,.F.);
#2348 = ORIENTED_EDGE('',*,*,#418,.F.);
#2349 = ORIENTED_EDGE('',*,*,#2350,.F.);
#2350 = EDGE_CURVE('',#2341,#411,#2351,.T.);
#2351 = LINE('',#2352,#2353);
#2352 = CARTESIAN_POINT('',(113.711,-84.99199988832,4.845));
#2353 = VECTOR('',#2354,1.);
#2354 = DIRECTION('',(-8.659560562355E-17,-8.659560562355E-17,-1.));
#2355 = PLANE('',#2356);
#2356 = AXIS2_PLACEMENT_3D('',#2357,#2358,#2359);
#2357 = CARTESIAN_POINT('',(110.41099990328,-83.08674416751,4.845));
#2358 = DIRECTION('',(-0.49999995604,-0.866025429165,1.182917955289E-16)
  );
#2359 = DIRECTION('',(0.866025429165,-0.49999995604,-3.16961975189E-17)
  );
#2360 = ADVANCED_FACE('',(#2361),#2372,.T.);
#2361 = FACE_BOUND('',#2362,.T.);
#2362 = EDGE_LOOP('',(#2363,#2369,#2370,#2371));
#2363 = ORIENTED_EDGE('',*,*,#2364,.F.);
#2364 = EDGE_CURVE('',#2341,#2154,#2365,.T.);
#2365 = LINE('',#2366,#2367);
#2366 = CARTESIAN_POINT('',(113.711,-84.99199988832,4.845));
#2367 = VECTOR('',#2368,1.);
#2368 = DIRECTION('',(-0.866025378404,-0.50000004396,1.182917987468E-16)
  );
#2369 = ORIENTED_EDGE('',*,*,#2350,.T.);
#2370 = ORIENTED_EDGE('',*,*,#410,.F.);
#2371 = ORIENTED_EDGE('',*,*,#2153,.T.);
#2372 = PLANE('',#2373);
#2373 = AXIS2_PLACEMENT_3D('',#2374,#2375,#2376);
#2374 = CARTESIAN_POINT('',(113.711,-84.99199988832,4.845));
#2375 = DIRECTION('',(-0.50000004396,0.866025378404,-3.169618550974E-17)
  );
#2376 = DIRECTION('',(-0.866025378404,-0.50000004396,1.182917987468E-16)
  );
#2377 = ADVANCED_FACE('',(#2378),#2391,.T.);
#2378 = FACE_BOUND('',#2379,.T.);
#2379 = EDGE_LOOP('',(#2380,#2381,#2390));
#2380 = ORIENTED_EDGE('',*,*,#476,.F.);
#2381 = ORIENTED_EDGE('',*,*,#2382,.F.);
#2382 = EDGE_CURVE('',#2383,#477,#2385,.T.);
#2383 = VERTEX_POINT('',#2384);
#2384 = CARTESIAN_POINT('',(112.,-76.,-3.));
#2385 = CIRCLE('',#2386,3.);
#2386 = AXIS2_PLACEMENT_3D('',#2387,#2388,#2389);
#2387 = CARTESIAN_POINT('',(112.,-76.,0.));
#2388 = DIRECTION('',(6.126907367366E-16,1.,-0.));
#2389 = DIRECTION('',(-1.,6.126907367366E-16,0.));
#2390 = ORIENTED_EDGE('',*,*,#2382,.T.);
#2391 = SPHERICAL_SURFACE('',#2392,3.);
#2392 = AXIS2_PLACEMENT_3D('',#2393,#2394,#2395);
#2393 = CARTESIAN_POINT('',(112.,-76.,0.));
#2394 = DIRECTION('',(0.,0.,1.));
#2395 = DIRECTION('',(-1.,3.677613769071E-16,0.));
#2396 = ADVANCED_FACE('',(#2397),#2423,.T.);
#2397 = FACE_BOUND('',#2398,.T.);
#2398 = EDGE_LOOP('',(#2399,#2407,#2408,#2409,#2417));
#2399 = ORIENTED_EDGE('',*,*,#2400,.F.);
#2400 = EDGE_CURVE('',#525,#2401,#2403,.T.);
#2401 = VERTEX_POINT('',#2402);
#2402 = CARTESIAN_POINT('',(-3.236300116782E-14,-88.,50.));
#2403 = LINE('',#2404,#2405);
#2404 = CARTESIAN_POINT('',(-2.077851779525E-14,-56.5,81.5));
#2405 = VECTOR('',#2406,1.);
#2406 = DIRECTION('',(2.600465634695E-16,0.707106781187,0.707106781187)
  );
#2407 = ORIENTED_EDGE('',*,*,#532,.F.);
#2408 = ORIENTED_EDGE('',*,*,#502,.T.);
#2409 = ORIENTED_EDGE('',*,*,#2410,.T.);
#2410 = EDGE_CURVE('',#495,#2411,#2413,.T.);
#2411 = VERTEX_POINT('',#2412);
#2412 = CARTESIAN_POINT('',(114.5,-88.,50.));
#2413 = LINE('',#2414,#2415);
#2414 = CARTESIAN_POINT('',(114.5,-91.,47.));
#2415 = VECTOR('',#2416,1.);
#2416 = DIRECTION('',(1.125379772342E-15,0.707106781187,0.707106781187)
  );
#2417 = ORIENTED_EDGE('',*,*,#2418,.F.);
#2418 = EDGE_CURVE('',#2401,#2411,#2419,.T.);
#2419 = LINE('',#2420,#2421);
#2420 = CARTESIAN_POINT('',(-3.236300116782E-14,-88.,50.));
#2421 = VECTOR('',#2422,1.);
#2422 = DIRECTION('',(1.,-3.677613769071E-16,0.));
#2423 = PLANE('',#2424);
#2424 = AXIS2_PLACEMENT_3D('',#2425,#2426,#2427);
#2425 = CARTESIAN_POINT('',(-3.346628529854E-14,-91.,47.));
#2426 = DIRECTION('',(-2.600465634695E-16,-0.707106781187,0.707106781187
    ));
#2427 = DIRECTION('',(1.,-3.677613769071E-16,0.));
#2428 = ADVANCED_FACE('',(#2429),#2439,.T.);
#2429 = FACE_BOUND('',#2430,.T.);
#2430 = EDGE_LOOP('',(#2431,#2432,#2438));
#2431 = ORIENTED_EDGE('',*,*,#550,.F.);
#2432 = ORIENTED_EDGE('',*,*,#2433,.T.);
#2433 = EDGE_CURVE('',#551,#2411,#2434,.T.);
#2434 = LINE('',#2435,#2436);
#2435 = CARTESIAN_POINT('',(119.,-88.,45.5));
#2436 = VECTOR('',#2437,1.);
#2437 = DIRECTION('',(-0.707106781187,-6.052866454025E-16,0.707106781187
    ));
#2438 = ORIENTED_EDGE('',*,*,#2410,.F.);
#2439 = PLANE('',#2440);
#2440 = AXIS2_PLACEMENT_3D('',#2441,#2442,#2443);
#2441 = CARTESIAN_POINT('',(120.5,-88.,44.));
#2442 = DIRECTION('',(0.57735026919,-0.57735026919,0.57735026919));
#2443 = DIRECTION('',(2.600465634695E-16,0.707106781187,0.707106781187)
  );
#2444 = ADVANCED_FACE('',(#2445),#2461,.T.);
#2445 = FACE_BOUND('',#2446,.T.);
#2446 = EDGE_LOOP('',(#2447,#2448,#2454,#2455));
#2447 = ORIENTED_EDGE('',*,*,#572,.F.);
#2448 = ORIENTED_EDGE('',*,*,#2449,.F.);
#2449 = EDGE_CURVE('',#1032,#525,#2450,.T.);
#2450 = LINE('',#2451,#2452);
#2451 = CARTESIAN_POINT('',(3.346628529854E-14,91.,47.));
#2452 = VECTOR('',#2453,1.);
#2453 = DIRECTION('',(-3.677613769071E-16,-1.,-2.22044604925E-16));
#2454 = ORIENTED_EDGE('',*,*,#1039,.F.);
#2455 = ORIENTED_EDGE('',*,*,#2456,.F.);
#2456 = EDGE_CURVE('',#573,#1040,#2457,.T.);
#2457 = LINE('',#2458,#2459);
#2458 = CARTESIAN_POINT('',(-1.000000000004E-02,-91.,47.));
#2459 = VECTOR('',#2460,1.);
#2460 = DIRECTION('',(3.677613769071E-16,1.,0.));
#2461 = PLANE('',#2462);
#2462 = AXIS2_PLACEMENT_3D('',#2463,#2464,#2465);
#2463 = CARTESIAN_POINT('',(-0.93,3.420180805236E-16,47.));
#2464 = DIRECTION('',(0.,0.,1.));
#2465 = DIRECTION('',(-1.,3.677613769071E-16,0.));
#2466 = ADVANCED_FACE('',(#2467),#2474,.F.);
#2467 = FACE_BOUND('',#2468,.F.);
#2468 = EDGE_LOOP('',(#2469,#2470,#2471,#2472,#2473));
#2469 = ORIENTED_EDGE('',*,*,#892,.T.);
#2470 = ORIENTED_EDGE('',*,*,#940,.F.);
#2471 = ORIENTED_EDGE('',*,*,#1047,.T.);
#2472 = ORIENTED_EDGE('',*,*,#2456,.F.);
#2473 = ORIENTED_EDGE('',*,*,#590,.F.);
#2474 = PLANE('',#2475);
#2475 = AXIS2_PLACEMENT_3D('',#2476,#2477,#2478);
#2476 = CARTESIAN_POINT('',(-4.005,-91.,43.005));
#2477 = DIRECTION('',(0.707106781187,-3.438077587736E-16,-0.707106781187
    ));
#2478 = DIRECTION('',(4.269894861069E-16,1.,-5.922810919984E-17));
#2479 = ADVANCED_FACE('',(#2480),#2515,.F.);
#2480 = FACE_BOUND('',#2481,.F.);
#2481 = EDGE_LOOP('',(#2482,#2490,#2491,#2499,#2508));
#2482 = ORIENTED_EDGE('',*,*,#2483,.T.);
#2483 = EDGE_CURVE('',#2484,#601,#2486,.T.);
#2484 = VERTEX_POINT('',#2485);
#2485 = CARTESIAN_POINT('',(-2.430187488122,-86.16,10.411097495124));
#2486 = LINE('',#2487,#2488);
#2487 = CARTESIAN_POINT('',(-2.430187488122,-93.16,10.411097495124));
#2488 = VECTOR('',#2489,1.);
#2489 = DIRECTION('',(-4.252295203646E-16,-1.,-3.737038904755E-16));
#2490 = ORIENTED_EDGE('',*,*,#598,.F.);
#2491 = ORIENTED_EDGE('',*,*,#2492,.F.);
#2492 = EDGE_CURVE('',#2493,#599,#2495,.T.);
#2493 = VERTEX_POINT('',#2494);
#2494 = CARTESIAN_POINT('',(-3.522203875503,-86.16,8.519669407754));
#2495 = LINE('',#2496,#2497);
#2496 = CARTESIAN_POINT('',(-3.522203875503,-93.16,8.519669407754));
#2497 = VECTOR('',#2498,1.);
#2498 = DIRECTION('',(-4.252295203646E-16,-1.,-3.737038904755E-16));
#2499 = ORIENTED_EDGE('',*,*,#2500,.F.);
#2500 = EDGE_CURVE('',#2501,#2493,#2503,.T.);
#2501 = VERTEX_POINT('',#2502);
#2502 = CARTESIAN_POINT('',(-3.153823653894,-86.16,8.673044027217));
#2503 = CIRCLE('',#2504,1.55);
#2504 = AXIS2_PLACEMENT_3D('',#2505,#2506,#2507);
#2505 = CARTESIAN_POINT('',(-3.928823653894,-86.16,10.015383403083));
#2506 = DIRECTION('',(4.252295203646E-16,1.,3.737038904755E-16));
#2507 = DIRECTION('',(0.5,1.110223024625E-16,-0.866025403784));
#2508 = ORIENTED_EDGE('',*,*,#2509,.F.);
#2509 = EDGE_CURVE('',#2484,#2501,#2510,.T.);
#2510 = CIRCLE('',#2511,1.55);
#2511 = AXIS2_PLACEMENT_3D('',#2512,#2513,#2514);
#2512 = CARTESIAN_POINT('',(-3.928823653894,-86.16,10.015383403083));
#2513 = DIRECTION('',(4.252295203646E-16,1.,3.737038904755E-16));
#2514 = DIRECTION('',(0.5,1.110223024625E-16,-0.866025403784));
#2515 = CYLINDRICAL_SURFACE('',#2516,1.55);
#2516 = AXIS2_PLACEMENT_3D('',#2517,#2518,#2519);
#2517 = CARTESIAN_POINT('',(-3.928823653894,-93.16,10.015383403083));
#2518 = DIRECTION('',(-4.252295203646E-16,-1.,-3.737038904755E-16));
#2519 = DIRECTION('',(0.5,1.110223024625E-16,-0.866025403784));
#2520 = ADVANCED_FACE('',(#2521),#2539,.T.);
#2521 = FACE_BOUND('',#2522,.T.);
#2522 = EDGE_LOOP('',(#2523,#2524,#2525,#2533));
#2523 = ORIENTED_EDGE('',*,*,#667,.T.);
#2524 = ORIENTED_EDGE('',*,*,#2492,.F.);
#2525 = ORIENTED_EDGE('',*,*,#2526,.T.);
#2526 = EDGE_CURVE('',#2493,#2527,#2529,.T.);
#2527 = VERTEX_POINT('',#2528);
#2528 = CARTESIAN_POINT('',(-3.928823542219,-86.16,7.815383403083));
#2529 = LINE('',#2530,#2531);
#2530 = CARTESIAN_POINT('',(-2.023567821405,-86.16,11.115383499796));
#2531 = VECTOR('',#2532,1.);
#2532 = DIRECTION('',(-0.49999995604,5.362518136188E-16,-0.866025429165)
  );
#2533 = ORIENTED_EDGE('',*,*,#2534,.F.);
#2534 = EDGE_CURVE('',#660,#2527,#2535,.T.);
#2535 = LINE('',#2536,#2537);
#2536 = CARTESIAN_POINT('',(-3.928823542219,-93.16,7.815383403083));
#2537 = VECTOR('',#2538,1.);
#2538 = DIRECTION('',(4.252295203646E-16,1.,3.737038904755E-16));
#2539 = PLANE('',#2540);
#2540 = AXIS2_PLACEMENT_3D('',#2541,#2542,#2543);
#2541 = CARTESIAN_POINT('',(-2.023567821405,-93.16,11.115383499796));
#2542 = DIRECTION('',(-0.866025429165,1.814076490576E-16,0.49999995604)
  );
#2543 = DIRECTION('',(-0.49999995604,5.362518136188E-16,-0.866025429165)
  );
#2544 = ADVANCED_FACE('',(#2545),#2563,.T.);
#2545 = FACE_BOUND('',#2546,.T.);
#2546 = EDGE_LOOP('',(#2547,#2548,#2549,#2557));
#2547 = ORIENTED_EDGE('',*,*,#659,.T.);
#2548 = ORIENTED_EDGE('',*,*,#2534,.T.);
#2549 = ORIENTED_EDGE('',*,*,#2550,.T.);
#2550 = EDGE_CURVE('',#2527,#2551,#2553,.T.);
#2551 = VERTEX_POINT('',#2552);
#2552 = CARTESIAN_POINT('',(-4.335443280437,-86.16,8.519669366474));
#2553 = LINE('',#2554,#2555);
#2554 = CARTESIAN_POINT('',(-3.928823542219,-86.16,7.815383403083));
#2555 = VECTOR('',#2556,1.);
#2556 = DIRECTION('',(-0.50000004396,-1.110222742845E-16,0.866025378404)
  );
#2557 = ORIENTED_EDGE('',*,*,#2558,.T.);
#2558 = EDGE_CURVE('',#2551,#651,#2559,.T.);
#2559 = LINE('',#2560,#2561);
#2560 = CARTESIAN_POINT('',(-4.335443280437,-93.16,8.519669366474));
#2561 = VECTOR('',#2562,1.);
#2562 = DIRECTION('',(-4.252295203646E-16,-1.,-3.737038904755E-16));
#2563 = PLANE('',#2564);
#2564 = AXIS2_PLACEMENT_3D('',#2565,#2566,#2567);
#2565 = CARTESIAN_POINT('',(-3.928823542219,-93.16,7.815383403083));
#2566 = DIRECTION('',(0.866025378404,-5.551115179482E-16,0.50000004396)
  );
#2567 = DIRECTION('',(-0.50000004396,-1.110222742845E-16,0.866025378404)
  );
#2568 = ADVANCED_FACE('',(#2569),#2588,.F.);
#2569 = FACE_BOUND('',#2570,.F.);
#2570 = EDGE_LOOP('',(#2571,#2579,#2586,#2587));
#2571 = ORIENTED_EDGE('',*,*,#2572,.F.);
#2572 = EDGE_CURVE('',#2573,#643,#2575,.T.);
#2573 = VERTEX_POINT('',#2574);
#2574 = CARTESIAN_POINT('',(-5.42745985984,-86.16,10.41109734298));
#2575 = LINE('',#2576,#2577);
#2576 = CARTESIAN_POINT('',(-5.42745985984,-93.16,10.41109734298));
#2577 = VECTOR('',#2578,1.);
#2578 = DIRECTION('',(-4.252295203646E-16,-1.,-3.737038904755E-16));
#2579 = ORIENTED_EDGE('',*,*,#2580,.F.);
#2580 = EDGE_CURVE('',#2551,#2573,#2581,.T.);
#2581 = CIRCLE('',#2582,1.55);
#2582 = AXIS2_PLACEMENT_3D('',#2583,#2584,#2585);
#2583 = CARTESIAN_POINT('',(-3.928823653894,-86.16,10.015383403083));
#2584 = DIRECTION('',(4.252295203646E-16,1.,3.737038904755E-16));
#2585 = DIRECTION('',(0.5,1.110223024625E-16,-0.866025403784));
#2586 = ORIENTED_EDGE('',*,*,#2558,.T.);
#2587 = ORIENTED_EDGE('',*,*,#650,.F.);
#2588 = CYLINDRICAL_SURFACE('',#2589,1.55);
#2589 = AXIS2_PLACEMENT_3D('',#2590,#2591,#2592);
#2590 = CARTESIAN_POINT('',(-3.928823653894,-93.16,10.015383403083));
#2591 = DIRECTION('',(-4.252295203646E-16,-1.,-3.737038904755E-16));
#2592 = DIRECTION('',(0.5,1.110223024625E-16,-0.866025403784));
#2593 = ADVANCED_FACE('',(#2594),#2612,.T.);
#2594 = FACE_BOUND('',#2595,.T.);
#2595 = EDGE_LOOP('',(#2596,#2597,#2598,#2606));
#2596 = ORIENTED_EDGE('',*,*,#642,.T.);
#2597 = ORIENTED_EDGE('',*,*,#2572,.F.);
#2598 = ORIENTED_EDGE('',*,*,#2599,.T.);
#2599 = EDGE_CURVE('',#2573,#2600,#2602,.T.);
#2600 = VERTEX_POINT('',#2601);
#2601 = CARTESIAN_POINT('',(-5.834079598057,-86.16,11.11538330637));
#2602 = LINE('',#2603,#2604);
#2603 = CARTESIAN_POINT('',(-3.928823542219,-86.16,7.815383403083));
#2604 = VECTOR('',#2605,1.);
#2605 = DIRECTION('',(-0.50000004396,-1.110222742845E-16,0.866025378404)
  );
#2606 = ORIENTED_EDGE('',*,*,#2607,.F.);
#2607 = EDGE_CURVE('',#635,#2600,#2608,.T.);
#2608 = LINE('',#2609,#2610);
#2609 = CARTESIAN_POINT('',(-5.834079598057,-93.16,11.11538330637));
#2610 = VECTOR('',#2611,1.);
#2611 = DIRECTION('',(4.252295203646E-16,1.,3.737038904755E-16));
#2612 = PLANE('',#2613);
#2613 = AXIS2_PLACEMENT_3D('',#2614,#2615,#2616);
#2614 = CARTESIAN_POINT('',(-3.928823542219,-93.16,7.815383403083));
#2615 = DIRECTION('',(0.866025378404,-5.551115179482E-16,0.50000004396)
  );
#2616 = DIRECTION('',(-0.50000004396,-1.110222742845E-16,0.866025378404)
  );
#2617 = ADVANCED_FACE('',(#2618),#2636,.T.);
#2618 = FACE_BOUND('',#2619,.T.);
#2619 = EDGE_LOOP('',(#2620,#2621,#2622,#2630));
#2620 = ORIENTED_EDGE('',*,*,#634,.T.);
#2621 = ORIENTED_EDGE('',*,*,#2607,.T.);
#2622 = ORIENTED_EDGE('',*,*,#2623,.T.);
#2623 = EDGE_CURVE('',#2600,#2624,#2626,.T.);
#2624 = VERTEX_POINT('',#2625);
#2625 = CARTESIAN_POINT('',(-5.020840193123,-86.16,11.115383347651));
#2626 = LINE('',#2627,#2628);
#2627 = CARTESIAN_POINT('',(-5.834079598057,-86.16,11.11538330637));
#2628 = VECTOR('',#2629,1.);
#2629 = DIRECTION('',(1.,-4.252295393341E-16,5.076075748622E-08));
#2630 = ORIENTED_EDGE('',*,*,#2631,.T.);
#2631 = EDGE_CURVE('',#2624,#626,#2632,.T.);
#2632 = LINE('',#2633,#2634);
#2633 = CARTESIAN_POINT('',(-5.020840193123,-93.16,11.115383347651));
#2634 = VECTOR('',#2635,1.);
#2635 = DIRECTION('',(-4.252295203646E-16,-1.,-3.737038904755E-16));
#2636 = PLANE('',#2637);
#2637 = AXIS2_PLACEMENT_3D('',#2638,#2639,#2640);
#2638 = CARTESIAN_POINT('',(-5.834079598057,-93.16,11.11538330637));
#2639 = DIRECTION('',(5.076075748622E-08,3.737038688905E-16,-1.));
#2640 = DIRECTION('',(1.,-4.252295393341E-16,5.076075748622E-08));
#2641 = ADVANCED_FACE('',(#2642),#2661,.F.);
#2642 = FACE_BOUND('',#2643,.F.);
#2643 = EDGE_LOOP('',(#2644,#2653,#2654,#2655));
#2644 = ORIENTED_EDGE('',*,*,#2645,.F.);
#2645 = EDGE_CURVE('',#2624,#2646,#2648,.T.);
#2646 = VERTEX_POINT('',#2647);
#2647 = CARTESIAN_POINT('',(-2.83680722634,-86.16,11.115383458515));
#2648 = CIRCLE('',#2649,1.55);
#2649 = AXIS2_PLACEMENT_3D('',#2650,#2651,#2652);
#2650 = CARTESIAN_POINT('',(-3.928823653894,-86.16,10.015383403083));
#2651 = DIRECTION('',(4.252295203646E-16,1.,3.737038904755E-16));
#2652 = DIRECTION('',(0.5,1.110223024625E-16,-0.866025403784));
#2653 = ORIENTED_EDGE('',*,*,#2631,.T.);
#2654 = ORIENTED_EDGE('',*,*,#625,.F.);
#2655 = ORIENTED_EDGE('',*,*,#2656,.F.);
#2656 = EDGE_CURVE('',#2646,#618,#2657,.T.);
#2657 = LINE('',#2658,#2659);
#2658 = CARTESIAN_POINT('',(-2.83680722634,-93.16,11.115383458515));
#2659 = VECTOR('',#2660,1.);
#2660 = DIRECTION('',(-4.252295203646E-16,-1.,-3.737038904755E-16));
#2661 = CYLINDRICAL_SURFACE('',#2662,1.55);
#2662 = AXIS2_PLACEMENT_3D('',#2663,#2664,#2665);
#2663 = CARTESIAN_POINT('',(-3.928823653894,-93.16,10.015383403083));
#2664 = DIRECTION('',(-4.252295203646E-16,-1.,-3.737038904755E-16));
#2665 = DIRECTION('',(0.5,1.110223024625E-16,-0.866025403784));
#2666 = ADVANCED_FACE('',(#2667),#2685,.T.);
#2667 = FACE_BOUND('',#2668,.T.);
#2668 = EDGE_LOOP('',(#2669,#2670,#2671,#2679));
#2669 = ORIENTED_EDGE('',*,*,#617,.T.);
#2670 = ORIENTED_EDGE('',*,*,#2656,.F.);
#2671 = ORIENTED_EDGE('',*,*,#2672,.T.);
#2672 = EDGE_CURVE('',#2646,#2673,#2675,.T.);
#2673 = VERTEX_POINT('',#2674);
#2674 = CARTESIAN_POINT('',(-2.023567821405,-86.16,11.115383499796));
#2675 = LINE('',#2676,#2677);
#2676 = CARTESIAN_POINT('',(-5.834079598057,-86.16,11.11538330637));
#2677 = VECTOR('',#2678,1.);
#2678 = DIRECTION('',(1.,-4.252295393341E-16,5.076075748622E-08));
#2679 = ORIENTED_EDGE('',*,*,#2680,.F.);
#2680 = EDGE_CURVE('',#610,#2673,#2681,.T.);
#2681 = LINE('',#2682,#2683);
#2682 = CARTESIAN_POINT('',(-2.023567821405,-93.16,11.115383499796));
#2683 = VECTOR('',#2684,1.);
#2684 = DIRECTION('',(4.252295203646E-16,1.,3.737038904755E-16));
#2685 = PLANE('',#2686);
#2686 = AXIS2_PLACEMENT_3D('',#2687,#2688,#2689);
#2687 = CARTESIAN_POINT('',(-5.834079598057,-93.16,11.11538330637));
#2688 = DIRECTION('',(5.076075748622E-08,3.737038688905E-16,-1.));
#2689 = DIRECTION('',(1.,-4.252295393341E-16,5.076075748622E-08));
#2690 = ADVANCED_FACE('',(#2691),#2702,.T.);
#2691 = FACE_BOUND('',#2692,.T.);
#2692 = EDGE_LOOP('',(#2693,#2694,#2695,#2701));
#2693 = ORIENTED_EDGE('',*,*,#609,.T.);
#2694 = ORIENTED_EDGE('',*,*,#2680,.T.);
#2695 = ORIENTED_EDGE('',*,*,#2696,.T.);
#2696 = EDGE_CURVE('',#2673,#2484,#2697,.T.);
#2697 = LINE('',#2698,#2699);
#2698 = CARTESIAN_POINT('',(-2.023567821405,-86.16,11.115383499796));
#2699 = VECTOR('',#2700,1.);
#2700 = DIRECTION('',(-0.49999995604,5.362518136188E-16,-0.866025429165)
  );
#2701 = ORIENTED_EDGE('',*,*,#2483,.T.);
#2702 = PLANE('',#2703);
#2703 = AXIS2_PLACEMENT_3D('',#2704,#2705,#2706);
#2704 = CARTESIAN_POINT('',(-2.023567821405,-93.16,11.115383499796));
#2705 = DIRECTION('',(-0.866025429165,1.814076490576E-16,0.49999995604)
  );
#2706 = DIRECTION('',(-0.49999995604,5.362518136188E-16,-0.866025429165)
  );
#2707 = ADVANCED_FACE('',(#2708),#2743,.F.);
#2708 = FACE_BOUND('',#2709,.F.);
#2709 = EDGE_LOOP('',(#2710,#2718,#2719,#2727,#2736));
#2710 = ORIENTED_EDGE('',*,*,#2711,.T.);
#2711 = EDGE_CURVE('',#2712,#678,#2714,.T.);
#2712 = VERTEX_POINT('',#2713);
#2713 = CARTESIAN_POINT('',(-2.515682247465,-86.16,20.419178762086));
#2714 = LINE('',#2715,#2716);
#2715 = CARTESIAN_POINT('',(-2.515682247465,-93.16,20.419178762086));
#2716 = VECTOR('',#2717,1.);
#2717 = DIRECTION('',(-4.252295203646E-16,-1.,-3.737038904755E-16));
#2718 = ORIENTED_EDGE('',*,*,#675,.F.);
#2719 = ORIENTED_EDGE('',*,*,#2720,.F.);
#2720 = EDGE_CURVE('',#2721,#676,#2723,.T.);
#2721 = VERTEX_POINT('',#2722);
#2722 = CARTESIAN_POINT('',(-3.607698634846,-86.16,18.527750674717));
#2723 = LINE('',#2724,#2725);
#2724 = CARTESIAN_POINT('',(-3.607698634846,-93.16,18.527750674717));
#2725 = VECTOR('',#2726,1.);
#2726 = DIRECTION('',(-4.252295203646E-16,-1.,-3.737038904755E-16));
#2727 = ORIENTED_EDGE('',*,*,#2728,.F.);
#2728 = EDGE_CURVE('',#2729,#2721,#2731,.T.);
#2729 = VERTEX_POINT('',#2730);
#2730 = CARTESIAN_POINT('',(-3.239318413237,-86.16,18.68112529418));
#2731 = CIRCLE('',#2732,1.55);
#2732 = AXIS2_PLACEMENT_3D('',#2733,#2734,#2735);
#2733 = CARTESIAN_POINT('',(-4.014318413237,-86.16,20.023464670045));
#2734 = DIRECTION('',(4.252295203646E-16,1.,3.737038904755E-16));
#2735 = DIRECTION('',(0.5,1.110223024625E-16,-0.866025403784));
#2736 = ORIENTED_EDGE('',*,*,#2737,.F.);
#2737 = EDGE_CURVE('',#2712,#2729,#2738,.T.);
#2738 = CIRCLE('',#2739,1.55);
#2739 = AXIS2_PLACEMENT_3D('',#2740,#2741,#2742);
#2740 = CARTESIAN_POINT('',(-4.014318413237,-86.16,20.023464670045));
#2741 = DIRECTION('',(4.252295203646E-16,1.,3.737038904755E-16));
#2742 = DIRECTION('',(0.5,1.110223024625E-16,-0.866025403784));
#2743 = CYLINDRICAL_SURFACE('',#2744,1.55);
#2744 = AXIS2_PLACEMENT_3D('',#2745,#2746,#2747);
#2745 = CARTESIAN_POINT('',(-4.014318413237,-93.16,20.023464670045));
#2746 = DIRECTION('',(-4.252295203646E-16,-1.,-3.737038904755E-16));
#2747 = DIRECTION('',(0.5,1.110223024625E-16,-0.866025403784));
#2748 = ADVANCED_FACE('',(#2749),#2767,.T.);
#2749 = FACE_BOUND('',#2750,.T.);
#2750 = EDGE_LOOP('',(#2751,#2752,#2753,#2761));
#2751 = ORIENTED_EDGE('',*,*,#744,.T.);
#2752 = ORIENTED_EDGE('',*,*,#2720,.F.);
#2753 = ORIENTED_EDGE('',*,*,#2754,.T.);
#2754 = EDGE_CURVE('',#2721,#2755,#2757,.T.);
#2755 = VERTEX_POINT('',#2756);
#2756 = CARTESIAN_POINT('',(-4.014318301562,-86.16,17.823464670045));
#2757 = LINE('',#2758,#2759);
#2758 = CARTESIAN_POINT('',(-2.109062580748,-86.16,21.123464766758));
#2759 = VECTOR('',#2760,1.);
#2760 = DIRECTION('',(-0.49999995604,5.362518136188E-16,-0.866025429165)
  );
#2761 = ORIENTED_EDGE('',*,*,#2762,.F.);
#2762 = EDGE_CURVE('',#737,#2755,#2763,.T.);
#2763 = LINE('',#2764,#2765);
#2764 = CARTESIAN_POINT('',(-4.014318301562,-93.16,17.823464670045));
#2765 = VECTOR('',#2766,1.);
#2766 = DIRECTION('',(4.252295203646E-16,1.,3.737038904755E-16));
#2767 = PLANE('',#2768);
#2768 = AXIS2_PLACEMENT_3D('',#2769,#2770,#2771);
#2769 = CARTESIAN_POINT('',(-2.109062580748,-93.16,21.123464766758));
#2770 = DIRECTION('',(-0.866025429165,1.814076490576E-16,0.49999995604)
  );
#2771 = DIRECTION('',(-0.49999995604,5.362518136188E-16,-0.866025429165)
  );
#2772 = ADVANCED_FACE('',(#2773),#2791,.T.);
#2773 = FACE_BOUND('',#2774,.T.);
#2774 = EDGE_LOOP('',(#2775,#2776,#2777,#2785));
#2775 = ORIENTED_EDGE('',*,*,#736,.T.);
#2776 = ORIENTED_EDGE('',*,*,#2762,.T.);
#2777 = ORIENTED_EDGE('',*,*,#2778,.T.);
#2778 = EDGE_CURVE('',#2755,#2779,#2781,.T.);
#2779 = VERTEX_POINT('',#2780);
#2780 = CARTESIAN_POINT('',(-4.42093803978,-86.16,18.527750633436));
#2781 = LINE('',#2782,#2783);
#2782 = CARTESIAN_POINT('',(-4.014318301562,-86.16,17.823464670045));
#2783 = VECTOR('',#2784,1.);
#2784 = DIRECTION('',(-0.50000004396,-1.110222742845E-16,0.866025378404)
  );
#2785 = ORIENTED_EDGE('',*,*,#2786,.T.);
#2786 = EDGE_CURVE('',#2779,#728,#2787,.T.);
#2787 = LINE('',#2788,#2789);
#2788 = CARTESIAN_POINT('',(-4.42093803978,-93.16,18.527750633436));
#2789 = VECTOR('',#2790,1.);
#2790 = DIRECTION('',(-4.252295203646E-16,-1.,-3.737038904755E-16));
#2791 = PLANE('',#2792);
#2792 = AXIS2_PLACEMENT_3D('',#2793,#2794,#2795);
#2793 = CARTESIAN_POINT('',(-4.014318301562,-93.16,17.823464670045));
#2794 = DIRECTION('',(0.866025378404,-5.551115179482E-16,0.50000004396)
  );
#2795 = DIRECTION('',(-0.50000004396,-1.110222742845E-16,0.866025378404)
  );
#2796 = ADVANCED_FACE('',(#2797),#2816,.F.);
#2797 = FACE_BOUND('',#2798,.F.);
#2798 = EDGE_LOOP('',(#2799,#2807,#2814,#2815));
#2799 = ORIENTED_EDGE('',*,*,#2800,.F.);
#2800 = EDGE_CURVE('',#2801,#720,#2803,.T.);
#2801 = VERTEX_POINT('',#2802);
#2802 = CARTESIAN_POINT('',(-5.512954619183,-86.16,20.419178609942));
#2803 = LINE('',#2804,#2805);
#2804 = CARTESIAN_POINT('',(-5.512954619183,-93.16,20.419178609942));
#2805 = VECTOR('',#2806,1.);
#2806 = DIRECTION('',(-4.252295203646E-16,-1.,-3.737038904755E-16));
#2807 = ORIENTED_EDGE('',*,*,#2808,.F.);
#2808 = EDGE_CURVE('',#2779,#2801,#2809,.T.);
#2809 = CIRCLE('',#2810,1.55);
#2810 = AXIS2_PLACEMENT_3D('',#2811,#2812,#2813);
#2811 = CARTESIAN_POINT('',(-4.014318413237,-86.16,20.023464670045));
#2812 = DIRECTION('',(4.252295203646E-16,1.,3.737038904755E-16));
#2813 = DIRECTION('',(0.5,1.110223024625E-16,-0.866025403784));
#2814 = ORIENTED_EDGE('',*,*,#2786,.T.);
#2815 = ORIENTED_EDGE('',*,*,#727,.F.);
#2816 = CYLINDRICAL_SURFACE('',#2817,1.55);
#2817 = AXIS2_PLACEMENT_3D('',#2818,#2819,#2820);
#2818 = CARTESIAN_POINT('',(-4.014318413237,-93.16,20.023464670045));
#2819 = DIRECTION('',(-4.252295203646E-16,-1.,-3.737038904755E-16));
#2820 = DIRECTION('',(0.5,1.110223024625E-16,-0.866025403784));
#2821 = ADVANCED_FACE('',(#2822),#2840,.T.);
#2822 = FACE_BOUND('',#2823,.T.);
#2823 = EDGE_LOOP('',(#2824,#2825,#2826,#2834));
#2824 = ORIENTED_EDGE('',*,*,#719,.T.);
#2825 = ORIENTED_EDGE('',*,*,#2800,.F.);
#2826 = ORIENTED_EDGE('',*,*,#2827,.T.);
#2827 = EDGE_CURVE('',#2801,#2828,#2830,.T.);
#2828 = VERTEX_POINT('',#2829);
#2829 = CARTESIAN_POINT('',(-5.9195743574,-86.16,21.123464573333));
#2830 = LINE('',#2831,#2832);
#2831 = CARTESIAN_POINT('',(-4.014318301562,-86.16,17.823464670045));
#2832 = VECTOR('',#2833,1.);
#2833 = DIRECTION('',(-0.50000004396,-1.110222742845E-16,0.866025378404)
  );
#2834 = ORIENTED_EDGE('',*,*,#2835,.F.);
#2835 = EDGE_CURVE('',#712,#2828,#2836,.T.);
#2836 = LINE('',#2837,#2838);
#2837 = CARTESIAN_POINT('',(-5.9195743574,-93.16,21.123464573333));
#2838 = VECTOR('',#2839,1.);
#2839 = DIRECTION('',(4.252295203646E-16,1.,3.737038904755E-16));
#2840 = PLANE('',#2841);
#2841 = AXIS2_PLACEMENT_3D('',#2842,#2843,#2844);
#2842 = CARTESIAN_POINT('',(-4.014318301562,-93.16,17.823464670045));
#2843 = DIRECTION('',(0.866025378404,-5.551115179482E-16,0.50000004396)
  );
#2844 = DIRECTION('',(-0.50000004396,-1.110222742845E-16,0.866025378404)
  );
#2845 = ADVANCED_FACE('',(#2846),#2864,.T.);
#2846 = FACE_BOUND('',#2847,.T.);
#2847 = EDGE_LOOP('',(#2848,#2849,#2850,#2858));
#2848 = ORIENTED_EDGE('',*,*,#711,.T.);
#2849 = ORIENTED_EDGE('',*,*,#2835,.T.);
#2850 = ORIENTED_EDGE('',*,*,#2851,.T.);
#2851 = EDGE_CURVE('',#2828,#2852,#2854,.T.);
#2852 = VERTEX_POINT('',#2853);
#2853 = CARTESIAN_POINT('',(-5.106334952466,-86.16,21.123464614614));
#2854 = LINE('',#2855,#2856);
#2855 = CARTESIAN_POINT('',(-5.9195743574,-86.16,21.123464573333));
#2856 = VECTOR('',#2857,1.);
#2857 = DIRECTION('',(1.,-4.252295393341E-16,5.076075748622E-08));
#2858 = ORIENTED_EDGE('',*,*,#2859,.T.);
#2859 = EDGE_CURVE('',#2852,#703,#2860,.T.);
#2860 = LINE('',#2861,#2862);
#2861 = CARTESIAN_POINT('',(-5.106334952466,-93.16,21.123464614614));
#2862 = VECTOR('',#2863,1.);
#2863 = DIRECTION('',(-4.252295203646E-16,-1.,-3.737038904755E-16));
#2864 = PLANE('',#2865);
#2865 = AXIS2_PLACEMENT_3D('',#2866,#2867,#2868);
#2866 = CARTESIAN_POINT('',(-5.9195743574,-93.16,21.123464573333));
#2867 = DIRECTION('',(5.076075748622E-08,3.737038688905E-16,-1.));
#2868 = DIRECTION('',(1.,-4.252295393341E-16,5.076075748622E-08));
#2869 = ADVANCED_FACE('',(#2870),#2889,.F.);
#2870 = FACE_BOUND('',#2871,.F.);
#2871 = EDGE_LOOP('',(#2872,#2881,#2882,#2883));
#2872 = ORIENTED_EDGE('',*,*,#2873,.F.);
#2873 = EDGE_CURVE('',#2852,#2874,#2876,.T.);
#2874 = VERTEX_POINT('',#2875);
#2875 = CARTESIAN_POINT('',(-2.922301985682,-86.16,21.123464725477));
#2876 = CIRCLE('',#2877,1.55);
#2877 = AXIS2_PLACEMENT_3D('',#2878,#2879,#2880);
#2878 = CARTESIAN_POINT('',(-4.014318413237,-86.16,20.023464670045));
#2879 = DIRECTION('',(4.252295203646E-16,1.,3.737038904755E-16));
#2880 = DIRECTION('',(0.5,1.110223024625E-16,-0.866025403784));
#2881 = ORIENTED_EDGE('',*,*,#2859,.T.);
#2882 = ORIENTED_EDGE('',*,*,#702,.F.);
#2883 = ORIENTED_EDGE('',*,*,#2884,.F.);
#2884 = EDGE_CURVE('',#2874,#695,#2885,.T.);
#2885 = LINE('',#2886,#2887);
#2886 = CARTESIAN_POINT('',(-2.922301985682,-93.16,21.123464725477));
#2887 = VECTOR('',#2888,1.);
#2888 = DIRECTION('',(-4.252295203646E-16,-1.,-3.737038904755E-16));
#2889 = CYLINDRICAL_SURFACE('',#2890,1.55);
#2890 = AXIS2_PLACEMENT_3D('',#2891,#2892,#2893);
#2891 = CARTESIAN_POINT('',(-4.014318413237,-93.16,20.023464670045));
#2892 = DIRECTION('',(-4.252295203646E-16,-1.,-3.737038904755E-16));
#2893 = DIRECTION('',(0.5,1.110223024625E-16,-0.866025403784));
#2894 = ADVANCED_FACE('',(#2895),#2913,.T.);
#2895 = FACE_BOUND('',#2896,.T.);
#2896 = EDGE_LOOP('',(#2897,#2898,#2899,#2907));
#2897 = ORIENTED_EDGE('',*,*,#694,.T.);
#2898 = ORIENTED_EDGE('',*,*,#2884,.F.);
#2899 = ORIENTED_EDGE('',*,*,#2900,.T.);
#2900 = EDGE_CURVE('',#2874,#2901,#2903,.T.);
#2901 = VERTEX_POINT('',#2902);
#2902 = CARTESIAN_POINT('',(-2.109062580748,-86.16,21.123464766758));
#2903 = LINE('',#2904,#2905);
#2904 = CARTESIAN_POINT('',(-5.9195743574,-86.16,21.123464573333));
#2905 = VECTOR('',#2906,1.);
#2906 = DIRECTION('',(1.,-4.252295393341E-16,5.076075748622E-08));
#2907 = ORIENTED_EDGE('',*,*,#2908,.F.);
#2908 = EDGE_CURVE('',#687,#2901,#2909,.T.);
#2909 = LINE('',#2910,#2911);
#2910 = CARTESIAN_POINT('',(-2.109062580748,-93.16,21.123464766758));
#2911 = VECTOR('',#2912,1.);
#2912 = DIRECTION('',(4.252295203646E-16,1.,3.737038904755E-16));
#2913 = PLANE('',#2914);
#2914 = AXIS2_PLACEMENT_3D('',#2915,#2916,#2917);
#2915 = CARTESIAN_POINT('',(-5.9195743574,-93.16,21.123464573333));
#2916 = DIRECTION('',(5.076075748622E-08,3.737038688905E-16,-1.));
#2917 = DIRECTION('',(1.,-4.252295393341E-16,5.076075748622E-08));
#2918 = ADVANCED_FACE('',(#2919),#2930,.T.);
#2919 = FACE_BOUND('',#2920,.T.);
#2920 = EDGE_LOOP('',(#2921,#2922,#2923,#2929));
#2921 = ORIENTED_EDGE('',*,*,#686,.T.);
#2922 = ORIENTED_EDGE('',*,*,#2908,.T.);
#2923 = ORIENTED_EDGE('',*,*,#2924,.T.);
#2924 = EDGE_CURVE('',#2901,#2712,#2925,.T.);
#2925 = LINE('',#2926,#2927);
#2926 = CARTESIAN_POINT('',(-2.109062580748,-86.16,21.123464766758));
#2927 = VECTOR('',#2928,1.);
#2928 = DIRECTION('',(-0.49999995604,5.362518136188E-16,-0.866025429165)
  );
#2929 = ORIENTED_EDGE('',*,*,#2711,.T.);
#2930 = PLANE('',#2931);
#2931 = AXIS2_PLACEMENT_3D('',#2932,#2933,#2934);
#2932 = CARTESIAN_POINT('',(-2.109062580748,-93.16,21.123464766758));
#2933 = DIRECTION('',(-0.866025429165,1.814076490576E-16,0.49999995604)
  );
#2934 = DIRECTION('',(-0.49999995604,5.362518136188E-16,-0.866025429165)
  );
#2935 = ADVANCED_FACE('',(#2936),#2971,.F.);
#2936 = FACE_BOUND('',#2937,.F.);
#2937 = EDGE_LOOP('',(#2938,#2946,#2947,#2955,#2964));
#2938 = ORIENTED_EDGE('',*,*,#2939,.T.);
#2939 = EDGE_CURVE('',#2940,#755,#2942,.T.);
#2940 = VERTEX_POINT('',#2941);
#2941 = CARTESIAN_POINT('',(-2.520196244694,-86.16,30.346997234633));
#2942 = LINE('',#2943,#2944);
#2943 = CARTESIAN_POINT('',(-2.520196244694,-93.16,30.346997234633));
#2944 = VECTOR('',#2945,1.);
#2945 = DIRECTION('',(-4.252295203646E-16,-1.,-3.737038904755E-16));
#2946 = ORIENTED_EDGE('',*,*,#752,.F.);
#2947 = ORIENTED_EDGE('',*,*,#2948,.F.);
#2948 = EDGE_CURVE('',#2949,#753,#2951,.T.);
#2949 = VERTEX_POINT('',#2950);
#2950 = CARTESIAN_POINT('',(-3.612212632075,-86.16,28.455569147263));
#2951 = LINE('',#2952,#2953);
#2952 = CARTESIAN_POINT('',(-3.612212632075,-93.16,28.455569147263));
#2953 = VECTOR('',#2954,1.);
#2954 = DIRECTION('',(-4.252295203646E-16,-1.,-3.737038904755E-16));
#2955 = ORIENTED_EDGE('',*,*,#2956,.F.);
#2956 = EDGE_CURVE('',#2957,#2949,#2959,.T.);
#2957 = VERTEX_POINT('',#2958);
#2958 = CARTESIAN_POINT('',(-3.243832410466,-86.16,28.608943766726));
#2959 = CIRCLE('',#2960,1.55);
#2960 = AXIS2_PLACEMENT_3D('',#2961,#2962,#2963);
#2961 = CARTESIAN_POINT('',(-4.018832410466,-86.16,29.951283142592));
#2962 = DIRECTION('',(4.252295203646E-16,1.,3.737038904755E-16));
#2963 = DIRECTION('',(0.5,1.110223024625E-16,-0.866025403784));
#2964 = ORIENTED_EDGE('',*,*,#2965,.F.);
#2965 = EDGE_CURVE('',#2940,#2957,#2966,.T.);
#2966 = CIRCLE('',#2967,1.55);
#2967 = AXIS2_PLACEMENT_3D('',#2968,#2969,#2970);
#2968 = CARTESIAN_POINT('',(-4.018832410466,-86.16,29.951283142592));
#2969 = DIRECTION('',(4.252295203646E-16,1.,3.737038904755E-16));
#2970 = DIRECTION('',(0.5,1.110223024625E-16,-0.866025403784));
#2971 = CYLINDRICAL_SURFACE('',#2972,1.55);
#2972 = AXIS2_PLACEMENT_3D('',#2973,#2974,#2975);
#2973 = CARTESIAN_POINT('',(-4.018832410466,-93.16,29.951283142592));
#2974 = DIRECTION('',(-4.252295203646E-16,-1.,-3.737038904755E-16));
#2975 = DIRECTION('',(0.5,1.110223024625E-16,-0.866025403784));
#2976 = ADVANCED_FACE('',(#2977),#2995,.T.);
#2977 = FACE_BOUND('',#2978,.T.);
#2978 = EDGE_LOOP('',(#2979,#2980,#2981,#2989));
#2979 = ORIENTED_EDGE('',*,*,#821,.T.);
#2980 = ORIENTED_EDGE('',*,*,#2948,.F.);
#2981 = ORIENTED_EDGE('',*,*,#2982,.T.);
#2982 = EDGE_CURVE('',#2949,#2983,#2985,.T.);
#2983 = VERTEX_POINT('',#2984);
#2984 = CARTESIAN_POINT('',(-4.018832298791,-86.16,27.751283142592));
#2985 = LINE('',#2986,#2987);
#2986 = CARTESIAN_POINT('',(-2.113576577977,-86.16,31.051283239304));
#2987 = VECTOR('',#2988,1.);
#2988 = DIRECTION('',(-0.49999995604,5.362518136188E-16,-0.866025429165)
  );
#2989 = ORIENTED_EDGE('',*,*,#2990,.F.);
#2990 = EDGE_CURVE('',#814,#2983,#2991,.T.);
#2991 = LINE('',#2992,#2993);
#2992 = CARTESIAN_POINT('',(-4.018832298791,-93.16,27.751283142592));
#2993 = VECTOR('',#2994,1.);
#2994 = DIRECTION('',(4.252295203646E-16,1.,3.737038904755E-16));
#2995 = PLANE('',#2996);
#2996 = AXIS2_PLACEMENT_3D('',#2997,#2998,#2999);
#2997 = CARTESIAN_POINT('',(-2.113576577977,-93.16,31.051283239304));
#2998 = DIRECTION('',(-0.866025429165,1.814076490576E-16,0.49999995604)
  );
#2999 = DIRECTION('',(-0.49999995604,5.362518136188E-16,-0.866025429165)
  );
#3000 = ADVANCED_FACE('',(#3001),#3019,.T.);
#3001 = FACE_BOUND('',#3002,.T.);
#3002 = EDGE_LOOP('',(#3003,#3004,#3005,#3013));
#3003 = ORIENTED_EDGE('',*,*,#813,.T.);
#3004 = ORIENTED_EDGE('',*,*,#2990,.T.);
#3005 = ORIENTED_EDGE('',*,*,#3006,.T.);
#3006 = EDGE_CURVE('',#2983,#3007,#3009,.T.);
#3007 = VERTEX_POINT('',#3008);
#3008 = CARTESIAN_POINT('',(-4.425452037009,-86.16,28.455569105983));
#3009 = LINE('',#3010,#3011);
#3010 = CARTESIAN_POINT('',(-4.018832298791,-86.16,27.751283142592));
#3011 = VECTOR('',#3012,1.);
#3012 = DIRECTION('',(-0.50000004396,-1.110222742845E-16,0.866025378404)
  );
#3013 = ORIENTED_EDGE('',*,*,#3014,.T.);
#3014 = EDGE_CURVE('',#3007,#805,#3015,.T.);
#3015 = LINE('',#3016,#3017);
#3016 = CARTESIAN_POINT('',(-4.425452037009,-93.16,28.455569105983));
#3017 = VECTOR('',#3018,1.);
#3018 = DIRECTION('',(-4.252295203646E-16,-1.,-3.737038904755E-16));
#3019 = PLANE('',#3020);
#3020 = AXIS2_PLACEMENT_3D('',#3021,#3022,#3023);
#3021 = CARTESIAN_POINT('',(-4.018832298791,-93.16,27.751283142592));
#3022 = DIRECTION('',(0.866025378404,-5.551115179482E-16,0.50000004396)
  );
#3023 = DIRECTION('',(-0.50000004396,-1.110222742845E-16,0.866025378404)
  );
#3024 = ADVANCED_FACE('',(#3025),#3044,.F.);
#3025 = FACE_BOUND('',#3026,.F.);
#3026 = EDGE_LOOP('',(#3027,#3035,#3042,#3043));
#3027 = ORIENTED_EDGE('',*,*,#3028,.F.);
#3028 = EDGE_CURVE('',#3029,#797,#3031,.T.);
#3029 = VERTEX_POINT('',#3030);
#3030 = CARTESIAN_POINT('',(-5.517468616412,-86.16,30.346997082488));
#3031 = LINE('',#3032,#3033);
#3032 = CARTESIAN_POINT('',(-5.517468616412,-93.16,30.346997082488));
#3033 = VECTOR('',#3034,1.);
#3034 = DIRECTION('',(-4.252295203646E-16,-1.,-3.737038904755E-16));
#3035 = ORIENTED_EDGE('',*,*,#3036,.F.);
#3036 = EDGE_CURVE('',#3007,#3029,#3037,.T.);
#3037 = CIRCLE('',#3038,1.55);
#3038 = AXIS2_PLACEMENT_3D('',#3039,#3040,#3041);
#3039 = CARTESIAN_POINT('',(-4.018832410466,-86.16,29.951283142592));
#3040 = DIRECTION('',(4.252295203646E-16,1.,3.737038904755E-16));
#3041 = DIRECTION('',(0.5,1.110223024625E-16,-0.866025403784));
#3042 = ORIENTED_EDGE('',*,*,#3014,.T.);
#3043 = ORIENTED_EDGE('',*,*,#804,.F.);
#3044 = CYLINDRICAL_SURFACE('',#3045,1.55);
#3045 = AXIS2_PLACEMENT_3D('',#3046,#3047,#3048);
#3046 = CARTESIAN_POINT('',(-4.018832410466,-93.16,29.951283142592));
#3047 = DIRECTION('',(-4.252295203646E-16,-1.,-3.737038904755E-16));
#3048 = DIRECTION('',(0.5,1.110223024625E-16,-0.866025403784));
#3049 = ADVANCED_FACE('',(#3050),#3068,.T.);
#3050 = FACE_BOUND('',#3051,.T.);
#3051 = EDGE_LOOP('',(#3052,#3053,#3054,#3062));
#3052 = ORIENTED_EDGE('',*,*,#796,.T.);
#3053 = ORIENTED_EDGE('',*,*,#3028,.F.);
#3054 = ORIENTED_EDGE('',*,*,#3055,.T.);
#3055 = EDGE_CURVE('',#3029,#3056,#3058,.T.);
#3056 = VERTEX_POINT('',#3057);
#3057 = CARTESIAN_POINT('',(-5.924088354629,-86.16,31.051283045879));
#3058 = LINE('',#3059,#3060);
#3059 = CARTESIAN_POINT('',(-4.018832298791,-86.16,27.751283142592));
#3060 = VECTOR('',#3061,1.);
#3061 = DIRECTION('',(-0.50000004396,-1.110222742845E-16,0.866025378404)
  );
#3062 = ORIENTED_EDGE('',*,*,#3063,.F.);
#3063 = EDGE_CURVE('',#789,#3056,#3064,.T.);
#3064 = LINE('',#3065,#3066);
#3065 = CARTESIAN_POINT('',(-5.924088354629,-93.16,31.051283045879));
#3066 = VECTOR('',#3067,1.);
#3067 = DIRECTION('',(4.252295203646E-16,1.,3.737038904755E-16));
#3068 = PLANE('',#3069);
#3069 = AXIS2_PLACEMENT_3D('',#3070,#3071,#3072);
#3070 = CARTESIAN_POINT('',(-4.018832298791,-93.16,27.751283142592));
#3071 = DIRECTION('',(0.866025378404,-5.551115179482E-16,0.50000004396)
  );
#3072 = DIRECTION('',(-0.50000004396,-1.110222742845E-16,0.866025378404)
  );
#3073 = ADVANCED_FACE('',(#3074),#3092,.T.);
#3074 = FACE_BOUND('',#3075,.T.);
#3075 = EDGE_LOOP('',(#3076,#3077,#3078,#3086));
#3076 = ORIENTED_EDGE('',*,*,#788,.T.);
#3077 = ORIENTED_EDGE('',*,*,#3063,.T.);
#3078 = ORIENTED_EDGE('',*,*,#3079,.T.);
#3079 = EDGE_CURVE('',#3056,#3080,#3082,.T.);
#3080 = VERTEX_POINT('',#3081);
#3081 = CARTESIAN_POINT('',(-5.110848949695,-86.16,31.05128308716));
#3082 = LINE('',#3083,#3084);
#3083 = CARTESIAN_POINT('',(-5.924088354629,-86.16,31.051283045879));
#3084 = VECTOR('',#3085,1.);
#3085 = DIRECTION('',(1.,-4.252295393341E-16,5.076075748622E-08));
#3086 = ORIENTED_EDGE('',*,*,#3087,.T.);
#3087 = EDGE_CURVE('',#3080,#780,#3088,.T.);
#3088 = LINE('',#3089,#3090);
#3089 = CARTESIAN_POINT('',(-5.110848949695,-93.16,31.05128308716));
#3090 = VECTOR('',#3091,1.);
#3091 = DIRECTION('',(-4.252295203646E-16,-1.,-3.737038904755E-16));
#3092 = PLANE('',#3093);
#3093 = AXIS2_PLACEMENT_3D('',#3094,#3095,#3096);
#3094 = CARTESIAN_POINT('',(-5.924088354629,-93.16,31.051283045879));
#3095 = DIRECTION('',(5.076075748622E-08,3.737038688905E-16,-1.));
#3096 = DIRECTION('',(1.,-4.252295393341E-16,5.076075748622E-08));
#3097 = ADVANCED_FACE('',(#3098),#3117,.F.);
#3098 = FACE_BOUND('',#3099,.F.);
#3099 = EDGE_LOOP('',(#3100,#3109,#3110,#3111));
#3100 = ORIENTED_EDGE('',*,*,#3101,.F.);
#3101 = EDGE_CURVE('',#3080,#3102,#3104,.T.);
#3102 = VERTEX_POINT('',#3103);
#3103 = CARTESIAN_POINT('',(-2.926815982911,-86.16,31.051283198023));
#3104 = CIRCLE('',#3105,1.55);
#3105 = AXIS2_PLACEMENT_3D('',#3106,#3107,#3108);
#3106 = CARTESIAN_POINT('',(-4.018832410466,-86.16,29.951283142592));
#3107 = DIRECTION('',(4.252295203646E-16,1.,3.737038904755E-16));
#3108 = DIRECTION('',(0.5,1.110223024625E-16,-0.866025403784));
#3109 = ORIENTED_EDGE('',*,*,#3087,.T.);
#3110 = ORIENTED_EDGE('',*,*,#779,.F.);
#3111 = ORIENTED_EDGE('',*,*,#3112,.F.);
#3112 = EDGE_CURVE('',#3102,#772,#3113,.T.);
#3113 = LINE('',#3114,#3115);
#3114 = CARTESIAN_POINT('',(-2.926815982911,-93.16,31.051283198023));
#3115 = VECTOR('',#3116,1.);
#3116 = DIRECTION('',(-4.252295203646E-16,-1.,-3.737038904755E-16));
#3117 = CYLINDRICAL_SURFACE('',#3118,1.55);
#3118 = AXIS2_PLACEMENT_3D('',#3119,#3120,#3121);
#3119 = CARTESIAN_POINT('',(-4.018832410466,-93.16,29.951283142592));
#3120 = DIRECTION('',(-4.252295203646E-16,-1.,-3.737038904755E-16));
#3121 = DIRECTION('',(0.5,1.110223024625E-16,-0.866025403784));
#3122 = ADVANCED_FACE('',(#3123),#3141,.T.);
#3123 = FACE_BOUND('',#3124,.T.);
#3124 = EDGE_LOOP('',(#3125,#3126,#3127,#3135));
#3125 = ORIENTED_EDGE('',*,*,#771,.T.);
#3126 = ORIENTED_EDGE('',*,*,#3112,.F.);
#3127 = ORIENTED_EDGE('',*,*,#3128,.T.);
#3128 = EDGE_CURVE('',#3102,#3129,#3131,.T.);
#3129 = VERTEX_POINT('',#3130);
#3130 = CARTESIAN_POINT('',(-2.113576577977,-86.16,31.051283239304));
#3131 = LINE('',#3132,#3133);
#3132 = CARTESIAN_POINT('',(-5.924088354629,-86.16,31.051283045879));
#3133 = VECTOR('',#3134,1.);
#3134 = DIRECTION('',(1.,-4.252295393341E-16,5.076075748622E-08));
#3135 = ORIENTED_EDGE('',*,*,#3136,.F.);
#3136 = EDGE_CURVE('',#764,#3129,#3137,.T.);
#3137 = LINE('',#3138,#3139);
#3138 = CARTESIAN_POINT('',(-2.113576577977,-93.16,31.051283239304));
#3139 = VECTOR('',#3140,1.);
#3140 = DIRECTION('',(4.252295203646E-16,1.,3.737038904755E-16));
#3141 = PLANE('',#3142);
#3142 = AXIS2_PLACEMENT_3D('',#3143,#3144,#3145);
#3143 = CARTESIAN_POINT('',(-5.924088354629,-93.16,31.051283045879));
#3144 = DIRECTION('',(5.076075748622E-08,3.737038688905E-16,-1.));
#3145 = DIRECTION('',(1.,-4.252295393341E-16,5.076075748622E-08));
#3146 = ADVANCED_FACE('',(#3147),#3158,.T.);
#3147 = FACE_BOUND('',#3148,.T.);
#3148 = EDGE_LOOP('',(#3149,#3150,#3151,#3157));
#3149 = ORIENTED_EDGE('',*,*,#763,.T.);
#3150 = ORIENTED_EDGE('',*,*,#3136,.T.);
#3151 = ORIENTED_EDGE('',*,*,#3152,.T.);
#3152 = EDGE_CURVE('',#3129,#2940,#3153,.T.);
#3153 = LINE('',#3154,#3155);
#3154 = CARTESIAN_POINT('',(-2.113576577977,-86.16,31.051283239304));
#3155 = VECTOR('',#3156,1.);
#3156 = DIRECTION('',(-0.49999995604,5.362518136188E-16,-0.866025429165)
  );
#3157 = ORIENTED_EDGE('',*,*,#2939,.T.);
#3158 = PLANE('',#3159);
#3159 = AXIS2_PLACEMENT_3D('',#3160,#3161,#3162);
#3160 = CARTESIAN_POINT('',(-2.113576577977,-93.16,31.051283239304));
#3161 = DIRECTION('',(-0.866025429165,1.814076490576E-16,0.49999995604)
  );
#3162 = DIRECTION('',(-0.49999995604,5.362518136188E-16,-0.866025429165)
  );
#3163 = ADVANCED_FACE('',(#3164),#3182,.T.);
#3164 = FACE_BOUND('',#3165,.T.);
#3165 = EDGE_LOOP('',(#3166,#3167,#3168,#3176));
#3166 = ORIENTED_EDGE('',*,*,#2433,.F.);
#3167 = ORIENTED_EDGE('',*,*,#844,.T.);
#3168 = ORIENTED_EDGE('',*,*,#3169,.T.);
#3169 = EDGE_CURVE('',#837,#3170,#3172,.T.);
#3170 = VERTEX_POINT('',#3171);
#3171 = CARTESIAN_POINT('',(114.5,88.,50.));
#3172 = LINE('',#3173,#3174);
#3173 = CARTESIAN_POINT('',(117.5,88.,47.));
#3174 = VECTOR('',#3175,1.);
#3175 = DIRECTION('',(-0.707106781187,1.125379772342E-15,0.707106781187)
  );
#3176 = ORIENTED_EDGE('',*,*,#3177,.F.);
#3177 = EDGE_CURVE('',#2411,#3170,#3178,.T.);
#3178 = LINE('',#3179,#3180);
#3179 = CARTESIAN_POINT('',(114.5,-94.,50.));
#3180 = VECTOR('',#3181,1.);
#3181 = DIRECTION('',(3.677613769071E-16,1.,0.));
#3182 = PLANE('',#3183);
#3183 = AXIS2_PLACEMENT_3D('',#3184,#3185,#3186);
#3184 = CARTESIAN_POINT('',(117.5,-94.,47.));
#3185 = DIRECTION('',(0.707106781187,-2.600465634695E-16,0.707106781187)
  );
#3186 = DIRECTION('',(3.677613769071E-16,1.,0.));
#3187 = ADVANCED_FACE('',(#3188),#3207,.F.);
#3188 = FACE_BOUND('',#3189,.F.);
#3189 = EDGE_LOOP('',(#3190,#3198,#3205,#3206));
#3190 = ORIENTED_EDGE('',*,*,#3191,.T.);
#3191 = EDGE_CURVE('',#854,#3192,#3194,.T.);
#3192 = VERTEX_POINT('',#3193);
#3193 = CARTESIAN_POINT('',(120.,-31.7195,17.5522));
#3194 = LINE('',#3195,#3196);
#3195 = CARTESIAN_POINT('',(120.5,-31.7195,17.5522));
#3196 = VECTOR('',#3197,1.);
#3197 = DIRECTION('',(-1.,3.677613769071E-16,0.));
#3198 = ORIENTED_EDGE('',*,*,#3199,.T.);
#3199 = EDGE_CURVE('',#3192,#3192,#3200,.T.);
#3200 = CIRCLE('',#3201,3.5);
#3201 = AXIS2_PLACEMENT_3D('',#3202,#3203,#3204);
#3202 = CARTESIAN_POINT('',(120.,-35.2195,17.5522));
#3203 = DIRECTION('',(1.,-3.677613769071E-16,0.));
#3204 = DIRECTION('',(3.677613769071E-16,1.,0.));
#3205 = ORIENTED_EDGE('',*,*,#3191,.F.);
#3206 = ORIENTED_EDGE('',*,*,#853,.F.);
#3207 = CYLINDRICAL_SURFACE('',#3208,3.5);
#3208 = AXIS2_PLACEMENT_3D('',#3209,#3210,#3211);
#3209 = CARTESIAN_POINT('',(120.5,-35.2195,17.5522));
#3210 = DIRECTION('',(1.,-3.677613769071E-16,0.));
#3211 = DIRECTION('',(3.677613769071E-16,1.,0.));
#3212 = ADVANCED_FACE('',(#3213),#3232,.F.);
#3213 = FACE_BOUND('',#3214,.F.);
#3214 = EDGE_LOOP('',(#3215,#3223,#3230,#3231));
#3215 = ORIENTED_EDGE('',*,*,#3216,.T.);
#3216 = EDGE_CURVE('',#865,#3217,#3219,.T.);
#3217 = VERTEX_POINT('',#3218);
#3218 = CARTESIAN_POINT('',(120.,-6.8909,17.4194));
#3219 = LINE('',#3220,#3221);
#3220 = CARTESIAN_POINT('',(120.5,-6.8909,17.4194));
#3221 = VECTOR('',#3222,1.);
#3222 = DIRECTION('',(-1.,3.677613769071E-16,0.));
#3223 = ORIENTED_EDGE('',*,*,#3224,.T.);
#3224 = EDGE_CURVE('',#3217,#3217,#3225,.T.);
#3225 = CIRCLE('',#3226,3.5);
#3226 = AXIS2_PLACEMENT_3D('',#3227,#3228,#3229);
#3227 = CARTESIAN_POINT('',(120.,-10.3909,17.4194));
#3228 = DIRECTION('',(1.,-3.677613769071E-16,0.));
#3229 = DIRECTION('',(3.677613769071E-16,1.,0.));
#3230 = ORIENTED_EDGE('',*,*,#3216,.F.);
#3231 = ORIENTED_EDGE('',*,*,#864,.F.);
#3232 = CYLINDRICAL_SURFACE('',#3233,3.5);
#3233 = AXIS2_PLACEMENT_3D('',#3234,#3235,#3236);
#3234 = CARTESIAN_POINT('',(120.5,-10.3909,17.4194));
#3235 = DIRECTION('',(1.,-3.677613769071E-16,0.));
#3236 = DIRECTION('',(3.677613769071E-16,1.,0.));
#3237 = ADVANCED_FACE('',(#3238),#3257,.F.);
#3238 = FACE_BOUND('',#3239,.F.);
#3239 = EDGE_LOOP('',(#3240,#3248,#3255,#3256));
#3240 = ORIENTED_EDGE('',*,*,#3241,.T.);
#3241 = EDGE_CURVE('',#876,#3242,#3244,.T.);
#3242 = VERTEX_POINT('',#3243);
#3243 = CARTESIAN_POINT('',(120.,16.754906,17.478416));
#3244 = LINE('',#3245,#3246);
#3245 = CARTESIAN_POINT('',(120.5,16.754906,17.478416));
#3246 = VECTOR('',#3247,1.);
#3247 = DIRECTION('',(-1.,3.677613769071E-16,0.));
#3248 = ORIENTED_EDGE('',*,*,#3249,.T.);
#3249 = EDGE_CURVE('',#3242,#3242,#3250,.T.);
#3250 = CIRCLE('',#3251,3.5);
#3251 = AXIS2_PLACEMENT_3D('',#3252,#3253,#3254);
#3252 = CARTESIAN_POINT('',(120.,13.254906,17.478416));
#3253 = DIRECTION('',(1.,-3.677613769071E-16,0.));
#3254 = DIRECTION('',(3.677613769071E-16,1.,0.));
#3255 = ORIENTED_EDGE('',*,*,#3241,.F.);
#3256 = ORIENTED_EDGE('',*,*,#875,.F.);
#3257 = CYLINDRICAL_SURFACE('',#3258,3.5);
#3258 = AXIS2_PLACEMENT_3D('',#3259,#3260,#3261);
#3259 = CARTESIAN_POINT('',(120.5,13.254906,17.478416));
#3260 = DIRECTION('',(1.,-3.677613769071E-16,0.));
#3261 = DIRECTION('',(3.677613769071E-16,1.,0.));
#3262 = ADVANCED_FACE('',(#3263),#3273,.T.);
#3263 = FACE_BOUND('',#3264,.T.);
#3264 = EDGE_LOOP('',(#3265,#3266,#3272));
#3265 = ORIENTED_EDGE('',*,*,#918,.F.);
#3266 = ORIENTED_EDGE('',*,*,#3267,.T.);
#3267 = EDGE_CURVE('',#919,#3170,#3268,.T.);
#3268 = LINE('',#3269,#3270);
#3269 = CARTESIAN_POINT('',(114.5,92.5,45.5));
#3270 = VECTOR('',#3271,1.);
#3271 = DIRECTION('',(6.052866454025E-16,-0.707106781187,0.707106781187)
  );
#3272 = ORIENTED_EDGE('',*,*,#3169,.F.);
#3273 = PLANE('',#3274);
#3274 = AXIS2_PLACEMENT_3D('',#3275,#3276,#3277);
#3275 = CARTESIAN_POINT('',(114.5,94.,44.));
#3276 = DIRECTION('',(0.57735026919,0.57735026919,0.57735026919));
#3277 = DIRECTION('',(-0.707106781187,2.600465634695E-16,0.707106781187)
  );
#3278 = ADVANCED_FACE('',(#3279),#3298,.T.);
#3279 = FACE_BOUND('',#3280,.T.);
#3280 = EDGE_LOOP('',(#3281,#3282,#3283,#3284,#3292));
#3281 = ORIENTED_EDGE('',*,*,#3267,.F.);
#3282 = ORIENTED_EDGE('',*,*,#973,.T.);
#3283 = ORIENTED_EDGE('',*,*,#1072,.T.);
#3284 = ORIENTED_EDGE('',*,*,#3285,.T.);
#3285 = EDGE_CURVE('',#1063,#3286,#3288,.T.);
#3286 = VERTEX_POINT('',#3287);
#3287 = CARTESIAN_POINT('',(3.236300116782E-14,88.,50.));
#3288 = LINE('',#3289,#3290);
#3289 = CARTESIAN_POINT('',(2.385244779468E-14,103.5,34.5));
#3290 = VECTOR('',#3291,1.);
#3291 = DIRECTION('',(-2.600465634695E-16,-0.707106781187,0.707106781187
    ));
#3292 = ORIENTED_EDGE('',*,*,#3293,.F.);
#3293 = EDGE_CURVE('',#3170,#3286,#3294,.T.);
#3294 = LINE('',#3295,#3296);
#3295 = CARTESIAN_POINT('',(120.5,88.,50.));
#3296 = VECTOR('',#3297,1.);
#3297 = DIRECTION('',(-1.,3.677613769071E-16,0.));
#3298 = PLANE('',#3299);
#3299 = AXIS2_PLACEMENT_3D('',#3300,#3301,#3302);
#3300 = CARTESIAN_POINT('',(120.5,91.,47.));
#3301 = DIRECTION('',(2.600465634695E-16,0.707106781187,0.707106781187)
  );
#3302 = DIRECTION('',(-1.,3.677613769071E-16,0.));
#3303 = ADVANCED_FACE('',(#3304),#3329,.F.);
#3304 = FACE_BOUND('',#3305,.F.);
#3305 = EDGE_LOOP('',(#3306,#3307,#3315,#3323));
#3306 = ORIENTED_EDGE('',*,*,#982,.F.);
#3307 = ORIENTED_EDGE('',*,*,#3308,.T.);
#3308 = EDGE_CURVE('',#983,#3309,#3311,.T.);
#3309 = VERTEX_POINT('',#3310);
#3310 = CARTESIAN_POINT('',(26.5,91.,21.5));
#3311 = LINE('',#3312,#3313);
#3312 = CARTESIAN_POINT('',(26.5,94.,21.5));
#3313 = VECTOR('',#3314,1.);
#3314 = DIRECTION('',(-3.677613769071E-16,-1.,-2.22044604925E-16));
#3315 = ORIENTED_EDGE('',*,*,#3316,.F.);
#3316 = EDGE_CURVE('',#3317,#3309,#3319,.T.);
#3317 = VERTEX_POINT('',#3318);
#3318 = CARTESIAN_POINT('',(13.5,91.,21.5));
#3319 = LINE('',#3320,#3321);
#3320 = CARTESIAN_POINT('',(42.625,91.,21.5));
#3321 = VECTOR('',#3322,1.);
#3322 = DIRECTION('',(1.,-3.677613769071E-16,0.));
#3323 = ORIENTED_EDGE('',*,*,#3324,.F.);
#3324 = EDGE_CURVE('',#985,#3317,#3325,.T.);
#3325 = LINE('',#3326,#3327);
#3326 = CARTESIAN_POINT('',(13.5,94.,21.5));
#3327 = VECTOR('',#3328,1.);
#3328 = DIRECTION('',(-3.677613769071E-16,-1.,-2.22044604925E-16));
#3329 = PLANE('',#3330);
#3330 = AXIS2_PLACEMENT_3D('',#3331,#3332,#3333);
#3331 = CARTESIAN_POINT('',(26.5,94.,21.5));
#3332 = DIRECTION('',(8.165942964201E-32,2.22044604925E-16,-1.));
#3333 = DIRECTION('',(-1.,3.677613769071E-16,0.));
#3334 = ADVANCED_FACE('',(#3335),#3353,.F.);
#3335 = FACE_BOUND('',#3336,.F.);
#3336 = EDGE_LOOP('',(#3337,#3338,#3346,#3352));
#3337 = ORIENTED_EDGE('',*,*,#992,.F.);
#3338 = ORIENTED_EDGE('',*,*,#3339,.T.);
#3339 = EDGE_CURVE('',#993,#3340,#3342,.T.);
#3340 = VERTEX_POINT('',#3341);
#3341 = CARTESIAN_POINT('',(26.5,91.,28.5));
#3342 = LINE('',#3343,#3344);
#3343 = CARTESIAN_POINT('',(26.5,94.,28.5));
#3344 = VECTOR('',#3345,1.);
#3345 = DIRECTION('',(-3.677613769071E-16,-1.,-2.22044604925E-16));
#3346 = ORIENTED_EDGE('',*,*,#3347,.F.);
#3347 = EDGE_CURVE('',#3309,#3340,#3348,.T.);
#3348 = LINE('',#3349,#3350);
#3349 = CARTESIAN_POINT('',(26.5,91.,26.));
#3350 = VECTOR('',#3351,1.);
#3351 = DIRECTION('',(-1.11195819087E-31,-3.023586109617E-16,1.));
#3352 = ORIENTED_EDGE('',*,*,#3308,.F.);
#3353 = PLANE('',#3354);
#3354 = AXIS2_PLACEMENT_3D('',#3355,#3356,#3357);
#3355 = CARTESIAN_POINT('',(26.5,94.,28.5));
#3356 = DIRECTION('',(1.,-3.677613769071E-16,0.));
#3357 = DIRECTION('',(8.165942964201E-32,2.22044604925E-16,-1.));
#3358 = ADVANCED_FACE('',(#3359),#3377,.F.);
#3359 = FACE_BOUND('',#3360,.F.);
#3360 = EDGE_LOOP('',(#3361,#3362,#3370,#3376));
#3361 = ORIENTED_EDGE('',*,*,#1000,.F.);
#3362 = ORIENTED_EDGE('',*,*,#3363,.T.);
#3363 = EDGE_CURVE('',#1001,#3364,#3366,.T.);
#3364 = VERTEX_POINT('',#3365);
#3365 = CARTESIAN_POINT('',(13.5,91.,28.5));
#3366 = LINE('',#3367,#3368);
#3367 = CARTESIAN_POINT('',(13.5,94.,28.5));
#3368 = VECTOR('',#3369,1.);
#3369 = DIRECTION('',(-3.677613769071E-16,-1.,-2.22044604925E-16));
#3370 = ORIENTED_EDGE('',*,*,#3371,.F.);
#3371 = EDGE_CURVE('',#3340,#3364,#3372,.T.);
#3372 = LINE('',#3373,#3374);
#3373 = CARTESIAN_POINT('',(36.125,91.,28.5));
#3374 = VECTOR('',#3375,1.);
#3375 = DIRECTION('',(-1.,3.677613769071E-16,0.));
#3376 = ORIENTED_EDGE('',*,*,#3339,.F.);
#3377 = PLANE('',#3378);
#3378 = AXIS2_PLACEMENT_3D('',#3379,#3380,#3381);
#3379 = CARTESIAN_POINT('',(13.5,94.,28.5));
#3380 = DIRECTION('',(-8.165942964201E-32,-2.22044604925E-16,1.));
#3381 = DIRECTION('',(1.,-3.677613769071E-16,0.));
#3382 = ADVANCED_FACE('',(#3383),#3394,.F.);
#3383 = FACE_BOUND('',#3384,.F.);
#3384 = EDGE_LOOP('',(#3385,#3386,#3387,#3393));
#3385 = ORIENTED_EDGE('',*,*,#1008,.F.);
#3386 = ORIENTED_EDGE('',*,*,#3324,.T.);
#3387 = ORIENTED_EDGE('',*,*,#3388,.F.);
#3388 = EDGE_CURVE('',#3364,#3317,#3389,.T.);
#3389 = LINE('',#3390,#3391);
#3390 = CARTESIAN_POINT('',(13.5,91.,22.5));
#3391 = VECTOR('',#3392,1.);
#3392 = DIRECTION('',(1.11195819087E-31,3.023586109617E-16,-1.));
#3393 = ORIENTED_EDGE('',*,*,#3363,.F.);
#3394 = PLANE('',#3395);
#3395 = AXIS2_PLACEMENT_3D('',#3396,#3397,#3398);
#3396 = CARTESIAN_POINT('',(13.5,94.,21.5));
#3397 = DIRECTION('',(-1.,3.677613769071E-16,0.));
#3398 = DIRECTION('',(-8.165942964201E-32,-2.22044604925E-16,1.));
#3399 = ADVANCED_FACE('',(#3400,#3411,#3493),#3504,.F.);
#3400 = FACE_BOUND('',#3401,.F.);
#3401 = EDGE_LOOP('',(#3402));
#3402 = ORIENTED_EDGE('',*,*,#3403,.T.);
#3403 = EDGE_CURVE('',#3404,#3404,#3406,.T.);
#3404 = VERTEX_POINT('',#3405);
#3405 = CARTESIAN_POINT('',(45.117,-50.86,47.));
#3406 = CIRCLE('',#3407,8.);
#3407 = AXIS2_PLACEMENT_3D('',#3408,#3409,#3410);
#3408 = CARTESIAN_POINT('',(53.117,-50.86,47.));
#3409 = DIRECTION('',(8.165942964201E-32,2.22044604925E-16,-1.));
#3410 = DIRECTION('',(-1.,2.144118216307E-15,3.944304526104E-31));
#3411 = FACE_BOUND('',#3412,.F.);
#3412 = EDGE_LOOP('',(#3413,#3421,#3429,#3437,#3445,#3453,#3461,#3469,
    #3477,#3483,#3484,#3485,#3491,#3492));
#3413 = ORIENTED_EDGE('',*,*,#3414,.F.);
#3414 = EDGE_CURVE('',#3415,#1087,#3417,.T.);
#3415 = VERTEX_POINT('',#3416);
#3416 = CARTESIAN_POINT('',(115.5,-89.,47.));
#3417 = LINE('',#3418,#3419);
#3418 = CARTESIAN_POINT('',(117.5,-89.,47.));
#3419 = VECTOR('',#3420,1.);
#3420 = DIRECTION('',(-1.,3.677613769071E-16,0.));
#3421 = ORIENTED_EDGE('',*,*,#3422,.F.);
#3422 = EDGE_CURVE('',#3423,#3415,#3425,.T.);
#3423 = VERTEX_POINT('',#3424);
#3424 = CARTESIAN_POINT('',(115.5,-79.78,47.));
#3425 = LINE('',#3426,#3427);
#3426 = CARTESIAN_POINT('',(115.5,-77.78,47.));
#3427 = VECTOR('',#3428,1.);
#3428 = DIRECTION('',(-3.677613769071E-16,-1.,-2.22044604925E-16));
#3429 = ORIENTED_EDGE('',*,*,#3430,.T.);
#3430 = EDGE_CURVE('',#3423,#3431,#3433,.T.);
#3431 = VERTEX_POINT('',#3432);
#3432 = CARTESIAN_POINT('',(88.31,-79.78,47.));
#3433 = LINE('',#3434,#3435);
#3434 = CARTESIAN_POINT('',(117.5,-79.78,47.));
#3435 = VECTOR('',#3436,1.);
#3436 = DIRECTION('',(-1.,3.677613769071E-16,0.));
#3437 = ORIENTED_EDGE('',*,*,#3438,.T.);
#3438 = EDGE_CURVE('',#3431,#3439,#3441,.T.);
#3439 = VERTEX_POINT('',#3440);
#3440 = CARTESIAN_POINT('',(88.31,-84.03,47.));
#3441 = LINE('',#3442,#3443);
#3442 = CARTESIAN_POINT('',(88.31,-77.78,47.));
#3443 = VECTOR('',#3444,1.);
#3444 = DIRECTION('',(-3.677613769071E-16,-1.,0.));
#3445 = ORIENTED_EDGE('',*,*,#3446,.T.);
#3446 = EDGE_CURVE('',#3439,#3447,#3449,.T.);
#3447 = VERTEX_POINT('',#3448);
#3448 = CARTESIAN_POINT('',(82.31,-84.03,47.));
#3449 = LINE('',#3450,#3451);
#3450 = CARTESIAN_POINT('',(86.31,-84.03,47.));
#3451 = VECTOR('',#3452,1.);
#3452 = DIRECTION('',(-1.,3.677613769071E-16,0.));
#3453 = ORIENTED_EDGE('',*,*,#3454,.T.);
#3454 = EDGE_CURVE('',#3447,#3455,#3457,.T.);
#3455 = VERTEX_POINT('',#3456);
#3456 = CARTESIAN_POINT('',(82.31,-73.78,47.));
#3457 = LINE('',#3458,#3459);
#3458 = CARTESIAN_POINT('',(82.31,-82.03,47.));
#3459 = VECTOR('',#3460,1.);
#3460 = DIRECTION('',(3.677613769071E-16,1.,0.));
#3461 = ORIENTED_EDGE('',*,*,#3462,.T.);
#3462 = EDGE_CURVE('',#3455,#3463,#3465,.T.);
#3463 = VERTEX_POINT('',#3464);
#3464 = CARTESIAN_POINT('',(115.5,-73.78,47.));
#3465 = LINE('',#3466,#3467);
#3466 = CARTESIAN_POINT('',(84.31,-73.78,47.));
#3467 = VECTOR('',#3468,1.);
#3468 = DIRECTION('',(1.,-3.677613769071E-16,0.));
#3469 = ORIENTED_EDGE('',*,*,#3470,.F.);
#3470 = EDGE_CURVE('',#3471,#3463,#3473,.T.);
#3471 = VERTEX_POINT('',#3472);
#3472 = CARTESIAN_POINT('',(115.5,89.,47.));
#3473 = LINE('',#3474,#3475);
#3474 = CARTESIAN_POINT('',(115.5,91.,47.));
#3475 = VECTOR('',#3476,1.);
#3476 = DIRECTION('',(-3.677613769071E-16,-1.,-2.22044604925E-16));
#3477 = ORIENTED_EDGE('',*,*,#3478,.F.);
#3478 = EDGE_CURVE('',#1543,#3471,#3479,.T.);
#3479 = LINE('',#3480,#3481);
#3480 = CARTESIAN_POINT('',(8.13,89.,47.));
#3481 = VECTOR('',#3482,1.);
#3482 = DIRECTION('',(1.,-3.677613769071E-16,0.));
#3483 = ORIENTED_EDGE('',*,*,#1542,.T.);
#3484 = ORIENTED_EDGE('',*,*,#1496,.T.);
#3485 = ORIENTED_EDGE('',*,*,#3486,.T.);
#3486 = EDGE_CURVE('',#1489,#1032,#3487,.T.);
#3487 = LINE('',#3488,#3489);
#3488 = CARTESIAN_POINT('',(3.346628529854E-14,91.,47.));
#3489 = VECTOR('',#3490,1.);
#3490 = DIRECTION('',(-3.677613769071E-16,-1.,-2.22044604925E-16));
#3491 = ORIENTED_EDGE('',*,*,#1031,.T.);
#3492 = ORIENTED_EDGE('',*,*,#1086,.T.);
#3493 = FACE_BOUND('',#3494,.F.);
#3494 = EDGE_LOOP('',(#3495));
#3495 = ORIENTED_EDGE('',*,*,#3496,.T.);
#3496 = EDGE_CURVE('',#3497,#3497,#3499,.T.);
#3497 = VERTEX_POINT('',#3498);
#3498 = CARTESIAN_POINT('',(45.107,50.86,47.));
#3499 = CIRCLE('',#3500,8.);
#3500 = AXIS2_PLACEMENT_3D('',#3501,#3502,#3503);
#3501 = CARTESIAN_POINT('',(53.107,50.86,47.));
#3502 = DIRECTION('',(8.165942964201E-32,2.22044604925E-16,-1.));
#3503 = DIRECTION('',(-1.,2.144118216307E-15,3.944304526104E-31));
#3504 = PLANE('',#3505);
#3505 = AXIS2_PLACEMENT_3D('',#3506,#3507,#3508);
#3506 = CARTESIAN_POINT('',(3.346628529854E-14,91.,47.));
#3507 = DIRECTION('',(-8.165942964201E-32,-2.22044604925E-16,1.));
#3508 = DIRECTION('',(1.,-3.677613769071E-16,0.));
#3509 = ADVANCED_FACE('',(#3510),#3526,.T.);
#3510 = FACE_BOUND('',#3511,.T.);
#3511 = EDGE_LOOP('',(#3512,#3513,#3519,#3520));
#3512 = ORIENTED_EDGE('',*,*,#1110,.F.);
#3513 = ORIENTED_EDGE('',*,*,#3514,.F.);
#3514 = EDGE_CURVE('',#1481,#1111,#3515,.T.);
#3515 = LINE('',#3516,#3517);
#3516 = CARTESIAN_POINT('',(-9.999999999979E-03,84.,47.));
#3517 = VECTOR('',#3518,1.);
#3518 = DIRECTION('',(3.677613769071E-16,1.,0.));
#3519 = ORIENTED_EDGE('',*,*,#1488,.F.);
#3520 = ORIENTED_EDGE('',*,*,#3521,.F.);
#3521 = EDGE_CURVE('',#1063,#1489,#3522,.T.);
#3522 = LINE('',#3523,#3524);
#3523 = CARTESIAN_POINT('',(3.346628529854E-14,91.,47.));
#3524 = VECTOR('',#3525,1.);
#3525 = DIRECTION('',(-3.677613769071E-16,-1.,-2.22044604925E-16));
#3526 = PLANE('',#3527);
#3527 = AXIS2_PLACEMENT_3D('',#3528,#3529,#3530);
#3528 = CARTESIAN_POINT('',(-0.93,3.420180805236E-16,47.));
#3529 = DIRECTION('',(0.,0.,1.));
#3530 = DIRECTION('',(-1.,3.677613769071E-16,0.));
#3531 = ADVANCED_FACE('',(#3532),#3539,.F.);
#3532 = FACE_BOUND('',#3533,.T.);
#3533 = EDGE_LOOP('',(#3534,#3535,#3536,#3537,#3538));
#3534 = ORIENTED_EDGE('',*,*,#1480,.F.);
#3535 = ORIENTED_EDGE('',*,*,#3514,.T.);
#3536 = ORIENTED_EDGE('',*,*,#1118,.T.);
#3537 = ORIENTED_EDGE('',*,*,#1397,.F.);
#3538 = ORIENTED_EDGE('',*,*,#1454,.F.);
#3539 = PLANE('',#3540);
#3540 = AXIS2_PLACEMENT_3D('',#3541,#3542,#3543);
#3541 = CARTESIAN_POINT('',(-4.005,84.,43.005));
#3542 = DIRECTION('',(0.707106781187,-3.438077587736E-16,-0.707106781187
    ));
#3543 = DIRECTION('',(-4.269894861069E-16,-1.,5.922810919984E-17));
#3544 = ADVANCED_FACE('',(#3545),#3570,.T.);
#3545 = FACE_BOUND('',#3546,.T.);
#3546 = EDGE_LOOP('',(#3547,#3557,#3563,#3564));
#3547 = ORIENTED_EDGE('',*,*,#3548,.F.);
#3548 = EDGE_CURVE('',#3549,#3551,#3553,.T.);
#3549 = VERTEX_POINT('',#3550);
#3550 = CARTESIAN_POINT('',(-2.836807226339,86.09,11.115383458515));
#3551 = VERTEX_POINT('',#3552);
#3552 = CARTESIAN_POINT('',(-2.023567821405,86.09,11.115383499796));
#3553 = LINE('',#3554,#3555);
#3554 = CARTESIAN_POINT('',(-5.834079598057,86.09,11.115383306371));
#3555 = VECTOR('',#3556,1.);
#3556 = DIRECTION('',(1.,-4.252295393341E-16,5.076075748622E-08));
#3557 = ORIENTED_EDGE('',*,*,#3558,.F.);
#3558 = EDGE_CURVE('',#1137,#3549,#3559,.T.);
#3559 = LINE('',#3560,#3561);
#3560 = CARTESIAN_POINT('',(-2.836807226339,86.09,11.115383458515));
#3561 = VECTOR('',#3562,1.);
#3562 = DIRECTION('',(-4.252295203646E-16,-1.,-3.737038904755E-16));
#3563 = ORIENTED_EDGE('',*,*,#1136,.T.);
#3564 = ORIENTED_EDGE('',*,*,#3565,.F.);
#3565 = EDGE_CURVE('',#3551,#1139,#3566,.T.);
#3566 = LINE('',#3567,#3568);
#3567 = CARTESIAN_POINT('',(-2.023567821405,86.09,11.115383499796));
#3568 = VECTOR('',#3569,1.);
#3569 = DIRECTION('',(4.252295203646E-16,1.,3.737038904755E-16));
#3570 = PLANE('',#3571);
#3571 = AXIS2_PLACEMENT_3D('',#3572,#3573,#3574);
#3572 = CARTESIAN_POINT('',(-5.834079598057,86.09,11.115383306371));
#3573 = DIRECTION('',(5.076075748622E-08,3.737038688905E-16,-1.));
#3574 = DIRECTION('',(1.,-4.252295393341E-16,5.076075748622E-08));
#3575 = ADVANCED_FACE('',(#3576),#3595,.F.);
#3576 = FACE_BOUND('',#3577,.F.);
#3577 = EDGE_LOOP('',(#3578,#3579,#3587,#3594));
#3578 = ORIENTED_EDGE('',*,*,#1204,.T.);
#3579 = ORIENTED_EDGE('',*,*,#3580,.T.);
#3580 = EDGE_CURVE('',#1197,#3581,#3583,.T.);
#3581 = VERTEX_POINT('',#3582);
#3582 = CARTESIAN_POINT('',(-5.020840193123,86.09,11.115383347651));
#3583 = LINE('',#3584,#3585);
#3584 = CARTESIAN_POINT('',(-5.020840193123,86.09,11.115383347651));
#3585 = VECTOR('',#3586,1.);
#3586 = DIRECTION('',(-4.252295203646E-16,-1.,-3.737038904755E-16));
#3587 = ORIENTED_EDGE('',*,*,#3588,.T.);
#3588 = EDGE_CURVE('',#3581,#3549,#3589,.T.);
#3589 = CIRCLE('',#3590,1.55);
#3590 = AXIS2_PLACEMENT_3D('',#3591,#3592,#3593);
#3591 = CARTESIAN_POINT('',(-3.928823653894,86.09,10.015383403083));
#3592 = DIRECTION('',(4.252295203646E-16,1.,3.737038904755E-16));
#3593 = DIRECTION('',(0.5,1.110223024625E-16,-0.866025403784));
#3594 = ORIENTED_EDGE('',*,*,#3558,.F.);
#3595 = CYLINDRICAL_SURFACE('',#3596,1.55);
#3596 = AXIS2_PLACEMENT_3D('',#3597,#3598,#3599);
#3597 = CARTESIAN_POINT('',(-3.928823653894,86.09,10.015383403083));
#3598 = DIRECTION('',(-4.252295203646E-16,-1.,-3.737038904755E-16));
#3599 = DIRECTION('',(0.5,1.110223024625E-16,-0.866025403784));
#3600 = ADVANCED_FACE('',(#3601),#3619,.T.);
#3601 = FACE_BOUND('',#3602,.T.);
#3602 = EDGE_LOOP('',(#3603,#3611,#3617,#3618));
#3603 = ORIENTED_EDGE('',*,*,#3604,.F.);
#3604 = EDGE_CURVE('',#3605,#3581,#3607,.T.);
#3605 = VERTEX_POINT('',#3606);
#3606 = CARTESIAN_POINT('',(-5.834079598057,86.09,11.115383306371));
#3607 = LINE('',#3608,#3609);
#3608 = CARTESIAN_POINT('',(-5.834079598057,86.09,11.115383306371));
#3609 = VECTOR('',#3610,1.);
#3610 = DIRECTION('',(1.,-4.252295393341E-16,5.076075748622E-08));
#3611 = ORIENTED_EDGE('',*,*,#3612,.T.);
#3612 = EDGE_CURVE('',#3605,#1189,#3613,.T.);
#3613 = LINE('',#3614,#3615);
#3614 = CARTESIAN_POINT('',(-5.834079598057,86.09,11.115383306371));
#3615 = VECTOR('',#3616,1.);
#3616 = DIRECTION('',(4.252295203646E-16,1.,3.737038904755E-16));
#3617 = ORIENTED_EDGE('',*,*,#1196,.T.);
#3618 = ORIENTED_EDGE('',*,*,#3580,.T.);
#3619 = PLANE('',#3620);
#3620 = AXIS2_PLACEMENT_3D('',#3621,#3622,#3623);
#3621 = CARTESIAN_POINT('',(-5.834079598057,86.09,11.115383306371));
#3622 = DIRECTION('',(5.076075748622E-08,3.737038688905E-16,-1.));
#3623 = DIRECTION('',(1.,-4.252295393341E-16,5.076075748622E-08));
#3624 = ADVANCED_FACE('',(#3625),#3643,.T.);
#3625 = FACE_BOUND('',#3626,.T.);
#3626 = EDGE_LOOP('',(#3627,#3635,#3641,#3642));
#3627 = ORIENTED_EDGE('',*,*,#3628,.F.);
#3628 = EDGE_CURVE('',#3629,#3605,#3631,.T.);
#3629 = VERTEX_POINT('',#3630);
#3630 = CARTESIAN_POINT('',(-5.42745985984,86.09,10.41109734298));
#3631 = LINE('',#3632,#3633);
#3632 = CARTESIAN_POINT('',(-3.928823542219,86.09,7.815383403083));
#3633 = VECTOR('',#3634,1.);
#3634 = DIRECTION('',(-0.50000004396,-1.110222742845E-16,0.866025378404)
  );
#3635 = ORIENTED_EDGE('',*,*,#3636,.F.);
#3636 = EDGE_CURVE('',#1180,#3629,#3637,.T.);
#3637 = LINE('',#3638,#3639);
#3638 = CARTESIAN_POINT('',(-5.42745985984,86.09,10.41109734298));
#3639 = VECTOR('',#3640,1.);
#3640 = DIRECTION('',(-4.252295203646E-16,-1.,-3.737038904755E-16));
#3641 = ORIENTED_EDGE('',*,*,#1188,.T.);
#3642 = ORIENTED_EDGE('',*,*,#3612,.F.);
#3643 = PLANE('',#3644);
#3644 = AXIS2_PLACEMENT_3D('',#3645,#3646,#3647);
#3645 = CARTESIAN_POINT('',(-3.928823542219,86.09,7.815383403083));
#3646 = DIRECTION('',(0.866025378404,-5.551115179482E-16,0.50000004396)
  );
#3647 = DIRECTION('',(-0.50000004396,-1.110222742845E-16,0.866025378404)
  );
#3648 = ADVANCED_FACE('',(#3649),#3668,.F.);
#3649 = FACE_BOUND('',#3650,.F.);
#3650 = EDGE_LOOP('',(#3651,#3652,#3653,#3661));
#3651 = ORIENTED_EDGE('',*,*,#3636,.F.);
#3652 = ORIENTED_EDGE('',*,*,#1179,.T.);
#3653 = ORIENTED_EDGE('',*,*,#3654,.T.);
#3654 = EDGE_CURVE('',#1172,#3655,#3657,.T.);
#3655 = VERTEX_POINT('',#3656);
#3656 = CARTESIAN_POINT('',(-4.335443280437,86.09,8.519669366474));
#3657 = LINE('',#3658,#3659);
#3658 = CARTESIAN_POINT('',(-4.335443280437,86.09,8.519669366474));
#3659 = VECTOR('',#3660,1.);
#3660 = DIRECTION('',(-4.252295203646E-16,-1.,-3.737038904755E-16));
#3661 = ORIENTED_EDGE('',*,*,#3662,.T.);
#3662 = EDGE_CURVE('',#3655,#3629,#3663,.T.);
#3663 = CIRCLE('',#3664,1.55);
#3664 = AXIS2_PLACEMENT_3D('',#3665,#3666,#3667);
#3665 = CARTESIAN_POINT('',(-3.928823653894,86.09,10.015383403083));
#3666 = DIRECTION('',(4.252295203646E-16,1.,3.737038904755E-16));
#3667 = DIRECTION('',(0.5,1.110223024625E-16,-0.866025403784));
#3668 = CYLINDRICAL_SURFACE('',#3669,1.55);
#3669 = AXIS2_PLACEMENT_3D('',#3670,#3671,#3672);
#3670 = CARTESIAN_POINT('',(-3.928823653894,86.09,10.015383403083));
#3671 = DIRECTION('',(-4.252295203646E-16,-1.,-3.737038904755E-16));
#3672 = DIRECTION('',(0.5,1.110223024625E-16,-0.866025403784));
#3673 = ADVANCED_FACE('',(#3674),#3692,.T.);
#3674 = FACE_BOUND('',#3675,.T.);
#3675 = EDGE_LOOP('',(#3676,#3684,#3690,#3691));
#3676 = ORIENTED_EDGE('',*,*,#3677,.F.);
#3677 = EDGE_CURVE('',#3678,#3655,#3680,.T.);
#3678 = VERTEX_POINT('',#3679);
#3679 = CARTESIAN_POINT('',(-3.928823542219,86.09,7.815383403083));
#3680 = LINE('',#3681,#3682);
#3681 = CARTESIAN_POINT('',(-3.928823542219,86.09,7.815383403083));
#3682 = VECTOR('',#3683,1.);
#3683 = DIRECTION('',(-0.50000004396,-1.110222742845E-16,0.866025378404)
  );
#3684 = ORIENTED_EDGE('',*,*,#3685,.T.);
#3685 = EDGE_CURVE('',#3678,#1164,#3686,.T.);
#3686 = LINE('',#3687,#3688);
#3687 = CARTESIAN_POINT('',(-3.928823542219,86.09,7.815383403083));
#3688 = VECTOR('',#3689,1.);
#3689 = DIRECTION('',(4.252295203646E-16,1.,3.737038904755E-16));
#3690 = ORIENTED_EDGE('',*,*,#1171,.T.);
#3691 = ORIENTED_EDGE('',*,*,#3654,.T.);
#3692 = PLANE('',#3693);
#3693 = AXIS2_PLACEMENT_3D('',#3694,#3695,#3696);
#3694 = CARTESIAN_POINT('',(-3.928823542219,86.09,7.815383403083));
#3695 = DIRECTION('',(0.866025378404,-5.551115179482E-16,0.50000004396)
  );
#3696 = DIRECTION('',(-0.50000004396,-1.110222742845E-16,0.866025378404)
  );
#3697 = ADVANCED_FACE('',(#3698),#3716,.T.);
#3698 = FACE_BOUND('',#3699,.T.);
#3699 = EDGE_LOOP('',(#3700,#3708,#3714,#3715));
#3700 = ORIENTED_EDGE('',*,*,#3701,.F.);
#3701 = EDGE_CURVE('',#3702,#3678,#3704,.T.);
#3702 = VERTEX_POINT('',#3703);
#3703 = CARTESIAN_POINT('',(-3.522203875503,86.09,8.519669407754));
#3704 = LINE('',#3705,#3706);
#3705 = CARTESIAN_POINT('',(-2.023567821405,86.09,11.115383499796));
#3706 = VECTOR('',#3707,1.);
#3707 = DIRECTION('',(-0.49999995604,5.362518136188E-16,-0.866025429165)
  );
#3708 = ORIENTED_EDGE('',*,*,#3709,.F.);
#3709 = EDGE_CURVE('',#1155,#3702,#3710,.T.);
#3710 = LINE('',#3711,#3712);
#3711 = CARTESIAN_POINT('',(-3.522203875503,86.09,8.519669407754));
#3712 = VECTOR('',#3713,1.);
#3713 = DIRECTION('',(-4.252295203646E-16,-1.,-3.737038904755E-16));
#3714 = ORIENTED_EDGE('',*,*,#1163,.T.);
#3715 = ORIENTED_EDGE('',*,*,#3685,.F.);
#3716 = PLANE('',#3717);
#3717 = AXIS2_PLACEMENT_3D('',#3718,#3719,#3720);
#3718 = CARTESIAN_POINT('',(-2.023567821405,86.09,11.115383499796));
#3719 = DIRECTION('',(-0.866025429165,1.814076490576E-16,0.49999995604)
  );
#3720 = DIRECTION('',(-0.49999995604,5.362518136188E-16,-0.866025429165)
  );
#3721 = ADVANCED_FACE('',(#3722),#3750,.F.);
#3722 = FACE_BOUND('',#3723,.F.);
#3723 = EDGE_LOOP('',(#3724,#3732,#3741,#3748,#3749));
#3724 = ORIENTED_EDGE('',*,*,#3725,.T.);
#3725 = EDGE_CURVE('',#1147,#3726,#3728,.T.);
#3726 = VERTEX_POINT('',#3727);
#3727 = CARTESIAN_POINT('',(-2.430187488122,86.09,10.411097495124));
#3728 = LINE('',#3729,#3730);
#3729 = CARTESIAN_POINT('',(-2.430187488122,86.09,10.411097495124));
#3730 = VECTOR('',#3731,1.);
#3731 = DIRECTION('',(-4.252295203646E-16,-1.,-3.737038904755E-16));
#3732 = ORIENTED_EDGE('',*,*,#3733,.T.);
#3733 = EDGE_CURVE('',#3726,#3734,#3736,.T.);
#3734 = VERTEX_POINT('',#3735);
#3735 = CARTESIAN_POINT('',(-3.153823653894,86.09,8.673044027217));
#3736 = CIRCLE('',#3737,1.55);
#3737 = AXIS2_PLACEMENT_3D('',#3738,#3739,#3740);
#3738 = CARTESIAN_POINT('',(-3.928823653894,86.09,10.015383403083));
#3739 = DIRECTION('',(4.252295203646E-16,1.,3.737038904755E-16));
#3740 = DIRECTION('',(0.5,1.110223024625E-16,-0.866025403784));
#3741 = ORIENTED_EDGE('',*,*,#3742,.T.);
#3742 = EDGE_CURVE('',#3734,#3702,#3743,.T.);
#3743 = CIRCLE('',#3744,1.55);
#3744 = AXIS2_PLACEMENT_3D('',#3745,#3746,#3747);
#3745 = CARTESIAN_POINT('',(-3.928823653894,86.09,10.015383403083));
#3746 = DIRECTION('',(4.252295203646E-16,1.,3.737038904755E-16));
#3747 = DIRECTION('',(0.5,1.110223024625E-16,-0.866025403784));
#3748 = ORIENTED_EDGE('',*,*,#3709,.F.);
#3749 = ORIENTED_EDGE('',*,*,#1154,.T.);
#3750 = CYLINDRICAL_SURFACE('',#3751,1.55);
#3751 = AXIS2_PLACEMENT_3D('',#3752,#3753,#3754);
#3752 = CARTESIAN_POINT('',(-3.928823653894,86.09,10.015383403083));
#3753 = DIRECTION('',(-4.252295203646E-16,-1.,-3.737038904755E-16));
#3754 = DIRECTION('',(0.5,1.110223024625E-16,-0.866025403784));
#3755 = ADVANCED_FACE('',(#3756),#3767,.T.);
#3756 = FACE_BOUND('',#3757,.T.);
#3757 = EDGE_LOOP('',(#3758,#3764,#3765,#3766));
#3758 = ORIENTED_EDGE('',*,*,#3759,.F.);
#3759 = EDGE_CURVE('',#3551,#3726,#3760,.T.);
#3760 = LINE('',#3761,#3762);
#3761 = CARTESIAN_POINT('',(-2.023567821405,86.09,11.115383499796));
#3762 = VECTOR('',#3763,1.);
#3763 = DIRECTION('',(-0.49999995604,5.362518136188E-16,-0.866025429165)
  );
#3764 = ORIENTED_EDGE('',*,*,#3565,.T.);
#3765 = ORIENTED_EDGE('',*,*,#1146,.T.);
#3766 = ORIENTED_EDGE('',*,*,#3725,.T.);
#3767 = PLANE('',#3768);
#3768 = AXIS2_PLACEMENT_3D('',#3769,#3770,#3771);
#3769 = CARTESIAN_POINT('',(-2.023567821405,86.09,11.115383499796));
#3770 = DIRECTION('',(-0.866025429165,1.814076490576E-16,0.49999995604)
  );
#3771 = DIRECTION('',(-0.49999995604,5.362518136188E-16,-0.866025429165)
  );
#3772 = ADVANCED_FACE('',(#3773),#3798,.T.);
#3773 = FACE_BOUND('',#3774,.T.);
#3774 = EDGE_LOOP('',(#3775,#3785,#3791,#3792));
#3775 = ORIENTED_EDGE('',*,*,#3776,.F.);
#3776 = EDGE_CURVE('',#3777,#3779,#3781,.T.);
#3777 = VERTEX_POINT('',#3778);
#3778 = CARTESIAN_POINT('',(-2.917803651115,86.09,35.155673381458));
#3779 = VERTEX_POINT('',#3780);
#3780 = CARTESIAN_POINT('',(-2.104564246181,86.09,35.155673422739));
#3781 = LINE('',#3782,#3783);
#3782 = CARTESIAN_POINT('',(-5.915076022833,86.09,35.155673229314));
#3783 = VECTOR('',#3784,1.);
#3784 = DIRECTION('',(1.,-4.252295393341E-16,5.076075748622E-08));
#3785 = ORIENTED_EDGE('',*,*,#3786,.F.);
#3786 = EDGE_CURVE('',#1214,#3777,#3787,.T.);
#3787 = LINE('',#3788,#3789);
#3788 = CARTESIAN_POINT('',(-2.917803651115,86.09,35.155673381458));
#3789 = VECTOR('',#3790,1.);
#3790 = DIRECTION('',(-4.252295203646E-16,-1.,-3.737038904755E-16));
#3791 = ORIENTED_EDGE('',*,*,#1213,.T.);
#3792 = ORIENTED_EDGE('',*,*,#3793,.F.);
#3793 = EDGE_CURVE('',#3779,#1216,#3794,.T.);
#3794 = LINE('',#3795,#3796);
#3795 = CARTESIAN_POINT('',(-2.104564246181,86.09,35.155673422739));
#3796 = VECTOR('',#3797,1.);
#3797 = DIRECTION('',(4.252295203646E-16,1.,3.737038904755E-16));
#3798 = PLANE('',#3799);
#3799 = AXIS2_PLACEMENT_3D('',#3800,#3801,#3802);
#3800 = CARTESIAN_POINT('',(-5.915076022833,86.09,35.155673229314));
#3801 = DIRECTION('',(5.076075748622E-08,3.737038688905E-16,-1.));
#3802 = DIRECTION('',(1.,-4.252295393341E-16,5.076075748622E-08));
#3803 = ADVANCED_FACE('',(#3804),#3823,.F.);
#3804 = FACE_BOUND('',#3805,.F.);
#3805 = EDGE_LOOP('',(#3806,#3807,#3815,#3822));
#3806 = ORIENTED_EDGE('',*,*,#1281,.T.);
#3807 = ORIENTED_EDGE('',*,*,#3808,.T.);
#3808 = EDGE_CURVE('',#1274,#3809,#3811,.T.);
#3809 = VERTEX_POINT('',#3810);
#3810 = CARTESIAN_POINT('',(-5.101836617899,86.09,35.155673270595));
#3811 = LINE('',#3812,#3813);
#3812 = CARTESIAN_POINT('',(-5.101836617899,86.09,35.155673270595));
#3813 = VECTOR('',#3814,1.);
#3814 = DIRECTION('',(-4.252295203646E-16,-1.,-3.737038904755E-16));
#3815 = ORIENTED_EDGE('',*,*,#3816,.T.);
#3816 = EDGE_CURVE('',#3809,#3777,#3817,.T.);
#3817 = CIRCLE('',#3818,1.55);
#3818 = AXIS2_PLACEMENT_3D('',#3819,#3820,#3821);
#3819 = CARTESIAN_POINT('',(-4.00982007867,86.09,34.055673326026));
#3820 = DIRECTION('',(4.252295203646E-16,1.,3.737038904755E-16));
#3821 = DIRECTION('',(0.5,1.110223024625E-16,-0.866025403784));
#3822 = ORIENTED_EDGE('',*,*,#3786,.F.);
#3823 = CYLINDRICAL_SURFACE('',#3824,1.55);
#3824 = AXIS2_PLACEMENT_3D('',#3825,#3826,#3827);
#3825 = CARTESIAN_POINT('',(-4.00982007867,86.09,34.055673326026));
#3826 = DIRECTION('',(-4.252295203646E-16,-1.,-3.737038904755E-16));
#3827 = DIRECTION('',(0.5,1.110223024625E-16,-0.866025403784));
#3828 = ADVANCED_FACE('',(#3829),#3847,.T.);
#3829 = FACE_BOUND('',#3830,.T.);
#3830 = EDGE_LOOP('',(#3831,#3839,#3845,#3846));
#3831 = ORIENTED_EDGE('',*,*,#3832,.F.);
#3832 = EDGE_CURVE('',#3833,#3809,#3835,.T.);
#3833 = VERTEX_POINT('',#3834);
#3834 = CARTESIAN_POINT('',(-5.915076022833,86.09,35.155673229314));
#3835 = LINE('',#3836,#3837);
#3836 = CARTESIAN_POINT('',(-5.915076022833,86.09,35.155673229314));
#3837 = VECTOR('',#3838,1.);
#3838 = DIRECTION('',(1.,-4.252295393341E-16,5.076075748622E-08));
#3839 = ORIENTED_EDGE('',*,*,#3840,.T.);
#3840 = EDGE_CURVE('',#3833,#1266,#3841,.T.);
#3841 = LINE('',#3842,#3843);
#3842 = CARTESIAN_POINT('',(-5.915076022833,86.09,35.155673229314));
#3843 = VECTOR('',#3844,1.);
#3844 = DIRECTION('',(4.252295203646E-16,1.,3.737038904755E-16));
#3845 = ORIENTED_EDGE('',*,*,#1273,.T.);
#3846 = ORIENTED_EDGE('',*,*,#3808,.T.);
#3847 = PLANE('',#3848);
#3848 = AXIS2_PLACEMENT_3D('',#3849,#3850,#3851);
#3849 = CARTESIAN_POINT('',(-5.915076022833,86.09,35.155673229314));
#3850 = DIRECTION('',(5.076075748622E-08,3.737038688905E-16,-1.));
#3851 = DIRECTION('',(1.,-4.252295393341E-16,5.076075748622E-08));
#3852 = ADVANCED_FACE('',(#3853),#3871,.T.);
#3853 = FACE_BOUND('',#3854,.T.);
#3854 = EDGE_LOOP('',(#3855,#3863,#3869,#3870));
#3855 = ORIENTED_EDGE('',*,*,#3856,.F.);
#3856 = EDGE_CURVE('',#3857,#3833,#3859,.T.);
#3857 = VERTEX_POINT('',#3858);
#3858 = CARTESIAN_POINT('',(-5.508456284616,86.09,34.451387265923));
#3859 = LINE('',#3860,#3861);
#3860 = CARTESIAN_POINT('',(-4.009819966995,86.09,31.855673326026));
#3861 = VECTOR('',#3862,1.);
#3862 = DIRECTION('',(-0.50000004396,-1.110222742845E-16,0.866025378404)
  );
#3863 = ORIENTED_EDGE('',*,*,#3864,.F.);
#3864 = EDGE_CURVE('',#1257,#3857,#3865,.T.);
#3865 = LINE('',#3866,#3867);
#3866 = CARTESIAN_POINT('',(-5.508456284616,86.09,34.451387265923));
#3867 = VECTOR('',#3868,1.);
#3868 = DIRECTION('',(-4.252295203646E-16,-1.,-3.737038904755E-16));
#3869 = ORIENTED_EDGE('',*,*,#1265,.T.);
#3870 = ORIENTED_EDGE('',*,*,#3840,.F.);
#3871 = PLANE('',#3872);
#3872 = AXIS2_PLACEMENT_3D('',#3873,#3874,#3875);
#3873 = CARTESIAN_POINT('',(-4.009819966995,86.09,31.855673326026));
#3874 = DIRECTION('',(0.866025378404,-5.551115179482E-16,0.50000004396)
  );
#3875 = DIRECTION('',(-0.50000004396,-1.110222742845E-16,0.866025378404)
  );
#3876 = ADVANCED_FACE('',(#3877),#3896,.F.);
#3877 = FACE_BOUND('',#3878,.F.);
#3878 = EDGE_LOOP('',(#3879,#3880,#3881,#3889));
#3879 = ORIENTED_EDGE('',*,*,#3864,.F.);
#3880 = ORIENTED_EDGE('',*,*,#1256,.T.);
#3881 = ORIENTED_EDGE('',*,*,#3882,.T.);
#3882 = EDGE_CURVE('',#1249,#3883,#3885,.T.);
#3883 = VERTEX_POINT('',#3884);
#3884 = CARTESIAN_POINT('',(-4.416439705213,86.09,32.559959289417));
#3885 = LINE('',#3886,#3887);
#3886 = CARTESIAN_POINT('',(-4.416439705213,86.09,32.559959289417));
#3887 = VECTOR('',#3888,1.);
#3888 = DIRECTION('',(-4.252295203646E-16,-1.,-3.737038904755E-16));
#3889 = ORIENTED_EDGE('',*,*,#3890,.T.);
#3890 = EDGE_CURVE('',#3883,#3857,#3891,.T.);
#3891 = CIRCLE('',#3892,1.55);
#3892 = AXIS2_PLACEMENT_3D('',#3893,#3894,#3895);
#3893 = CARTESIAN_POINT('',(-4.00982007867,86.09,34.055673326026));
#3894 = DIRECTION('',(4.252295203646E-16,1.,3.737038904755E-16));
#3895 = DIRECTION('',(0.5,1.110223024625E-16,-0.866025403784));
#3896 = CYLINDRICAL_SURFACE('',#3897,1.55);
#3897 = AXIS2_PLACEMENT_3D('',#3898,#3899,#3900);
#3898 = CARTESIAN_POINT('',(-4.00982007867,86.09,34.055673326026));
#3899 = DIRECTION('',(-4.252295203646E-16,-1.,-3.737038904755E-16));
#3900 = DIRECTION('',(0.5,1.110223024625E-16,-0.866025403784));
#3901 = ADVANCED_FACE('',(#3902),#3920,.T.);
#3902 = FACE_BOUND('',#3903,.T.);
#3903 = EDGE_LOOP('',(#3904,#3912,#3918,#3919));
#3904 = ORIENTED_EDGE('',*,*,#3905,.F.);
#3905 = EDGE_CURVE('',#3906,#3883,#3908,.T.);
#3906 = VERTEX_POINT('',#3907);
#3907 = CARTESIAN_POINT('',(-4.009819966995,86.09,31.855673326026));
#3908 = LINE('',#3909,#3910);
#3909 = CARTESIAN_POINT('',(-4.009819966995,86.09,31.855673326026));
#3910 = VECTOR('',#3911,1.);
#3911 = DIRECTION('',(-0.50000004396,-1.110222742845E-16,0.866025378404)
  );
#3912 = ORIENTED_EDGE('',*,*,#3913,.T.);
#3913 = EDGE_CURVE('',#3906,#1241,#3914,.T.);
#3914 = LINE('',#3915,#3916);
#3915 = CARTESIAN_POINT('',(-4.009819966995,86.09,31.855673326026));
#3916 = VECTOR('',#3917,1.);
#3917 = DIRECTION('',(4.252295203646E-16,1.,3.737038904755E-16));
#3918 = ORIENTED_EDGE('',*,*,#1248,.T.);
#3919 = ORIENTED_EDGE('',*,*,#3882,.T.);
#3920 = PLANE('',#3921);
#3921 = AXIS2_PLACEMENT_3D('',#3922,#3923,#3924);
#3922 = CARTESIAN_POINT('',(-4.009819966995,86.09,31.855673326026));
#3923 = DIRECTION('',(0.866025378404,-5.551115179482E-16,0.50000004396)
  );
#3924 = DIRECTION('',(-0.50000004396,-1.110222742845E-16,0.866025378404)
  );
#3925 = ADVANCED_FACE('',(#3926),#3944,.T.);
#3926 = FACE_BOUND('',#3927,.T.);
#3927 = EDGE_LOOP('',(#3928,#3936,#3942,#3943));
#3928 = ORIENTED_EDGE('',*,*,#3929,.F.);
#3929 = EDGE_CURVE('',#3930,#3906,#3932,.T.);
#3930 = VERTEX_POINT('',#3931);
#3931 = CARTESIAN_POINT('',(-3.603200300279,86.09,32.559959330698));
#3932 = LINE('',#3933,#3934);
#3933 = CARTESIAN_POINT('',(-2.104564246181,86.09,35.155673422739));
#3934 = VECTOR('',#3935,1.);
#3935 = DIRECTION('',(-0.49999995604,5.362518136188E-16,-0.866025429165)
  );
#3936 = ORIENTED_EDGE('',*,*,#3937,.F.);
#3937 = EDGE_CURVE('',#1232,#3930,#3938,.T.);
#3938 = LINE('',#3939,#3940);
#3939 = CARTESIAN_POINT('',(-3.603200300279,86.09,32.559959330698));
#3940 = VECTOR('',#3941,1.);
#3941 = DIRECTION('',(-4.252295203646E-16,-1.,-3.737038904755E-16));
#3942 = ORIENTED_EDGE('',*,*,#1240,.T.);
#3943 = ORIENTED_EDGE('',*,*,#3913,.F.);
#3944 = PLANE('',#3945);
#3945 = AXIS2_PLACEMENT_3D('',#3946,#3947,#3948);
#3946 = CARTESIAN_POINT('',(-2.104564246181,86.09,35.155673422739));
#3947 = DIRECTION('',(-0.866025429165,1.814076490576E-16,0.49999995604)
  );
#3948 = DIRECTION('',(-0.49999995604,5.362518136188E-16,-0.866025429165)
  );
#3949 = ADVANCED_FACE('',(#3950),#3978,.F.);
#3950 = FACE_BOUND('',#3951,.F.);
#3951 = EDGE_LOOP('',(#3952,#3960,#3969,#3976,#3977));
#3952 = ORIENTED_EDGE('',*,*,#3953,.T.);
#3953 = EDGE_CURVE('',#1224,#3954,#3956,.T.);
#3954 = VERTEX_POINT('',#3955);
#3955 = CARTESIAN_POINT('',(-2.511183912898,86.09,34.451387418067));
#3956 = LINE('',#3957,#3958);
#3957 = CARTESIAN_POINT('',(-2.511183912898,86.09,34.451387418067));
#3958 = VECTOR('',#3959,1.);
#3959 = DIRECTION('',(-4.252295203646E-16,-1.,-3.737038904755E-16));
#3960 = ORIENTED_EDGE('',*,*,#3961,.T.);
#3961 = EDGE_CURVE('',#3954,#3962,#3964,.T.);
#3962 = VERTEX_POINT('',#3963);
#3963 = CARTESIAN_POINT('',(-3.23482007867,86.09,32.713333950161));
#3964 = CIRCLE('',#3965,1.55);
#3965 = AXIS2_PLACEMENT_3D('',#3966,#3967,#3968);
#3966 = CARTESIAN_POINT('',(-4.00982007867,86.09,34.055673326026));
#3967 = DIRECTION('',(4.252295203646E-16,1.,3.737038904755E-16));
#3968 = DIRECTION('',(0.5,1.110223024625E-16,-0.866025403784));
#3969 = ORIENTED_EDGE('',*,*,#3970,.T.);
#3970 = EDGE_CURVE('',#3962,#3930,#3971,.T.);
#3971 = CIRCLE('',#3972,1.55);
#3972 = AXIS2_PLACEMENT_3D('',#3973,#3974,#3975);
#3973 = CARTESIAN_POINT('',(-4.00982007867,86.09,34.055673326026));
#3974 = DIRECTION('',(4.252295203646E-16,1.,3.737038904755E-16));
#3975 = DIRECTION('',(0.5,1.110223024625E-16,-0.866025403784));
#3976 = ORIENTED_EDGE('',*,*,#3937,.F.);
#3977 = ORIENTED_EDGE('',*,*,#1231,.T.);
#3978 = CYLINDRICAL_SURFACE('',#3979,1.55);
#3979 = AXIS2_PLACEMENT_3D('',#3980,#3981,#3982);
#3980 = CARTESIAN_POINT('',(-4.00982007867,86.09,34.055673326026));
#3981 = DIRECTION('',(-4.252295203646E-16,-1.,-3.737038904755E-16));
#3982 = DIRECTION('',(0.5,1.110223024625E-16,-0.866025403784));
#3983 = ADVANCED_FACE('',(#3984),#3995,.T.);
#3984 = FACE_BOUND('',#3985,.T.);
#3985 = EDGE_LOOP('',(#3986,#3992,#3993,#3994));
#3986 = ORIENTED_EDGE('',*,*,#3987,.F.);
#3987 = EDGE_CURVE('',#3779,#3954,#3988,.T.);
#3988 = LINE('',#3989,#3990);
#3989 = CARTESIAN_POINT('',(-2.104564246181,86.09,35.155673422739));
#3990 = VECTOR('',#3991,1.);
#3991 = DIRECTION('',(-0.49999995604,5.362518136188E-16,-0.866025429165)
  );
#3992 = ORIENTED_EDGE('',*,*,#3793,.T.);
#3993 = ORIENTED_EDGE('',*,*,#1223,.T.);
#3994 = ORIENTED_EDGE('',*,*,#3953,.T.);
#3995 = PLANE('',#3996);
#3996 = AXIS2_PLACEMENT_3D('',#3997,#3998,#3999);
#3997 = CARTESIAN_POINT('',(-2.104564246181,86.09,35.155673422739));
#3998 = DIRECTION('',(-0.866025429165,1.814076490576E-16,0.49999995604)
  );
#3999 = DIRECTION('',(-0.49999995604,5.362518136188E-16,-0.866025429165)
  );
#4000 = ADVANCED_FACE('',(#4001),#4026,.T.);
#4001 = FACE_BOUND('',#4002,.T.);
#4002 = EDGE_LOOP('',(#4003,#4013,#4019,#4020));
#4003 = ORIENTED_EDGE('',*,*,#4004,.F.);
#4004 = EDGE_CURVE('',#4005,#4007,#4009,.T.);
#4005 = VERTEX_POINT('',#4006);
#4006 = CARTESIAN_POINT('',(-2.874315057671,86.09,23.160348928062));
#4007 = VERTEX_POINT('',#4008);
#4008 = CARTESIAN_POINT('',(-2.061075652737,86.09,23.160348969343));
#4009 = LINE('',#4010,#4011);
#4010 = CARTESIAN_POINT('',(-5.871587429388,86.09,23.160348775918));
#4011 = VECTOR('',#4012,1.);
#4012 = DIRECTION('',(1.,-4.252295393341E-16,5.076075748622E-08));
#4013 = ORIENTED_EDGE('',*,*,#4014,.F.);
#4014 = EDGE_CURVE('',#1291,#4005,#4015,.T.);
#4015 = LINE('',#4016,#4017);
#4016 = CARTESIAN_POINT('',(-2.874315057671,86.09,23.160348928062));
#4017 = VECTOR('',#4018,1.);
#4018 = DIRECTION('',(-4.252295203646E-16,-1.,-3.737038904755E-16));
#4019 = ORIENTED_EDGE('',*,*,#1290,.T.);
#4020 = ORIENTED_EDGE('',*,*,#4021,.F.);
#4021 = EDGE_CURVE('',#4007,#1293,#4022,.T.);
#4022 = LINE('',#4023,#4024);
#4023 = CARTESIAN_POINT('',(-2.061075652737,86.09,23.160348969343));
#4024 = VECTOR('',#4025,1.);
#4025 = DIRECTION('',(4.252295203646E-16,1.,3.737038904755E-16));
#4026 = PLANE('',#4027);
#4027 = AXIS2_PLACEMENT_3D('',#4028,#4029,#4030);
#4028 = CARTESIAN_POINT('',(-5.871587429388,86.09,23.160348775918));
#4029 = DIRECTION('',(5.076075748622E-08,3.737038688905E-16,-1.));
#4030 = DIRECTION('',(1.,-4.252295393341E-16,5.076075748622E-08));
#4031 = ADVANCED_FACE('',(#4032),#4051,.F.);
#4032 = FACE_BOUND('',#4033,.F.);
#4033 = EDGE_LOOP('',(#4034,#4035,#4043,#4050));
#4034 = ORIENTED_EDGE('',*,*,#1358,.T.);
#4035 = ORIENTED_EDGE('',*,*,#4036,.T.);
#4036 = EDGE_CURVE('',#1351,#4037,#4039,.T.);
#4037 = VERTEX_POINT('',#4038);
#4038 = CARTESIAN_POINT('',(-5.058348024454,86.09,23.160348817199));
#4039 = LINE('',#4040,#4041);
#4040 = CARTESIAN_POINT('',(-5.058348024454,86.09,23.160348817199));
#4041 = VECTOR('',#4042,1.);
#4042 = DIRECTION('',(-4.252295203646E-16,-1.,-3.737038904755E-16));
#4043 = ORIENTED_EDGE('',*,*,#4044,.T.);
#4044 = EDGE_CURVE('',#4037,#4005,#4045,.T.);
#4045 = CIRCLE('',#4046,1.55);
#4046 = AXIS2_PLACEMENT_3D('',#4047,#4048,#4049);
#4047 = CARTESIAN_POINT('',(-3.966331485225,86.09,22.06034887263));
#4048 = DIRECTION('',(4.252295203646E-16,1.,3.737038904755E-16));
#4049 = DIRECTION('',(0.5,1.110223024625E-16,-0.866025403784));
#4050 = ORIENTED_EDGE('',*,*,#4014,.F.);
#4051 = CYLINDRICAL_SURFACE('',#4052,1.55);
#4052 = AXIS2_PLACEMENT_3D('',#4053,#4054,#4055);
#4053 = CARTESIAN_POINT('',(-3.966331485225,86.09,22.06034887263));
#4054 = DIRECTION('',(-4.252295203646E-16,-1.,-3.737038904755E-16));
#4055 = DIRECTION('',(0.5,1.110223024625E-16,-0.866025403784));
#4056 = ADVANCED_FACE('',(#4057),#4075,.T.);
#4057 = FACE_BOUND('',#4058,.T.);
#4058 = EDGE_LOOP('',(#4059,#4067,#4073,#4074));
#4059 = ORIENTED_EDGE('',*,*,#4060,.F.);
#4060 = EDGE_CURVE('',#4061,#4037,#4063,.T.);
#4061 = VERTEX_POINT('',#4062);
#4062 = CARTESIAN_POINT('',(-5.871587429388,86.09,23.160348775918));
#4063 = LINE('',#4064,#4065);
#4064 = CARTESIAN_POINT('',(-5.871587429388,86.09,23.160348775918));
#4065 = VECTOR('',#4066,1.);
#4066 = DIRECTION('',(1.,-4.252295393341E-16,5.076075748622E-08));
#4067 = ORIENTED_EDGE('',*,*,#4068,.T.);
#4068 = EDGE_CURVE('',#4061,#1343,#4069,.T.);
#4069 = LINE('',#4070,#4071);
#4070 = CARTESIAN_POINT('',(-5.871587429388,86.09,23.160348775918));
#4071 = VECTOR('',#4072,1.);
#4072 = DIRECTION('',(4.252295203646E-16,1.,3.737038904755E-16));
#4073 = ORIENTED_EDGE('',*,*,#1350,.T.);
#4074 = ORIENTED_EDGE('',*,*,#4036,.T.);
#4075 = PLANE('',#4076);
#4076 = AXIS2_PLACEMENT_3D('',#4077,#4078,#4079);
#4077 = CARTESIAN_POINT('',(-5.871587429388,86.09,23.160348775918));
#4078 = DIRECTION('',(5.076075748622E-08,3.737038688905E-16,-1.));
#4079 = DIRECTION('',(1.,-4.252295393341E-16,5.076075748622E-08));
#4080 = ADVANCED_FACE('',(#4081),#4099,.T.);
#4081 = FACE_BOUND('',#4082,.T.);
#4082 = EDGE_LOOP('',(#4083,#4091,#4097,#4098));
#4083 = ORIENTED_EDGE('',*,*,#4084,.F.);
#4084 = EDGE_CURVE('',#4085,#4061,#4087,.T.);
#4085 = VERTEX_POINT('',#4086);
#4086 = CARTESIAN_POINT('',(-5.464967691171,86.09,22.456062812527));
#4087 = LINE('',#4088,#4089);
#4088 = CARTESIAN_POINT('',(-3.966331373551,86.09,19.86034887263));
#4089 = VECTOR('',#4090,1.);
#4090 = DIRECTION('',(-0.50000004396,-1.110222742845E-16,0.866025378404)
  );
#4091 = ORIENTED_EDGE('',*,*,#4092,.F.);
#4092 = EDGE_CURVE('',#1334,#4085,#4093,.T.);
#4093 = LINE('',#4094,#4095);
#4094 = CARTESIAN_POINT('',(-5.464967691171,86.09,22.456062812527));
#4095 = VECTOR('',#4096,1.);
#4096 = DIRECTION('',(-4.252295203646E-16,-1.,-3.737038904755E-16));
#4097 = ORIENTED_EDGE('',*,*,#1342,.T.);
#4098 = ORIENTED_EDGE('',*,*,#4068,.F.);
#4099 = PLANE('',#4100);
#4100 = AXIS2_PLACEMENT_3D('',#4101,#4102,#4103);
#4101 = CARTESIAN_POINT('',(-3.966331373551,86.09,19.86034887263));
#4102 = DIRECTION('',(0.866025378404,-5.551115179482E-16,0.50000004396)
  );
#4103 = DIRECTION('',(-0.50000004396,-1.110222742845E-16,0.866025378404)
  );
#4104 = ADVANCED_FACE('',(#4105),#4124,.F.);
#4105 = FACE_BOUND('',#4106,.F.);
#4106 = EDGE_LOOP('',(#4107,#4108,#4109,#4117));
#4107 = ORIENTED_EDGE('',*,*,#4092,.F.);
#4108 = ORIENTED_EDGE('',*,*,#1333,.T.);
#4109 = ORIENTED_EDGE('',*,*,#4110,.T.);
#4110 = EDGE_CURVE('',#1326,#4111,#4113,.T.);
#4111 = VERTEX_POINT('',#4112);
#4112 = CARTESIAN_POINT('',(-4.372951111768,86.09,20.564634836021));
#4113 = LINE('',#4114,#4115);
#4114 = CARTESIAN_POINT('',(-4.372951111768,86.09,20.564634836021));
#4115 = VECTOR('',#4116,1.);
#4116 = DIRECTION('',(-4.252295203646E-16,-1.,-3.737038904755E-16));
#4117 = ORIENTED_EDGE('',*,*,#4118,.T.);
#4118 = EDGE_CURVE('',#4111,#4085,#4119,.T.);
#4119 = CIRCLE('',#4120,1.55);
#4120 = AXIS2_PLACEMENT_3D('',#4121,#4122,#4123);
#4121 = CARTESIAN_POINT('',(-3.966331485225,86.09,22.06034887263));
#4122 = DIRECTION('',(4.252295203646E-16,1.,3.737038904755E-16));
#4123 = DIRECTION('',(0.5,1.110223024625E-16,-0.866025403784));
#4124 = CYLINDRICAL_SURFACE('',#4125,1.55);
#4125 = AXIS2_PLACEMENT_3D('',#4126,#4127,#4128);
#4126 = CARTESIAN_POINT('',(-3.966331485225,86.09,22.06034887263));
#4127 = DIRECTION('',(-4.252295203646E-16,-1.,-3.737038904755E-16));
#4128 = DIRECTION('',(0.5,1.110223024625E-16,-0.866025403784));
#4129 = ADVANCED_FACE('',(#4130),#4148,.T.);
#4130 = FACE_BOUND('',#4131,.T.);
#4131 = EDGE_LOOP('',(#4132,#4140,#4146,#4147));
#4132 = ORIENTED_EDGE('',*,*,#4133,.F.);
#4133 = EDGE_CURVE('',#4134,#4111,#4136,.T.);
#4134 = VERTEX_POINT('',#4135);
#4135 = CARTESIAN_POINT('',(-3.966331373551,86.09,19.86034887263));
#4136 = LINE('',#4137,#4138);
#4137 = CARTESIAN_POINT('',(-3.966331373551,86.09,19.86034887263));
#4138 = VECTOR('',#4139,1.);
#4139 = DIRECTION('',(-0.50000004396,-1.110222742845E-16,0.866025378404)
  );
#4140 = ORIENTED_EDGE('',*,*,#4141,.T.);
#4141 = EDGE_CURVE('',#4134,#1318,#4142,.T.);
#4142 = LINE('',#4143,#4144);
#4143 = CARTESIAN_POINT('',(-3.966331373551,86.09,19.86034887263));
#4144 = VECTOR('',#4145,1.);
#4145 = DIRECTION('',(4.252295203646E-16,1.,3.737038904755E-16));
#4146 = ORIENTED_EDGE('',*,*,#1325,.T.);
#4147 = ORIENTED_EDGE('',*,*,#4110,.T.);
#4148 = PLANE('',#4149);
#4149 = AXIS2_PLACEMENT_3D('',#4150,#4151,#4152);
#4150 = CARTESIAN_POINT('',(-3.966331373551,86.09,19.86034887263));
#4151 = DIRECTION('',(0.866025378404,-5.551115179482E-16,0.50000004396)
  );
#4152 = DIRECTION('',(-0.50000004396,-1.110222742845E-16,0.866025378404)
  );
#4153 = ADVANCED_FACE('',(#4154),#4172,.T.);
#4154 = FACE_BOUND('',#4155,.T.);
#4155 = EDGE_LOOP('',(#4156,#4164,#4170,#4171));
#4156 = ORIENTED_EDGE('',*,*,#4157,.F.);
#4157 = EDGE_CURVE('',#4158,#4134,#4160,.T.);
#4158 = VERTEX_POINT('',#4159);
#4159 = CARTESIAN_POINT('',(-3.559711706835,86.09,20.564634877302));
#4160 = LINE('',#4161,#4162);
#4161 = CARTESIAN_POINT('',(-2.061075652737,86.09,23.160348969343));
#4162 = VECTOR('',#4163,1.);
#4163 = DIRECTION('',(-0.49999995604,5.362518136188E-16,-0.866025429165)
  );
#4164 = ORIENTED_EDGE('',*,*,#4165,.F.);
#4165 = EDGE_CURVE('',#1309,#4158,#4166,.T.);
#4166 = LINE('',#4167,#4168);
#4167 = CARTESIAN_POINT('',(-3.559711706835,86.09,20.564634877302));
#4168 = VECTOR('',#4169,1.);
#4169 = DIRECTION('',(-4.252295203646E-16,-1.,-3.737038904755E-16));
#4170 = ORIENTED_EDGE('',*,*,#1317,.T.);
#4171 = ORIENTED_EDGE('',*,*,#4141,.F.);
#4172 = PLANE('',#4173);
#4173 = AXIS2_PLACEMENT_3D('',#4174,#4175,#4176);
#4174 = CARTESIAN_POINT('',(-2.061075652737,86.09,23.160348969343));
#4175 = DIRECTION('',(-0.866025429165,1.814076490576E-16,0.49999995604)
  );
#4176 = DIRECTION('',(-0.49999995604,5.362518136188E-16,-0.866025429165)
  );
#4177 = ADVANCED_FACE('',(#4178),#4206,.F.);
#4178 = FACE_BOUND('',#4179,.F.);
#4179 = EDGE_LOOP('',(#4180,#4188,#4197,#4204,#4205));
#4180 = ORIENTED_EDGE('',*,*,#4181,.T.);
#4181 = EDGE_CURVE('',#1301,#4182,#4184,.T.);
#4182 = VERTEX_POINT('',#4183);
#4183 = CARTESIAN_POINT('',(-2.467695319453,86.09,22.456062964671));
#4184 = LINE('',#4185,#4186);
#4185 = CARTESIAN_POINT('',(-2.467695319453,86.09,22.456062964671));
#4186 = VECTOR('',#4187,1.);
#4187 = DIRECTION('',(-4.252295203646E-16,-1.,-3.737038904755E-16));
#4188 = ORIENTED_EDGE('',*,*,#4189,.T.);
#4189 = EDGE_CURVE('',#4182,#4190,#4192,.T.);
#4190 = VERTEX_POINT('',#4191);
#4191 = CARTESIAN_POINT('',(-3.191331485225,86.09,20.718009496765));
#4192 = CIRCLE('',#4193,1.55);
#4193 = AXIS2_PLACEMENT_3D('',#4194,#4195,#4196);
#4194 = CARTESIAN_POINT('',(-3.966331485225,86.09,22.06034887263));
#4195 = DIRECTION('',(4.252295203646E-16,1.,3.737038904755E-16));
#4196 = DIRECTION('',(0.5,1.110223024625E-16,-0.866025403784));
#4197 = ORIENTED_EDGE('',*,*,#4198,.T.);
#4198 = EDGE_CURVE('',#4190,#4158,#4199,.T.);
#4199 = CIRCLE('',#4200,1.55);
#4200 = AXIS2_PLACEMENT_3D('',#4201,#4202,#4203);
#4201 = CARTESIAN_POINT('',(-3.966331485225,86.09,22.06034887263));
#4202 = DIRECTION('',(4.252295203646E-16,1.,3.737038904755E-16));
#4203 = DIRECTION('',(0.5,1.110223024625E-16,-0.866025403784));
#4204 = ORIENTED_EDGE('',*,*,#4165,.F.);
#4205 = ORIENTED_EDGE('',*,*,#1308,.T.);
#4206 = CYLINDRICAL_SURFACE('',#4207,1.55);
#4207 = AXIS2_PLACEMENT_3D('',#4208,#4209,#4210);
#4208 = CARTESIAN_POINT('',(-3.966331485225,86.09,22.06034887263));
#4209 = DIRECTION('',(-4.252295203646E-16,-1.,-3.737038904755E-16));
#4210 = DIRECTION('',(0.5,1.110223024625E-16,-0.866025403784));
#4211 = ADVANCED_FACE('',(#4212),#4223,.T.);
#4212 = FACE_BOUND('',#4213,.T.);
#4213 = EDGE_LOOP('',(#4214,#4220,#4221,#4222));
#4214 = ORIENTED_EDGE('',*,*,#4215,.F.);
#4215 = EDGE_CURVE('',#4007,#4182,#4216,.T.);
#4216 = LINE('',#4217,#4218);
#4217 = CARTESIAN_POINT('',(-2.061075652737,86.09,23.160348969343));
#4218 = VECTOR('',#4219,1.);
#4219 = DIRECTION('',(-0.49999995604,5.362518136188E-16,-0.866025429165)
  );
#4220 = ORIENTED_EDGE('',*,*,#4021,.T.);
#4221 = ORIENTED_EDGE('',*,*,#1300,.T.);
#4222 = ORIENTED_EDGE('',*,*,#4181,.T.);
#4223 = PLANE('',#4224);
#4224 = AXIS2_PLACEMENT_3D('',#4225,#4226,#4227);
#4225 = CARTESIAN_POINT('',(-2.061075652737,86.09,23.160348969343));
#4226 = DIRECTION('',(-0.866025429165,1.814076490576E-16,0.49999995604)
  );
#4227 = DIRECTION('',(-0.49999995604,5.362518136188E-16,-0.866025429165)
  );
#4228 = ADVANCED_FACE('',(#4229),#4248,.T.);
#4229 = FACE_BOUND('',#4230,.T.);
#4230 = EDGE_LOOP('',(#4231,#4232,#4233,#4234,#4242));
#4231 = ORIENTED_EDGE('',*,*,#1431,.T.);
#4232 = ORIENTED_EDGE('',*,*,#1381,.T.);
#4233 = ORIENTED_EDGE('',*,*,#3414,.F.);
#4234 = ORIENTED_EDGE('',*,*,#4235,.T.);
#4235 = EDGE_CURVE('',#3415,#4236,#4238,.T.);
#4236 = VERTEX_POINT('',#4237);
#4237 = CARTESIAN_POINT('',(115.5,-91.,45.));
#4238 = LINE('',#4239,#4240);
#4239 = CARTESIAN_POINT('',(115.5,-90.,46.));
#4240 = VECTOR('',#4241,1.);
#4241 = DIRECTION('',(-5.259749548063E-15,-0.707106781187,
    -0.707106781187));
#4242 = ORIENTED_EDGE('',*,*,#4243,.T.);
#4243 = EDGE_CURVE('',#4236,#1422,#4244,.T.);
#4244 = LINE('',#4245,#4246);
#4245 = CARTESIAN_POINT('',(117.5,-91.,45.));
#4246 = VECTOR('',#4247,1.);
#4247 = DIRECTION('',(-1.,3.677613769071E-16,0.));
#4248 = PLANE('',#4249);
#4249 = AXIS2_PLACEMENT_3D('',#4250,#4251,#4252);
#4250 = CARTESIAN_POINT('',(117.5,-90.,46.));
#4251 = DIRECTION('',(2.600465634695E-16,0.707106781187,-0.707106781187)
  );
#4252 = DIRECTION('',(-1.,3.677613769071E-16,0.));
#4253 = ADVANCED_FACE('',(#4254),#4289,.T.);
#4254 = FACE_BOUND('',#4255,.T.);
#4255 = EDGE_LOOP('',(#4256,#4257,#4258,#4266,#4274,#4282,#4288));
#4256 = ORIENTED_EDGE('',*,*,#1421,.F.);
#4257 = ORIENTED_EDGE('',*,*,#4243,.F.);
#4258 = ORIENTED_EDGE('',*,*,#4259,.F.);
#4259 = EDGE_CURVE('',#4260,#4236,#4262,.T.);
#4260 = VERTEX_POINT('',#4261);
#4261 = CARTESIAN_POINT('',(115.5,-91.,15.99));
#4262 = LINE('',#4263,#4264);
#4263 = CARTESIAN_POINT('',(115.5,-91.,15.99));
#4264 = VECTOR('',#4265,1.);
#4265 = DIRECTION('',(0.,0.,1.));
#4266 = ORIENTED_EDGE('',*,*,#4267,.F.);
#4267 = EDGE_CURVE('',#4268,#4260,#4270,.T.);
#4268 = VERTEX_POINT('',#4269);
#4269 = CARTESIAN_POINT('',(102.5,-91.,15.99));
#4270 = LINE('',#4271,#4272);
#4271 = CARTESIAN_POINT('',(102.5,-91.,15.99));
#4272 = VECTOR('',#4273,1.);
#4273 = DIRECTION('',(1.,-3.677613769071E-16,0.));
#4274 = ORIENTED_EDGE('',*,*,#4275,.T.);
#4275 = EDGE_CURVE('',#4268,#4276,#4278,.T.);
#4276 = VERTEX_POINT('',#4277);
#4277 = CARTESIAN_POINT('',(100.5,-91.,15.99));
#4278 = LINE('',#4279,#4280);
#4279 = CARTESIAN_POINT('',(51.25,-91.,15.99));
#4280 = VECTOR('',#4281,1.);
#4281 = DIRECTION('',(-1.,3.677613769071E-16,0.));
#4282 = ORIENTED_EDGE('',*,*,#4283,.F.);
#4283 = EDGE_CURVE('',#1521,#4276,#4284,.T.);
#4284 = LINE('',#4285,#4286);
#4285 = CARTESIAN_POINT('',(100.5,-91.,-2.053912595557E-14));
#4286 = VECTOR('',#4287,1.);
#4287 = DIRECTION('',(0.,0.,1.));
#4288 = ORIENTED_EDGE('',*,*,#1528,.F.);
#4289 = PLANE('',#4290);
#4290 = AXIS2_PLACEMENT_3D('',#4291,#4292,#4293);
#4291 = CARTESIAN_POINT('',(-3.346628529854E-14,-91.,6.661338147751E-16)
  );
#4292 = DIRECTION('',(3.677613769071E-16,1.,0.));
#4293 = DIRECTION('',(1.,-3.677613769071E-16,0.));
#4294 = ADVANCED_FACE('',(#4295),#4306,.F.);
#4295 = FACE_BOUND('',#4296,.T.);
#4296 = EDGE_LOOP('',(#4297,#4298,#4304,#4305));
#4297 = ORIENTED_EDGE('',*,*,#4283,.T.);
#4298 = ORIENTED_EDGE('',*,*,#4299,.T.);
#4299 = EDGE_CURVE('',#4276,#1615,#4300,.T.);
#4300 = LINE('',#4301,#4302);
#4301 = CARTESIAN_POINT('',(106.33,-85.17,10.16));
#4302 = VECTOR('',#4303,1.);
#4303 = DIRECTION('',(0.57735026919,0.57735026919,-0.57735026919));
#4304 = ORIENTED_EDGE('',*,*,#1614,.F.);
#4305 = ORIENTED_EDGE('',*,*,#1576,.F.);
#4306 = PLANE('',#4307);
#4307 = AXIS2_PLACEMENT_3D('',#4308,#4309,#4310);
#4308 = CARTESIAN_POINT('',(101.5,-90.,-2.053912595557E-14));
#4309 = DIRECTION('',(0.707106781187,-0.707106781187,0.));
#4310 = DIRECTION('',(-0.,0.,-1.));
#4311 = ADVANCED_FACE('',(#4312),#4331,.T.);
#4312 = FACE_BOUND('',#4313,.T.);
#4313 = EDGE_LOOP('',(#4314,#4315,#4323,#4329,#4330));
#4314 = ORIENTED_EDGE('',*,*,#1682,.F.);
#4315 = ORIENTED_EDGE('',*,*,#4316,.T.);
#4316 = EDGE_CURVE('',#1664,#4317,#4319,.T.);
#4317 = VERTEX_POINT('',#4318);
#4318 = CARTESIAN_POINT('',(115.5,91.,45.));
#4319 = LINE('',#4320,#4321);
#4320 = CARTESIAN_POINT('',(8.13,91.,45.));
#4321 = VECTOR('',#4322,1.);
#4322 = DIRECTION('',(1.,-3.677613769071E-16,0.));
#4323 = ORIENTED_EDGE('',*,*,#4324,.T.);
#4324 = EDGE_CURVE('',#4317,#3471,#4325,.T.);
#4325 = LINE('',#4326,#4327);
#4326 = CARTESIAN_POINT('',(115.5,90.5,45.5));
#4327 = VECTOR('',#4328,1.);
#4328 = DIRECTION('',(-2.600465634695E-16,-0.707106781187,0.707106781187
    ));
#4329 = ORIENTED_EDGE('',*,*,#3478,.F.);
#4330 = ORIENTED_EDGE('',*,*,#1600,.F.);
#4331 = PLANE('',#4332);
#4332 = AXIS2_PLACEMENT_3D('',#4333,#4334,#4335);
#4333 = CARTESIAN_POINT('',(8.13,90.,46.));
#4334 = DIRECTION('',(-2.600465634695E-16,-0.707106781187,
    -0.707106781187));
#4335 = DIRECTION('',(1.,-3.677613769071E-16,0.));
#4336 = ADVANCED_FACE('',(#4337),#4365,.F.);
#4337 = FACE_BOUND('',#4338,.T.);
#4338 = EDGE_LOOP('',(#4339,#4340,#4341,#4342,#4343,#4351,#4359));
#4339 = ORIENTED_EDGE('',*,*,#1622,.F.);
#4340 = ORIENTED_EDGE('',*,*,#4299,.F.);
#4341 = ORIENTED_EDGE('',*,*,#4275,.F.);
#4342 = ORIENTED_EDGE('',*,*,#4267,.T.);
#4343 = ORIENTED_EDGE('',*,*,#4344,.T.);
#4344 = EDGE_CURVE('',#4260,#4345,#4347,.T.);
#4345 = VERTEX_POINT('',#4346);
#4346 = CARTESIAN_POINT('',(116.5,-90.,14.99));
#4347 = LINE('',#4348,#4349);
#4348 = CARTESIAN_POINT('',(116.165,-90.335,15.325));
#4349 = VECTOR('',#4350,1.);
#4350 = DIRECTION('',(0.57735026919,0.57735026919,-0.57735026919));
#4351 = ORIENTED_EDGE('',*,*,#4352,.T.);
#4352 = EDGE_CURVE('',#4345,#4353,#4355,.T.);
#4353 = VERTEX_POINT('',#4354);
#4354 = CARTESIAN_POINT('',(102.51,-76.01,1.));
#4355 = LINE('',#4356,#4357);
#4356 = CARTESIAN_POINT('',(106.2533333333,-79.75333333333,
    4.743333333333));
#4357 = VECTOR('',#4358,1.);
#4358 = DIRECTION('',(-0.57735026919,0.57735026919,-0.57735026919));
#4359 = ORIENTED_EDGE('',*,*,#4360,.F.);
#4360 = EDGE_CURVE('',#1623,#4353,#4361,.T.);
#4361 = LINE('',#4362,#4363);
#4362 = CARTESIAN_POINT('',(102.5,-76.01,1.));
#4363 = VECTOR('',#4364,1.);
#4364 = DIRECTION('',(1.,-3.677613769071E-16,0.));
#4365 = PLANE('',#4366);
#4366 = AXIS2_PLACEMENT_3D('',#4367,#4368,#4369);
#4367 = CARTESIAN_POINT('',(102.5,-83.505,8.495));
#4368 = DIRECTION('',(-2.600465634695E-16,-0.707106781187,
    -0.707106781187));
#4369 = DIRECTION('',(-1.,3.677613769071E-16,0.));
#4370 = ADVANCED_FACE('',(#4371),#4389,.T.);
#4371 = FACE_BOUND('',#4372,.T.);
#4372 = EDGE_LOOP('',(#4373,#4374,#4375,#4383));
#4373 = ORIENTED_EDGE('',*,*,#1630,.F.);
#4374 = ORIENTED_EDGE('',*,*,#4360,.T.);
#4375 = ORIENTED_EDGE('',*,*,#4376,.F.);
#4376 = EDGE_CURVE('',#4377,#4353,#4379,.T.);
#4377 = VERTEX_POINT('',#4378);
#4378 = CARTESIAN_POINT('',(102.51,-68.5,1.));
#4379 = LINE('',#4380,#4381);
#4380 = CARTESIAN_POINT('',(102.51,-68.5,1.));
#4381 = VECTOR('',#4382,1.);
#4382 = DIRECTION('',(-3.677613769071E-16,-1.,0.));
#4383 = ORIENTED_EDGE('',*,*,#4384,.F.);
#4384 = EDGE_CURVE('',#1631,#4377,#4385,.T.);
#4385 = LINE('',#4386,#4387);
#4386 = CARTESIAN_POINT('',(102.5,-68.5,1.));
#4387 = VECTOR('',#4388,1.);
#4388 = DIRECTION('',(1.,-3.677613769071E-16,0.));
#4389 = PLANE('',#4390);
#4390 = AXIS2_PLACEMENT_3D('',#4391,#4392,#4393);
#4391 = CARTESIAN_POINT('',(111.5,-4.100539352514E-14,1.));
#4392 = DIRECTION('',(0.,0.,1.));
#4393 = DIRECTION('',(-1.,3.677613769071E-16,0.));
#4394 = ADVANCED_FACE('',(#4395),#4414,.T.);
#4395 = FACE_BOUND('',#4396,.T.);
#4396 = EDGE_LOOP('',(#4397,#4405,#4406,#4407,#4408));
#4397 = ORIENTED_EDGE('',*,*,#4398,.F.);
#4398 = EDGE_CURVE('',#1699,#4399,#4401,.T.);
#4399 = VERTEX_POINT('',#4400);
#4400 = CARTESIAN_POINT('',(115.5,-68.5,13.99));
#4401 = LINE('',#4402,#4403);
#4402 = CARTESIAN_POINT('',(115.5,-68.5,0.));
#4403 = VECTOR('',#4404,1.);
#4404 = DIRECTION('',(0.,0.,1.));
#4405 = ORIENTED_EDGE('',*,*,#1706,.F.);
#4406 = ORIENTED_EDGE('',*,*,#1638,.T.);
#4407 = ORIENTED_EDGE('',*,*,#4384,.T.);
#4408 = ORIENTED_EDGE('',*,*,#4409,.F.);
#4409 = EDGE_CURVE('',#4399,#4377,#4410,.T.);
#4410 = LINE('',#4411,#4412);
#4411 = CARTESIAN_POINT('',(106.005,-68.5,4.495));
#4412 = VECTOR('',#4413,1.);
#4413 = DIRECTION('',(-0.707106781187,2.600465634695E-16,-0.707106781187
    ));
#4414 = PLANE('',#4415);
#4415 = AXIS2_PLACEMENT_3D('',#4416,#4417,#4418);
#4416 = CARTESIAN_POINT('',(102.5,-68.5,0.));
#4417 = DIRECTION('',(3.677613769071E-16,1.,-0.));
#4418 = DIRECTION('',(1.,-3.677613769071E-16,0.));
#4419 = ADVANCED_FACE('',(#4420,#4448),#4454,.T.);
#4420 = FACE_BOUND('',#4421,.T.);
#4421 = EDGE_LOOP('',(#4422,#4423,#4424,#4425,#4433,#4441,#4447));
#4422 = ORIENTED_EDGE('',*,*,#1663,.T.);
#4423 = ORIENTED_EDGE('',*,*,#1730,.F.);
#4424 = ORIENTED_EDGE('',*,*,#1768,.F.);
#4425 = ORIENTED_EDGE('',*,*,#4426,.F.);
#4426 = EDGE_CURVE('',#4427,#1769,#4429,.T.);
#4427 = VERTEX_POINT('',#4428);
#4428 = CARTESIAN_POINT('',(102.5,91.,15.99));
#4429 = LINE('',#4430,#4431);
#4430 = CARTESIAN_POINT('',(88.125,91.,15.99));
#4431 = VECTOR('',#4432,1.);
#4432 = DIRECTION('',(-1.,3.677613769071E-16,0.));
#4433 = ORIENTED_EDGE('',*,*,#4434,.F.);
#4434 = EDGE_CURVE('',#4435,#4427,#4437,.T.);
#4435 = VERTEX_POINT('',#4436);
#4436 = CARTESIAN_POINT('',(115.5,91.,15.99));
#4437 = LINE('',#4438,#4439);
#4438 = CARTESIAN_POINT('',(117.5,91.,15.99));
#4439 = VECTOR('',#4440,1.);
#4440 = DIRECTION('',(-1.,3.677613769071E-16,0.));
#4441 = ORIENTED_EDGE('',*,*,#4442,.F.);
#4442 = EDGE_CURVE('',#4317,#4435,#4443,.T.);
#4443 = LINE('',#4444,#4445);
#4444 = CARTESIAN_POINT('',(115.5,91.,47.));
#4445 = VECTOR('',#4446,1.);
#4446 = DIRECTION('',(8.165942964201E-32,2.22044604925E-16,-1.));
#4447 = ORIENTED_EDGE('',*,*,#4316,.F.);
#4448 = FACE_BOUND('',#4449,.T.);
#4449 = EDGE_LOOP('',(#4450,#4451,#4452,#4453));
#4450 = ORIENTED_EDGE('',*,*,#3316,.F.);
#4451 = ORIENTED_EDGE('',*,*,#3388,.F.);
#4452 = ORIENTED_EDGE('',*,*,#3371,.F.);
#4453 = ORIENTED_EDGE('',*,*,#3347,.F.);
#4454 = PLANE('',#4455);
#4455 = AXIS2_PLACEMENT_3D('',#4456,#4457,#4458);
#4456 = CARTESIAN_POINT('',(58.75,91.,23.5));
#4457 = DIRECTION('',(-3.677613769071E-16,-1.,-3.023586109617E-16));
#4458 = DIRECTION('',(-1.11195819087E-31,-3.023586109617E-16,1.));
#4459 = ADVANCED_FACE('',(#4460),#4478,.T.);
#4460 = FACE_BOUND('',#4461,.T.);
#4461 = EDGE_LOOP('',(#4462,#4463,#4471,#4477));
#4462 = ORIENTED_EDGE('',*,*,#4398,.T.);
#4463 = ORIENTED_EDGE('',*,*,#4464,.T.);
#4464 = EDGE_CURVE('',#4399,#4465,#4467,.T.);
#4465 = VERTEX_POINT('',#4466);
#4466 = CARTESIAN_POINT('',(117.5,-66.5,15.99));
#4467 = LINE('',#4468,#4469);
#4468 = CARTESIAN_POINT('',(111.67,-72.33,10.16));
#4469 = VECTOR('',#4470,1.);
#4470 = DIRECTION('',(0.57735026919,0.57735026919,0.57735026919));
#4471 = ORIENTED_EDGE('',*,*,#4472,.F.);
#4472 = EDGE_CURVE('',#1747,#4465,#4473,.T.);
#4473 = LINE('',#4474,#4475);
#4474 = CARTESIAN_POINT('',(117.5,-66.5,0.));
#4475 = VECTOR('',#4476,1.);
#4476 = DIRECTION('',(0.,0.,1.));
#4477 = ORIENTED_EDGE('',*,*,#1754,.F.);
#4478 = PLANE('',#4479);
#4479 = AXIS2_PLACEMENT_3D('',#4480,#4481,#4482);
#4480 = CARTESIAN_POINT('',(116.5,-67.5,0.));
#4481 = DIRECTION('',(-0.707106781187,0.707106781187,0.));
#4482 = DIRECTION('',(0.,0.,1.));
#4483 = ADVANCED_FACE('',(#4484),#4512,.F.);
#4484 = FACE_BOUND('',#4485,.T.);
#4485 = EDGE_LOOP('',(#4486,#4496,#4502,#4503,#4504,#4505,#4506));
#4486 = ORIENTED_EDGE('',*,*,#4487,.F.);
#4487 = EDGE_CURVE('',#4488,#4490,#4492,.T.);
#4488 = VERTEX_POINT('',#4489);
#4489 = CARTESIAN_POINT('',(116.5,90.,14.99));
#4490 = VERTEX_POINT('',#4491);
#4491 = CARTESIAN_POINT('',(102.51,76.01,1.));
#4492 = LINE('',#4493,#4494);
#4493 = CARTESIAN_POINT('',(112.5033333333,86.00333333333,
    10.993333333333));
#4494 = VECTOR('',#4495,1.);
#4495 = DIRECTION('',(-0.57735026919,-0.57735026919,-0.57735026919));
#4496 = ORIENTED_EDGE('',*,*,#4497,.T.);
#4497 = EDGE_CURVE('',#4488,#4435,#4498,.T.);
#4498 = LINE('',#4499,#4500);
#4499 = CARTESIAN_POINT('',(113.4966666666,93.00333333333,
    17.993333333333));
#4500 = VECTOR('',#4501,1.);
#4501 = DIRECTION('',(-0.57735026919,0.57735026919,0.57735026919));
#4502 = ORIENTED_EDGE('',*,*,#4434,.T.);
#4503 = ORIENTED_EDGE('',*,*,#4426,.T.);
#4504 = ORIENTED_EDGE('',*,*,#1776,.F.);
#4505 = ORIENTED_EDGE('',*,*,#1874,.T.);
#4506 = ORIENTED_EDGE('',*,*,#4507,.F.);
#4507 = EDGE_CURVE('',#4490,#1867,#4508,.T.);
#4508 = LINE('',#4509,#4510);
#4509 = CARTESIAN_POINT('',(117.5,76.01,1.));
#4510 = VECTOR('',#4511,1.);
#4511 = DIRECTION('',(-1.,3.677613769071E-16,0.));
#4512 = PLANE('',#4513);
#4513 = AXIS2_PLACEMENT_3D('',#4514,#4515,#4516);
#4514 = CARTESIAN_POINT('',(117.5,83.505,8.495));
#4515 = DIRECTION('',(2.600465634695E-16,0.707106781187,-0.707106781187)
  );
#4516 = DIRECTION('',(1.,-3.677613769071E-16,0.));
#4517 = ADVANCED_FACE('',(#4518,#4616,#4693,#4770),#4847,.F.);
#4518 = FACE_BOUND('',#4519,.F.);
#4519 = EDGE_LOOP('',(#4520,#4528,#4536,#4544,#4552,#4560,#4568,#4576,
    #4584,#4592,#4600,#4608,#4614,#4615));
#4520 = ORIENTED_EDGE('',*,*,#4521,.T.);
#4521 = EDGE_CURVE('',#1802,#4522,#4524,.T.);
#4522 = VERTEX_POINT('',#4523);
#4523 = CARTESIAN_POINT('',(117.5,66.5,15.99));
#4524 = LINE('',#4525,#4526);
#4525 = CARTESIAN_POINT('',(117.5,66.5,0.));
#4526 = VECTOR('',#4527,1.);
#4527 = DIRECTION('',(0.,0.,1.));
#4528 = ORIENTED_EDGE('',*,*,#4529,.F.);
#4529 = EDGE_CURVE('',#4530,#4522,#4532,.T.);
#4530 = VERTEX_POINT('',#4531);
#4531 = CARTESIAN_POINT('',(117.5,68.5,15.99));
#4532 = LINE('',#4533,#4534);
#4533 = CARTESIAN_POINT('',(117.5,91.,15.99));
#4534 = VECTOR('',#4535,1.);
#4535 = DIRECTION('',(-3.677613769071E-16,-1.,0.));
#4536 = ORIENTED_EDGE('',*,*,#4537,.F.);
#4537 = EDGE_CURVE('',#4538,#4530,#4540,.T.);
#4538 = VERTEX_POINT('',#4539);
#4539 = CARTESIAN_POINT('',(117.5,89.,15.99));
#4540 = LINE('',#4541,#4542);
#4541 = CARTESIAN_POINT('',(117.5,91.,15.99));
#4542 = VECTOR('',#4543,1.);
#4543 = DIRECTION('',(-3.677613769071E-16,-1.,0.));
#4544 = ORIENTED_EDGE('',*,*,#4545,.F.);
#4545 = EDGE_CURVE('',#4546,#4538,#4548,.T.);
#4546 = VERTEX_POINT('',#4547);
#4547 = CARTESIAN_POINT('',(117.5,89.,45.));
#4548 = LINE('',#4549,#4550);
#4549 = CARTESIAN_POINT('',(117.5,89.,47.));
#4550 = VECTOR('',#4551,1.);
#4551 = DIRECTION('',(8.165942964201E-32,2.22044604925E-16,-1.));
#4552 = ORIENTED_EDGE('',*,*,#4553,.T.);
#4553 = EDGE_CURVE('',#4546,#4554,#4556,.T.);
#4554 = VERTEX_POINT('',#4555);
#4555 = CARTESIAN_POINT('',(117.5,-75.78,45.));
#4556 = LINE('',#4557,#4558);
#4557 = CARTESIAN_POINT('',(117.5,91.,45.));
#4558 = VECTOR('',#4559,1.);
#4559 = DIRECTION('',(-3.677613769071E-16,-1.,-2.22044604925E-16));
#4560 = ORIENTED_EDGE('',*,*,#4561,.T.);
#4561 = EDGE_CURVE('',#4554,#4562,#4564,.T.);
#4562 = VERTEX_POINT('',#4563);
#4563 = CARTESIAN_POINT('',(117.5,-75.78,32.));
#4564 = LINE('',#4565,#4566);
#4565 = CARTESIAN_POINT('',(117.5,-75.78,47.));
#4566 = VECTOR('',#4567,1.);
#4567 = DIRECTION('',(-0.,0.,-1.));
#4568 = ORIENTED_EDGE('',*,*,#4569,.T.);
#4569 = EDGE_CURVE('',#4562,#4570,#4572,.T.);
#4570 = VERTEX_POINT('',#4571);
#4571 = CARTESIAN_POINT('',(117.5,-77.78,32.));
#4572 = LINE('',#4573,#4574);
#4573 = CARTESIAN_POINT('',(117.5,-75.78,32.));
#4574 = VECTOR('',#4575,1.);
#4575 = DIRECTION('',(-3.677613769071E-16,-1.,0.));
#4576 = ORIENTED_EDGE('',*,*,#4577,.F.);
#4577 = EDGE_CURVE('',#4578,#4570,#4580,.T.);
#4578 = VERTEX_POINT('',#4579);
#4579 = CARTESIAN_POINT('',(117.5,-77.78,45.));
#4580 = LINE('',#4581,#4582);
#4581 = CARTESIAN_POINT('',(117.5,-77.78,47.));
#4582 = VECTOR('',#4583,1.);
#4583 = DIRECTION('',(-0.,0.,-1.));
#4584 = ORIENTED_EDGE('',*,*,#4585,.T.);
#4585 = EDGE_CURVE('',#4578,#4586,#4588,.T.);
#4586 = VERTEX_POINT('',#4587);
#4587 = CARTESIAN_POINT('',(117.5,-89.,45.));
#4588 = LINE('',#4589,#4590);
#4589 = CARTESIAN_POINT('',(117.5,-77.78,45.));
#4590 = VECTOR('',#4591,1.);
#4591 = DIRECTION('',(-3.677613769071E-16,-1.,-2.22044604925E-16));
#4592 = ORIENTED_EDGE('',*,*,#4593,.F.);
#4593 = EDGE_CURVE('',#4594,#4586,#4596,.T.);
#4594 = VERTEX_POINT('',#4595);
#4595 = CARTESIAN_POINT('',(117.5,-89.,15.99));
#4596 = LINE('',#4597,#4598);
#4597 = CARTESIAN_POINT('',(117.5,-89.,15.99));
#4598 = VECTOR('',#4599,1.);
#4599 = DIRECTION('',(0.,0.,1.));
#4600 = ORIENTED_EDGE('',*,*,#4601,.F.);
#4601 = EDGE_CURVE('',#4602,#4594,#4604,.T.);
#4602 = VERTEX_POINT('',#4603);
#4603 = CARTESIAN_POINT('',(117.5,-68.5,15.99));
#4604 = LINE('',#4605,#4606);
#4605 = CARTESIAN_POINT('',(117.5,-68.5,15.99));
#4606 = VECTOR('',#4607,1.);
#4607 = DIRECTION('',(-3.677613769071E-16,-1.,0.));
#4608 = ORIENTED_EDGE('',*,*,#4609,.T.);
#4609 = EDGE_CURVE('',#4602,#4465,#4610,.T.);
#4610 = LINE('',#4611,#4612);
#4611 = CARTESIAN_POINT('',(117.5,11.25,15.99));
#4612 = VECTOR('',#4613,1.);
#4613 = DIRECTION('',(3.677613769071E-16,1.,0.));
#4614 = ORIENTED_EDGE('',*,*,#4472,.F.);
#4615 = ORIENTED_EDGE('',*,*,#1811,.F.);
#4616 = FACE_BOUND('',#4617,.F.);
#4617 = EDGE_LOOP('',(#4618,#4629,#4637,#4645,#4654,#4662,#4670,#4679,
    #4687));
#4618 = ORIENTED_EDGE('',*,*,#4619,.T.);
#4619 = EDGE_CURVE('',#4620,#4622,#4624,.T.);
#4620 = VERTEX_POINT('',#4621);
#4621 = CARTESIAN_POINT('',(117.5,-36.38701642755,18.659903866));
#4622 = VERTEX_POINT('',#4623);
#4623 = CARTESIAN_POINT('',(117.5,-34.20298346077,18.659903755136));
#4624 = CIRCLE('',#4625,1.55);
#4625 = AXIS2_PLACEMENT_3D('',#4626,#4627,#4628);
#4626 = CARTESIAN_POINT('',(117.5,-35.295,17.559903810568));
#4627 = DIRECTION('',(-1.,-3.319989901625E-17,-2.755629954852E-16));
#4628 = DIRECTION('',(-2.22044604925E-16,-0.5,0.866025403784));
#4629 = ORIENTED_EDGE('',*,*,#4630,.T.);
#4630 = EDGE_CURVE('',#4622,#4631,#4633,.T.);
#4631 = VERTEX_POINT('',#4632);
#4632 = CARTESIAN_POINT('',(117.5,-33.38974405583,18.659903713855));
#4633 = LINE('',#4634,#4635);
#4634 = CARTESIAN_POINT('',(117.5,28.8051272528,18.6599005568));
#4635 = VECTOR('',#4636,1.);
#4636 = DIRECTION('',(3.677613769071E-16,1.,-5.07606956468E-08));
#4637 = ORIENTED_EDGE('',*,*,#4638,.T.);
#4638 = EDGE_CURVE('',#4631,#4639,#4641,.T.);
#4639 = VERTEX_POINT('',#4640);
#4640 = CARTESIAN_POINT('',(117.5,-33.79636379405,17.955617750464));
#4641 = LINE('',#4642,#4643);
#4642 = CARTESIAN_POINT('',(117.5,-12.65784015066,54.568610405778));
#4643 = VECTOR('',#4644,1.);
#4644 = DIRECTION('',(-1.838807046204E-16,-0.50000004396,-0.866025378404
    ));
#4645 = ORIENTED_EDGE('',*,*,#4646,.T.);
#4646 = EDGE_CURVE('',#4639,#4647,#4649,.T.);
#4647 = VERTEX_POINT('',#4648);
#4648 = CARTESIAN_POINT('',(117.5,-34.88838037345,16.064189773958));
#4649 = CIRCLE('',#4650,1.55);
#4650 = AXIS2_PLACEMENT_3D('',#4651,#4652,#4653);
#4651 = CARTESIAN_POINT('',(117.5,-35.295,17.559903810568));
#4652 = DIRECTION('',(-1.,-3.319989901625E-17,-2.755629954852E-16));
#4653 = DIRECTION('',(-2.22044604925E-16,-0.5,0.866025403784));
#4654 = ORIENTED_EDGE('',*,*,#4655,.T.);
#4655 = EDGE_CURVE('',#4647,#4656,#4658,.T.);
#4656 = VERTEX_POINT('',#4657);
#4657 = CARTESIAN_POINT('',(117.5,-35.29500011167,15.359903810567));
#4658 = LINE('',#4659,#4660);
#4659 = CARTESIAN_POINT('',(117.5,-12.65784015066,54.568610405778));
#4660 = VECTOR('',#4661,1.);
#4661 = DIRECTION('',(-1.838807046204E-16,-0.50000004396,-0.866025378404
    ));
#4662 = ORIENTED_EDGE('',*,*,#4663,.T.);
#4663 = EDGE_CURVE('',#4656,#4664,#4666,.T.);
#4664 = VERTEX_POINT('',#4665);
#4665 = CARTESIAN_POINT('',(117.5,-35.70161977839,16.064189815239));
#4666 = LINE('',#4667,#4668);
#4667 = CARTESIAN_POINT('',(117.5,-27.31103710214,1.531272611214));
#4668 = VECTOR('',#4669,1.);
#4669 = DIRECTION('',(-1.838806722866E-16,-0.49999995604,0.866025429165)
  );
#4670 = ORIENTED_EDGE('',*,*,#4671,.T.);
#4671 = EDGE_CURVE('',#4664,#4672,#4674,.T.);
#4672 = VERTEX_POINT('',#4673);
#4673 = CARTESIAN_POINT('',(117.5,-36.79363616577,17.955617902609));
#4674 = CIRCLE('',#4675,1.55);
#4675 = AXIS2_PLACEMENT_3D('',#4676,#4677,#4678);
#4676 = CARTESIAN_POINT('',(117.5,-35.295,17.559903810568));
#4677 = DIRECTION('',(-1.,-3.319989901625E-17,-2.755629954852E-16));
#4678 = DIRECTION('',(-2.22044604925E-16,-0.5,0.866025403784));
#4679 = ORIENTED_EDGE('',*,*,#4680,.T.);
#4680 = EDGE_CURVE('',#4672,#4681,#4683,.T.);
#4681 = VERTEX_POINT('',#4682);
#4682 = CARTESIAN_POINT('',(117.5,-37.20025583248,18.659903907281));
#4683 = LINE('',#4684,#4685);
#4684 = CARTESIAN_POINT('',(117.5,-27.31103710214,1.531272611214));
#4685 = VECTOR('',#4686,1.);
#4686 = DIRECTION('',(-1.838806722866E-16,-0.49999995604,0.866025429165)
  );
#4687 = ORIENTED_EDGE('',*,*,#4688,.T.);
#4688 = EDGE_CURVE('',#4681,#4620,#4689,.T.);
#4689 = LINE('',#4690,#4691);
#4690 = CARTESIAN_POINT('',(117.5,28.8051272528,18.6599005568));
#4691 = VECTOR('',#4692,1.);
#4692 = DIRECTION('',(3.677613769071E-16,1.,-5.07606956468E-08));
#4693 = FACE_BOUND('',#4694,.F.);
#4694 = EDGE_LOOP('',(#4695,#4706,#4714,#4722,#4731,#4739,#4747,#4756,
    #4764));
#4695 = ORIENTED_EDGE('',*,*,#4696,.T.);
#4696 = EDGE_CURVE('',#4697,#4699,#4701,.T.);
#4697 = VERTEX_POINT('',#4698);
#4698 = CARTESIAN_POINT('',(117.5,-11.47201642755,18.530000055432));
#4699 = VERTEX_POINT('',#4700);
#4700 = CARTESIAN_POINT('',(117.5,-9.287983460771,18.529999944568));
#4701 = CIRCLE('',#4702,1.55);
#4702 = AXIS2_PLACEMENT_3D('',#4703,#4704,#4705);
#4703 = CARTESIAN_POINT('',(117.5,-10.38,17.43));
#4704 = DIRECTION('',(-1.,-4.17792436293E-16,-4.976076004103E-16));
#4705 = DIRECTION('',(-2.22044604925E-16,-0.5,0.866025403784));
#4706 = ORIENTED_EDGE('',*,*,#4707,.T.);
#4707 = EDGE_CURVE('',#4699,#4708,#4710,.T.);
#4708 = VERTEX_POINT('',#4709);
#4709 = CARTESIAN_POINT('',(117.5,-8.474744055837,18.529999903287));
#4710 = LINE('',#4711,#4712);
#4711 = CARTESIAN_POINT('',(117.5,41.262627249503,18.529997378584));
#4712 = VECTOR('',#4713,1.);
#4713 = DIRECTION('',(3.677613769071E-16,1.,-5.076069542476E-08));
#4714 = ORIENTED_EDGE('',*,*,#4715,.T.);
#4715 = EDGE_CURVE('',#4708,#4716,#4718,.T.);
#4716 = VERTEX_POINT('',#4717);
#4717 = CARTESIAN_POINT('',(117.5,-8.881363794055,17.825713939896));
#4718 = LINE('',#4719,#4720);
#4719 = CARTESIAN_POINT('',(117.5,9.170909303348,49.093164471319));
#4720 = VECTOR('',#4721,1.);
#4721 = DIRECTION('',(-1.838807046204E-16,-0.50000004396,-0.866025378404
    ));
#4722 = ORIENTED_EDGE('',*,*,#4723,.T.);
#4723 = EDGE_CURVE('',#4716,#4724,#4726,.T.);
#4724 = VERTEX_POINT('',#4725);
#4725 = CARTESIAN_POINT('',(117.5,-9.973380373457,15.934285963391));
#4726 = CIRCLE('',#4727,1.55);
#4727 = AXIS2_PLACEMENT_3D('',#4728,#4729,#4730);
#4728 = CARTESIAN_POINT('',(117.5,-10.38,17.43));
#4729 = DIRECTION('',(-1.,-4.17792436293E-16,-4.976076004103E-16));
#4730 = DIRECTION('',(-2.22044604925E-16,-0.5,0.866025403784));
#4731 = ORIENTED_EDGE('',*,*,#4732,.T.);
#4732 = EDGE_CURVE('',#4724,#4733,#4735,.T.);
#4733 = VERTEX_POINT('',#4734);
#4734 = CARTESIAN_POINT('',(117.5,-10.38000011167,15.23));
#4735 = LINE('',#4736,#4737);
#4736 = CARTESIAN_POINT('',(117.5,9.170909303348,49.093164471319));
#4737 = VECTOR('',#4738,1.);
#4738 = DIRECTION('',(-1.838807046204E-16,-0.50000004396,-0.866025378404
    ));
#4739 = ORIENTED_EDGE('',*,*,#4740,.T.);
#4740 = EDGE_CURVE('',#4733,#4741,#4743,.T.);
#4741 = VERTEX_POINT('',#4742);
#4742 = CARTESIAN_POINT('',(117.5,-10.78661977839,15.934286004671));
#4743 = LINE('',#4744,#4745);
#4744 = CARTESIAN_POINT('',(117.5,-5.538536552859,6.84433815011));
#4745 = VECTOR('',#4746,1.);
#4746 = DIRECTION('',(-1.838806722866E-16,-0.49999995604,0.866025429165)
  );
#4747 = ORIENTED_EDGE('',*,*,#4748,.T.);
#4748 = EDGE_CURVE('',#4741,#4749,#4751,.T.);
#4749 = VERTEX_POINT('',#4750);
#4750 = CARTESIAN_POINT('',(117.5,-11.87863616577,17.825714092041));
#4751 = CIRCLE('',#4752,1.55);
#4752 = AXIS2_PLACEMENT_3D('',#4753,#4754,#4755);
#4753 = CARTESIAN_POINT('',(117.5,-10.38,17.43));
#4754 = DIRECTION('',(-1.,-4.17792436293E-16,-4.976076004103E-16));
#4755 = DIRECTION('',(-2.22044604925E-16,-0.5,0.866025403784));
#4756 = ORIENTED_EDGE('',*,*,#4757,.T.);
#4757 = EDGE_CURVE('',#4749,#4758,#4760,.T.);
#4758 = VERTEX_POINT('',#4759);
#4759 = CARTESIAN_POINT('',(117.5,-12.28525583248,18.530000096713));
#4760 = LINE('',#4761,#4762);
#4761 = CARTESIAN_POINT('',(117.5,-5.538536552859,6.84433815011));
#4762 = VECTOR('',#4763,1.);
#4763 = DIRECTION('',(-1.838806722866E-16,-0.49999995604,0.866025429165)
  );
#4764 = ORIENTED_EDGE('',*,*,#4765,.T.);
#4765 = EDGE_CURVE('',#4758,#4697,#4766,.T.);
#4766 = LINE('',#4767,#4768);
#4767 = CARTESIAN_POINT('',(117.5,41.262627249503,18.529997378584));
#4768 = VECTOR('',#4769,1.);
#4769 = DIRECTION('',(3.677613769071E-16,1.,-5.076069542476E-08));
#4770 = FACE_BOUND('',#4771,.F.);
#4771 = EDGE_LOOP('',(#4772,#4783,#4791,#4799,#4808,#4816,#4824,#4833,
    #4841));
#4772 = ORIENTED_EDGE('',*,*,#4773,.T.);
#4773 = EDGE_CURVE('',#4774,#4776,#4778,.T.);
#4774 = VERTEX_POINT('',#4775);
#4775 = CARTESIAN_POINT('',(117.5,12.147983572445,18.530000055432));
#4776 = VERTEX_POINT('',#4777);
#4777 = CARTESIAN_POINT('',(117.5,14.332016539229,18.529999944568));
#4778 = CIRCLE('',#4779,1.55);
#4779 = AXIS2_PLACEMENT_3D('',#4780,#4781,#4782);
#4780 = CARTESIAN_POINT('',(117.5,13.24,17.43));
#4781 = DIRECTION('',(-1.,-4.17792436293E-16,-4.976076004103E-16));
#4782 = DIRECTION('',(-2.22044604925E-16,-0.5,0.866025403784));
#4783 = ORIENTED_EDGE('',*,*,#4784,.T.);
#4784 = EDGE_CURVE('',#4776,#4785,#4787,.T.);
#4785 = VERTEX_POINT('',#4786);
#4786 = CARTESIAN_POINT('',(117.5,15.145255944163,18.529999903287));
#4787 = LINE('',#4788,#4789);
#4788 = CARTESIAN_POINT('',(117.5,53.072627249503,18.529997978068));
#4789 = VECTOR('',#4790,1.);
#4790 = DIRECTION('',(3.677613769071E-16,1.,-5.076069542476E-08));
#4791 = ORIENTED_EDGE('',*,*,#4792,.T.);
#4792 = EDGE_CURVE('',#4785,#4793,#4795,.T.);
#4793 = VERTEX_POINT('',#4794);
#4794 = CARTESIAN_POINT('',(117.5,14.738636205945,17.825713939896));
#4795 = LINE('',#4796,#4797);
#4796 = CARTESIAN_POINT('',(117.5,29.838408784179,43.97928416223));
#4797 = VECTOR('',#4798,1.);
#4798 = DIRECTION('',(-1.838807046204E-16,-0.50000004396,-0.866025378404
    ));
#4799 = ORIENTED_EDGE('',*,*,#4800,.T.);
#4800 = EDGE_CURVE('',#4793,#4801,#4803,.T.);
#4801 = VERTEX_POINT('',#4802);
#4802 = CARTESIAN_POINT('',(117.5,13.646619626543,15.934285963391));
#4803 = CIRCLE('',#4804,1.55);
#4804 = AXIS2_PLACEMENT_3D('',#4805,#4806,#4807);
#4805 = CARTESIAN_POINT('',(117.5,13.24,17.43));
#4806 = DIRECTION('',(-1.,-4.17792436293E-16,-4.976076004103E-16));
#4807 = DIRECTION('',(-2.22044604925E-16,-0.5,0.866025403784));
#4808 = ORIENTED_EDGE('',*,*,#4809,.T.);
#4809 = EDGE_CURVE('',#4801,#4810,#4812,.T.);
#4810 = VERTEX_POINT('',#4811);
#4811 = CARTESIAN_POINT('',(117.5,13.239999888326,15.23));
#4812 = LINE('',#4813,#4814);
#4813 = CARTESIAN_POINT('',(117.5,29.838408784179,43.97928416223));
#4814 = VECTOR('',#4815,1.);
#4815 = DIRECTION('',(-1.838807046204E-16,-0.50000004396,-0.866025378404
    ));
#4816 = ORIENTED_EDGE('',*,*,#4817,.T.);
#4817 = EDGE_CURVE('',#4810,#4818,#4820,.T.);
#4818 = VERTEX_POINT('',#4819);
#4819 = CARTESIAN_POINT('',(117.5,12.833380221609,15.934286004671));
#4820 = LINE('',#4821,#4822);
#4821 = CARTESIAN_POINT('',(117.5,15.128963966312,11.958217859713));
#4822 = VECTOR('',#4823,1.);
#4823 = DIRECTION('',(-1.838806722866E-16,-0.49999995604,0.866025429165)
  );
#4824 = ORIENTED_EDGE('',*,*,#4825,.T.);
#4825 = EDGE_CURVE('',#4818,#4826,#4828,.T.);
#4826 = VERTEX_POINT('',#4827);
#4827 = CARTESIAN_POINT('',(117.5,11.741363834228,17.825714092041));
#4828 = CIRCLE('',#4829,1.55);
#4829 = AXIS2_PLACEMENT_3D('',#4830,#4831,#4832);
#4830 = CARTESIAN_POINT('',(117.5,13.24,17.43));
#4831 = DIRECTION('',(-1.,-4.17792436293E-16,-4.976076004103E-16));
#4832 = DIRECTION('',(-2.22044604925E-16,-0.5,0.866025403784));
#4833 = ORIENTED_EDGE('',*,*,#4834,.T.);
#4834 = EDGE_CURVE('',#4826,#4835,#4837,.T.);
#4835 = VERTEX_POINT('',#4836);
#4836 = CARTESIAN_POINT('',(117.5,11.334744167512,18.530000096713));
#4837 = LINE('',#4838,#4839);
#4838 = CARTESIAN_POINT('',(117.5,15.128963966312,11.958217859713));
#4839 = VECTOR('',#4840,1.);
#4840 = DIRECTION('',(-1.838806722866E-16,-0.49999995604,0.866025429165)
  );
#4841 = ORIENTED_EDGE('',*,*,#4842,.T.);
#4842 = EDGE_CURVE('',#4835,#4774,#4843,.T.);
#4843 = LINE('',#4844,#4845);
#4844 = CARTESIAN_POINT('',(117.5,53.072627249503,18.529997978068));
#4845 = VECTOR('',#4846,1.);
#4846 = DIRECTION('',(3.677613769071E-16,1.,-5.076069542476E-08));
#4847 = PLANE('',#4848);
#4848 = AXIS2_PLACEMENT_3D('',#4849,#4850,#4851);
#4849 = CARTESIAN_POINT('',(117.5,91.,47.));
#4850 = DIRECTION('',(1.,-3.677613769071E-16,0.));
#4851 = DIRECTION('',(8.165942964201E-32,2.22044604925E-16,-1.));
#4852 = ADVANCED_FACE('',(#4853),#4871,.T.);
#4853 = FACE_BOUND('',#4854,.T.);
#4854 = EDGE_LOOP('',(#4855,#4856,#4864,#4870));
#4855 = ORIENTED_EDGE('',*,*,#4521,.T.);
#4856 = ORIENTED_EDGE('',*,*,#4857,.T.);
#4857 = EDGE_CURVE('',#4522,#4858,#4860,.T.);
#4858 = VERTEX_POINT('',#4859);
#4859 = CARTESIAN_POINT('',(115.5,68.5,13.99));
#4860 = LINE('',#4861,#4862);
#4861 = CARTESIAN_POINT('',(107.92,76.08,6.41));
#4862 = VECTOR('',#4863,1.);
#4863 = DIRECTION('',(-0.57735026919,0.57735026919,-0.57735026919));
#4864 = ORIENTED_EDGE('',*,*,#4865,.F.);
#4865 = EDGE_CURVE('',#1828,#4858,#4866,.T.);
#4866 = LINE('',#4867,#4868);
#4867 = CARTESIAN_POINT('',(115.5,68.5,0.));
#4868 = VECTOR('',#4869,1.);
#4869 = DIRECTION('',(0.,0.,1.));
#4870 = ORIENTED_EDGE('',*,*,#1835,.F.);
#4871 = PLANE('',#4872);
#4872 = AXIS2_PLACEMENT_3D('',#4873,#4874,#4875);
#4873 = CARTESIAN_POINT('',(116.5,67.5,0.));
#4874 = DIRECTION('',(-0.707106781187,-0.707106781187,0.));
#4875 = DIRECTION('',(0.,0.,1.));
#4876 = ADVANCED_FACE('',(#4877),#4896,.T.);
#4877 = FACE_BOUND('',#4878,.T.);
#4878 = EDGE_LOOP('',(#4879,#4880,#4888,#4894,#4895));
#4879 = ORIENTED_EDGE('',*,*,#4865,.T.);
#4880 = ORIENTED_EDGE('',*,*,#4881,.T.);
#4881 = EDGE_CURVE('',#4858,#4882,#4884,.T.);
#4882 = VERTEX_POINT('',#4883);
#4883 = CARTESIAN_POINT('',(102.51,68.5,1.));
#4884 = LINE('',#4885,#4886);
#4885 = CARTESIAN_POINT('',(110.505,68.5,8.995));
#4886 = VECTOR('',#4887,1.);
#4887 = DIRECTION('',(-0.707106781187,2.600465634695E-16,-0.707106781187
    ));
#4888 = ORIENTED_EDGE('',*,*,#4889,.T.);
#4889 = EDGE_CURVE('',#4882,#1859,#4890,.T.);
#4890 = LINE('',#4891,#4892);
#4891 = CARTESIAN_POINT('',(120.5,68.5,1.));
#4892 = VECTOR('',#4893,1.);
#4893 = DIRECTION('',(-1.,3.677613769071E-16,0.));
#4894 = ORIENTED_EDGE('',*,*,#1858,.F.);
#4895 = ORIENTED_EDGE('',*,*,#1892,.F.);
#4896 = PLANE('',#4897);
#4897 = AXIS2_PLACEMENT_3D('',#4898,#4899,#4900);
#4898 = CARTESIAN_POINT('',(120.5,68.5,0.));
#4899 = DIRECTION('',(-3.677613769071E-16,-1.,0.));
#4900 = DIRECTION('',(-1.,3.677613769071E-16,0.));
#4901 = ADVANCED_FACE('',(#4902),#4913,.T.);
#4902 = FACE_BOUND('',#4903,.T.);
#4903 = EDGE_LOOP('',(#4904,#4905,#4911,#4912));
#4904 = ORIENTED_EDGE('',*,*,#4889,.F.);
#4905 = ORIENTED_EDGE('',*,*,#4906,.F.);
#4906 = EDGE_CURVE('',#4490,#4882,#4907,.T.);
#4907 = LINE('',#4908,#4909);
#4908 = CARTESIAN_POINT('',(102.51,91.,1.));
#4909 = VECTOR('',#4910,1.);
#4910 = DIRECTION('',(-3.677613769071E-16,-1.,0.));
#4911 = ORIENTED_EDGE('',*,*,#4507,.T.);
#4912 = ORIENTED_EDGE('',*,*,#1866,.F.);
#4913 = PLANE('',#4914);
#4914 = AXIS2_PLACEMENT_3D('',#4915,#4916,#4917);
#4915 = CARTESIAN_POINT('',(111.5,-4.100539352514E-14,1.));
#4916 = DIRECTION('',(0.,0.,1.));
#4917 = DIRECTION('',(-1.,3.677613769071E-16,0.));
#4918 = ADVANCED_FACE('',(#4919),#4931,.F.);
#4919 = FACE_BOUND('',#4920,.F.);
#4920 = EDGE_LOOP('',(#4921,#4922,#4923,#4924,#4925,#4926,#4927,#4928,
    #4929,#4930));
#4921 = ORIENTED_EDGE('',*,*,#1947,.F.);
#4922 = ORIENTED_EDGE('',*,*,#1923,.F.);
#4923 = ORIENTED_EDGE('',*,*,#1914,.F.);
#4924 = ORIENTED_EDGE('',*,*,#2117,.F.);
#4925 = ORIENTED_EDGE('',*,*,#2093,.F.);
#4926 = ORIENTED_EDGE('',*,*,#2070,.F.);
#4927 = ORIENTED_EDGE('',*,*,#2044,.F.);
#4928 = ORIENTED_EDGE('',*,*,#2020,.F.);
#4929 = ORIENTED_EDGE('',*,*,#2005,.F.);
#4930 = ORIENTED_EDGE('',*,*,#1971,.F.);
#4931 = PLANE('',#4932);
#4932 = AXIS2_PLACEMENT_3D('',#4933,#4934,#4935);
#4933 = CARTESIAN_POINT('',(111.51227834753,84.96437729704,4.845));
#4934 = DIRECTION('',(8.659560562355E-17,8.659560562355E-17,1.));
#4935 = DIRECTION('',(2.22044604925E-16,1.,-8.659560562355E-17));
#4936 = ADVANCED_FACE('',(#4937),#4949,.F.);
#4937 = FACE_BOUND('',#4938,.F.);
#4938 = EDGE_LOOP('',(#4939,#4940,#4941,#4942,#4943,#4944,#4945,#4946,
    #4947,#4948));
#4939 = ORIENTED_EDGE('',*,*,#2194,.F.);
#4940 = ORIENTED_EDGE('',*,*,#2170,.F.);
#4941 = ORIENTED_EDGE('',*,*,#2161,.F.);
#4942 = ORIENTED_EDGE('',*,*,#2364,.F.);
#4943 = ORIENTED_EDGE('',*,*,#2340,.F.);
#4944 = ORIENTED_EDGE('',*,*,#2317,.F.);
#4945 = ORIENTED_EDGE('',*,*,#2291,.F.);
#4946 = ORIENTED_EDGE('',*,*,#2267,.F.);
#4947 = ORIENTED_EDGE('',*,*,#2252,.F.);
#4948 = ORIENTED_EDGE('',*,*,#2218,.F.);
#4949 = PLANE('',#4950);
#4950 = AXIS2_PLACEMENT_3D('',#4951,#4952,#4953);
#4951 = CARTESIAN_POINT('',(111.51227834753,-84.99562270296,4.845));
#4952 = DIRECTION('',(8.659560562355E-17,8.659560562355E-17,1.));
#4953 = DIRECTION('',(2.22044604925E-16,1.,-8.659560562355E-17));
#4954 = ADVANCED_FACE('',(#4955),#4968,.F.);
#4955 = FACE_BOUND('',#4956,.F.);
#4956 = EDGE_LOOP('',(#4957,#4958,#4959,#4965,#4966,#4967));
#4957 = ORIENTED_EDGE('',*,*,#3521,.F.);
#4958 = ORIENTED_EDGE('',*,*,#3285,.T.);
#4959 = ORIENTED_EDGE('',*,*,#4960,.T.);
#4960 = EDGE_CURVE('',#3286,#2401,#4961,.T.);
#4961 = LINE('',#4962,#4963);
#4962 = CARTESIAN_POINT('',(3.456956942927E-14,94.,50.));
#4963 = VECTOR('',#4964,1.);
#4964 = DIRECTION('',(-3.677613769071E-16,-1.,0.));
#4965 = ORIENTED_EDGE('',*,*,#2400,.F.);
#4966 = ORIENTED_EDGE('',*,*,#2449,.F.);
#4967 = ORIENTED_EDGE('',*,*,#3486,.F.);
#4968 = PLANE('',#4969);
#4969 = AXIS2_PLACEMENT_3D('',#4970,#4971,#4972);
#4970 = CARTESIAN_POINT('',(3.456956942927E-14,94.,0.));
#4971 = DIRECTION('',(1.,-3.677613769071E-16,0.));
#4972 = DIRECTION('',(-3.677613769071E-16,-1.,0.));
#4973 = ADVANCED_FACE('',(#4974),#4980,.T.);
#4974 = FACE_BOUND('',#4975,.T.);
#4975 = EDGE_LOOP('',(#4976,#4977,#4978,#4979));
#4976 = ORIENTED_EDGE('',*,*,#4960,.T.);
#4977 = ORIENTED_EDGE('',*,*,#2418,.T.);
#4978 = ORIENTED_EDGE('',*,*,#3177,.T.);
#4979 = ORIENTED_EDGE('',*,*,#3293,.T.);
#4980 = PLANE('',#4981);
#4981 = AXIS2_PLACEMENT_3D('',#4982,#4983,#4984);
#4982 = CARTESIAN_POINT('',(60.25,-2.215762295865E-14,50.));
#4983 = DIRECTION('',(0.,0.,1.));
#4984 = DIRECTION('',(-1.,3.677613769071E-16,0.));
#4985 = ADVANCED_FACE('',(#4986),#4998,.F.);
#4986 = FACE_BOUND('',#4987,.F.);
#4987 = EDGE_LOOP('',(#4988,#4989,#4990,#4991,#4992,#4993,#4994,#4995,
    #4996,#4997));
#4988 = ORIENTED_EDGE('',*,*,#2526,.T.);
#4989 = ORIENTED_EDGE('',*,*,#2550,.T.);
#4990 = ORIENTED_EDGE('',*,*,#2580,.T.);
#4991 = ORIENTED_EDGE('',*,*,#2599,.T.);
#4992 = ORIENTED_EDGE('',*,*,#2623,.T.);
#4993 = ORIENTED_EDGE('',*,*,#2645,.T.);
#4994 = ORIENTED_EDGE('',*,*,#2672,.T.);
#4995 = ORIENTED_EDGE('',*,*,#2696,.T.);
#4996 = ORIENTED_EDGE('',*,*,#2509,.T.);
#4997 = ORIENTED_EDGE('',*,*,#2500,.T.);
#4998 = PLANE('',#4999);
#4999 = AXIS2_PLACEMENT_3D('',#5000,#5001,#5002);
#5000 = CARTESIAN_POINT('',(-3.925905220974,-86.16,10.012885224056));
#5001 = DIRECTION('',(4.252295203646E-16,1.,3.737038904755E-16));
#5002 = DIRECTION('',(0.5,1.110223024625E-16,-0.866025403784));
#5003 = ADVANCED_FACE('',(#5004),#5016,.F.);
#5004 = FACE_BOUND('',#5005,.F.);
#5005 = EDGE_LOOP('',(#5006,#5007,#5008,#5009,#5010,#5011,#5012,#5013,
    #5014,#5015));
#5006 = ORIENTED_EDGE('',*,*,#2754,.T.);
#5007 = ORIENTED_EDGE('',*,*,#2778,.T.);
#5008 = ORIENTED_EDGE('',*,*,#2808,.T.);
#5009 = ORIENTED_EDGE('',*,*,#2827,.T.);
#5010 = ORIENTED_EDGE('',*,*,#2851,.T.);
#5011 = ORIENTED_EDGE('',*,*,#2873,.T.);
#5012 = ORIENTED_EDGE('',*,*,#2900,.T.);
#5013 = ORIENTED_EDGE('',*,*,#2924,.T.);
#5014 = ORIENTED_EDGE('',*,*,#2737,.T.);
#5015 = ORIENTED_EDGE('',*,*,#2728,.T.);
#5016 = PLANE('',#5017);
#5017 = AXIS2_PLACEMENT_3D('',#5018,#5019,#5020);
#5018 = CARTESIAN_POINT('',(-4.011399980316,-86.16,20.020966491019));
#5019 = DIRECTION('',(4.252295203646E-16,1.,3.737038904755E-16));
#5020 = DIRECTION('',(0.5,1.110223024625E-16,-0.866025403784));
#5021 = ADVANCED_FACE('',(#5022),#5034,.F.);
#5022 = FACE_BOUND('',#5023,.F.);
#5023 = EDGE_LOOP('',(#5024,#5025,#5026,#5027,#5028,#5029,#5030,#5031,
    #5032,#5033));
#5024 = ORIENTED_EDGE('',*,*,#2982,.T.);
#5025 = ORIENTED_EDGE('',*,*,#3006,.T.);
#5026 = ORIENTED_EDGE('',*,*,#3036,.T.);
#5027 = ORIENTED_EDGE('',*,*,#3055,.T.);
#5028 = ORIENTED_EDGE('',*,*,#3079,.T.);
#5029 = ORIENTED_EDGE('',*,*,#3101,.T.);
#5030 = ORIENTED_EDGE('',*,*,#3128,.T.);
#5031 = ORIENTED_EDGE('',*,*,#3152,.T.);
#5032 = ORIENTED_EDGE('',*,*,#2965,.T.);
#5033 = ORIENTED_EDGE('',*,*,#2956,.T.);
#5034 = PLANE('',#5035);
#5035 = AXIS2_PLACEMENT_3D('',#5036,#5037,#5038);
#5036 = CARTESIAN_POINT('',(-4.015913977545,-86.16,29.948784963565));
#5037 = DIRECTION('',(4.252295203646E-16,1.,3.737038904755E-16));
#5038 = DIRECTION('',(0.5,1.110223024625E-16,-0.866025403784));
#5039 = ADVANCED_FACE('',(#5040,#5043),#5054,.F.);
#5040 = FACE_BOUND('',#5041,.F.);
#5041 = EDGE_LOOP('',(#5042));
#5042 = ORIENTED_EDGE('',*,*,#3199,.F.);
#5043 = FACE_BOUND('',#5044,.F.);
#5044 = EDGE_LOOP('',(#5045));
#5045 = ORIENTED_EDGE('',*,*,#5046,.T.);
#5046 = EDGE_CURVE('',#5047,#5047,#5049,.T.);
#5047 = VERTEX_POINT('',#5048);
#5048 = CARTESIAN_POINT('',(120.,-33.2195,17.5522));
#5049 = CIRCLE('',#5050,2.);
#5050 = AXIS2_PLACEMENT_3D('',#5051,#5052,#5053);
#5051 = CARTESIAN_POINT('',(120.,-35.2195,17.5522));
#5052 = DIRECTION('',(1.,-3.677613769071E-16,0.));
#5053 = DIRECTION('',(3.677613769071E-16,1.,0.));
#5054 = PLANE('',#5055);
#5055 = AXIS2_PLACEMENT_3D('',#5056,#5057,#5058);
#5056 = CARTESIAN_POINT('',(120.,-10.78516466666,17.483338666667));
#5057 = DIRECTION('',(-1.,3.677613769071E-16,0.));
#5058 = DIRECTION('',(0.,0.,1.));
#5059 = ADVANCED_FACE('',(#5060,#5063),#5074,.F.);
#5060 = FACE_BOUND('',#5061,.F.);
#5061 = EDGE_LOOP('',(#5062));
#5062 = ORIENTED_EDGE('',*,*,#3224,.F.);
#5063 = FACE_BOUND('',#5064,.F.);
#5064 = EDGE_LOOP('',(#5065));
#5065 = ORIENTED_EDGE('',*,*,#5066,.T.);
#5066 = EDGE_CURVE('',#5067,#5067,#5069,.T.);
#5067 = VERTEX_POINT('',#5068);
#5068 = CARTESIAN_POINT('',(120.,-8.3909,17.4194));
#5069 = CIRCLE('',#5070,2.);
#5070 = AXIS2_PLACEMENT_3D('',#5071,#5072,#5073);
#5071 = CARTESIAN_POINT('',(120.,-10.3909,17.4194));
#5072 = DIRECTION('',(1.,-3.677613769071E-16,0.));
#5073 = DIRECTION('',(3.677613769071E-16,1.,0.));
#5074 = PLANE('',#5075);
#5075 = AXIS2_PLACEMENT_3D('',#5076,#5077,#5078);
#5076 = CARTESIAN_POINT('',(120.,-10.78516466666,17.483338666667));
#5077 = DIRECTION('',(-1.,3.677613769071E-16,0.));
#5078 = DIRECTION('',(0.,0.,1.));
#5079 = ADVANCED_FACE('',(#5080,#5083),#5094,.F.);
#5080 = FACE_BOUND('',#5081,.F.);
#5081 = EDGE_LOOP('',(#5082));
#5082 = ORIENTED_EDGE('',*,*,#3249,.F.);
#5083 = FACE_BOUND('',#5084,.F.);
#5084 = EDGE_LOOP('',(#5085));
#5085 = ORIENTED_EDGE('',*,*,#5086,.T.);
#5086 = EDGE_CURVE('',#5087,#5087,#5089,.T.);
#5087 = VERTEX_POINT('',#5088);
#5088 = CARTESIAN_POINT('',(120.,15.254906,17.478416));
#5089 = CIRCLE('',#5090,2.);
#5090 = AXIS2_PLACEMENT_3D('',#5091,#5092,#5093);
#5091 = CARTESIAN_POINT('',(120.,13.254906,17.478416));
#5092 = DIRECTION('',(1.,-3.677613769071E-16,0.));
#5093 = DIRECTION('',(3.677613769071E-16,1.,0.));
#5094 = PLANE('',#5095);
#5095 = AXIS2_PLACEMENT_3D('',#5096,#5097,#5098);
#5096 = CARTESIAN_POINT('',(120.,-10.78516466666,17.483338666667));
#5097 = DIRECTION('',(-1.,3.677613769071E-16,0.));
#5098 = DIRECTION('',(0.,0.,1.));
#5099 = ADVANCED_FACE('',(#5100),#5119,.T.);
#5100 = FACE_BOUND('',#5101,.T.);
#5101 = EDGE_LOOP('',(#5102,#5110,#5111,#5112));
#5102 = ORIENTED_EDGE('',*,*,#5103,.F.);
#5103 = EDGE_CURVE('',#3404,#5104,#5106,.T.);
#5104 = VERTEX_POINT('',#5105);
#5105 = CARTESIAN_POINT('',(49.117,-50.86,43.));
#5106 = LINE('',#5107,#5108);
#5107 = CARTESIAN_POINT('',(49.117,-50.86,43.));
#5108 = VECTOR('',#5109,1.);
#5109 = DIRECTION('',(0.707106781187,-1.359111284548E-15,-0.707106781187
    ));
#5110 = ORIENTED_EDGE('',*,*,#3403,.T.);
#5111 = ORIENTED_EDGE('',*,*,#5103,.T.);
#5112 = ORIENTED_EDGE('',*,*,#5113,.F.);
#5113 = EDGE_CURVE('',#5104,#5104,#5114,.T.);
#5114 = CIRCLE('',#5115,4.);
#5115 = AXIS2_PLACEMENT_3D('',#5116,#5117,#5118);
#5116 = CARTESIAN_POINT('',(53.117,-50.86,43.));
#5117 = DIRECTION('',(8.165942964201E-32,2.22044604925E-16,-1.));
#5118 = DIRECTION('',(-1.,2.144118216307E-15,3.944304526104E-31));
#5119 = CONICAL_SURFACE('',#5120,4.,0.785398163397);
#5120 = AXIS2_PLACEMENT_3D('',#5121,#5122,#5123);
#5121 = CARTESIAN_POINT('',(53.117,-50.86,43.));
#5122 = DIRECTION('',(-8.165942964201E-32,-2.22044604925E-16,1.));
#5123 = DIRECTION('',(-1.,2.144118216307E-15,3.944304526104E-31));
#5124 = ADVANCED_FACE('',(#5125),#5141,.F.);
#5125 = FACE_BOUND('',#5126,.T.);
#5126 = EDGE_LOOP('',(#5127,#5133,#5134,#5140));
#5127 = ORIENTED_EDGE('',*,*,#5128,.F.);
#5128 = EDGE_CURVE('',#4578,#3423,#5129,.T.);
#5129 = LINE('',#5130,#5131);
#5130 = CARTESIAN_POINT('',(116.8333333333,-78.44666666666,
    45.666666666667));
#5131 = VECTOR('',#5132,1.);
#5132 = DIRECTION('',(-0.57735026919,-0.57735026919,0.57735026919));
#5133 = ORIENTED_EDGE('',*,*,#4585,.T.);
#5134 = ORIENTED_EDGE('',*,*,#5135,.T.);
#5135 = EDGE_CURVE('',#4586,#3415,#5136,.T.);
#5136 = LINE('',#5137,#5138);
#5137 = CARTESIAN_POINT('',(117.,-89.,45.5));
#5138 = VECTOR('',#5139,1.);
#5139 = DIRECTION('',(-0.707106781187,2.600465634695E-16,0.707106781187)
  );
#5140 = ORIENTED_EDGE('',*,*,#3422,.F.);
#5141 = PLANE('',#5142);
#5142 = AXIS2_PLACEMENT_3D('',#5143,#5144,#5145);
#5143 = CARTESIAN_POINT('',(116.5,-77.78,46.));
#5144 = DIRECTION('',(0.707106781187,-7.50402048497E-16,0.707106781187)
  );
#5145 = DIRECTION('',(6.034727630995E-16,1.,4.577559911175E-16));
#5146 = ADVANCED_FACE('',(#5147),#5165,.T.);
#5147 = FACE_BOUND('',#5148,.T.);
#5148 = EDGE_LOOP('',(#5149,#5150,#5151,#5159));
#5149 = ORIENTED_EDGE('',*,*,#5128,.T.);
#5150 = ORIENTED_EDGE('',*,*,#3430,.T.);
#5151 = ORIENTED_EDGE('',*,*,#5152,.T.);
#5152 = EDGE_CURVE('',#3431,#5153,#5155,.T.);
#5153 = VERTEX_POINT('',#5154);
#5154 = CARTESIAN_POINT('',(86.31,-77.78,45.));
#5155 = LINE('',#5156,#5157);
#5156 = CARTESIAN_POINT('',(92.175,-83.645,50.865));
#5157 = VECTOR('',#5158,1.);
#5158 = DIRECTION('',(-0.57735026919,0.57735026919,-0.57735026919));
#5159 = ORIENTED_EDGE('',*,*,#5160,.F.);
#5160 = EDGE_CURVE('',#4578,#5153,#5161,.T.);
#5161 = LINE('',#5162,#5163);
#5162 = CARTESIAN_POINT('',(117.5,-77.78,45.));
#5163 = VECTOR('',#5164,1.);
#5164 = DIRECTION('',(-1.,3.677613769071E-16,0.));
#5165 = PLANE('',#5166);
#5166 = AXIS2_PLACEMENT_3D('',#5167,#5168,#5169);
#5167 = CARTESIAN_POINT('',(117.5,-78.78,46.));
#5168 = DIRECTION('',(-2.600465634695E-16,-0.707106781187,
    -0.707106781187));
#5169 = DIRECTION('',(-1.,3.677613769071E-16,0.));
#5170 = ADVANCED_FACE('',(#5171),#5189,.F.);
#5171 = FACE_BOUND('',#5172,.T.);
#5172 = EDGE_LOOP('',(#5173,#5174,#5175,#5183));
#5173 = ORIENTED_EDGE('',*,*,#5152,.F.);
#5174 = ORIENTED_EDGE('',*,*,#3438,.T.);
#5175 = ORIENTED_EDGE('',*,*,#5176,.T.);
#5176 = EDGE_CURVE('',#3439,#5177,#5179,.T.);
#5177 = VERTEX_POINT('',#5178);
#5178 = CARTESIAN_POINT('',(86.31,-82.03,45.));
#5179 = LINE('',#5180,#5181);
#5180 = CARTESIAN_POINT('',(86.26833333333,-81.98833333333,
    44.958333333333));
#5181 = VECTOR('',#5182,1.);
#5182 = DIRECTION('',(-0.57735026919,0.57735026919,-0.57735026919));
#5183 = ORIENTED_EDGE('',*,*,#5184,.F.);
#5184 = EDGE_CURVE('',#5153,#5177,#5185,.T.);
#5185 = LINE('',#5186,#5187);
#5186 = CARTESIAN_POINT('',(86.31,-77.78,45.));
#5187 = VECTOR('',#5188,1.);
#5188 = DIRECTION('',(-3.677613769071E-16,-1.,0.));
#5189 = PLANE('',#5190);
#5190 = AXIS2_PLACEMENT_3D('',#5191,#5192,#5193);
#5191 = CARTESIAN_POINT('',(87.31,-77.78,46.));
#5192 = DIRECTION('',(-0.707106781187,2.600465634695E-16,0.707106781187)
  );
#5193 = DIRECTION('',(3.677613769071E-16,1.,0.));
#5194 = ADVANCED_FACE('',(#5195),#5213,.F.);
#5195 = FACE_BOUND('',#5196,.T.);
#5196 = EDGE_LOOP('',(#5197,#5198,#5199,#5207));
#5197 = ORIENTED_EDGE('',*,*,#5176,.F.);
#5198 = ORIENTED_EDGE('',*,*,#3446,.T.);
#5199 = ORIENTED_EDGE('',*,*,#5200,.T.);
#5200 = EDGE_CURVE('',#3447,#5201,#5203,.T.);
#5201 = VERTEX_POINT('',#5202);
#5202 = CARTESIAN_POINT('',(84.31,-82.03,45.));
#5203 = LINE('',#5204,#5205);
#5204 = CARTESIAN_POINT('',(83.97666666666,-82.36333333333,
    45.333333333333));
#5205 = VECTOR('',#5206,1.);
#5206 = DIRECTION('',(0.57735026919,0.57735026919,-0.57735026919));
#5207 = ORIENTED_EDGE('',*,*,#5208,.F.);
#5208 = EDGE_CURVE('',#5177,#5201,#5209,.T.);
#5209 = LINE('',#5210,#5211);
#5210 = CARTESIAN_POINT('',(86.31,-82.03,45.));
#5211 = VECTOR('',#5212,1.);
#5212 = DIRECTION('',(-1.,3.677613769071E-16,0.));
#5213 = PLANE('',#5214);
#5214 = AXIS2_PLACEMENT_3D('',#5215,#5216,#5217);
#5215 = CARTESIAN_POINT('',(86.31,-83.03,46.));
#5216 = DIRECTION('',(2.600465634695E-16,0.707106781187,0.707106781187)
  );
#5217 = DIRECTION('',(1.,-3.677613769071E-16,0.));
#5218 = ADVANCED_FACE('',(#5219),#5237,.T.);
#5219 = FACE_BOUND('',#5220,.T.);
#5220 = EDGE_LOOP('',(#5221,#5222,#5223,#5231));
#5221 = ORIENTED_EDGE('',*,*,#5200,.F.);
#5222 = ORIENTED_EDGE('',*,*,#3454,.T.);
#5223 = ORIENTED_EDGE('',*,*,#5224,.T.);
#5224 = EDGE_CURVE('',#3455,#5225,#5227,.T.);
#5225 = VERTEX_POINT('',#5226);
#5226 = CARTESIAN_POINT('',(84.31,-75.78,45.));
#5227 = LINE('',#5228,#5229);
#5228 = CARTESIAN_POINT('',(84.685,-76.155,44.625));
#5229 = VECTOR('',#5230,1.);
#5230 = DIRECTION('',(0.57735026919,-0.57735026919,-0.57735026919));
#5231 = ORIENTED_EDGE('',*,*,#5232,.F.);
#5232 = EDGE_CURVE('',#5201,#5225,#5233,.T.);
#5233 = LINE('',#5234,#5235);
#5234 = CARTESIAN_POINT('',(84.31,-82.03,45.));
#5235 = VECTOR('',#5236,1.);
#5236 = DIRECTION('',(3.677613769071E-16,1.,0.));
#5237 = PLANE('',#5238);
#5238 = AXIS2_PLACEMENT_3D('',#5239,#5240,#5241);
#5239 = CARTESIAN_POINT('',(83.31,-82.03,46.));
#5240 = DIRECTION('',(-0.707106781187,3.259868354226E-15,-0.707106781187
    ));
#5241 = DIRECTION('',(2.488955707502E-15,1.,2.121194330595E-15));
#5242 = ADVANCED_FACE('',(#5243),#5259,.T.);
#5243 = FACE_BOUND('',#5244,.T.);
#5244 = EDGE_LOOP('',(#5245,#5246,#5247,#5253));
#5245 = ORIENTED_EDGE('',*,*,#5224,.F.);
#5246 = ORIENTED_EDGE('',*,*,#3462,.T.);
#5247 = ORIENTED_EDGE('',*,*,#5248,.F.);
#5248 = EDGE_CURVE('',#4554,#3463,#5249,.T.);
#5249 = LINE('',#5250,#5251);
#5250 = CARTESIAN_POINT('',(83.505,-41.785,78.995));
#5251 = VECTOR('',#5252,1.);
#5252 = DIRECTION('',(-0.57735026919,0.57735026919,0.57735026919));
#5253 = ORIENTED_EDGE('',*,*,#5254,.F.);
#5254 = EDGE_CURVE('',#5225,#4554,#5255,.T.);
#5255 = LINE('',#5256,#5257);
#5256 = CARTESIAN_POINT('',(84.31,-75.78,45.));
#5257 = VECTOR('',#5258,1.);
#5258 = DIRECTION('',(1.,-3.677613769071E-16,0.));
#5259 = PLANE('',#5260);
#5260 = AXIS2_PLACEMENT_3D('',#5261,#5262,#5263);
#5261 = CARTESIAN_POINT('',(84.31,-74.78,46.));
#5262 = DIRECTION('',(2.600465634695E-16,0.707106781187,-0.707106781187)
  );
#5263 = DIRECTION('',(1.,-3.677613769071E-16,0.));
#5264 = ADVANCED_FACE('',(#5265),#5276,.F.);
#5265 = FACE_BOUND('',#5266,.T.);
#5266 = EDGE_LOOP('',(#5267,#5268,#5269,#5270));
#5267 = ORIENTED_EDGE('',*,*,#4553,.T.);
#5268 = ORIENTED_EDGE('',*,*,#5248,.T.);
#5269 = ORIENTED_EDGE('',*,*,#3470,.F.);
#5270 = ORIENTED_EDGE('',*,*,#5271,.F.);
#5271 = EDGE_CURVE('',#4546,#3471,#5272,.T.);
#5272 = LINE('',#5273,#5274);
#5273 = CARTESIAN_POINT('',(116.5,89.,46.));
#5274 = VECTOR('',#5275,1.);
#5275 = DIRECTION('',(-0.707106781187,-7.335656047741E-15,0.707106781187
    ));
#5276 = PLANE('',#5277);
#5277 = AXIS2_PLACEMENT_3D('',#5278,#5279,#5280);
#5278 = CARTESIAN_POINT('',(116.5,91.,46.));
#5279 = DIRECTION('',(0.707106781187,-2.600465634695E-16,0.707106781187)
  );
#5280 = DIRECTION('',(2.567390744446E-16,1.,1.110223024625E-16));
#5281 = ADVANCED_FACE('',(#5282),#5301,.T.);
#5282 = FACE_BOUND('',#5283,.T.);
#5283 = EDGE_LOOP('',(#5284,#5292,#5293,#5294));
#5284 = ORIENTED_EDGE('',*,*,#5285,.F.);
#5285 = EDGE_CURVE('',#3497,#5286,#5288,.T.);
#5286 = VERTEX_POINT('',#5287);
#5287 = CARTESIAN_POINT('',(49.107,50.86,43.));
#5288 = LINE('',#5289,#5290);
#5289 = CARTESIAN_POINT('',(49.107,50.86,43.));
#5290 = VECTOR('',#5291,1.);
#5291 = DIRECTION('',(0.707106781187,-1.359111284548E-15,-0.707106781187
    ));
#5292 = ORIENTED_EDGE('',*,*,#3496,.T.);
#5293 = ORIENTED_EDGE('',*,*,#5285,.T.);
#5294 = ORIENTED_EDGE('',*,*,#5295,.F.);
#5295 = EDGE_CURVE('',#5286,#5286,#5296,.T.);
#5296 = CIRCLE('',#5297,4.);
#5297 = AXIS2_PLACEMENT_3D('',#5298,#5299,#5300);
#5298 = CARTESIAN_POINT('',(53.107,50.86,43.));
#5299 = DIRECTION('',(8.165942964201E-32,2.22044604925E-16,-1.));
#5300 = DIRECTION('',(-1.,2.144118216307E-15,3.944304526104E-31));
#5301 = CONICAL_SURFACE('',#5302,4.,0.785398163397);
#5302 = AXIS2_PLACEMENT_3D('',#5303,#5304,#5305);
#5303 = CARTESIAN_POINT('',(53.107,50.86,43.));
#5304 = DIRECTION('',(-8.165942964201E-32,-2.22044604925E-16,1.));
#5305 = DIRECTION('',(-1.,2.144118216307E-15,3.944304526104E-31));
#5306 = ADVANCED_FACE('',(#5307),#5319,.F.);
#5307 = FACE_BOUND('',#5308,.F.);
#5308 = EDGE_LOOP('',(#5309,#5310,#5311,#5312,#5313,#5314,#5315,#5316,
    #5317,#5318));
#5309 = ORIENTED_EDGE('',*,*,#3701,.F.);
#5310 = ORIENTED_EDGE('',*,*,#3742,.F.);
#5311 = ORIENTED_EDGE('',*,*,#3733,.F.);
#5312 = ORIENTED_EDGE('',*,*,#3759,.F.);
#5313 = ORIENTED_EDGE('',*,*,#3548,.F.);
#5314 = ORIENTED_EDGE('',*,*,#3588,.F.);
#5315 = ORIENTED_EDGE('',*,*,#3604,.F.);
#5316 = ORIENTED_EDGE('',*,*,#3628,.F.);
#5317 = ORIENTED_EDGE('',*,*,#3662,.F.);
#5318 = ORIENTED_EDGE('',*,*,#3677,.F.);
#5319 = PLANE('',#5320);
#5320 = AXIS2_PLACEMENT_3D('',#5321,#5322,#5323);
#5321 = CARTESIAN_POINT('',(-3.925905220974,86.09,10.012885224057));
#5322 = DIRECTION('',(-4.252295203646E-16,-1.,-3.737038904755E-16));
#5323 = DIRECTION('',(-0.5,-1.110223024625E-16,0.866025403784));
#5324 = ADVANCED_FACE('',(#5325),#5337,.F.);
#5325 = FACE_BOUND('',#5326,.F.);
#5326 = EDGE_LOOP('',(#5327,#5328,#5329,#5330,#5331,#5332,#5333,#5334,
    #5335,#5336));
#5327 = ORIENTED_EDGE('',*,*,#3929,.F.);
#5328 = ORIENTED_EDGE('',*,*,#3970,.F.);
#5329 = ORIENTED_EDGE('',*,*,#3961,.F.);
#5330 = ORIENTED_EDGE('',*,*,#3987,.F.);
#5331 = ORIENTED_EDGE('',*,*,#3776,.F.);
#5332 = ORIENTED_EDGE('',*,*,#3816,.F.);
#5333 = ORIENTED_EDGE('',*,*,#3832,.F.);
#5334 = ORIENTED_EDGE('',*,*,#3856,.F.);
#5335 = ORIENTED_EDGE('',*,*,#3890,.F.);
#5336 = ORIENTED_EDGE('',*,*,#3905,.F.);
#5337 = PLANE('',#5338);
#5338 = AXIS2_PLACEMENT_3D('',#5339,#5340,#5341);
#5339 = CARTESIAN_POINT('',(-4.006901645749,86.09,34.053175147));
#5340 = DIRECTION('',(-4.252295203646E-16,-1.,-3.737038904755E-16));
#5341 = DIRECTION('',(-0.5,-1.110223024625E-16,0.866025403784));
#5342 = ADVANCED_FACE('',(#5343),#5355,.F.);
#5343 = FACE_BOUND('',#5344,.F.);
#5344 = EDGE_LOOP('',(#5345,#5346,#5347,#5348,#5349,#5350,#5351,#5352,
    #5353,#5354));
#5345 = ORIENTED_EDGE('',*,*,#4157,.F.);
#5346 = ORIENTED_EDGE('',*,*,#4198,.F.);
#5347 = ORIENTED_EDGE('',*,*,#4189,.F.);
#5348 = ORIENTED_EDGE('',*,*,#4215,.F.);
#5349 = ORIENTED_EDGE('',*,*,#4004,.F.);
#5350 = ORIENTED_EDGE('',*,*,#4044,.F.);
#5351 = ORIENTED_EDGE('',*,*,#4060,.F.);
#5352 = ORIENTED_EDGE('',*,*,#4084,.F.);
#5353 = ORIENTED_EDGE('',*,*,#4118,.F.);
#5354 = ORIENTED_EDGE('',*,*,#4133,.F.);
#5355 = PLANE('',#5356);
#5356 = AXIS2_PLACEMENT_3D('',#5357,#5358,#5359);
#5357 = CARTESIAN_POINT('',(-3.963413052305,86.09,22.057850693604));
#5358 = DIRECTION('',(-4.252295203646E-16,-1.,-3.737038904755E-16));
#5359 = DIRECTION('',(-0.5,-1.110223024625E-16,0.866025403784));
#5360 = ADVANCED_FACE('',(#5361),#5371,.T.);
#5361 = FACE_BOUND('',#5362,.T.);
#5362 = EDGE_LOOP('',(#5363,#5364,#5370));
#5363 = ORIENTED_EDGE('',*,*,#5135,.F.);
#5364 = ORIENTED_EDGE('',*,*,#5365,.T.);
#5365 = EDGE_CURVE('',#4586,#4236,#5366,.T.);
#5366 = LINE('',#5367,#5368);
#5367 = CARTESIAN_POINT('',(117.,-89.5,45.));
#5368 = VECTOR('',#5369,1.);
#5369 = DIRECTION('',(-0.707106781187,-0.707106781187,
    -4.999702984594E-15));
#5370 = ORIENTED_EDGE('',*,*,#4235,.F.);
#5371 = PLANE('',#5372);
#5372 = AXIS2_PLACEMENT_3D('',#5373,#5374,#5375);
#5373 = CARTESIAN_POINT('',(117.5,-89.,45.));
#5374 = DIRECTION('',(-0.57735026919,0.57735026919,-0.57735026919));
#5375 = DIRECTION('',(-3.590715637345E-15,-0.707106781187,
    -0.707106781187));
#5376 = ADVANCED_FACE('',(#5377),#5389,.T.);
#5377 = FACE_BOUND('',#5378,.T.);
#5378 = EDGE_LOOP('',(#5379,#5380,#5381,#5382,#5383));
#5379 = ORIENTED_EDGE('',*,*,#4344,.F.);
#5380 = ORIENTED_EDGE('',*,*,#4259,.T.);
#5381 = ORIENTED_EDGE('',*,*,#5365,.F.);
#5382 = ORIENTED_EDGE('',*,*,#4593,.F.);
#5383 = ORIENTED_EDGE('',*,*,#5384,.F.);
#5384 = EDGE_CURVE('',#4345,#4594,#5385,.T.);
#5385 = LINE('',#5386,#5387);
#5386 = CARTESIAN_POINT('',(118.085,-88.415,16.575));
#5387 = VECTOR('',#5388,1.);
#5388 = DIRECTION('',(0.57735026919,0.57735026919,0.57735026919));
#5389 = PLANE('',#5390);
#5390 = AXIS2_PLACEMENT_3D('',#5391,#5392,#5393);
#5391 = CARTESIAN_POINT('',(116.5,-90.,15.99));
#5392 = DIRECTION('',(-0.707106781187,0.707106781187,0.));
#5393 = DIRECTION('',(0.,0.,1.));
#5394 = ADVANCED_FACE('',(#5395),#5405,.F.);
#5395 = FACE_BOUND('',#5396,.F.);
#5396 = EDGE_LOOP('',(#5397,#5403,#5404));
#5397 = ORIENTED_EDGE('',*,*,#5398,.F.);
#5398 = EDGE_CURVE('',#4317,#4546,#5399,.T.);
#5399 = LINE('',#5400,#5401);
#5400 = CARTESIAN_POINT('',(116.,90.5,45.));
#5401 = VECTOR('',#5402,1.);
#5402 = DIRECTION('',(0.707106781187,-0.707106781187,7.59570261121E-15)
  );
#5403 = ORIENTED_EDGE('',*,*,#4324,.T.);
#5404 = ORIENTED_EDGE('',*,*,#5271,.F.);
#5405 = PLANE('',#5406);
#5406 = AXIS2_PLACEMENT_3D('',#5407,#5408,#5409);
#5407 = CARTESIAN_POINT('',(115.5,91.,45.));
#5408 = DIRECTION('',(0.57735026919,0.57735026919,0.57735026919));
#5409 = DIRECTION('',(-0.707106781187,1.49024261007E-16,0.707106781187)
  );
#5410 = ADVANCED_FACE('',(#5411),#5420,.T.);
#5411 = FACE_BOUND('',#5412,.F.);
#5412 = EDGE_LOOP('',(#5413,#5414,#5415,#5416,#5417,#5418,#5419));
#5413 = ORIENTED_EDGE('',*,*,#4409,.F.);
#5414 = ORIENTED_EDGE('',*,*,#4464,.T.);
#5415 = ORIENTED_EDGE('',*,*,#4609,.F.);
#5416 = ORIENTED_EDGE('',*,*,#4601,.T.);
#5417 = ORIENTED_EDGE('',*,*,#5384,.F.);
#5418 = ORIENTED_EDGE('',*,*,#4352,.T.);
#5419 = ORIENTED_EDGE('',*,*,#4376,.F.);
#5420 = PLANE('',#5421);
#5421 = AXIS2_PLACEMENT_3D('',#5422,#5423,#5424);
#5422 = CARTESIAN_POINT('',(110.005,-68.5,8.495));
#5423 = DIRECTION('',(-0.707106781187,2.600465634695E-16,0.707106781187)
  );
#5424 = DIRECTION('',(3.677613769071E-16,1.,0.));
#5425 = ADVANCED_FACE('',(#5426),#5438,.T.);
#5426 = FACE_BOUND('',#5427,.F.);
#5427 = EDGE_LOOP('',(#5428,#5434,#5435,#5436,#5437));
#5428 = ORIENTED_EDGE('',*,*,#5429,.T.);
#5429 = EDGE_CURVE('',#4538,#4488,#5430,.T.);
#5430 = LINE('',#5431,#5432);
#5431 = CARTESIAN_POINT('',(119.5033333333,86.99666666666,
    17.993333333333));
#5432 = VECTOR('',#5433,1.);
#5433 = DIRECTION('',(-0.57735026919,0.57735026919,-0.57735026919));
#5434 = ORIENTED_EDGE('',*,*,#4497,.T.);
#5435 = ORIENTED_EDGE('',*,*,#4442,.F.);
#5436 = ORIENTED_EDGE('',*,*,#5398,.T.);
#5437 = ORIENTED_EDGE('',*,*,#4545,.T.);
#5438 = PLANE('',#5439);
#5439 = AXIS2_PLACEMENT_3D('',#5440,#5441,#5442);
#5440 = CARTESIAN_POINT('',(116.5,90.,47.));
#5441 = DIRECTION('',(-0.707106781187,-0.707106781187,0.));
#5442 = DIRECTION('',(1.110223024625E-16,-1.110223024625E-16,1.));
#5443 = ADVANCED_FACE('',(#5444),#5453,.T.);
#5444 = FACE_BOUND('',#5445,.F.);
#5445 = EDGE_LOOP('',(#5446,#5447,#5448,#5449,#5450,#5451,#5452));
#5446 = ORIENTED_EDGE('',*,*,#4487,.F.);
#5447 = ORIENTED_EDGE('',*,*,#5429,.F.);
#5448 = ORIENTED_EDGE('',*,*,#4537,.T.);
#5449 = ORIENTED_EDGE('',*,*,#4529,.T.);
#5450 = ORIENTED_EDGE('',*,*,#4857,.T.);
#5451 = ORIENTED_EDGE('',*,*,#4881,.T.);
#5452 = ORIENTED_EDGE('',*,*,#4906,.F.);
#5453 = PLANE('',#5454);
#5454 = AXIS2_PLACEMENT_3D('',#5455,#5456,#5457);
#5455 = CARTESIAN_POINT('',(110.005,91.,8.495));
#5456 = DIRECTION('',(-0.707106781187,2.600465634695E-16,0.707106781187)
  );
#5457 = DIRECTION('',(3.677613769071E-16,1.,0.));
#5458 = ADVANCED_FACE('',(#5459),#5477,.T.);
#5459 = FACE_BOUND('',#5460,.T.);
#5460 = EDGE_LOOP('',(#5461,#5469,#5470,#5471));
#5461 = ORIENTED_EDGE('',*,*,#5462,.F.);
#5462 = EDGE_CURVE('',#5225,#5463,#5465,.T.);
#5463 = VERTEX_POINT('',#5464);
#5464 = CARTESIAN_POINT('',(84.31,-75.78,32.));
#5465 = LINE('',#5466,#5467);
#5466 = CARTESIAN_POINT('',(84.31,-75.78,47.));
#5467 = VECTOR('',#5468,1.);
#5468 = DIRECTION('',(-0.,0.,-1.));
#5469 = ORIENTED_EDGE('',*,*,#5254,.T.);
#5470 = ORIENTED_EDGE('',*,*,#4561,.T.);
#5471 = ORIENTED_EDGE('',*,*,#5472,.F.);
#5472 = EDGE_CURVE('',#5463,#4562,#5473,.T.);
#5473 = LINE('',#5474,#5475);
#5474 = CARTESIAN_POINT('',(84.31,-75.78,32.));
#5475 = VECTOR('',#5476,1.);
#5476 = DIRECTION('',(1.,-3.677613769071E-16,0.));
#5477 = PLANE('',#5478);
#5478 = AXIS2_PLACEMENT_3D('',#5479,#5480,#5481);
#5479 = CARTESIAN_POINT('',(100.905,-75.78,39.5));
#5480 = DIRECTION('',(3.677613769071E-16,1.,-0.));
#5481 = DIRECTION('',(-0.,0.,-1.));
#5482 = ADVANCED_FACE('',(#5483),#5517,.F.);
#5483 = FACE_BOUND('',#5484,.F.);
#5484 = EDGE_LOOP('',(#5485,#5486,#5494,#5502,#5510,#5516));
#5485 = ORIENTED_EDGE('',*,*,#5472,.F.);
#5486 = ORIENTED_EDGE('',*,*,#5487,.F.);
#5487 = EDGE_CURVE('',#5488,#5463,#5490,.T.);
#5488 = VERTEX_POINT('',#5489);
#5489 = CARTESIAN_POINT('',(84.31,-82.03,32.));
#5490 = LINE('',#5491,#5492);
#5491 = CARTESIAN_POINT('',(84.31,-82.03,32.));
#5492 = VECTOR('',#5493,1.);
#5493 = DIRECTION('',(3.677613769071E-16,1.,0.));
#5494 = ORIENTED_EDGE('',*,*,#5495,.F.);
#5495 = EDGE_CURVE('',#5496,#5488,#5498,.T.);
#5496 = VERTEX_POINT('',#5497);
#5497 = CARTESIAN_POINT('',(86.31,-82.03,32.));
#5498 = LINE('',#5499,#5500);
#5499 = CARTESIAN_POINT('',(86.31,-82.03,32.));
#5500 = VECTOR('',#5501,1.);
#5501 = DIRECTION('',(-1.,3.677613769071E-16,0.));
#5502 = ORIENTED_EDGE('',*,*,#5503,.F.);
#5503 = EDGE_CURVE('',#5504,#5496,#5506,.T.);
#5504 = VERTEX_POINT('',#5505);
#5505 = CARTESIAN_POINT('',(86.31,-77.78,32.));
#5506 = LINE('',#5507,#5508);
#5507 = CARTESIAN_POINT('',(86.31,-77.78,32.));
#5508 = VECTOR('',#5509,1.);
#5509 = DIRECTION('',(-3.677613769071E-16,-1.,0.));
#5510 = ORIENTED_EDGE('',*,*,#5511,.F.);
#5511 = EDGE_CURVE('',#4570,#5504,#5512,.T.);
#5512 = LINE('',#5513,#5514);
#5513 = CARTESIAN_POINT('',(117.5,-77.78,32.));
#5514 = VECTOR('',#5515,1.);
#5515 = DIRECTION('',(-1.,3.677613769071E-16,0.));
#5516 = ORIENTED_EDGE('',*,*,#4569,.F.);
#5517 = PLANE('',#5518);
#5518 = AXIS2_PLACEMENT_3D('',#5519,#5520,#5521);
#5519 = CARTESIAN_POINT('',(98.08136395027,-77.22961441068,32.));
#5520 = DIRECTION('',(0.,0.,1.));
#5521 = DIRECTION('',(-1.,3.677613769071E-16,0.));
#5522 = ADVANCED_FACE('',(#5523),#5534,.T.);
#5523 = FACE_BOUND('',#5524,.T.);
#5524 = EDGE_LOOP('',(#5525,#5531,#5532,#5533));
#5525 = ORIENTED_EDGE('',*,*,#5526,.T.);
#5526 = EDGE_CURVE('',#5153,#5504,#5527,.T.);
#5527 = LINE('',#5528,#5529);
#5528 = CARTESIAN_POINT('',(86.31,-77.78,47.));
#5529 = VECTOR('',#5530,1.);
#5530 = DIRECTION('',(-0.,0.,-1.));
#5531 = ORIENTED_EDGE('',*,*,#5511,.F.);
#5532 = ORIENTED_EDGE('',*,*,#4577,.F.);
#5533 = ORIENTED_EDGE('',*,*,#5160,.T.);
#5534 = PLANE('',#5535);
#5535 = AXIS2_PLACEMENT_3D('',#5536,#5537,#5538);
#5536 = CARTESIAN_POINT('',(101.905,-77.78,39.5));
#5537 = DIRECTION('',(-3.677613769071E-16,-1.,0.));
#5538 = DIRECTION('',(0.,0.,1.));
#5539 = ADVANCED_FACE('',(#5540),#5566,.F.);
#5540 = FACE_BOUND('',#5541,.F.);
#5541 = EDGE_LOOP('',(#5542,#5550,#5551,#5559));
#5542 = ORIENTED_EDGE('',*,*,#5543,.T.);
#5543 = EDGE_CURVE('',#5544,#4622,#5546,.T.);
#5544 = VERTEX_POINT('',#5545);
#5545 = CARTESIAN_POINT('',(119.5,-34.20298346077,18.659903755136));
#5546 = LINE('',#5547,#5548);
#5547 = CARTESIAN_POINT('',(112.59,-34.20298346077,18.659903755136));
#5548 = VECTOR('',#5549,1.);
#5549 = DIRECTION('',(-1.,-3.319989901625E-17,-2.755629954852E-16));
#5550 = ORIENTED_EDGE('',*,*,#4619,.F.);
#5551 = ORIENTED_EDGE('',*,*,#5552,.F.);
#5552 = EDGE_CURVE('',#5553,#4620,#5555,.T.);
#5553 = VERTEX_POINT('',#5554);
#5554 = CARTESIAN_POINT('',(119.5,-36.38701642755,18.659903866));
#5555 = LINE('',#5556,#5557);
#5556 = CARTESIAN_POINT('',(112.59,-36.38701642755,18.659903866));
#5557 = VECTOR('',#5558,1.);
#5558 = DIRECTION('',(-1.,-3.319989901625E-17,-2.755629954852E-16));
#5559 = ORIENTED_EDGE('',*,*,#5560,.T.);
#5560 = EDGE_CURVE('',#5553,#5544,#5561,.T.);
#5561 = CIRCLE('',#5562,1.55);
#5562 = AXIS2_PLACEMENT_3D('',#5563,#5564,#5565);
#5563 = CARTESIAN_POINT('',(119.5,-35.295,17.559903810568));
#5564 = DIRECTION('',(-1.,-3.319989901625E-17,-2.755629954852E-16));
#5565 = DIRECTION('',(-2.22044604925E-16,-0.5,0.866025403784));
#5566 = CYLINDRICAL_SURFACE('',#5567,1.55);
#5567 = AXIS2_PLACEMENT_3D('',#5568,#5569,#5570);
#5568 = CARTESIAN_POINT('',(112.59,-35.295,17.559903810568));
#5569 = DIRECTION('',(-1.,-3.319989901625E-17,-2.755629954852E-16));
#5570 = DIRECTION('',(-2.22044604925E-16,-0.5,0.866025403784));
#5571 = ADVANCED_FACE('',(#5572),#5606,.T.);
#5572 = FACE_BOUND('',#5573,.T.);
#5573 = EDGE_LOOP('',(#5574,#5575,#5576,#5584,#5592,#5600));
#5574 = ORIENTED_EDGE('',*,*,#4688,.T.);
#5575 = ORIENTED_EDGE('',*,*,#5552,.F.);
#5576 = ORIENTED_EDGE('',*,*,#5577,.T.);
#5577 = EDGE_CURVE('',#5553,#5578,#5580,.T.);
#5578 = VERTEX_POINT('',#5579);
#5579 = CARTESIAN_POINT('',(119.5,-36.8847303412,18.659903891263));
#5580 = LINE('',#5581,#5582);
#5581 = CARTESIAN_POINT('',(119.5,-22.08745433139,18.659903140143));
#5582 = VECTOR('',#5583,1.);
#5583 = DIRECTION('',(-3.677613769071E-16,-1.,5.07606956468E-08));
#5584 = ORIENTED_EDGE('',*,*,#5585,.T.);
#5585 = EDGE_CURVE('',#5578,#5586,#5588,.T.);
#5586 = VERTEX_POINT('',#5587);
#5587 = CARTESIAN_POINT('',(119.59,-36.8847303412,18.659903891263));
#5588 = LINE('',#5589,#5590);
#5589 = CARTESIAN_POINT('',(120.,-36.8847303412,18.659903891263));
#5590 = VECTOR('',#5591,1.);
#5591 = DIRECTION('',(1.,-3.677613769071E-16,0.));
#5592 = ORIENTED_EDGE('',*,*,#5593,.T.);
#5593 = EDGE_CURVE('',#5586,#5594,#5596,.T.);
#5594 = VERTEX_POINT('',#5595);
#5595 = CARTESIAN_POINT('',(119.59,-37.20025583248,18.659903907281));
#5596 = LINE('',#5597,#5598);
#5597 = CARTESIAN_POINT('',(119.59,-33.38974405583,18.659903713855));
#5598 = VECTOR('',#5599,1.);
#5599 = DIRECTION('',(3.319988502848E-17,-1.,5.07606956468E-08));
#5600 = ORIENTED_EDGE('',*,*,#5601,.F.);
#5601 = EDGE_CURVE('',#4681,#5594,#5602,.T.);
#5602 = LINE('',#5603,#5604);
#5603 = CARTESIAN_POINT('',(112.59,-37.20025583248,18.659903907281));
#5604 = VECTOR('',#5605,1.);
#5605 = DIRECTION('',(1.,3.319989901625E-17,2.755629954852E-16));
#5606 = PLANE('',#5607);
#5607 = AXIS2_PLACEMENT_3D('',#5608,#5609,#5610);
#5608 = CARTESIAN_POINT('',(112.59,-33.38974405583,18.659903713855));
#5609 = DIRECTION('',(2.755629971705E-16,-5.07606956468E-08,-1.));
#5610 = DIRECTION('',(3.319988502848E-17,-1.,5.07606956468E-08));
#5611 = ADVANCED_FACE('',(#5612),#5646,.T.);
#5612 = FACE_BOUND('',#5613,.T.);
#5613 = EDGE_LOOP('',(#5614,#5615,#5616,#5624,#5632,#5640));
#5614 = ORIENTED_EDGE('',*,*,#4680,.T.);
#5615 = ORIENTED_EDGE('',*,*,#5601,.T.);
#5616 = ORIENTED_EDGE('',*,*,#5617,.T.);
#5617 = EDGE_CURVE('',#5594,#5618,#5620,.T.);
#5618 = VERTEX_POINT('',#5619);
#5619 = CARTESIAN_POINT('',(119.59,-37.03948723977,18.381444503791));
#5620 = LINE('',#5621,#5622);
#5621 = CARTESIAN_POINT('',(119.59,-37.20025583248,18.659903907281));
#5622 = VECTOR('',#5623,1.);
#5623 = DIRECTION('',(2.220446133784E-16,0.49999995604,-0.866025429165)
  );
#5624 = ORIENTED_EDGE('',*,*,#5625,.F.);
#5625 = EDGE_CURVE('',#5626,#5618,#5628,.T.);
#5626 = VERTEX_POINT('',#5627);
#5627 = CARTESIAN_POINT('',(119.5,-37.03948723977,18.381444503791));
#5628 = LINE('',#5629,#5630);
#5629 = CARTESIAN_POINT('',(120.,-37.03948723977,18.381444503791));
#5630 = VECTOR('',#5631,1.);
#5631 = DIRECTION('',(1.,-3.677613769071E-16,0.));
#5632 = ORIENTED_EDGE('',*,*,#5633,.T.);
#5633 = EDGE_CURVE('',#5626,#5634,#5636,.T.);
#5634 = VERTEX_POINT('',#5635);
#5635 = CARTESIAN_POINT('',(119.5,-36.79363616577,17.955617902609));
#5636 = LINE('',#5637,#5638);
#5637 = CARTESIAN_POINT('',(119.5,-33.6436361854,12.499657253183));
#5638 = VECTOR('',#5639,1.);
#5639 = DIRECTION('',(1.838806722866E-16,0.49999995604,-0.866025429165)
  );
#5640 = ORIENTED_EDGE('',*,*,#5641,.T.);
#5641 = EDGE_CURVE('',#5634,#4672,#5642,.T.);
#5642 = LINE('',#5643,#5644);
#5643 = CARTESIAN_POINT('',(112.59,-36.79363616577,17.955617902609));
#5644 = VECTOR('',#5645,1.);
#5645 = DIRECTION('',(-1.,-3.319989901625E-17,-2.755629954852E-16));
#5646 = PLANE('',#5647);
#5647 = AXIS2_PLACEMENT_3D('',#5648,#5649,#5650);
#5648 = CARTESIAN_POINT('',(112.59,-37.20025583248,18.659903907281));
#5649 = DIRECTION('',(-1.665334424226E-16,0.866025429165,0.49999995604)
  );
#5650 = DIRECTION('',(2.220446133784E-16,0.49999995604,-0.866025429165)
  );
#5651 = ADVANCED_FACE('',(#5652),#5671,.F.);
#5652 = FACE_BOUND('',#5653,.F.);
#5653 = EDGE_LOOP('',(#5654,#5662,#5669,#5670));
#5654 = ORIENTED_EDGE('',*,*,#5655,.F.);
#5655 = EDGE_CURVE('',#5656,#4664,#5658,.T.);
#5656 = VERTEX_POINT('',#5657);
#5657 = CARTESIAN_POINT('',(119.5,-35.70161977839,16.064189815239));
#5658 = LINE('',#5659,#5660);
#5659 = CARTESIAN_POINT('',(112.59,-35.70161977839,16.064189815239));
#5660 = VECTOR('',#5661,1.);
#5661 = DIRECTION('',(-1.,-3.319989901625E-17,-2.755629954852E-16));
#5662 = ORIENTED_EDGE('',*,*,#5663,.T.);
#5663 = EDGE_CURVE('',#5656,#5634,#5664,.T.);
#5664 = CIRCLE('',#5665,1.55);
#5665 = AXIS2_PLACEMENT_3D('',#5666,#5667,#5668);
#5666 = CARTESIAN_POINT('',(119.5,-35.295,17.559903810568));
#5667 = DIRECTION('',(-1.,-3.319989901625E-17,-2.755629954852E-16));
#5668 = DIRECTION('',(-2.22044604925E-16,-0.5,0.866025403784));
#5669 = ORIENTED_EDGE('',*,*,#5641,.T.);
#5670 = ORIENTED_EDGE('',*,*,#4671,.F.);
#5671 = CYLINDRICAL_SURFACE('',#5672,1.55);
#5672 = AXIS2_PLACEMENT_3D('',#5673,#5674,#5675);
#5673 = CARTESIAN_POINT('',(112.59,-35.295,17.559903810568));
#5674 = DIRECTION('',(-1.,-3.319989901625E-17,-2.755629954852E-16));
#5675 = DIRECTION('',(-2.22044604925E-16,-0.5,0.866025403784));
#5676 = ADVANCED_FACE('',(#5677),#5711,.T.);
#5677 = FACE_BOUND('',#5678,.T.);
#5678 = EDGE_LOOP('',(#5679,#5680,#5681,#5689,#5697,#5705));
#5679 = ORIENTED_EDGE('',*,*,#4663,.T.);
#5680 = ORIENTED_EDGE('',*,*,#5655,.F.);
#5681 = ORIENTED_EDGE('',*,*,#5682,.T.);
#5682 = EDGE_CURVE('',#5656,#5683,#5685,.T.);
#5683 = VERTEX_POINT('',#5684);
#5684 = CARTESIAN_POINT('',(119.5,-35.41134701576,15.561422583375));
#5685 = LINE('',#5686,#5687);
#5686 = CARTESIAN_POINT('',(119.5,-33.6436361854,12.499657253183));
#5687 = VECTOR('',#5688,1.);
#5688 = DIRECTION('',(1.838806722866E-16,0.49999995604,-0.866025429165)
  );
#5689 = ORIENTED_EDGE('',*,*,#5690,.T.);
#5690 = EDGE_CURVE('',#5683,#5691,#5693,.T.);
#5691 = VERTEX_POINT('',#5692);
#5692 = CARTESIAN_POINT('',(119.59,-35.41134701576,15.561422583375));
#5693 = LINE('',#5694,#5695);
#5694 = CARTESIAN_POINT('',(120.,-35.41134701576,15.561422583375));
#5695 = VECTOR('',#5696,1.);
#5696 = DIRECTION('',(1.,-3.677613769071E-16,0.));
#5697 = ORIENTED_EDGE('',*,*,#5698,.T.);
#5698 = EDGE_CURVE('',#5691,#5699,#5701,.T.);
#5699 = VERTEX_POINT('',#5700);
#5700 = CARTESIAN_POINT('',(119.59,-35.29500011167,15.359903810567));
#5701 = LINE('',#5702,#5703);
#5702 = CARTESIAN_POINT('',(119.59,-37.20025583248,18.659903907281));
#5703 = VECTOR('',#5704,1.);
#5704 = DIRECTION('',(2.220446133784E-16,0.49999995604,-0.866025429165)
  );
#5705 = ORIENTED_EDGE('',*,*,#5706,.F.);
#5706 = EDGE_CURVE('',#4656,#5699,#5707,.T.);
#5707 = LINE('',#5708,#5709);
#5708 = CARTESIAN_POINT('',(112.59,-35.29500011167,15.359903810567));
#5709 = VECTOR('',#5710,1.);
#5710 = DIRECTION('',(1.,3.319989901625E-17,2.755629954852E-16));
#5711 = PLANE('',#5712);
#5712 = AXIS2_PLACEMENT_3D('',#5713,#5714,#5715);
#5713 = CARTESIAN_POINT('',(112.59,-37.20025583248,18.659903907281));
#5714 = DIRECTION('',(-1.665334424226E-16,0.866025429165,0.49999995604)
  );
#5715 = DIRECTION('',(2.220446133784E-16,0.49999995604,-0.866025429165)
  );
#5716 = ADVANCED_FACE('',(#5717),#5751,.T.);
#5717 = FACE_BOUND('',#5718,.T.);
#5718 = EDGE_LOOP('',(#5719,#5720,#5721,#5729,#5737,#5745));
#5719 = ORIENTED_EDGE('',*,*,#4655,.T.);
#5720 = ORIENTED_EDGE('',*,*,#5706,.T.);
#5721 = ORIENTED_EDGE('',*,*,#5722,.T.);
#5722 = EDGE_CURVE('',#5699,#5723,#5725,.T.);
#5723 = VERTEX_POINT('',#5724);
#5724 = CARTESIAN_POINT('',(119.59,-35.18379380662,15.552518758463));
#5725 = LINE('',#5726,#5727);
#5726 = CARTESIAN_POINT('',(119.59,-35.29500011167,15.359903810567));
#5727 = VECTOR('',#5728,1.);
#5728 = DIRECTION('',(-2.552444984069E-16,0.50000004396,0.866025378404)
  );
#5729 = ORIENTED_EDGE('',*,*,#5730,.F.);
#5730 = EDGE_CURVE('',#5731,#5723,#5733,.T.);
#5731 = VERTEX_POINT('',#5732);
#5732 = CARTESIAN_POINT('',(119.5,-35.18379380662,15.552518758463));
#5733 = LINE('',#5734,#5735);
#5734 = CARTESIAN_POINT('',(120.,-35.18379380662,15.552518758463));
#5735 = VECTOR('',#5736,1.);
#5736 = DIRECTION('',(1.,-3.677613769071E-16,0.));
#5737 = ORIENTED_EDGE('',*,*,#5738,.T.);
#5738 = EDGE_CURVE('',#5731,#5739,#5741,.T.);
#5739 = VERTEX_POINT('',#5740);
#5740 = CARTESIAN_POINT('',(119.5,-34.88838037345,16.064189773958));
#5741 = LINE('',#5742,#5743);
#5742 = CARTESIAN_POINT('',(119.5,-31.7715329832,21.462727180454));
#5743 = VECTOR('',#5744,1.);
#5744 = DIRECTION('',(1.838807046204E-16,0.50000004396,0.866025378404));
#5745 = ORIENTED_EDGE('',*,*,#5746,.T.);
#5746 = EDGE_CURVE('',#5739,#4647,#5747,.T.);
#5747 = LINE('',#5748,#5749);
#5748 = CARTESIAN_POINT('',(112.59,-34.88838037345,16.064189773958));
#5749 = VECTOR('',#5750,1.);
#5750 = DIRECTION('',(-1.,-3.319989901625E-17,-2.755629954852E-16));
#5751 = PLANE('',#5752);
#5752 = AXIS2_PLACEMENT_3D('',#5753,#5754,#5755);
#5753 = CARTESIAN_POINT('',(112.59,-35.29500011167,15.359903810567));
#5754 = DIRECTION('',(-1.090295547479E-16,-0.866025378404,0.50000004396)
  );
#5755 = DIRECTION('',(-2.552444984069E-16,0.50000004396,0.866025378404)
  );
#5756 = ADVANCED_FACE('',(#5757),#5776,.F.);
#5757 = FACE_BOUND('',#5758,.F.);
#5758 = EDGE_LOOP('',(#5759,#5768,#5769,#5770));
#5759 = ORIENTED_EDGE('',*,*,#5760,.T.);
#5760 = EDGE_CURVE('',#5761,#5739,#5763,.T.);
#5761 = VERTEX_POINT('',#5762);
#5762 = CARTESIAN_POINT('',(119.5,-33.79636379405,17.955617750464));
#5763 = CIRCLE('',#5764,1.55);
#5764 = AXIS2_PLACEMENT_3D('',#5765,#5766,#5767);
#5765 = CARTESIAN_POINT('',(119.5,-35.295,17.559903810568));
#5766 = DIRECTION('',(-1.,-3.319989901625E-17,-2.755629954852E-16));
#5767 = DIRECTION('',(-2.22044604925E-16,-0.5,0.866025403784));
#5768 = ORIENTED_EDGE('',*,*,#5746,.T.);
#5769 = ORIENTED_EDGE('',*,*,#4646,.F.);
#5770 = ORIENTED_EDGE('',*,*,#5771,.F.);
#5771 = EDGE_CURVE('',#5761,#4639,#5772,.T.);
#5772 = LINE('',#5773,#5774);
#5773 = CARTESIAN_POINT('',(112.59,-33.79636379405,17.955617750464));
#5774 = VECTOR('',#5775,1.);
#5775 = DIRECTION('',(-1.,-3.319989901625E-17,-2.755629954852E-16));
#5776 = CYLINDRICAL_SURFACE('',#5777,1.55);
#5777 = AXIS2_PLACEMENT_3D('',#5778,#5779,#5780);
#5778 = CARTESIAN_POINT('',(112.59,-35.295,17.559903810568));
#5779 = DIRECTION('',(-1.,-3.319989901625E-17,-2.755629954852E-16));
#5780 = DIRECTION('',(-2.22044604925E-16,-0.5,0.866025403784));
#5781 = ADVANCED_FACE('',(#5782),#5816,.T.);
#5782 = FACE_BOUND('',#5783,.T.);
#5783 = EDGE_LOOP('',(#5784,#5785,#5786,#5794,#5802,#5810));
#5784 = ORIENTED_EDGE('',*,*,#4638,.T.);
#5785 = ORIENTED_EDGE('',*,*,#5771,.F.);
#5786 = ORIENTED_EDGE('',*,*,#5787,.T.);
#5787 = EDGE_CURVE('',#5761,#5788,#5790,.T.);
#5788 = VERTEX_POINT('',#5789);
#5789 = CARTESIAN_POINT('',(119.5,-33.4698720503,18.521117972604));
#5790 = LINE('',#5791,#5792);
#5791 = CARTESIAN_POINT('',(119.5,-31.7715329832,21.462727180454));
#5792 = VECTOR('',#5793,1.);
#5793 = DIRECTION('',(1.838807046204E-16,0.50000004396,0.866025378404));
#5794 = ORIENTED_EDGE('',*,*,#5795,.T.);
#5795 = EDGE_CURVE('',#5788,#5796,#5798,.T.);
#5796 = VERTEX_POINT('',#5797);
#5797 = CARTESIAN_POINT('',(119.59,-33.4698720503,18.521117972604));
#5798 = LINE('',#5799,#5800);
#5799 = CARTESIAN_POINT('',(120.,-33.4698720503,18.521117972604));
#5800 = VECTOR('',#5801,1.);
#5801 = DIRECTION('',(1.,-3.677613769071E-16,0.));
#5802 = ORIENTED_EDGE('',*,*,#5803,.T.);
#5803 = EDGE_CURVE('',#5796,#5804,#5806,.T.);
#5804 = VERTEX_POINT('',#5805);
#5805 = CARTESIAN_POINT('',(119.59,-33.38974405583,18.659903713855));
#5806 = LINE('',#5807,#5808);
#5807 = CARTESIAN_POINT('',(119.59,-35.29500011167,15.359903810567));
#5808 = VECTOR('',#5809,1.);
#5809 = DIRECTION('',(-2.552444984069E-16,0.50000004396,0.866025378404)
  );
#5810 = ORIENTED_EDGE('',*,*,#5811,.F.);
#5811 = EDGE_CURVE('',#4631,#5804,#5812,.T.);
#5812 = LINE('',#5813,#5814);
#5813 = CARTESIAN_POINT('',(112.59,-33.38974405583,18.659903713855));
#5814 = VECTOR('',#5815,1.);
#5815 = DIRECTION('',(1.,3.319989901625E-17,2.755629954852E-16));
#5816 = PLANE('',#5817);
#5817 = AXIS2_PLACEMENT_3D('',#5818,#5819,#5820);
#5818 = CARTESIAN_POINT('',(112.59,-35.29500011167,15.359903810567));
#5819 = DIRECTION('',(-1.090295547479E-16,-0.866025378404,0.50000004396)
  );
#5820 = DIRECTION('',(-2.552444984069E-16,0.50000004396,0.866025378404)
  );
#5821 = ADVANCED_FACE('',(#5822),#5849,.T.);
#5822 = FACE_BOUND('',#5823,.T.);
#5823 = EDGE_LOOP('',(#5824,#5825,#5826,#5834,#5842,#5848));
#5824 = ORIENTED_EDGE('',*,*,#4630,.T.);
#5825 = ORIENTED_EDGE('',*,*,#5811,.T.);
#5826 = ORIENTED_EDGE('',*,*,#5827,.T.);
#5827 = EDGE_CURVE('',#5804,#5828,#5830,.T.);
#5828 = VERTEX_POINT('',#5829);
#5829 = CARTESIAN_POINT('',(119.59,-33.55426954633,18.659903722206));
#5830 = LINE('',#5831,#5832);
#5831 = CARTESIAN_POINT('',(119.59,-33.38974405583,18.659903713855));
#5832 = VECTOR('',#5833,1.);
#5833 = DIRECTION('',(3.319988502848E-17,-1.,5.07606956468E-08));
#5834 = ORIENTED_EDGE('',*,*,#5835,.F.);
#5835 = EDGE_CURVE('',#5836,#5828,#5838,.T.);
#5836 = VERTEX_POINT('',#5837);
#5837 = CARTESIAN_POINT('',(119.5,-33.55426954633,18.659903722206));
#5838 = LINE('',#5839,#5840);
#5839 = CARTESIAN_POINT('',(120.,-33.55426954633,18.659903722206));
#5840 = VECTOR('',#5841,1.);
#5841 = DIRECTION('',(1.,-3.677613769071E-16,0.));
#5842 = ORIENTED_EDGE('',*,*,#5843,.T.);
#5843 = EDGE_CURVE('',#5836,#5544,#5844,.T.);
#5844 = LINE('',#5845,#5846);
#5845 = CARTESIAN_POINT('',(119.5,-22.08745433139,18.659903140143));
#5846 = VECTOR('',#5847,1.);
#5847 = DIRECTION('',(-3.677613769071E-16,-1.,5.07606956468E-08));
#5848 = ORIENTED_EDGE('',*,*,#5543,.T.);
#5849 = PLANE('',#5850);
#5850 = AXIS2_PLACEMENT_3D('',#5851,#5852,#5853);
#5851 = CARTESIAN_POINT('',(112.59,-33.38974405583,18.659903713855));
#5852 = DIRECTION('',(2.755629971705E-16,-5.07606956468E-08,-1.));
#5853 = DIRECTION('',(3.319988502848E-17,-1.,5.07606956468E-08));
#5854 = ADVANCED_FACE('',(#5855),#5881,.F.);
#5855 = FACE_BOUND('',#5856,.F.);
#5856 = EDGE_LOOP('',(#5857,#5865,#5866,#5874));
#5857 = ORIENTED_EDGE('',*,*,#5858,.T.);
#5858 = EDGE_CURVE('',#5859,#4699,#5861,.T.);
#5859 = VERTEX_POINT('',#5860);
#5860 = CARTESIAN_POINT('',(119.5,-9.287983460771,18.529999944568));
#5861 = LINE('',#5862,#5863);
#5862 = CARTESIAN_POINT('',(112.59,-9.287983460771,18.529999944568));
#5863 = VECTOR('',#5864,1.);
#5864 = DIRECTION('',(-1.,-4.17792436293E-16,-4.976076004103E-16));
#5865 = ORIENTED_EDGE('',*,*,#4696,.F.);
#5866 = ORIENTED_EDGE('',*,*,#5867,.F.);
#5867 = EDGE_CURVE('',#5868,#4697,#5870,.T.);
#5868 = VERTEX_POINT('',#5869);
#5869 = CARTESIAN_POINT('',(119.5,-11.47201642755,18.530000055432));
#5870 = LINE('',#5871,#5872);
#5871 = CARTESIAN_POINT('',(112.59,-11.47201642755,18.530000055432));
#5872 = VECTOR('',#5873,1.);
#5873 = DIRECTION('',(-1.,-4.17792436293E-16,-4.976076004103E-16));
#5874 = ORIENTED_EDGE('',*,*,#5875,.T.);
#5875 = EDGE_CURVE('',#5868,#5859,#5876,.T.);
#5876 = CIRCLE('',#5877,1.55);
#5877 = AXIS2_PLACEMENT_3D('',#5878,#5879,#5880);
#5878 = CARTESIAN_POINT('',(119.5,-10.38,17.43));
#5879 = DIRECTION('',(-1.,-4.17792436293E-16,-4.976076004103E-16));
#5880 = DIRECTION('',(-2.22044604925E-16,-0.5,0.866025403784));
#5881 = CYLINDRICAL_SURFACE('',#5882,1.55);
#5882 = AXIS2_PLACEMENT_3D('',#5883,#5884,#5885);
#5883 = CARTESIAN_POINT('',(112.59,-10.38,17.43));
#5884 = DIRECTION('',(-1.,-4.17792436293E-16,-4.976076004103E-16));
#5885 = DIRECTION('',(-2.22044604925E-16,-0.5,0.866025403784));
#5886 = ADVANCED_FACE('',(#5887),#5921,.T.);
#5887 = FACE_BOUND('',#5888,.T.);
#5888 = EDGE_LOOP('',(#5889,#5890,#5891,#5899,#5907,#5915));
#5889 = ORIENTED_EDGE('',*,*,#4765,.T.);
#5890 = ORIENTED_EDGE('',*,*,#5867,.F.);
#5891 = ORIENTED_EDGE('',*,*,#5892,.T.);
#5892 = EDGE_CURVE('',#5868,#5893,#5895,.T.);
#5893 = VERTEX_POINT('',#5894);
#5894 = CARTESIAN_POINT('',(119.5,-12.05420016871,18.530000084983));
#5895 = LINE('',#5896,#5897);
#5896 = CARTESIAN_POINT('',(119.5,-9.629954334687,18.529999961927));
#5897 = VECTOR('',#5898,1.);
#5898 = DIRECTION('',(-3.677613769071E-16,-1.,5.076069542476E-08));
#5899 = ORIENTED_EDGE('',*,*,#5900,.T.);
#5900 = EDGE_CURVE('',#5893,#5901,#5903,.T.);
#5901 = VERTEX_POINT('',#5902);
#5902 = CARTESIAN_POINT('',(119.59,-12.05420016871,18.530000084983));
#5903 = LINE('',#5904,#5905);
#5904 = CARTESIAN_POINT('',(120.,-12.05420016871,18.530000084983));
#5905 = VECTOR('',#5906,1.);
#5906 = DIRECTION('',(1.,-3.677613769071E-16,0.));
#5907 = ORIENTED_EDGE('',*,*,#5908,.T.);
#5908 = EDGE_CURVE('',#5901,#5909,#5911,.T.);
#5909 = VERTEX_POINT('',#5910);
#5910 = CARTESIAN_POINT('',(119.59,-12.28525583248,18.530000096713));
#5911 = LINE('',#5912,#5913);
#5912 = CARTESIAN_POINT('',(119.59,-8.474744055837,18.529999903287));
#5913 = VECTOR('',#5914,1.);
#5914 = DIRECTION('',(4.177924110341E-16,-1.,5.076069542476E-08));
#5915 = ORIENTED_EDGE('',*,*,#5916,.F.);
#5916 = EDGE_CURVE('',#4758,#5909,#5917,.T.);
#5917 = LINE('',#5918,#5919);
#5918 = CARTESIAN_POINT('',(112.59,-12.28525583248,18.530000096713));
#5919 = VECTOR('',#5920,1.);
#5920 = DIRECTION('',(1.,4.17792436293E-16,4.976076004103E-16));
#5921 = PLANE('',#5922);
#5922 = AXIS2_PLACEMENT_3D('',#5923,#5924,#5925);
#5923 = CARTESIAN_POINT('',(112.59,-8.474744055837,18.529999903287));
#5924 = DIRECTION('',(4.976076216177E-16,-5.076069542476E-08,-1.));
#5925 = DIRECTION('',(4.177924110341E-16,-1.,5.076069542476E-08));
#5926 = ADVANCED_FACE('',(#5927),#5961,.T.);
#5927 = FACE_BOUND('',#5928,.T.);
#5928 = EDGE_LOOP('',(#5929,#5930,#5931,#5939,#5947,#5955));
#5929 = ORIENTED_EDGE('',*,*,#4757,.T.);
#5930 = ORIENTED_EDGE('',*,*,#5916,.T.);
#5931 = ORIENTED_EDGE('',*,*,#5932,.T.);
#5932 = EDGE_CURVE('',#5909,#5933,#5935,.T.);
#5933 = VERTEX_POINT('',#5934);
#5934 = CARTESIAN_POINT('',(119.59,-12.17073469366,18.331643642474));
#5935 = LINE('',#5936,#5937);
#5936 = CARTESIAN_POINT('',(119.59,-12.28525583248,18.530000096713));
#5937 = VECTOR('',#5938,1.);
#5938 = DIRECTION('',(2.220446359209E-16,0.49999995604,-0.866025429165)
  );
#5939 = ORIENTED_EDGE('',*,*,#5940,.F.);
#5940 = EDGE_CURVE('',#5941,#5933,#5943,.T.);
#5941 = VERTEX_POINT('',#5942);
#5942 = CARTESIAN_POINT('',(119.5,-12.17073469366,18.331643642474));
#5943 = LINE('',#5944,#5945);
#5944 = CARTESIAN_POINT('',(120.,-12.17073469366,18.331643642474));
#5945 = VECTOR('',#5946,1.);
#5946 = DIRECTION('',(1.,-3.677613769071E-16,0.));
#5947 = ORIENTED_EDGE('',*,*,#5948,.T.);
#5948 = EDGE_CURVE('',#5941,#5949,#5951,.T.);
#5949 = VERTEX_POINT('',#5950);
#5950 = CARTESIAN_POINT('',(119.5,-11.87863616577,17.825714092041));
#5951 = LINE('',#5952,#5953);
#5952 = CARTESIAN_POINT('',(119.5,-11.87113563612,17.812722792078));
#5953 = VECTOR('',#5954,1.);
#5954 = DIRECTION('',(1.838806722866E-16,0.49999995604,-0.866025429165)
  );
#5955 = ORIENTED_EDGE('',*,*,#5956,.T.);
#5956 = EDGE_CURVE('',#5949,#4749,#5957,.T.);
#5957 = LINE('',#5958,#5959);
#5958 = CARTESIAN_POINT('',(112.59,-11.87863616577,17.825714092041));
#5959 = VECTOR('',#5960,1.);
#5960 = DIRECTION('',(-1.,-4.17792436293E-16,-4.976076004103E-16));
#5961 = PLANE('',#5962);
#5962 = AXIS2_PLACEMENT_3D('',#5963,#5964,#5965);
#5963 = CARTESIAN_POINT('',(112.59,-12.28525583248,18.530000096713));
#5964 = DIRECTION('',(-6.106226522726E-16,0.866025429165,0.49999995604)
  );
#5965 = DIRECTION('',(2.220446359209E-16,0.49999995604,-0.866025429165)
  );
#5966 = ADVANCED_FACE('',(#5967),#5986,.F.);
#5967 = FACE_BOUND('',#5968,.F.);
#5968 = EDGE_LOOP('',(#5969,#5977,#5984,#5985));
#5969 = ORIENTED_EDGE('',*,*,#5970,.F.);
#5970 = EDGE_CURVE('',#5971,#4741,#5973,.T.);
#5971 = VERTEX_POINT('',#5972);
#5972 = CARTESIAN_POINT('',(119.5,-10.78661977839,15.934286004671));
#5973 = LINE('',#5974,#5975);
#5974 = CARTESIAN_POINT('',(112.59,-10.78661977839,15.934286004671));
#5975 = VECTOR('',#5976,1.);
#5976 = DIRECTION('',(-1.,-4.17792436293E-16,-4.976076004103E-16));
#5977 = ORIENTED_EDGE('',*,*,#5978,.T.);
#5978 = EDGE_CURVE('',#5971,#5949,#5979,.T.);
#5979 = CIRCLE('',#5980,1.55);
#5980 = AXIS2_PLACEMENT_3D('',#5981,#5982,#5983);
#5981 = CARTESIAN_POINT('',(119.5,-10.38,17.43));
#5982 = DIRECTION('',(-1.,-4.17792436293E-16,-4.976076004103E-16));
#5983 = DIRECTION('',(-2.22044604925E-16,-0.5,0.866025403784));
#5984 = ORIENTED_EDGE('',*,*,#5956,.T.);
#5985 = ORIENTED_EDGE('',*,*,#4748,.F.);
#5986 = CYLINDRICAL_SURFACE('',#5987,1.55);
#5987 = AXIS2_PLACEMENT_3D('',#5988,#5989,#5990);
#5988 = CARTESIAN_POINT('',(112.59,-10.38,17.43));
#5989 = DIRECTION('',(-1.,-4.17792436293E-16,-4.976076004103E-16));
#5990 = DIRECTION('',(-2.22044604925E-16,-0.5,0.866025403784));
#5991 = ADVANCED_FACE('',(#5992),#6026,.T.);
#5992 = FACE_BOUND('',#5993,.T.);
#5993 = EDGE_LOOP('',(#5994,#5995,#5996,#6004,#6012,#6020));
#5994 = ORIENTED_EDGE('',*,*,#4740,.T.);
#5995 = ORIENTED_EDGE('',*,*,#5970,.F.);
#5996 = ORIENTED_EDGE('',*,*,#5997,.T.);
#5997 = EDGE_CURVE('',#5971,#5998,#6000,.T.);
#5998 = VERTEX_POINT('',#5999);
#5999 = CARTESIAN_POINT('',(119.5,-10.49079138079,15.421896129655));
#6000 = LINE('',#6001,#6002);
#6001 = CARTESIAN_POINT('',(119.5,-11.87113563612,17.812722792078));
#6002 = VECTOR('',#6003,1.);
#6003 = DIRECTION('',(1.838806722866E-16,0.49999995604,-0.866025429165)
  );
#6004 = ORIENTED_EDGE('',*,*,#6005,.T.);
#6005 = EDGE_CURVE('',#5998,#6006,#6008,.T.);
#6006 = VERTEX_POINT('',#6007);
#6007 = CARTESIAN_POINT('',(119.59,-10.49079138079,15.421896129655));
#6008 = LINE('',#6009,#6010);
#6009 = CARTESIAN_POINT('',(120.,-10.49079138079,15.421896129655));
#6010 = VECTOR('',#6011,1.);
#6011 = DIRECTION('',(1.,-3.677613769071E-16,0.));
#6012 = ORIENTED_EDGE('',*,*,#6013,.T.);
#6013 = EDGE_CURVE('',#6006,#6014,#6016,.T.);
#6014 = VERTEX_POINT('',#6015);
#6015 = CARTESIAN_POINT('',(119.59,-10.38000011167,15.23));
#6016 = LINE('',#6017,#6018);
#6017 = CARTESIAN_POINT('',(119.59,-12.28525583248,18.530000096713));
#6018 = VECTOR('',#6019,1.);
#6019 = DIRECTION('',(2.220446359209E-16,0.49999995604,-0.866025429165)
  );
#6020 = ORIENTED_EDGE('',*,*,#6021,.F.);
#6021 = EDGE_CURVE('',#4733,#6014,#6022,.T.);
#6022 = LINE('',#6023,#6024);
#6023 = CARTESIAN_POINT('',(112.59,-10.38000011167,15.23));
#6024 = VECTOR('',#6025,1.);
#6025 = DIRECTION('',(1.,4.17792436293E-16,4.976076004103E-16));
#6026 = PLANE('',#6027);
#6027 = AXIS2_PLACEMENT_3D('',#6028,#6029,#6030);
#6028 = CARTESIAN_POINT('',(112.59,-12.28525583248,18.530000096713));
#6029 = DIRECTION('',(-6.106226522726E-16,0.866025429165,0.49999995604)
  );
#6030 = DIRECTION('',(2.220446359209E-16,0.49999995604,-0.866025429165)
  );
#6031 = ADVANCED_FACE('',(#6032),#6066,.T.);
#6032 = FACE_BOUND('',#6033,.T.);
#6033 = EDGE_LOOP('',(#6034,#6035,#6036,#6044,#6052,#6060));
#6034 = ORIENTED_EDGE('',*,*,#4732,.T.);
#6035 = ORIENTED_EDGE('',*,*,#6021,.T.);
#6036 = ORIENTED_EDGE('',*,*,#6037,.T.);
#6037 = EDGE_CURVE('',#6014,#6038,#6040,.T.);
#6038 = VERTEX_POINT('',#6039);
#6039 = CARTESIAN_POINT('',(119.59,-10.26848496597,15.423149875531));
#6040 = LINE('',#6041,#6042);
#6041 = CARTESIAN_POINT('',(119.59,-10.38000011167,15.23));
#6042 = VECTOR('',#6043,1.);
#6043 = DIRECTION('',(-6.398370469547E-16,0.50000004396,0.866025378404)
  );
#6044 = ORIENTED_EDGE('',*,*,#6045,.F.);
#6045 = EDGE_CURVE('',#6046,#6038,#6048,.T.);
#6046 = VERTEX_POINT('',#6047);
#6047 = CARTESIAN_POINT('',(119.5,-10.26848496597,15.423149875531));
#6048 = LINE('',#6049,#6050);
#6049 = CARTESIAN_POINT('',(120.,-10.26848496597,15.423149875531));
#6050 = VECTOR('',#6051,1.);
#6051 = DIRECTION('',(1.,-3.677613769071E-16,0.));
#6052 = ORIENTED_EDGE('',*,*,#6053,.T.);
#6053 = EDGE_CURVE('',#6046,#6054,#6056,.T.);
#6054 = VERTEX_POINT('',#6055);
#6055 = CARTESIAN_POINT('',(119.5,-9.973380373457,15.934285963391));
#6056 = LINE('',#6057,#6058);
#6057 = CARTESIAN_POINT('',(119.5,-9.942783529193,15.987281245996));
#6058 = VECTOR('',#6059,1.);
#6059 = DIRECTION('',(1.838807046204E-16,0.50000004396,0.866025378404));
#6060 = ORIENTED_EDGE('',*,*,#6061,.T.);
#6061 = EDGE_CURVE('',#6054,#4724,#6062,.T.);
#6062 = LINE('',#6063,#6064);
#6063 = CARTESIAN_POINT('',(112.59,-9.973380373457,15.934285963391));
#6064 = VECTOR('',#6065,1.);
#6065 = DIRECTION('',(-1.,-4.17792436293E-16,-4.976076004103E-16));
#6066 = PLANE('',#6067);
#6067 = AXIS2_PLACEMENT_3D('',#6068,#6069,#6070);
#6068 = CARTESIAN_POINT('',(112.59,-10.38000011167,15.23));
#6069 = DIRECTION('',(1.130150306549E-16,-0.866025378404,0.50000004396)
  );
#6070 = DIRECTION('',(-6.398370469547E-16,0.50000004396,0.866025378404)
  );
#6071 = ADVANCED_FACE('',(#6072),#6091,.F.);
#6072 = FACE_BOUND('',#6073,.F.);
#6073 = EDGE_LOOP('',(#6074,#6083,#6084,#6085));
#6074 = ORIENTED_EDGE('',*,*,#6075,.T.);
#6075 = EDGE_CURVE('',#6076,#6054,#6078,.T.);
#6076 = VERTEX_POINT('',#6077);
#6077 = CARTESIAN_POINT('',(119.5,-8.881363794055,17.825713939896));
#6078 = CIRCLE('',#6079,1.55);
#6079 = AXIS2_PLACEMENT_3D('',#6080,#6081,#6082);
#6080 = CARTESIAN_POINT('',(119.5,-10.38,17.43));
#6081 = DIRECTION('',(-1.,-4.17792436293E-16,-4.976076004103E-16));
#6082 = DIRECTION('',(-2.22044604925E-16,-0.5,0.866025403784));
#6083 = ORIENTED_EDGE('',*,*,#6061,.T.);
#6084 = ORIENTED_EDGE('',*,*,#4723,.F.);
#6085 = ORIENTED_EDGE('',*,*,#6086,.F.);
#6086 = EDGE_CURVE('',#6076,#4716,#6087,.T.);
#6087 = LINE('',#6088,#6089);
#6088 = CARTESIAN_POINT('',(112.59,-8.881363794055,17.825713939896));
#6089 = VECTOR('',#6090,1.);
#6090 = DIRECTION('',(-1.,-4.17792436293E-16,-4.976076004103E-16));
#6091 = CYLINDRICAL_SURFACE('',#6092,1.55);
#6092 = AXIS2_PLACEMENT_3D('',#6093,#6094,#6095);
#6093 = CARTESIAN_POINT('',(112.59,-10.38,17.43));
#6094 = DIRECTION('',(-1.,-4.17792436293E-16,-4.976076004103E-16));
#6095 = DIRECTION('',(-2.22044604925E-16,-0.5,0.866025403784));
#6096 = ADVANCED_FACE('',(#6097),#6131,.T.);
#6097 = FACE_BOUND('',#6098,.T.);
#6098 = EDGE_LOOP('',(#6099,#6100,#6101,#6109,#6117,#6125));
#6099 = ORIENTED_EDGE('',*,*,#4715,.T.);
#6100 = ORIENTED_EDGE('',*,*,#6086,.F.);
#6101 = ORIENTED_EDGE('',*,*,#6102,.T.);
#6102 = EDGE_CURVE('',#6076,#6103,#6105,.T.);
#6103 = VERTEX_POINT('',#6104);
#6104 = CARTESIAN_POINT('',(119.5,-8.600889072318,18.311510351235));
#6105 = LINE('',#6106,#6107);
#6106 = CARTESIAN_POINT('',(119.5,-9.942783529193,15.987281245996));
#6107 = VECTOR('',#6108,1.);
#6108 = DIRECTION('',(1.838807046204E-16,0.50000004396,0.866025378404));
#6109 = ORIENTED_EDGE('',*,*,#6110,.T.);
#6110 = EDGE_CURVE('',#6103,#6111,#6113,.T.);
#6111 = VERTEX_POINT('',#6112);
#6112 = CARTESIAN_POINT('',(119.59,-8.600889072318,18.311510351235));
#6113 = LINE('',#6114,#6115);
#6114 = CARTESIAN_POINT('',(120.,-8.600889072318,18.311510351235));
#6115 = VECTOR('',#6116,1.);
#6116 = DIRECTION('',(1.,-3.677613769071E-16,0.));
#6117 = ORIENTED_EDGE('',*,*,#6118,.T.);
#6118 = EDGE_CURVE('',#6111,#6119,#6121,.T.);
#6119 = VERTEX_POINT('',#6120);
#6120 = CARTESIAN_POINT('',(119.59,-8.474744055837,18.529999903287));
#6121 = LINE('',#6122,#6123);
#6122 = CARTESIAN_POINT('',(119.59,-10.38000011167,15.23));
#6123 = VECTOR('',#6124,1.);
#6124 = DIRECTION('',(-6.398370469547E-16,0.50000004396,0.866025378404)
  );
#6125 = ORIENTED_EDGE('',*,*,#6126,.F.);
#6126 = EDGE_CURVE('',#4708,#6119,#6127,.T.);
#6127 = LINE('',#6128,#6129);
#6128 = CARTESIAN_POINT('',(112.59,-8.474744055837,18.529999903287));
#6129 = VECTOR('',#6130,1.);
#6130 = DIRECTION('',(1.,4.17792436293E-16,4.976076004103E-16));
#6131 = PLANE('',#6132);
#6132 = AXIS2_PLACEMENT_3D('',#6133,#6134,#6135);
#6133 = CARTESIAN_POINT('',(112.59,-10.38000011167,15.23));
#6134 = DIRECTION('',(1.130150306549E-16,-0.866025378404,0.50000004396)
  );
#6135 = DIRECTION('',(-6.398370469547E-16,0.50000004396,0.866025378404)
  );
#6136 = ADVANCED_FACE('',(#6137),#6164,.T.);
#6137 = FACE_BOUND('',#6138,.T.);
#6138 = EDGE_LOOP('',(#6139,#6140,#6141,#6149,#6157,#6163));
#6139 = ORIENTED_EDGE('',*,*,#4707,.T.);
#6140 = ORIENTED_EDGE('',*,*,#6126,.T.);
#6141 = ORIENTED_EDGE('',*,*,#6142,.T.);
#6142 = EDGE_CURVE('',#6119,#6143,#6145,.T.);
#6143 = VERTEX_POINT('',#6144);
#6144 = CARTESIAN_POINT('',(119.59,-8.727599718539,18.529999916122));
#6145 = LINE('',#6146,#6147);
#6146 = CARTESIAN_POINT('',(119.59,-8.474744055837,18.529999903287));
#6147 = VECTOR('',#6148,1.);
#6148 = DIRECTION('',(4.177924110341E-16,-1.,5.076069542476E-08));
#6149 = ORIENTED_EDGE('',*,*,#6150,.F.);
#6150 = EDGE_CURVE('',#6151,#6143,#6153,.T.);
#6151 = VERTEX_POINT('',#6152);
#6152 = CARTESIAN_POINT('',(119.5,-8.727599718539,18.529999916122));
#6153 = LINE('',#6154,#6155);
#6154 = CARTESIAN_POINT('',(120.,-8.727599718539,18.529999916122));
#6155 = VECTOR('',#6156,1.);
#6156 = DIRECTION('',(1.,-3.677613769071E-16,0.));
#6157 = ORIENTED_EDGE('',*,*,#6158,.T.);
#6158 = EDGE_CURVE('',#6151,#5859,#6159,.T.);
#6159 = LINE('',#6160,#6161);
#6160 = CARTESIAN_POINT('',(119.5,-9.629954334687,18.529999961927));
#6161 = VECTOR('',#6162,1.);
#6162 = DIRECTION('',(-3.677613769071E-16,-1.,5.076069542476E-08));
#6163 = ORIENTED_EDGE('',*,*,#5858,.T.);
#6164 = PLANE('',#6165);
#6165 = AXIS2_PLACEMENT_3D('',#6166,#6167,#6168);
#6166 = CARTESIAN_POINT('',(112.59,-8.474744055837,18.529999903287));
#6167 = DIRECTION('',(4.976076216177E-16,-5.076069542476E-08,-1.));
#6168 = DIRECTION('',(4.177924110341E-16,-1.,5.076069542476E-08));
#6169 = ADVANCED_FACE('',(#6170),#6196,.F.);
#6170 = FACE_BOUND('',#6171,.F.);
#6171 = EDGE_LOOP('',(#6172,#6180,#6181,#6189));
#6172 = ORIENTED_EDGE('',*,*,#6173,.T.);
#6173 = EDGE_CURVE('',#6174,#4776,#6176,.T.);
#6174 = VERTEX_POINT('',#6175);
#6175 = CARTESIAN_POINT('',(119.5,14.332016539229,18.529999944568));
#6176 = LINE('',#6177,#6178);
#6177 = CARTESIAN_POINT('',(112.59,14.332016539229,18.529999944568));
#6178 = VECTOR('',#6179,1.);
#6179 = DIRECTION('',(-1.,-4.17792436293E-16,-4.976076004103E-16));
#6180 = ORIENTED_EDGE('',*,*,#4773,.F.);
#6181 = ORIENTED_EDGE('',*,*,#6182,.F.);
#6182 = EDGE_CURVE('',#6183,#4774,#6185,.T.);
#6183 = VERTEX_POINT('',#6184);
#6184 = CARTESIAN_POINT('',(119.5,12.147983572445,18.530000055432));
#6185 = LINE('',#6186,#6187);
#6186 = CARTESIAN_POINT('',(112.59,12.147983572445,18.530000055432));
#6187 = VECTOR('',#6188,1.);
#6188 = DIRECTION('',(-1.,-4.17792436293E-16,-4.976076004103E-16));
#6189 = ORIENTED_EDGE('',*,*,#6190,.T.);
#6190 = EDGE_CURVE('',#6183,#6174,#6191,.T.);
#6191 = CIRCLE('',#6192,1.55);
#6192 = AXIS2_PLACEMENT_3D('',#6193,#6194,#6195);
#6193 = CARTESIAN_POINT('',(119.5,13.24,17.43));
#6194 = DIRECTION('',(-1.,-4.17792436293E-16,-4.976076004103E-16));
#6195 = DIRECTION('',(-2.22044604925E-16,-0.5,0.866025403784));
#6196 = CYLINDRICAL_SURFACE('',#6197,1.55);
#6197 = AXIS2_PLACEMENT_3D('',#6198,#6199,#6200);
#6198 = CARTESIAN_POINT('',(112.59,13.24,17.43));
#6199 = DIRECTION('',(-1.,-4.17792436293E-16,-4.976076004103E-16));
#6200 = DIRECTION('',(-2.22044604925E-16,-0.5,0.866025403784));
#6201 = ADVANCED_FACE('',(#6202),#6236,.T.);
#6202 = FACE_BOUND('',#6203,.T.);
#6203 = EDGE_LOOP('',(#6204,#6205,#6206,#6214,#6222,#6230));
#6204 = ORIENTED_EDGE('',*,*,#4842,.T.);
#6205 = ORIENTED_EDGE('',*,*,#6182,.F.);
#6206 = ORIENTED_EDGE('',*,*,#6207,.T.);
#6207 = EDGE_CURVE('',#6183,#6208,#6210,.T.);
#6208 = VERTEX_POINT('',#6209);
#6209 = CARTESIAN_POINT('',(119.5,11.55367970379,18.530000085598));
#6210 = LINE('',#6211,#6212);
#6211 = CARTESIAN_POINT('',(119.5,2.180045665313,18.53000056141));
#6212 = VECTOR('',#6213,1.);
#6213 = DIRECTION('',(-3.677613769071E-16,-1.,5.076069542476E-08));
#6214 = ORIENTED_EDGE('',*,*,#6215,.T.);
#6215 = EDGE_CURVE('',#6208,#6216,#6218,.T.);
#6216 = VERTEX_POINT('',#6217);
#6217 = CARTESIAN_POINT('',(119.59,11.55367970379,18.530000085598));
#6218 = LINE('',#6219,#6220);
#6219 = CARTESIAN_POINT('',(120.,11.55367970379,18.530000085598));
#6220 = VECTOR('',#6221,1.);
#6221 = DIRECTION('',(1.,-3.677613769071E-16,0.));
#6222 = ORIENTED_EDGE('',*,*,#6223,.T.);
#6223 = EDGE_CURVE('',#6216,#6224,#6226,.T.);
#6224 = VERTEX_POINT('',#6225);
#6225 = CARTESIAN_POINT('',(119.59,11.334744167512,18.530000096713));
#6226 = LINE('',#6227,#6228);
#6227 = CARTESIAN_POINT('',(119.59,15.145255944163,18.529999903287));
#6228 = VECTOR('',#6229,1.);
#6229 = DIRECTION('',(4.177924110341E-16,-1.,5.076069542476E-08));
#6230 = ORIENTED_EDGE('',*,*,#6231,.F.);
#6231 = EDGE_CURVE('',#4835,#6224,#6232,.T.);
#6232 = LINE('',#6233,#6234);
#6233 = CARTESIAN_POINT('',(112.59,11.334744167512,18.530000096713));
#6234 = VECTOR('',#6235,1.);
#6235 = DIRECTION('',(1.,4.17792436293E-16,4.976076004103E-16));
#6236 = PLANE('',#6237);
#6237 = AXIS2_PLACEMENT_3D('',#6238,#6239,#6240);
#6238 = CARTESIAN_POINT('',(112.59,15.145255944163,18.529999903287));
#6239 = DIRECTION('',(4.976076216177E-16,-5.076069542476E-08,-1.));
#6240 = DIRECTION('',(4.177924110341E-16,-1.,5.076069542476E-08));
#6241 = ADVANCED_FACE('',(#6242),#6276,.T.);
#6242 = FACE_BOUND('',#6243,.T.);
#6243 = EDGE_LOOP('',(#6244,#6245,#6246,#6254,#6262,#6270));
#6244 = ORIENTED_EDGE('',*,*,#4834,.T.);
#6245 = ORIENTED_EDGE('',*,*,#6231,.T.);
#6246 = ORIENTED_EDGE('',*,*,#6247,.T.);
#6247 = EDGE_CURVE('',#6224,#6248,#6250,.T.);
#6248 = VERTEX_POINT('',#6249);
#6249 = CARTESIAN_POINT('',(119.59,11.447491014641,18.3347168062));
#6250 = LINE('',#6251,#6252);
#6251 = CARTESIAN_POINT('',(119.59,11.334744167512,18.530000096713));
#6252 = VECTOR('',#6253,1.);
#6253 = DIRECTION('',(2.220446359209E-16,0.49999995604,-0.866025429165)
  );
#6254 = ORIENTED_EDGE('',*,*,#6255,.F.);
#6255 = EDGE_CURVE('',#6256,#6248,#6258,.T.);
#6256 = VERTEX_POINT('',#6257);
#6257 = CARTESIAN_POINT('',(119.5,11.447491014641,18.3347168062));
#6258 = LINE('',#6259,#6260);
#6259 = CARTESIAN_POINT('',(120.,11.447491014641,18.3347168062));
#6260 = VECTOR('',#6261,1.);
#6261 = DIRECTION('',(1.,-3.677613769071E-16,0.));
#6262 = ORIENTED_EDGE('',*,*,#6263,.T.);
#6263 = EDGE_CURVE('',#6256,#6264,#6266,.T.);
#6264 = VERTEX_POINT('',#6265);
#6265 = CARTESIAN_POINT('',(119.5,11.741363834228,17.825714092041));
#6266 = LINE('',#6267,#6268);
#6267 = CARTESIAN_POINT('',(119.5,8.796364883051,22.926602501681));
#6268 = VECTOR('',#6269,1.);
#6269 = DIRECTION('',(1.838806722866E-16,0.49999995604,-0.866025429165)
  );
#6270 = ORIENTED_EDGE('',*,*,#6271,.T.);
#6271 = EDGE_CURVE('',#6264,#4826,#6272,.T.);
#6272 = LINE('',#6273,#6274);
#6273 = CARTESIAN_POINT('',(112.59,11.741363834228,17.825714092041));
#6274 = VECTOR('',#6275,1.);
#6275 = DIRECTION('',(-1.,-4.17792436293E-16,-4.976076004103E-16));
#6276 = PLANE('',#6277);
#6277 = AXIS2_PLACEMENT_3D('',#6278,#6279,#6280);
#6278 = CARTESIAN_POINT('',(112.59,11.334744167512,18.530000096713));
#6279 = DIRECTION('',(-6.106226522726E-16,0.866025429165,0.49999995604)
  );
#6280 = DIRECTION('',(2.220446359209E-16,0.49999995604,-0.866025429165)
  );
#6281 = ADVANCED_FACE('',(#6282),#6301,.F.);
#6282 = FACE_BOUND('',#6283,.F.);
#6283 = EDGE_LOOP('',(#6284,#6292,#6299,#6300));
#6284 = ORIENTED_EDGE('',*,*,#6285,.F.);
#6285 = EDGE_CURVE('',#6286,#4818,#6288,.T.);
#6286 = VERTEX_POINT('',#6287);
#6287 = CARTESIAN_POINT('',(119.5,12.833380221609,15.934286004671));
#6288 = LINE('',#6289,#6290);
#6289 = CARTESIAN_POINT('',(112.59,12.833380221609,15.934286004671));
#6290 = VECTOR('',#6291,1.);
#6291 = DIRECTION('',(-1.,-4.17792436293E-16,-4.976076004103E-16));
#6292 = ORIENTED_EDGE('',*,*,#6293,.T.);
#6293 = EDGE_CURVE('',#6286,#6264,#6294,.T.);
#6294 = CIRCLE('',#6295,1.55);
#6295 = AXIS2_PLACEMENT_3D('',#6296,#6297,#6298);
#6296 = CARTESIAN_POINT('',(119.5,13.24,17.43));
#6297 = DIRECTION('',(-1.,-4.17792436293E-16,-4.976076004103E-16));
#6298 = DIRECTION('',(-2.22044604925E-16,-0.5,0.866025403784));
#6299 = ORIENTED_EDGE('',*,*,#6271,.T.);
#6300 = ORIENTED_EDGE('',*,*,#4825,.F.);
#6301 = CYLINDRICAL_SURFACE('',#6302,1.55);
#6302 = AXIS2_PLACEMENT_3D('',#6303,#6304,#6305);
#6303 = CARTESIAN_POINT('',(112.59,13.24,17.43));
#6304 = DIRECTION('',(-1.,-4.17792436293E-16,-4.976076004103E-16));
#6305 = DIRECTION('',(-2.22044604925E-16,-0.5,0.866025403784));
#6306 = ADVANCED_FACE('',(#6307),#6341,.T.);
#6307 = FACE_BOUND('',#6308,.T.);
#6308 = EDGE_LOOP('',(#6309,#6310,#6311,#6319,#6327,#6335));
#6309 = ORIENTED_EDGE('',*,*,#4817,.T.);
#6310 = ORIENTED_EDGE('',*,*,#6285,.F.);
#6311 = ORIENTED_EDGE('',*,*,#6312,.T.);
#6312 = EDGE_CURVE('',#6286,#6313,#6315,.T.);
#6313 = VERTEX_POINT('',#6314);
#6314 = CARTESIAN_POINT('',(119.5,13.092776556395,15.484998320858));
#6315 = LINE('',#6316,#6317);
#6316 = CARTESIAN_POINT('',(119.5,8.796364883051,22.926602501681));
#6317 = VECTOR('',#6318,1.);
#6318 = DIRECTION('',(1.838806722866E-16,0.49999995604,-0.866025429165)
  );
#6319 = ORIENTED_EDGE('',*,*,#6320,.T.);
#6320 = EDGE_CURVE('',#6313,#6321,#6323,.T.);
#6321 = VERTEX_POINT('',#6322);
#6322 = CARTESIAN_POINT('',(119.59,13.092776556395,15.484998320858));
#6323 = LINE('',#6324,#6325);
#6324 = CARTESIAN_POINT('',(120.,13.092776556395,15.484998320858));
#6325 = VECTOR('',#6326,1.);
#6326 = DIRECTION('',(1.,-3.677613769071E-16,0.));
#6327 = ORIENTED_EDGE('',*,*,#6328,.T.);
#6328 = EDGE_CURVE('',#6321,#6329,#6331,.T.);
#6329 = VERTEX_POINT('',#6330);
#6330 = CARTESIAN_POINT('',(119.59,13.239999888326,15.23));
#6331 = LINE('',#6332,#6333);
#6332 = CARTESIAN_POINT('',(119.59,11.334744167512,18.530000096713));
#6333 = VECTOR('',#6334,1.);
#6334 = DIRECTION('',(2.220446359209E-16,0.49999995604,-0.866025429165)
  );
#6335 = ORIENTED_EDGE('',*,*,#6336,.F.);
#6336 = EDGE_CURVE('',#4810,#6329,#6337,.T.);
#6337 = LINE('',#6338,#6339);
#6338 = CARTESIAN_POINT('',(112.59,13.239999888326,15.23));
#6339 = VECTOR('',#6340,1.);
#6340 = DIRECTION('',(1.,4.17792436293E-16,4.976076004103E-16));
#6341 = PLANE('',#6342);
#6342 = AXIS2_PLACEMENT_3D('',#6343,#6344,#6345);
#6343 = CARTESIAN_POINT('',(112.59,11.334744167512,18.530000096713));
#6344 = DIRECTION('',(-6.106226522726E-16,0.866025429165,0.49999995604)
  );
#6345 = DIRECTION('',(2.220446359209E-16,0.49999995604,-0.866025429165)
  );
#6346 = ADVANCED_FACE('',(#6347),#6381,.T.);
#6347 = FACE_BOUND('',#6348,.T.);
#6348 = EDGE_LOOP('',(#6349,#6350,#6351,#6359,#6367,#6375));
#6349 = ORIENTED_EDGE('',*,*,#4809,.T.);
#6350 = ORIENTED_EDGE('',*,*,#6336,.T.);
#6351 = ORIENTED_EDGE('',*,*,#6352,.T.);
#6352 = EDGE_CURVE('',#6329,#6353,#6355,.T.);
#6353 = VERTEX_POINT('',#6354);
#6354 = CARTESIAN_POINT('',(119.59,13.385902454973,15.482710628763));
#6355 = LINE('',#6356,#6357);
#6356 = CARTESIAN_POINT('',(119.59,13.239999888326,15.23));
#6357 = VECTOR('',#6358,1.);
#6358 = DIRECTION('',(-6.398370469547E-16,0.50000004396,0.866025378404)
  );
#6359 = ORIENTED_EDGE('',*,*,#6360,.F.);
#6360 = EDGE_CURVE('',#6361,#6353,#6363,.T.);
#6361 = VERTEX_POINT('',#6362);
#6362 = CARTESIAN_POINT('',(119.5,13.385902454973,15.482710628763));
#6363 = LINE('',#6364,#6365);
#6364 = CARTESIAN_POINT('',(120.,13.385902454973,15.482710628763));
#6365 = VECTOR('',#6366,1.);
#6366 = DIRECTION('',(1.,-3.677613769071E-16,0.));
#6367 = ORIENTED_EDGE('',*,*,#6368,.T.);
#6368 = EDGE_CURVE('',#6361,#6369,#6371,.T.);
#6369 = VERTEX_POINT('',#6370);
#6370 = CARTESIAN_POINT('',(119.5,13.646619626543,15.934285963391));
#6371 = LINE('',#6372,#6373);
#6372 = CARTESIAN_POINT('',(119.5,10.724715951638,10.873400936906));
#6373 = VECTOR('',#6374,1.);
#6374 = DIRECTION('',(1.838807046204E-16,0.50000004396,0.866025378404));
#6375 = ORIENTED_EDGE('',*,*,#6376,.T.);
#6376 = EDGE_CURVE('',#6369,#4801,#6377,.T.);
#6377 = LINE('',#6378,#6379);
#6378 = CARTESIAN_POINT('',(112.59,13.646619626543,15.934285963391));
#6379 = VECTOR('',#6380,1.);
#6380 = DIRECTION('',(-1.,-4.17792436293E-16,-4.976076004103E-16));
#6381 = PLANE('',#6382);
#6382 = AXIS2_PLACEMENT_3D('',#6383,#6384,#6385);
#6383 = CARTESIAN_POINT('',(112.59,13.239999888326,15.23));
#6384 = DIRECTION('',(1.130150306549E-16,-0.866025378404,0.50000004396)
  );
#6385 = DIRECTION('',(-6.398370469547E-16,0.50000004396,0.866025378404)
  );
#6386 = ADVANCED_FACE('',(#6387),#6406,.F.);
#6387 = FACE_BOUND('',#6388,.F.);
#6388 = EDGE_LOOP('',(#6389,#6398,#6399,#6400));
#6389 = ORIENTED_EDGE('',*,*,#6390,.T.);
#6390 = EDGE_CURVE('',#6391,#6369,#6393,.T.);
#6391 = VERTEX_POINT('',#6392);
#6392 = CARTESIAN_POINT('',(119.5,14.738636205945,17.825713939896));
#6393 = CIRCLE('',#6394,1.55);
#6394 = AXIS2_PLACEMENT_3D('',#6395,#6396,#6397);
#6395 = CARTESIAN_POINT('',(119.5,13.24,17.43));
#6396 = DIRECTION('',(-1.,-4.17792436293E-16,-4.976076004103E-16));
#6397 = DIRECTION('',(-2.22044604925E-16,-0.5,0.866025403784));
#6398 = ORIENTED_EDGE('',*,*,#6376,.T.);
#6399 = ORIENTED_EDGE('',*,*,#4800,.F.);
#6400 = ORIENTED_EDGE('',*,*,#6401,.F.);
#6401 = EDGE_CURVE('',#6391,#4793,#6402,.T.);
#6402 = LINE('',#6403,#6404);
#6403 = CARTESIAN_POINT('',(112.59,14.738636205945,17.825713939896));
#6404 = VECTOR('',#6405,1.);
#6405 = DIRECTION('',(-1.,-4.17792436293E-16,-4.976076004103E-16));
#6406 = CYLINDRICAL_SURFACE('',#6407,1.55);
#6407 = AXIS2_PLACEMENT_3D('',#6408,#6409,#6410);
#6408 = CARTESIAN_POINT('',(112.59,13.24,17.43));
#6409 = DIRECTION('',(-1.,-4.17792436293E-16,-4.976076004103E-16));
#6410 = DIRECTION('',(-2.22044604925E-16,-0.5,0.866025403784));
#6411 = ADVANCED_FACE('',(#6412),#6446,.T.);
#6412 = FACE_BOUND('',#6413,.T.);
#6413 = EDGE_LOOP('',(#6414,#6415,#6416,#6424,#6432,#6440));
#6414 = ORIENTED_EDGE('',*,*,#4792,.T.);
#6415 = ORIENTED_EDGE('',*,*,#6401,.F.);
#6416 = ORIENTED_EDGE('',*,*,#6417,.T.);
#6417 = EDGE_CURVE('',#6391,#6418,#6420,.T.);
#6418 = VERTEX_POINT('',#6419);
#6419 = CARTESIAN_POINT('',(119.5,15.048735867233,18.362822245694));
#6420 = LINE('',#6421,#6422);
#6421 = CARTESIAN_POINT('',(119.5,10.724715951638,10.873400936906));
#6422 = VECTOR('',#6423,1.);
#6423 = DIRECTION('',(1.838807046204E-16,0.50000004396,0.866025378404));
#6424 = ORIENTED_EDGE('',*,*,#6425,.T.);
#6425 = EDGE_CURVE('',#6418,#6426,#6428,.T.);
#6426 = VERTEX_POINT('',#6427);
#6427 = CARTESIAN_POINT('',(119.59,15.048735867233,18.362822245694));
#6428 = LINE('',#6429,#6430);
#6429 = CARTESIAN_POINT('',(120.,15.048735867233,18.362822245694));
#6430 = VECTOR('',#6431,1.);
#6431 = DIRECTION('',(1.,-3.677613769071E-16,0.));
#6432 = ORIENTED_EDGE('',*,*,#6433,.T.);
#6433 = EDGE_CURVE('',#6426,#6434,#6436,.T.);
#6434 = VERTEX_POINT('',#6435);
#6435 = CARTESIAN_POINT('',(119.59,15.145255944163,18.529999903287));
#6436 = LINE('',#6437,#6438);
#6437 = CARTESIAN_POINT('',(119.59,13.239999888326,15.23));
#6438 = VECTOR('',#6439,1.);
#6439 = DIRECTION('',(-6.398370469547E-16,0.50000004396,0.866025378404)
  );
#6440 = ORIENTED_EDGE('',*,*,#6441,.F.);
#6441 = EDGE_CURVE('',#4785,#6434,#6442,.T.);
#6442 = LINE('',#6443,#6444);
#6443 = CARTESIAN_POINT('',(112.59,15.145255944163,18.529999903287));
#6444 = VECTOR('',#6445,1.);
#6445 = DIRECTION('',(1.,4.17792436293E-16,4.976076004103E-16));
#6446 = PLANE('',#6447);
#6447 = AXIS2_PLACEMENT_3D('',#6448,#6449,#6450);
#6448 = CARTESIAN_POINT('',(112.59,13.239999888326,15.23));
#6449 = DIRECTION('',(1.130150306549E-16,-0.866025378404,0.50000004396)
  );
#6450 = DIRECTION('',(-6.398370469547E-16,0.50000004396,0.866025378404)
  );
#6451 = ADVANCED_FACE('',(#6452),#6479,.T.);
#6452 = FACE_BOUND('',#6453,.T.);
#6453 = EDGE_LOOP('',(#6454,#6455,#6456,#6464,#6472,#6478));
#6454 = ORIENTED_EDGE('',*,*,#4784,.T.);
#6455 = ORIENTED_EDGE('',*,*,#6441,.T.);
#6456 = ORIENTED_EDGE('',*,*,#6457,.T.);
#6457 = EDGE_CURVE('',#6434,#6458,#6460,.T.);
#6458 = VERTEX_POINT('',#6459);
#6459 = CARTESIAN_POINT('',(119.59,14.956132402968,18.529999912887));
#6460 = LINE('',#6461,#6462);
#6461 = CARTESIAN_POINT('',(119.59,15.145255944163,18.529999903287));
#6462 = VECTOR('',#6463,1.);
#6463 = DIRECTION('',(4.177924110341E-16,-1.,5.076069542476E-08));
#6464 = ORIENTED_EDGE('',*,*,#6465,.F.);
#6465 = EDGE_CURVE('',#6466,#6458,#6468,.T.);
#6466 = VERTEX_POINT('',#6467);
#6467 = CARTESIAN_POINT('',(119.5,14.956132402968,18.529999912887));
#6468 = LINE('',#6469,#6470);
#6469 = CARTESIAN_POINT('',(120.,14.956132402968,18.529999912887));
#6470 = VECTOR('',#6471,1.);
#6471 = DIRECTION('',(1.,-3.677613769071E-16,0.));
#6472 = ORIENTED_EDGE('',*,*,#6473,.T.);
#6473 = EDGE_CURVE('',#6466,#6174,#6474,.T.);
#6474 = LINE('',#6475,#6476);
#6475 = CARTESIAN_POINT('',(119.5,2.180045665313,18.53000056141));
#6476 = VECTOR('',#6477,1.);
#6477 = DIRECTION('',(-3.677613769071E-16,-1.,5.076069542476E-08));
#6478 = ORIENTED_EDGE('',*,*,#6173,.T.);
#6479 = PLANE('',#6480);
#6480 = AXIS2_PLACEMENT_3D('',#6481,#6482,#6483);
#6481 = CARTESIAN_POINT('',(112.59,15.145255944163,18.529999903287));
#6482 = DIRECTION('',(4.976076216177E-16,-5.076069542476E-08,-1.));
#6483 = DIRECTION('',(4.177924110341E-16,-1.,5.076069542476E-08));
#6484 = ADVANCED_FACE('',(#6485),#6552,.F.);
#6485 = FACE_BOUND('',#6486,.F.);
#6486 = EDGE_LOOP('',(#6487,#6488,#6496,#6503,#6504,#6511,#6512,#6519,
    #6520,#6527,#6528,#6535,#6536,#6543,#6544,#6551));
#6487 = ORIENTED_EDGE('',*,*,#5046,.F.);
#6488 = ORIENTED_EDGE('',*,*,#6489,.T.);
#6489 = EDGE_CURVE('',#5047,#6490,#6492,.T.);
#6490 = VERTEX_POINT('',#6491);
#6491 = CARTESIAN_POINT('',(119.5,-33.2195,17.5522));
#6492 = LINE('',#6493,#6494);
#6493 = CARTESIAN_POINT('',(120.,-33.2195,17.5522));
#6494 = VECTOR('',#6495,1.);
#6495 = DIRECTION('',(-1.,3.677613769071E-16,0.));
#6496 = ORIENTED_EDGE('',*,*,#6497,.T.);
#6497 = EDGE_CURVE('',#6490,#5788,#6498,.T.);
#6498 = CIRCLE('',#6499,2.);
#6499 = AXIS2_PLACEMENT_3D('',#6500,#6501,#6502);
#6500 = CARTESIAN_POINT('',(119.5,-35.2195,17.5522));
#6501 = DIRECTION('',(1.,-3.677613769071E-16,0.));
#6502 = DIRECTION('',(3.677613769071E-16,1.,0.));
#6503 = ORIENTED_EDGE('',*,*,#5795,.T.);
#6504 = ORIENTED_EDGE('',*,*,#6505,.T.);
#6505 = EDGE_CURVE('',#5796,#5828,#6506,.T.);
#6506 = CIRCLE('',#6507,2.);
#6507 = AXIS2_PLACEMENT_3D('',#6508,#6509,#6510);
#6508 = CARTESIAN_POINT('',(119.59,-35.2195,17.5522));
#6509 = DIRECTION('',(1.,-3.677613769071E-16,0.));
#6510 = DIRECTION('',(3.677613769071E-16,1.,0.));
#6511 = ORIENTED_EDGE('',*,*,#5835,.F.);
#6512 = ORIENTED_EDGE('',*,*,#6513,.T.);
#6513 = EDGE_CURVE('',#5836,#5578,#6514,.T.);
#6514 = CIRCLE('',#6515,2.);
#6515 = AXIS2_PLACEMENT_3D('',#6516,#6517,#6518);
#6516 = CARTESIAN_POINT('',(119.5,-35.2195,17.5522));
#6517 = DIRECTION('',(1.,-3.677613769071E-16,0.));
#6518 = DIRECTION('',(3.677613769071E-16,1.,0.));
#6519 = ORIENTED_EDGE('',*,*,#5585,.T.);
#6520 = ORIENTED_EDGE('',*,*,#6521,.T.);
#6521 = EDGE_CURVE('',#5586,#5618,#6522,.T.);
#6522 = CIRCLE('',#6523,2.);
#6523 = AXIS2_PLACEMENT_3D('',#6524,#6525,#6526);
#6524 = CARTESIAN_POINT('',(119.59,-35.2195,17.5522));
#6525 = DIRECTION('',(1.,-3.677613769071E-16,0.));
#6526 = DIRECTION('',(3.677613769071E-16,1.,0.));
#6527 = ORIENTED_EDGE('',*,*,#5625,.F.);
#6528 = ORIENTED_EDGE('',*,*,#6529,.T.);
#6529 = EDGE_CURVE('',#5626,#5683,#6530,.T.);
#6530 = CIRCLE('',#6531,2.);
#6531 = AXIS2_PLACEMENT_3D('',#6532,#6533,#6534);
#6532 = CARTESIAN_POINT('',(119.5,-35.2195,17.5522));
#6533 = DIRECTION('',(1.,-3.677613769071E-16,0.));
#6534 = DIRECTION('',(3.677613769071E-16,1.,0.));
#6535 = ORIENTED_EDGE('',*,*,#5690,.T.);
#6536 = ORIENTED_EDGE('',*,*,#6537,.T.);
#6537 = EDGE_CURVE('',#5691,#5723,#6538,.T.);
#6538 = CIRCLE('',#6539,2.);
#6539 = AXIS2_PLACEMENT_3D('',#6540,#6541,#6542);
#6540 = CARTESIAN_POINT('',(119.59,-35.2195,17.5522));
#6541 = DIRECTION('',(1.,-3.677613769071E-16,0.));
#6542 = DIRECTION('',(3.677613769071E-16,1.,0.));
#6543 = ORIENTED_EDGE('',*,*,#5730,.F.);
#6544 = ORIENTED_EDGE('',*,*,#6545,.T.);
#6545 = EDGE_CURVE('',#5731,#6490,#6546,.T.);
#6546 = CIRCLE('',#6547,2.);
#6547 = AXIS2_PLACEMENT_3D('',#6548,#6549,#6550);
#6548 = CARTESIAN_POINT('',(119.5,-35.2195,17.5522));
#6549 = DIRECTION('',(1.,-3.677613769071E-16,0.));
#6550 = DIRECTION('',(3.677613769071E-16,1.,0.));
#6551 = ORIENTED_EDGE('',*,*,#6489,.F.);
#6552 = CYLINDRICAL_SURFACE('',#6553,2.);
#6553 = AXIS2_PLACEMENT_3D('',#6554,#6555,#6556);
#6554 = CARTESIAN_POINT('',(120.,-35.2195,17.5522));
#6555 = DIRECTION('',(1.,-3.677613769071E-16,0.));
#6556 = DIRECTION('',(3.677613769071E-16,1.,0.));
#6557 = ADVANCED_FACE('',(#6558),#6625,.F.);
#6558 = FACE_BOUND('',#6559,.F.);
#6559 = EDGE_LOOP('',(#6560,#6561,#6569,#6576,#6577,#6584,#6585,#6592,
    #6593,#6600,#6601,#6608,#6609,#6616,#6617,#6624));
#6560 = ORIENTED_EDGE('',*,*,#5066,.F.);
#6561 = ORIENTED_EDGE('',*,*,#6562,.T.);
#6562 = EDGE_CURVE('',#5067,#6563,#6565,.T.);
#6563 = VERTEX_POINT('',#6564);
#6564 = CARTESIAN_POINT('',(119.5,-8.3909,17.4194));
#6565 = LINE('',#6566,#6567);
#6566 = CARTESIAN_POINT('',(120.,-8.3909,17.4194));
#6567 = VECTOR('',#6568,1.);
#6568 = DIRECTION('',(-1.,3.677613769071E-16,0.));
#6569 = ORIENTED_EDGE('',*,*,#6570,.T.);
#6570 = EDGE_CURVE('',#6563,#6103,#6571,.T.);
#6571 = CIRCLE('',#6572,2.);
#6572 = AXIS2_PLACEMENT_3D('',#6573,#6574,#6575);
#6573 = CARTESIAN_POINT('',(119.5,-10.3909,17.4194));
#6574 = DIRECTION('',(1.,-3.677613769071E-16,0.));
#6575 = DIRECTION('',(3.677613769071E-16,1.,0.));
#6576 = ORIENTED_EDGE('',*,*,#6110,.T.);
#6577 = ORIENTED_EDGE('',*,*,#6578,.T.);
#6578 = EDGE_CURVE('',#6111,#6143,#6579,.T.);
#6579 = CIRCLE('',#6580,2.);
#6580 = AXIS2_PLACEMENT_3D('',#6581,#6582,#6583);
#6581 = CARTESIAN_POINT('',(119.59,-10.3909,17.4194));
#6582 = DIRECTION('',(1.,-3.677613769071E-16,0.));
#6583 = DIRECTION('',(3.677613769071E-16,1.,0.));
#6584 = ORIENTED_EDGE('',*,*,#6150,.F.);
#6585 = ORIENTED_EDGE('',*,*,#6586,.T.);
#6586 = EDGE_CURVE('',#6151,#5893,#6587,.T.);
#6587 = CIRCLE('',#6588,2.);
#6588 = AXIS2_PLACEMENT_3D('',#6589,#6590,#6591);
#6589 = CARTESIAN_POINT('',(119.5,-10.3909,17.4194));
#6590 = DIRECTION('',(1.,-3.677613769071E-16,0.));
#6591 = DIRECTION('',(3.677613769071E-16,1.,0.));
#6592 = ORIENTED_EDGE('',*,*,#5900,.T.);
#6593 = ORIENTED_EDGE('',*,*,#6594,.T.);
#6594 = EDGE_CURVE('',#5901,#5933,#6595,.T.);
#6595 = CIRCLE('',#6596,2.);
#6596 = AXIS2_PLACEMENT_3D('',#6597,#6598,#6599);
#6597 = CARTESIAN_POINT('',(119.59,-10.3909,17.4194));
#6598 = DIRECTION('',(1.,-3.677613769071E-16,0.));
#6599 = DIRECTION('',(3.677613769071E-16,1.,0.));
#6600 = ORIENTED_EDGE('',*,*,#5940,.F.);
#6601 = ORIENTED_EDGE('',*,*,#6602,.T.);
#6602 = EDGE_CURVE('',#5941,#5998,#6603,.T.);
#6603 = CIRCLE('',#6604,2.);
#6604 = AXIS2_PLACEMENT_3D('',#6605,#6606,#6607);
#6605 = CARTESIAN_POINT('',(119.5,-10.3909,17.4194));
#6606 = DIRECTION('',(1.,-3.677613769071E-16,0.));
#6607 = DIRECTION('',(3.677613769071E-16,1.,0.));
#6608 = ORIENTED_EDGE('',*,*,#6005,.T.);
#6609 = ORIENTED_EDGE('',*,*,#6610,.T.);
#6610 = EDGE_CURVE('',#6006,#6038,#6611,.T.);
#6611 = CIRCLE('',#6612,2.);
#6612 = AXIS2_PLACEMENT_3D('',#6613,#6614,#6615);
#6613 = CARTESIAN_POINT('',(119.59,-10.3909,17.4194));
#6614 = DIRECTION('',(1.,-3.677613769071E-16,0.));
#6615 = DIRECTION('',(3.677613769071E-16,1.,0.));
#6616 = ORIENTED_EDGE('',*,*,#6045,.F.);
#6617 = ORIENTED_EDGE('',*,*,#6618,.T.);
#6618 = EDGE_CURVE('',#6046,#6563,#6619,.T.);
#6619 = CIRCLE('',#6620,2.);
#6620 = AXIS2_PLACEMENT_3D('',#6621,#6622,#6623);
#6621 = CARTESIAN_POINT('',(119.5,-10.3909,17.4194));
#6622 = DIRECTION('',(1.,-3.677613769071E-16,0.));
#6623 = DIRECTION('',(3.677613769071E-16,1.,0.));
#6624 = ORIENTED_EDGE('',*,*,#6562,.F.);
#6625 = CYLINDRICAL_SURFACE('',#6626,2.);
#6626 = AXIS2_PLACEMENT_3D('',#6627,#6628,#6629);
#6627 = CARTESIAN_POINT('',(120.,-10.3909,17.4194));
#6628 = DIRECTION('',(1.,-3.677613769071E-16,0.));
#6629 = DIRECTION('',(3.677613769071E-16,1.,0.));
#6630 = ADVANCED_FACE('',(#6631),#6698,.F.);
#6631 = FACE_BOUND('',#6632,.F.);
#6632 = EDGE_LOOP('',(#6633,#6634,#6642,#6649,#6650,#6657,#6658,#6665,
    #6666,#6673,#6674,#6681,#6682,#6689,#6690,#6697));
#6633 = ORIENTED_EDGE('',*,*,#5086,.F.);
#6634 = ORIENTED_EDGE('',*,*,#6635,.T.);
#6635 = EDGE_CURVE('',#5087,#6636,#6638,.T.);
#6636 = VERTEX_POINT('',#6637);
#6637 = CARTESIAN_POINT('',(119.5,15.254906,17.478416));
#6638 = LINE('',#6639,#6640);
#6639 = CARTESIAN_POINT('',(120.,15.254906,17.478416));
#6640 = VECTOR('',#6641,1.);
#6641 = DIRECTION('',(-1.,3.677613769071E-16,0.));
#6642 = ORIENTED_EDGE('',*,*,#6643,.T.);
#6643 = EDGE_CURVE('',#6636,#6418,#6644,.T.);
#6644 = CIRCLE('',#6645,2.);
#6645 = AXIS2_PLACEMENT_3D('',#6646,#6647,#6648);
#6646 = CARTESIAN_POINT('',(119.5,13.254906,17.478416));
#6647 = DIRECTION('',(1.,-3.677613769071E-16,0.));
#6648 = DIRECTION('',(3.677613769071E-16,1.,0.));
#6649 = ORIENTED_EDGE('',*,*,#6425,.T.);
#6650 = ORIENTED_EDGE('',*,*,#6651,.T.);
#6651 = EDGE_CURVE('',#6426,#6458,#6652,.T.);
#6652 = CIRCLE('',#6653,2.);
#6653 = AXIS2_PLACEMENT_3D('',#6654,#6655,#6656);
#6654 = CARTESIAN_POINT('',(119.59,13.254906,17.478416));
#6655 = DIRECTION('',(1.,-3.677613769071E-16,0.));
#6656 = DIRECTION('',(3.677613769071E-16,1.,0.));
#6657 = ORIENTED_EDGE('',*,*,#6465,.F.);
#6658 = ORIENTED_EDGE('',*,*,#6659,.T.);
#6659 = EDGE_CURVE('',#6466,#6208,#6660,.T.);
#6660 = CIRCLE('',#6661,2.);
#6661 = AXIS2_PLACEMENT_3D('',#6662,#6663,#6664);
#6662 = CARTESIAN_POINT('',(119.5,13.254906,17.478416));
#6663 = DIRECTION('',(1.,-3.677613769071E-16,0.));
#6664 = DIRECTION('',(3.677613769071E-16,1.,0.));
#6665 = ORIENTED_EDGE('',*,*,#6215,.T.);
#6666 = ORIENTED_EDGE('',*,*,#6667,.T.);
#6667 = EDGE_CURVE('',#6216,#6248,#6668,.T.);
#6668 = CIRCLE('',#6669,2.);
#6669 = AXIS2_PLACEMENT_3D('',#6670,#6671,#6672);
#6670 = CARTESIAN_POINT('',(119.59,13.254906,17.478416));
#6671 = DIRECTION('',(1.,-3.677613769071E-16,0.));
#6672 = DIRECTION('',(3.677613769071E-16,1.,0.));
#6673 = ORIENTED_EDGE('',*,*,#6255,.F.);
#6674 = ORIENTED_EDGE('',*,*,#6675,.T.);
#6675 = EDGE_CURVE('',#6256,#6313,#6676,.T.);
#6676 = CIRCLE('',#6677,2.);
#6677 = AXIS2_PLACEMENT_3D('',#6678,#6679,#6680);
#6678 = CARTESIAN_POINT('',(119.5,13.254906,17.478416));
#6679 = DIRECTION('',(1.,-3.677613769071E-16,0.));
#6680 = DIRECTION('',(3.677613769071E-16,1.,0.));
#6681 = ORIENTED_EDGE('',*,*,#6320,.T.);
#6682 = ORIENTED_EDGE('',*,*,#6683,.T.);
#6683 = EDGE_CURVE('',#6321,#6353,#6684,.T.);
#6684 = CIRCLE('',#6685,2.);
#6685 = AXIS2_PLACEMENT_3D('',#6686,#6687,#6688);
#6686 = CARTESIAN_POINT('',(119.59,13.254906,17.478416));
#6687 = DIRECTION('',(1.,-3.677613769071E-16,0.));
#6688 = DIRECTION('',(3.677613769071E-16,1.,0.));
#6689 = ORIENTED_EDGE('',*,*,#6360,.F.);
#6690 = ORIENTED_EDGE('',*,*,#6691,.T.);
#6691 = EDGE_CURVE('',#6361,#6636,#6692,.T.);
#6692 = CIRCLE('',#6693,2.);
#6693 = AXIS2_PLACEMENT_3D('',#6694,#6695,#6696);
#6694 = CARTESIAN_POINT('',(119.5,13.254906,17.478416));
#6695 = DIRECTION('',(1.,-3.677613769071E-16,0.));
#6696 = DIRECTION('',(3.677613769071E-16,1.,0.));
#6697 = ORIENTED_EDGE('',*,*,#6635,.F.);
#6698 = CYLINDRICAL_SURFACE('',#6699,2.);
#6699 = AXIS2_PLACEMENT_3D('',#6700,#6701,#6702);
#6700 = CARTESIAN_POINT('',(120.,13.254906,17.478416));
#6701 = DIRECTION('',(1.,-3.677613769071E-16,0.));
#6702 = DIRECTION('',(3.677613769071E-16,1.,0.));
#6703 = ADVANCED_FACE('',(#6704),#6723,.T.);
#6704 = FACE_BOUND('',#6705,.T.);
#6705 = EDGE_LOOP('',(#6706,#6707,#6715,#6722));
#6706 = ORIENTED_EDGE('',*,*,#5113,.T.);
#6707 = ORIENTED_EDGE('',*,*,#6708,.F.);
#6708 = EDGE_CURVE('',#6709,#5104,#6711,.T.);
#6709 = VERTEX_POINT('',#6710);
#6710 = CARTESIAN_POINT('',(49.117,-50.86,41.503));
#6711 = LINE('',#6712,#6713);
#6712 = CARTESIAN_POINT('',(49.117,-50.86,41.503));
#6713 = VECTOR('',#6714,1.);
#6714 = DIRECTION('',(0.,0.,1.));
#6715 = ORIENTED_EDGE('',*,*,#6716,.T.);
#6716 = EDGE_CURVE('',#6709,#6709,#6717,.T.);
#6717 = CIRCLE('',#6718,4.);
#6718 = AXIS2_PLACEMENT_3D('',#6719,#6720,#6721);
#6719 = CARTESIAN_POINT('',(53.117,-50.86,41.503));
#6720 = DIRECTION('',(0.,0.,1.));
#6721 = DIRECTION('',(-1.,3.677613769071E-16,0.));
#6722 = ORIENTED_EDGE('',*,*,#6708,.T.);
#6723 = CYLINDRICAL_SURFACE('',#6724,4.);
#6724 = AXIS2_PLACEMENT_3D('',#6725,#6726,#6727);
#6725 = CARTESIAN_POINT('',(53.117,-50.86,41.503));
#6726 = DIRECTION('',(0.,0.,-1.));
#6727 = DIRECTION('',(-1.,3.677613769071E-16,0.));
#6728 = ADVANCED_FACE('',(#6729),#6740,.F.);
#6729 = FACE_BOUND('',#6730,.F.);
#6730 = EDGE_LOOP('',(#6731,#6737,#6738,#6739));
#6731 = ORIENTED_EDGE('',*,*,#6732,.F.);
#6732 = EDGE_CURVE('',#5177,#5496,#6733,.T.);
#6733 = LINE('',#6734,#6735);
#6734 = CARTESIAN_POINT('',(86.31,-82.03,47.));
#6735 = VECTOR('',#6736,1.);
#6736 = DIRECTION('',(-0.,0.,-1.));
#6737 = ORIENTED_EDGE('',*,*,#5184,.F.);
#6738 = ORIENTED_EDGE('',*,*,#5526,.T.);
#6739 = ORIENTED_EDGE('',*,*,#5503,.T.);
#6740 = PLANE('',#6741);
#6741 = AXIS2_PLACEMENT_3D('',#6742,#6743,#6744);
#6742 = CARTESIAN_POINT('',(86.31,-77.78,47.));
#6743 = DIRECTION('',(-1.,3.677613769071E-16,0.));
#6744 = DIRECTION('',(-3.677613769071E-16,-1.,0.));
#6745 = ADVANCED_FACE('',(#6746),#6757,.F.);
#6746 = FACE_BOUND('',#6747,.F.);
#6747 = EDGE_LOOP('',(#6748,#6749,#6750,#6756));
#6748 = ORIENTED_EDGE('',*,*,#6732,.T.);
#6749 = ORIENTED_EDGE('',*,*,#5495,.T.);
#6750 = ORIENTED_EDGE('',*,*,#6751,.F.);
#6751 = EDGE_CURVE('',#5201,#5488,#6752,.T.);
#6752 = LINE('',#6753,#6754);
#6753 = CARTESIAN_POINT('',(84.31,-82.03,47.));
#6754 = VECTOR('',#6755,1.);
#6755 = DIRECTION('',(-0.,0.,-1.));
#6756 = ORIENTED_EDGE('',*,*,#5208,.F.);
#6757 = PLANE('',#6758);
#6758 = AXIS2_PLACEMENT_3D('',#6759,#6760,#6761);
#6759 = CARTESIAN_POINT('',(86.31,-82.03,47.));
#6760 = DIRECTION('',(3.677613769071E-16,1.,0.));
#6761 = DIRECTION('',(-1.,3.677613769071E-16,0.));
#6762 = ADVANCED_FACE('',(#6763),#6769,.T.);
#6763 = FACE_BOUND('',#6764,.T.);
#6764 = EDGE_LOOP('',(#6765,#6766,#6767,#6768));
#6765 = ORIENTED_EDGE('',*,*,#5462,.T.);
#6766 = ORIENTED_EDGE('',*,*,#5487,.F.);
#6767 = ORIENTED_EDGE('',*,*,#6751,.F.);
#6768 = ORIENTED_EDGE('',*,*,#5232,.T.);
#6769 = PLANE('',#6770);
#6770 = AXIS2_PLACEMENT_3D('',#6771,#6772,#6773);
#6771 = CARTESIAN_POINT('',(84.31,-78.905,39.5));
#6772 = DIRECTION('',(-1.,4.716451640106E-15,0.));
#6773 = DIRECTION('',(-4.716451640106E-15,-1.,0.));
#6774 = ADVANCED_FACE('',(#6775),#6794,.T.);
#6775 = FACE_BOUND('',#6776,.T.);
#6776 = EDGE_LOOP('',(#6777,#6778,#6786,#6793));
#6777 = ORIENTED_EDGE('',*,*,#5295,.T.);
#6778 = ORIENTED_EDGE('',*,*,#6779,.F.);
#6779 = EDGE_CURVE('',#6780,#5286,#6782,.T.);
#6780 = VERTEX_POINT('',#6781);
#6781 = CARTESIAN_POINT('',(49.107,50.86,41.503));
#6782 = LINE('',#6783,#6784);
#6783 = CARTESIAN_POINT('',(49.107,50.86,41.503));
#6784 = VECTOR('',#6785,1.);
#6785 = DIRECTION('',(0.,0.,1.));
#6786 = ORIENTED_EDGE('',*,*,#6787,.T.);
#6787 = EDGE_CURVE('',#6780,#6780,#6788,.T.);
#6788 = CIRCLE('',#6789,4.);
#6789 = AXIS2_PLACEMENT_3D('',#6790,#6791,#6792);
#6790 = CARTESIAN_POINT('',(53.107,50.86,41.503));
#6791 = DIRECTION('',(0.,0.,1.));
#6792 = DIRECTION('',(-1.,3.677613769071E-16,0.));
#6793 = ORIENTED_EDGE('',*,*,#6779,.T.);
#6794 = CYLINDRICAL_SURFACE('',#6795,4.);
#6795 = AXIS2_PLACEMENT_3D('',#6796,#6797,#6798);
#6796 = CARTESIAN_POINT('',(53.107,50.86,41.503));
#6797 = DIRECTION('',(0.,0.,-1.));
#6798 = DIRECTION('',(-1.,3.677613769071E-16,0.));
#6799 = ADVANCED_FACE('',(#6800),#6806,.F.);
#6800 = FACE_BOUND('',#6801,.F.);
#6801 = EDGE_LOOP('',(#6802,#6803,#6804,#6805));
#6802 = ORIENTED_EDGE('',*,*,#6513,.F.);
#6803 = ORIENTED_EDGE('',*,*,#5843,.T.);
#6804 = ORIENTED_EDGE('',*,*,#5560,.F.);
#6805 = ORIENTED_EDGE('',*,*,#5577,.T.);
#6806 = PLANE('',#6807);
#6807 = AXIS2_PLACEMENT_3D('',#6808,#6809,#6810);
#6808 = CARTESIAN_POINT('',(119.5,-10.78516466666,17.483338666667));
#6809 = DIRECTION('',(-1.,3.677613769071E-16,0.));
#6810 = DIRECTION('',(0.,0.,1.));
#6811 = ADVANCED_FACE('',(#6812),#6817,.F.);
#6812 = FACE_BOUND('',#6813,.F.);
#6813 = EDGE_LOOP('',(#6814,#6815,#6816));
#6814 = ORIENTED_EDGE('',*,*,#6521,.F.);
#6815 = ORIENTED_EDGE('',*,*,#5593,.T.);
#6816 = ORIENTED_EDGE('',*,*,#5617,.T.);
#6817 = PLANE('',#6818);
#6818 = AXIS2_PLACEMENT_3D('',#6819,#6820,#6821);
#6819 = CARTESIAN_POINT('',(119.59,-35.29570427004,17.563680337129));
#6820 = DIRECTION('',(1.,3.319989901625E-17,2.755629954852E-16));
#6821 = DIRECTION('',(-2.22044604925E-16,-0.5,0.866025403784));
#6822 = ADVANCED_FACE('',(#6823),#6829,.F.);
#6823 = FACE_BOUND('',#6824,.F.);
#6824 = EDGE_LOOP('',(#6825,#6826,#6827,#6828));
#6825 = ORIENTED_EDGE('',*,*,#5682,.T.);
#6826 = ORIENTED_EDGE('',*,*,#6529,.F.);
#6827 = ORIENTED_EDGE('',*,*,#5633,.T.);
#6828 = ORIENTED_EDGE('',*,*,#5663,.F.);
#6829 = PLANE('',#6830);
#6830 = AXIS2_PLACEMENT_3D('',#6831,#6832,#6833);
#6831 = CARTESIAN_POINT('',(119.5,-10.78516466666,17.483338666667));
#6832 = DIRECTION('',(-1.,3.677613769071E-16,0.));
#6833 = DIRECTION('',(0.,0.,1.));
#6834 = ADVANCED_FACE('',(#6835),#6840,.F.);
#6835 = FACE_BOUND('',#6836,.F.);
#6836 = EDGE_LOOP('',(#6837,#6838,#6839));
#6837 = ORIENTED_EDGE('',*,*,#6537,.F.);
#6838 = ORIENTED_EDGE('',*,*,#5698,.T.);
#6839 = ORIENTED_EDGE('',*,*,#5722,.T.);
#6840 = PLANE('',#6841);
#6841 = AXIS2_PLACEMENT_3D('',#6842,#6843,#6844);
#6842 = CARTESIAN_POINT('',(119.59,-35.29570427004,17.563680337129));
#6843 = DIRECTION('',(1.,3.319989901625E-17,2.755629954852E-16));
#6844 = DIRECTION('',(-2.22044604925E-16,-0.5,0.866025403784));
#6845 = ADVANCED_FACE('',(#6846),#6853,.F.);
#6846 = FACE_BOUND('',#6847,.F.);
#6847 = EDGE_LOOP('',(#6848,#6849,#6850,#6851,#6852));
#6848 = ORIENTED_EDGE('',*,*,#6497,.F.);
#6849 = ORIENTED_EDGE('',*,*,#6545,.F.);
#6850 = ORIENTED_EDGE('',*,*,#5738,.T.);
#6851 = ORIENTED_EDGE('',*,*,#5760,.F.);
#6852 = ORIENTED_EDGE('',*,*,#5787,.T.);
#6853 = PLANE('',#6854);
#6854 = AXIS2_PLACEMENT_3D('',#6855,#6856,#6857);
#6855 = CARTESIAN_POINT('',(119.5,-10.78516466666,17.483338666667));
#6856 = DIRECTION('',(-1.,3.677613769071E-16,0.));
#6857 = DIRECTION('',(0.,0.,1.));
#6858 = ADVANCED_FACE('',(#6859),#6864,.F.);
#6859 = FACE_BOUND('',#6860,.F.);
#6860 = EDGE_LOOP('',(#6861,#6862,#6863));
#6861 = ORIENTED_EDGE('',*,*,#5827,.T.);
#6862 = ORIENTED_EDGE('',*,*,#6505,.F.);
#6863 = ORIENTED_EDGE('',*,*,#5803,.T.);
#6864 = PLANE('',#6865);
#6865 = AXIS2_PLACEMENT_3D('',#6866,#6867,#6868);
#6866 = CARTESIAN_POINT('',(119.59,-35.29570427004,17.563680337129));
#6867 = DIRECTION('',(1.,3.319989901625E-17,2.755629954852E-16));
#6868 = DIRECTION('',(-2.22044604925E-16,-0.5,0.866025403784));
#6869 = ADVANCED_FACE('',(#6870),#6876,.F.);
#6870 = FACE_BOUND('',#6871,.F.);
#6871 = EDGE_LOOP('',(#6872,#6873,#6874,#6875));
#6872 = ORIENTED_EDGE('',*,*,#6586,.F.);
#6873 = ORIENTED_EDGE('',*,*,#6158,.T.);
#6874 = ORIENTED_EDGE('',*,*,#5875,.F.);
#6875 = ORIENTED_EDGE('',*,*,#5892,.T.);
#6876 = PLANE('',#6877);
#6877 = AXIS2_PLACEMENT_3D('',#6878,#6879,#6880);
#6878 = CARTESIAN_POINT('',(119.5,-10.78516466666,17.483338666667));
#6879 = DIRECTION('',(-1.,3.677613769071E-16,0.));
#6880 = DIRECTION('',(0.,0.,1.));
#6881 = ADVANCED_FACE('',(#6882),#6887,.F.);
#6882 = FACE_BOUND('',#6883,.F.);
#6883 = EDGE_LOOP('',(#6884,#6885,#6886));
#6884 = ORIENTED_EDGE('',*,*,#6594,.F.);
#6885 = ORIENTED_EDGE('',*,*,#5908,.T.);
#6886 = ORIENTED_EDGE('',*,*,#5932,.T.);
#6887 = PLANE('',#6888);
#6888 = AXIS2_PLACEMENT_3D('',#6889,#6890,#6891);
#6889 = CARTESIAN_POINT('',(119.59,-10.38070427004,17.433776526562));
#6890 = DIRECTION('',(1.,4.17792436293E-16,4.976076004103E-16));
#6891 = DIRECTION('',(-2.22044604925E-16,-0.5,0.866025403784));
#6892 = ADVANCED_FACE('',(#6893),#6899,.F.);
#6893 = FACE_BOUND('',#6894,.F.);
#6894 = EDGE_LOOP('',(#6895,#6896,#6897,#6898));
#6895 = ORIENTED_EDGE('',*,*,#5997,.T.);
#6896 = ORIENTED_EDGE('',*,*,#6602,.F.);
#6897 = ORIENTED_EDGE('',*,*,#5948,.T.);
#6898 = ORIENTED_EDGE('',*,*,#5978,.F.);
#6899 = PLANE('',#6900);
#6900 = AXIS2_PLACEMENT_3D('',#6901,#6902,#6903);
#6901 = CARTESIAN_POINT('',(119.5,-10.78516466666,17.483338666667));
#6902 = DIRECTION('',(-1.,3.677613769071E-16,0.));
#6903 = DIRECTION('',(0.,0.,1.));
#6904 = ADVANCED_FACE('',(#6905),#6910,.F.);
#6905 = FACE_BOUND('',#6906,.F.);
#6906 = EDGE_LOOP('',(#6907,#6908,#6909));
#6907 = ORIENTED_EDGE('',*,*,#6610,.F.);
#6908 = ORIENTED_EDGE('',*,*,#6013,.T.);
#6909 = ORIENTED_EDGE('',*,*,#6037,.T.);
#6910 = PLANE('',#6911);
#6911 = AXIS2_PLACEMENT_3D('',#6912,#6913,#6914);
#6912 = CARTESIAN_POINT('',(119.59,-10.38070427004,17.433776526562));
#6913 = DIRECTION('',(1.,4.17792436293E-16,4.976076004103E-16));
#6914 = DIRECTION('',(-2.22044604925E-16,-0.5,0.866025403784));
#6915 = ADVANCED_FACE('',(#6916),#6923,.F.);
#6916 = FACE_BOUND('',#6917,.F.);
#6917 = EDGE_LOOP('',(#6918,#6919,#6920,#6921,#6922));
#6918 = ORIENTED_EDGE('',*,*,#6570,.F.);
#6919 = ORIENTED_EDGE('',*,*,#6618,.F.);
#6920 = ORIENTED_EDGE('',*,*,#6053,.T.);
#6921 = ORIENTED_EDGE('',*,*,#6075,.F.);
#6922 = ORIENTED_EDGE('',*,*,#6102,.T.);
#6923 = PLANE('',#6924);
#6924 = AXIS2_PLACEMENT_3D('',#6925,#6926,#6927);
#6925 = CARTESIAN_POINT('',(119.5,-10.78516466666,17.483338666667));
#6926 = DIRECTION('',(-1.,3.677613769071E-16,0.));
#6927 = DIRECTION('',(0.,0.,1.));
#6928 = ADVANCED_FACE('',(#6929),#6934,.F.);
#6929 = FACE_BOUND('',#6930,.F.);
#6930 = EDGE_LOOP('',(#6931,#6932,#6933));
#6931 = ORIENTED_EDGE('',*,*,#6142,.T.);
#6932 = ORIENTED_EDGE('',*,*,#6578,.F.);
#6933 = ORIENTED_EDGE('',*,*,#6118,.T.);
#6934 = PLANE('',#6935);
#6935 = AXIS2_PLACEMENT_3D('',#6936,#6937,#6938);
#6936 = CARTESIAN_POINT('',(119.59,-10.38070427004,17.433776526562));
#6937 = DIRECTION('',(1.,4.17792436293E-16,4.976076004103E-16));
#6938 = DIRECTION('',(-2.22044604925E-16,-0.5,0.866025403784));
#6939 = ADVANCED_FACE('',(#6940),#6946,.F.);
#6940 = FACE_BOUND('',#6941,.F.);
#6941 = EDGE_LOOP('',(#6942,#6943,#6944,#6945));
#6942 = ORIENTED_EDGE('',*,*,#6659,.F.);
#6943 = ORIENTED_EDGE('',*,*,#6473,.T.);
#6944 = ORIENTED_EDGE('',*,*,#6190,.F.);
#6945 = ORIENTED_EDGE('',*,*,#6207,.T.);
#6946 = PLANE('',#6947);
#6947 = AXIS2_PLACEMENT_3D('',#6948,#6949,#6950);
#6948 = CARTESIAN_POINT('',(119.5,-10.78516466666,17.483338666667));
#6949 = DIRECTION('',(-1.,3.677613769071E-16,0.));
#6950 = DIRECTION('',(0.,0.,1.));
#6951 = ADVANCED_FACE('',(#6952),#6957,.F.);
#6952 = FACE_BOUND('',#6953,.F.);
#6953 = EDGE_LOOP('',(#6954,#6955,#6956));
#6954 = ORIENTED_EDGE('',*,*,#6667,.F.);
#6955 = ORIENTED_EDGE('',*,*,#6223,.T.);
#6956 = ORIENTED_EDGE('',*,*,#6247,.T.);
#6957 = PLANE('',#6958);
#6958 = AXIS2_PLACEMENT_3D('',#6959,#6960,#6961);
#6959 = CARTESIAN_POINT('',(119.59,13.23929572996,17.433776526562));
#6960 = DIRECTION('',(1.,4.17792436293E-16,4.976076004103E-16));
#6961 = DIRECTION('',(-2.22044604925E-16,-0.5,0.866025403784));
#6962 = ADVANCED_FACE('',(#6963),#6969,.F.);
#6963 = FACE_BOUND('',#6964,.F.);
#6964 = EDGE_LOOP('',(#6965,#6966,#6967,#6968));
#6965 = ORIENTED_EDGE('',*,*,#6312,.T.);
#6966 = ORIENTED_EDGE('',*,*,#6675,.F.);
#6967 = ORIENTED_EDGE('',*,*,#6263,.T.);
#6968 = ORIENTED_EDGE('',*,*,#6293,.F.);
#6969 = PLANE('',#6970);
#6970 = AXIS2_PLACEMENT_3D('',#6971,#6972,#6973);
#6971 = CARTESIAN_POINT('',(119.5,-10.78516466666,17.483338666667));
#6972 = DIRECTION('',(-1.,3.677613769071E-16,0.));
#6973 = DIRECTION('',(0.,0.,1.));
#6974 = ADVANCED_FACE('',(#6975),#6980,.F.);
#6975 = FACE_BOUND('',#6976,.F.);
#6976 = EDGE_LOOP('',(#6977,#6978,#6979));
#6977 = ORIENTED_EDGE('',*,*,#6683,.F.);
#6978 = ORIENTED_EDGE('',*,*,#6328,.T.);
#6979 = ORIENTED_EDGE('',*,*,#6352,.T.);
#6980 = PLANE('',#6981);
#6981 = AXIS2_PLACEMENT_3D('',#6982,#6983,#6984);
#6982 = CARTESIAN_POINT('',(119.59,13.23929572996,17.433776526562));
#6983 = DIRECTION('',(1.,4.17792436293E-16,4.976076004103E-16));
#6984 = DIRECTION('',(-2.22044604925E-16,-0.5,0.866025403784));
#6985 = ADVANCED_FACE('',(#6986),#6993,.F.);
#6986 = FACE_BOUND('',#6987,.F.);
#6987 = EDGE_LOOP('',(#6988,#6989,#6990,#6991,#6992));
#6988 = ORIENTED_EDGE('',*,*,#6643,.F.);
#6989 = ORIENTED_EDGE('',*,*,#6691,.F.);
#6990 = ORIENTED_EDGE('',*,*,#6368,.T.);
#6991 = ORIENTED_EDGE('',*,*,#6390,.F.);
#6992 = ORIENTED_EDGE('',*,*,#6417,.T.);
#6993 = PLANE('',#6994);
#6994 = AXIS2_PLACEMENT_3D('',#6995,#6996,#6997);
#6995 = CARTESIAN_POINT('',(119.5,-10.78516466666,17.483338666667));
#6996 = DIRECTION('',(-1.,3.677613769071E-16,0.));
#6997 = DIRECTION('',(0.,0.,1.));
#6998 = ADVANCED_FACE('',(#6999),#7004,.F.);
#6999 = FACE_BOUND('',#7000,.F.);
#7000 = EDGE_LOOP('',(#7001,#7002,#7003));
#7001 = ORIENTED_EDGE('',*,*,#6457,.T.);
#7002 = ORIENTED_EDGE('',*,*,#6651,.F.);
#7003 = ORIENTED_EDGE('',*,*,#6433,.T.);
#7004 = PLANE('',#7005);
#7005 = AXIS2_PLACEMENT_3D('',#7006,#7007,#7008);
#7006 = CARTESIAN_POINT('',(119.59,13.23929572996,17.433776526562));
#7007 = DIRECTION('',(1.,4.17792436293E-16,4.976076004103E-16));
#7008 = DIRECTION('',(-2.22044604925E-16,-0.5,0.866025403784));
#7009 = ADVANCED_FACE('',(#7010,#7013),#7090,.F.);
#7010 = FACE_BOUND('',#7011,.F.);
#7011 = EDGE_LOOP('',(#7012));
#7012 = ORIENTED_EDGE('',*,*,#6716,.T.);
#7013 = FACE_BOUND('',#7014,.F.);
#7014 = EDGE_LOOP('',(#7015,#7025,#7033,#7042,#7050,#7058,#7067,#7075,
    #7083));
#7015 = ORIENTED_EDGE('',*,*,#7016,.T.);
#7016 = EDGE_CURVE('',#7017,#7019,#7021,.T.);
#7017 = VERTEX_POINT('',#7018);
#7018 = CARTESIAN_POINT('',(54.565713995328,-50.4833802216,41.503));
#7019 = VERTEX_POINT('',#7020);
#7020 = CARTESIAN_POINT('',(55.27,-50.88999988832,41.503));
#7021 = LINE('',#7022,#7023);
#7022 = CARTESIAN_POINT('',(41.792742374545,-43.10890248248,41.503));
#7023 = VECTOR('',#7024,1.);
#7024 = DIRECTION('',(0.866025429165,-0.49999995604,0.));
#7025 = ORIENTED_EDGE('',*,*,#7026,.T.);
#7026 = EDGE_CURVE('',#7019,#7027,#7029,.T.);
#7027 = VERTEX_POINT('',#7028);
#7028 = CARTESIAN_POINT('',(54.565714036609,-51.29661962654,41.503));
#7029 = LINE('',#7030,#7031);
#7030 = CARTESIAN_POINT('',(65.478758868705,-44.99596951644,41.503));
#7031 = VECTOR('',#7032,1.);
#7032 = DIRECTION('',(-0.866025378404,-0.50000004396,0.));
#7033 = ORIENTED_EDGE('',*,*,#7034,.F.);
#7034 = EDGE_CURVE('',#7035,#7027,#7037,.T.);
#7035 = VERTEX_POINT('',#7036);
#7036 = CARTESIAN_POINT('',(52.674286060103,-52.38863620594,41.503));
#7037 = CIRCLE('',#7038,1.55);
#7038 = AXIS2_PLACEMENT_3D('',#7039,#7040,#7041);
#7039 = CARTESIAN_POINT('',(53.07,-50.89,41.503));
#7040 = DIRECTION('',(8.659560562355E-17,8.659560562355E-17,1.));
#7041 = DIRECTION('',(-2.22044604925E-16,-1.,8.659560562355E-17));
#7042 = ORIENTED_EDGE('',*,*,#7043,.T.);
#7043 = EDGE_CURVE('',#7035,#7044,#7046,.T.);
#7044 = VERTEX_POINT('',#7045);
#7045 = CARTESIAN_POINT('',(51.970000096713,-52.79525594416,41.503));
#7046 = LINE('',#7047,#7048);
#7047 = CARTESIAN_POINT('',(65.478758868705,-44.99596951644,41.503));
#7048 = VECTOR('',#7049,1.);
#7049 = DIRECTION('',(-0.866025378404,-0.50000004396,0.));
#7050 = ORIENTED_EDGE('',*,*,#7051,.T.);
#7051 = EDGE_CURVE('',#7044,#7052,#7054,.T.);
#7052 = VERTEX_POINT('',#7053);
#7053 = CARTESIAN_POINT('',(51.970000055432,-51.98201653922,41.503));
#7054 = LINE('',#7055,#7056);
#7055 = CARTESIAN_POINT('',(51.969998756743,-26.39762800106,41.503));
#7056 = VECTOR('',#7057,1.);
#7057 = DIRECTION('',(-5.076101552796E-08,1.,0.));
#7058 = ORIENTED_EDGE('',*,*,#7059,.F.);
#7059 = EDGE_CURVE('',#7060,#7052,#7062,.T.);
#7060 = VERTEX_POINT('',#7061);
#7061 = CARTESIAN_POINT('',(51.969999944568,-49.79798357244,41.503));
#7062 = CIRCLE('',#7063,1.55);
#7063 = AXIS2_PLACEMENT_3D('',#7064,#7065,#7066);
#7064 = CARTESIAN_POINT('',(53.07,-50.89,41.503));
#7065 = DIRECTION('',(8.659560562355E-17,8.659560562355E-17,1.));
#7066 = DIRECTION('',(-2.22044604925E-16,-1.,8.659560562355E-17));
#7067 = ORIENTED_EDGE('',*,*,#7068,.T.);
#7068 = EDGE_CURVE('',#7060,#7069,#7071,.T.);
#7069 = VERTEX_POINT('',#7070);
#7070 = CARTESIAN_POINT('',(51.969999903287,-48.98474416751,41.503));
#7071 = LINE('',#7072,#7073);
#7072 = CARTESIAN_POINT('',(51.969998756743,-26.39762800106,41.503));
#7073 = VECTOR('',#7074,1.);
#7074 = DIRECTION('',(-5.076101552796E-08,1.,0.));
#7075 = ORIENTED_EDGE('',*,*,#7076,.T.);
#7076 = EDGE_CURVE('',#7069,#7077,#7079,.T.);
#7077 = VERTEX_POINT('',#7078);
#7078 = CARTESIAN_POINT('',(52.674285907959,-49.39136383422,41.503));
#7079 = LINE('',#7080,#7081);
#7080 = CARTESIAN_POINT('',(41.792742374545,-43.10890248248,41.503));
#7081 = VECTOR('',#7082,1.);
#7082 = DIRECTION('',(0.866025429165,-0.49999995604,0.));
#7083 = ORIENTED_EDGE('',*,*,#7084,.F.);
#7084 = EDGE_CURVE('',#7017,#7077,#7085,.T.);
#7085 = CIRCLE('',#7086,1.55);
#7086 = AXIS2_PLACEMENT_3D('',#7087,#7088,#7089);
#7087 = CARTESIAN_POINT('',(53.07,-50.89,41.503));
#7088 = DIRECTION('',(8.659560562355E-17,8.659560562355E-17,1.));
#7089 = DIRECTION('',(-2.22044604925E-16,-1.,8.659560562355E-17));
#7090 = PLANE('',#7091);
#7091 = AXIS2_PLACEMENT_3D('',#7092,#7093,#7094);
#7092 = CARTESIAN_POINT('',(53.112,-5.321687535089E-15,41.503));
#7093 = DIRECTION('',(0.,0.,1.));
#7094 = DIRECTION('',(-1.,3.677613769071E-16,0.));
#7095 = ADVANCED_FACE('',(#7096,#7099),#7176,.F.);
#7096 = FACE_BOUND('',#7097,.F.);
#7097 = EDGE_LOOP('',(#7098));
#7098 = ORIENTED_EDGE('',*,*,#6787,.T.);
#7099 = FACE_BOUND('',#7100,.F.);
#7100 = EDGE_LOOP('',(#7101,#7111,#7119,#7128,#7136,#7144,#7153,#7161,
    #7169));
#7101 = ORIENTED_EDGE('',*,*,#7102,.T.);
#7102 = EDGE_CURVE('',#7103,#7105,#7107,.T.);
#7103 = VERTEX_POINT('',#7104);
#7104 = CARTESIAN_POINT('',(54.565713995328,51.206619778391,41.503));
#7105 = VERTEX_POINT('',#7106);
#7106 = CARTESIAN_POINT('',(55.27,50.800000111674,41.503));
#7107 = LINE('',#7108,#7109);
#7108 = CARTESIAN_POINT('',(63.809271911789,45.869849752665,41.503));
#7109 = VECTOR('',#7110,1.);
#7110 = DIRECTION('',(0.866025429165,-0.49999995604,0.));
#7111 = ORIENTED_EDGE('',*,*,#7112,.T.);
#7112 = EDGE_CURVE('',#7105,#7113,#7115,.T.);
#7113 = VERTEX_POINT('',#7114);
#7114 = CARTESIAN_POINT('',(54.565714036609,50.393380373457,41.503));
#7115 = LINE('',#7116,#7117);
#7116 = CARTESIAN_POINT('',(43.462226750532,43.982778248402,41.503));
#7117 = VECTOR('',#7118,1.);
#7118 = DIRECTION('',(-0.866025378404,-0.50000004396,0.));
#7119 = ORIENTED_EDGE('',*,*,#7120,.F.);
#7120 = EDGE_CURVE('',#7121,#7113,#7123,.T.);
#7121 = VERTEX_POINT('',#7122);
#7122 = CARTESIAN_POINT('',(52.674286060103,49.301363794054,41.503));
#7123 = CIRCLE('',#7124,1.55);
#7124 = AXIS2_PLACEMENT_3D('',#7125,#7126,#7127);
#7125 = CARTESIAN_POINT('',(53.07,50.8,41.503));
#7126 = DIRECTION('',(8.659560562355E-17,8.659560562355E-17,1.));
#7127 = DIRECTION('',(-2.22044604925E-16,-1.,8.659560562355E-17));
#7128 = ORIENTED_EDGE('',*,*,#7129,.T.);
#7129 = EDGE_CURVE('',#7121,#7130,#7132,.T.);
#7130 = VERTEX_POINT('',#7131);
#7131 = CARTESIAN_POINT('',(51.970000096713,48.894744055837,41.503));
#7132 = LINE('',#7133,#7134);
#7133 = CARTESIAN_POINT('',(43.462226750532,43.982778248402,41.503));
#7134 = VECTOR('',#7135,1.);
#7135 = DIRECTION('',(-0.866025378404,-0.50000004396,0.));
#7136 = ORIENTED_EDGE('',*,*,#7137,.T.);
#7137 = EDGE_CURVE('',#7130,#7138,#7140,.T.);
#7138 = VERTEX_POINT('',#7139);
#7139 = CARTESIAN_POINT('',(51.970000055432,49.707983460771,41.503));
#7140 = LINE('',#7141,#7142);
#7141 = CARTESIAN_POINT('',(51.970001337686,24.447371998934,41.503));
#7142 = VECTOR('',#7143,1.);
#7143 = DIRECTION('',(-5.076101552796E-08,1.,0.));
#7144 = ORIENTED_EDGE('',*,*,#7145,.F.);
#7145 = EDGE_CURVE('',#7146,#7138,#7148,.T.);
#7146 = VERTEX_POINT('',#7147);
#7147 = CARTESIAN_POINT('',(51.969999944568,51.892016427555,41.503));
#7148 = CIRCLE('',#7149,1.55);
#7149 = AXIS2_PLACEMENT_3D('',#7150,#7151,#7152);
#7150 = CARTESIAN_POINT('',(53.07,50.8,41.503));
#7151 = DIRECTION('',(8.659560562355E-17,8.659560562355E-17,1.));
#7152 = DIRECTION('',(-2.22044604925E-16,-1.,8.659560562355E-17));
#7153 = ORIENTED_EDGE('',*,*,#7154,.T.);
#7154 = EDGE_CURVE('',#7146,#7155,#7157,.T.);
#7155 = VERTEX_POINT('',#7156);
#7156 = CARTESIAN_POINT('',(51.969999903287,52.705255832489,41.503));
#7157 = LINE('',#7158,#7159);
#7158 = CARTESIAN_POINT('',(51.970001337686,24.447371998934,41.503));
#7159 = VECTOR('',#7160,1.);
#7160 = DIRECTION('',(-5.076101552796E-08,1.,0.));
#7161 = ORIENTED_EDGE('',*,*,#7162,.T.);
#7162 = EDGE_CURVE('',#7155,#7163,#7165,.T.);
#7163 = VERTEX_POINT('',#7164);
#7164 = CARTESIAN_POINT('',(52.674285907959,52.298636165772,41.503));
#7165 = LINE('',#7166,#7167);
#7166 = CARTESIAN_POINT('',(63.809271911789,45.869849752665,41.503));
#7167 = VECTOR('',#7168,1.);
#7168 = DIRECTION('',(0.866025429165,-0.49999995604,0.));
#7169 = ORIENTED_EDGE('',*,*,#7170,.F.);
#7170 = EDGE_CURVE('',#7103,#7163,#7171,.T.);
#7171 = CIRCLE('',#7172,1.55);
#7172 = AXIS2_PLACEMENT_3D('',#7173,#7174,#7175);
#7173 = CARTESIAN_POINT('',(53.07,50.8,41.503));
#7174 = DIRECTION('',(8.659560562355E-17,8.659560562355E-17,1.));
#7175 = DIRECTION('',(-2.22044604925E-16,-1.,8.659560562355E-17));
#7176 = PLANE('',#7177);
#7177 = AXIS2_PLACEMENT_3D('',#7178,#7179,#7180);
#7178 = CARTESIAN_POINT('',(53.112,-5.321687535089E-15,41.503));
#7179 = DIRECTION('',(0.,0.,1.));
#7180 = DIRECTION('',(-1.,3.677613769071E-16,0.));
#7181 = ADVANCED_FACE('',(#7182),#7207,.T.);
#7182 = FACE_BOUND('',#7183,.T.);
#7183 = EDGE_LOOP('',(#7184,#7194,#7200,#7201));
#7184 = ORIENTED_EDGE('',*,*,#7185,.F.);
#7185 = EDGE_CURVE('',#7186,#7188,#7190,.T.);
#7186 = VERTEX_POINT('',#7187);
#7187 = CARTESIAN_POINT('',(54.565713995328,-50.4833802216,48.37));
#7188 = VERTEX_POINT('',#7189);
#7189 = CARTESIAN_POINT('',(55.27,-50.88999988832,48.37));
#7190 = LINE('',#7191,#7192);
#7191 = CARTESIAN_POINT('',(51.969999903287,-48.98474416751,48.37));
#7192 = VECTOR('',#7193,1.);
#7193 = DIRECTION('',(0.866025429165,-0.49999995604,-3.16961975189E-17)
  );
#7194 = ORIENTED_EDGE('',*,*,#7195,.F.);
#7195 = EDGE_CURVE('',#7017,#7186,#7196,.T.);
#7196 = LINE('',#7197,#7198);
#7197 = CARTESIAN_POINT('',(54.565713995328,-50.4833802216,48.37));
#7198 = VECTOR('',#7199,1.);
#7199 = DIRECTION('',(8.659560562355E-17,8.659560562355E-17,1.));
#7200 = ORIENTED_EDGE('',*,*,#7016,.T.);
#7201 = ORIENTED_EDGE('',*,*,#7202,.F.);
#7202 = EDGE_CURVE('',#7188,#7019,#7203,.T.);
#7203 = LINE('',#7204,#7205);
#7204 = CARTESIAN_POINT('',(55.27,-50.88999988832,48.37));
#7205 = VECTOR('',#7206,1.);
#7206 = DIRECTION('',(-8.659560562355E-17,-8.659560562355E-17,-1.));
#7207 = PLANE('',#7208);
#7208 = AXIS2_PLACEMENT_3D('',#7209,#7210,#7211);
#7209 = CARTESIAN_POINT('',(51.969999903287,-48.98474416751,48.37));
#7210 = DIRECTION('',(-0.49999995604,-0.866025429165,1.182917955289E-16)
  );
#7211 = DIRECTION('',(0.866025429165,-0.49999995604,-3.16961975189E-17)
  );
#7212 = ADVANCED_FACE('',(#7213),#7232,.F.);
#7213 = FACE_BOUND('',#7214,.F.);
#7214 = EDGE_LOOP('',(#7215,#7216,#7224,#7231));
#7215 = ORIENTED_EDGE('',*,*,#7084,.T.);
#7216 = ORIENTED_EDGE('',*,*,#7217,.T.);
#7217 = EDGE_CURVE('',#7077,#7218,#7220,.T.);
#7218 = VERTEX_POINT('',#7219);
#7219 = CARTESIAN_POINT('',(52.674285907959,-49.39136383422,48.37));
#7220 = LINE('',#7221,#7222);
#7221 = CARTESIAN_POINT('',(52.674285907959,-49.39136383422,48.37));
#7222 = VECTOR('',#7223,1.);
#7223 = DIRECTION('',(8.659560562355E-17,8.659560562355E-17,1.));
#7224 = ORIENTED_EDGE('',*,*,#7225,.T.);
#7225 = EDGE_CURVE('',#7218,#7186,#7226,.T.);
#7226 = CIRCLE('',#7227,1.55);
#7227 = AXIS2_PLACEMENT_3D('',#7228,#7229,#7230);
#7228 = CARTESIAN_POINT('',(53.07,-50.89,48.37));
#7229 = DIRECTION('',(-8.659560562355E-17,-8.659560562355E-17,-1.));
#7230 = DIRECTION('',(-2.22044604925E-16,-1.,8.659560562355E-17));
#7231 = ORIENTED_EDGE('',*,*,#7195,.F.);
#7232 = CYLINDRICAL_SURFACE('',#7233,1.55);
#7233 = AXIS2_PLACEMENT_3D('',#7234,#7235,#7236);
#7234 = CARTESIAN_POINT('',(53.07,-50.89,48.37));
#7235 = DIRECTION('',(8.659560562355E-17,8.659560562355E-17,1.));
#7236 = DIRECTION('',(-2.22044604925E-16,-1.,8.659560562355E-17));
#7237 = ADVANCED_FACE('',(#7238),#7256,.T.);
#7238 = FACE_BOUND('',#7239,.T.);
#7239 = EDGE_LOOP('',(#7240,#7248,#7254,#7255));
#7240 = ORIENTED_EDGE('',*,*,#7241,.F.);
#7241 = EDGE_CURVE('',#7242,#7218,#7244,.T.);
#7242 = VERTEX_POINT('',#7243);
#7243 = CARTESIAN_POINT('',(51.969999903287,-48.98474416751,48.37));
#7244 = LINE('',#7245,#7246);
#7245 = CARTESIAN_POINT('',(51.969999903287,-48.98474416751,48.37));
#7246 = VECTOR('',#7247,1.);
#7247 = DIRECTION('',(0.866025429165,-0.49999995604,-3.16961975189E-17)
  );
#7248 = ORIENTED_EDGE('',*,*,#7249,.T.);
#7249 = EDGE_CURVE('',#7242,#7069,#7250,.T.);
#7250 = LINE('',#7251,#7252);
#7251 = CARTESIAN_POINT('',(51.969999903287,-48.98474416751,48.37));
#7252 = VECTOR('',#7253,1.);
#7253 = DIRECTION('',(-8.659560562355E-17,-8.659560562355E-17,-1.));
#7254 = ORIENTED_EDGE('',*,*,#7076,.T.);
#7255 = ORIENTED_EDGE('',*,*,#7217,.T.);
#7256 = PLANE('',#7257);
#7257 = AXIS2_PLACEMENT_3D('',#7258,#7259,#7260);
#7258 = CARTESIAN_POINT('',(51.969999903287,-48.98474416751,48.37));
#7259 = DIRECTION('',(-0.49999995604,-0.866025429165,1.182917955289E-16)
  );
#7260 = DIRECTION('',(0.866025429165,-0.49999995604,-3.16961975189E-17)
  );
#7261 = ADVANCED_FACE('',(#7262),#7280,.T.);
#7262 = FACE_BOUND('',#7263,.T.);
#7263 = EDGE_LOOP('',(#7264,#7272,#7278,#7279));
#7264 = ORIENTED_EDGE('',*,*,#7265,.F.);
#7265 = EDGE_CURVE('',#7266,#7242,#7268,.T.);
#7266 = VERTEX_POINT('',#7267);
#7267 = CARTESIAN_POINT('',(51.969999944568,-49.79798357244,48.37));
#7268 = LINE('',#7269,#7270);
#7269 = CARTESIAN_POINT('',(51.970000096713,-52.79525594416,48.37));
#7270 = VECTOR('',#7271,1.);
#7271 = DIRECTION('',(-5.076101552796E-08,1.,-8.659560122787E-17));
#7272 = ORIENTED_EDGE('',*,*,#7273,.F.);
#7273 = EDGE_CURVE('',#7060,#7266,#7274,.T.);
#7274 = LINE('',#7275,#7276);
#7275 = CARTESIAN_POINT('',(51.969999944568,-49.79798357244,48.37));
#7276 = VECTOR('',#7277,1.);
#7277 = DIRECTION('',(8.659560562355E-17,8.659560562355E-17,1.));
#7278 = ORIENTED_EDGE('',*,*,#7068,.T.);
#7279 = ORIENTED_EDGE('',*,*,#7249,.F.);
#7280 = PLANE('',#7281);
#7281 = AXIS2_PLACEMENT_3D('',#7282,#7283,#7284);
#7282 = CARTESIAN_POINT('',(51.970000096713,-52.79525594416,48.37));
#7283 = DIRECTION('',(1.,5.076101552796E-08,-8.659561001923E-17));
#7284 = DIRECTION('',(-5.076101552796E-08,1.,-8.659560122787E-17));
#7285 = ADVANCED_FACE('',(#7286),#7305,.F.);
#7286 = FACE_BOUND('',#7287,.F.);
#7287 = EDGE_LOOP('',(#7288,#7289,#7290,#7298));
#7288 = ORIENTED_EDGE('',*,*,#7273,.F.);
#7289 = ORIENTED_EDGE('',*,*,#7059,.T.);
#7290 = ORIENTED_EDGE('',*,*,#7291,.T.);
#7291 = EDGE_CURVE('',#7052,#7292,#7294,.T.);
#7292 = VERTEX_POINT('',#7293);
#7293 = CARTESIAN_POINT('',(51.970000055432,-51.98201653922,48.37));
#7294 = LINE('',#7295,#7296);
#7295 = CARTESIAN_POINT('',(51.970000055432,-51.98201653922,48.37));
#7296 = VECTOR('',#7297,1.);
#7297 = DIRECTION('',(8.659560562355E-17,8.659560562355E-17,1.));
#7298 = ORIENTED_EDGE('',*,*,#7299,.T.);
#7299 = EDGE_CURVE('',#7292,#7266,#7300,.T.);
#7300 = CIRCLE('',#7301,1.55);
#7301 = AXIS2_PLACEMENT_3D('',#7302,#7303,#7304);
#7302 = CARTESIAN_POINT('',(53.07,-50.89,48.37));
#7303 = DIRECTION('',(-8.659560562355E-17,-8.659560562355E-17,-1.));
#7304 = DIRECTION('',(-2.22044604925E-16,-1.,8.659560562355E-17));
#7305 = CYLINDRICAL_SURFACE('',#7306,1.55);
#7306 = AXIS2_PLACEMENT_3D('',#7307,#7308,#7309);
#7307 = CARTESIAN_POINT('',(53.07,-50.89,48.37));
#7308 = DIRECTION('',(8.659560562355E-17,8.659560562355E-17,1.));
#7309 = DIRECTION('',(-2.22044604925E-16,-1.,8.659560562355E-17));
#7310 = ADVANCED_FACE('',(#7311),#7329,.T.);
#7311 = FACE_BOUND('',#7312,.T.);
#7312 = EDGE_LOOP('',(#7313,#7321,#7327,#7328));
#7313 = ORIENTED_EDGE('',*,*,#7314,.F.);
#7314 = EDGE_CURVE('',#7315,#7292,#7317,.T.);
#7315 = VERTEX_POINT('',#7316);
#7316 = CARTESIAN_POINT('',(51.970000096713,-52.79525594416,48.37));
#7317 = LINE('',#7318,#7319);
#7318 = CARTESIAN_POINT('',(51.970000096713,-52.79525594416,48.37));
#7319 = VECTOR('',#7320,1.);
#7320 = DIRECTION('',(-5.076101552796E-08,1.,-8.659560122787E-17));
#7321 = ORIENTED_EDGE('',*,*,#7322,.T.);
#7322 = EDGE_CURVE('',#7315,#7044,#7323,.T.);
#7323 = LINE('',#7324,#7325);
#7324 = CARTESIAN_POINT('',(51.970000096713,-52.79525594416,48.37));
#7325 = VECTOR('',#7326,1.);
#7326 = DIRECTION('',(-8.659560562355E-17,-8.659560562355E-17,-1.));
#7327 = ORIENTED_EDGE('',*,*,#7051,.T.);
#7328 = ORIENTED_EDGE('',*,*,#7291,.T.);
#7329 = PLANE('',#7330);
#7330 = AXIS2_PLACEMENT_3D('',#7331,#7332,#7333);
#7331 = CARTESIAN_POINT('',(51.970000096713,-52.79525594416,48.37));
#7332 = DIRECTION('',(1.,5.076101552796E-08,-8.659561001923E-17));
#7333 = DIRECTION('',(-5.076101552796E-08,1.,-8.659560122787E-17));
#7334 = ADVANCED_FACE('',(#7335),#7353,.T.);
#7335 = FACE_BOUND('',#7336,.T.);
#7336 = EDGE_LOOP('',(#7337,#7345,#7351,#7352));
#7337 = ORIENTED_EDGE('',*,*,#7338,.F.);
#7338 = EDGE_CURVE('',#7339,#7315,#7341,.T.);
#7339 = VERTEX_POINT('',#7340);
#7340 = CARTESIAN_POINT('',(52.674286060103,-52.38863620594,48.37));
#7341 = LINE('',#7342,#7343);
#7342 = CARTESIAN_POINT('',(55.27,-50.88999988832,48.37));
#7343 = VECTOR('',#7344,1.);
#7344 = DIRECTION('',(-0.866025378404,-0.50000004396,1.182917987468E-16)
  );
#7345 = ORIENTED_EDGE('',*,*,#7346,.F.);
#7346 = EDGE_CURVE('',#7035,#7339,#7347,.T.);
#7347 = LINE('',#7348,#7349);
#7348 = CARTESIAN_POINT('',(52.674286060103,-52.38863620594,48.37));
#7349 = VECTOR('',#7350,1.);
#7350 = DIRECTION('',(8.659560562355E-17,8.659560562355E-17,1.));
#7351 = ORIENTED_EDGE('',*,*,#7043,.T.);
#7352 = ORIENTED_EDGE('',*,*,#7322,.F.);
#7353 = PLANE('',#7354);
#7354 = AXIS2_PLACEMENT_3D('',#7355,#7356,#7357);
#7355 = CARTESIAN_POINT('',(55.27,-50.88999988832,48.37));
#7356 = DIRECTION('',(-0.50000004396,0.866025378404,-3.169618550974E-17)
  );
#7357 = DIRECTION('',(-0.866025378404,-0.50000004396,1.182917987468E-16)
  );
#7358 = ADVANCED_FACE('',(#7359),#7387,.F.);
#7359 = FACE_BOUND('',#7360,.F.);
#7360 = EDGE_LOOP('',(#7361,#7369,#7378,#7385,#7386));
#7361 = ORIENTED_EDGE('',*,*,#7362,.T.);
#7362 = EDGE_CURVE('',#7027,#7363,#7365,.T.);
#7363 = VERTEX_POINT('',#7364);
#7364 = CARTESIAN_POINT('',(54.565714036609,-51.29661962654,48.37));
#7365 = LINE('',#7366,#7367);
#7366 = CARTESIAN_POINT('',(54.565714036609,-51.29661962654,48.37));
#7367 = VECTOR('',#7368,1.);
#7368 = DIRECTION('',(8.659560562355E-17,8.659560562355E-17,1.));
#7369 = ORIENTED_EDGE('',*,*,#7370,.T.);
#7370 = EDGE_CURVE('',#7363,#7371,#7373,.T.);
#7371 = VERTEX_POINT('',#7372);
#7372 = CARTESIAN_POINT('',(53.07,-52.44,48.37));
#7373 = CIRCLE('',#7374,1.55);
#7374 = AXIS2_PLACEMENT_3D('',#7375,#7376,#7377);
#7375 = CARTESIAN_POINT('',(53.07,-50.89,48.37));
#7376 = DIRECTION('',(-8.659560562355E-17,-8.659560562355E-17,-1.));
#7377 = DIRECTION('',(-2.22044604925E-16,-1.,8.659560562355E-17));
#7378 = ORIENTED_EDGE('',*,*,#7379,.T.);
#7379 = EDGE_CURVE('',#7371,#7339,#7380,.T.);
#7380 = CIRCLE('',#7381,1.55);
#7381 = AXIS2_PLACEMENT_3D('',#7382,#7383,#7384);
#7382 = CARTESIAN_POINT('',(53.07,-50.89,48.37));
#7383 = DIRECTION('',(-8.659560562355E-17,-8.659560562355E-17,-1.));
#7384 = DIRECTION('',(-2.22044604925E-16,-1.,8.659560562355E-17));
#7385 = ORIENTED_EDGE('',*,*,#7346,.F.);
#7386 = ORIENTED_EDGE('',*,*,#7034,.T.);
#7387 = CYLINDRICAL_SURFACE('',#7388,1.55);
#7388 = AXIS2_PLACEMENT_3D('',#7389,#7390,#7391);
#7389 = CARTESIAN_POINT('',(53.07,-50.89,48.37));
#7390 = DIRECTION('',(8.659560562355E-17,8.659560562355E-17,1.));
#7391 = DIRECTION('',(-2.22044604925E-16,-1.,8.659560562355E-17));
#7392 = ADVANCED_FACE('',(#7393),#7404,.T.);
#7393 = FACE_BOUND('',#7394,.T.);
#7394 = EDGE_LOOP('',(#7395,#7401,#7402,#7403));
#7395 = ORIENTED_EDGE('',*,*,#7396,.F.);
#7396 = EDGE_CURVE('',#7188,#7363,#7397,.T.);
#7397 = LINE('',#7398,#7399);
#7398 = CARTESIAN_POINT('',(55.27,-50.88999988832,48.37));
#7399 = VECTOR('',#7400,1.);
#7400 = DIRECTION('',(-0.866025378404,-0.50000004396,1.182917987468E-16)
  );
#7401 = ORIENTED_EDGE('',*,*,#7202,.T.);
#7402 = ORIENTED_EDGE('',*,*,#7026,.T.);
#7403 = ORIENTED_EDGE('',*,*,#7362,.T.);
#7404 = PLANE('',#7405);
#7405 = AXIS2_PLACEMENT_3D('',#7406,#7407,#7408);
#7406 = CARTESIAN_POINT('',(55.27,-50.88999988832,48.37));
#7407 = DIRECTION('',(-0.50000004396,0.866025378404,-3.169618550974E-17)
  );
#7408 = DIRECTION('',(-0.866025378404,-0.50000004396,1.182917987468E-16)
  );
#7409 = ADVANCED_FACE('',(#7410),#7435,.T.);
#7410 = FACE_BOUND('',#7411,.T.);
#7411 = EDGE_LOOP('',(#7412,#7422,#7428,#7429));
#7412 = ORIENTED_EDGE('',*,*,#7413,.F.);
#7413 = EDGE_CURVE('',#7414,#7416,#7418,.T.);
#7414 = VERTEX_POINT('',#7415);
#7415 = CARTESIAN_POINT('',(54.565713995328,51.206619778391,48.37));
#7416 = VERTEX_POINT('',#7417);
#7417 = CARTESIAN_POINT('',(55.27,50.800000111674,48.37));
#7418 = LINE('',#7419,#7420);
#7419 = CARTESIAN_POINT('',(51.969999903287,52.705255832489,48.37));
#7420 = VECTOR('',#7421,1.);
#7421 = DIRECTION('',(0.866025429165,-0.49999995604,-3.16961975189E-17)
  );
#7422 = ORIENTED_EDGE('',*,*,#7423,.F.);
#7423 = EDGE_CURVE('',#7103,#7414,#7424,.T.);
#7424 = LINE('',#7425,#7426);
#7425 = CARTESIAN_POINT('',(54.565713995328,51.206619778391,48.37));
#7426 = VECTOR('',#7427,1.);
#7427 = DIRECTION('',(8.659560562355E-17,8.659560562355E-17,1.));
#7428 = ORIENTED_EDGE('',*,*,#7102,.T.);
#7429 = ORIENTED_EDGE('',*,*,#7430,.F.);
#7430 = EDGE_CURVE('',#7416,#7105,#7431,.T.);
#7431 = LINE('',#7432,#7433);
#7432 = CARTESIAN_POINT('',(55.27,50.800000111674,48.37));
#7433 = VECTOR('',#7434,1.);
#7434 = DIRECTION('',(-8.659560562355E-17,-8.659560562355E-17,-1.));
#7435 = PLANE('',#7436);
#7436 = AXIS2_PLACEMENT_3D('',#7437,#7438,#7439);
#7437 = CARTESIAN_POINT('',(51.969999903287,52.705255832489,48.37));
#7438 = DIRECTION('',(-0.49999995604,-0.866025429165,1.182917955289E-16)
  );
#7439 = DIRECTION('',(0.866025429165,-0.49999995604,-3.16961975189E-17)
  );
#7440 = ADVANCED_FACE('',(#7441),#7460,.F.);
#7441 = FACE_BOUND('',#7442,.F.);
#7442 = EDGE_LOOP('',(#7443,#7444,#7452,#7459));
#7443 = ORIENTED_EDGE('',*,*,#7170,.T.);
#7444 = ORIENTED_EDGE('',*,*,#7445,.T.);
#7445 = EDGE_CURVE('',#7163,#7446,#7448,.T.);
#7446 = VERTEX_POINT('',#7447);
#7447 = CARTESIAN_POINT('',(52.674285907959,52.298636165772,48.37));
#7448 = LINE('',#7449,#7450);
#7449 = CARTESIAN_POINT('',(52.674285907959,52.298636165772,48.37));
#7450 = VECTOR('',#7451,1.);
#7451 = DIRECTION('',(8.659560562355E-17,8.659560562355E-17,1.));
#7452 = ORIENTED_EDGE('',*,*,#7453,.T.);
#7453 = EDGE_CURVE('',#7446,#7414,#7454,.T.);
#7454 = CIRCLE('',#7455,1.55);
#7455 = AXIS2_PLACEMENT_3D('',#7456,#7457,#7458);
#7456 = CARTESIAN_POINT('',(53.07,50.8,48.37));
#7457 = DIRECTION('',(-8.659560562355E-17,-8.659560562355E-17,-1.));
#7458 = DIRECTION('',(-2.22044604925E-16,-1.,8.659560562355E-17));
#7459 = ORIENTED_EDGE('',*,*,#7423,.F.);
#7460 = CYLINDRICAL_SURFACE('',#7461,1.55);
#7461 = AXIS2_PLACEMENT_3D('',#7462,#7463,#7464);
#7462 = CARTESIAN_POINT('',(53.07,50.8,48.37));
#7463 = DIRECTION('',(8.659560562355E-17,8.659560562355E-17,1.));
#7464 = DIRECTION('',(-2.22044604925E-16,-1.,8.659560562355E-17));
#7465 = ADVANCED_FACE('',(#7466),#7484,.T.);
#7466 = FACE_BOUND('',#7467,.T.);
#7467 = EDGE_LOOP('',(#7468,#7476,#7482,#7483));
#7468 = ORIENTED_EDGE('',*,*,#7469,.F.);
#7469 = EDGE_CURVE('',#7470,#7446,#7472,.T.);
#7470 = VERTEX_POINT('',#7471);
#7471 = CARTESIAN_POINT('',(51.969999903287,52.705255832489,48.37));
#7472 = LINE('',#7473,#7474);
#7473 = CARTESIAN_POINT('',(51.969999903287,52.705255832489,48.37));
#7474 = VECTOR('',#7475,1.);
#7475 = DIRECTION('',(0.866025429165,-0.49999995604,-3.16961975189E-17)
  );
#7476 = ORIENTED_EDGE('',*,*,#7477,.T.);
#7477 = EDGE_CURVE('',#7470,#7155,#7478,.T.);
#7478 = LINE('',#7479,#7480);
#7479 = CARTESIAN_POINT('',(51.969999903287,52.705255832489,48.37));
#7480 = VECTOR('',#7481,1.);
#7481 = DIRECTION('',(-8.659560562355E-17,-8.659560562355E-17,-1.));
#7482 = ORIENTED_EDGE('',*,*,#7162,.T.);
#7483 = ORIENTED_EDGE('',*,*,#7445,.T.);
#7484 = PLANE('',#7485);
#7485 = AXIS2_PLACEMENT_3D('',#7486,#7487,#7488);
#7486 = CARTESIAN_POINT('',(51.969999903287,52.705255832489,48.37));
#7487 = DIRECTION('',(-0.49999995604,-0.866025429165,1.182917955289E-16)
  );
#7488 = DIRECTION('',(0.866025429165,-0.49999995604,-3.16961975189E-17)
  );
#7489 = ADVANCED_FACE('',(#7490),#7508,.T.);
#7490 = FACE_BOUND('',#7491,.T.);
#7491 = EDGE_LOOP('',(#7492,#7500,#7506,#7507));
#7492 = ORIENTED_EDGE('',*,*,#7493,.F.);
#7493 = EDGE_CURVE('',#7494,#7470,#7496,.T.);
#7494 = VERTEX_POINT('',#7495);
#7495 = CARTESIAN_POINT('',(51.969999944568,51.892016427555,48.37));
#7496 = LINE('',#7497,#7498);
#7497 = CARTESIAN_POINT('',(51.970000096713,48.894744055837,48.37));
#7498 = VECTOR('',#7499,1.);
#7499 = DIRECTION('',(-5.076101552796E-08,1.,-8.659560122787E-17));
#7500 = ORIENTED_EDGE('',*,*,#7501,.F.);
#7501 = EDGE_CURVE('',#7146,#7494,#7502,.T.);
#7502 = LINE('',#7503,#7504);
#7503 = CARTESIAN_POINT('',(51.969999944568,51.892016427555,48.37));
#7504 = VECTOR('',#7505,1.);
#7505 = DIRECTION('',(8.659560562355E-17,8.659560562355E-17,1.));
#7506 = ORIENTED_EDGE('',*,*,#7154,.T.);
#7507 = ORIENTED_EDGE('',*,*,#7477,.F.);
#7508 = PLANE('',#7509);
#7509 = AXIS2_PLACEMENT_3D('',#7510,#7511,#7512);
#7510 = CARTESIAN_POINT('',(51.970000096713,48.894744055837,48.37));
#7511 = DIRECTION('',(1.,5.076101552796E-08,-8.659561001923E-17));
#7512 = DIRECTION('',(-5.076101552796E-08,1.,-8.659560122787E-17));
#7513 = ADVANCED_FACE('',(#7514),#7533,.F.);
#7514 = FACE_BOUND('',#7515,.F.);
#7515 = EDGE_LOOP('',(#7516,#7517,#7518,#7526));
#7516 = ORIENTED_EDGE('',*,*,#7501,.F.);
#7517 = ORIENTED_EDGE('',*,*,#7145,.T.);
#7518 = ORIENTED_EDGE('',*,*,#7519,.T.);
#7519 = EDGE_CURVE('',#7138,#7520,#7522,.T.);
#7520 = VERTEX_POINT('',#7521);
#7521 = CARTESIAN_POINT('',(51.970000055432,49.707983460771,48.37));
#7522 = LINE('',#7523,#7524);
#7523 = CARTESIAN_POINT('',(51.970000055432,49.707983460771,48.37));
#7524 = VECTOR('',#7525,1.);
#7525 = DIRECTION('',(8.659560562355E-17,8.659560562355E-17,1.));
#7526 = ORIENTED_EDGE('',*,*,#7527,.T.);
#7527 = EDGE_CURVE('',#7520,#7494,#7528,.T.);
#7528 = CIRCLE('',#7529,1.55);
#7529 = AXIS2_PLACEMENT_3D('',#7530,#7531,#7532);
#7530 = CARTESIAN_POINT('',(53.07,50.8,48.37));
#7531 = DIRECTION('',(-8.659560562355E-17,-8.659560562355E-17,-1.));
#7532 = DIRECTION('',(-2.22044604925E-16,-1.,8.659560562355E-17));
#7533 = CYLINDRICAL_SURFACE('',#7534,1.55);
#7534 = AXIS2_PLACEMENT_3D('',#7535,#7536,#7537);
#7535 = CARTESIAN_POINT('',(53.07,50.8,48.37));
#7536 = DIRECTION('',(8.659560562355E-17,8.659560562355E-17,1.));
#7537 = DIRECTION('',(-2.22044604925E-16,-1.,8.659560562355E-17));
#7538 = ADVANCED_FACE('',(#7539),#7557,.T.);
#7539 = FACE_BOUND('',#7540,.T.);
#7540 = EDGE_LOOP('',(#7541,#7549,#7555,#7556));
#7541 = ORIENTED_EDGE('',*,*,#7542,.F.);
#7542 = EDGE_CURVE('',#7543,#7520,#7545,.T.);
#7543 = VERTEX_POINT('',#7544);
#7544 = CARTESIAN_POINT('',(51.970000096713,48.894744055837,48.37));
#7545 = LINE('',#7546,#7547);
#7546 = CARTESIAN_POINT('',(51.970000096713,48.894744055837,48.37));
#7547 = VECTOR('',#7548,1.);
#7548 = DIRECTION('',(-5.076101552796E-08,1.,-8.659560122787E-17));
#7549 = ORIENTED_EDGE('',*,*,#7550,.T.);
#7550 = EDGE_CURVE('',#7543,#7130,#7551,.T.);
#7551 = LINE('',#7552,#7553);
#7552 = CARTESIAN_POINT('',(51.970000096713,48.894744055837,48.37));
#7553 = VECTOR('',#7554,1.);
#7554 = DIRECTION('',(-8.659560562355E-17,-8.659560562355E-17,-1.));
#7555 = ORIENTED_EDGE('',*,*,#7137,.T.);
#7556 = ORIENTED_EDGE('',*,*,#7519,.T.);
#7557 = PLANE('',#7558);
#7558 = AXIS2_PLACEMENT_3D('',#7559,#7560,#7561);
#7559 = CARTESIAN_POINT('',(51.970000096713,48.894744055837,48.37));
#7560 = DIRECTION('',(1.,5.076101552796E-08,-8.659561001923E-17));
#7561 = DIRECTION('',(-5.076101552796E-08,1.,-8.659560122787E-17));
#7562 = ADVANCED_FACE('',(#7563),#7581,.T.);
#7563 = FACE_BOUND('',#7564,.T.);
#7564 = EDGE_LOOP('',(#7565,#7573,#7579,#7580));
#7565 = ORIENTED_EDGE('',*,*,#7566,.F.);
#7566 = EDGE_CURVE('',#7567,#7543,#7569,.T.);
#7567 = VERTEX_POINT('',#7568);
#7568 = CARTESIAN_POINT('',(52.674286060103,49.301363794054,48.37));
#7569 = LINE('',#7570,#7571);
#7570 = CARTESIAN_POINT('',(55.27,50.800000111674,48.37));
#7571 = VECTOR('',#7572,1.);
#7572 = DIRECTION('',(-0.866025378404,-0.50000004396,1.182917987468E-16)
  );
#7573 = ORIENTED_EDGE('',*,*,#7574,.F.);
#7574 = EDGE_CURVE('',#7121,#7567,#7575,.T.);
#7575 = LINE('',#7576,#7577);
#7576 = CARTESIAN_POINT('',(52.674286060103,49.301363794054,48.37));
#7577 = VECTOR('',#7578,1.);
#7578 = DIRECTION('',(8.659560562355E-17,8.659560562355E-17,1.));
#7579 = ORIENTED_EDGE('',*,*,#7129,.T.);
#7580 = ORIENTED_EDGE('',*,*,#7550,.F.);
#7581 = PLANE('',#7582);
#7582 = AXIS2_PLACEMENT_3D('',#7583,#7584,#7585);
#7583 = CARTESIAN_POINT('',(55.27,50.800000111674,48.37));
#7584 = DIRECTION('',(-0.50000004396,0.866025378404,-3.169618550974E-17)
  );
#7585 = DIRECTION('',(-0.866025378404,-0.50000004396,1.182917987468E-16)
  );
#7586 = ADVANCED_FACE('',(#7587),#7615,.F.);
#7587 = FACE_BOUND('',#7588,.F.);
#7588 = EDGE_LOOP('',(#7589,#7597,#7606,#7613,#7614));
#7589 = ORIENTED_EDGE('',*,*,#7590,.T.);
#7590 = EDGE_CURVE('',#7113,#7591,#7593,.T.);
#7591 = VERTEX_POINT('',#7592);
#7592 = CARTESIAN_POINT('',(54.565714036609,50.393380373457,48.37));
#7593 = LINE('',#7594,#7595);
#7594 = CARTESIAN_POINT('',(54.565714036609,50.393380373457,48.37));
#7595 = VECTOR('',#7596,1.);
#7596 = DIRECTION('',(8.659560562355E-17,8.659560562355E-17,1.));
#7597 = ORIENTED_EDGE('',*,*,#7598,.T.);
#7598 = EDGE_CURVE('',#7591,#7599,#7601,.T.);
#7599 = VERTEX_POINT('',#7600);
#7600 = CARTESIAN_POINT('',(53.07,49.25,48.37));
#7601 = CIRCLE('',#7602,1.55);
#7602 = AXIS2_PLACEMENT_3D('',#7603,#7604,#7605);
#7603 = CARTESIAN_POINT('',(53.07,50.8,48.37));
#7604 = DIRECTION('',(-8.659560562355E-17,-8.659560562355E-17,-1.));
#7605 = DIRECTION('',(-2.22044604925E-16,-1.,8.659560562355E-17));
#7606 = ORIENTED_EDGE('',*,*,#7607,.T.);
#7607 = EDGE_CURVE('',#7599,#7567,#7608,.T.);
#7608 = CIRCLE('',#7609,1.55);
#7609 = AXIS2_PLACEMENT_3D('',#7610,#7611,#7612);
#7610 = CARTESIAN_POINT('',(53.07,50.8,48.37));
#7611 = DIRECTION('',(-8.659560562355E-17,-8.659560562355E-17,-1.));
#7612 = DIRECTION('',(-2.22044604925E-16,-1.,8.659560562355E-17));
#7613 = ORIENTED_EDGE('',*,*,#7574,.F.);
#7614 = ORIENTED_EDGE('',*,*,#7120,.T.);
#7615 = CYLINDRICAL_SURFACE('',#7616,1.55);
#7616 = AXIS2_PLACEMENT_3D('',#7617,#7618,#7619);
#7617 = CARTESIAN_POINT('',(53.07,50.8,48.37));
#7618 = DIRECTION('',(8.659560562355E-17,8.659560562355E-17,1.));
#7619 = DIRECTION('',(-2.22044604925E-16,-1.,8.659560562355E-17));
#7620 = ADVANCED_FACE('',(#7621),#7632,.T.);
#7621 = FACE_BOUND('',#7622,.T.);
#7622 = EDGE_LOOP('',(#7623,#7629,#7630,#7631));
#7623 = ORIENTED_EDGE('',*,*,#7624,.F.);
#7624 = EDGE_CURVE('',#7416,#7591,#7625,.T.);
#7625 = LINE('',#7626,#7627);
#7626 = CARTESIAN_POINT('',(55.27,50.800000111674,48.37));
#7627 = VECTOR('',#7628,1.);
#7628 = DIRECTION('',(-0.866025378404,-0.50000004396,1.182917987468E-16)
  );
#7629 = ORIENTED_EDGE('',*,*,#7430,.T.);
#7630 = ORIENTED_EDGE('',*,*,#7112,.T.);
#7631 = ORIENTED_EDGE('',*,*,#7590,.T.);
#7632 = PLANE('',#7633);
#7633 = AXIS2_PLACEMENT_3D('',#7634,#7635,#7636);
#7634 = CARTESIAN_POINT('',(55.27,50.800000111674,48.37));
#7635 = DIRECTION('',(-0.50000004396,0.866025378404,-3.169618550974E-17)
  );
#7636 = DIRECTION('',(-0.866025378404,-0.50000004396,1.182917987468E-16)
  );
#7637 = ADVANCED_FACE('',(#7638),#7650,.F.);
#7638 = FACE_BOUND('',#7639,.F.);
#7639 = EDGE_LOOP('',(#7640,#7641,#7642,#7643,#7644,#7645,#7646,#7647,
    #7648,#7649));
#7640 = ORIENTED_EDGE('',*,*,#7338,.F.);
#7641 = ORIENTED_EDGE('',*,*,#7379,.F.);
#7642 = ORIENTED_EDGE('',*,*,#7370,.F.);
#7643 = ORIENTED_EDGE('',*,*,#7396,.F.);
#7644 = ORIENTED_EDGE('',*,*,#7185,.F.);
#7645 = ORIENTED_EDGE('',*,*,#7225,.F.);
#7646 = ORIENTED_EDGE('',*,*,#7241,.F.);
#7647 = ORIENTED_EDGE('',*,*,#7265,.F.);
#7648 = ORIENTED_EDGE('',*,*,#7299,.F.);
#7649 = ORIENTED_EDGE('',*,*,#7314,.F.);
#7650 = PLANE('',#7651);
#7651 = AXIS2_PLACEMENT_3D('',#7652,#7653,#7654);
#7652 = CARTESIAN_POINT('',(53.071278347535,-50.89362270296,48.37));
#7653 = DIRECTION('',(8.659560562355E-17,8.659560562355E-17,1.));
#7654 = DIRECTION('',(2.22044604925E-16,1.,-8.659560562355E-17));
#7655 = ADVANCED_FACE('',(#7656),#7668,.F.);
#7656 = FACE_BOUND('',#7657,.F.);
#7657 = EDGE_LOOP('',(#7658,#7659,#7660,#7661,#7662,#7663,#7664,#7665,
    #7666,#7667));
#7658 = ORIENTED_EDGE('',*,*,#7566,.F.);
#7659 = ORIENTED_EDGE('',*,*,#7607,.F.);
#7660 = ORIENTED_EDGE('',*,*,#7598,.F.);
#7661 = ORIENTED_EDGE('',*,*,#7624,.F.);
#7662 = ORIENTED_EDGE('',*,*,#7413,.F.);
#7663 = ORIENTED_EDGE('',*,*,#7453,.F.);
#7664 = ORIENTED_EDGE('',*,*,#7469,.F.);
#7665 = ORIENTED_EDGE('',*,*,#7493,.F.);
#7666 = ORIENTED_EDGE('',*,*,#7527,.F.);
#7667 = ORIENTED_EDGE('',*,*,#7542,.F.);
#7668 = PLANE('',#7669);
#7669 = AXIS2_PLACEMENT_3D('',#7670,#7671,#7672);
#7670 = CARTESIAN_POINT('',(53.071278347535,50.79637729704,48.37));
#7671 = DIRECTION('',(8.659560562355E-17,8.659560562355E-17,1.));
#7672 = DIRECTION('',(2.22044604925E-16,1.,-8.659560562355E-17));
#7673 = ( GEOMETRIC_REPRESENTATION_CONTEXT(3) 
GLOBAL_UNCERTAINTY_ASSIGNED_CONTEXT((#7677)) 
GLOBAL_UNIT_ASSIGNED_CONTEXT((#7674,#7675,#7676)) REPRESENTATION_CONTEXT
('Context #1','3D Context with UNIT and UNCERTAINTY') );
#7674 = ( LENGTH_UNIT() NAMED_UNIT(*) SI_UNIT(.MILLI.,.METRE.) );
#7675 = ( NAMED_UNIT(*) PLANE_ANGLE_UNIT() SI_UNIT($,.RADIAN.) );
#7676 = ( NAMED_UNIT(*) SI_UNIT($,.STERADIAN.) SOLID_ANGLE_UNIT() );
#7677 = UNCERTAINTY_MEASURE_WITH_UNIT(LENGTH_MEASURE(5.E-05),#7674,
  'distance_accuracy_value','confusion accuracy');
#7678 = PRODUCT_RELATED_PRODUCT_CATEGORY('part',$,(#7));
#7679 = MECHANICAL_DESIGN_GEOMETRIC_PRESENTATION_REPRESENTATION('',(
    #7680),#7673);
#7680 = STYLED_ITEM('color',(#7681),#15);
#7681 = PRESENTATION_STYLE_ASSIGNMENT((#7682,#7688));
#7682 = SURFACE_STYLE_USAGE(.BOTH.,#7683);
#7683 = SURFACE_SIDE_STYLE('',(#7684));
#7684 = SURFACE_STYLE_FILL_AREA(#7685);
#7685 = FILL_AREA_STYLE('',(#7686));
#7686 = FILL_AREA_STYLE_COLOUR('',#7687);
#7687 = COLOUR_RGB('',0.447058818107,0.474509808674,0.501960817233);
#7688 = CURVE_STYLE('',#7689,POSITIVE_LENGTH_MEASURE(0.1),#7690);
#7689 = DRAUGHTING_PRE_DEFINED_CURVE_FONT('continuous');
#7690 = COLOUR_RGB('',9.803921802644E-02,9.803921802644E-02,
  9.803921802644E-02);
ENDSEC;
END-ISO-10303-21;
