ISO-10303-21;
HEADER;
FILE_DESCRIPTION(('FreeCAD Model'),'2;1');
FILE_NAME('Open CASCADE Shape Model','2026-05-04T15:40:37',(''),(''),
  'Open CASCADE STEP processor 7.8','FreeCAD','Unknown');
FILE_SCHEMA(('AUTOMOTIVE_DESIGN { 1 0 10303 214 1 1 1 1 }'));
ENDSEC;
DATA;
#1 = APPLICATION_PROTOCOL_DEFINITION('international standard',
  'automotive_design',2000,#2);
#2 = APPLICATION_CONTEXT(
  'core data for automotive mechanical design processes');
#3 = SHAPE_DEFINITION_REPRESENTATION(#4,#10);
#4 = PRODUCT_DEFINITION_SHAPE('','',#5);
#5 = PRODUCT_DEFINITION('design','',#6,#9);
#6 = PRODUCT_DEFINITION_FORMATION('','',#7);
#7 = PRODUCT('Cut','Cut','',(#8));
#8 = PRODUCT_CONTEXT('',#2,'mechanical');
#9 = PRODUCT_DEFINITION_CONTEXT('part definition',#2,'design');
#10 = ADVANCED_BREP_SHAPE_REPRESENTATION('',(#11,#15),#8774);
#11 = AXIS2_PLACEMENT_3D('',#12,#13,#14);
#12 = CARTESIAN_POINT('',(0.,0.,0.));
#13 = DIRECTION('',(0.,0.,1.));
#14 = DIRECTION('',(1.,0.,-0.));
#15 = MANIFOLD_SOLID_BREP('',#16);
#16 = CLOSED_SHELL('',(#17,#89,#216,#247,#396,#922,#946,#1260,#1660,
    #1677,#1722,#1746,#1777,#1801,#1825,#1856,#1887,#1911,#1935,#1959,
    #1983,#2007,#2031,#2055,#2079,#2096,#2120,#2144,#2168,#2192,#2388,
    #2419,#2443,#2467,#2498,#2529,#2553,#2577,#2602,#2627,#2651,#2682,
    #2706,#2730,#2754,#2778,#2802,#2826,#2843,#2874,#2898,#2922,#2946,
    #2970,#2994,#3018,#3035,#3066,#3090,#3114,#3138,#3162,#3186,#3210,
    #3227,#3258,#3282,#3306,#3330,#3354,#3378,#3402,#3419,#3450,#3474,
    #3498,#3522,#3546,#3570,#3594,#3611,#3700,#3724,#3741,#3765,#3782,
    #3806,#3823,#3912,#3936,#3953,#3977,#3994,#4018,#4035,#4052,#4086,
    #4165,#4199,#4255,#4279,#4310,#4327,#4351,#4375,#4399,#4423,#4447,
    #4471,#4502,#4526,#4617,#4641,#4658,#4682,#4699,#4718,#4749,#4773,
    #4864,#4888,#4905,#4929,#4946,#4965,#4994,#5047,#5078,#5102,#5126,
    #5150,#5174,#5198,#5222,#5239,#5270,#5294,#5318,#5342,#5366,#5390,
    #5414,#5431,#5462,#5486,#5510,#5534,#5558,#5582,#5606,#5623,#5654,
    #5678,#5702,#5726,#5750,#5774,#5798,#5815,#5846,#5870,#5894,#5918,
    #5942,#5966,#5990,#6007,#6018,#6035,#6051,#6082,#6114,#6138,#6154,
    #6170,#6201,#6224,#6236,#6253,#6270,#6287,#6299,#6316,#6405,#6429,
    #6446,#6470,#6487,#6511,#6528,#6617,#6641,#6658,#6682,#6699,#6723,
    #6740,#6757,#6779,#6795,#6812,#6834,#6850,#6872,#6894,#6906,#6931,
    #6956,#6978,#6995,#7012,#7029,#7046,#7063,#7080,#7092,#7114,#7131,
    #7148,#7165,#7182,#7199,#7216,#7228,#7250,#7267,#7284,#7301,#7318,
    #7335,#7352,#7364,#7386,#7403,#7420,#7437,#7454,#7471,#7488,#7500,
    #7522,#7539,#7556,#7573,#7590,#7607,#7624,#7636,#7647,#7658,#7669,
    #7680,#7691,#7702,#7719,#7743,#7763,#7775,#7792,#7812,#7844,#7856,
    #7867,#7879,#7890,#7902,#7914,#7925,#7936,#7956,#7968,#7979,#7990,
    #8010,#8027,#8038,#8049,#8060,#8071,#8082,#8093,#8179,#8265,#8282,
    #8323,#8347,#8371,#8396,#8420,#8444,#8469,#8493,#8510,#8551,#8575,
    #8599,#8624,#8648,#8672,#8697,#8721,#8738,#8756));
#17 = ADVANCED_FACE('',(#18),#84,.F.);
#18 = FACE_BOUND('',#19,.F.);
#19 = EDGE_LOOP('',(#20,#30,#38,#46,#54,#62,#70,#78));
#20 = ORIENTED_EDGE('',*,*,#21,.T.);
#21 = EDGE_CURVE('',#22,#24,#26,.T.);
#22 = VERTEX_POINT('',#23);
#23 = CARTESIAN_POINT('',(-3.129808487825E-14,90.,-30.));
#24 = VERTEX_POINT('',#25);
#25 = CARTESIAN_POINT('',(-1.423769411209E-14,46.09533171584,-30.));
#26 = LINE('',#27,#28);
#27 = CARTESIAN_POINT('',(-3.285239711273E-14,94.,-30.));
#28 = VECTOR('',#29,1.);
#29 = DIRECTION('',(3.885780586188E-16,-1.,2.995651960736E-32));
#30 = ORIENTED_EDGE('',*,*,#31,.T.);
#31 = EDGE_CURVE('',#24,#32,#34,.T.);
#32 = VERTEX_POINT('',#33);
#33 = CARTESIAN_POINT('',(-1.460508815183E-14,46.09533171584,-27.));
#34 = LINE('',#35,#36);
#35 = CARTESIAN_POINT('',(-1.423769411209E-14,46.09533171584,-30.));
#36 = VECTOR('',#37,1.);
#37 = DIRECTION('',(-1.224646799147E-16,-1.763056796328E-32,1.));
#38 = ORIENTED_EDGE('',*,*,#39,.F.);
#39 = EDGE_CURVE('',#40,#32,#42,.T.);
#40 = VERTEX_POINT('',#41);
#41 = CARTESIAN_POINT('',(-3.205405697661E-14,91.,-27.));
#42 = LINE('',#43,#44);
#43 = CARTESIAN_POINT('',(-3.205405697661E-14,91.,-27.));
#44 = VECTOR('',#45,1.);
#45 = DIRECTION('',(3.885780586188E-16,-1.,2.2E-16));
#46 = ORIENTED_EDGE('',*,*,#47,.F.);
#47 = EDGE_CURVE('',#48,#40,#50,.T.);
#48 = VERTEX_POINT('',#49);
#49 = CARTESIAN_POINT('',(-3.511567397448E-14,91.,-2.));
#50 = LINE('',#51,#52);
#51 = CARTESIAN_POINT('',(-3.536060333431E-14,91.,1.E-15));
#52 = VECTOR('',#53,1.);
#53 = DIRECTION('',(1.224646799147E-16,1.763056796328E-32,-1.));
#54 = ORIENTED_EDGE('',*,*,#55,.F.);
#55 = EDGE_CURVE('',#56,#48,#58,.T.);
#56 = VERTEX_POINT('',#57);
#57 = CARTESIAN_POINT('',(-3.613775945155E-14,93.,1.E-14));
#58 = LINE('',#59,#60);
#59 = CARTESIAN_POINT('',(-5.021999876692E-14,92.75,-0.25));
#60 = VECTOR('',#61,1.);
#61 = DIRECTION('',(3.613617858932E-16,-0.707106781187,-0.707106781187)
  );
#62 = ORIENTED_EDGE('',*,*,#63,.F.);
#63 = EDGE_CURVE('',#64,#56,#66,.T.);
#64 = VERTEX_POINT('',#65);
#65 = CARTESIAN_POINT('',(-3.652633751017E-14,94.,-2.815912843092E-30));
#66 = LINE('',#67,#68);
#67 = CARTESIAN_POINT('',(-3.652633751017E-14,94.,-2.815912843092E-30));
#68 = VECTOR('',#69,1.);
#69 = DIRECTION('',(3.885780586188E-16,-1.,2.995651960736E-32));
#70 = ORIENTED_EDGE('',*,*,#71,.T.);
#71 = EDGE_CURVE('',#64,#72,#74,.T.);
#72 = VERTEX_POINT('',#73);
#73 = CARTESIAN_POINT('',(-3.334225583238E-14,94.,-26.));
#74 = LINE('',#75,#76);
#75 = CARTESIAN_POINT('',(-3.652633751017E-14,94.,-2.815912843092E-30));
#76 = VECTOR('',#77,1.);
#77 = DIRECTION('',(1.224646799147E-16,1.763056796328E-32,-1.));
#78 = ORIENTED_EDGE('',*,*,#79,.T.);
#79 = EDGE_CURVE('',#72,#22,#80,.T.);
#80 = LINE('',#81,#82);
#81 = CARTESIAN_POINT('',(-2.194299089432E-14,99.5,-20.5));
#82 = VECTOR('',#83,1.);
#83 = DIRECTION('',(3.613617858932E-16,-0.707106781187,-0.707106781187)
  );
#84 = PLANE('',#85);
#85 = AXIS2_PLACEMENT_3D('',#86,#87,#88);
#86 = CARTESIAN_POINT('',(-3.652633751017E-14,94.,-2.815912843092E-30));
#87 = DIRECTION('',(-1.,-3.885780586188E-16,-1.224646799147E-16));
#88 = DIRECTION('',(3.885780586188E-16,-1.,2.995651960736E-32));
#89 = ADVANCED_FACE('',(#90),#211,.T.);
#90 = FACE_BOUND('',#91,.T.);
#91 = EDGE_LOOP('',(#92,#102,#110,#118,#126,#134,#142,#150,#158,#166,
    #172,#173,#181,#189,#197,#205));
#92 = ORIENTED_EDGE('',*,*,#93,.T.);
#93 = EDGE_CURVE('',#94,#96,#98,.T.);
#94 = VERTEX_POINT('',#95);
#95 = CARTESIAN_POINT('',(2.157391577291E-14,-46.06532710336,-30.));
#96 = VERTEX_POINT('',#97);
#97 = CARTESIAN_POINT('',(3.864596567313E-14,-90.,-30.));
#98 = LINE('',#99,#100);
#99 = CARTESIAN_POINT('',(-3.285239711273E-14,94.,-30.));
#100 = VECTOR('',#101,1.);
#101 = DIRECTION('',(3.885780586188E-16,-1.,2.995651960736E-32));
#102 = ORIENTED_EDGE('',*,*,#103,.T.);
#103 = EDGE_CURVE('',#96,#104,#106,.T.);
#104 = VERTEX_POINT('',#105);
#105 = CARTESIAN_POINT('',(-95.,-90.,-30.));
#106 = LINE('',#107,#108);
#107 = CARTESIAN_POINT('',(3.864596567313E-14,-90.,-30.));
#108 = VECTOR('',#109,1.);
#109 = DIRECTION('',(-1.,-3.885780586188E-16,-1.224646799147E-16));
#110 = ORIENTED_EDGE('',*,*,#111,.F.);
#111 = EDGE_CURVE('',#112,#104,#114,.T.);
#112 = VERTEX_POINT('',#113);
#113 = CARTESIAN_POINT('',(-95.,-75.5,-30.));
#114 = LINE('',#115,#116);
#115 = CARTESIAN_POINT('',(-95.,-71.5,-30.));
#116 = VECTOR('',#117,1.);
#117 = DIRECTION('',(3.885780586188E-16,-1.,2.995651960736E-32));
#118 = ORIENTED_EDGE('',*,*,#119,.T.);
#119 = EDGE_CURVE('',#112,#120,#122,.T.);
#120 = VERTEX_POINT('',#121);
#121 = CARTESIAN_POINT('',(-103.,-67.5,-30.));
#122 = LINE('',#123,#124);
#123 = CARTESIAN_POINT('',(-104.0956125827,-66.40438741721,-30.));
#124 = VECTOR('',#125,1.);
#125 = DIRECTION('',(-0.707106781187,0.707106781187,-8.659560562355E-17)
  );
#126 = ORIENTED_EDGE('',*,*,#127,.F.);
#127 = EDGE_CURVE('',#128,#120,#130,.T.);
#128 = VERTEX_POINT('',#129);
#129 = CARTESIAN_POINT('',(-110.,-67.5,-30.));
#130 = LINE('',#131,#132);
#131 = CARTESIAN_POINT('',(-114.,-67.5,-30.));
#132 = VECTOR('',#133,1.);
#133 = DIRECTION('',(1.,3.885780586188E-16,1.224646799147E-16));
#134 = ORIENTED_EDGE('',*,*,#135,.T.);
#135 = EDGE_CURVE('',#128,#136,#138,.T.);
#136 = VERTEX_POINT('',#137);
#137 = CARTESIAN_POINT('',(-110.,67.5,-30.));
#138 = LINE('',#139,#140);
#139 = CARTESIAN_POINT('',(-110.,-71.5,-30.));
#140 = VECTOR('',#141,1.);
#141 = DIRECTION('',(-3.885780586188E-16,1.,-2.995651960736E-32));
#142 = ORIENTED_EDGE('',*,*,#143,.F.);
#143 = EDGE_CURVE('',#144,#136,#146,.T.);
#144 = VERTEX_POINT('',#145);
#145 = CARTESIAN_POINT('',(-103.,67.5,-30.));
#146 = LINE('',#147,#148);
#147 = CARTESIAN_POINT('',(-99.,67.5,-30.));
#148 = VECTOR('',#149,1.);
#149 = DIRECTION('',(-1.,-3.885780586188E-16,-1.224646799147E-16));
#150 = ORIENTED_EDGE('',*,*,#151,.T.);
#151 = EDGE_CURVE('',#144,#152,#154,.T.);
#152 = VERTEX_POINT('',#153);
#153 = CARTESIAN_POINT('',(-95.,75.5,-30.));
#154 = LINE('',#155,#156);
#155 = CARTESIAN_POINT('',(-108.0956125827,62.40438741721,-30.));
#156 = VECTOR('',#157,1.);
#157 = DIRECTION('',(0.707106781187,0.707106781187,8.659560562355E-17));
#158 = ORIENTED_EDGE('',*,*,#159,.F.);
#159 = EDGE_CURVE('',#160,#152,#162,.T.);
#160 = VERTEX_POINT('',#161);
#161 = CARTESIAN_POINT('',(-95.,90.,-30.));
#162 = LINE('',#163,#164);
#163 = CARTESIAN_POINT('',(-95.,94.,-30.));
#164 = VECTOR('',#165,1.);
#165 = DIRECTION('',(3.885780586188E-16,-1.,2.995651960736E-32));
#166 = ORIENTED_EDGE('',*,*,#167,.T.);
#167 = EDGE_CURVE('',#160,#22,#168,.T.);
#168 = LINE('',#169,#170);
#169 = CARTESIAN_POINT('',(-99.,90.,-30.));
#170 = VECTOR('',#171,1.);
#171 = DIRECTION('',(1.,3.885780586188E-16,1.224646799147E-16));
#172 = ORIENTED_EDGE('',*,*,#21,.T.);
#173 = ORIENTED_EDGE('',*,*,#174,.T.);
#174 = EDGE_CURVE('',#24,#175,#177,.T.);
#175 = VERTEX_POINT('',#176);
#176 = CARTESIAN_POINT('',(-86.53282720332,46.09533171584,-30.));
#177 = LINE('',#178,#179);
#178 = CARTESIAN_POINT('',(-1.423769411209E-14,46.09533171584,-30.));
#179 = VECTOR('',#180,1.);
#180 = DIRECTION('',(-1.,-3.885780586188E-16,-1.224646799147E-16));
#181 = ORIENTED_EDGE('',*,*,#182,.F.);
#182 = EDGE_CURVE('',#183,#175,#185,.T.);
#183 = VERTEX_POINT('',#184);
#184 = CARTESIAN_POINT('',(-88.53282720332,44.09533171584,-30.));
#185 = LINE('',#186,#187);
#186 = CARTESIAN_POINT('',(-91.39406591423,41.23409300493,-30.));
#187 = VECTOR('',#188,1.);
#188 = DIRECTION('',(0.707106781187,0.707106781187,8.659560562355E-17));
#189 = ORIENTED_EDGE('',*,*,#190,.T.);
#190 = EDGE_CURVE('',#183,#191,#193,.T.);
#191 = VERTEX_POINT('',#192);
#192 = CARTESIAN_POINT('',(-88.53282720332,-44.06532710336,-30.));
#193 = LINE('',#194,#195);
#194 = CARTESIAN_POINT('',(-88.53282720332,45.09533171584,-30.));
#195 = VECTOR('',#196,1.);
#196 = DIRECTION('',(3.885780586188E-16,-1.,2.995651960736E-32));
#197 = ORIENTED_EDGE('',*,*,#198,.F.);
#198 = EDGE_CURVE('',#199,#191,#201,.T.);
#199 = VERTEX_POINT('',#200);
#200 = CARTESIAN_POINT('',(-86.53282720332,-46.06532710336,-30.));
#201 = LINE('',#202,#203);
#202 = CARTESIAN_POINT('',(-90.38656476111,-42.21158954557,-30.));
#203 = VECTOR('',#204,1.);
#204 = DIRECTION('',(-0.707106781187,0.707106781187,-8.659560562355E-17)
  );
#205 = ORIENTED_EDGE('',*,*,#206,.T.);
#206 = EDGE_CURVE('',#199,#94,#207,.T.);
#207 = LINE('',#208,#209);
#208 = CARTESIAN_POINT('',(-87.53282720332,-46.06532710336,-30.));
#209 = VECTOR('',#210,1.);
#210 = DIRECTION('',(1.,3.885780586188E-16,1.224646799147E-16));
#211 = PLANE('',#212);
#212 = AXIS2_PLACEMENT_3D('',#213,#214,#215);
#213 = CARTESIAN_POINT('',(-55.88245033112,-2.171469406053E-14,-30.));
#214 = DIRECTION('',(1.224646799147E-16,1.763056796328E-32,-1.));
#215 = DIRECTION('',(1.,3.885780586188E-16,1.224646799147E-16));
#216 = ADVANCED_FACE('',(#217),#242,.F.);
#217 = FACE_BOUND('',#218,.T.);
#218 = EDGE_LOOP('',(#219,#227,#228,#236));
#219 = ORIENTED_EDGE('',*,*,#220,.F.);
#220 = EDGE_CURVE('',#24,#221,#223,.T.);
#221 = VERTEX_POINT('',#222);
#222 = CARTESIAN_POINT('',(-1.,45.09533171584,-29.));
#223 = LINE('',#224,#225);
#224 = CARTESIAN_POINT('',(-0.333333333333,45.76199838251,
    -29.66666666666));
#225 = VECTOR('',#226,1.);
#226 = DIRECTION('',(-0.57735026919,-0.57735026919,0.57735026919));
#227 = ORIENTED_EDGE('',*,*,#31,.T.);
#228 = ORIENTED_EDGE('',*,*,#229,.F.);
#229 = EDGE_CURVE('',#230,#32,#232,.T.);
#230 = VERTEX_POINT('',#231);
#231 = CARTESIAN_POINT('',(-1.,45.09533171584,-28.));
#232 = LINE('',#233,#234);
#233 = CARTESIAN_POINT('',(-0.833333333333,45.26199838251,
    -27.83333333333));
#234 = VECTOR('',#235,1.);
#235 = DIRECTION('',(0.57735026919,0.57735026919,0.57735026919));
#236 = ORIENTED_EDGE('',*,*,#237,.F.);
#237 = EDGE_CURVE('',#221,#230,#238,.T.);
#238 = LINE('',#239,#240);
#239 = CARTESIAN_POINT('',(-1.,45.09533171584,-30.));
#240 = VECTOR('',#241,1.);
#241 = DIRECTION('',(-1.224646799147E-16,-1.763056796328E-32,1.));
#242 = PLANE('',#243);
#243 = AXIS2_PLACEMENT_3D('',#244,#245,#246);
#244 = CARTESIAN_POINT('',(-0.5,45.59533171584,-30.));
#245 = DIRECTION('',(-0.707106781187,0.707106781187,-8.659560562355E-17)
  );
#246 = DIRECTION('',(1.224646799147E-16,1.763056796328E-32,-1.));
#247 = ADVANCED_FACE('',(#248,#369,#380),#391,.F.);
#248 = FACE_BOUND('',#249,.F.);
#249 = EDGE_LOOP('',(#250,#251,#259,#267,#275,#283,#291,#299,#307,#315,
    #323,#331,#339,#347,#355,#363));
#250 = ORIENTED_EDGE('',*,*,#39,.T.);
#251 = ORIENTED_EDGE('',*,*,#252,.T.);
#252 = EDGE_CURVE('',#32,#253,#255,.T.);
#253 = VERTEX_POINT('',#254);
#254 = CARTESIAN_POINT('',(-86.53282720332,46.09533171584,-27.));
#255 = LINE('',#256,#257);
#256 = CARTESIAN_POINT('',(-1.460508815183E-14,46.09533171584,-27.));
#257 = VECTOR('',#258,1.);
#258 = DIRECTION('',(-1.,-3.885780586188E-16,-1.224646799147E-16));
#259 = ORIENTED_EDGE('',*,*,#260,.T.);
#260 = EDGE_CURVE('',#253,#261,#263,.T.);
#261 = VERTEX_POINT('',#262);
#262 = CARTESIAN_POINT('',(-88.53282720332,44.09533171584,-27.));
#263 = LINE('',#264,#265);
#264 = CARTESIAN_POINT('',(-53.67345333145,78.95470558771,-27.));
#265 = VECTOR('',#266,1.);
#266 = DIRECTION('',(-0.707106781187,-0.707106781187,7.340439437635E-17)
  );
#267 = ORIENTED_EDGE('',*,*,#268,.T.);
#268 = EDGE_CURVE('',#261,#269,#271,.T.);
#269 = VERTEX_POINT('',#270);
#270 = CARTESIAN_POINT('',(-88.53282720332,-44.06532710336,-27.));
#271 = LINE('',#272,#273);
#272 = CARTESIAN_POINT('',(-88.53282720332,45.09533171584,-27.));
#273 = VECTOR('',#274,1.);
#274 = DIRECTION('',(3.885780586188E-16,-1.,2.2E-16));
#275 = ORIENTED_EDGE('',*,*,#276,.F.);
#276 = EDGE_CURVE('',#277,#269,#279,.T.);
#277 = VERTEX_POINT('',#278);
#278 = CARTESIAN_POINT('',(-86.53282720332,-46.06532710336,-27.));
#279 = LINE('',#280,#281);
#280 = CARTESIAN_POINT('',(-99.16595217833,-33.43220212835,-27.));
#281 = VECTOR('',#282,1.);
#282 = DIRECTION('',(-0.707106781187,0.707106781187,-2.465956056234E-16)
  );
#283 = ORIENTED_EDGE('',*,*,#284,.T.);
#284 = EDGE_CURVE('',#277,#285,#287,.T.);
#285 = VERTEX_POINT('',#286);
#286 = CARTESIAN_POINT('',(2.120652173316E-14,-46.06532710336,-27.));
#287 = LINE('',#288,#289);
#288 = CARTESIAN_POINT('',(-87.53282720332,-46.06532710336,-27.));
#289 = VECTOR('',#290,1.);
#290 = DIRECTION('',(1.,3.885780586188E-16,1.224646799147E-16));
#291 = ORIENTED_EDGE('',*,*,#292,.T.);
#292 = EDGE_CURVE('',#285,#293,#295,.T.);
#293 = VERTEX_POINT('',#294);
#294 = CARTESIAN_POINT('',(3.866714969201E-14,-91.,-27.));
#295 = LINE('',#296,#297);
#296 = CARTESIAN_POINT('',(-3.205405697661E-14,91.,-27.));
#297 = VECTOR('',#298,1.);
#298 = DIRECTION('',(3.885780586188E-16,-1.,2.2E-16));
#299 = ORIENTED_EDGE('',*,*,#300,.F.);
#300 = EDGE_CURVE('',#301,#293,#303,.T.);
#301 = VERTEX_POINT('',#302);
#302 = CARTESIAN_POINT('',(-94.,-91.,-27.));
#303 = LINE('',#304,#305);
#304 = CARTESIAN_POINT('',(3.866714969201E-14,-91.,-27.));
#305 = VECTOR('',#306,1.);
#306 = DIRECTION('',(1.,3.885780586188E-16,1.224646799147E-16));
#307 = ORIENTED_EDGE('',*,*,#308,.F.);
#308 = EDGE_CURVE('',#309,#301,#311,.T.);
#309 = VERTEX_POINT('',#310);
#310 = CARTESIAN_POINT('',(-94.,-70.5,-27.));
#311 = LINE('',#312,#313);
#312 = CARTESIAN_POINT('',(-94.,-68.5,-27.));
#313 = VECTOR('',#314,1.);
#314 = DIRECTION('',(3.885780586188E-16,-1.,2.2E-16));
#315 = ORIENTED_EDGE('',*,*,#316,.F.);
#316 = EDGE_CURVE('',#317,#309,#319,.T.);
#317 = VERTEX_POINT('',#318);
#318 = CARTESIAN_POINT('',(-98.,-66.5,-27.));
#319 = LINE('',#320,#321);
#320 = CARTESIAN_POINT('',(-112.875,-51.625,-27.));
#321 = VECTOR('',#322,1.);
#322 = DIRECTION('',(0.707106781187,-0.707106781187,2.465956056234E-16)
  );
#323 = ORIENTED_EDGE('',*,*,#324,.F.);
#324 = EDGE_CURVE('',#325,#317,#327,.T.);
#325 = VERTEX_POINT('',#326);
#326 = CARTESIAN_POINT('',(-109.,-66.5,-27.));
#327 = LINE('',#328,#329);
#328 = CARTESIAN_POINT('',(-111.,-66.5,-27.));
#329 = VECTOR('',#330,1.);
#330 = DIRECTION('',(1.,3.885780586188E-16,1.224646799147E-16));
#331 = ORIENTED_EDGE('',*,*,#332,.F.);
#332 = EDGE_CURVE('',#333,#325,#335,.T.);
#333 = VERTEX_POINT('',#334);
#334 = CARTESIAN_POINT('',(-109.,66.5,-27.));
#335 = LINE('',#336,#337);
#336 = CARTESIAN_POINT('',(-109.,68.5,-27.));
#337 = VECTOR('',#338,1.);
#338 = DIRECTION('',(3.885780586188E-16,-1.,2.2E-16));
#339 = ORIENTED_EDGE('',*,*,#340,.F.);
#340 = EDGE_CURVE('',#341,#333,#343,.T.);
#341 = VERTEX_POINT('',#342);
#342 = CARTESIAN_POINT('',(-98.,66.5,-27.));
#343 = LINE('',#344,#345);
#344 = CARTESIAN_POINT('',(-96.,66.5,-27.));
#345 = VECTOR('',#346,1.);
#346 = DIRECTION('',(-1.,-3.885780586188E-16,-1.224646799147E-16));
#347 = ORIENTED_EDGE('',*,*,#348,.T.);
#348 = EDGE_CURVE('',#341,#349,#351,.T.);
#349 = VERTEX_POINT('',#350);
#350 = CARTESIAN_POINT('',(-94.,70.5,-27.));
#351 = LINE('',#352,#353);
#352 = CARTESIAN_POINT('',(-67.375,97.125,-27.));
#353 = VECTOR('',#354,1.);
#354 = DIRECTION('',(0.707106781187,0.707106781187,-7.340439437635E-17)
  );
#355 = ORIENTED_EDGE('',*,*,#356,.F.);
#356 = EDGE_CURVE('',#357,#349,#359,.T.);
#357 = VERTEX_POINT('',#358);
#358 = CARTESIAN_POINT('',(-94.,91.,-27.));
#359 = LINE('',#360,#361);
#360 = CARTESIAN_POINT('',(-94.,91.,-27.));
#361 = VECTOR('',#362,1.);
#362 = DIRECTION('',(3.885780586188E-16,-1.,2.2E-16));
#363 = ORIENTED_EDGE('',*,*,#364,.F.);
#364 = EDGE_CURVE('',#40,#357,#365,.T.);
#365 = LINE('',#366,#367);
#366 = CARTESIAN_POINT('',(-3.205405697661E-14,91.,-27.));
#367 = VECTOR('',#368,1.);
#368 = DIRECTION('',(-1.,-3.885780586188E-16,-1.224646799147E-16));
#369 = FACE_BOUND('',#370,.F.);
#370 = EDGE_LOOP('',(#371));
#371 = ORIENTED_EDGE('',*,*,#372,.T.);
#372 = EDGE_CURVE('',#373,#373,#375,.T.);
#373 = VERTEX_POINT('',#374);
#374 = CARTESIAN_POINT('',(-81.0521,-52.5109,-27.));
#375 = CIRCLE('',#376,5.5);
#376 = AXIS2_PLACEMENT_3D('',#377,#378,#379);
#377 = CARTESIAN_POINT('',(-86.5521,-52.5109,-27.));
#378 = DIRECTION('',(-1.224646799147E-16,2.2E-16,1.));
#379 = DIRECTION('',(1.,3.885780586188E-16,1.224646799147E-16));
#380 = FACE_BOUND('',#381,.F.);
#381 = EDGE_LOOP('',(#382));
#382 = ORIENTED_EDGE('',*,*,#383,.T.);
#383 = EDGE_CURVE('',#384,#384,#386,.T.);
#384 = VERTEX_POINT('',#385);
#385 = CARTESIAN_POINT('',(-80.5483,62.5621,-27.));
#386 = CIRCLE('',#387,6.);
#387 = AXIS2_PLACEMENT_3D('',#388,#389,#390);
#388 = CARTESIAN_POINT('',(-86.5483,62.5621,-27.));
#389 = DIRECTION('',(-1.224646799147E-16,2.2E-16,1.));
#390 = DIRECTION('',(1.,3.885780586188E-16,1.224646799147E-16));
#391 = PLANE('',#392);
#392 = AXIS2_PLACEMENT_3D('',#393,#394,#395);
#393 = CARTESIAN_POINT('',(-3.205405697661E-14,91.,-27.));
#394 = DIRECTION('',(1.224646799147E-16,-2.2E-16,-1.));
#395 = DIRECTION('',(-1.,-3.885780586188E-16,-1.224646799147E-16));
#396 = ADVANCED_FACE('',(#397,#415,#481,#547,#613,#679,#745,#831),#917,
  .T.);
#397 = FACE_BOUND('',#398,.T.);
#398 = EDGE_LOOP('',(#399,#400,#401,#409));
#399 = ORIENTED_EDGE('',*,*,#364,.F.);
#400 = ORIENTED_EDGE('',*,*,#47,.F.);
#401 = ORIENTED_EDGE('',*,*,#402,.F.);
#402 = EDGE_CURVE('',#403,#48,#405,.T.);
#403 = VERTEX_POINT('',#404);
#404 = CARTESIAN_POINT('',(-94.,91.,-2.));
#405 = LINE('',#406,#407);
#406 = CARTESIAN_POINT('',(-96.,91.,-2.));
#407 = VECTOR('',#408,1.);
#408 = DIRECTION('',(1.,3.885780586188E-16,1.224646799147E-16));
#409 = ORIENTED_EDGE('',*,*,#410,.F.);
#410 = EDGE_CURVE('',#357,#403,#411,.T.);
#411 = LINE('',#412,#413);
#412 = CARTESIAN_POINT('',(-94.,91.,-27.));
#413 = VECTOR('',#414,1.);
#414 = DIRECTION('',(-1.224646799147E-16,-1.763056796328E-32,1.));
#415 = FACE_BOUND('',#416,.T.);
#416 = EDGE_LOOP('',(#417,#427,#435,#443,#451,#459,#467,#475));
#417 = ORIENTED_EDGE('',*,*,#418,.F.);
#418 = EDGE_CURVE('',#419,#421,#423,.T.);
#419 = VERTEX_POINT('',#420);
#420 = CARTESIAN_POINT('',(-81.5,91.,-23.));
#421 = VERTEX_POINT('',#422);
#422 = CARTESIAN_POINT('',(-80.5,91.,-23.));
#423 = LINE('',#424,#425);
#424 = CARTESIAN_POINT('',(-82.5,91.,-23.));
#425 = VECTOR('',#426,1.);
#426 = DIRECTION('',(1.,3.885780586188E-16,1.224646799147E-16));
#427 = ORIENTED_EDGE('',*,*,#428,.T.);
#428 = EDGE_CURVE('',#419,#429,#431,.T.);
#429 = VERTEX_POINT('',#430);
#430 = CARTESIAN_POINT('',(-83.5,91.,-21.));
#431 = LINE('',#432,#433);
#432 = CARTESIAN_POINT('',(-77.375,91.,-27.125));
#433 = VECTOR('',#434,1.);
#434 = DIRECTION('',(-0.707106781187,-2.747661802697E-16,0.707106781187)
  );
#435 = ORIENTED_EDGE('',*,*,#436,.F.);
#436 = EDGE_CURVE('',#437,#429,#439,.T.);
#437 = VERTEX_POINT('',#438);
#438 = CARTESIAN_POINT('',(-83.5,91.,-9.));
#439 = LINE('',#440,#441);
#440 = CARTESIAN_POINT('',(-83.5,91.,-8.));
#441 = VECTOR('',#442,1.);
#442 = DIRECTION('',(1.224646799147E-16,1.763056796328E-32,-1.));
#443 = ORIENTED_EDGE('',*,*,#444,.T.);
#444 = EDGE_CURVE('',#437,#445,#447,.T.);
#445 = VERTEX_POINT('',#446);
#446 = CARTESIAN_POINT('',(-81.5,91.,-7.));
#447 = LINE('',#448,#449);
#448 = CARTESIAN_POINT('',(-77.625,91.,-3.125));
#449 = VECTOR('',#450,1.);
#450 = DIRECTION('',(0.707106781187,2.747661802697E-16,0.707106781187));
#451 = ORIENTED_EDGE('',*,*,#452,.F.);
#452 = EDGE_CURVE('',#453,#445,#455,.T.);
#453 = VERTEX_POINT('',#454);
#454 = CARTESIAN_POINT('',(-80.5,91.,-7.));
#455 = LINE('',#456,#457);
#456 = CARTESIAN_POINT('',(-79.5,91.,-7.));
#457 = VECTOR('',#458,1.);
#458 = DIRECTION('',(-1.,-3.885780586188E-16,-1.224646799147E-16));
#459 = ORIENTED_EDGE('',*,*,#460,.T.);
#460 = EDGE_CURVE('',#453,#461,#463,.T.);
#461 = VERTEX_POINT('',#462);
#462 = CARTESIAN_POINT('',(-78.5,91.,-9.));
#463 = LINE('',#464,#465);
#464 = CARTESIAN_POINT('',(-72.625,91.,-14.875));
#465 = VECTOR('',#466,1.);
#466 = DIRECTION('',(0.707106781187,2.747661802697E-16,-0.707106781187)
  );
#467 = ORIENTED_EDGE('',*,*,#468,.F.);
#468 = EDGE_CURVE('',#469,#461,#471,.T.);
#469 = VERTEX_POINT('',#470);
#470 = CARTESIAN_POINT('',(-78.5,91.,-21.));
#471 = LINE('',#472,#473);
#472 = CARTESIAN_POINT('',(-78.5,91.,-22.));
#473 = VECTOR('',#474,1.);
#474 = DIRECTION('',(-1.224646799147E-16,-1.763056796328E-32,1.));
#475 = ORIENTED_EDGE('',*,*,#476,.T.);
#476 = EDGE_CURVE('',#469,#421,#477,.T.);
#477 = LINE('',#478,#479);
#478 = CARTESIAN_POINT('',(-70.875,91.,-13.375));
#479 = VECTOR('',#480,1.);
#480 = DIRECTION('',(-0.707106781187,-2.747661802697E-16,-0.707106781187
    ));
#481 = FACE_BOUND('',#482,.T.);
#482 = EDGE_LOOP('',(#483,#493,#501,#509,#517,#525,#533,#541));
#483 = ORIENTED_EDGE('',*,*,#484,.T.);
#484 = EDGE_CURVE('',#485,#487,#489,.T.);
#485 = VERTEX_POINT('',#486);
#486 = CARTESIAN_POINT('',(-73.,91.,-7.));
#487 = VERTEX_POINT('',#488);
#488 = CARTESIAN_POINT('',(-71.,91.,-9.));
#489 = LINE('',#490,#491);
#490 = CARTESIAN_POINT('',(-65.125,91.,-14.875));
#491 = VECTOR('',#492,1.);
#492 = DIRECTION('',(0.707106781187,2.747661802697E-16,-0.707106781187)
  );
#493 = ORIENTED_EDGE('',*,*,#494,.F.);
#494 = EDGE_CURVE('',#495,#487,#497,.T.);
#495 = VERTEX_POINT('',#496);
#496 = CARTESIAN_POINT('',(-71.,91.,-21.));
#497 = LINE('',#498,#499);
#498 = CARTESIAN_POINT('',(-71.,91.,-22.));
#499 = VECTOR('',#500,1.);
#500 = DIRECTION('',(-1.224646799147E-16,-1.763056796328E-32,1.));
#501 = ORIENTED_EDGE('',*,*,#502,.T.);
#502 = EDGE_CURVE('',#495,#503,#505,.T.);
#503 = VERTEX_POINT('',#504);
#504 = CARTESIAN_POINT('',(-73.,91.,-23.));
#505 = LINE('',#506,#507);
#506 = CARTESIAN_POINT('',(-63.375,91.,-13.375));
#507 = VECTOR('',#508,1.);
#508 = DIRECTION('',(-0.707106781187,-2.747661802697E-16,-0.707106781187
    ));
#509 = ORIENTED_EDGE('',*,*,#510,.F.);
#510 = EDGE_CURVE('',#511,#503,#513,.T.);
#511 = VERTEX_POINT('',#512);
#512 = CARTESIAN_POINT('',(-74.,91.,-23.));
#513 = LINE('',#514,#515);
#514 = CARTESIAN_POINT('',(-75.,91.,-23.));
#515 = VECTOR('',#516,1.);
#516 = DIRECTION('',(1.,3.885780586188E-16,1.224646799147E-16));
#517 = ORIENTED_EDGE('',*,*,#518,.T.);
#518 = EDGE_CURVE('',#511,#519,#521,.T.);
#519 = VERTEX_POINT('',#520);
#520 = CARTESIAN_POINT('',(-76.,91.,-21.));
#521 = LINE('',#522,#523);
#522 = CARTESIAN_POINT('',(-69.875,91.,-27.125));
#523 = VECTOR('',#524,1.);
#524 = DIRECTION('',(-0.707106781187,-2.747661802697E-16,0.707106781187)
  );
#525 = ORIENTED_EDGE('',*,*,#526,.F.);
#526 = EDGE_CURVE('',#527,#519,#529,.T.);
#527 = VERTEX_POINT('',#528);
#528 = CARTESIAN_POINT('',(-76.,91.,-9.));
#529 = LINE('',#530,#531);
#530 = CARTESIAN_POINT('',(-76.,91.,-8.));
#531 = VECTOR('',#532,1.);
#532 = DIRECTION('',(1.224646799147E-16,1.763056796328E-32,-1.));
#533 = ORIENTED_EDGE('',*,*,#534,.T.);
#534 = EDGE_CURVE('',#527,#535,#537,.T.);
#535 = VERTEX_POINT('',#536);
#536 = CARTESIAN_POINT('',(-74.,91.,-7.));
#537 = LINE('',#538,#539);
#538 = CARTESIAN_POINT('',(-70.125,91.,-3.125));
#539 = VECTOR('',#540,1.);
#540 = DIRECTION('',(0.707106781187,2.747661802697E-16,0.707106781187));
#541 = ORIENTED_EDGE('',*,*,#542,.F.);
#542 = EDGE_CURVE('',#485,#535,#543,.T.);
#543 = LINE('',#544,#545);
#544 = CARTESIAN_POINT('',(-72.,91.,-7.));
#545 = VECTOR('',#546,1.);
#546 = DIRECTION('',(-1.,-3.885780586188E-16,-1.224646799147E-16));
#547 = FACE_BOUND('',#548,.T.);
#548 = EDGE_LOOP('',(#549,#559,#567,#575,#583,#591,#599,#607));
#549 = ORIENTED_EDGE('',*,*,#550,.T.);
#550 = EDGE_CURVE('',#551,#553,#555,.T.);
#551 = VERTEX_POINT('',#552);
#552 = CARTESIAN_POINT('',(-65.5,91.,-7.));
#553 = VERTEX_POINT('',#554);
#554 = CARTESIAN_POINT('',(-63.5,91.,-9.));
#555 = LINE('',#556,#557);
#556 = CARTESIAN_POINT('',(-57.625,91.,-14.875));
#557 = VECTOR('',#558,1.);
#558 = DIRECTION('',(0.707106781187,2.747661802697E-16,-0.707106781187)
  );
#559 = ORIENTED_EDGE('',*,*,#560,.F.);
#560 = EDGE_CURVE('',#561,#553,#563,.T.);
#561 = VERTEX_POINT('',#562);
#562 = CARTESIAN_POINT('',(-63.5,91.,-21.));
#563 = LINE('',#564,#565);
#564 = CARTESIAN_POINT('',(-63.5,91.,-22.));
#565 = VECTOR('',#566,1.);
#566 = DIRECTION('',(-1.224646799147E-16,-1.763056796328E-32,1.));
#567 = ORIENTED_EDGE('',*,*,#568,.T.);
#568 = EDGE_CURVE('',#561,#569,#571,.T.);
#569 = VERTEX_POINT('',#570);
#570 = CARTESIAN_POINT('',(-65.5,91.,-23.));
#571 = LINE('',#572,#573);
#572 = CARTESIAN_POINT('',(-55.875,91.,-13.375));
#573 = VECTOR('',#574,1.);
#574 = DIRECTION('',(-0.707106781187,-2.747661802697E-16,-0.707106781187
    ));
#575 = ORIENTED_EDGE('',*,*,#576,.F.);
#576 = EDGE_CURVE('',#577,#569,#579,.T.);
#577 = VERTEX_POINT('',#578);
#578 = CARTESIAN_POINT('',(-66.5,91.,-23.));
#579 = LINE('',#580,#581);
#580 = CARTESIAN_POINT('',(-67.5,91.,-23.));
#581 = VECTOR('',#582,1.);
#582 = DIRECTION('',(1.,3.885780586188E-16,1.224646799147E-16));
#583 = ORIENTED_EDGE('',*,*,#584,.T.);
#584 = EDGE_CURVE('',#577,#585,#587,.T.);
#585 = VERTEX_POINT('',#586);
#586 = CARTESIAN_POINT('',(-68.5,91.,-21.));
#587 = LINE('',#588,#589);
#588 = CARTESIAN_POINT('',(-62.375,91.,-27.125));
#589 = VECTOR('',#590,1.);
#590 = DIRECTION('',(-0.707106781187,-2.747661802697E-16,0.707106781187)
  );
#591 = ORIENTED_EDGE('',*,*,#592,.F.);
#592 = EDGE_CURVE('',#593,#585,#595,.T.);
#593 = VERTEX_POINT('',#594);
#594 = CARTESIAN_POINT('',(-68.5,91.,-9.));
#595 = LINE('',#596,#597);
#596 = CARTESIAN_POINT('',(-68.5,91.,-8.));
#597 = VECTOR('',#598,1.);
#598 = DIRECTION('',(1.224646799147E-16,1.763056796328E-32,-1.));
#599 = ORIENTED_EDGE('',*,*,#600,.T.);
#600 = EDGE_CURVE('',#593,#601,#603,.T.);
#601 = VERTEX_POINT('',#602);
#602 = CARTESIAN_POINT('',(-66.5,91.,-7.));
#603 = LINE('',#604,#605);
#604 = CARTESIAN_POINT('',(-62.625,91.,-3.125));
#605 = VECTOR('',#606,1.);
#606 = DIRECTION('',(0.707106781187,2.747661802697E-16,0.707106781187));
#607 = ORIENTED_EDGE('',*,*,#608,.F.);
#608 = EDGE_CURVE('',#551,#601,#609,.T.);
#609 = LINE('',#610,#611);
#610 = CARTESIAN_POINT('',(-64.5,91.,-7.));
#611 = VECTOR('',#612,1.);
#612 = DIRECTION('',(-1.,-3.885780586188E-16,-1.224646799147E-16));
#613 = FACE_BOUND('',#614,.T.);
#614 = EDGE_LOOP('',(#615,#625,#633,#641,#649,#657,#665,#673));
#615 = ORIENTED_EDGE('',*,*,#616,.T.);
#616 = EDGE_CURVE('',#617,#619,#621,.T.);
#617 = VERTEX_POINT('',#618);
#618 = CARTESIAN_POINT('',(-58.,91.,-7.));
#619 = VERTEX_POINT('',#620);
#620 = CARTESIAN_POINT('',(-56.,91.,-9.));
#621 = LINE('',#622,#623);
#622 = CARTESIAN_POINT('',(-50.125,91.,-14.875));
#623 = VECTOR('',#624,1.);
#624 = DIRECTION('',(0.707106781187,2.747661802697E-16,-0.707106781187)
  );
#625 = ORIENTED_EDGE('',*,*,#626,.F.);
#626 = EDGE_CURVE('',#627,#619,#629,.T.);
#627 = VERTEX_POINT('',#628);
#628 = CARTESIAN_POINT('',(-56.,91.,-21.));
#629 = LINE('',#630,#631);
#630 = CARTESIAN_POINT('',(-56.,91.,-22.));
#631 = VECTOR('',#632,1.);
#632 = DIRECTION('',(-1.224646799147E-16,-1.763056796328E-32,1.));
#633 = ORIENTED_EDGE('',*,*,#634,.T.);
#634 = EDGE_CURVE('',#627,#635,#637,.T.);
#635 = VERTEX_POINT('',#636);
#636 = CARTESIAN_POINT('',(-58.,91.,-23.));
#637 = LINE('',#638,#639);
#638 = CARTESIAN_POINT('',(-48.375,91.,-13.375));
#639 = VECTOR('',#640,1.);
#640 = DIRECTION('',(-0.707106781187,-2.747661802697E-16,-0.707106781187
    ));
#641 = ORIENTED_EDGE('',*,*,#642,.F.);
#642 = EDGE_CURVE('',#643,#635,#645,.T.);
#643 = VERTEX_POINT('',#644);
#644 = CARTESIAN_POINT('',(-59.,91.,-23.));
#645 = LINE('',#646,#647);
#646 = CARTESIAN_POINT('',(-60.,91.,-23.));
#647 = VECTOR('',#648,1.);
#648 = DIRECTION('',(1.,3.885780586188E-16,1.224646799147E-16));
#649 = ORIENTED_EDGE('',*,*,#650,.T.);
#650 = EDGE_CURVE('',#643,#651,#653,.T.);
#651 = VERTEX_POINT('',#652);
#652 = CARTESIAN_POINT('',(-61.,91.,-21.));
#653 = LINE('',#654,#655);
#654 = CARTESIAN_POINT('',(-54.875,91.,-27.125));
#655 = VECTOR('',#656,1.);
#656 = DIRECTION('',(-0.707106781187,-2.747661802697E-16,0.707106781187)
  );
#657 = ORIENTED_EDGE('',*,*,#658,.F.);
#658 = EDGE_CURVE('',#659,#651,#661,.T.);
#659 = VERTEX_POINT('',#660);
#660 = CARTESIAN_POINT('',(-61.,91.,-9.));
#661 = LINE('',#662,#663);
#662 = CARTESIAN_POINT('',(-61.,91.,-8.));
#663 = VECTOR('',#664,1.);
#664 = DIRECTION('',(1.224646799147E-16,1.763056796328E-32,-1.));
#665 = ORIENTED_EDGE('',*,*,#666,.T.);
#666 = EDGE_CURVE('',#659,#667,#669,.T.);
#667 = VERTEX_POINT('',#668);
#668 = CARTESIAN_POINT('',(-59.,91.,-7.));
#669 = LINE('',#670,#671);
#670 = CARTESIAN_POINT('',(-55.125,91.,-3.125));
#671 = VECTOR('',#672,1.);
#672 = DIRECTION('',(0.707106781187,2.747661802697E-16,0.707106781187));
#673 = ORIENTED_EDGE('',*,*,#674,.F.);
#674 = EDGE_CURVE('',#617,#667,#675,.T.);
#675 = LINE('',#676,#677);
#676 = CARTESIAN_POINT('',(-57.,91.,-7.));
#677 = VECTOR('',#678,1.);
#678 = DIRECTION('',(-1.,-3.885780586188E-16,-1.224646799147E-16));
#679 = FACE_BOUND('',#680,.T.);
#680 = EDGE_LOOP('',(#681,#691,#699,#707,#715,#723,#731,#739));
#681 = ORIENTED_EDGE('',*,*,#682,.T.);
#682 = EDGE_CURVE('',#683,#685,#687,.T.);
#683 = VERTEX_POINT('',#684);
#684 = CARTESIAN_POINT('',(-50.5,91.,-7.));
#685 = VERTEX_POINT('',#686);
#686 = CARTESIAN_POINT('',(-48.5,91.,-9.));
#687 = LINE('',#688,#689);
#688 = CARTESIAN_POINT('',(-42.625,91.,-14.875));
#689 = VECTOR('',#690,1.);
#690 = DIRECTION('',(0.707106781187,2.747661802697E-16,-0.707106781187)
  );
#691 = ORIENTED_EDGE('',*,*,#692,.F.);
#692 = EDGE_CURVE('',#693,#685,#695,.T.);
#693 = VERTEX_POINT('',#694);
#694 = CARTESIAN_POINT('',(-48.5,91.,-21.));
#695 = LINE('',#696,#697);
#696 = CARTESIAN_POINT('',(-48.5,91.,-22.));
#697 = VECTOR('',#698,1.);
#698 = DIRECTION('',(-1.224646799147E-16,-1.763056796328E-32,1.));
#699 = ORIENTED_EDGE('',*,*,#700,.T.);
#700 = EDGE_CURVE('',#693,#701,#703,.T.);
#701 = VERTEX_POINT('',#702);
#702 = CARTESIAN_POINT('',(-50.5,91.,-23.));
#703 = LINE('',#704,#705);
#704 = CARTESIAN_POINT('',(-40.875,91.,-13.375));
#705 = VECTOR('',#706,1.);
#706 = DIRECTION('',(-0.707106781187,-2.747661802697E-16,-0.707106781187
    ));
#707 = ORIENTED_EDGE('',*,*,#708,.F.);
#708 = EDGE_CURVE('',#709,#701,#711,.T.);
#709 = VERTEX_POINT('',#710);
#710 = CARTESIAN_POINT('',(-51.5,91.,-23.));
#711 = LINE('',#712,#713);
#712 = CARTESIAN_POINT('',(-52.5,91.,-23.));
#713 = VECTOR('',#714,1.);
#714 = DIRECTION('',(1.,3.885780586188E-16,1.224646799147E-16));
#715 = ORIENTED_EDGE('',*,*,#716,.T.);
#716 = EDGE_CURVE('',#709,#717,#719,.T.);
#717 = VERTEX_POINT('',#718);
#718 = CARTESIAN_POINT('',(-53.5,91.,-21.));
#719 = LINE('',#720,#721);
#720 = CARTESIAN_POINT('',(-47.375,91.,-27.125));
#721 = VECTOR('',#722,1.);
#722 = DIRECTION('',(-0.707106781187,-2.747661802697E-16,0.707106781187)
  );
#723 = ORIENTED_EDGE('',*,*,#724,.F.);
#724 = EDGE_CURVE('',#725,#717,#727,.T.);
#725 = VERTEX_POINT('',#726);
#726 = CARTESIAN_POINT('',(-53.5,91.,-9.));
#727 = LINE('',#728,#729);
#728 = CARTESIAN_POINT('',(-53.5,91.,-8.));
#729 = VECTOR('',#730,1.);
#730 = DIRECTION('',(1.224646799147E-16,1.763056796328E-32,-1.));
#731 = ORIENTED_EDGE('',*,*,#732,.T.);
#732 = EDGE_CURVE('',#725,#733,#735,.T.);
#733 = VERTEX_POINT('',#734);
#734 = CARTESIAN_POINT('',(-51.5,91.,-7.));
#735 = LINE('',#736,#737);
#736 = CARTESIAN_POINT('',(-47.625,91.,-3.125));
#737 = VECTOR('',#738,1.);
#738 = DIRECTION('',(0.707106781187,2.747661802697E-16,0.707106781187));
#739 = ORIENTED_EDGE('',*,*,#740,.F.);
#740 = EDGE_CURVE('',#683,#733,#741,.T.);
#741 = LINE('',#742,#743);
#742 = CARTESIAN_POINT('',(-49.5,91.,-7.));
#743 = VECTOR('',#744,1.);
#744 = DIRECTION('',(-1.,-3.885780586188E-16,-1.224646799147E-16));
#745 = FACE_BOUND('',#746,.T.);
#746 = EDGE_LOOP('',(#747,#758,#767,#775,#783,#792,#800,#808,#817,#825)
  );
#747 = ORIENTED_EDGE('',*,*,#748,.F.);
#748 = EDGE_CURVE('',#749,#751,#753,.T.);
#749 = VERTEX_POINT('',#750);
#750 = CARTESIAN_POINT('',(-6.5,91.,-6.));
#751 = VERTEX_POINT('',#752);
#752 = CARTESIAN_POINT('',(-6.237763684714,91.,-6.990039078062));
#753 = CIRCLE('',#754,2.);
#754 = AXIS2_PLACEMENT_3D('',#755,#756,#757);
#755 = CARTESIAN_POINT('',(-4.5,91.,-6.));
#756 = DIRECTION('',(4.785780586188E-16,-1.,2.2E-16));
#757 = DIRECTION('',(-1.,-4.785780586188E-16,-3.246467991474E-17));
#758 = ORIENTED_EDGE('',*,*,#759,.F.);
#759 = EDGE_CURVE('',#760,#749,#762,.T.);
#760 = VERTEX_POINT('',#761);
#761 = CARTESIAN_POINT('',(-4.581273900819,91.,-4.001652044051));
#762 = CIRCLE('',#763,2.);
#763 = AXIS2_PLACEMENT_3D('',#764,#765,#766);
#764 = CARTESIAN_POINT('',(-4.5,91.,-6.));
#765 = DIRECTION('',(4.785780586188E-16,-1.,2.2E-16));
#766 = DIRECTION('',(-1.,-4.785780586188E-16,-3.246467991474E-17));
#767 = ORIENTED_EDGE('',*,*,#768,.T.);
#768 = EDGE_CURVE('',#760,#769,#771,.T.);
#769 = VERTEX_POINT('',#770);
#770 = CARTESIAN_POINT('',(-4.53203154564,91.,-3.912816473087));
#771 = LINE('',#772,#773);
#772 = CARTESIAN_POINT('',(-13.47807983104,91.,-20.05191673296));
#773 = VECTOR('',#774,1.);
#774 = DIRECTION('',(0.48480957585,1.883863637836E-16,0.874619731749));
#775 = ORIENTED_EDGE('',*,*,#776,.T.);
#776 = EDGE_CURVE('',#769,#777,#779,.T.);
#777 = VERTEX_POINT('',#778);
#778 = CARTESIAN_POINT('',(-4.479583777022,91.,-4.000104208255));
#779 = LINE('',#780,#781);
#780 = CARTESIAN_POINT('',(-9.17577658225,91.,3.815672223983));
#781 = VECTOR('',#782,1.);
#782 = DIRECTION('',(0.515038118421,2.001325121706E-16,-0.857167274558)
  );
#783 = ORIENTED_EDGE('',*,*,#784,.F.);
#784 = EDGE_CURVE('',#785,#777,#787,.T.);
#785 = VERTEX_POINT('',#786);
#786 = CARTESIAN_POINT('',(-2.724611895114,91.,-6.920867567585));
#787 = CIRCLE('',#788,2.);
#788 = AXIS2_PLACEMENT_3D('',#789,#790,#791);
#789 = CARTESIAN_POINT('',(-4.5,91.,-6.));
#790 = DIRECTION('',(4.785780586188E-16,-1.,2.2E-16));
#791 = DIRECTION('',(-1.,-4.785780586188E-16,-3.246467991474E-17));
#792 = ORIENTED_EDGE('',*,*,#793,.T.);
#793 = EDGE_CURVE('',#785,#794,#796,.T.);
#794 = VERTEX_POINT('',#795);
#795 = CARTESIAN_POINT('',(-2.569472729972,91.,-7.179062467352));
#796 = LINE('',#797,#798);
#797 = CARTESIAN_POINT('',(-9.17577658225,91.,3.815672223983));
#798 = VECTOR('',#799,1.);
#799 = DIRECTION('',(0.515038118421,2.001325121706E-16,-0.857167274558)
  );
#800 = ORIENTED_EDGE('',*,*,#801,.T.);
#801 = EDGE_CURVE('',#794,#802,#804,.T.);
#802 = VERTEX_POINT('',#803);
#803 = CARTESIAN_POINT('',(-2.888588998279,91.,-7.184632678738));
#804 = LINE('',#805,#806);
#805 = CARTESIAN_POINT('',(-29.0818249013,91.,-7.641838642099));
#806 = VECTOR('',#807,1.);
#807 = DIRECTION('',(-0.99984769427,-3.885188759541E-16,
    -1.745245719031E-02));
#808 = ORIENTED_EDGE('',*,*,#809,.F.);
#809 = EDGE_CURVE('',#810,#802,#812,.T.);
#810 = VERTEX_POINT('',#811);
#811 = CARTESIAN_POINT('',(-6.06908616351,91.,-7.240148624755));
#812 = CIRCLE('',#813,2.);
#813 = AXIS2_PLACEMENT_3D('',#814,#815,#816);
#814 = CARTESIAN_POINT('',(-4.5,91.,-6.));
#815 = DIRECTION('',(4.785780586188E-16,-1.,2.2E-16));
#816 = DIRECTION('',(-1.,-4.785780586188E-16,-3.246467991474E-17));
#817 = ORIENTED_EDGE('',*,*,#818,.T.);
#818 = EDGE_CURVE('',#810,#819,#821,.T.);
#819 = VERTEX_POINT('',#820);
#820 = CARTESIAN_POINT('',(-6.379404143848,91.,-7.245565261008));
#821 = LINE('',#822,#823);
#822 = CARTESIAN_POINT('',(-29.0818249013,91.,-7.641838642099));
#823 = VECTOR('',#824,1.);
#824 = DIRECTION('',(-0.99984769427,-3.885188759541E-16,
    -1.745245719031E-02));
#825 = ORIENTED_EDGE('',*,*,#826,.T.);
#826 = EDGE_CURVE('',#819,#751,#827,.T.);
#827 = LINE('',#828,#829);
#828 = CARTESIAN_POINT('',(-13.47807983104,91.,-20.05191673296));
#829 = VECTOR('',#830,1.);
#830 = DIRECTION('',(0.48480957585,1.883863637836E-16,0.874619731749));
#831 = FACE_BOUND('',#832,.T.);
#832 = EDGE_LOOP('',(#833,#844,#853,#861,#869,#878,#886,#894,#903,#911)
  );
#833 = ORIENTED_EDGE('',*,*,#834,.F.);
#834 = EDGE_CURVE('',#835,#837,#839,.T.);
#835 = VERTEX_POINT('',#836);
#836 = CARTESIAN_POINT('',(-6.5,91.,-15.25));
#837 = VERTEX_POINT('',#838);
#838 = CARTESIAN_POINT('',(-6.27247928818,91.,-16.17645408573));
#839 = CIRCLE('',#840,2.);
#840 = AXIS2_PLACEMENT_3D('',#841,#842,#843);
#841 = CARTESIAN_POINT('',(-4.5,91.,-15.25));
#842 = DIRECTION('',(4.785780586188E-16,-1.,2.2E-16));
#843 = DIRECTION('',(-1.,-4.785780586188E-16,-3.246467991474E-17));
#844 = ORIENTED_EDGE('',*,*,#845,.F.);
#845 = EDGE_CURVE('',#846,#835,#848,.T.);
#846 = VERTEX_POINT('',#847);
#847 = CARTESIAN_POINT('',(-4.65359349912,91.,-13.25590646231));
#848 = CIRCLE('',#849,2.);
#849 = AXIS2_PLACEMENT_3D('',#850,#851,#852);
#850 = CARTESIAN_POINT('',(-4.5,91.,-15.25));
#851 = DIRECTION('',(4.785780586188E-16,-1.,2.2E-16));
#852 = DIRECTION('',(-1.,-4.785780586188E-16,-3.246467991474E-17));
#853 = ORIENTED_EDGE('',*,*,#854,.T.);
#854 = EDGE_CURVE('',#846,#855,#857,.T.);
#855 = VERTEX_POINT('',#856);
#856 = CARTESIAN_POINT('',(-4.560527335931,91.,-13.08801063942));
#857 = LINE('',#858,#859);
#858 = CARTESIAN_POINT('',(-11.55797542867,91.,-25.71174267498));
#859 = VECTOR('',#860,1.);
#860 = DIRECTION('',(0.48480957585,1.883863637836E-16,0.874619731749));
#861 = ORIENTED_EDGE('',*,*,#862,.T.);
#862 = EDGE_CURVE('',#855,#863,#865,.T.);
#863 = VERTEX_POINT('',#864);
#864 = CARTESIAN_POINT('',(-4.462988507303,91.,-13.25034249197));
#865 = LINE('',#866,#867);
#866 = CARTESIAN_POINT('',(-11.22579692525,91.,-1.995140493048));
#867 = VECTOR('',#868,1.);
#868 = DIRECTION('',(0.515038118421,2.001325121706E-16,-0.857167274558)
  );
#869 = ORIENTED_EDGE('',*,*,#870,.F.);
#870 = EDGE_CURVE('',#871,#863,#873,.T.);
#871 = VERTEX_POINT('',#872);
#872 = CARTESIAN_POINT('',(-2.717031281439,91.,-16.15610294593));
#873 = CIRCLE('',#874,2.);
#874 = AXIS2_PLACEMENT_3D('',#875,#876,#877);
#875 = CARTESIAN_POINT('',(-4.5,91.,-15.25));
#876 = DIRECTION('',(4.785780586188E-16,-1.,2.2E-16));
#877 = DIRECTION('',(-1.,-4.785780586188E-16,-3.246467991474E-17));
#878 = ORIENTED_EDGE('',*,*,#879,.T.);
#879 = EDGE_CURVE('',#871,#880,#882,.T.);
#880 = VERTEX_POINT('',#881);
#881 = CARTESIAN_POINT('',(-2.597968520263,91.,-16.35425663368));
#882 = LINE('',#883,#884);
#883 = CARTESIAN_POINT('',(-11.22579692525,91.,-1.995140493048));
#884 = VECTOR('',#885,1.);
#885 = DIRECTION('',(0.515038118421,2.001325121706E-16,-0.857167274558)
  );
#886 = ORIENTED_EDGE('',*,*,#887,.T.);
#887 = EDGE_CURVE('',#880,#888,#890,.T.);
#888 = VERTEX_POINT('',#889);
#889 = CARTESIAN_POINT('',(-2.835231644837,91.,-16.35839808897));
#890 = LINE('',#891,#892);
#891 = CARTESIAN_POINT('',(-29.01602448882,91.,-16.8153868573));
#892 = VECTOR('',#893,1.);
#893 = DIRECTION('',(-0.99984769427,-3.885188759541E-16,
    -1.745245719031E-02));
#894 = ORIENTED_EDGE('',*,*,#895,.F.);
#895 = EDGE_CURVE('',#896,#888,#898,.T.);
#896 = VERTEX_POINT('',#897);
#897 = CARTESIAN_POINT('',(-6.125071569454,91.,-16.41582262551));
#898 = CIRCLE('',#899,2.);
#899 = AXIS2_PLACEMENT_3D('',#900,#901,#902);
#900 = CARTESIAN_POINT('',(-4.5,91.,-15.25));
#901 = DIRECTION('',(4.785780586188E-16,-1.,2.2E-16));
#902 = DIRECTION('',(-1.,-4.785780586188E-16,-3.246467991474E-17));
#903 = ORIENTED_EDGE('',*,*,#904,.T.);
#904 = EDGE_CURVE('',#896,#905,#907,.T.);
#905 = VERTEX_POINT('',#906);
#906 = CARTESIAN_POINT('',(-6.407899934139,91.,-16.42075942734));
#907 = LINE('',#908,#909);
#908 = CARTESIAN_POINT('',(-29.01602448882,91.,-16.8153868573));
#909 = VECTOR('',#910,1.);
#910 = DIRECTION('',(-0.99984769427,-3.885188759541E-16,
    -1.745245719031E-02));
#911 = ORIENTED_EDGE('',*,*,#912,.T.);
#912 = EDGE_CURVE('',#905,#837,#913,.T.);
#913 = LINE('',#914,#915);
#914 = CARTESIAN_POINT('',(-11.55797542867,91.,-25.71174267498));
#915 = VECTOR('',#916,1.);
#916 = DIRECTION('',(0.48480957585,1.883863637836E-16,0.874619731749));
#917 = PLANE('',#918);
#918 = AXIS2_PLACEMENT_3D('',#919,#920,#921);
#919 = CARTESIAN_POINT('',(-55.5,91.,-13.5));
#920 = DIRECTION('',(3.885780586188E-16,-1.,2.995651960736E-32));
#921 = DIRECTION('',(1.224646799147E-16,1.763056796328E-32,-1.));
#922 = ADVANCED_FACE('',(#923),#941,.T.);
#923 = FACE_BOUND('',#924,.F.);
#924 = EDGE_LOOP('',(#925,#933,#939,#940));
#925 = ORIENTED_EDGE('',*,*,#926,.F.);
#926 = EDGE_CURVE('',#927,#403,#929,.T.);
#927 = VERTEX_POINT('',#928);
#928 = CARTESIAN_POINT('',(-94.,93.,-2.511679911985E-15));
#929 = LINE('',#930,#931);
#930 = CARTESIAN_POINT('',(-94.,92.5,-0.5));
#931 = VECTOR('',#932,1.);
#932 = DIRECTION('',(-6.986382141061E-16,-0.707106781187,-0.707106781187
    ));
#933 = ORIENTED_EDGE('',*,*,#934,.T.);
#934 = EDGE_CURVE('',#927,#56,#935,.T.);
#935 = LINE('',#936,#937);
#936 = CARTESIAN_POINT('',(-96.,93.,-2.776609271815E-15));
#937 = VECTOR('',#938,1.);
#938 = DIRECTION('',(1.,3.885780586188E-16,1.224646799147E-16));
#939 = ORIENTED_EDGE('',*,*,#55,.T.);
#940 = ORIENTED_EDGE('',*,*,#402,.F.);
#941 = PLANE('',#942);
#942 = AXIS2_PLACEMENT_3D('',#943,#944,#945);
#943 = CARTESIAN_POINT('',(-96.,92.,-1.));
#944 = DIRECTION('',(1.881705746461E-16,-0.707106781187,0.707106781187)
  );
#945 = DIRECTION('',(-1.,-3.885780586188E-16,-1.224646799147E-16));
#946 = ADVANCED_FACE('',(#947,#1079,#1156,#1167,#1244),#1255,.T.);
#947 = FACE_BOUND('',#948,.T.);
#948 = EDGE_LOOP('',(#949,#957,#966,#974,#983,#991,#999,#1007,#1015,
    #1023,#1031,#1039,#1047,#1055,#1063,#1071,#1077,#1078));
#949 = ORIENTED_EDGE('',*,*,#950,.F.);
#950 = EDGE_CURVE('',#951,#64,#953,.T.);
#951 = VERTEX_POINT('',#952);
#952 = CARTESIAN_POINT('',(-107.,94.,-1.310372075088E-14));
#953 = LINE('',#954,#955);
#954 = CARTESIAN_POINT('',(-114.,94.,-1.396097351028E-14));
#955 = VECTOR('',#956,1.);
#956 = DIRECTION('',(1.,3.885780586188E-16,1.224646799147E-16));
#957 = ORIENTED_EDGE('',*,*,#958,.T.);
#958 = EDGE_CURVE('',#951,#959,#961,.T.);
#959 = VERTEX_POINT('',#960);
#960 = CARTESIAN_POINT('',(-114.,87.,-4.96097351028E-15));
#961 = CIRCLE('',#962,7.);
#962 = AXIS2_PLACEMENT_3D('',#963,#964,#965);
#963 = CARTESIAN_POINT('',(-107.,87.,-4.023720750877E-15));
#964 = DIRECTION('',(-1.224646799147E-16,-1.763056796328E-32,1.));
#965 = DIRECTION('',(-3.885780586188E-16,1.,-2.995651960736E-32));
#966 = ORIENTED_EDGE('',*,*,#967,.T.);
#967 = EDGE_CURVE('',#959,#968,#970,.T.);
#968 = VERTEX_POINT('',#969);
#969 = CARTESIAN_POINT('',(-114.,-87.,-4.96097351028E-15));
#970 = LINE('',#971,#972);
#971 = CARTESIAN_POINT('',(-114.,-71.5,-5.65097351028E-15));
#972 = VECTOR('',#973,1.);
#973 = DIRECTION('',(3.885780586188E-16,-1.,2.995651960736E-32));
#974 = ORIENTED_EDGE('',*,*,#975,.T.);
#975 = EDGE_CURVE('',#968,#976,#978,.T.);
#976 = VERTEX_POINT('',#977);
#977 = CARTESIAN_POINT('',(-107.,-94.,-4.103720750877E-15));
#978 = CIRCLE('',#979,7.);
#979 = AXIS2_PLACEMENT_3D('',#980,#981,#982);
#980 = CARTESIAN_POINT('',(-107.,-87.,-4.023720750877E-15));
#981 = DIRECTION('',(-1.224646799147E-16,-1.763056796328E-32,1.));
#982 = DIRECTION('',(-3.885780586188E-16,1.,-2.995651960736E-32));
#983 = ORIENTED_EDGE('',*,*,#984,.T.);
#984 = EDGE_CURVE('',#976,#985,#987,.T.);
#985 = VERTEX_POINT('',#986);
#986 = CARTESIAN_POINT('',(3.652633751017E-14,-94.,2.815912843092E-30));
#987 = LINE('',#988,#989);
#988 = CARTESIAN_POINT('',(-114.,-94.,-5.65097351028E-15));
#989 = VECTOR('',#990,1.);
#990 = DIRECTION('',(1.,3.885780586188E-16,1.224646799147E-16));
#991 = ORIENTED_EDGE('',*,*,#992,.F.);
#992 = EDGE_CURVE('',#993,#985,#995,.T.);
#993 = VERTEX_POINT('',#994);
#994 = CARTESIAN_POINT('',(3.613775945155E-14,-93.,7.E-15));
#995 = LINE('',#996,#997);
#996 = CARTESIAN_POINT('',(-3.652633751017E-14,94.,-2.815912843092E-30)
  );
#997 = VECTOR('',#998,1.);
#998 = DIRECTION('',(3.885780586188E-16,-1.,2.995651960736E-32));
#999 = ORIENTED_EDGE('',*,*,#1000,.T.);
#1000 = EDGE_CURVE('',#993,#1001,#1003,.T.);
#1001 = VERTEX_POINT('',#1002);
#1002 = CARTESIAN_POINT('',(-94.,-93.,-2.511679911985E-15));
#1003 = LINE('',#1004,#1005);
#1004 = CARTESIAN_POINT('',(3.613775945155E-14,-93.,9.08E-15));
#1005 = VECTOR('',#1006,1.);
#1006 = DIRECTION('',(-1.,-3.885780586188E-16,-1.224646799147E-16));
#1007 = ORIENTED_EDGE('',*,*,#1008,.T.);
#1008 = EDGE_CURVE('',#1001,#1009,#1011,.T.);
#1009 = VERTEX_POINT('',#1010);
#1010 = CARTESIAN_POINT('',(-98.,-89.,-3.001538631644E-15));
#1011 = LINE('',#1012,#1013);
#1012 = CARTESIAN_POINT('',(-113.8093220338,-73.1906779661,
    -4.857622194182E-15));
#1013 = VECTOR('',#1014,1.);
#1014 = DIRECTION('',(-0.707106781187,0.707106781187,-8.659560562355E-17
    ));
#1015 = ORIENTED_EDGE('',*,*,#1016,.F.);
#1016 = EDGE_CURVE('',#1017,#1009,#1019,.T.);
#1017 = VERTEX_POINT('',#1018);
#1018 = CARTESIAN_POINT('',(-98.,-70.5,-3.001538631644E-15));
#1019 = LINE('',#1020,#1021);
#1020 = CARTESIAN_POINT('',(-98.,-68.5,-2.131538631644E-15));
#1021 = VECTOR('',#1022,1.);
#1022 = DIRECTION('',(3.885780586188E-16,-1.,2.995651960736E-32));
#1023 = ORIENTED_EDGE('',*,*,#1024,.F.);
#1024 = EDGE_CURVE('',#1025,#1017,#1027,.T.);
#1025 = VERTEX_POINT('',#1026);
#1026 = CARTESIAN_POINT('',(-109.,-70.5,-4.348650110706E-15));
#1027 = LINE('',#1028,#1029);
#1028 = CARTESIAN_POINT('',(-111.,-70.5,-4.613579470536E-15));
#1029 = VECTOR('',#1030,1.);
#1030 = DIRECTION('',(1.,3.885780586188E-16,1.224646799147E-16));
#1031 = ORIENTED_EDGE('',*,*,#1032,.F.);
#1032 = EDGE_CURVE('',#1033,#1025,#1035,.T.);
#1033 = VERTEX_POINT('',#1034);
#1034 = CARTESIAN_POINT('',(-113.,-66.5,-4.838508830365E-15));
#1035 = LINE('',#1036,#1037);
#1036 = CARTESIAN_POINT('',(-121.4343220338,-58.0656779661,
    -5.791415378532E-15));
#1037 = VECTOR('',#1038,1.);
#1038 = DIRECTION('',(0.707106781187,-0.707106781187,8.659560562355E-17)
  );
#1039 = ORIENTED_EDGE('',*,*,#1040,.F.);
#1040 = EDGE_CURVE('',#1041,#1033,#1043,.T.);
#1041 = VERTEX_POINT('',#1042);
#1042 = CARTESIAN_POINT('',(-113.,66.5,-4.838508830365E-15));
#1043 = LINE('',#1044,#1045);
#1044 = CARTESIAN_POINT('',(-113.,68.5,-3.968508830365E-15));
#1045 = VECTOR('',#1046,1.);
#1046 = DIRECTION('',(3.885780586188E-16,-1.,2.2E-16));
#1047 = ORIENTED_EDGE('',*,*,#1048,.T.);
#1048 = EDGE_CURVE('',#1041,#1049,#1051,.T.);
#1049 = VERTEX_POINT('',#1050);
#1050 = CARTESIAN_POINT('',(-109.,70.5,-4.348650110706E-15));
#1051 = LINE('',#1052,#1053);
#1052 = CARTESIAN_POINT('',(-121.4343220338,58.0656779661,
    -5.791415378532E-15));
#1053 = VECTOR('',#1054,1.);
#1054 = DIRECTION('',(0.707106781187,0.707106781187,8.659560562355E-17)
  );
#1055 = ORIENTED_EDGE('',*,*,#1056,.F.);
#1056 = EDGE_CURVE('',#1057,#1049,#1059,.T.);
#1057 = VERTEX_POINT('',#1058);
#1058 = CARTESIAN_POINT('',(-98.,70.5,-2.001538631644E-15));
#1059 = LINE('',#1060,#1061);
#1060 = CARTESIAN_POINT('',(-96.,70.5,-1.886609271815E-15));
#1061 = VECTOR('',#1062,1.);
#1062 = DIRECTION('',(-1.,-3.885780586188E-16,-1.224646799147E-16));
#1063 = ORIENTED_EDGE('',*,*,#1064,.F.);
#1064 = EDGE_CURVE('',#1065,#1057,#1067,.T.);
#1065 = VERTEX_POINT('',#1066);
#1066 = CARTESIAN_POINT('',(-98.,89.,-3.001538631644E-15));
#1067 = LINE('',#1068,#1069);
#1068 = CARTESIAN_POINT('',(-98.,91.,-3.021538631644E-15));
#1069 = VECTOR('',#1070,1.);
#1070 = DIRECTION('',(3.885780586188E-16,-1.,2.995651960736E-32));
#1071 = ORIENTED_EDGE('',*,*,#1072,.F.);
#1072 = EDGE_CURVE('',#927,#1065,#1073,.T.);
#1073 = LINE('',#1074,#1075);
#1074 = CARTESIAN_POINT('',(-113.8093220338,73.1906779661,
    -4.857622194182E-15));
#1075 = VECTOR('',#1076,1.);
#1076 = DIRECTION('',(-0.707106781187,-0.707106781187,
    -8.659560562355E-17));
#1077 = ORIENTED_EDGE('',*,*,#934,.T.);
#1078 = ORIENTED_EDGE('',*,*,#63,.F.);
#1079 = FACE_BOUND('',#1080,.T.);
#1080 = EDGE_LOOP('',(#1081,#1091,#1100,#1108,#1116,#1125,#1133,#1141,
    #1150));
#1081 = ORIENTED_EDGE('',*,*,#1082,.T.);
#1082 = EDGE_CURVE('',#1083,#1085,#1087,.T.);
#1083 = VERTEX_POINT('',#1084);
#1084 = CARTESIAN_POINT('',(-102.759,84.988000111674,-3.552713678801E-15
    ));
#1085 = VERTEX_POINT('',#1086);
#1086 = CARTESIAN_POINT('',(-103.0059839444,84.845403848151,
    -3.514594853058E-15));
#1087 = LINE('',#1088,#1089);
#1088 = CARTESIAN_POINT('',(-112.7138014027,79.240592168304,
    -4.747642428485E-15));
#1089 = VECTOR('',#1090,1.);
#1090 = DIRECTION('',(-0.866025378404,-0.50000004396,-1.060575207643E-16
    ));
#1091 = ORIENTED_EDGE('',*,*,#1092,.T.);
#1092 = EDGE_CURVE('',#1085,#1093,#1095,.T.);
#1093 = VERTEX_POINT('',#1094);
#1094 = CARTESIAN_POINT('',(-105.8631236497,83.19583327678,
    -3.864493552546E-15));
#1095 = CIRCLE('',#1096,2.);
#1096 = AXIS2_PLACEMENT_3D('',#1097,#1098,#1099);
#1097 = CARTESIAN_POINT('',(-105.,85.,-3.758791391047E-15));
#1098 = DIRECTION('',(1.224646799147E-16,1.763056796328E-32,-1.));
#1099 = DIRECTION('',(1.,3.885780586188E-16,1.224646799147E-16));
#1100 = ORIENTED_EDGE('',*,*,#1101,.T.);
#1101 = EDGE_CURVE('',#1093,#1102,#1104,.T.);
#1102 = VERTEX_POINT('',#1103);
#1103 = CARTESIAN_POINT('',(-106.0589999032,83.082744055837,
    -3.552713678801E-15));
#1104 = LINE('',#1105,#1106);
#1105 = CARTESIAN_POINT('',(-112.7138014027,79.240592168304,
    -4.747642428485E-15));
#1106 = VECTOR('',#1107,1.);
#1107 = DIRECTION('',(-0.866025378404,-0.50000004396,-1.060575207643E-16
    ));
#1108 = ORIENTED_EDGE('',*,*,#1109,.T.);
#1109 = EDGE_CURVE('',#1102,#1110,#1112,.T.);
#1110 = VERTEX_POINT('',#1111);
#1111 = CARTESIAN_POINT('',(-106.0589999144,83.303380071696,
    -3.888481476605E-15));
#1112 = LINE('',#1113,#1114);
#1113 = CARTESIAN_POINT('',(-106.0589977946,41.54137137255,
    -5.062864948328E-15));
#1114 = VECTOR('',#1115,1.);
#1115 = DIRECTION('',(-5.076101552796E-08,1.,-6.216431501147E-24));
#1116 = ORIENTED_EDGE('',*,*,#1117,.T.);
#1117 = EDGE_CURVE('',#1110,#1118,#1120,.T.);
#1118 = VERTEX_POINT('',#1119);
#1119 = CARTESIAN_POINT('',(-106.0590000867,86.696619820792,
    -3.888481497698E-15));
#1120 = CIRCLE('',#1121,2.);
#1121 = AXIS2_PLACEMENT_3D('',#1122,#1123,#1124);
#1122 = CARTESIAN_POINT('',(-105.,85.,-3.758791391047E-15));
#1123 = DIRECTION('',(1.224646799147E-16,1.763056796328E-32,-1.));
#1124 = DIRECTION('',(1.,3.885780586188E-16,1.224646799147E-16));
#1125 = ORIENTED_EDGE('',*,*,#1126,.T.);
#1126 = EDGE_CURVE('',#1118,#1127,#1129,.T.);
#1127 = VERTEX_POINT('',#1128);
#1128 = CARTESIAN_POINT('',(-106.0590000967,86.893255832489,
    -3.552713678801E-15));
#1129 = LINE('',#1130,#1131);
#1130 = CARTESIAN_POINT('',(-106.0589977946,41.54137137255,
    -5.062864948328E-15));
#1131 = VECTOR('',#1132,1.);
#1132 = DIRECTION('',(-5.076101552796E-08,1.,-6.216431501147E-24));
#1133 = ORIENTED_EDGE('',*,*,#1134,.T.);
#1134 = EDGE_CURVE('',#1127,#1135,#1137,.T.);
#1135 = VERTEX_POINT('',#1136);
#1136 = CARTESIAN_POINT('',(-105.8856910804,86.793195837039,
    -3.86725726572E-15));
#1137 = LINE('',#1138,#1139);
#1138 = CARTESIAN_POINT('',(-77.5629169043,70.441036459144,
    -6.849230917285E-16));
#1139 = VECTOR('',#1140,1.);
#1140 = DIRECTION('',(0.866025429165,-0.49999995604,1.060575269807E-16)
  );
#1141 = ORIENTED_EDGE('',*,*,#1142,.T.);
#1142 = EDGE_CURVE('',#1135,#1143,#1145,.T.);
#1143 = VERTEX_POINT('',#1144);
#1144 = CARTESIAN_POINT('',(-103.004201324,85.129567145542,
    -3.514376545027E-15));
#1145 = CIRCLE('',#1146,2.);
#1146 = AXIS2_PLACEMENT_3D('',#1147,#1148,#1149);
#1147 = CARTESIAN_POINT('',(-105.,85.,-3.758791391047E-15));
#1148 = DIRECTION('',(1.224646799147E-16,1.763056796328E-32,-1.));
#1149 = DIRECTION('',(1.,3.885780586188E-16,1.224646799147E-16));
#1150 = ORIENTED_EDGE('',*,*,#1151,.T.);
#1151 = EDGE_CURVE('',#1143,#1083,#1152,.T.);
#1152 = LINE('',#1153,#1154);
#1153 = CARTESIAN_POINT('',(-77.5629169043,70.441036459144,
    -6.849230917285E-16));
#1154 = VECTOR('',#1155,1.);
#1155 = DIRECTION('',(0.866025429165,-0.49999995604,1.060575269807E-16)
  );
#1156 = FACE_BOUND('',#1157,.T.);
#1157 = EDGE_LOOP('',(#1158));
#1158 = ORIENTED_EDGE('',*,*,#1159,.T.);
#1159 = EDGE_CURVE('',#1160,#1160,#1162,.T.);
#1160 = VERTEX_POINT('',#1161);
#1161 = CARTESIAN_POINT('',(-101.,76.,-3.689326713883E-16));
#1162 = CIRCLE('',#1163,4.);
#1163 = AXIS2_PLACEMENT_3D('',#1164,#1165,#1166);
#1164 = CARTESIAN_POINT('',(-105.,76.,-3.778791391047E-15));
#1165 = DIRECTION('',(1.224646799147E-16,1.763056796328E-32,-1.));
#1166 = DIRECTION('',(1.,3.885780586188E-16,1.224646799147E-16));
#1167 = FACE_BOUND('',#1168,.T.);
#1168 = EDGE_LOOP('',(#1169,#1179,#1188,#1196,#1204,#1213,#1221,#1229,
    #1238));
#1169 = ORIENTED_EDGE('',*,*,#1170,.T.);
#1170 = EDGE_CURVE('',#1171,#1173,#1175,.T.);
#1171 = VERTEX_POINT('',#1172);
#1172 = CARTESIAN_POINT('',(-102.799,-84.97199988832,-3.552713678801E-15
    ));
#1173 = VERTEX_POINT('',#1174);
#1174 = CARTESIAN_POINT('',(-103.0019899815,-85.08919622254,
    -3.51410573367E-15));
#1175 = LINE('',#1176,#1177);
#1176 = CARTESIAN_POINT('',(-75.94137984002,-69.46574384142,
    -2.418702985153E-16));
#1177 = VECTOR('',#1178,1.);
#1178 = DIRECTION('',(-0.866025378404,-0.50000004396,-1.060575207643E-16
    ));
#1179 = ORIENTED_EDGE('',*,*,#1180,.T.);
#1180 = EDGE_CURVE('',#1173,#1181,#1183,.T.);
#1181 = VERTEX_POINT('',#1182);
#1182 = CARTESIAN_POINT('',(-105.9217586343,-86.77492563785,
    -3.871674267167E-15));
#1183 = CIRCLE('',#1184,2.);
#1184 = AXIS2_PLACEMENT_3D('',#1185,#1186,#1187);
#1185 = CARTESIAN_POINT('',(-105.,-85.,-3.758791391047E-15));
#1186 = DIRECTION('',(1.224646799147E-16,1.763056796328E-32,-1.));
#1187 = DIRECTION('',(1.,3.885780586188E-16,1.224646799147E-16));
#1188 = ORIENTED_EDGE('',*,*,#1189,.T.);
#1189 = EDGE_CURVE('',#1181,#1190,#1192,.T.);
#1190 = VERTEX_POINT('',#1191);
#1191 = CARTESIAN_POINT('',(-106.0989999032,-86.87725594416,
    -3.552713678801E-15));
#1192 = LINE('',#1193,#1194);
#1193 = CARTESIAN_POINT('',(-75.94137984002,-69.46574384142,
    -2.418702985153E-16));
#1194 = VECTOR('',#1195,1.);
#1195 = DIRECTION('',(-0.866025378404,-0.50000004396,-1.060575207643E-16
    ));
#1196 = ORIENTED_EDGE('',*,*,#1197,.T.);
#1197 = EDGE_CURVE('',#1190,#1198,#1200,.T.);
#1198 = VERTEX_POINT('',#1199);
#1199 = CARTESIAN_POINT('',(-106.0989999137,-86.67098748934,
    -3.893380063712E-15));
#1200 = LINE('',#1201,#1202);
#1201 = CARTESIAN_POINT('',(-106.0990021082,-43.43862862846,
    -5.065314770198E-15));
#1202 = VECTOR('',#1203,1.);
#1203 = DIRECTION('',(-5.076101552796E-08,1.,-6.216431501147E-24));
#1204 = ORIENTED_EDGE('',*,*,#1205,.T.);
#1205 = EDGE_CURVE('',#1198,#1206,#1208,.T.);
#1206 = VERTEX_POINT('',#1207);
#1207 = CARTESIAN_POINT('',(-106.0990000833,-83.32901262222,
    -3.893380084487E-15));
#1208 = CIRCLE('',#1209,2.);
#1209 = AXIS2_PLACEMENT_3D('',#1210,#1211,#1212);
#1210 = CARTESIAN_POINT('',(-105.,-85.,-3.758791391047E-15));
#1211 = DIRECTION('',(1.224646799147E-16,1.763056796328E-32,-1.));
#1212 = DIRECTION('',(1.,3.885780586188E-16,1.224646799147E-16));
#1213 = ORIENTED_EDGE('',*,*,#1214,.T.);
#1214 = EDGE_CURVE('',#1206,#1215,#1217,.T.);
#1215 = VERTEX_POINT('',#1216);
#1216 = CARTESIAN_POINT('',(-106.0990000967,-83.06674416751,
    -3.552713678801E-15));
#1217 = LINE('',#1218,#1219);
#1218 = CARTESIAN_POINT('',(-106.0990021082,-43.43862862846,
    -5.065314770198E-15));
#1219 = VECTOR('',#1220,1.);
#1220 = DIRECTION('',(-5.076101552796E-08,1.,-6.216431501147E-24));
#1221 = ORIENTED_EDGE('',*,*,#1222,.T.);
#1222 = EDGE_CURVE('',#1215,#1223,#1225,.T.);
#1223 = VERTEX_POINT('',#1224);
#1224 = CARTESIAN_POINT('',(-105.8698286718,-83.19905633581,
    -3.86531468093E-15));
#1225 = LINE('',#1226,#1227);
#1226 = CARTESIAN_POINT('',(-114.3853341533,-78.28262753011,
    -5.191919340228E-15));
#1227 = VECTOR('',#1228,1.);
#1228 = DIRECTION('',(0.866025429165,-0.49999995604,1.060575269807E-16)
  );
#1229 = ORIENTED_EDGE('',*,*,#1230,.T.);
#1230 = EDGE_CURVE('',#1223,#1231,#1233,.T.);
#1231 = VERTEX_POINT('',#1232);
#1232 = CARTESIAN_POINT('',(-103.005422715,-84.8528216922,
    -3.514526122278E-15));
#1233 = CIRCLE('',#1234,2.);
#1234 = AXIS2_PLACEMENT_3D('',#1235,#1236,#1237);
#1235 = CARTESIAN_POINT('',(-105.,-85.,-3.758791391047E-15));
#1236 = DIRECTION('',(1.224646799147E-16,1.763056796328E-32,-1.));
#1237 = DIRECTION('',(1.,3.885780586188E-16,1.224646799147E-16));
#1238 = ORIENTED_EDGE('',*,*,#1239,.T.);
#1239 = EDGE_CURVE('',#1231,#1171,#1240,.T.);
#1240 = LINE('',#1241,#1242);
#1241 = CARTESIAN_POINT('',(-114.3853341533,-78.28262753011,
    -5.191919340228E-15));
#1242 = VECTOR('',#1243,1.);
#1243 = DIRECTION('',(0.866025429165,-0.49999995604,1.060575269807E-16)
  );
#1244 = FACE_BOUND('',#1245,.T.);
#1245 = EDGE_LOOP('',(#1246));
#1246 = ORIENTED_EDGE('',*,*,#1247,.T.);
#1247 = EDGE_CURVE('',#1248,#1248,#1250,.T.);
#1248 = VERTEX_POINT('',#1249);
#1249 = CARTESIAN_POINT('',(-101.,-76.,-3.689326713883E-16));
#1250 = CIRCLE('',#1251,4.);
#1251 = AXIS2_PLACEMENT_3D('',#1252,#1253,#1254);
#1252 = CARTESIAN_POINT('',(-105.,-76.,-3.778791391047E-15));
#1253 = DIRECTION('',(1.224646799147E-16,1.763056796328E-32,-1.));
#1254 = DIRECTION('',(1.,3.885780586188E-16,1.224646799147E-16));
#1255 = PLANE('',#1256);
#1256 = AXIS2_PLACEMENT_3D('',#1257,#1258,#1259);
#1257 = CARTESIAN_POINT('',(-80.23728813559,-3.117844965257E-14,
    -7.462338087514E-16));
#1258 = DIRECTION('',(-1.224646799147E-16,-1.763056796328E-32,1.));
#1259 = DIRECTION('',(-1.,-3.885780586188E-16,-1.224646799147E-16));
#1260 = ADVANCED_FACE('',(#1261,#1303,#1369,#1435,#1501,#1567,#1633,
    #1644),#1655,.T.);
#1261 = FACE_BOUND('',#1262,.T.);
#1262 = EDGE_LOOP('',(#1263,#1264,#1265,#1273,#1281,#1289,#1297));
#1263 = ORIENTED_EDGE('',*,*,#950,.T.);
#1264 = ORIENTED_EDGE('',*,*,#71,.T.);
#1265 = ORIENTED_EDGE('',*,*,#1266,.F.);
#1266 = EDGE_CURVE('',#1267,#72,#1269,.T.);
#1267 = VERTEX_POINT('',#1268);
#1268 = CARTESIAN_POINT('',(-95.,94.,-26.));
#1269 = LINE('',#1270,#1271);
#1270 = CARTESIAN_POINT('',(-99.,94.,-26.));
#1271 = VECTOR('',#1272,1.);
#1272 = DIRECTION('',(1.,3.885780586188E-16,1.224646799147E-16));
#1273 = ORIENTED_EDGE('',*,*,#1274,.F.);
#1274 = EDGE_CURVE('',#1275,#1267,#1277,.T.);
#1275 = VERTEX_POINT('',#1276);
#1276 = CARTESIAN_POINT('',(-95.,94.,-19.49));
#1277 = LINE('',#1278,#1279);
#1278 = CARTESIAN_POINT('',(-95.,94.,-15.49));
#1279 = VECTOR('',#1280,1.);
#1280 = DIRECTION('',(1.224646799147E-16,1.763056796328E-32,-1.));
#1281 = ORIENTED_EDGE('',*,*,#1282,.F.);
#1282 = EDGE_CURVE('',#1283,#1275,#1285,.T.);
#1283 = VERTEX_POINT('',#1284);
#1284 = CARTESIAN_POINT('',(-99.,94.,-15.49));
#1285 = LINE('',#1286,#1287);
#1286 = CARTESIAN_POINT('',(-92.37,94.,-22.12));
#1287 = VECTOR('',#1288,1.);
#1288 = DIRECTION('',(0.707106781187,2.747661802697E-16,-0.707106781187)
  );
#1289 = ORIENTED_EDGE('',*,*,#1290,.F.);
#1290 = EDGE_CURVE('',#1291,#1283,#1293,.T.);
#1291 = VERTEX_POINT('',#1292);
#1292 = CARTESIAN_POINT('',(-107.,94.,-7.49));
#1293 = LINE('',#1294,#1295);
#1294 = CARTESIAN_POINT('',(-92.37,94.,-22.12));
#1295 = VECTOR('',#1296,1.);
#1296 = DIRECTION('',(0.707106781187,2.747661802697E-16,-0.707106781187)
  );
#1297 = ORIENTED_EDGE('',*,*,#1298,.F.);
#1298 = EDGE_CURVE('',#951,#1291,#1299,.T.);
#1299 = LINE('',#1300,#1301);
#1300 = CARTESIAN_POINT('',(-107.,94.,-4.223720750877E-15));
#1301 = VECTOR('',#1302,1.);
#1302 = DIRECTION('',(1.224646799147E-16,1.763056796328E-32,-1.));
#1303 = FACE_BOUND('',#1304,.T.);
#1304 = EDGE_LOOP('',(#1305,#1315,#1323,#1331,#1339,#1347,#1355,#1363));
#1305 = ORIENTED_EDGE('',*,*,#1306,.F.);
#1306 = EDGE_CURVE('',#1307,#1309,#1311,.T.);
#1307 = VERTEX_POINT('',#1308);
#1308 = CARTESIAN_POINT('',(-80.5,94.,-23.));
#1309 = VERTEX_POINT('',#1310);
#1310 = CARTESIAN_POINT('',(-81.5,94.,-23.));
#1311 = LINE('',#1312,#1313);
#1312 = CARTESIAN_POINT('',(-79.5,94.,-23.));
#1313 = VECTOR('',#1314,1.);
#1314 = DIRECTION('',(-1.,-3.885780586188E-16,-1.224646799147E-16));
#1315 = ORIENTED_EDGE('',*,*,#1316,.F.);
#1316 = EDGE_CURVE('',#1317,#1307,#1319,.T.);
#1317 = VERTEX_POINT('',#1318);
#1318 = CARTESIAN_POINT('',(-78.5,94.,-21.));
#1319 = LINE('',#1320,#1321);
#1320 = CARTESIAN_POINT('',(-70.85677083333,94.,-13.35677083333));
#1321 = VECTOR('',#1322,1.);
#1322 = DIRECTION('',(-0.707106781187,-2.747661802697E-16,
    -0.707106781187));
#1323 = ORIENTED_EDGE('',*,*,#1324,.F.);
#1324 = EDGE_CURVE('',#1325,#1317,#1327,.T.);
#1325 = VERTEX_POINT('',#1326);
#1326 = CARTESIAN_POINT('',(-78.5,94.,-9.));
#1327 = LINE('',#1328,#1329);
#1328 = CARTESIAN_POINT('',(-78.5,94.,-8.));
#1329 = VECTOR('',#1330,1.);
#1330 = DIRECTION('',(1.224646799147E-16,2.2E-16,-1.));
#1331 = ORIENTED_EDGE('',*,*,#1332,.F.);
#1332 = EDGE_CURVE('',#1333,#1325,#1335,.T.);
#1333 = VERTEX_POINT('',#1334);
#1334 = CARTESIAN_POINT('',(-80.5,94.,-7.));
#1335 = LINE('',#1336,#1337);
#1336 = CARTESIAN_POINT('',(-72.625,94.,-14.875));
#1337 = VECTOR('',#1338,1.);
#1338 = DIRECTION('',(0.707106781187,2.747661802697E-16,-0.707106781187)
  );
#1339 = ORIENTED_EDGE('',*,*,#1340,.F.);
#1340 = EDGE_CURVE('',#1341,#1333,#1343,.T.);
#1341 = VERTEX_POINT('',#1342);
#1342 = CARTESIAN_POINT('',(-81.5,94.,-7.));
#1343 = LINE('',#1344,#1345);
#1344 = CARTESIAN_POINT('',(-82.5,94.,-7.));
#1345 = VECTOR('',#1346,1.);
#1346 = DIRECTION('',(1.,3.885780586188E-16,1.224646799147E-16));
#1347 = ORIENTED_EDGE('',*,*,#1348,.T.);
#1348 = EDGE_CURVE('',#1341,#1349,#1351,.T.);
#1349 = VERTEX_POINT('',#1350);
#1350 = CARTESIAN_POINT('',(-83.5,94.,-9.));
#1351 = LINE('',#1352,#1353);
#1352 = CARTESIAN_POINT('',(-76.60677083333,94.,-2.106770833333));
#1353 = VECTOR('',#1354,1.);
#1354 = DIRECTION('',(-0.707106781187,-2.747661802697E-16,
    -0.707106781187));
#1355 = ORIENTED_EDGE('',*,*,#1356,.F.);
#1356 = EDGE_CURVE('',#1357,#1349,#1359,.T.);
#1357 = VERTEX_POINT('',#1358);
#1358 = CARTESIAN_POINT('',(-83.5,94.,-21.));
#1359 = LINE('',#1360,#1361);
#1360 = CARTESIAN_POINT('',(-83.5,94.,-22.));
#1361 = VECTOR('',#1362,1.);
#1362 = DIRECTION('',(-1.224646799147E-16,-2.2E-16,1.));
#1363 = ORIENTED_EDGE('',*,*,#1364,.T.);
#1364 = EDGE_CURVE('',#1357,#1309,#1365,.T.);
#1365 = LINE('',#1366,#1367);
#1366 = CARTESIAN_POINT('',(-78.375,94.,-26.125));
#1367 = VECTOR('',#1368,1.);
#1368 = DIRECTION('',(0.707106781187,2.747661802697E-16,-0.707106781187)
  );
#1369 = FACE_BOUND('',#1370,.T.);
#1370 = EDGE_LOOP('',(#1371,#1381,#1389,#1397,#1405,#1413,#1421,#1429));
#1371 = ORIENTED_EDGE('',*,*,#1372,.T.);
#1372 = EDGE_CURVE('',#1373,#1375,#1377,.T.);
#1373 = VERTEX_POINT('',#1374);
#1374 = CARTESIAN_POINT('',(-74.,94.,-7.));
#1375 = VERTEX_POINT('',#1376);
#1376 = CARTESIAN_POINT('',(-76.,94.,-9.));
#1377 = LINE('',#1378,#1379);
#1378 = CARTESIAN_POINT('',(-69.10677083333,94.,-2.106770833333));
#1379 = VECTOR('',#1380,1.);
#1380 = DIRECTION('',(-0.707106781187,-2.747661802697E-16,
    -0.707106781187));
#1381 = ORIENTED_EDGE('',*,*,#1382,.F.);
#1382 = EDGE_CURVE('',#1383,#1375,#1385,.T.);
#1383 = VERTEX_POINT('',#1384);
#1384 = CARTESIAN_POINT('',(-76.,94.,-21.));
#1385 = LINE('',#1386,#1387);
#1386 = CARTESIAN_POINT('',(-76.,94.,-22.));
#1387 = VECTOR('',#1388,1.);
#1388 = DIRECTION('',(-1.224646799147E-16,-2.2E-16,1.));
#1389 = ORIENTED_EDGE('',*,*,#1390,.T.);
#1390 = EDGE_CURVE('',#1383,#1391,#1393,.T.);
#1391 = VERTEX_POINT('',#1392);
#1392 = CARTESIAN_POINT('',(-74.,94.,-23.));
#1393 = LINE('',#1394,#1395);
#1394 = CARTESIAN_POINT('',(-70.875,94.,-26.125));
#1395 = VECTOR('',#1396,1.);
#1396 = DIRECTION('',(0.707106781187,2.747661802697E-16,-0.707106781187)
  );
#1397 = ORIENTED_EDGE('',*,*,#1398,.F.);
#1398 = EDGE_CURVE('',#1399,#1391,#1401,.T.);
#1399 = VERTEX_POINT('',#1400);
#1400 = CARTESIAN_POINT('',(-73.,94.,-23.));
#1401 = LINE('',#1402,#1403);
#1402 = CARTESIAN_POINT('',(-72.,94.,-23.));
#1403 = VECTOR('',#1404,1.);
#1404 = DIRECTION('',(-1.,-3.885780586188E-16,-1.224646799147E-16));
#1405 = ORIENTED_EDGE('',*,*,#1406,.F.);
#1406 = EDGE_CURVE('',#1407,#1399,#1409,.T.);
#1407 = VERTEX_POINT('',#1408);
#1408 = CARTESIAN_POINT('',(-71.,94.,-21.));
#1409 = LINE('',#1410,#1411);
#1410 = CARTESIAN_POINT('',(-63.35677083333,94.,-13.35677083333));
#1411 = VECTOR('',#1412,1.);
#1412 = DIRECTION('',(-0.707106781187,-2.747661802697E-16,
    -0.707106781187));
#1413 = ORIENTED_EDGE('',*,*,#1414,.F.);
#1414 = EDGE_CURVE('',#1415,#1407,#1417,.T.);
#1415 = VERTEX_POINT('',#1416);
#1416 = CARTESIAN_POINT('',(-71.,94.,-9.));
#1417 = LINE('',#1418,#1419);
#1418 = CARTESIAN_POINT('',(-71.,94.,-8.));
#1419 = VECTOR('',#1420,1.);
#1420 = DIRECTION('',(1.224646799147E-16,2.2E-16,-1.));
#1421 = ORIENTED_EDGE('',*,*,#1422,.F.);
#1422 = EDGE_CURVE('',#1423,#1415,#1425,.T.);
#1423 = VERTEX_POINT('',#1424);
#1424 = CARTESIAN_POINT('',(-73.,94.,-7.));
#1425 = LINE('',#1426,#1427);
#1426 = CARTESIAN_POINT('',(-65.125,94.,-14.875));
#1427 = VECTOR('',#1428,1.);
#1428 = DIRECTION('',(0.707106781187,2.747661802697E-16,-0.707106781187)
  );
#1429 = ORIENTED_EDGE('',*,*,#1430,.F.);
#1430 = EDGE_CURVE('',#1373,#1423,#1431,.T.);
#1431 = LINE('',#1432,#1433);
#1432 = CARTESIAN_POINT('',(-75.,94.,-7.));
#1433 = VECTOR('',#1434,1.);
#1434 = DIRECTION('',(1.,3.885780586188E-16,1.224646799147E-16));
#1435 = FACE_BOUND('',#1436,.T.);
#1436 = EDGE_LOOP('',(#1437,#1447,#1455,#1463,#1471,#1479,#1487,#1495));
#1437 = ORIENTED_EDGE('',*,*,#1438,.T.);
#1438 = EDGE_CURVE('',#1439,#1441,#1443,.T.);
#1439 = VERTEX_POINT('',#1440);
#1440 = CARTESIAN_POINT('',(-66.5,94.,-7.));
#1441 = VERTEX_POINT('',#1442);
#1442 = CARTESIAN_POINT('',(-68.5,94.,-9.));
#1443 = LINE('',#1444,#1445);
#1444 = CARTESIAN_POINT('',(-61.60677083333,94.,-2.106770833333));
#1445 = VECTOR('',#1446,1.);
#1446 = DIRECTION('',(-0.707106781187,-2.747661802697E-16,
    -0.707106781187));
#1447 = ORIENTED_EDGE('',*,*,#1448,.F.);
#1448 = EDGE_CURVE('',#1449,#1441,#1451,.T.);
#1449 = VERTEX_POINT('',#1450);
#1450 = CARTESIAN_POINT('',(-68.5,94.,-21.));
#1451 = LINE('',#1452,#1453);
#1452 = CARTESIAN_POINT('',(-68.5,94.,-22.));
#1453 = VECTOR('',#1454,1.);
#1454 = DIRECTION('',(-1.224646799147E-16,-2.2E-16,1.));
#1455 = ORIENTED_EDGE('',*,*,#1456,.T.);
#1456 = EDGE_CURVE('',#1449,#1457,#1459,.T.);
#1457 = VERTEX_POINT('',#1458);
#1458 = CARTESIAN_POINT('',(-66.5,94.,-23.));
#1459 = LINE('',#1460,#1461);
#1460 = CARTESIAN_POINT('',(-63.375,94.,-26.125));
#1461 = VECTOR('',#1462,1.);
#1462 = DIRECTION('',(0.707106781187,2.747661802697E-16,-0.707106781187)
  );
#1463 = ORIENTED_EDGE('',*,*,#1464,.F.);
#1464 = EDGE_CURVE('',#1465,#1457,#1467,.T.);
#1465 = VERTEX_POINT('',#1466);
#1466 = CARTESIAN_POINT('',(-65.5,94.,-23.));
#1467 = LINE('',#1468,#1469);
#1468 = CARTESIAN_POINT('',(-64.5,94.,-23.));
#1469 = VECTOR('',#1470,1.);
#1470 = DIRECTION('',(-1.,-3.885780586188E-16,-1.224646799147E-16));
#1471 = ORIENTED_EDGE('',*,*,#1472,.F.);
#1472 = EDGE_CURVE('',#1473,#1465,#1475,.T.);
#1473 = VERTEX_POINT('',#1474);
#1474 = CARTESIAN_POINT('',(-63.5,94.,-21.));
#1475 = LINE('',#1476,#1477);
#1476 = CARTESIAN_POINT('',(-55.85677083333,94.,-13.35677083333));
#1477 = VECTOR('',#1478,1.);
#1478 = DIRECTION('',(-0.707106781187,-2.747661802697E-16,
    -0.707106781187));
#1479 = ORIENTED_EDGE('',*,*,#1480,.F.);
#1480 = EDGE_CURVE('',#1481,#1473,#1483,.T.);
#1481 = VERTEX_POINT('',#1482);
#1482 = CARTESIAN_POINT('',(-63.5,94.,-9.));
#1483 = LINE('',#1484,#1485);
#1484 = CARTESIAN_POINT('',(-63.5,94.,-8.));
#1485 = VECTOR('',#1486,1.);
#1486 = DIRECTION('',(1.224646799147E-16,2.2E-16,-1.));
#1487 = ORIENTED_EDGE('',*,*,#1488,.F.);
#1488 = EDGE_CURVE('',#1489,#1481,#1491,.T.);
#1489 = VERTEX_POINT('',#1490);
#1490 = CARTESIAN_POINT('',(-65.5,94.,-7.));
#1491 = LINE('',#1492,#1493);
#1492 = CARTESIAN_POINT('',(-57.625,94.,-14.875));
#1493 = VECTOR('',#1494,1.);
#1494 = DIRECTION('',(0.707106781187,2.747661802697E-16,-0.707106781187)
  );
#1495 = ORIENTED_EDGE('',*,*,#1496,.F.);
#1496 = EDGE_CURVE('',#1439,#1489,#1497,.T.);
#1497 = LINE('',#1498,#1499);
#1498 = CARTESIAN_POINT('',(-67.5,94.,-7.));
#1499 = VECTOR('',#1500,1.);
#1500 = DIRECTION('',(1.,3.885780586188E-16,1.224646799147E-16));
#1501 = FACE_BOUND('',#1502,.T.);
#1502 = EDGE_LOOP('',(#1503,#1513,#1521,#1529,#1537,#1545,#1553,#1561));
#1503 = ORIENTED_EDGE('',*,*,#1504,.T.);
#1504 = EDGE_CURVE('',#1505,#1507,#1509,.T.);
#1505 = VERTEX_POINT('',#1506);
#1506 = CARTESIAN_POINT('',(-59.,94.,-7.));
#1507 = VERTEX_POINT('',#1508);
#1508 = CARTESIAN_POINT('',(-61.,94.,-9.));
#1509 = LINE('',#1510,#1511);
#1510 = CARTESIAN_POINT('',(-54.10677083333,94.,-2.106770833333));
#1511 = VECTOR('',#1512,1.);
#1512 = DIRECTION('',(-0.707106781187,-2.747661802697E-16,
    -0.707106781187));
#1513 = ORIENTED_EDGE('',*,*,#1514,.F.);
#1514 = EDGE_CURVE('',#1515,#1507,#1517,.T.);
#1515 = VERTEX_POINT('',#1516);
#1516 = CARTESIAN_POINT('',(-61.,94.,-21.));
#1517 = LINE('',#1518,#1519);
#1518 = CARTESIAN_POINT('',(-61.,94.,-22.));
#1519 = VECTOR('',#1520,1.);
#1520 = DIRECTION('',(-1.224646799147E-16,-2.2E-16,1.));
#1521 = ORIENTED_EDGE('',*,*,#1522,.T.);
#1522 = EDGE_CURVE('',#1515,#1523,#1525,.T.);
#1523 = VERTEX_POINT('',#1524);
#1524 = CARTESIAN_POINT('',(-59.,94.,-23.));
#1525 = LINE('',#1526,#1527);
#1526 = CARTESIAN_POINT('',(-55.875,94.,-26.125));
#1527 = VECTOR('',#1528,1.);
#1528 = DIRECTION('',(0.707106781187,2.747661802697E-16,-0.707106781187)
  );
#1529 = ORIENTED_EDGE('',*,*,#1530,.F.);
#1530 = EDGE_CURVE('',#1531,#1523,#1533,.T.);
#1531 = VERTEX_POINT('',#1532);
#1532 = CARTESIAN_POINT('',(-58.,94.,-23.));
#1533 = LINE('',#1534,#1535);
#1534 = CARTESIAN_POINT('',(-57.,94.,-23.));
#1535 = VECTOR('',#1536,1.);
#1536 = DIRECTION('',(-1.,-3.885780586188E-16,-1.224646799147E-16));
#1537 = ORIENTED_EDGE('',*,*,#1538,.F.);
#1538 = EDGE_CURVE('',#1539,#1531,#1541,.T.);
#1539 = VERTEX_POINT('',#1540);
#1540 = CARTESIAN_POINT('',(-56.,94.,-21.));
#1541 = LINE('',#1542,#1543);
#1542 = CARTESIAN_POINT('',(-48.35677083333,94.,-13.35677083333));
#1543 = VECTOR('',#1544,1.);
#1544 = DIRECTION('',(-0.707106781187,-2.747661802697E-16,
    -0.707106781187));
#1545 = ORIENTED_EDGE('',*,*,#1546,.F.);
#1546 = EDGE_CURVE('',#1547,#1539,#1549,.T.);
#1547 = VERTEX_POINT('',#1548);
#1548 = CARTESIAN_POINT('',(-56.,94.,-9.));
#1549 = LINE('',#1550,#1551);
#1550 = CARTESIAN_POINT('',(-56.,94.,-8.));
#1551 = VECTOR('',#1552,1.);
#1552 = DIRECTION('',(1.224646799147E-16,2.2E-16,-1.));
#1553 = ORIENTED_EDGE('',*,*,#1554,.F.);
#1554 = EDGE_CURVE('',#1555,#1547,#1557,.T.);
#1555 = VERTEX_POINT('',#1556);
#1556 = CARTESIAN_POINT('',(-58.,94.,-7.));
#1557 = LINE('',#1558,#1559);
#1558 = CARTESIAN_POINT('',(-50.125,94.,-14.875));
#1559 = VECTOR('',#1560,1.);
#1560 = DIRECTION('',(0.707106781187,2.747661802697E-16,-0.707106781187)
  );
#1561 = ORIENTED_EDGE('',*,*,#1562,.F.);
#1562 = EDGE_CURVE('',#1505,#1555,#1563,.T.);
#1563 = LINE('',#1564,#1565);
#1564 = CARTESIAN_POINT('',(-60.,94.,-7.));
#1565 = VECTOR('',#1566,1.);
#1566 = DIRECTION('',(1.,3.885780586188E-16,1.224646799147E-16));
#1567 = FACE_BOUND('',#1568,.T.);
#1568 = EDGE_LOOP('',(#1569,#1579,#1587,#1595,#1603,#1611,#1619,#1627));
#1569 = ORIENTED_EDGE('',*,*,#1570,.T.);
#1570 = EDGE_CURVE('',#1571,#1573,#1575,.T.);
#1571 = VERTEX_POINT('',#1572);
#1572 = CARTESIAN_POINT('',(-51.5,94.,-7.));
#1573 = VERTEX_POINT('',#1574);
#1574 = CARTESIAN_POINT('',(-53.5,94.,-9.));
#1575 = LINE('',#1576,#1577);
#1576 = CARTESIAN_POINT('',(-46.60677083333,94.,-2.106770833333));
#1577 = VECTOR('',#1578,1.);
#1578 = DIRECTION('',(-0.707106781187,-2.747661802697E-16,
    -0.707106781187));
#1579 = ORIENTED_EDGE('',*,*,#1580,.F.);
#1580 = EDGE_CURVE('',#1581,#1573,#1583,.T.);
#1581 = VERTEX_POINT('',#1582);
#1582 = CARTESIAN_POINT('',(-53.5,94.,-21.));
#1583 = LINE('',#1584,#1585);
#1584 = CARTESIAN_POINT('',(-53.5,94.,-22.));
#1585 = VECTOR('',#1586,1.);
#1586 = DIRECTION('',(-1.224646799147E-16,-2.2E-16,1.));
#1587 = ORIENTED_EDGE('',*,*,#1588,.T.);
#1588 = EDGE_CURVE('',#1581,#1589,#1591,.T.);
#1589 = VERTEX_POINT('',#1590);
#1590 = CARTESIAN_POINT('',(-51.5,94.,-23.));
#1591 = LINE('',#1592,#1593);
#1592 = CARTESIAN_POINT('',(-48.375,94.,-26.125));
#1593 = VECTOR('',#1594,1.);
#1594 = DIRECTION('',(0.707106781187,2.747661802697E-16,-0.707106781187)
  );
#1595 = ORIENTED_EDGE('',*,*,#1596,.F.);
#1596 = EDGE_CURVE('',#1597,#1589,#1599,.T.);
#1597 = VERTEX_POINT('',#1598);
#1598 = CARTESIAN_POINT('',(-50.5,94.,-23.));
#1599 = LINE('',#1600,#1601);
#1600 = CARTESIAN_POINT('',(-49.5,94.,-23.));
#1601 = VECTOR('',#1602,1.);
#1602 = DIRECTION('',(-1.,-3.885780586188E-16,-1.224646799147E-16));
#1603 = ORIENTED_EDGE('',*,*,#1604,.F.);
#1604 = EDGE_CURVE('',#1605,#1597,#1607,.T.);
#1605 = VERTEX_POINT('',#1606);
#1606 = CARTESIAN_POINT('',(-48.5,94.,-21.));
#1607 = LINE('',#1608,#1609);
#1608 = CARTESIAN_POINT('',(-40.85677083333,94.,-13.35677083333));
#1609 = VECTOR('',#1610,1.);
#1610 = DIRECTION('',(-0.707106781187,-2.747661802697E-16,
    -0.707106781187));
#1611 = ORIENTED_EDGE('',*,*,#1612,.F.);
#1612 = EDGE_CURVE('',#1613,#1605,#1615,.T.);
#1613 = VERTEX_POINT('',#1614);
#1614 = CARTESIAN_POINT('',(-48.5,94.,-9.));
#1615 = LINE('',#1616,#1617);
#1616 = CARTESIAN_POINT('',(-48.5,94.,-8.));
#1617 = VECTOR('',#1618,1.);
#1618 = DIRECTION('',(1.224646799147E-16,2.2E-16,-1.));
#1619 = ORIENTED_EDGE('',*,*,#1620,.F.);
#1620 = EDGE_CURVE('',#1621,#1613,#1623,.T.);
#1621 = VERTEX_POINT('',#1622);
#1622 = CARTESIAN_POINT('',(-50.5,94.,-7.));
#1623 = LINE('',#1624,#1625);
#1624 = CARTESIAN_POINT('',(-42.625,94.,-14.875));
#1625 = VECTOR('',#1626,1.);
#1626 = DIRECTION('',(0.707106781187,2.747661802697E-16,-0.707106781187)
  );
#1627 = ORIENTED_EDGE('',*,*,#1628,.F.);
#1628 = EDGE_CURVE('',#1571,#1621,#1629,.T.);
#1629 = LINE('',#1630,#1631);
#1630 = CARTESIAN_POINT('',(-52.5,94.,-7.));
#1631 = VECTOR('',#1632,1.);
#1632 = DIRECTION('',(1.,3.885780586188E-16,1.224646799147E-16));
#1633 = FACE_BOUND('',#1634,.T.);
#1634 = EDGE_LOOP('',(#1635));
#1635 = ORIENTED_EDGE('',*,*,#1636,.T.);
#1636 = EDGE_CURVE('',#1637,#1637,#1639,.T.);
#1637 = VERTEX_POINT('',#1638);
#1638 = CARTESIAN_POINT('',(-6.5,94.,-15.25));
#1639 = CIRCLE('',#1640,2.);
#1640 = AXIS2_PLACEMENT_3D('',#1641,#1642,#1643);
#1641 = CARTESIAN_POINT('',(-4.5,94.,-15.25));
#1642 = DIRECTION('',(4.785780586188E-16,-1.,2.2E-16));
#1643 = DIRECTION('',(-1.,-4.785780586188E-16,-3.246467991474E-17));
#1644 = FACE_BOUND('',#1645,.T.);
#1645 = EDGE_LOOP('',(#1646));
#1646 = ORIENTED_EDGE('',*,*,#1647,.T.);
#1647 = EDGE_CURVE('',#1648,#1648,#1650,.T.);
#1648 = VERTEX_POINT('',#1649);
#1649 = CARTESIAN_POINT('',(-6.5,94.,-6.));
#1650 = CIRCLE('',#1651,2.);
#1651 = AXIS2_PLACEMENT_3D('',#1652,#1653,#1654);
#1652 = CARTESIAN_POINT('',(-4.5,94.,-6.));
#1653 = DIRECTION('',(4.785780586188E-16,-1.,2.2E-16));
#1654 = DIRECTION('',(-1.,-4.785780586188E-16,-3.246467991474E-17));
#1655 = PLANE('',#1656);
#1656 = AXIS2_PLACEMENT_3D('',#1657,#1658,#1659);
#1657 = CARTESIAN_POINT('',(-55.46354166666,94.,-13.46354166666));
#1658 = DIRECTION('',(-3.885780586188E-16,1.,-2.995651960736E-32));
#1659 = DIRECTION('',(-1.224646799147E-16,-1.763056796328E-32,1.));
#1660 = ADVANCED_FACE('',(#1661),#1672,.T.);
#1661 = FACE_BOUND('',#1662,.T.);
#1662 = EDGE_LOOP('',(#1663,#1664,#1665,#1666));
#1663 = ORIENTED_EDGE('',*,*,#1266,.T.);
#1664 = ORIENTED_EDGE('',*,*,#79,.T.);
#1665 = ORIENTED_EDGE('',*,*,#167,.F.);
#1666 = ORIENTED_EDGE('',*,*,#1667,.T.);
#1667 = EDGE_CURVE('',#160,#1267,#1668,.T.);
#1668 = LINE('',#1669,#1670);
#1669 = CARTESIAN_POINT('',(-95.,92.,-28.));
#1670 = VECTOR('',#1671,1.);
#1671 = DIRECTION('',(-7.41361785893E-16,0.707106781187,0.707106781187)
  );
#1672 = PLANE('',#1673);
#1673 = AXIS2_PLACEMENT_3D('',#1674,#1675,#1676);
#1674 = CARTESIAN_POINT('',(-99.,92.,-28.));
#1675 = DIRECTION('',(-1.881705746461E-16,0.707106781187,-0.707106781187
    ));
#1676 = DIRECTION('',(1.,3.885780586188E-16,1.224646799147E-16));
#1677 = ADVANCED_FACE('',(#1678),#1717,.F.);
#1678 = FACE_BOUND('',#1679,.F.);
#1679 = EDGE_LOOP('',(#1680,#1681,#1689,#1695,#1696,#1704,#1710,#1711));
#1680 = ORIENTED_EDGE('',*,*,#93,.T.);
#1681 = ORIENTED_EDGE('',*,*,#1682,.F.);
#1682 = EDGE_CURVE('',#1683,#96,#1685,.T.);
#1683 = VERTEX_POINT('',#1684);
#1684 = CARTESIAN_POINT('',(3.971041918795E-14,-94.,-26.));
#1685 = LINE('',#1686,#1687);
#1686 = CARTESIAN_POINT('',(2.866671397173E-14,-52.5,-67.5));
#1687 = VECTOR('',#1688,1.);
#1688 = DIRECTION('',(-1.881705746461E-16,0.707106781187,-0.707106781187
    ));
#1689 = ORIENTED_EDGE('',*,*,#1690,.F.);
#1690 = EDGE_CURVE('',#985,#1683,#1691,.T.);
#1691 = LINE('',#1692,#1693);
#1692 = CARTESIAN_POINT('',(3.652633751017E-14,-94.,2.815912843092E-30)
  );
#1693 = VECTOR('',#1694,1.);
#1694 = DIRECTION('',(1.224646799147E-16,1.763056796328E-32,-1.));
#1695 = ORIENTED_EDGE('',*,*,#992,.F.);
#1696 = ORIENTED_EDGE('',*,*,#1697,.T.);
#1697 = EDGE_CURVE('',#993,#1698,#1700,.T.);
#1698 = VERTEX_POINT('',#1699);
#1699 = CARTESIAN_POINT('',(3.560553269414E-14,-91.,-2.));
#1700 = LINE('',#1701,#1702);
#1701 = CARTESIAN_POINT('',(2.356390230778E-14,-45.75,-47.25));
#1702 = VECTOR('',#1703,1.);
#1703 = DIRECTION('',(-1.881705746461E-16,0.707106781187,-0.707106781187
    ));
#1704 = ORIENTED_EDGE('',*,*,#1705,.F.);
#1705 = EDGE_CURVE('',#293,#1698,#1706,.T.);
#1706 = LINE('',#1707,#1708);
#1707 = CARTESIAN_POINT('',(3.536060333431E-14,-91.,2.72604328427E-30));
#1708 = VECTOR('',#1709,1.);
#1709 = DIRECTION('',(-1.224646799147E-16,-1.763056796328E-32,1.));
#1710 = ORIENTED_EDGE('',*,*,#292,.F.);
#1711 = ORIENTED_EDGE('',*,*,#1712,.T.);
#1712 = EDGE_CURVE('',#285,#94,#1713,.T.);
#1713 = LINE('',#1714,#1715);
#1714 = CARTESIAN_POINT('',(2.120652173316E-14,-46.06532710336,-27.));
#1715 = VECTOR('',#1716,1.);
#1716 = DIRECTION('',(1.224646799147E-16,1.763056796328E-32,-1.));
#1717 = PLANE('',#1718);
#1718 = AXIS2_PLACEMENT_3D('',#1719,#1720,#1721);
#1719 = CARTESIAN_POINT('',(-3.652633751017E-14,94.,-2.815912843092E-30)
  );
#1720 = DIRECTION('',(-1.,-3.885780586188E-16,-1.224646799147E-16));
#1721 = DIRECTION('',(3.885780586188E-16,-1.,2.995651960736E-32));
#1722 = ADVANCED_FACE('',(#1723),#1741,.T.);
#1723 = FACE_BOUND('',#1724,.T.);
#1724 = EDGE_LOOP('',(#1725,#1726,#1734,#1740));
#1725 = ORIENTED_EDGE('',*,*,#1682,.F.);
#1726 = ORIENTED_EDGE('',*,*,#1727,.T.);
#1727 = EDGE_CURVE('',#1683,#1728,#1730,.T.);
#1728 = VERTEX_POINT('',#1729);
#1729 = CARTESIAN_POINT('',(-95.,-94.,-26.));
#1730 = LINE('',#1731,#1732);
#1731 = CARTESIAN_POINT('',(3.971041918795E-14,-94.,-26.));
#1732 = VECTOR('',#1733,1.);
#1733 = DIRECTION('',(-1.,-3.885780586188E-16,-1.224646799147E-16));
#1734 = ORIENTED_EDGE('',*,*,#1735,.T.);
#1735 = EDGE_CURVE('',#1728,#104,#1736,.T.);
#1736 = LINE('',#1737,#1738);
#1737 = CARTESIAN_POINT('',(-95.,-92.,-28.));
#1738 = VECTOR('',#1739,1.);
#1739 = DIRECTION('',(7.718294253533E-16,0.707106781187,-0.707106781187)
  );
#1740 = ORIENTED_EDGE('',*,*,#103,.F.);
#1741 = PLANE('',#1742);
#1742 = AXIS2_PLACEMENT_3D('',#1743,#1744,#1745);
#1743 = CARTESIAN_POINT('',(3.917819243054E-14,-92.,-28.));
#1744 = DIRECTION('',(3.613617858932E-16,-0.707106781187,-0.707106781187
    ));
#1745 = DIRECTION('',(-1.,-3.885780586188E-16,-1.224646799147E-16));
#1746 = ADVANCED_FACE('',(#1747),#1772,.T.);
#1747 = FACE_BOUND('',#1748,.T.);
#1748 = EDGE_LOOP('',(#1749,#1757,#1758,#1766));
#1749 = ORIENTED_EDGE('',*,*,#1750,.F.);
#1750 = EDGE_CURVE('',#112,#1751,#1753,.T.);
#1751 = VERTEX_POINT('',#1752);
#1752 = CARTESIAN_POINT('',(-99.,-75.5,-26.));
#1753 = LINE('',#1754,#1755);
#1754 = CARTESIAN_POINT('',(-96.,-75.5,-29.));
#1755 = VECTOR('',#1756,1.);
#1756 = DIRECTION('',(-0.707106781187,7.852338197297E-16,0.707106781187)
  );
#1757 = ORIENTED_EDGE('',*,*,#111,.T.);
#1758 = ORIENTED_EDGE('',*,*,#1759,.F.);
#1759 = EDGE_CURVE('',#1760,#104,#1762,.T.);
#1760 = VERTEX_POINT('',#1761);
#1761 = CARTESIAN_POINT('',(-99.,-90.,-26.));
#1762 = LINE('',#1763,#1764);
#1763 = CARTESIAN_POINT('',(-98.,-90.,-27.));
#1764 = VECTOR('',#1765,1.);
#1765 = DIRECTION('',(0.707106781187,2.747661802697E-16,-0.707106781187)
  );
#1766 = ORIENTED_EDGE('',*,*,#1767,.F.);
#1767 = EDGE_CURVE('',#1751,#1760,#1768,.T.);
#1768 = LINE('',#1769,#1770);
#1769 = CARTESIAN_POINT('',(-99.,-71.5,-26.));
#1770 = VECTOR('',#1771,1.);
#1771 = DIRECTION('',(3.885780586188E-16,-1.,2.995651960736E-32));
#1772 = PLANE('',#1773);
#1773 = AXIS2_PLACEMENT_3D('',#1774,#1775,#1776);
#1774 = CARTESIAN_POINT('',(-97.,-71.5,-28.));
#1775 = DIRECTION('',(-0.707106781187,-2.747661802697E-16,
    -0.707106781187));
#1776 = DIRECTION('',(3.885780586188E-16,-1.,2.995651960736E-32));
#1777 = ADVANCED_FACE('',(#1778),#1796,.F.);
#1778 = FACE_BOUND('',#1779,.F.);
#1779 = EDGE_LOOP('',(#1780,#1781,#1782,#1790));
#1780 = ORIENTED_EDGE('',*,*,#1750,.F.);
#1781 = ORIENTED_EDGE('',*,*,#119,.T.);
#1782 = ORIENTED_EDGE('',*,*,#1783,.T.);
#1783 = EDGE_CURVE('',#120,#1784,#1786,.T.);
#1784 = VERTEX_POINT('',#1785);
#1785 = CARTESIAN_POINT('',(-103.,-71.5,-26.));
#1786 = LINE('',#1787,#1788);
#1787 = CARTESIAN_POINT('',(-103.,-70.5,-27.));
#1788 = VECTOR('',#1789,1.);
#1789 = DIRECTION('',(-2.691829425352E-15,-0.707106781187,0.707106781187
    ));
#1790 = ORIENTED_EDGE('',*,*,#1791,.F.);
#1791 = EDGE_CURVE('',#1751,#1784,#1792,.T.);
#1792 = LINE('',#1793,#1794);
#1793 = CARTESIAN_POINT('',(-99.,-75.5,-26.));
#1794 = VECTOR('',#1795,1.);
#1795 = DIRECTION('',(-0.707106781187,0.707106781187,3.853404394374E-15)
  );
#1796 = PLANE('',#1797);
#1797 = AXIS2_PLACEMENT_3D('',#1798,#1799,#1800);
#1798 = CARTESIAN_POINT('',(-95.,-75.5,-30.));
#1799 = DIRECTION('',(0.57735026919,0.57735026919,0.57735026919));
#1800 = DIRECTION('',(-0.707106781187,0.707106781187,-8.659560562355E-17
    ));
#1801 = ADVANCED_FACE('',(#1802),#1820,.T.);
#1802 = FACE_BOUND('',#1803,.T.);
#1803 = EDGE_LOOP('',(#1804,#1805,#1806,#1814));
#1804 = ORIENTED_EDGE('',*,*,#127,.T.);
#1805 = ORIENTED_EDGE('',*,*,#1783,.T.);
#1806 = ORIENTED_EDGE('',*,*,#1807,.F.);
#1807 = EDGE_CURVE('',#1808,#1784,#1810,.T.);
#1808 = VERTEX_POINT('',#1809);
#1809 = CARTESIAN_POINT('',(-110.,-71.5,-26.));
#1810 = LINE('',#1811,#1812);
#1811 = CARTESIAN_POINT('',(-114.,-71.5,-26.));
#1812 = VECTOR('',#1813,1.);
#1813 = DIRECTION('',(1.,3.885780586188E-16,1.224646799147E-16));
#1814 = ORIENTED_EDGE('',*,*,#1815,.T.);
#1815 = EDGE_CURVE('',#1808,#128,#1816,.T.);
#1816 = LINE('',#1817,#1818);
#1817 = CARTESIAN_POINT('',(-110.,-69.5,-28.));
#1818 = VECTOR('',#1819,1.);
#1819 = DIRECTION('',(1.441829425353E-15,0.707106781187,-0.707106781187)
  );
#1820 = PLANE('',#1821);
#1821 = AXIS2_PLACEMENT_3D('',#1822,#1823,#1824);
#1822 = CARTESIAN_POINT('',(-114.,-69.5,-28.));
#1823 = DIRECTION('',(3.613617858932E-16,-0.707106781187,-0.707106781187
    ));
#1824 = DIRECTION('',(1.,3.885780586188E-16,1.224646799147E-16));
#1825 = ADVANCED_FACE('',(#1826),#1851,.T.);
#1826 = FACE_BOUND('',#1827,.T.);
#1827 = EDGE_LOOP('',(#1828,#1836,#1844,#1850));
#1828 = ORIENTED_EDGE('',*,*,#1829,.F.);
#1829 = EDGE_CURVE('',#1830,#128,#1832,.T.);
#1830 = VERTEX_POINT('',#1831);
#1831 = CARTESIAN_POINT('',(-114.,-67.5,-26.));
#1832 = LINE('',#1833,#1834);
#1833 = CARTESIAN_POINT('',(-113.,-67.5,-27.));
#1834 = VECTOR('',#1835,1.);
#1835 = DIRECTION('',(0.707106781187,-1.523381973015E-17,-0.707106781187
    ));
#1836 = ORIENTED_EDGE('',*,*,#1837,.T.);
#1837 = EDGE_CURVE('',#1830,#1838,#1840,.T.);
#1838 = VERTEX_POINT('',#1839);
#1839 = CARTESIAN_POINT('',(-114.,67.5,-26.));
#1840 = LINE('',#1841,#1842);
#1841 = CARTESIAN_POINT('',(-114.,-71.5,-26.));
#1842 = VECTOR('',#1843,1.);
#1843 = DIRECTION('',(-3.885780586188E-16,1.,-2.995651960736E-32));
#1844 = ORIENTED_EDGE('',*,*,#1845,.F.);
#1845 = EDGE_CURVE('',#136,#1838,#1846,.T.);
#1846 = LINE('',#1847,#1848);
#1847 = CARTESIAN_POINT('',(-112.,67.5,-28.));
#1848 = VECTOR('',#1849,1.);
#1849 = DIRECTION('',(-0.707106781187,1.052338197301E-16,0.707106781187)
  );
#1850 = ORIENTED_EDGE('',*,*,#135,.F.);
#1851 = PLANE('',#1852);
#1852 = AXIS2_PLACEMENT_3D('',#1853,#1854,#1855);
#1853 = CARTESIAN_POINT('',(-112.,-71.5,-28.));
#1854 = DIRECTION('',(-0.707106781187,-2.747661802697E-16,
    -0.707106781187));
#1855 = DIRECTION('',(-3.885780586188E-16,1.,-2.995651960736E-32));
#1856 = ADVANCED_FACE('',(#1857),#1882,.T.);
#1857 = FACE_BOUND('',#1858,.T.);
#1858 = EDGE_LOOP('',(#1859,#1867,#1868,#1876));
#1859 = ORIENTED_EDGE('',*,*,#1860,.F.);
#1860 = EDGE_CURVE('',#144,#1861,#1863,.T.);
#1861 = VERTEX_POINT('',#1862);
#1862 = CARTESIAN_POINT('',(-103.,71.5,-26.));
#1863 = LINE('',#1864,#1865);
#1864 = CARTESIAN_POINT('',(-103.,68.5,-29.));
#1865 = VECTOR('',#1866,1.);
#1866 = DIRECTION('',(-3.613617858932E-16,0.707106781187,0.707106781187)
  );
#1867 = ORIENTED_EDGE('',*,*,#143,.T.);
#1868 = ORIENTED_EDGE('',*,*,#1869,.F.);
#1869 = EDGE_CURVE('',#1870,#136,#1872,.T.);
#1870 = VERTEX_POINT('',#1871);
#1871 = CARTESIAN_POINT('',(-110.,71.5,-26.));
#1872 = LINE('',#1873,#1874);
#1873 = CARTESIAN_POINT('',(-110.,70.5,-27.));
#1874 = VECTOR('',#1875,1.);
#1875 = DIRECTION('',(5.513617858931E-16,-0.707106781187,-0.707106781187
    ));
#1876 = ORIENTED_EDGE('',*,*,#1877,.F.);
#1877 = EDGE_CURVE('',#1861,#1870,#1878,.T.);
#1878 = LINE('',#1879,#1880);
#1879 = CARTESIAN_POINT('',(-99.,71.5,-26.));
#1880 = VECTOR('',#1881,1.);
#1881 = DIRECTION('',(-1.,-3.885780586188E-16,-1.224646799147E-16));
#1882 = PLANE('',#1883);
#1883 = AXIS2_PLACEMENT_3D('',#1884,#1885,#1886);
#1884 = CARTESIAN_POINT('',(-99.,69.5,-28.));
#1885 = DIRECTION('',(-1.881705746461E-16,0.707106781187,-0.707106781187
    ));
#1886 = DIRECTION('',(-1.,-3.885780586188E-16,-1.224646799147E-16));
#1887 = ADVANCED_FACE('',(#1888),#1906,.F.);
#1888 = FACE_BOUND('',#1889,.F.);
#1889 = EDGE_LOOP('',(#1890,#1891,#1892,#1900));
#1890 = ORIENTED_EDGE('',*,*,#1860,.F.);
#1891 = ORIENTED_EDGE('',*,*,#151,.T.);
#1892 = ORIENTED_EDGE('',*,*,#1893,.T.);
#1893 = EDGE_CURVE('',#152,#1894,#1896,.T.);
#1894 = VERTEX_POINT('',#1895);
#1895 = CARTESIAN_POINT('',(-99.,75.5,-26.));
#1896 = LINE('',#1897,#1898);
#1897 = CARTESIAN_POINT('',(-98.,75.5,-27.));
#1898 = VECTOR('',#1899,1.);
#1899 = DIRECTION('',(-0.707106781187,-6.547661802694E-16,0.707106781187
    ));
#1900 = ORIENTED_EDGE('',*,*,#1901,.F.);
#1901 = EDGE_CURVE('',#1861,#1894,#1902,.T.);
#1902 = LINE('',#1903,#1904);
#1903 = CARTESIAN_POINT('',(-103.,71.5,-26.));
#1904 = VECTOR('',#1905,1.);
#1905 = DIRECTION('',(0.707106781187,0.707106781187,-2.934043943762E-16)
  );
#1906 = PLANE('',#1907);
#1907 = AXIS2_PLACEMENT_3D('',#1908,#1909,#1910);
#1908 = CARTESIAN_POINT('',(-103.,67.5,-30.));
#1909 = DIRECTION('',(0.57735026919,-0.57735026919,0.57735026919));
#1910 = DIRECTION('',(0.707106781187,0.707106781187,-3.574936042265E-16)
  );
#1911 = ADVANCED_FACE('',(#1912),#1930,.T.);
#1912 = FACE_BOUND('',#1913,.T.);
#1913 = EDGE_LOOP('',(#1914,#1922,#1923,#1924));
#1914 = ORIENTED_EDGE('',*,*,#1915,.T.);
#1915 = EDGE_CURVE('',#1916,#160,#1918,.T.);
#1916 = VERTEX_POINT('',#1917);
#1917 = CARTESIAN_POINT('',(-99.,90.,-26.));
#1918 = LINE('',#1919,#1920);
#1919 = CARTESIAN_POINT('',(-98.,90.,-27.));
#1920 = VECTOR('',#1921,1.);
#1921 = DIRECTION('',(0.707106781187,-4.952338197298E-16,-0.707106781187
    ));
#1922 = ORIENTED_EDGE('',*,*,#159,.T.);
#1923 = ORIENTED_EDGE('',*,*,#1893,.T.);
#1924 = ORIENTED_EDGE('',*,*,#1925,.F.);
#1925 = EDGE_CURVE('',#1916,#1894,#1926,.T.);
#1926 = LINE('',#1927,#1928);
#1927 = CARTESIAN_POINT('',(-99.,94.,-26.));
#1928 = VECTOR('',#1929,1.);
#1929 = DIRECTION('',(3.885780586188E-16,-1.,2.995651960736E-32));
#1930 = PLANE('',#1931);
#1931 = AXIS2_PLACEMENT_3D('',#1932,#1933,#1934);
#1932 = CARTESIAN_POINT('',(-97.,94.,-28.));
#1933 = DIRECTION('',(-0.707106781187,-2.747661802697E-16,
    -0.707106781187));
#1934 = DIRECTION('',(3.885780586188E-16,-1.,2.995651960736E-32));
#1935 = ADVANCED_FACE('',(#1936),#1954,.T.);
#1936 = FACE_BOUND('',#1937,.F.);
#1937 = EDGE_LOOP('',(#1938,#1939,#1940,#1948));
#1938 = ORIENTED_EDGE('',*,*,#220,.F.);
#1939 = ORIENTED_EDGE('',*,*,#174,.T.);
#1940 = ORIENTED_EDGE('',*,*,#1941,.T.);
#1941 = EDGE_CURVE('',#175,#1942,#1944,.T.);
#1942 = VERTEX_POINT('',#1943);
#1943 = CARTESIAN_POINT('',(-86.53282720332,45.09533171584,-29.));
#1944 = LINE('',#1945,#1946);
#1945 = CARTESIAN_POINT('',(-86.53282720332,45.34533171584,-29.25));
#1946 = VECTOR('',#1947,1.);
#1947 = DIRECTION('',(1.881705746461E-16,-0.707106781187,0.707106781187)
  );
#1948 = ORIENTED_EDGE('',*,*,#1949,.F.);
#1949 = EDGE_CURVE('',#221,#1942,#1950,.T.);
#1950 = LINE('',#1951,#1952);
#1951 = CARTESIAN_POINT('',(-1.397158073338E-14,45.09533171584,-29.));
#1952 = VECTOR('',#1953,1.);
#1953 = DIRECTION('',(-1.,-3.885780586188E-16,-1.224646799147E-16));
#1954 = PLANE('',#1955);
#1955 = AXIS2_PLACEMENT_3D('',#1956,#1957,#1958);
#1956 = CARTESIAN_POINT('',(-1.410463742274E-14,45.59533171584,-29.5));
#1957 = DIRECTION('',(3.613617858932E-16,-0.707106781187,-0.707106781187
    ));
#1958 = DIRECTION('',(1.,3.885780586188E-16,1.224646799147E-16));
#1959 = ADVANCED_FACE('',(#1960),#1978,.T.);
#1960 = FACE_BOUND('',#1961,.T.);
#1961 = EDGE_LOOP('',(#1962,#1970,#1971,#1972));
#1962 = ORIENTED_EDGE('',*,*,#1963,.F.);
#1963 = EDGE_CURVE('',#183,#1964,#1966,.T.);
#1964 = VERTEX_POINT('',#1965);
#1965 = CARTESIAN_POINT('',(-87.53282720332,44.09533171584,-29.));
#1966 = LINE('',#1967,#1968);
#1967 = CARTESIAN_POINT('',(-88.28282720332,44.09533171584,-29.75));
#1968 = VECTOR('',#1969,1.);
#1969 = DIRECTION('',(0.707106781187,2.774766180268E-15,0.707106781187)
  );
#1970 = ORIENTED_EDGE('',*,*,#182,.T.);
#1971 = ORIENTED_EDGE('',*,*,#1941,.T.);
#1972 = ORIENTED_EDGE('',*,*,#1973,.F.);
#1973 = EDGE_CURVE('',#1964,#1942,#1974,.T.);
#1974 = LINE('',#1975,#1976);
#1975 = CARTESIAN_POINT('',(-87.53282720332,44.09533171584,-29.));
#1976 = VECTOR('',#1977,1.);
#1977 = DIRECTION('',(0.707106781187,0.707106781187,2.586595605622E-15)
  );
#1978 = PLANE('',#1979);
#1979 = AXIS2_PLACEMENT_3D('',#1980,#1981,#1982);
#1980 = CARTESIAN_POINT('',(-88.53282720332,44.09533171584,-30.));
#1981 = DIRECTION('',(0.57735026919,-0.57735026919,-0.57735026919));
#1982 = DIRECTION('',(0.707106781187,0.707106781187,8.659560562355E-17)
  );
#1983 = ADVANCED_FACE('',(#1984),#2002,.T.);
#1984 = FACE_BOUND('',#1985,.F.);
#1985 = EDGE_LOOP('',(#1986,#1987,#1988,#1996));
#1986 = ORIENTED_EDGE('',*,*,#1963,.F.);
#1987 = ORIENTED_EDGE('',*,*,#190,.T.);
#1988 = ORIENTED_EDGE('',*,*,#1989,.T.);
#1989 = EDGE_CURVE('',#191,#1990,#1992,.T.);
#1990 = VERTEX_POINT('',#1991);
#1991 = CARTESIAN_POINT('',(-87.53282720332,-44.06532710336,-29.));
#1992 = LINE('',#1993,#1994);
#1993 = CARTESIAN_POINT('',(-87.78282720332,-44.06532710336,-29.25));
#1994 = VECTOR('',#1995,1.);
#1995 = DIRECTION('',(0.707106781187,-9.825233819724E-15,0.707106781187)
  );
#1996 = ORIENTED_EDGE('',*,*,#1997,.F.);
#1997 = EDGE_CURVE('',#1964,#1990,#1998,.T.);
#1998 = LINE('',#1999,#2000);
#1999 = CARTESIAN_POINT('',(-87.53282720332,45.09533171584,-29.));
#2000 = VECTOR('',#2001,1.);
#2001 = DIRECTION('',(3.885780586188E-16,-1.,2.995651960736E-32));
#2002 = PLANE('',#2003);
#2003 = AXIS2_PLACEMENT_3D('',#2004,#2005,#2006);
#2004 = CARTESIAN_POINT('',(-88.03282720332,45.09533171584,-29.5));
#2005 = DIRECTION('',(0.707106781187,2.747661802697E-16,-0.707106781187)
  );
#2006 = DIRECTION('',(-3.885780586188E-16,1.,-2.995651960736E-32));
#2007 = ADVANCED_FACE('',(#2008),#2026,.T.);
#2008 = FACE_BOUND('',#2009,.T.);
#2009 = EDGE_LOOP('',(#2010,#2018,#2019,#2020));
#2010 = ORIENTED_EDGE('',*,*,#2011,.F.);
#2011 = EDGE_CURVE('',#199,#2012,#2014,.T.);
#2012 = VERTEX_POINT('',#2013);
#2013 = CARTESIAN_POINT('',(-86.53282720332,-45.06532710336,-29.));
#2014 = LINE('',#2015,#2016);
#2015 = CARTESIAN_POINT('',(-86.53282720332,-45.81532710336,-29.75));
#2016 = VECTOR('',#2017,1.);
#2017 = DIRECTION('',(-5.36136178589E-15,0.707106781187,0.707106781187)
  );
#2018 = ORIENTED_EDGE('',*,*,#198,.T.);
#2019 = ORIENTED_EDGE('',*,*,#1989,.T.);
#2020 = ORIENTED_EDGE('',*,*,#2021,.F.);
#2021 = EDGE_CURVE('',#2012,#1990,#2022,.T.);
#2022 = LINE('',#2023,#2024);
#2023 = CARTESIAN_POINT('',(-86.53282720332,-45.06532710336,-29.));
#2024 = VECTOR('',#2025,1.);
#2025 = DIRECTION('',(-0.707106781187,0.707106781187,-5.18659560562E-15)
  );
#2026 = PLANE('',#2027);
#2027 = AXIS2_PLACEMENT_3D('',#2028,#2029,#2030);
#2028 = CARTESIAN_POINT('',(-86.53282720332,-46.06532710336,-30.));
#2029 = DIRECTION('',(0.57735026919,0.57735026919,-0.57735026919));
#2030 = DIRECTION('',(-0.707106781187,0.707106781187,-1.69641899133E-15)
  );
#2031 = ADVANCED_FACE('',(#2032),#2050,.T.);
#2032 = FACE_BOUND('',#2033,.F.);
#2033 = EDGE_LOOP('',(#2034,#2035,#2036,#2044));
#2034 = ORIENTED_EDGE('',*,*,#2011,.F.);
#2035 = ORIENTED_EDGE('',*,*,#206,.T.);
#2036 = ORIENTED_EDGE('',*,*,#2037,.T.);
#2037 = EDGE_CURVE('',#94,#2038,#2040,.T.);
#2038 = VERTEX_POINT('',#2039);
#2039 = CARTESIAN_POINT('',(-1.,-45.06532710336,-29.));
#2040 = LINE('',#2041,#2042);
#2041 = CARTESIAN_POINT('',(-15.42213786722,-30.64318923614,
    -14.57786213278));
#2042 = VECTOR('',#2043,1.);
#2043 = DIRECTION('',(-0.57735026919,0.57735026919,0.57735026919));
#2044 = ORIENTED_EDGE('',*,*,#2045,.F.);
#2045 = EDGE_CURVE('',#2012,#2038,#2046,.T.);
#2046 = LINE('',#2047,#2048);
#2047 = CARTESIAN_POINT('',(-87.53282720332,-45.06532710336,-29.));
#2048 = VECTOR('',#2049,1.);
#2049 = DIRECTION('',(1.,3.885780586188E-16,1.224646799147E-16));
#2050 = PLANE('',#2051);
#2051 = AXIS2_PLACEMENT_3D('',#2052,#2053,#2054);
#2052 = CARTESIAN_POINT('',(-87.53282720332,-45.56532710336,-29.5));
#2053 = DIRECTION('',(-1.881705746461E-16,0.707106781187,-0.707106781187
    ));
#2054 = DIRECTION('',(-1.,-3.885780586188E-16,-1.224646799147E-16));
#2055 = ADVANCED_FACE('',(#2056),#2074,.F.);
#2056 = FACE_BOUND('',#2057,.F.);
#2057 = EDGE_LOOP('',(#2058,#2059,#2067,#2073));
#2058 = ORIENTED_EDGE('',*,*,#229,.F.);
#2059 = ORIENTED_EDGE('',*,*,#2060,.T.);
#2060 = EDGE_CURVE('',#230,#2061,#2063,.T.);
#2061 = VERTEX_POINT('',#2062);
#2062 = CARTESIAN_POINT('',(-86.53282720332,45.09533171584,-28.));
#2063 = LINE('',#2064,#2065);
#2064 = CARTESIAN_POINT('',(-1.40940454133E-14,45.09533171584,-28.));
#2065 = VECTOR('',#2066,1.);
#2066 = DIRECTION('',(-1.,-3.885780586188E-16,-1.224646799147E-16));
#2067 = ORIENTED_EDGE('',*,*,#2068,.F.);
#2068 = EDGE_CURVE('',#253,#2061,#2069,.T.);
#2069 = LINE('',#2070,#2071);
#2070 = CARTESIAN_POINT('',(-86.53282720332,45.84533171584,-27.25));
#2071 = VECTOR('',#2072,1.);
#2072 = DIRECTION('',(3.613617858932E-16,-0.707106781187,-0.707106781187
    ));
#2073 = ORIENTED_EDGE('',*,*,#252,.F.);
#2074 = PLANE('',#2075);
#2075 = AXIS2_PLACEMENT_3D('',#2076,#2077,#2078);
#2076 = CARTESIAN_POINT('',(-1.434956678257E-14,45.59533171584,-27.5));
#2077 = DIRECTION('',(-1.881705746461E-16,0.707106781187,-0.707106781187
    ));
#2078 = DIRECTION('',(-1.,-3.885780586188E-16,-1.224646799147E-16));
#2079 = ADVANCED_FACE('',(#2080),#2091,.T.);
#2080 = FACE_BOUND('',#2081,.T.);
#2081 = EDGE_LOOP('',(#2082,#2088,#2089,#2090));
#2082 = ORIENTED_EDGE('',*,*,#2083,.T.);
#2083 = EDGE_CURVE('',#2061,#1942,#2084,.T.);
#2084 = LINE('',#2085,#2086);
#2085 = CARTESIAN_POINT('',(-86.53282720332,45.09533171584,-27.));
#2086 = VECTOR('',#2087,1.);
#2087 = DIRECTION('',(1.224646799147E-16,1.763056796328E-32,-1.));
#2088 = ORIENTED_EDGE('',*,*,#1949,.F.);
#2089 = ORIENTED_EDGE('',*,*,#237,.T.);
#2090 = ORIENTED_EDGE('',*,*,#2060,.T.);
#2091 = PLANE('',#2092);
#2092 = AXIS2_PLACEMENT_3D('',#2093,#2094,#2095);
#2093 = CARTESIAN_POINT('',(-87.53282720332,45.09533171584,
    -18.29049809265));
#2094 = DIRECTION('',(3.885780586188E-16,-1.,2.995651960736E-32));
#2095 = DIRECTION('',(1.,3.885780586188E-16,1.224646799147E-16));
#2096 = ADVANCED_FACE('',(#2097),#2115,.T.);
#2097 = FACE_BOUND('',#2098,.T.);
#2098 = EDGE_LOOP('',(#2099,#2100,#2101,#2109));
#2099 = ORIENTED_EDGE('',*,*,#2068,.F.);
#2100 = ORIENTED_EDGE('',*,*,#260,.T.);
#2101 = ORIENTED_EDGE('',*,*,#2102,.T.);
#2102 = EDGE_CURVE('',#261,#2103,#2105,.T.);
#2103 = VERTEX_POINT('',#2104);
#2104 = CARTESIAN_POINT('',(-87.53282720332,44.09533171584,-28.));
#2105 = LINE('',#2106,#2107);
#2106 = CARTESIAN_POINT('',(-87.78282720332,44.09533171584,-27.75));
#2107 = VECTOR('',#2108,1.);
#2108 = DIRECTION('',(0.707106781187,5.274766180266E-15,-0.707106781187)
  );
#2109 = ORIENTED_EDGE('',*,*,#2110,.F.);
#2110 = EDGE_CURVE('',#2061,#2103,#2111,.T.);
#2111 = LINE('',#2112,#2113);
#2112 = CARTESIAN_POINT('',(-86.53282720332,45.09533171584,-28.));
#2113 = VECTOR('',#2114,1.);
#2114 = DIRECTION('',(-0.707106781187,-0.707106781187,4.913404394373E-15
    ));
#2115 = PLANE('',#2116);
#2116 = AXIS2_PLACEMENT_3D('',#2117,#2118,#2119);
#2117 = CARTESIAN_POINT('',(-86.53282720332,46.09533171584,-27.));
#2118 = DIRECTION('',(0.57735026919,-0.57735026919,0.57735026919));
#2119 = DIRECTION('',(-0.707106781187,-0.707106781187,3.244073468252E-15
    ));
#2120 = ADVANCED_FACE('',(#2121),#2139,.F.);
#2121 = FACE_BOUND('',#2122,.T.);
#2122 = EDGE_LOOP('',(#2123,#2124,#2125,#2133));
#2123 = ORIENTED_EDGE('',*,*,#2102,.F.);
#2124 = ORIENTED_EDGE('',*,*,#268,.T.);
#2125 = ORIENTED_EDGE('',*,*,#2126,.T.);
#2126 = EDGE_CURVE('',#269,#2127,#2129,.T.);
#2127 = VERTEX_POINT('',#2128);
#2128 = CARTESIAN_POINT('',(-87.53282720332,-44.06532710336,-28.));
#2129 = LINE('',#2130,#2131);
#2130 = CARTESIAN_POINT('',(-87.78282720332,-44.06532710336,-27.75));
#2131 = VECTOR('',#2132,1.);
#2132 = DIRECTION('',(0.707106781187,-4.725233819727E-15,-0.707106781187
    ));
#2133 = ORIENTED_EDGE('',*,*,#2134,.F.);
#2134 = EDGE_CURVE('',#2103,#2127,#2135,.T.);
#2135 = LINE('',#2136,#2137);
#2136 = CARTESIAN_POINT('',(-87.53282720332,45.09533171584,-28.));
#2137 = VECTOR('',#2138,1.);
#2138 = DIRECTION('',(3.885780586188E-16,-1.,2.2E-16));
#2139 = PLANE('',#2140);
#2140 = AXIS2_PLACEMENT_3D('',#2141,#2142,#2143);
#2141 = CARTESIAN_POINT('',(-88.03282720332,45.09533171584,-27.5));
#2142 = DIRECTION('',(-0.707106781187,-2.747661802697E-16,
    -0.707106781187));
#2143 = DIRECTION('',(-2.785780586188E-16,1.,-1.1E-16));
#2144 = ADVANCED_FACE('',(#2145),#2163,.F.);
#2145 = FACE_BOUND('',#2146,.F.);
#2146 = EDGE_LOOP('',(#2147,#2155,#2156,#2157));
#2147 = ORIENTED_EDGE('',*,*,#2148,.F.);
#2148 = EDGE_CURVE('',#277,#2149,#2151,.T.);
#2149 = VERTEX_POINT('',#2150);
#2150 = CARTESIAN_POINT('',(-86.53282720332,-45.06532710336,-28.));
#2151 = LINE('',#2152,#2153);
#2152 = CARTESIAN_POINT('',(-86.53282720332,-45.81532710336,-27.25));
#2153 = VECTOR('',#2154,1.);
#2154 = DIRECTION('',(-5.188170574643E-15,0.707106781187,-0.707106781187
    ));
#2155 = ORIENTED_EDGE('',*,*,#276,.T.);
#2156 = ORIENTED_EDGE('',*,*,#2126,.T.);
#2157 = ORIENTED_EDGE('',*,*,#2158,.F.);
#2158 = EDGE_CURVE('',#2149,#2127,#2159,.T.);
#2159 = LINE('',#2160,#2161);
#2160 = CARTESIAN_POINT('',(-86.53282720332,-45.06532710336,-28.));
#2161 = VECTOR('',#2162,1.);
#2162 = DIRECTION('',(-0.707106781187,0.707106781187,-8.659560562355E-17
    ));
#2163 = PLANE('',#2164);
#2164 = AXIS2_PLACEMENT_3D('',#2165,#2166,#2167);
#2165 = CARTESIAN_POINT('',(-86.53282720332,-46.06532710336,-27.));
#2166 = DIRECTION('',(-0.57735026919,-0.57735026919,-0.57735026919));
#2167 = DIRECTION('',(-0.707106781187,0.707106781187,1.662005658161E-15)
  );
#2168 = ADVANCED_FACE('',(#2169),#2187,.F.);
#2169 = FACE_BOUND('',#2170,.T.);
#2170 = EDGE_LOOP('',(#2171,#2172,#2173,#2181));
#2171 = ORIENTED_EDGE('',*,*,#2148,.F.);
#2172 = ORIENTED_EDGE('',*,*,#284,.T.);
#2173 = ORIENTED_EDGE('',*,*,#2174,.T.);
#2174 = EDGE_CURVE('',#285,#2175,#2177,.T.);
#2175 = VERTEX_POINT('',#2176);
#2176 = CARTESIAN_POINT('',(-1.,-45.06532710336,-28.));
#2177 = LINE('',#2178,#2179);
#2178 = CARTESIAN_POINT('',(-14.92213786722,-31.14318923614,
    -41.92213786722));
#2179 = VECTOR('',#2180,1.);
#2180 = DIRECTION('',(-0.57735026919,0.57735026919,-0.57735026919));
#2181 = ORIENTED_EDGE('',*,*,#2182,.F.);
#2182 = EDGE_CURVE('',#2149,#2175,#2183,.T.);
#2183 = LINE('',#2184,#2185);
#2184 = CARTESIAN_POINT('',(-87.53282720332,-45.06532710336,-28.));
#2185 = VECTOR('',#2186,1.);
#2186 = DIRECTION('',(1.,3.885780586188E-16,1.224646799147E-16));
#2187 = PLANE('',#2188);
#2188 = AXIS2_PLACEMENT_3D('',#2189,#2190,#2191);
#2189 = CARTESIAN_POINT('',(-87.53282720332,-45.56532710336,-27.5));
#2190 = DIRECTION('',(3.613617858932E-16,-0.707106781187,-0.707106781187
    ));
#2191 = DIRECTION('',(-1.,-3.885780586188E-16,-1.224646799147E-16));
#2192 = ADVANCED_FACE('',(#2193,#2211,#2297),#2383,.T.);
#2193 = FACE_BOUND('',#2194,.T.);
#2194 = EDGE_LOOP('',(#2195,#2196,#2204,#2210));
#2195 = ORIENTED_EDGE('',*,*,#300,.F.);
#2196 = ORIENTED_EDGE('',*,*,#2197,.F.);
#2197 = EDGE_CURVE('',#2198,#301,#2200,.T.);
#2198 = VERTEX_POINT('',#2199);
#2199 = CARTESIAN_POINT('',(-94.,-91.,-2.));
#2200 = LINE('',#2201,#2202);
#2201 = CARTESIAN_POINT('',(-94.,-91.,-1.151167991199E-14));
#2202 = VECTOR('',#2203,1.);
#2203 = DIRECTION('',(1.224646799147E-16,1.763056796328E-32,-1.));
#2204 = ORIENTED_EDGE('',*,*,#2205,.F.);
#2205 = EDGE_CURVE('',#1698,#2198,#2206,.T.);
#2206 = LINE('',#2207,#2208);
#2207 = CARTESIAN_POINT('',(3.560553269414E-14,-91.,-2.));
#2208 = VECTOR('',#2209,1.);
#2209 = DIRECTION('',(-1.,-3.885780586188E-16,-1.224646799147E-16));
#2210 = ORIENTED_EDGE('',*,*,#1705,.F.);
#2211 = FACE_BOUND('',#2212,.T.);
#2212 = EDGE_LOOP('',(#2213,#2224,#2233,#2241,#2249,#2258,#2266,#2274,
    #2283,#2291));
#2213 = ORIENTED_EDGE('',*,*,#2214,.T.);
#2214 = EDGE_CURVE('',#2215,#2217,#2219,.T.);
#2215 = VERTEX_POINT('',#2216);
#2216 = CARTESIAN_POINT('',(-4.579224301154,-91.,-13.25156973849));
#2217 = VERTEX_POINT('',#2218);
#2218 = CARTESIAN_POINT('',(-6.5,-91.,-15.25));
#2219 = CIRCLE('',#2220,2.);
#2220 = AXIS2_PLACEMENT_3D('',#2221,#2222,#2223);
#2221 = CARTESIAN_POINT('',(-4.5,-91.,-15.25));
#2222 = DIRECTION('',(4.785780586188E-16,-1.,2.2E-16));
#2223 = DIRECTION('',(-1.,-4.785780586188E-16,-3.246467991474E-17));
#2224 = ORIENTED_EDGE('',*,*,#2225,.T.);
#2225 = EDGE_CURVE('',#2217,#2226,#2228,.T.);
#2226 = VERTEX_POINT('',#2227);
#2227 = CARTESIAN_POINT('',(-6.236747361258,-91.,-16.24182085235));
#2228 = CIRCLE('',#2229,2.);
#2229 = AXIS2_PLACEMENT_3D('',#2230,#2231,#2232);
#2230 = CARTESIAN_POINT('',(-4.5,-91.,-15.25));
#2231 = DIRECTION('',(4.785780586188E-16,-1.,2.2E-16));
#2232 = DIRECTION('',(-1.,-4.785780586188E-16,-3.246467991474E-17));
#2233 = ORIENTED_EDGE('',*,*,#2234,.T.);
#2234 = EDGE_CURVE('',#2226,#2235,#2237,.T.);
#2235 = VERTEX_POINT('',#2236);
#2236 = CARTESIAN_POINT('',(-6.387261526419,-91.,-16.51335562665));
#2237 = LINE('',#2238,#2239);
#2238 = CARTESIAN_POINT('',(-2.135599786441,-91.,-8.843153890258));
#2239 = VECTOR('',#2240,1.);
#2240 = DIRECTION('',(-0.48480957585,-1.883863637836E-16,-0.874619731749
    ));
#2241 = ORIENTED_EDGE('',*,*,#2242,.T.);
#2242 = EDGE_CURVE('',#2235,#2243,#2245,.T.);
#2243 = VERTEX_POINT('',#2244);
#2244 = CARTESIAN_POINT('',(-6.05516740257,-91.,-16.50755888529));
#2245 = LINE('',#2246,#2247);
#2246 = CARTESIAN_POINT('',(-1.145560429795,-91.,-16.42186112752));
#2247 = VECTOR('',#2248,1.);
#2248 = DIRECTION('',(0.99984769427,3.885188759541E-16,
    1.745245719031E-02));
#2249 = ORIENTED_EDGE('',*,*,#2250,.T.);
#2250 = EDGE_CURVE('',#2243,#2251,#2253,.T.);
#2251 = VERTEX_POINT('',#2252);
#2252 = CARTESIAN_POINT('',(-2.901891669141,-91.,-16.45251809252));
#2253 = CIRCLE('',#2254,2.);
#2254 = AXIS2_PLACEMENT_3D('',#2255,#2256,#2257);
#2255 = CARTESIAN_POINT('',(-4.5,-91.,-15.25));
#2256 = DIRECTION('',(4.785780586188E-16,-1.,2.2E-16));
#2257 = DIRECTION('',(-1.,-4.785780586188E-16,-3.246467991474E-17));
#2258 = ORIENTED_EDGE('',*,*,#2259,.T.);
#2259 = EDGE_CURVE('',#2251,#2260,#2262,.T.);
#2260 = VERTEX_POINT('',#2261);
#2261 = CARTESIAN_POINT('',(-2.577330112543,-91.,-16.44685283299));
#2262 = LINE('',#2263,#2264);
#2263 = CARTESIAN_POINT('',(-1.145560429795,-91.,-16.42186112752));
#2264 = VECTOR('',#2265,1.);
#2265 = DIRECTION('',(0.99984769427,3.885188759541E-16,
    1.745245719031E-02));
#2266 = ORIENTED_EDGE('',*,*,#2267,.T.);
#2267 = EDGE_CURVE('',#2260,#2268,#2270,.T.);
#2268 = VERTEX_POINT('',#2269);
#2269 = CARTESIAN_POINT('',(-2.733257018058,-91.,-16.18734691323));
#2270 = LINE('',#2271,#2272);
#2271 = CARTESIAN_POINT('',(-6.847200209142,-91.,-9.340596456007));
#2272 = VECTOR('',#2273,1.);
#2273 = DIRECTION('',(-0.515038118421,-2.001325121706E-16,0.857167274558
    ));
#2274 = ORIENTED_EDGE('',*,*,#2275,.T.);
#2275 = EDGE_CURVE('',#2268,#2276,#2278,.T.);
#2276 = VERTEX_POINT('',#2277);
#2277 = CARTESIAN_POINT('',(-4.498192814989,-91.,-13.25000081648));
#2278 = CIRCLE('',#2279,2.);
#2279 = AXIS2_PLACEMENT_3D('',#2280,#2281,#2282);
#2280 = CARTESIAN_POINT('',(-4.5,-91.,-15.25));
#2281 = DIRECTION('',(4.785780586188E-16,-1.,2.2E-16));
#2282 = DIRECTION('',(-1.,-4.785780586188E-16,-3.246467991474E-17));
#2283 = ORIENTED_EDGE('',*,*,#2284,.T.);
#2284 = EDGE_CURVE('',#2276,#2285,#2287,.T.);
#2285 = VERTEX_POINT('',#2286);
#2286 = CARTESIAN_POINT('',(-4.53988892821,-91.,-13.18060683873));
#2287 = LINE('',#2288,#2289);
#2288 = CARTESIAN_POINT('',(-6.847200209142,-91.,-9.340596456007));
#2289 = VECTOR('',#2290,1.);
#2290 = DIRECTION('',(-0.515038118421,-2.001325121706E-16,0.857167274558
    ));
#2291 = ORIENTED_EDGE('',*,*,#2292,.T.);
#2292 = EDGE_CURVE('',#2285,#2215,#2293,.T.);
#2293 = LINE('',#2294,#2295);
#2294 = CARTESIAN_POINT('',(-2.135599786441,-91.,-8.843153890258));
#2295 = VECTOR('',#2296,1.);
#2296 = DIRECTION('',(-0.48480957585,-1.883863637836E-16,-0.874619731749
    ));
#2297 = FACE_BOUND('',#2298,.T.);
#2298 = EDGE_LOOP('',(#2299,#2310,#2319,#2327,#2335,#2344,#2352,#2360,
    #2369,#2377));
#2299 = ORIENTED_EDGE('',*,*,#2300,.T.);
#2300 = EDGE_CURVE('',#2301,#2303,#2305,.T.);
#2301 = VERTEX_POINT('',#2302);
#2302 = CARTESIAN_POINT('',(-4.604324023397,-91.,-4.002722728777));
#2303 = VERTEX_POINT('',#2304);
#2304 = CARTESIAN_POINT('',(-6.5,-91.,-6.));
#2305 = CIRCLE('',#2306,2.);
#2306 = AXIS2_PLACEMENT_3D('',#2307,#2308,#2309);
#2307 = CARTESIAN_POINT('',(-4.5,-91.,-6.));
#2308 = DIRECTION('',(4.785780586188E-16,-1.,2.2E-16));
#2309 = DIRECTION('',(-1.,-4.785780586188E-16,-3.246467991474E-17));
#2310 = ORIENTED_EDGE('',*,*,#2311,.T.);
#2311 = EDGE_CURVE('',#2303,#2312,#2314,.T.);
#2312 = VERTEX_POINT('',#2313);
#2313 = CARTESIAN_POINT('',(-6.249070398609,-91.,-6.969924090179));
#2314 = CIRCLE('',#2315,2.);
#2315 = AXIS2_PLACEMENT_3D('',#2316,#2317,#2318);
#2316 = CARTESIAN_POINT('',(-4.5,-91.,-6.));
#2317 = DIRECTION('',(4.785780586188E-16,-1.,2.2E-16));
#2318 = DIRECTION('',(-1.,-4.785780586188E-16,-3.246467991474E-17));
#2319 = ORIENTED_EDGE('',*,*,#2320,.T.);
#2320 = EDGE_CURVE('',#2312,#2321,#2323,.T.);
#2321 = VERTEX_POINT('',#2322);
#2322 = CARTESIAN_POINT('',(-6.374290647824,-91.,-7.195827426732));
#2323 = LINE('',#2324,#2325);
#2324 = CARTESIAN_POINT('',(-4.099581134995,-91.,-3.09214234496));
#2325 = VECTOR('',#2326,1.);
#2326 = DIRECTION('',(-0.48480957585,-1.883863637836E-16,-0.874619731749
    ));
#2327 = ORIENTED_EDGE('',*,*,#2328,.T.);
#2328 = EDGE_CURVE('',#2321,#2329,#2331,.T.);
#2329 = VERTEX_POINT('',#2330);
#2330 = CARTESIAN_POINT('',(-6.106595867682,-91.,-7.191154783371));
#2331 = LINE('',#2332,#2333);
#2332 = CARTESIAN_POINT('',(-1.220367512619,-91.,-7.105865102075));
#2333 = VECTOR('',#2334,1.);
#2334 = DIRECTION('',(0.99984769427,3.885188759541E-16,
    1.745245719031E-02));
#2335 = ORIENTED_EDGE('',*,*,#2336,.T.);
#2336 = EDGE_CURVE('',#2329,#2337,#2339,.T.);
#2337 = VERTEX_POINT('',#2338);
#2338 = CARTESIAN_POINT('',(-2.852812009515,-91.,-7.134359609649));
#2339 = CIRCLE('',#2340,2.);
#2340 = AXIS2_PLACEMENT_3D('',#2341,#2342,#2343);
#2341 = CARTESIAN_POINT('',(-4.5,-91.,-6.));
#2342 = DIRECTION('',(4.785780586188E-16,-1.,2.2E-16));
#2343 = DIRECTION('',(-1.,-4.785780586188E-16,-3.246467991474E-17));
#2344 = ORIENTED_EDGE('',*,*,#2345,.T.);
#2345 = EDGE_CURVE('',#2337,#2346,#2348,.T.);
#2346 = VERTEX_POINT('',#2347);
#2347 = CARTESIAN_POINT('',(-2.564359233948,-91.,-7.129324633076));
#2348 = LINE('',#2349,#2350);
#2349 = CARTESIAN_POINT('',(-1.220367512619,-91.,-7.105865102075));
#2350 = VECTOR('',#2351,1.);
#2351 = DIRECTION('',(0.99984769427,3.885188759541E-16,
    1.745245719031E-02));
#2352 = ORIENTED_EDGE('',*,*,#2353,.T.);
#2353 = EDGE_CURVE('',#2346,#2354,#2356,.T.);
#2354 = VERTEX_POINT('',#2355);
#2355 = CARTESIAN_POINT('',(-2.708586401265,-91.,-6.889290345313));
#2356 = LINE('',#2357,#2358);
#2357 = CARTESIAN_POINT('',(-4.779227300925,-91.,-3.443165576931));
#2358 = VECTOR('',#2359,1.);
#2359 = DIRECTION('',(-0.515038118421,-2.001325121706E-16,0.857167274558
    ));
#2360 = ORIENTED_EDGE('',*,*,#2361,.T.);
#2361 = EDGE_CURVE('',#2354,#2362,#2364,.T.);
#2362 = VERTEX_POINT('',#2363);
#2363 = CARTESIAN_POINT('',(-4.444179230918,-91.,-4.000779141331));
#2364 = CIRCLE('',#2365,2.);
#2365 = AXIS2_PLACEMENT_3D('',#2366,#2367,#2368);
#2366 = CARTESIAN_POINT('',(-4.5,-91.,-6.));
#2367 = DIRECTION('',(4.785780586188E-16,-1.,2.2E-16));
#2368 = DIRECTION('',(-1.,-4.785780586188E-16,-3.246467991474E-17));
#2369 = ORIENTED_EDGE('',*,*,#2370,.T.);
#2370 = EDGE_CURVE('',#2362,#2371,#2373,.T.);
#2371 = VERTEX_POINT('',#2372);
#2372 = CARTESIAN_POINT('',(-4.526918049615,-91.,-3.863078638812));
#2373 = LINE('',#2374,#2375);
#2374 = CARTESIAN_POINT('',(-4.779227300925,-91.,-3.443165576931));
#2375 = VECTOR('',#2376,1.);
#2376 = DIRECTION('',(-0.515038118421,-2.001325121706E-16,0.857167274558
    ));
#2377 = ORIENTED_EDGE('',*,*,#2378,.T.);
#2378 = EDGE_CURVE('',#2371,#2301,#2379,.T.);
#2379 = LINE('',#2380,#2381);
#2380 = CARTESIAN_POINT('',(-4.099581134995,-91.,-3.09214234496));
#2381 = VECTOR('',#2382,1.);
#2382 = DIRECTION('',(-0.48480957585,-1.883863637836E-16,-0.874619731749
    ));
#2383 = PLANE('',#2384);
#2384 = AXIS2_PLACEMENT_3D('',#2385,#2386,#2387);
#2385 = CARTESIAN_POINT('',(3.536060333431E-14,-91.,-6.7E-16));
#2386 = DIRECTION('',(-3.885780586188E-16,1.,-2.995651960736E-32));
#2387 = DIRECTION('',(-1.,-3.885780586188E-16,-1.224646799147E-16));
#2388 = ADVANCED_FACE('',(#2389),#2414,.T.);
#2389 = FACE_BOUND('',#2390,.T.);
#2390 = EDGE_LOOP('',(#2391,#2399,#2407,#2413));
#2391 = ORIENTED_EDGE('',*,*,#2392,.T.);
#2392 = EDGE_CURVE('',#309,#2393,#2395,.T.);
#2393 = VERTEX_POINT('',#2394);
#2394 = CARTESIAN_POINT('',(-96.,-70.5,-25.));
#2395 = LINE('',#2396,#2397);
#2396 = CARTESIAN_POINT('',(-95.5,-70.5,-25.5));
#2397 = VECTOR('',#2398,1.);
#2398 = DIRECTION('',(-0.707106781187,-7.774766180265E-15,0.707106781187
    ));
#2399 = ORIENTED_EDGE('',*,*,#2400,.T.);
#2400 = EDGE_CURVE('',#2393,#2401,#2403,.T.);
#2401 = VERTEX_POINT('',#2402);
#2402 = CARTESIAN_POINT('',(-96.,-89.,-25.));
#2403 = LINE('',#2404,#2405);
#2404 = CARTESIAN_POINT('',(-96.,-68.5,-25.));
#2405 = VECTOR('',#2406,1.);
#2406 = DIRECTION('',(3.885780586188E-16,-1.,2.2E-16));
#2407 = ORIENTED_EDGE('',*,*,#2408,.F.);
#2408 = EDGE_CURVE('',#301,#2401,#2409,.T.);
#2409 = LINE('',#2410,#2411);
#2410 = CARTESIAN_POINT('',(-102.9166666666,-82.08333333333,
    -18.08333333333));
#2411 = VECTOR('',#2412,1.);
#2412 = DIRECTION('',(-0.57735026919,0.57735026919,0.57735026919));
#2413 = ORIENTED_EDGE('',*,*,#308,.F.);
#2414 = PLANE('',#2415);
#2415 = AXIS2_PLACEMENT_3D('',#2416,#2417,#2418);
#2416 = CARTESIAN_POINT('',(-95.,-68.5,-26.));
#2417 = DIRECTION('',(0.707106781187,5.047661802695E-16,0.707106781187)
  );
#2418 = DIRECTION('',(4.412126182916E-16,-1.,2.726345596728E-16));
#2419 = ADVANCED_FACE('',(#2420),#2438,.F.);
#2420 = FACE_BOUND('',#2421,.F.);
#2421 = EDGE_LOOP('',(#2422,#2430,#2431,#2432));
#2422 = ORIENTED_EDGE('',*,*,#2423,.F.);
#2423 = EDGE_CURVE('',#317,#2424,#2426,.T.);
#2424 = VERTEX_POINT('',#2425);
#2425 = CARTESIAN_POINT('',(-98.,-68.5,-25.));
#2426 = LINE('',#2427,#2428);
#2427 = CARTESIAN_POINT('',(-98.,-67.,-26.5));
#2428 = VECTOR('',#2429,1.);
#2429 = DIRECTION('',(-3.561829425351E-15,-0.707106781187,0.707106781187
    ));
#2430 = ORIENTED_EDGE('',*,*,#316,.T.);
#2431 = ORIENTED_EDGE('',*,*,#2392,.T.);
#2432 = ORIENTED_EDGE('',*,*,#2433,.F.);
#2433 = EDGE_CURVE('',#2424,#2393,#2434,.T.);
#2434 = LINE('',#2435,#2436);
#2435 = CARTESIAN_POINT('',(-98.,-68.5,-25.));
#2436 = VECTOR('',#2437,1.);
#2437 = DIRECTION('',(0.707106781187,-0.707106781187,3.836595605621E-15)
  );
#2438 = PLANE('',#2439);
#2439 = AXIS2_PLACEMENT_3D('',#2440,#2441,#2442);
#2440 = CARTESIAN_POINT('',(-98.,-66.5,-27.));
#2441 = DIRECTION('',(-0.57735026919,-0.57735026919,-0.57735026919));
#2442 = DIRECTION('',(0.707106781187,-0.707106781187,9.747740253237E-16)
  );
#2443 = ADVANCED_FACE('',(#2444),#2462,.T.);
#2444 = FACE_BOUND('',#2445,.T.);
#2445 = EDGE_LOOP('',(#2446,#2454,#2460,#2461));
#2446 = ORIENTED_EDGE('',*,*,#2447,.T.);
#2447 = EDGE_CURVE('',#325,#2448,#2450,.T.);
#2448 = VERTEX_POINT('',#2449);
#2449 = CARTESIAN_POINT('',(-109.,-68.5,-25.));
#2450 = LINE('',#2451,#2452);
#2451 = CARTESIAN_POINT('',(-109.,-67.,-26.5));
#2452 = VECTOR('',#2453,1.);
#2453 = DIRECTION('',(-7.411829425349E-15,-0.707106781187,0.707106781187
    ));
#2454 = ORIENTED_EDGE('',*,*,#2455,.T.);
#2455 = EDGE_CURVE('',#2448,#2424,#2456,.T.);
#2456 = LINE('',#2457,#2458);
#2457 = CARTESIAN_POINT('',(-111.,-68.5,-25.));
#2458 = VECTOR('',#2459,1.);
#2459 = DIRECTION('',(1.,3.885780586188E-16,1.224646799147E-16));
#2460 = ORIENTED_EDGE('',*,*,#2423,.F.);
#2461 = ORIENTED_EDGE('',*,*,#324,.F.);
#2462 = PLANE('',#2463);
#2463 = AXIS2_PLACEMENT_3D('',#2464,#2465,#2466);
#2464 = CARTESIAN_POINT('',(-111.,-67.5,-26.));
#2465 = DIRECTION('',(-3.613617858932E-16,0.707106781187,0.707106781187)
  );
#2466 = DIRECTION('',(1.,3.885780586188E-16,1.224646799147E-16));
#2467 = ADVANCED_FACE('',(#2468),#2493,.F.);
#2468 = FACE_BOUND('',#2469,.T.);
#2469 = EDGE_LOOP('',(#2470,#2480,#2486,#2487));
#2470 = ORIENTED_EDGE('',*,*,#2471,.T.);
#2471 = EDGE_CURVE('',#2472,#2474,#2476,.T.);
#2472 = VERTEX_POINT('',#2473);
#2473 = CARTESIAN_POINT('',(-111.,66.5,-25.));
#2474 = VERTEX_POINT('',#2475);
#2475 = CARTESIAN_POINT('',(-111.,-66.5,-25.));
#2476 = LINE('',#2477,#2478);
#2477 = CARTESIAN_POINT('',(-111.,68.5,-25.));
#2478 = VECTOR('',#2479,1.);
#2479 = DIRECTION('',(3.885780586188E-16,-1.,2.2E-16));
#2480 = ORIENTED_EDGE('',*,*,#2481,.F.);
#2481 = EDGE_CURVE('',#325,#2474,#2482,.T.);
#2482 = LINE('',#2483,#2484);
#2483 = CARTESIAN_POINT('',(-109.5,-66.5,-26.5));
#2484 = VECTOR('',#2485,1.);
#2485 = DIRECTION('',(-0.707106781187,-2.194766180268E-15,0.707106781187
    ));
#2486 = ORIENTED_EDGE('',*,*,#332,.F.);
#2487 = ORIENTED_EDGE('',*,*,#2488,.T.);
#2488 = EDGE_CURVE('',#333,#2472,#2489,.T.);
#2489 = LINE('',#2490,#2491);
#2490 = CARTESIAN_POINT('',(-110.,66.5,-26.));
#2491 = VECTOR('',#2492,1.);
#2492 = DIRECTION('',(-0.707106781187,-1.524766180269E-15,0.707106781187
    ));
#2493 = PLANE('',#2494);
#2494 = AXIS2_PLACEMENT_3D('',#2495,#2496,#2497);
#2495 = CARTESIAN_POINT('',(-110.,68.5,-26.));
#2496 = DIRECTION('',(-0.707106781187,-5.347661802695E-16,
    -0.707106781187));
#2497 = DIRECTION('',(-4.624258217272E-16,1.,-2.938477631084E-16));
#2498 = ADVANCED_FACE('',(#2499),#2524,.T.);
#2499 = FACE_BOUND('',#2500,.T.);
#2500 = EDGE_LOOP('',(#2501,#2509,#2517,#2523));
#2501 = ORIENTED_EDGE('',*,*,#2502,.T.);
#2502 = EDGE_CURVE('',#341,#2503,#2505,.T.);
#2503 = VERTEX_POINT('',#2504);
#2504 = CARTESIAN_POINT('',(-98.,68.5,-25.));
#2505 = LINE('',#2506,#2507);
#2506 = CARTESIAN_POINT('',(-98.,67.,-26.5));
#2507 = VECTOR('',#2508,1.);
#2508 = DIRECTION('',(-1.611361785892E-15,0.707106781187,0.707106781187)
  );
#2509 = ORIENTED_EDGE('',*,*,#2510,.T.);
#2510 = EDGE_CURVE('',#2503,#2511,#2513,.T.);
#2511 = VERTEX_POINT('',#2512);
#2512 = CARTESIAN_POINT('',(-109.,68.5,-25.));
#2513 = LINE('',#2514,#2515);
#2514 = CARTESIAN_POINT('',(-96.,68.5,-25.));
#2515 = VECTOR('',#2516,1.);
#2516 = DIRECTION('',(-1.,-3.885780586188E-16,-1.224646799147E-16));
#2517 = ORIENTED_EDGE('',*,*,#2518,.T.);
#2518 = EDGE_CURVE('',#2511,#333,#2519,.T.);
#2519 = LINE('',#2520,#2521);
#2520 = CARTESIAN_POINT('',(-109.,68.,-25.5));
#2521 = VECTOR('',#2522,1.);
#2522 = DIRECTION('',(6.51361785893E-16,-0.707106781187,-0.707106781187)
  );
#2523 = ORIENTED_EDGE('',*,*,#340,.F.);
#2524 = PLANE('',#2525);
#2525 = AXIS2_PLACEMENT_3D('',#2526,#2527,#2528);
#2526 = CARTESIAN_POINT('',(-96.,67.5,-26.));
#2527 = DIRECTION('',(1.881705746461E-16,-0.707106781187,0.707106781187)
  );
#2528 = DIRECTION('',(-1.,-3.885780586188E-16,-1.224646799147E-16));
#2529 = ADVANCED_FACE('',(#2530),#2548,.T.);
#2530 = FACE_BOUND('',#2531,.T.);
#2531 = EDGE_LOOP('',(#2532,#2533,#2534,#2542));
#2532 = ORIENTED_EDGE('',*,*,#2502,.F.);
#2533 = ORIENTED_EDGE('',*,*,#348,.T.);
#2534 = ORIENTED_EDGE('',*,*,#2535,.T.);
#2535 = EDGE_CURVE('',#349,#2536,#2538,.T.);
#2536 = VERTEX_POINT('',#2537);
#2537 = CARTESIAN_POINT('',(-96.,70.5,-25.));
#2538 = LINE('',#2539,#2540);
#2539 = CARTESIAN_POINT('',(-95.5,70.5,-25.5));
#2540 = VECTOR('',#2541,1.);
#2541 = DIRECTION('',(-0.707106781187,2.225233819729E-15,0.707106781187)
  );
#2542 = ORIENTED_EDGE('',*,*,#2543,.F.);
#2543 = EDGE_CURVE('',#2503,#2536,#2544,.T.);
#2544 = LINE('',#2545,#2546);
#2545 = CARTESIAN_POINT('',(-98.,68.5,-25.));
#2546 = VECTOR('',#2547,1.);
#2547 = DIRECTION('',(0.707106781187,0.707106781187,1.336595605623E-15)
  );
#2548 = PLANE('',#2549);
#2549 = AXIS2_PLACEMENT_3D('',#2550,#2551,#2552);
#2550 = CARTESIAN_POINT('',(-98.,66.5,-27.));
#2551 = DIRECTION('',(0.57735026919,-0.57735026919,0.57735026919));
#2552 = DIRECTION('',(0.707106781187,0.707106781187,9.747740253237E-16)
  );
#2553 = ADVANCED_FACE('',(#2554),#2572,.T.);
#2554 = FACE_BOUND('',#2555,.T.);
#2555 = EDGE_LOOP('',(#2556,#2564,#2570,#2571));
#2556 = ORIENTED_EDGE('',*,*,#2557,.T.);
#2557 = EDGE_CURVE('',#357,#2558,#2560,.T.);
#2558 = VERTEX_POINT('',#2559);
#2559 = CARTESIAN_POINT('',(-96.,89.,-25.));
#2560 = LINE('',#2561,#2562);
#2561 = CARTESIAN_POINT('',(-94.66666666666,90.33333333333,
    -26.33333333333));
#2562 = VECTOR('',#2563,1.);
#2563 = DIRECTION('',(-0.57735026919,-0.57735026919,0.57735026919));
#2564 = ORIENTED_EDGE('',*,*,#2565,.T.);
#2565 = EDGE_CURVE('',#2558,#2536,#2566,.T.);
#2566 = LINE('',#2567,#2568);
#2567 = CARTESIAN_POINT('',(-96.,91.,-25.));
#2568 = VECTOR('',#2569,1.);
#2569 = DIRECTION('',(3.885780586188E-16,-1.,2.2E-16));
#2570 = ORIENTED_EDGE('',*,*,#2535,.F.);
#2571 = ORIENTED_EDGE('',*,*,#356,.F.);
#2572 = PLANE('',#2573);
#2573 = AXIS2_PLACEMENT_3D('',#2574,#2575,#2576);
#2574 = CARTESIAN_POINT('',(-95.,91.,-26.));
#2575 = DIRECTION('',(0.707106781187,5.047661802695E-16,0.707106781187)
  );
#2576 = DIRECTION('',(4.412126182916E-16,-1.,2.726345596728E-16));
#2577 = ADVANCED_FACE('',(#2578),#2597,.T.);
#2578 = FACE_BOUND('',#2579,.T.);
#2579 = EDGE_LOOP('',(#2580,#2588,#2589,#2590));
#2580 = ORIENTED_EDGE('',*,*,#2581,.F.);
#2581 = EDGE_CURVE('',#373,#2582,#2584,.T.);
#2582 = VERTEX_POINT('',#2583);
#2583 = CARTESIAN_POINT('',(-83.0521,-52.5109,-25.));
#2584 = LINE('',#2585,#2586);
#2585 = CARTESIAN_POINT('',(-83.0521,-52.5109,-25.));
#2586 = VECTOR('',#2587,1.);
#2587 = DIRECTION('',(-0.707106781187,-1.147661802698E-16,0.707106781187
    ));
#2588 = ORIENTED_EDGE('',*,*,#372,.T.);
#2589 = ORIENTED_EDGE('',*,*,#2581,.T.);
#2590 = ORIENTED_EDGE('',*,*,#2591,.F.);
#2591 = EDGE_CURVE('',#2582,#2582,#2592,.T.);
#2592 = CIRCLE('',#2593,3.5);
#2593 = AXIS2_PLACEMENT_3D('',#2594,#2595,#2596);
#2594 = CARTESIAN_POINT('',(-86.5521,-52.5109,-25.));
#2595 = DIRECTION('',(-1.224646799147E-16,2.2E-16,1.));
#2596 = DIRECTION('',(1.,3.885780586188E-16,1.224646799147E-16));
#2597 = CONICAL_SURFACE('',#2598,3.5,0.785398163397);
#2598 = AXIS2_PLACEMENT_3D('',#2599,#2600,#2601);
#2599 = CARTESIAN_POINT('',(-86.5521,-52.5109,-25.));
#2600 = DIRECTION('',(1.224646799147E-16,-2.2E-16,-1.));
#2601 = DIRECTION('',(1.,3.885780586188E-16,1.224646799147E-16));
#2602 = ADVANCED_FACE('',(#2603),#2622,.T.);
#2603 = FACE_BOUND('',#2604,.T.);
#2604 = EDGE_LOOP('',(#2605,#2613,#2614,#2615));
#2605 = ORIENTED_EDGE('',*,*,#2606,.F.);
#2606 = EDGE_CURVE('',#384,#2607,#2609,.T.);
#2607 = VERTEX_POINT('',#2608);
#2608 = CARTESIAN_POINT('',(-82.5483,62.5621,-25.));
#2609 = LINE('',#2610,#2611);
#2610 = CARTESIAN_POINT('',(-82.5483,62.5621,-25.));
#2611 = VECTOR('',#2612,1.);
#2612 = DIRECTION('',(-0.707106781187,-1.147661802698E-16,0.707106781187
    ));
#2613 = ORIENTED_EDGE('',*,*,#383,.T.);
#2614 = ORIENTED_EDGE('',*,*,#2606,.T.);
#2615 = ORIENTED_EDGE('',*,*,#2616,.F.);
#2616 = EDGE_CURVE('',#2607,#2607,#2617,.T.);
#2617 = CIRCLE('',#2618,4.);
#2618 = AXIS2_PLACEMENT_3D('',#2619,#2620,#2621);
#2619 = CARTESIAN_POINT('',(-86.5483,62.5621,-25.));
#2620 = DIRECTION('',(-1.224646799147E-16,2.2E-16,1.));
#2621 = DIRECTION('',(1.,3.885780586188E-16,1.224646799147E-16));
#2622 = CONICAL_SURFACE('',#2623,4.,0.785398163397);
#2623 = AXIS2_PLACEMENT_3D('',#2624,#2625,#2626);
#2624 = CARTESIAN_POINT('',(-86.5483,62.5621,-25.));
#2625 = DIRECTION('',(1.224646799147E-16,-2.2E-16,-1.));
#2626 = DIRECTION('',(1.,3.885780586188E-16,1.224646799147E-16));
#2627 = ADVANCED_FACE('',(#2628),#2646,.F.);
#2628 = FACE_BOUND('',#2629,.T.);
#2629 = EDGE_LOOP('',(#2630,#2631,#2632,#2640));
#2630 = ORIENTED_EDGE('',*,*,#2557,.F.);
#2631 = ORIENTED_EDGE('',*,*,#410,.T.);
#2632 = ORIENTED_EDGE('',*,*,#2633,.T.);
#2633 = EDGE_CURVE('',#403,#2634,#2636,.T.);
#2634 = VERTEX_POINT('',#2635);
#2635 = CARTESIAN_POINT('',(-96.,89.,-2.));
#2636 = LINE('',#2637,#2638);
#2637 = CARTESIAN_POINT('',(-94.,91.,-2.));
#2638 = VECTOR('',#2639,1.);
#2639 = DIRECTION('',(-0.707106781187,-0.707106781187,7.834043943759E-16
    ));
#2640 = ORIENTED_EDGE('',*,*,#2641,.F.);
#2641 = EDGE_CURVE('',#2558,#2634,#2642,.T.);
#2642 = LINE('',#2643,#2644);
#2643 = CARTESIAN_POINT('',(-96.,89.,-27.));
#2644 = VECTOR('',#2645,1.);
#2645 = DIRECTION('',(-1.224646799147E-16,-1.763056796328E-32,1.));
#2646 = PLANE('',#2647);
#2647 = AXIS2_PLACEMENT_3D('',#2648,#2649,#2650);
#2648 = CARTESIAN_POINT('',(-95.,90.,-27.));
#2649 = DIRECTION('',(-0.707106781187,0.707106781187,-8.659560562355E-17
    ));
#2650 = DIRECTION('',(1.224646799147E-16,1.763056796328E-32,-1.));
#2651 = ADVANCED_FACE('',(#2652),#2677,.F.);
#2652 = FACE_BOUND('',#2653,.F.);
#2653 = EDGE_LOOP('',(#2654,#2662,#2670,#2676));
#2654 = ORIENTED_EDGE('',*,*,#2655,.T.);
#2655 = EDGE_CURVE('',#419,#2656,#2658,.T.);
#2656 = VERTEX_POINT('',#2657);
#2657 = CARTESIAN_POINT('',(-81.5,92.,-22.));
#2658 = LINE('',#2659,#2660);
#2659 = CARTESIAN_POINT('',(-81.5,91.25,-22.75));
#2660 = VECTOR('',#2661,1.);
#2661 = DIRECTION('',(7.138638214102E-15,0.707106781187,0.707106781187)
  );
#2662 = ORIENTED_EDGE('',*,*,#2663,.T.);
#2663 = EDGE_CURVE('',#2656,#2664,#2666,.T.);
#2664 = VERTEX_POINT('',#2665);
#2665 = CARTESIAN_POINT('',(-80.5,92.,-22.));
#2666 = LINE('',#2667,#2668);
#2667 = CARTESIAN_POINT('',(-82.5,92.,-22.));
#2668 = VECTOR('',#2669,1.);
#2669 = DIRECTION('',(1.,3.885780586188E-16,1.224646799147E-16));
#2670 = ORIENTED_EDGE('',*,*,#2671,.F.);
#2671 = EDGE_CURVE('',#421,#2664,#2672,.T.);
#2672 = LINE('',#2673,#2674);
#2673 = CARTESIAN_POINT('',(-80.5,91.75,-22.25));
#2674 = VECTOR('',#2675,1.);
#2675 = DIRECTION('',(4.638638214104E-15,0.707106781187,0.707106781187)
  );
#2676 = ORIENTED_EDGE('',*,*,#418,.F.);
#2677 = PLANE('',#2678);
#2678 = AXIS2_PLACEMENT_3D('',#2679,#2680,#2681);
#2679 = CARTESIAN_POINT('',(-82.5,91.5,-22.5));
#2680 = DIRECTION('',(-1.881705746461E-16,0.707106781187,-0.707106781187
    ));
#2681 = DIRECTION('',(1.,3.885780586188E-16,1.224646799147E-16));
#2682 = ADVANCED_FACE('',(#2683),#2701,.F.);
#2683 = FACE_BOUND('',#2684,.F.);
#2684 = EDGE_LOOP('',(#2685,#2686,#2687,#2695));
#2685 = ORIENTED_EDGE('',*,*,#2655,.F.);
#2686 = ORIENTED_EDGE('',*,*,#428,.T.);
#2687 = ORIENTED_EDGE('',*,*,#2688,.T.);
#2688 = EDGE_CURVE('',#429,#2689,#2691,.T.);
#2689 = VERTEX_POINT('',#2690);
#2690 = CARTESIAN_POINT('',(-82.5,92.,-21.));
#2691 = LINE('',#2692,#2693);
#2692 = CARTESIAN_POINT('',(-82.75,91.75,-21.));
#2693 = VECTOR('',#2694,1.);
#2694 = DIRECTION('',(0.707106781187,0.707106781187,1.018659560562E-14)
  );
#2695 = ORIENTED_EDGE('',*,*,#2696,.F.);
#2696 = EDGE_CURVE('',#2656,#2689,#2697,.T.);
#2697 = LINE('',#2698,#2699);
#2698 = CARTESIAN_POINT('',(-81.5,92.,-22.));
#2699 = VECTOR('',#2700,1.);
#2700 = DIRECTION('',(-0.707106781187,2.325233819729E-15,0.707106781187)
  );
#2701 = PLANE('',#2702);
#2702 = AXIS2_PLACEMENT_3D('',#2703,#2704,#2705);
#2703 = CARTESIAN_POINT('',(-81.5,91.,-23.));
#2704 = DIRECTION('',(-0.57735026919,0.57735026919,-0.57735026919));
#2705 = DIRECTION('',(-0.707106781187,-2.747661802697E-16,0.707106781187
    ));
#2706 = ADVANCED_FACE('',(#2707),#2725,.F.);
#2707 = FACE_BOUND('',#2708,.F.);
#2708 = EDGE_LOOP('',(#2709,#2717,#2718,#2719));
#2709 = ORIENTED_EDGE('',*,*,#2710,.F.);
#2710 = EDGE_CURVE('',#469,#2711,#2713,.T.);
#2711 = VERTEX_POINT('',#2712);
#2712 = CARTESIAN_POINT('',(-79.5,92.,-21.));
#2713 = LINE('',#2714,#2715);
#2714 = CARTESIAN_POINT('',(-78.75,91.25,-21.));
#2715 = VECTOR('',#2716,1.);
#2716 = DIRECTION('',(-0.707106781187,0.707106781187,-8.659560562355E-17
    ));
#2717 = ORIENTED_EDGE('',*,*,#476,.T.);
#2718 = ORIENTED_EDGE('',*,*,#2671,.T.);
#2719 = ORIENTED_EDGE('',*,*,#2720,.F.);
#2720 = EDGE_CURVE('',#2711,#2664,#2721,.T.);
#2721 = LINE('',#2722,#2723);
#2722 = CARTESIAN_POINT('',(-79.5,92.,-21.));
#2723 = VECTOR('',#2724,1.);
#2724 = DIRECTION('',(-0.707106781187,-5.274766180266E-15,
    -0.707106781187));
#2725 = PLANE('',#2726);
#2726 = AXIS2_PLACEMENT_3D('',#2727,#2728,#2729);
#2727 = CARTESIAN_POINT('',(-78.5,91.,-21.));
#2728 = DIRECTION('',(0.57735026919,0.57735026919,-0.57735026919));
#2729 = DIRECTION('',(-0.707106781187,-6.936104328021E-15,
    -0.707106781187));
#2730 = ADVANCED_FACE('',(#2731),#2749,.F.);
#2731 = FACE_BOUND('',#2732,.F.);
#2732 = EDGE_LOOP('',(#2733,#2741,#2747,#2748));
#2733 = ORIENTED_EDGE('',*,*,#2734,.T.);
#2734 = EDGE_CURVE('',#437,#2735,#2737,.T.);
#2735 = VERTEX_POINT('',#2736);
#2736 = CARTESIAN_POINT('',(-82.5,92.,-9.));
#2737 = LINE('',#2738,#2739);
#2738 = CARTESIAN_POINT('',(-83.25,91.25,-9.));
#2739 = VECTOR('',#2740,1.);
#2740 = DIRECTION('',(0.707106781187,0.707106781187,8.659560562355E-17)
  );
#2741 = ORIENTED_EDGE('',*,*,#2742,.T.);
#2742 = EDGE_CURVE('',#2735,#2689,#2743,.T.);
#2743 = LINE('',#2744,#2745);
#2744 = CARTESIAN_POINT('',(-82.5,92.,-8.));
#2745 = VECTOR('',#2746,1.);
#2746 = DIRECTION('',(1.224646799147E-16,1.763056796328E-32,-1.));
#2747 = ORIENTED_EDGE('',*,*,#2688,.F.);
#2748 = ORIENTED_EDGE('',*,*,#436,.F.);
#2749 = PLANE('',#2750);
#2750 = AXIS2_PLACEMENT_3D('',#2751,#2752,#2753);
#2751 = CARTESIAN_POINT('',(-83.,91.5,-8.));
#2752 = DIRECTION('',(-0.707106781187,0.707106781187,-8.659560562355E-17
    ));
#2753 = DIRECTION('',(1.224646799147E-16,1.763056796328E-32,-1.));
#2754 = ADVANCED_FACE('',(#2755),#2773,.F.);
#2755 = FACE_BOUND('',#2756,.F.);
#2756 = EDGE_LOOP('',(#2757,#2758,#2766,#2772));
#2757 = ORIENTED_EDGE('',*,*,#2710,.T.);
#2758 = ORIENTED_EDGE('',*,*,#2759,.T.);
#2759 = EDGE_CURVE('',#2711,#2760,#2762,.T.);
#2760 = VERTEX_POINT('',#2761);
#2761 = CARTESIAN_POINT('',(-79.5,92.,-9.));
#2762 = LINE('',#2763,#2764);
#2763 = CARTESIAN_POINT('',(-79.5,92.,-22.));
#2764 = VECTOR('',#2765,1.);
#2765 = DIRECTION('',(-1.224646799147E-16,-1.763056796328E-32,1.));
#2766 = ORIENTED_EDGE('',*,*,#2767,.F.);
#2767 = EDGE_CURVE('',#461,#2760,#2768,.T.);
#2768 = LINE('',#2769,#2770);
#2769 = CARTESIAN_POINT('',(-79.25,91.75,-9.));
#2770 = VECTOR('',#2771,1.);
#2771 = DIRECTION('',(-0.707106781187,0.707106781187,3.083404394374E-15)
  );
#2772 = ORIENTED_EDGE('',*,*,#468,.F.);
#2773 = PLANE('',#2774);
#2774 = AXIS2_PLACEMENT_3D('',#2775,#2776,#2777);
#2775 = CARTESIAN_POINT('',(-79.,91.5,-22.));
#2776 = DIRECTION('',(0.707106781187,0.707106781187,8.659560562355E-17)
  );
#2777 = DIRECTION('',(-1.224646799147E-16,-1.763056796328E-32,1.));
#2778 = ADVANCED_FACE('',(#2779),#2797,.F.);
#2779 = FACE_BOUND('',#2780,.F.);
#2780 = EDGE_LOOP('',(#2781,#2782,#2783,#2791));
#2781 = ORIENTED_EDGE('',*,*,#2734,.F.);
#2782 = ORIENTED_EDGE('',*,*,#444,.T.);
#2783 = ORIENTED_EDGE('',*,*,#2784,.T.);
#2784 = EDGE_CURVE('',#445,#2785,#2787,.T.);
#2785 = VERTEX_POINT('',#2786);
#2786 = CARTESIAN_POINT('',(-81.5,92.,-8.));
#2787 = LINE('',#2788,#2789);
#2788 = CARTESIAN_POINT('',(-81.5,91.75,-7.75));
#2789 = VECTOR('',#2790,1.);
#2790 = DIRECTION('',(-1.881705746461E-16,0.707106781187,-0.707106781187
    ));
#2791 = ORIENTED_EDGE('',*,*,#2792,.F.);
#2792 = EDGE_CURVE('',#2735,#2785,#2793,.T.);
#2793 = LINE('',#2794,#2795);
#2794 = CARTESIAN_POINT('',(-82.5,92.,-9.));
#2795 = VECTOR('',#2796,1.);
#2796 = DIRECTION('',(0.707106781187,2.747661802697E-16,0.707106781187)
  );
#2797 = PLANE('',#2798);
#2798 = AXIS2_PLACEMENT_3D('',#2799,#2800,#2801);
#2799 = CARTESIAN_POINT('',(-83.5,91.,-9.));
#2800 = DIRECTION('',(-0.57735026919,0.57735026919,0.57735026919));
#2801 = DIRECTION('',(0.707106781187,7.047126630483E-15,0.707106781187)
  );
#2802 = ADVANCED_FACE('',(#2803),#2821,.F.);
#2803 = FACE_BOUND('',#2804,.F.);
#2804 = EDGE_LOOP('',(#2805,#2813,#2814,#2815));
#2805 = ORIENTED_EDGE('',*,*,#2806,.F.);
#2806 = EDGE_CURVE('',#453,#2807,#2809,.T.);
#2807 = VERTEX_POINT('',#2808);
#2808 = CARTESIAN_POINT('',(-80.5,92.,-8.));
#2809 = LINE('',#2810,#2811);
#2810 = CARTESIAN_POINT('',(-80.5,91.25,-7.25));
#2811 = VECTOR('',#2812,1.);
#2812 = DIRECTION('',(4.818294253535E-16,0.707106781187,-0.707106781187)
  );
#2813 = ORIENTED_EDGE('',*,*,#460,.T.);
#2814 = ORIENTED_EDGE('',*,*,#2767,.T.);
#2815 = ORIENTED_EDGE('',*,*,#2816,.F.);
#2816 = EDGE_CURVE('',#2807,#2760,#2817,.T.);
#2817 = LINE('',#2818,#2819);
#2818 = CARTESIAN_POINT('',(-80.5,92.,-8.));
#2819 = VECTOR('',#2820,1.);
#2820 = DIRECTION('',(0.707106781187,-2.225233819729E-15,-0.707106781187
    ));
#2821 = PLANE('',#2822);
#2822 = AXIS2_PLACEMENT_3D('',#2823,#2824,#2825);
#2823 = CARTESIAN_POINT('',(-80.5,91.,-7.));
#2824 = DIRECTION('',(0.57735026919,0.57735026919,0.57735026919));
#2825 = DIRECTION('',(0.707106781187,3.857884827322E-16,-0.707106781187)
  );
#2826 = ADVANCED_FACE('',(#2827),#2838,.F.);
#2827 = FACE_BOUND('',#2828,.F.);
#2828 = EDGE_LOOP('',(#2829,#2830,#2836,#2837));
#2829 = ORIENTED_EDGE('',*,*,#2806,.T.);
#2830 = ORIENTED_EDGE('',*,*,#2831,.T.);
#2831 = EDGE_CURVE('',#2807,#2785,#2832,.T.);
#2832 = LINE('',#2833,#2834);
#2833 = CARTESIAN_POINT('',(-79.5,92.,-8.));
#2834 = VECTOR('',#2835,1.);
#2835 = DIRECTION('',(-1.,-3.885780586188E-16,-1.224646799147E-16));
#2836 = ORIENTED_EDGE('',*,*,#2784,.F.);
#2837 = ORIENTED_EDGE('',*,*,#452,.F.);
#2838 = PLANE('',#2839);
#2839 = AXIS2_PLACEMENT_3D('',#2840,#2841,#2842);
#2840 = CARTESIAN_POINT('',(-79.5,91.5,-7.5));
#2841 = DIRECTION('',(-3.613617858932E-16,0.707106781187,0.707106781187)
  );
#2842 = DIRECTION('',(-1.,-3.885780586188E-16,-1.224646799147E-16));
#2843 = ADVANCED_FACE('',(#2844),#2869,.T.);
#2844 = FACE_BOUND('',#2845,.T.);
#2845 = EDGE_LOOP('',(#2846,#2854,#2862,#2868));
#2846 = ORIENTED_EDGE('',*,*,#2847,.T.);
#2847 = EDGE_CURVE('',#485,#2848,#2850,.T.);
#2848 = VERTEX_POINT('',#2849);
#2849 = CARTESIAN_POINT('',(-73.,92.,-8.));
#2850 = LINE('',#2851,#2852);
#2851 = CARTESIAN_POINT('',(-73.,91.25,-7.25));
#2852 = VECTOR('',#2853,1.);
#2853 = DIRECTION('',(4.818294253535E-16,0.707106781187,-0.707106781187)
  );
#2854 = ORIENTED_EDGE('',*,*,#2855,.T.);
#2855 = EDGE_CURVE('',#2848,#2856,#2858,.T.);
#2856 = VERTEX_POINT('',#2857);
#2857 = CARTESIAN_POINT('',(-72.,92.,-9.));
#2858 = LINE('',#2859,#2860);
#2859 = CARTESIAN_POINT('',(-73.,92.,-8.));
#2860 = VECTOR('',#2861,1.);
#2861 = DIRECTION('',(0.707106781187,-2.225233819729E-15,-0.707106781187
    ));
#2862 = ORIENTED_EDGE('',*,*,#2863,.F.);
#2863 = EDGE_CURVE('',#487,#2856,#2864,.T.);
#2864 = LINE('',#2865,#2866);
#2865 = CARTESIAN_POINT('',(-71.75,91.75,-9.));
#2866 = VECTOR('',#2867,1.);
#2867 = DIRECTION('',(-0.707106781187,0.707106781187,3.083404394374E-15)
  );
#2868 = ORIENTED_EDGE('',*,*,#484,.F.);
#2869 = PLANE('',#2870);
#2870 = AXIS2_PLACEMENT_3D('',#2871,#2872,#2873);
#2871 = CARTESIAN_POINT('',(-72.2,91.4,-8.2));
#2872 = DIRECTION('',(-0.57735026919,-0.57735026919,-0.57735026919));
#2873 = DIRECTION('',(-0.707106781187,-2.747661802697E-16,0.707106781187
    ));
#2874 = ADVANCED_FACE('',(#2875),#2893,.F.);
#2875 = FACE_BOUND('',#2876,.F.);
#2876 = EDGE_LOOP('',(#2877,#2878,#2886,#2892));
#2877 = ORIENTED_EDGE('',*,*,#2847,.T.);
#2878 = ORIENTED_EDGE('',*,*,#2879,.T.);
#2879 = EDGE_CURVE('',#2848,#2880,#2882,.T.);
#2880 = VERTEX_POINT('',#2881);
#2881 = CARTESIAN_POINT('',(-74.,92.,-8.));
#2882 = LINE('',#2883,#2884);
#2883 = CARTESIAN_POINT('',(-72.,92.,-8.));
#2884 = VECTOR('',#2885,1.);
#2885 = DIRECTION('',(-1.,-3.885780586188E-16,-1.224646799147E-16));
#2886 = ORIENTED_EDGE('',*,*,#2887,.F.);
#2887 = EDGE_CURVE('',#535,#2880,#2888,.T.);
#2888 = LINE('',#2889,#2890);
#2889 = CARTESIAN_POINT('',(-74.,91.75,-7.75));
#2890 = VECTOR('',#2891,1.);
#2891 = DIRECTION('',(-1.881705746461E-16,0.707106781187,-0.707106781187
    ));
#2892 = ORIENTED_EDGE('',*,*,#542,.F.);
#2893 = PLANE('',#2894);
#2894 = AXIS2_PLACEMENT_3D('',#2895,#2896,#2897);
#2895 = CARTESIAN_POINT('',(-72.,91.5,-7.5));
#2896 = DIRECTION('',(-3.613617858932E-16,0.707106781187,0.707106781187)
  );
#2897 = DIRECTION('',(-1.,-3.885780586188E-16,-1.224646799147E-16));
#2898 = ADVANCED_FACE('',(#2899),#2917,.F.);
#2899 = FACE_BOUND('',#2900,.F.);
#2900 = EDGE_LOOP('',(#2901,#2909,#2915,#2916));
#2901 = ORIENTED_EDGE('',*,*,#2902,.T.);
#2902 = EDGE_CURVE('',#495,#2903,#2905,.T.);
#2903 = VERTEX_POINT('',#2904);
#2904 = CARTESIAN_POINT('',(-72.,92.,-21.));
#2905 = LINE('',#2906,#2907);
#2906 = CARTESIAN_POINT('',(-71.25,91.25,-21.));
#2907 = VECTOR('',#2908,1.);
#2908 = DIRECTION('',(-0.707106781187,0.707106781187,-8.659560562355E-17
    ));
#2909 = ORIENTED_EDGE('',*,*,#2910,.T.);
#2910 = EDGE_CURVE('',#2903,#2856,#2911,.T.);
#2911 = LINE('',#2912,#2913);
#2912 = CARTESIAN_POINT('',(-72.,92.,-22.));
#2913 = VECTOR('',#2914,1.);
#2914 = DIRECTION('',(-1.224646799147E-16,-1.763056796328E-32,1.));
#2915 = ORIENTED_EDGE('',*,*,#2863,.F.);
#2916 = ORIENTED_EDGE('',*,*,#494,.F.);
#2917 = PLANE('',#2918);
#2918 = AXIS2_PLACEMENT_3D('',#2919,#2920,#2921);
#2919 = CARTESIAN_POINT('',(-71.5,91.5,-22.));
#2920 = DIRECTION('',(0.707106781187,0.707106781187,8.659560562355E-17)
  );
#2921 = DIRECTION('',(-1.224646799147E-16,-1.763056796328E-32,1.));
#2922 = ADVANCED_FACE('',(#2923),#2941,.T.);
#2923 = FACE_BOUND('',#2924,.T.);
#2924 = EDGE_LOOP('',(#2925,#2926,#2927,#2935));
#2925 = ORIENTED_EDGE('',*,*,#2887,.F.);
#2926 = ORIENTED_EDGE('',*,*,#534,.F.);
#2927 = ORIENTED_EDGE('',*,*,#2928,.T.);
#2928 = EDGE_CURVE('',#527,#2929,#2931,.T.);
#2929 = VERTEX_POINT('',#2930);
#2930 = CARTESIAN_POINT('',(-75.,92.,-9.));
#2931 = LINE('',#2932,#2933);
#2932 = CARTESIAN_POINT('',(-75.75,91.25,-9.));
#2933 = VECTOR('',#2934,1.);
#2934 = DIRECTION('',(0.707106781187,0.707106781187,8.659560562355E-17)
  );
#2935 = ORIENTED_EDGE('',*,*,#2936,.T.);
#2936 = EDGE_CURVE('',#2929,#2880,#2937,.T.);
#2937 = LINE('',#2938,#2939);
#2938 = CARTESIAN_POINT('',(-75.,92.,-9.));
#2939 = VECTOR('',#2940,1.);
#2940 = DIRECTION('',(0.707106781187,2.747661802697E-16,0.707106781187)
  );
#2941 = PLANE('',#2942);
#2942 = AXIS2_PLACEMENT_3D('',#2943,#2944,#2945);
#2943 = CARTESIAN_POINT('',(-74.8,91.4,-8.2));
#2944 = DIRECTION('',(0.57735026919,-0.57735026919,-0.57735026919));
#2945 = DIRECTION('',(-0.707106781187,-2.747661802697E-16,
    -0.707106781187));
#2946 = ADVANCED_FACE('',(#2947),#2965,.T.);
#2947 = FACE_BOUND('',#2948,.T.);
#2948 = EDGE_LOOP('',(#2949,#2957,#2958,#2959));
#2949 = ORIENTED_EDGE('',*,*,#2950,.F.);
#2950 = EDGE_CURVE('',#503,#2951,#2953,.T.);
#2951 = VERTEX_POINT('',#2952);
#2952 = CARTESIAN_POINT('',(-73.,92.,-22.));
#2953 = LINE('',#2954,#2955);
#2954 = CARTESIAN_POINT('',(-73.,91.75,-22.25));
#2955 = VECTOR('',#2956,1.);
#2956 = DIRECTION('',(4.638638214104E-15,0.707106781187,0.707106781187)
  );
#2957 = ORIENTED_EDGE('',*,*,#502,.F.);
#2958 = ORIENTED_EDGE('',*,*,#2902,.T.);
#2959 = ORIENTED_EDGE('',*,*,#2960,.T.);
#2960 = EDGE_CURVE('',#2903,#2951,#2961,.T.);
#2961 = LINE('',#2962,#2963);
#2962 = CARTESIAN_POINT('',(-72.,92.,-21.));
#2963 = VECTOR('',#2964,1.);
#2964 = DIRECTION('',(-0.707106781187,-5.274766180266E-15,
    -0.707106781187));
#2965 = PLANE('',#2966);
#2966 = AXIS2_PLACEMENT_3D('',#2967,#2968,#2969);
#2967 = CARTESIAN_POINT('',(-72.2,91.4,-21.8));
#2968 = DIRECTION('',(-0.57735026919,-0.57735026919,0.57735026919));
#2969 = DIRECTION('',(-3.613617858932E-16,0.707106781187,0.707106781187)
  );
#2970 = ADVANCED_FACE('',(#2971),#2989,.F.);
#2971 = FACE_BOUND('',#2972,.F.);
#2972 = EDGE_LOOP('',(#2973,#2974,#2982,#2988));
#2973 = ORIENTED_EDGE('',*,*,#2928,.T.);
#2974 = ORIENTED_EDGE('',*,*,#2975,.T.);
#2975 = EDGE_CURVE('',#2929,#2976,#2978,.T.);
#2976 = VERTEX_POINT('',#2977);
#2977 = CARTESIAN_POINT('',(-75.,92.,-21.));
#2978 = LINE('',#2979,#2980);
#2979 = CARTESIAN_POINT('',(-75.,92.,-8.));
#2980 = VECTOR('',#2981,1.);
#2981 = DIRECTION('',(1.224646799147E-16,1.763056796328E-32,-1.));
#2982 = ORIENTED_EDGE('',*,*,#2983,.F.);
#2983 = EDGE_CURVE('',#519,#2976,#2984,.T.);
#2984 = LINE('',#2985,#2986);
#2985 = CARTESIAN_POINT('',(-75.25,91.75,-21.));
#2986 = VECTOR('',#2987,1.);
#2987 = DIRECTION('',(0.707106781187,0.707106781187,1.018659560562E-14)
  );
#2988 = ORIENTED_EDGE('',*,*,#526,.F.);
#2989 = PLANE('',#2990);
#2990 = AXIS2_PLACEMENT_3D('',#2991,#2992,#2993);
#2991 = CARTESIAN_POINT('',(-75.5,91.5,-8.));
#2992 = DIRECTION('',(-0.707106781187,0.707106781187,-8.659560562355E-17
    ));
#2993 = DIRECTION('',(1.224646799147E-16,1.763056796328E-32,-1.));
#2994 = ADVANCED_FACE('',(#2995),#3013,.F.);
#2995 = FACE_BOUND('',#2996,.F.);
#2996 = EDGE_LOOP('',(#2997,#3005,#3011,#3012));
#2997 = ORIENTED_EDGE('',*,*,#2998,.T.);
#2998 = EDGE_CURVE('',#511,#2999,#3001,.T.);
#2999 = VERTEX_POINT('',#3000);
#3000 = CARTESIAN_POINT('',(-74.,92.,-22.));
#3001 = LINE('',#3002,#3003);
#3002 = CARTESIAN_POINT('',(-74.,91.25,-22.75));
#3003 = VECTOR('',#3004,1.);
#3004 = DIRECTION('',(7.138638214102E-15,0.707106781187,0.707106781187)
  );
#3005 = ORIENTED_EDGE('',*,*,#3006,.T.);
#3006 = EDGE_CURVE('',#2999,#2951,#3007,.T.);
#3007 = LINE('',#3008,#3009);
#3008 = CARTESIAN_POINT('',(-75.,92.,-22.));
#3009 = VECTOR('',#3010,1.);
#3010 = DIRECTION('',(1.,3.885780586188E-16,1.224646799147E-16));
#3011 = ORIENTED_EDGE('',*,*,#2950,.F.);
#3012 = ORIENTED_EDGE('',*,*,#510,.F.);
#3013 = PLANE('',#3014);
#3014 = AXIS2_PLACEMENT_3D('',#3015,#3016,#3017);
#3015 = CARTESIAN_POINT('',(-75.,91.5,-22.5));
#3016 = DIRECTION('',(-1.881705746461E-16,0.707106781187,-0.707106781187
    ));
#3017 = DIRECTION('',(1.,3.885780586188E-16,1.224646799147E-16));
#3018 = ADVANCED_FACE('',(#3019),#3030,.T.);
#3019 = FACE_BOUND('',#3020,.T.);
#3020 = EDGE_LOOP('',(#3021,#3022,#3023,#3024));
#3021 = ORIENTED_EDGE('',*,*,#2983,.F.);
#3022 = ORIENTED_EDGE('',*,*,#518,.F.);
#3023 = ORIENTED_EDGE('',*,*,#2998,.T.);
#3024 = ORIENTED_EDGE('',*,*,#3025,.T.);
#3025 = EDGE_CURVE('',#2999,#2976,#3026,.T.);
#3026 = LINE('',#3027,#3028);
#3027 = CARTESIAN_POINT('',(-74.,92.,-22.));
#3028 = VECTOR('',#3029,1.);
#3029 = DIRECTION('',(-0.707106781187,2.325233819729E-15,0.707106781187)
  );
#3030 = PLANE('',#3031);
#3031 = AXIS2_PLACEMENT_3D('',#3032,#3033,#3034);
#3032 = CARTESIAN_POINT('',(-74.8,91.4,-21.8));
#3033 = DIRECTION('',(0.57735026919,-0.57735026919,0.57735026919));
#3034 = DIRECTION('',(4.723840883557E-16,-0.707106781187,-0.707106781187
    ));
#3035 = ADVANCED_FACE('',(#3036),#3061,.T.);
#3036 = FACE_BOUND('',#3037,.T.);
#3037 = EDGE_LOOP('',(#3038,#3046,#3054,#3060));
#3038 = ORIENTED_EDGE('',*,*,#3039,.T.);
#3039 = EDGE_CURVE('',#551,#3040,#3042,.T.);
#3040 = VERTEX_POINT('',#3041);
#3041 = CARTESIAN_POINT('',(-65.5,92.,-8.));
#3042 = LINE('',#3043,#3044);
#3043 = CARTESIAN_POINT('',(-65.5,91.25,-7.25));
#3044 = VECTOR('',#3045,1.);
#3045 = DIRECTION('',(4.818294253535E-16,0.707106781187,-0.707106781187)
  );
#3046 = ORIENTED_EDGE('',*,*,#3047,.T.);
#3047 = EDGE_CURVE('',#3040,#3048,#3050,.T.);
#3048 = VERTEX_POINT('',#3049);
#3049 = CARTESIAN_POINT('',(-64.5,92.,-9.));
#3050 = LINE('',#3051,#3052);
#3051 = CARTESIAN_POINT('',(-65.5,92.,-8.));
#3052 = VECTOR('',#3053,1.);
#3053 = DIRECTION('',(0.707106781187,-2.225233819729E-15,-0.707106781187
    ));
#3054 = ORIENTED_EDGE('',*,*,#3055,.F.);
#3055 = EDGE_CURVE('',#553,#3048,#3056,.T.);
#3056 = LINE('',#3057,#3058);
#3057 = CARTESIAN_POINT('',(-64.25,91.75,-9.));
#3058 = VECTOR('',#3059,1.);
#3059 = DIRECTION('',(-0.707106781187,0.707106781187,3.083404394374E-15)
  );
#3060 = ORIENTED_EDGE('',*,*,#550,.F.);
#3061 = PLANE('',#3062);
#3062 = AXIS2_PLACEMENT_3D('',#3063,#3064,#3065);
#3063 = CARTESIAN_POINT('',(-64.7,91.4,-8.2));
#3064 = DIRECTION('',(-0.57735026919,-0.57735026919,-0.57735026919));
#3065 = DIRECTION('',(-0.707106781187,-2.747661802697E-16,0.707106781187
    ));
#3066 = ADVANCED_FACE('',(#3067),#3085,.F.);
#3067 = FACE_BOUND('',#3068,.F.);
#3068 = EDGE_LOOP('',(#3069,#3070,#3078,#3084));
#3069 = ORIENTED_EDGE('',*,*,#3039,.T.);
#3070 = ORIENTED_EDGE('',*,*,#3071,.T.);
#3071 = EDGE_CURVE('',#3040,#3072,#3074,.T.);
#3072 = VERTEX_POINT('',#3073);
#3073 = CARTESIAN_POINT('',(-66.5,92.,-8.));
#3074 = LINE('',#3075,#3076);
#3075 = CARTESIAN_POINT('',(-64.5,92.,-8.));
#3076 = VECTOR('',#3077,1.);
#3077 = DIRECTION('',(-1.,-3.885780586188E-16,-1.224646799147E-16));
#3078 = ORIENTED_EDGE('',*,*,#3079,.F.);
#3079 = EDGE_CURVE('',#601,#3072,#3080,.T.);
#3080 = LINE('',#3081,#3082);
#3081 = CARTESIAN_POINT('',(-66.5,91.75,-7.75));
#3082 = VECTOR('',#3083,1.);
#3083 = DIRECTION('',(-1.881705746461E-16,0.707106781187,-0.707106781187
    ));
#3084 = ORIENTED_EDGE('',*,*,#608,.F.);
#3085 = PLANE('',#3086);
#3086 = AXIS2_PLACEMENT_3D('',#3087,#3088,#3089);
#3087 = CARTESIAN_POINT('',(-64.5,91.5,-7.5));
#3088 = DIRECTION('',(-3.613617858932E-16,0.707106781187,0.707106781187)
  );
#3089 = DIRECTION('',(-1.,-3.885780586188E-16,-1.224646799147E-16));
#3090 = ADVANCED_FACE('',(#3091),#3109,.F.);
#3091 = FACE_BOUND('',#3092,.F.);
#3092 = EDGE_LOOP('',(#3093,#3101,#3107,#3108));
#3093 = ORIENTED_EDGE('',*,*,#3094,.T.);
#3094 = EDGE_CURVE('',#561,#3095,#3097,.T.);
#3095 = VERTEX_POINT('',#3096);
#3096 = CARTESIAN_POINT('',(-64.5,92.,-21.));
#3097 = LINE('',#3098,#3099);
#3098 = CARTESIAN_POINT('',(-63.75,91.25,-21.));
#3099 = VECTOR('',#3100,1.);
#3100 = DIRECTION('',(-0.707106781187,0.707106781187,-8.659560562355E-17
    ));
#3101 = ORIENTED_EDGE('',*,*,#3102,.T.);
#3102 = EDGE_CURVE('',#3095,#3048,#3103,.T.);
#3103 = LINE('',#3104,#3105);
#3104 = CARTESIAN_POINT('',(-64.5,92.,-22.));
#3105 = VECTOR('',#3106,1.);
#3106 = DIRECTION('',(-1.224646799147E-16,-1.763056796328E-32,1.));
#3107 = ORIENTED_EDGE('',*,*,#3055,.F.);
#3108 = ORIENTED_EDGE('',*,*,#560,.F.);
#3109 = PLANE('',#3110);
#3110 = AXIS2_PLACEMENT_3D('',#3111,#3112,#3113);
#3111 = CARTESIAN_POINT('',(-64.,91.5,-22.));
#3112 = DIRECTION('',(0.707106781187,0.707106781187,8.659560562355E-17)
  );
#3113 = DIRECTION('',(-1.224646799147E-16,-1.763056796328E-32,1.));
#3114 = ADVANCED_FACE('',(#3115),#3133,.T.);
#3115 = FACE_BOUND('',#3116,.T.);
#3116 = EDGE_LOOP('',(#3117,#3118,#3119,#3127));
#3117 = ORIENTED_EDGE('',*,*,#3079,.F.);
#3118 = ORIENTED_EDGE('',*,*,#600,.F.);
#3119 = ORIENTED_EDGE('',*,*,#3120,.T.);
#3120 = EDGE_CURVE('',#593,#3121,#3123,.T.);
#3121 = VERTEX_POINT('',#3122);
#3122 = CARTESIAN_POINT('',(-67.5,92.,-9.));
#3123 = LINE('',#3124,#3125);
#3124 = CARTESIAN_POINT('',(-68.25,91.25,-9.));
#3125 = VECTOR('',#3126,1.);
#3126 = DIRECTION('',(0.707106781187,0.707106781187,8.659560562355E-17)
  );
#3127 = ORIENTED_EDGE('',*,*,#3128,.T.);
#3128 = EDGE_CURVE('',#3121,#3072,#3129,.T.);
#3129 = LINE('',#3130,#3131);
#3130 = CARTESIAN_POINT('',(-67.5,92.,-9.));
#3131 = VECTOR('',#3132,1.);
#3132 = DIRECTION('',(0.707106781187,2.747661802697E-16,0.707106781187)
  );
#3133 = PLANE('',#3134);
#3134 = AXIS2_PLACEMENT_3D('',#3135,#3136,#3137);
#3135 = CARTESIAN_POINT('',(-67.3,91.4,-8.2));
#3136 = DIRECTION('',(0.57735026919,-0.57735026919,-0.57735026919));
#3137 = DIRECTION('',(-0.707106781187,-2.747661802697E-16,
    -0.707106781187));
#3138 = ADVANCED_FACE('',(#3139),#3157,.T.);
#3139 = FACE_BOUND('',#3140,.T.);
#3140 = EDGE_LOOP('',(#3141,#3149,#3150,#3151));
#3141 = ORIENTED_EDGE('',*,*,#3142,.F.);
#3142 = EDGE_CURVE('',#569,#3143,#3145,.T.);
#3143 = VERTEX_POINT('',#3144);
#3144 = CARTESIAN_POINT('',(-65.5,92.,-22.));
#3145 = LINE('',#3146,#3147);
#3146 = CARTESIAN_POINT('',(-65.5,91.75,-22.25));
#3147 = VECTOR('',#3148,1.);
#3148 = DIRECTION('',(4.638638214104E-15,0.707106781187,0.707106781187)
  );
#3149 = ORIENTED_EDGE('',*,*,#568,.F.);
#3150 = ORIENTED_EDGE('',*,*,#3094,.T.);
#3151 = ORIENTED_EDGE('',*,*,#3152,.T.);
#3152 = EDGE_CURVE('',#3095,#3143,#3153,.T.);
#3153 = LINE('',#3154,#3155);
#3154 = CARTESIAN_POINT('',(-64.5,92.,-21.));
#3155 = VECTOR('',#3156,1.);
#3156 = DIRECTION('',(-0.707106781187,-5.274766180266E-15,
    -0.707106781187));
#3157 = PLANE('',#3158);
#3158 = AXIS2_PLACEMENT_3D('',#3159,#3160,#3161);
#3159 = CARTESIAN_POINT('',(-64.7,91.4,-21.8));
#3160 = DIRECTION('',(-0.57735026919,-0.57735026919,0.57735026919));
#3161 = DIRECTION('',(-0.707106781187,-2.747661802697E-16,
    -0.707106781187));
#3162 = ADVANCED_FACE('',(#3163),#3181,.F.);
#3163 = FACE_BOUND('',#3164,.F.);
#3164 = EDGE_LOOP('',(#3165,#3166,#3174,#3180));
#3165 = ORIENTED_EDGE('',*,*,#3120,.T.);
#3166 = ORIENTED_EDGE('',*,*,#3167,.T.);
#3167 = EDGE_CURVE('',#3121,#3168,#3170,.T.);
#3168 = VERTEX_POINT('',#3169);
#3169 = CARTESIAN_POINT('',(-67.5,92.,-21.));
#3170 = LINE('',#3171,#3172);
#3171 = CARTESIAN_POINT('',(-67.5,92.,-8.));
#3172 = VECTOR('',#3173,1.);
#3173 = DIRECTION('',(1.224646799147E-16,1.763056796328E-32,-1.));
#3174 = ORIENTED_EDGE('',*,*,#3175,.F.);
#3175 = EDGE_CURVE('',#585,#3168,#3176,.T.);
#3176 = LINE('',#3177,#3178);
#3177 = CARTESIAN_POINT('',(-67.75,91.75,-21.));
#3178 = VECTOR('',#3179,1.);
#3179 = DIRECTION('',(0.707106781187,0.707106781187,1.018659560562E-14)
  );
#3180 = ORIENTED_EDGE('',*,*,#592,.F.);
#3181 = PLANE('',#3182);
#3182 = AXIS2_PLACEMENT_3D('',#3183,#3184,#3185);
#3183 = CARTESIAN_POINT('',(-68.,91.5,-8.));
#3184 = DIRECTION('',(-0.707106781187,0.707106781187,-8.659560562355E-17
    ));
#3185 = DIRECTION('',(1.224646799147E-16,1.763056796328E-32,-1.));
#3186 = ADVANCED_FACE('',(#3187),#3205,.F.);
#3187 = FACE_BOUND('',#3188,.F.);
#3188 = EDGE_LOOP('',(#3189,#3197,#3203,#3204));
#3189 = ORIENTED_EDGE('',*,*,#3190,.T.);
#3190 = EDGE_CURVE('',#577,#3191,#3193,.T.);
#3191 = VERTEX_POINT('',#3192);
#3192 = CARTESIAN_POINT('',(-66.5,92.,-22.));
#3193 = LINE('',#3194,#3195);
#3194 = CARTESIAN_POINT('',(-66.5,91.25,-22.75));
#3195 = VECTOR('',#3196,1.);
#3196 = DIRECTION('',(7.138638214102E-15,0.707106781187,0.707106781187)
  );
#3197 = ORIENTED_EDGE('',*,*,#3198,.T.);
#3198 = EDGE_CURVE('',#3191,#3143,#3199,.T.);
#3199 = LINE('',#3200,#3201);
#3200 = CARTESIAN_POINT('',(-67.5,92.,-22.));
#3201 = VECTOR('',#3202,1.);
#3202 = DIRECTION('',(1.,3.885780586188E-16,1.224646799147E-16));
#3203 = ORIENTED_EDGE('',*,*,#3142,.F.);
#3204 = ORIENTED_EDGE('',*,*,#576,.F.);
#3205 = PLANE('',#3206);
#3206 = AXIS2_PLACEMENT_3D('',#3207,#3208,#3209);
#3207 = CARTESIAN_POINT('',(-67.5,91.5,-22.5));
#3208 = DIRECTION('',(-1.881705746461E-16,0.707106781187,-0.707106781187
    ));
#3209 = DIRECTION('',(1.,3.885780586188E-16,1.224646799147E-16));
#3210 = ADVANCED_FACE('',(#3211),#3222,.T.);
#3211 = FACE_BOUND('',#3212,.T.);
#3212 = EDGE_LOOP('',(#3213,#3214,#3215,#3216));
#3213 = ORIENTED_EDGE('',*,*,#3175,.F.);
#3214 = ORIENTED_EDGE('',*,*,#584,.F.);
#3215 = ORIENTED_EDGE('',*,*,#3190,.T.);
#3216 = ORIENTED_EDGE('',*,*,#3217,.T.);
#3217 = EDGE_CURVE('',#3191,#3168,#3218,.T.);
#3218 = LINE('',#3219,#3220);
#3219 = CARTESIAN_POINT('',(-66.5,92.,-22.));
#3220 = VECTOR('',#3221,1.);
#3221 = DIRECTION('',(-0.707106781187,2.325233819729E-15,0.707106781187)
  );
#3222 = PLANE('',#3223);
#3223 = AXIS2_PLACEMENT_3D('',#3224,#3225,#3226);
#3224 = CARTESIAN_POINT('',(-67.3,91.4,-21.8));
#3225 = DIRECTION('',(0.57735026919,-0.57735026919,0.57735026919));
#3226 = DIRECTION('',(4.723840883557E-16,-0.707106781187,-0.707106781187
    ));
#3227 = ADVANCED_FACE('',(#3228),#3253,.T.);
#3228 = FACE_BOUND('',#3229,.T.);
#3229 = EDGE_LOOP('',(#3230,#3238,#3246,#3252));
#3230 = ORIENTED_EDGE('',*,*,#3231,.T.);
#3231 = EDGE_CURVE('',#617,#3232,#3234,.T.);
#3232 = VERTEX_POINT('',#3233);
#3233 = CARTESIAN_POINT('',(-58.,92.,-8.));
#3234 = LINE('',#3235,#3236);
#3235 = CARTESIAN_POINT('',(-58.,91.25,-7.25));
#3236 = VECTOR('',#3237,1.);
#3237 = DIRECTION('',(4.818294253535E-16,0.707106781187,-0.707106781187)
  );
#3238 = ORIENTED_EDGE('',*,*,#3239,.T.);
#3239 = EDGE_CURVE('',#3232,#3240,#3242,.T.);
#3240 = VERTEX_POINT('',#3241);
#3241 = CARTESIAN_POINT('',(-57.,92.,-9.));
#3242 = LINE('',#3243,#3244);
#3243 = CARTESIAN_POINT('',(-58.,92.,-8.));
#3244 = VECTOR('',#3245,1.);
#3245 = DIRECTION('',(0.707106781187,-2.225233819729E-15,-0.707106781187
    ));
#3246 = ORIENTED_EDGE('',*,*,#3247,.F.);
#3247 = EDGE_CURVE('',#619,#3240,#3248,.T.);
#3248 = LINE('',#3249,#3250);
#3249 = CARTESIAN_POINT('',(-56.75,91.75,-9.));
#3250 = VECTOR('',#3251,1.);
#3251 = DIRECTION('',(-0.707106781187,0.707106781187,3.083404394374E-15)
  );
#3252 = ORIENTED_EDGE('',*,*,#616,.F.);
#3253 = PLANE('',#3254);
#3254 = AXIS2_PLACEMENT_3D('',#3255,#3256,#3257);
#3255 = CARTESIAN_POINT('',(-57.2,91.4,-8.2));
#3256 = DIRECTION('',(-0.57735026919,-0.57735026919,-0.57735026919));
#3257 = DIRECTION('',(-0.707106781187,-2.747661802697E-16,0.707106781187
    ));
#3258 = ADVANCED_FACE('',(#3259),#3277,.F.);
#3259 = FACE_BOUND('',#3260,.F.);
#3260 = EDGE_LOOP('',(#3261,#3262,#3270,#3276));
#3261 = ORIENTED_EDGE('',*,*,#3231,.T.);
#3262 = ORIENTED_EDGE('',*,*,#3263,.T.);
#3263 = EDGE_CURVE('',#3232,#3264,#3266,.T.);
#3264 = VERTEX_POINT('',#3265);
#3265 = CARTESIAN_POINT('',(-59.,92.,-8.));
#3266 = LINE('',#3267,#3268);
#3267 = CARTESIAN_POINT('',(-57.,92.,-8.));
#3268 = VECTOR('',#3269,1.);
#3269 = DIRECTION('',(-1.,-3.885780586188E-16,-1.224646799147E-16));
#3270 = ORIENTED_EDGE('',*,*,#3271,.F.);
#3271 = EDGE_CURVE('',#667,#3264,#3272,.T.);
#3272 = LINE('',#3273,#3274);
#3273 = CARTESIAN_POINT('',(-59.,91.75,-7.75));
#3274 = VECTOR('',#3275,1.);
#3275 = DIRECTION('',(-1.881705746461E-16,0.707106781187,-0.707106781187
    ));
#3276 = ORIENTED_EDGE('',*,*,#674,.F.);
#3277 = PLANE('',#3278);
#3278 = AXIS2_PLACEMENT_3D('',#3279,#3280,#3281);
#3279 = CARTESIAN_POINT('',(-57.,91.5,-7.5));
#3280 = DIRECTION('',(-3.613617858932E-16,0.707106781187,0.707106781187)
  );
#3281 = DIRECTION('',(-1.,-3.885780586188E-16,-1.224646799147E-16));
#3282 = ADVANCED_FACE('',(#3283),#3301,.F.);
#3283 = FACE_BOUND('',#3284,.F.);
#3284 = EDGE_LOOP('',(#3285,#3293,#3299,#3300));
#3285 = ORIENTED_EDGE('',*,*,#3286,.T.);
#3286 = EDGE_CURVE('',#627,#3287,#3289,.T.);
#3287 = VERTEX_POINT('',#3288);
#3288 = CARTESIAN_POINT('',(-57.,92.,-21.));
#3289 = LINE('',#3290,#3291);
#3290 = CARTESIAN_POINT('',(-56.25,91.25,-21.));
#3291 = VECTOR('',#3292,1.);
#3292 = DIRECTION('',(-0.707106781187,0.707106781187,-8.659560562355E-17
    ));
#3293 = ORIENTED_EDGE('',*,*,#3294,.T.);
#3294 = EDGE_CURVE('',#3287,#3240,#3295,.T.);
#3295 = LINE('',#3296,#3297);
#3296 = CARTESIAN_POINT('',(-57.,92.,-22.));
#3297 = VECTOR('',#3298,1.);
#3298 = DIRECTION('',(-1.224646799147E-16,-1.763056796328E-32,1.));
#3299 = ORIENTED_EDGE('',*,*,#3247,.F.);
#3300 = ORIENTED_EDGE('',*,*,#626,.F.);
#3301 = PLANE('',#3302);
#3302 = AXIS2_PLACEMENT_3D('',#3303,#3304,#3305);
#3303 = CARTESIAN_POINT('',(-56.5,91.5,-22.));
#3304 = DIRECTION('',(0.707106781187,0.707106781187,8.659560562355E-17)
  );
#3305 = DIRECTION('',(-1.224646799147E-16,-1.763056796328E-32,1.));
#3306 = ADVANCED_FACE('',(#3307),#3325,.T.);
#3307 = FACE_BOUND('',#3308,.T.);
#3308 = EDGE_LOOP('',(#3309,#3310,#3311,#3319));
#3309 = ORIENTED_EDGE('',*,*,#3271,.F.);
#3310 = ORIENTED_EDGE('',*,*,#666,.F.);
#3311 = ORIENTED_EDGE('',*,*,#3312,.T.);
#3312 = EDGE_CURVE('',#659,#3313,#3315,.T.);
#3313 = VERTEX_POINT('',#3314);
#3314 = CARTESIAN_POINT('',(-60.,92.,-9.));
#3315 = LINE('',#3316,#3317);
#3316 = CARTESIAN_POINT('',(-60.75,91.25,-9.));
#3317 = VECTOR('',#3318,1.);
#3318 = DIRECTION('',(0.707106781187,0.707106781187,8.659560562355E-17)
  );
#3319 = ORIENTED_EDGE('',*,*,#3320,.T.);
#3320 = EDGE_CURVE('',#3313,#3264,#3321,.T.);
#3321 = LINE('',#3322,#3323);
#3322 = CARTESIAN_POINT('',(-60.,92.,-9.));
#3323 = VECTOR('',#3324,1.);
#3324 = DIRECTION('',(0.707106781187,2.747661802697E-16,0.707106781187)
  );
#3325 = PLANE('',#3326);
#3326 = AXIS2_PLACEMENT_3D('',#3327,#3328,#3329);
#3327 = CARTESIAN_POINT('',(-59.8,91.4,-8.2));
#3328 = DIRECTION('',(0.57735026919,-0.57735026919,-0.57735026919));
#3329 = DIRECTION('',(-0.707106781187,-2.747661802697E-16,
    -0.707106781187));
#3330 = ADVANCED_FACE('',(#3331),#3349,.T.);
#3331 = FACE_BOUND('',#3332,.T.);
#3332 = EDGE_LOOP('',(#3333,#3341,#3342,#3343));
#3333 = ORIENTED_EDGE('',*,*,#3334,.F.);
#3334 = EDGE_CURVE('',#635,#3335,#3337,.T.);
#3335 = VERTEX_POINT('',#3336);
#3336 = CARTESIAN_POINT('',(-58.,92.,-22.));
#3337 = LINE('',#3338,#3339);
#3338 = CARTESIAN_POINT('',(-58.,91.75,-22.25));
#3339 = VECTOR('',#3340,1.);
#3340 = DIRECTION('',(4.638638214104E-15,0.707106781187,0.707106781187)
  );
#3341 = ORIENTED_EDGE('',*,*,#634,.F.);
#3342 = ORIENTED_EDGE('',*,*,#3286,.T.);
#3343 = ORIENTED_EDGE('',*,*,#3344,.T.);
#3344 = EDGE_CURVE('',#3287,#3335,#3345,.T.);
#3345 = LINE('',#3346,#3347);
#3346 = CARTESIAN_POINT('',(-57.,92.,-21.));
#3347 = VECTOR('',#3348,1.);
#3348 = DIRECTION('',(-0.707106781187,-5.274766180266E-15,
    -0.707106781187));
#3349 = PLANE('',#3350);
#3350 = AXIS2_PLACEMENT_3D('',#3351,#3352,#3353);
#3351 = CARTESIAN_POINT('',(-57.2,91.4,-21.8));
#3352 = DIRECTION('',(-0.57735026919,-0.57735026919,0.57735026919));
#3353 = DIRECTION('',(-0.707106781187,-2.747661802697E-16,
    -0.707106781187));
#3354 = ADVANCED_FACE('',(#3355),#3373,.F.);
#3355 = FACE_BOUND('',#3356,.F.);
#3356 = EDGE_LOOP('',(#3357,#3358,#3366,#3372));
#3357 = ORIENTED_EDGE('',*,*,#3312,.T.);
#3358 = ORIENTED_EDGE('',*,*,#3359,.T.);
#3359 = EDGE_CURVE('',#3313,#3360,#3362,.T.);
#3360 = VERTEX_POINT('',#3361);
#3361 = CARTESIAN_POINT('',(-60.,92.,-21.));
#3362 = LINE('',#3363,#3364);
#3363 = CARTESIAN_POINT('',(-60.,92.,-8.));
#3364 = VECTOR('',#3365,1.);
#3365 = DIRECTION('',(1.224646799147E-16,1.763056796328E-32,-1.));
#3366 = ORIENTED_EDGE('',*,*,#3367,.F.);
#3367 = EDGE_CURVE('',#651,#3360,#3368,.T.);
#3368 = LINE('',#3369,#3370);
#3369 = CARTESIAN_POINT('',(-60.25,91.75,-21.));
#3370 = VECTOR('',#3371,1.);
#3371 = DIRECTION('',(0.707106781187,0.707106781187,1.018659560562E-14)
  );
#3372 = ORIENTED_EDGE('',*,*,#658,.F.);
#3373 = PLANE('',#3374);
#3374 = AXIS2_PLACEMENT_3D('',#3375,#3376,#3377);
#3375 = CARTESIAN_POINT('',(-60.5,91.5,-8.));
#3376 = DIRECTION('',(-0.707106781187,0.707106781187,-8.659560562355E-17
    ));
#3377 = DIRECTION('',(1.224646799147E-16,1.763056796328E-32,-1.));
#3378 = ADVANCED_FACE('',(#3379),#3397,.F.);
#3379 = FACE_BOUND('',#3380,.F.);
#3380 = EDGE_LOOP('',(#3381,#3389,#3395,#3396));
#3381 = ORIENTED_EDGE('',*,*,#3382,.T.);
#3382 = EDGE_CURVE('',#643,#3383,#3385,.T.);
#3383 = VERTEX_POINT('',#3384);
#3384 = CARTESIAN_POINT('',(-59.,92.,-22.));
#3385 = LINE('',#3386,#3387);
#3386 = CARTESIAN_POINT('',(-59.,91.25,-22.75));
#3387 = VECTOR('',#3388,1.);
#3388 = DIRECTION('',(7.138638214102E-15,0.707106781187,0.707106781187)
  );
#3389 = ORIENTED_EDGE('',*,*,#3390,.T.);
#3390 = EDGE_CURVE('',#3383,#3335,#3391,.T.);
#3391 = LINE('',#3392,#3393);
#3392 = CARTESIAN_POINT('',(-60.,92.,-22.));
#3393 = VECTOR('',#3394,1.);
#3394 = DIRECTION('',(1.,3.885780586188E-16,1.224646799147E-16));
#3395 = ORIENTED_EDGE('',*,*,#3334,.F.);
#3396 = ORIENTED_EDGE('',*,*,#642,.F.);
#3397 = PLANE('',#3398);
#3398 = AXIS2_PLACEMENT_3D('',#3399,#3400,#3401);
#3399 = CARTESIAN_POINT('',(-60.,91.5,-22.5));
#3400 = DIRECTION('',(-1.881705746461E-16,0.707106781187,-0.707106781187
    ));
#3401 = DIRECTION('',(1.,3.885780586188E-16,1.224646799147E-16));
#3402 = ADVANCED_FACE('',(#3403),#3414,.T.);
#3403 = FACE_BOUND('',#3404,.T.);
#3404 = EDGE_LOOP('',(#3405,#3406,#3407,#3408));
#3405 = ORIENTED_EDGE('',*,*,#3367,.F.);
#3406 = ORIENTED_EDGE('',*,*,#650,.F.);
#3407 = ORIENTED_EDGE('',*,*,#3382,.T.);
#3408 = ORIENTED_EDGE('',*,*,#3409,.T.);
#3409 = EDGE_CURVE('',#3383,#3360,#3410,.T.);
#3410 = LINE('',#3411,#3412);
#3411 = CARTESIAN_POINT('',(-59.,92.,-22.));
#3412 = VECTOR('',#3413,1.);
#3413 = DIRECTION('',(-0.707106781187,2.325233819729E-15,0.707106781187)
  );
#3414 = PLANE('',#3415);
#3415 = AXIS2_PLACEMENT_3D('',#3416,#3417,#3418);
#3416 = CARTESIAN_POINT('',(-59.8,91.4,-21.8));
#3417 = DIRECTION('',(0.57735026919,-0.57735026919,0.57735026919));
#3418 = DIRECTION('',(4.723840883557E-16,-0.707106781187,-0.707106781187
    ));
#3419 = ADVANCED_FACE('',(#3420),#3445,.T.);
#3420 = FACE_BOUND('',#3421,.T.);
#3421 = EDGE_LOOP('',(#3422,#3430,#3438,#3444));
#3422 = ORIENTED_EDGE('',*,*,#3423,.T.);
#3423 = EDGE_CURVE('',#683,#3424,#3426,.T.);
#3424 = VERTEX_POINT('',#3425);
#3425 = CARTESIAN_POINT('',(-50.5,92.,-8.));
#3426 = LINE('',#3427,#3428);
#3427 = CARTESIAN_POINT('',(-50.5,91.25,-7.25));
#3428 = VECTOR('',#3429,1.);
#3429 = DIRECTION('',(4.818294253535E-16,0.707106781187,-0.707106781187)
  );
#3430 = ORIENTED_EDGE('',*,*,#3431,.T.);
#3431 = EDGE_CURVE('',#3424,#3432,#3434,.T.);
#3432 = VERTEX_POINT('',#3433);
#3433 = CARTESIAN_POINT('',(-49.5,92.,-9.));
#3434 = LINE('',#3435,#3436);
#3435 = CARTESIAN_POINT('',(-50.5,92.,-8.));
#3436 = VECTOR('',#3437,1.);
#3437 = DIRECTION('',(0.707106781187,-2.225233819729E-15,-0.707106781187
    ));
#3438 = ORIENTED_EDGE('',*,*,#3439,.F.);
#3439 = EDGE_CURVE('',#685,#3432,#3440,.T.);
#3440 = LINE('',#3441,#3442);
#3441 = CARTESIAN_POINT('',(-49.25,91.75,-9.));
#3442 = VECTOR('',#3443,1.);
#3443 = DIRECTION('',(-0.707106781187,0.707106781187,3.083404394374E-15)
  );
#3444 = ORIENTED_EDGE('',*,*,#682,.F.);
#3445 = PLANE('',#3446);
#3446 = AXIS2_PLACEMENT_3D('',#3447,#3448,#3449);
#3447 = CARTESIAN_POINT('',(-49.7,91.4,-8.2));
#3448 = DIRECTION('',(-0.57735026919,-0.57735026919,-0.57735026919));
#3449 = DIRECTION('',(-0.707106781187,-2.747661802697E-16,0.707106781187
    ));
#3450 = ADVANCED_FACE('',(#3451),#3469,.F.);
#3451 = FACE_BOUND('',#3452,.F.);
#3452 = EDGE_LOOP('',(#3453,#3454,#3462,#3468));
#3453 = ORIENTED_EDGE('',*,*,#3423,.T.);
#3454 = ORIENTED_EDGE('',*,*,#3455,.T.);
#3455 = EDGE_CURVE('',#3424,#3456,#3458,.T.);
#3456 = VERTEX_POINT('',#3457);
#3457 = CARTESIAN_POINT('',(-51.5,92.,-8.));
#3458 = LINE('',#3459,#3460);
#3459 = CARTESIAN_POINT('',(-49.5,92.,-8.));
#3460 = VECTOR('',#3461,1.);
#3461 = DIRECTION('',(-1.,-3.885780586188E-16,-1.224646799147E-16));
#3462 = ORIENTED_EDGE('',*,*,#3463,.F.);
#3463 = EDGE_CURVE('',#733,#3456,#3464,.T.);
#3464 = LINE('',#3465,#3466);
#3465 = CARTESIAN_POINT('',(-51.5,91.75,-7.75));
#3466 = VECTOR('',#3467,1.);
#3467 = DIRECTION('',(-1.881705746461E-16,0.707106781187,-0.707106781187
    ));
#3468 = ORIENTED_EDGE('',*,*,#740,.F.);
#3469 = PLANE('',#3470);
#3470 = AXIS2_PLACEMENT_3D('',#3471,#3472,#3473);
#3471 = CARTESIAN_POINT('',(-49.5,91.5,-7.5));
#3472 = DIRECTION('',(-3.613617858932E-16,0.707106781187,0.707106781187)
  );
#3473 = DIRECTION('',(-1.,-3.885780586188E-16,-1.224646799147E-16));
#3474 = ADVANCED_FACE('',(#3475),#3493,.F.);
#3475 = FACE_BOUND('',#3476,.F.);
#3476 = EDGE_LOOP('',(#3477,#3485,#3491,#3492));
#3477 = ORIENTED_EDGE('',*,*,#3478,.T.);
#3478 = EDGE_CURVE('',#693,#3479,#3481,.T.);
#3479 = VERTEX_POINT('',#3480);
#3480 = CARTESIAN_POINT('',(-49.5,92.,-21.));
#3481 = LINE('',#3482,#3483);
#3482 = CARTESIAN_POINT('',(-48.75,91.25,-21.));
#3483 = VECTOR('',#3484,1.);
#3484 = DIRECTION('',(-0.707106781187,0.707106781187,-8.659560562355E-17
    ));
#3485 = ORIENTED_EDGE('',*,*,#3486,.T.);
#3486 = EDGE_CURVE('',#3479,#3432,#3487,.T.);
#3487 = LINE('',#3488,#3489);
#3488 = CARTESIAN_POINT('',(-49.5,92.,-22.));
#3489 = VECTOR('',#3490,1.);
#3490 = DIRECTION('',(-1.224646799147E-16,-1.763056796328E-32,1.));
#3491 = ORIENTED_EDGE('',*,*,#3439,.F.);
#3492 = ORIENTED_EDGE('',*,*,#692,.F.);
#3493 = PLANE('',#3494);
#3494 = AXIS2_PLACEMENT_3D('',#3495,#3496,#3497);
#3495 = CARTESIAN_POINT('',(-49.,91.5,-22.));
#3496 = DIRECTION('',(0.707106781187,0.707106781187,8.659560562355E-17)
  );
#3497 = DIRECTION('',(-1.224646799147E-16,-1.763056796328E-32,1.));
#3498 = ADVANCED_FACE('',(#3499),#3517,.T.);
#3499 = FACE_BOUND('',#3500,.T.);
#3500 = EDGE_LOOP('',(#3501,#3502,#3503,#3511));
#3501 = ORIENTED_EDGE('',*,*,#3463,.F.);
#3502 = ORIENTED_EDGE('',*,*,#732,.F.);
#3503 = ORIENTED_EDGE('',*,*,#3504,.T.);
#3504 = EDGE_CURVE('',#725,#3505,#3507,.T.);
#3505 = VERTEX_POINT('',#3506);
#3506 = CARTESIAN_POINT('',(-52.5,92.,-9.));
#3507 = LINE('',#3508,#3509);
#3508 = CARTESIAN_POINT('',(-53.25,91.25,-9.));
#3509 = VECTOR('',#3510,1.);
#3510 = DIRECTION('',(0.707106781187,0.707106781187,8.659560562355E-17)
  );
#3511 = ORIENTED_EDGE('',*,*,#3512,.T.);
#3512 = EDGE_CURVE('',#3505,#3456,#3513,.T.);
#3513 = LINE('',#3514,#3515);
#3514 = CARTESIAN_POINT('',(-52.5,92.,-9.));
#3515 = VECTOR('',#3516,1.);
#3516 = DIRECTION('',(0.707106781187,2.747661802697E-16,0.707106781187)
  );
#3517 = PLANE('',#3518);
#3518 = AXIS2_PLACEMENT_3D('',#3519,#3520,#3521);
#3519 = CARTESIAN_POINT('',(-52.3,91.4,-8.2));
#3520 = DIRECTION('',(0.57735026919,-0.57735026919,-0.57735026919));
#3521 = DIRECTION('',(-0.707106781187,-2.747661802697E-16,
    -0.707106781187));
#3522 = ADVANCED_FACE('',(#3523),#3541,.T.);
#3523 = FACE_BOUND('',#3524,.T.);
#3524 = EDGE_LOOP('',(#3525,#3533,#3534,#3535));
#3525 = ORIENTED_EDGE('',*,*,#3526,.F.);
#3526 = EDGE_CURVE('',#701,#3527,#3529,.T.);
#3527 = VERTEX_POINT('',#3528);
#3528 = CARTESIAN_POINT('',(-50.5,92.,-22.));
#3529 = LINE('',#3530,#3531);
#3530 = CARTESIAN_POINT('',(-50.5,91.75,-22.25));
#3531 = VECTOR('',#3532,1.);
#3532 = DIRECTION('',(4.638638214104E-15,0.707106781187,0.707106781187)
  );
#3533 = ORIENTED_EDGE('',*,*,#700,.F.);
#3534 = ORIENTED_EDGE('',*,*,#3478,.T.);
#3535 = ORIENTED_EDGE('',*,*,#3536,.T.);
#3536 = EDGE_CURVE('',#3479,#3527,#3537,.T.);
#3537 = LINE('',#3538,#3539);
#3538 = CARTESIAN_POINT('',(-49.5,92.,-21.));
#3539 = VECTOR('',#3540,1.);
#3540 = DIRECTION('',(-0.707106781187,-5.274766180266E-15,
    -0.707106781187));
#3541 = PLANE('',#3542);
#3542 = AXIS2_PLACEMENT_3D('',#3543,#3544,#3545);
#3543 = CARTESIAN_POINT('',(-49.7,91.4,-21.8));
#3544 = DIRECTION('',(-0.57735026919,-0.57735026919,0.57735026919));
#3545 = DIRECTION('',(-0.707106781187,-2.747661802697E-16,
    -0.707106781187));
#3546 = ADVANCED_FACE('',(#3547),#3565,.F.);
#3547 = FACE_BOUND('',#3548,.F.);
#3548 = EDGE_LOOP('',(#3549,#3550,#3558,#3564));
#3549 = ORIENTED_EDGE('',*,*,#3504,.T.);
#3550 = ORIENTED_EDGE('',*,*,#3551,.T.);
#3551 = EDGE_CURVE('',#3505,#3552,#3554,.T.);
#3552 = VERTEX_POINT('',#3553);
#3553 = CARTESIAN_POINT('',(-52.5,92.,-21.));
#3554 = LINE('',#3555,#3556);
#3555 = CARTESIAN_POINT('',(-52.5,92.,-8.));
#3556 = VECTOR('',#3557,1.);
#3557 = DIRECTION('',(1.224646799147E-16,1.763056796328E-32,-1.));
#3558 = ORIENTED_EDGE('',*,*,#3559,.F.);
#3559 = EDGE_CURVE('',#717,#3552,#3560,.T.);
#3560 = LINE('',#3561,#3562);
#3561 = CARTESIAN_POINT('',(-52.75,91.75,-21.));
#3562 = VECTOR('',#3563,1.);
#3563 = DIRECTION('',(0.707106781187,0.707106781187,1.018659560562E-14)
  );
#3564 = ORIENTED_EDGE('',*,*,#724,.F.);
#3565 = PLANE('',#3566);
#3566 = AXIS2_PLACEMENT_3D('',#3567,#3568,#3569);
#3567 = CARTESIAN_POINT('',(-53.,91.5,-8.));
#3568 = DIRECTION('',(-0.707106781187,0.707106781187,-8.659560562355E-17
    ));
#3569 = DIRECTION('',(1.224646799147E-16,1.763056796328E-32,-1.));
#3570 = ADVANCED_FACE('',(#3571),#3589,.F.);
#3571 = FACE_BOUND('',#3572,.F.);
#3572 = EDGE_LOOP('',(#3573,#3581,#3587,#3588));
#3573 = ORIENTED_EDGE('',*,*,#3574,.T.);
#3574 = EDGE_CURVE('',#709,#3575,#3577,.T.);
#3575 = VERTEX_POINT('',#3576);
#3576 = CARTESIAN_POINT('',(-51.5,92.,-22.));
#3577 = LINE('',#3578,#3579);
#3578 = CARTESIAN_POINT('',(-51.5,91.25,-22.75));
#3579 = VECTOR('',#3580,1.);
#3580 = DIRECTION('',(7.138638214102E-15,0.707106781187,0.707106781187)
  );
#3581 = ORIENTED_EDGE('',*,*,#3582,.T.);
#3582 = EDGE_CURVE('',#3575,#3527,#3583,.T.);
#3583 = LINE('',#3584,#3585);
#3584 = CARTESIAN_POINT('',(-52.5,92.,-22.));
#3585 = VECTOR('',#3586,1.);
#3586 = DIRECTION('',(1.,3.885780586188E-16,1.224646799147E-16));
#3587 = ORIENTED_EDGE('',*,*,#3526,.F.);
#3588 = ORIENTED_EDGE('',*,*,#708,.F.);
#3589 = PLANE('',#3590);
#3590 = AXIS2_PLACEMENT_3D('',#3591,#3592,#3593);
#3591 = CARTESIAN_POINT('',(-52.5,91.5,-22.5));
#3592 = DIRECTION('',(-1.881705746461E-16,0.707106781187,-0.707106781187
    ));
#3593 = DIRECTION('',(1.,3.885780586188E-16,1.224646799147E-16));
#3594 = ADVANCED_FACE('',(#3595),#3606,.T.);
#3595 = FACE_BOUND('',#3596,.T.);
#3596 = EDGE_LOOP('',(#3597,#3598,#3599,#3600));
#3597 = ORIENTED_EDGE('',*,*,#3559,.F.);
#3598 = ORIENTED_EDGE('',*,*,#716,.F.);
#3599 = ORIENTED_EDGE('',*,*,#3574,.T.);
#3600 = ORIENTED_EDGE('',*,*,#3601,.T.);
#3601 = EDGE_CURVE('',#3575,#3552,#3602,.T.);
#3602 = LINE('',#3603,#3604);
#3603 = CARTESIAN_POINT('',(-51.5,92.,-22.));
#3604 = VECTOR('',#3605,1.);
#3605 = DIRECTION('',(-0.707106781187,2.325233819729E-15,0.707106781187)
  );
#3606 = PLANE('',#3607);
#3607 = AXIS2_PLACEMENT_3D('',#3608,#3609,#3610);
#3608 = CARTESIAN_POINT('',(-52.3,91.4,-21.8));
#3609 = DIRECTION('',(0.57735026919,-0.57735026919,0.57735026919));
#3610 = DIRECTION('',(4.723840883557E-16,-0.707106781187,-0.707106781187
    ));
#3611 = ADVANCED_FACE('',(#3612),#3695,.F.);
#3612 = FACE_BOUND('',#3613,.F.);
#3613 = EDGE_LOOP('',(#3614,#3620,#3621,#3629,#3638,#3644,#3645,#3653,
    #3662,#3668,#3669,#3677,#3686,#3692,#3693,#3694));
#3614 = ORIENTED_EDGE('',*,*,#3615,.F.);
#3615 = EDGE_CURVE('',#749,#1648,#3616,.T.);
#3616 = LINE('',#3617,#3618);
#3617 = CARTESIAN_POINT('',(-6.5,-94.,-6.));
#3618 = VECTOR('',#3619,1.);
#3619 = DIRECTION('',(-4.785780586188E-16,1.,-2.2E-16));
#3620 = ORIENTED_EDGE('',*,*,#759,.F.);
#3621 = ORIENTED_EDGE('',*,*,#3622,.F.);
#3622 = EDGE_CURVE('',#3623,#760,#3625,.T.);
#3623 = VERTEX_POINT('',#3624);
#3624 = CARTESIAN_POINT('',(-4.581273900819,91.21,-4.001652044051));
#3625 = LINE('',#3626,#3627);
#3626 = CARTESIAN_POINT('',(-4.581273900819,-94.,-4.001652044051));
#3627 = VECTOR('',#3628,1.);
#3628 = DIRECTION('',(4.785780586188E-16,-1.,2.2E-16));
#3629 = ORIENTED_EDGE('',*,*,#3630,.F.);
#3630 = EDGE_CURVE('',#3631,#3623,#3633,.T.);
#3631 = VERTEX_POINT('',#3632);
#3632 = CARTESIAN_POINT('',(-4.479583777022,91.21,-4.000104208255));
#3633 = CIRCLE('',#3634,2.);
#3634 = AXIS2_PLACEMENT_3D('',#3635,#3636,#3637);
#3635 = CARTESIAN_POINT('',(-4.5,91.21,-6.));
#3636 = DIRECTION('',(4.785780586188E-16,-1.,2.2E-16));
#3637 = DIRECTION('',(-1.,-4.785780586188E-16,-3.246467991474E-17));
#3638 = ORIENTED_EDGE('',*,*,#3639,.T.);
#3639 = EDGE_CURVE('',#3631,#777,#3640,.T.);
#3640 = LINE('',#3641,#3642);
#3641 = CARTESIAN_POINT('',(-4.479583777023,-94.,-4.000104208255));
#3642 = VECTOR('',#3643,1.);
#3643 = DIRECTION('',(4.785780586188E-16,-1.,2.2E-16));
#3644 = ORIENTED_EDGE('',*,*,#784,.F.);
#3645 = ORIENTED_EDGE('',*,*,#3646,.F.);
#3646 = EDGE_CURVE('',#3647,#785,#3649,.T.);
#3647 = VERTEX_POINT('',#3648);
#3648 = CARTESIAN_POINT('',(-2.724611895114,91.21,-6.920867567585));
#3649 = LINE('',#3650,#3651);
#3650 = CARTESIAN_POINT('',(-2.724611895114,-94.,-6.920867567585));
#3651 = VECTOR('',#3652,1.);
#3652 = DIRECTION('',(4.785780586188E-16,-1.,2.2E-16));
#3653 = ORIENTED_EDGE('',*,*,#3654,.F.);
#3654 = EDGE_CURVE('',#3655,#3647,#3657,.T.);
#3655 = VERTEX_POINT('',#3656);
#3656 = CARTESIAN_POINT('',(-2.888588998279,91.21,-7.184632678738));
#3657 = CIRCLE('',#3658,2.);
#3658 = AXIS2_PLACEMENT_3D('',#3659,#3660,#3661);
#3659 = CARTESIAN_POINT('',(-4.5,91.21,-6.));
#3660 = DIRECTION('',(4.785780586188E-16,-1.,2.2E-16));
#3661 = DIRECTION('',(-1.,-4.785780586188E-16,-3.246467991474E-17));
#3662 = ORIENTED_EDGE('',*,*,#3663,.T.);
#3663 = EDGE_CURVE('',#3655,#802,#3664,.T.);
#3664 = LINE('',#3665,#3666);
#3665 = CARTESIAN_POINT('',(-2.888588998279,-94.,-7.184632678738));
#3666 = VECTOR('',#3667,1.);
#3667 = DIRECTION('',(4.785780586188E-16,-1.,2.2E-16));
#3668 = ORIENTED_EDGE('',*,*,#809,.F.);
#3669 = ORIENTED_EDGE('',*,*,#3670,.F.);
#3670 = EDGE_CURVE('',#3671,#810,#3673,.T.);
#3671 = VERTEX_POINT('',#3672);
#3672 = CARTESIAN_POINT('',(-6.06908616351,91.21,-7.240148624755));
#3673 = LINE('',#3674,#3675);
#3674 = CARTESIAN_POINT('',(-6.06908616351,-94.,-7.240148624755));
#3675 = VECTOR('',#3676,1.);
#3676 = DIRECTION('',(4.785780586188E-16,-1.,2.2E-16));
#3677 = ORIENTED_EDGE('',*,*,#3678,.F.);
#3678 = EDGE_CURVE('',#3679,#3671,#3681,.T.);
#3679 = VERTEX_POINT('',#3680);
#3680 = CARTESIAN_POINT('',(-6.237763684714,91.21,-6.990039078062));
#3681 = CIRCLE('',#3682,2.);
#3682 = AXIS2_PLACEMENT_3D('',#3683,#3684,#3685);
#3683 = CARTESIAN_POINT('',(-4.5,91.21,-6.));
#3684 = DIRECTION('',(4.785780586188E-16,-1.,2.2E-16));
#3685 = DIRECTION('',(-1.,-4.785780586188E-16,-3.246467991474E-17));
#3686 = ORIENTED_EDGE('',*,*,#3687,.T.);
#3687 = EDGE_CURVE('',#3679,#751,#3688,.T.);
#3688 = LINE('',#3689,#3690);
#3689 = CARTESIAN_POINT('',(-6.237763684714,-94.,-6.990039078061));
#3690 = VECTOR('',#3691,1.);
#3691 = DIRECTION('',(4.785780586188E-16,-1.,2.2E-16));
#3692 = ORIENTED_EDGE('',*,*,#748,.F.);
#3693 = ORIENTED_EDGE('',*,*,#3615,.T.);
#3694 = ORIENTED_EDGE('',*,*,#1647,.T.);
#3695 = CYLINDRICAL_SURFACE('',#3696,2.);
#3696 = AXIS2_PLACEMENT_3D('',#3697,#3698,#3699);
#3697 = CARTESIAN_POINT('',(-4.5,-94.,-6.));
#3698 = DIRECTION('',(4.785780586188E-16,-1.,2.2E-16));
#3699 = DIRECTION('',(-1.,-4.785780586188E-16,-3.246467991474E-17));
#3700 = ADVANCED_FACE('',(#3701),#3719,.T.);
#3701 = FACE_BOUND('',#3702,.T.);
#3702 = EDGE_LOOP('',(#3703,#3704,#3712,#3718));
#3703 = ORIENTED_EDGE('',*,*,#826,.F.);
#3704 = ORIENTED_EDGE('',*,*,#3705,.T.);
#3705 = EDGE_CURVE('',#819,#3706,#3708,.T.);
#3706 = VERTEX_POINT('',#3707);
#3707 = CARTESIAN_POINT('',(-6.379404143848,91.21,-7.245565261008));
#3708 = LINE('',#3709,#3710);
#3709 = CARTESIAN_POINT('',(-6.379404143848,84.21,-7.245565261008));
#3710 = VECTOR('',#3711,1.);
#3711 = DIRECTION('',(2.948876798795E-16,1.,3.714698827088E-16));
#3712 = ORIENTED_EDGE('',*,*,#3713,.T.);
#3713 = EDGE_CURVE('',#3706,#3679,#3714,.T.);
#3714 = LINE('',#3715,#3716);
#3715 = CARTESIAN_POINT('',(-6.379404143848,91.21,-7.245565261008));
#3716 = VECTOR('',#3717,1.);
#3717 = DIRECTION('',(0.48480957585,-4.678592601733E-16,0.874619731749)
  );
#3718 = ORIENTED_EDGE('',*,*,#3687,.T.);
#3719 = PLANE('',#3720);
#3720 = AXIS2_PLACEMENT_3D('',#3721,#3722,#3723);
#3721 = CARTESIAN_POINT('',(-6.379404143848,84.21,-7.245565261008));
#3722 = DIRECTION('',(0.874619731749,-7.782242719513E-17,-0.48480957585)
  );
#3723 = DIRECTION('',(0.48480957585,-4.678592601733E-16,0.874619731749)
  );
#3724 = ADVANCED_FACE('',(#3725),#3736,.T.);
#3725 = FACE_BOUND('',#3726,.T.);
#3726 = EDGE_LOOP('',(#3727,#3728,#3729,#3730));
#3727 = ORIENTED_EDGE('',*,*,#3705,.F.);
#3728 = ORIENTED_EDGE('',*,*,#818,.F.);
#3729 = ORIENTED_EDGE('',*,*,#3670,.F.);
#3730 = ORIENTED_EDGE('',*,*,#3731,.T.);
#3731 = EDGE_CURVE('',#3671,#3706,#3732,.T.);
#3732 = LINE('',#3733,#3734);
#3733 = CARTESIAN_POINT('',(-2.569472729972,91.21,-7.179062467352));
#3734 = VECTOR('',#3735,1.);
#3735 = DIRECTION('',(-0.99984769427,3.013258290218E-16,
    -1.745245719031E-02));
#3736 = PLANE('',#3737);
#3737 = AXIS2_PLACEMENT_3D('',#3738,#3739,#3740);
#3738 = CARTESIAN_POINT('',(-2.569472729972,84.21,-7.179062467352));
#3739 = DIRECTION('',(-1.745245719031E-02,-3.662667911083E-16,
    0.99984769427));
#3740 = DIRECTION('',(-0.99984769427,3.013258290218E-16,
    -1.745245719031E-02));
#3741 = ADVANCED_FACE('',(#3742),#3760,.T.);
#3742 = FACE_BOUND('',#3743,.T.);
#3743 = EDGE_LOOP('',(#3744,#3745,#3753,#3759));
#3744 = ORIENTED_EDGE('',*,*,#801,.F.);
#3745 = ORIENTED_EDGE('',*,*,#3746,.T.);
#3746 = EDGE_CURVE('',#794,#3747,#3749,.T.);
#3747 = VERTEX_POINT('',#3748);
#3748 = CARTESIAN_POINT('',(-2.569472729972,91.21,-7.179062467352));
#3749 = LINE('',#3750,#3751);
#3750 = CARTESIAN_POINT('',(-2.569472729972,84.21,-7.179062467352));
#3751 = VECTOR('',#3752,1.);
#3752 = DIRECTION('',(2.948876798795E-16,1.,3.714698827088E-16));
#3753 = ORIENTED_EDGE('',*,*,#3754,.T.);
#3754 = EDGE_CURVE('',#3747,#3655,#3755,.T.);
#3755 = LINE('',#3756,#3757);
#3756 = CARTESIAN_POINT('',(-2.569472729972,91.21,-7.179062467352));
#3757 = VECTOR('',#3758,1.);
#3758 = DIRECTION('',(-0.99984769427,3.013258290218E-16,
    -1.745245719031E-02));
#3759 = ORIENTED_EDGE('',*,*,#3663,.T.);
#3760 = PLANE('',#3761);
#3761 = AXIS2_PLACEMENT_3D('',#3762,#3763,#3764);
#3762 = CARTESIAN_POINT('',(-2.569472729972,84.21,-7.179062467352));
#3763 = DIRECTION('',(-1.745245719031E-02,-3.662667911083E-16,
    0.99984769427));
#3764 = DIRECTION('',(-0.99984769427,3.013258290218E-16,
    -1.745245719031E-02));
#3765 = ADVANCED_FACE('',(#3766),#3777,.T.);
#3766 = FACE_BOUND('',#3767,.T.);
#3767 = EDGE_LOOP('',(#3768,#3769,#3770,#3771));
#3768 = ORIENTED_EDGE('',*,*,#3746,.F.);
#3769 = ORIENTED_EDGE('',*,*,#793,.F.);
#3770 = ORIENTED_EDGE('',*,*,#3646,.F.);
#3771 = ORIENTED_EDGE('',*,*,#3772,.T.);
#3772 = EDGE_CURVE('',#3647,#3747,#3773,.T.);
#3773 = LINE('',#3774,#3775);
#3774 = CARTESIAN_POINT('',(-4.53203154564,91.21,-3.912816473087));
#3775 = VECTOR('',#3776,1.);
#3776 = DIRECTION('',(0.515038118421,1.665334311514E-16,-0.857167274558)
  );
#3777 = PLANE('',#3778);
#3778 = AXIS2_PLACEMENT_3D('',#3779,#3780,#3781);
#3779 = CARTESIAN_POINT('',(-4.53203154564,84.21,-3.912816473087));
#3780 = DIRECTION('',(-0.857167274558,4.440892183035E-16,-0.515038118421
    ));
#3781 = DIRECTION('',(0.515038118421,1.665334311514E-16,-0.857167274558)
  );
#3782 = ADVANCED_FACE('',(#3783),#3801,.T.);
#3783 = FACE_BOUND('',#3784,.T.);
#3784 = EDGE_LOOP('',(#3785,#3786,#3794,#3800));
#3785 = ORIENTED_EDGE('',*,*,#776,.F.);
#3786 = ORIENTED_EDGE('',*,*,#3787,.T.);
#3787 = EDGE_CURVE('',#769,#3788,#3790,.T.);
#3788 = VERTEX_POINT('',#3789);
#3789 = CARTESIAN_POINT('',(-4.53203154564,91.21,-3.912816473087));
#3790 = LINE('',#3791,#3792);
#3791 = CARTESIAN_POINT('',(-4.53203154564,84.21,-3.912816473087));
#3792 = VECTOR('',#3793,1.);
#3793 = DIRECTION('',(2.948876798795E-16,1.,3.714698827088E-16));
#3794 = ORIENTED_EDGE('',*,*,#3795,.T.);
#3795 = EDGE_CURVE('',#3788,#3631,#3796,.T.);
#3796 = LINE('',#3797,#3798);
#3797 = CARTESIAN_POINT('',(-4.53203154564,91.21,-3.912816473087));
#3798 = VECTOR('',#3799,1.);
#3799 = DIRECTION('',(0.515038118421,1.665334311514E-16,-0.857167274558)
  );
#3800 = ORIENTED_EDGE('',*,*,#3639,.T.);
#3801 = PLANE('',#3802);
#3802 = AXIS2_PLACEMENT_3D('',#3803,#3804,#3805);
#3803 = CARTESIAN_POINT('',(-4.53203154564,84.21,-3.912816473087));
#3804 = DIRECTION('',(-0.857167274558,4.440892183035E-16,-0.515038118421
    ));
#3805 = DIRECTION('',(0.515038118421,1.665334311514E-16,-0.857167274558)
  );
#3806 = ADVANCED_FACE('',(#3807),#3818,.T.);
#3807 = FACE_BOUND('',#3808,.T.);
#3808 = EDGE_LOOP('',(#3809,#3810,#3811,#3812));
#3809 = ORIENTED_EDGE('',*,*,#3787,.F.);
#3810 = ORIENTED_EDGE('',*,*,#768,.F.);
#3811 = ORIENTED_EDGE('',*,*,#3622,.F.);
#3812 = ORIENTED_EDGE('',*,*,#3813,.T.);
#3813 = EDGE_CURVE('',#3623,#3788,#3814,.T.);
#3814 = LINE('',#3815,#3816);
#3815 = CARTESIAN_POINT('',(-6.379404143848,91.21,-7.245565261008));
#3816 = VECTOR('',#3817,1.);
#3817 = DIRECTION('',(0.48480957585,-4.678592601733E-16,0.874619731749)
  );
#3818 = PLANE('',#3819);
#3819 = AXIS2_PLACEMENT_3D('',#3820,#3821,#3822);
#3820 = CARTESIAN_POINT('',(-6.379404143848,84.21,-7.245565261008));
#3821 = DIRECTION('',(0.874619731749,-7.782242719513E-17,-0.48480957585)
  );
#3822 = DIRECTION('',(0.48480957585,-4.678592601733E-16,0.874619731749)
  );
#3823 = ADVANCED_FACE('',(#3824),#3907,.F.);
#3824 = FACE_BOUND('',#3825,.F.);
#3825 = EDGE_LOOP('',(#3826,#3832,#3833,#3841,#3850,#3856,#3857,#3865,
    #3874,#3880,#3881,#3889,#3898,#3904,#3905,#3906));
#3826 = ORIENTED_EDGE('',*,*,#3827,.F.);
#3827 = EDGE_CURVE('',#835,#1637,#3828,.T.);
#3828 = LINE('',#3829,#3830);
#3829 = CARTESIAN_POINT('',(-6.5,-94.,-15.25));
#3830 = VECTOR('',#3831,1.);
#3831 = DIRECTION('',(-4.785780586188E-16,1.,-2.2E-16));
#3832 = ORIENTED_EDGE('',*,*,#845,.F.);
#3833 = ORIENTED_EDGE('',*,*,#3834,.F.);
#3834 = EDGE_CURVE('',#3835,#846,#3837,.T.);
#3835 = VERTEX_POINT('',#3836);
#3836 = CARTESIAN_POINT('',(-4.65359349912,91.2,-13.25590646231));
#3837 = LINE('',#3838,#3839);
#3838 = CARTESIAN_POINT('',(-4.65359349912,-94.,-13.25590646231));
#3839 = VECTOR('',#3840,1.);
#3840 = DIRECTION('',(4.785780586188E-16,-1.,2.2E-16));
#3841 = ORIENTED_EDGE('',*,*,#3842,.F.);
#3842 = EDGE_CURVE('',#3843,#3835,#3845,.T.);
#3843 = VERTEX_POINT('',#3844);
#3844 = CARTESIAN_POINT('',(-4.462988507303,91.2,-13.25034249197));
#3845 = CIRCLE('',#3846,2.);
#3846 = AXIS2_PLACEMENT_3D('',#3847,#3848,#3849);
#3847 = CARTESIAN_POINT('',(-4.5,91.2,-15.25));
#3848 = DIRECTION('',(4.785780586188E-16,-1.,2.2E-16));
#3849 = DIRECTION('',(-1.,-4.785780586188E-16,-3.246467991474E-17));
#3850 = ORIENTED_EDGE('',*,*,#3851,.T.);
#3851 = EDGE_CURVE('',#3843,#863,#3852,.T.);
#3852 = LINE('',#3853,#3854);
#3853 = CARTESIAN_POINT('',(-4.462988507303,-94.,-13.25034249197));
#3854 = VECTOR('',#3855,1.);
#3855 = DIRECTION('',(4.785780586188E-16,-1.,2.2E-16));
#3856 = ORIENTED_EDGE('',*,*,#870,.F.);
#3857 = ORIENTED_EDGE('',*,*,#3858,.F.);
#3858 = EDGE_CURVE('',#3859,#871,#3861,.T.);
#3859 = VERTEX_POINT('',#3860);
#3860 = CARTESIAN_POINT('',(-2.717031281439,91.2,-16.15610294593));
#3861 = LINE('',#3862,#3863);
#3862 = CARTESIAN_POINT('',(-2.717031281439,-94.,-16.15610294593));
#3863 = VECTOR('',#3864,1.);
#3864 = DIRECTION('',(4.785780586188E-16,-1.,2.2E-16));
#3865 = ORIENTED_EDGE('',*,*,#3866,.F.);
#3866 = EDGE_CURVE('',#3867,#3859,#3869,.T.);
#3867 = VERTEX_POINT('',#3868);
#3868 = CARTESIAN_POINT('',(-2.835231644837,91.2,-16.35839808897));
#3869 = CIRCLE('',#3870,2.);
#3870 = AXIS2_PLACEMENT_3D('',#3871,#3872,#3873);
#3871 = CARTESIAN_POINT('',(-4.5,91.2,-15.25));
#3872 = DIRECTION('',(4.785780586188E-16,-1.,2.2E-16));
#3873 = DIRECTION('',(-1.,-4.785780586188E-16,-3.246467991474E-17));
#3874 = ORIENTED_EDGE('',*,*,#3875,.T.);
#3875 = EDGE_CURVE('',#3867,#888,#3876,.T.);
#3876 = LINE('',#3877,#3878);
#3877 = CARTESIAN_POINT('',(-2.835231644837,-94.,-16.35839808897));
#3878 = VECTOR('',#3879,1.);
#3879 = DIRECTION('',(4.785780586188E-16,-1.,2.2E-16));
#3880 = ORIENTED_EDGE('',*,*,#895,.F.);
#3881 = ORIENTED_EDGE('',*,*,#3882,.F.);
#3882 = EDGE_CURVE('',#3883,#896,#3885,.T.);
#3883 = VERTEX_POINT('',#3884);
#3884 = CARTESIAN_POINT('',(-6.125071569454,91.2,-16.41582262551));
#3885 = LINE('',#3886,#3887);
#3886 = CARTESIAN_POINT('',(-6.125071569454,-94.,-16.41582262551));
#3887 = VECTOR('',#3888,1.);
#3888 = DIRECTION('',(4.785780586188E-16,-1.,2.2E-16));
#3889 = ORIENTED_EDGE('',*,*,#3890,.F.);
#3890 = EDGE_CURVE('',#3891,#3883,#3893,.T.);
#3891 = VERTEX_POINT('',#3892);
#3892 = CARTESIAN_POINT('',(-6.27247928818,91.2,-16.17645408573));
#3893 = CIRCLE('',#3894,2.);
#3894 = AXIS2_PLACEMENT_3D('',#3895,#3896,#3897);
#3895 = CARTESIAN_POINT('',(-4.5,91.2,-15.25));
#3896 = DIRECTION('',(4.785780586188E-16,-1.,2.2E-16));
#3897 = DIRECTION('',(-1.,-4.785780586188E-16,-3.246467991474E-17));
#3898 = ORIENTED_EDGE('',*,*,#3899,.T.);
#3899 = EDGE_CURVE('',#3891,#837,#3900,.T.);
#3900 = LINE('',#3901,#3902);
#3901 = CARTESIAN_POINT('',(-6.27247928818,-94.,-16.17645408573));
#3902 = VECTOR('',#3903,1.);
#3903 = DIRECTION('',(4.785780586188E-16,-1.,2.2E-16));
#3904 = ORIENTED_EDGE('',*,*,#834,.F.);
#3905 = ORIENTED_EDGE('',*,*,#3827,.T.);
#3906 = ORIENTED_EDGE('',*,*,#1636,.T.);
#3907 = CYLINDRICAL_SURFACE('',#3908,2.);
#3908 = AXIS2_PLACEMENT_3D('',#3909,#3910,#3911);
#3909 = CARTESIAN_POINT('',(-4.5,-94.,-15.25));
#3910 = DIRECTION('',(4.785780586188E-16,-1.,2.2E-16));
#3911 = DIRECTION('',(-1.,-4.785780586188E-16,-3.246467991474E-17));
#3912 = ADVANCED_FACE('',(#3913),#3931,.T.);
#3913 = FACE_BOUND('',#3914,.T.);
#3914 = EDGE_LOOP('',(#3915,#3916,#3924,#3930));
#3915 = ORIENTED_EDGE('',*,*,#912,.F.);
#3916 = ORIENTED_EDGE('',*,*,#3917,.T.);
#3917 = EDGE_CURVE('',#905,#3918,#3920,.T.);
#3918 = VERTEX_POINT('',#3919);
#3919 = CARTESIAN_POINT('',(-6.407899934139,91.2,-16.42075942734));
#3920 = LINE('',#3921,#3922);
#3921 = CARTESIAN_POINT('',(-6.407899934139,84.2,-16.42075942734));
#3922 = VECTOR('',#3923,1.);
#3923 = DIRECTION('',(2.948876798795E-16,1.,3.714698827088E-16));
#3924 = ORIENTED_EDGE('',*,*,#3925,.T.);
#3925 = EDGE_CURVE('',#3918,#3891,#3926,.T.);
#3926 = LINE('',#3927,#3928);
#3927 = CARTESIAN_POINT('',(-6.407899934139,91.2,-16.42075942734));
#3928 = VECTOR('',#3929,1.);
#3929 = DIRECTION('',(0.48480957585,-4.678592601733E-16,0.874619731749)
  );
#3930 = ORIENTED_EDGE('',*,*,#3899,.T.);
#3931 = PLANE('',#3932);
#3932 = AXIS2_PLACEMENT_3D('',#3933,#3934,#3935);
#3933 = CARTESIAN_POINT('',(-6.407899934139,84.2,-16.42075942734));
#3934 = DIRECTION('',(0.874619731749,-7.782242719513E-17,-0.48480957585)
  );
#3935 = DIRECTION('',(0.48480957585,-4.678592601733E-16,0.874619731749)
  );
#3936 = ADVANCED_FACE('',(#3937),#3948,.T.);
#3937 = FACE_BOUND('',#3938,.T.);
#3938 = EDGE_LOOP('',(#3939,#3940,#3941,#3942));
#3939 = ORIENTED_EDGE('',*,*,#3917,.F.);
#3940 = ORIENTED_EDGE('',*,*,#904,.F.);
#3941 = ORIENTED_EDGE('',*,*,#3882,.F.);
#3942 = ORIENTED_EDGE('',*,*,#3943,.T.);
#3943 = EDGE_CURVE('',#3883,#3918,#3944,.T.);
#3944 = LINE('',#3945,#3946);
#3945 = CARTESIAN_POINT('',(-2.597968520263,91.2,-16.35425663368));
#3946 = VECTOR('',#3947,1.);
#3947 = DIRECTION('',(-0.99984769427,3.013258290218E-16,
    -1.745245719031E-02));
#3948 = PLANE('',#3949);
#3949 = AXIS2_PLACEMENT_3D('',#3950,#3951,#3952);
#3950 = CARTESIAN_POINT('',(-2.597968520263,84.2,-16.35425663368));
#3951 = DIRECTION('',(-1.745245719031E-02,-3.662667911083E-16,
    0.99984769427));
#3952 = DIRECTION('',(-0.99984769427,3.013258290218E-16,
    -1.745245719031E-02));
#3953 = ADVANCED_FACE('',(#3954),#3972,.T.);
#3954 = FACE_BOUND('',#3955,.T.);
#3955 = EDGE_LOOP('',(#3956,#3957,#3965,#3971));
#3956 = ORIENTED_EDGE('',*,*,#887,.F.);
#3957 = ORIENTED_EDGE('',*,*,#3958,.T.);
#3958 = EDGE_CURVE('',#880,#3959,#3961,.T.);
#3959 = VERTEX_POINT('',#3960);
#3960 = CARTESIAN_POINT('',(-2.597968520263,91.2,-16.35425663368));
#3961 = LINE('',#3962,#3963);
#3962 = CARTESIAN_POINT('',(-2.597968520263,84.2,-16.35425663368));
#3963 = VECTOR('',#3964,1.);
#3964 = DIRECTION('',(2.948876798795E-16,1.,3.714698827088E-16));
#3965 = ORIENTED_EDGE('',*,*,#3966,.T.);
#3966 = EDGE_CURVE('',#3959,#3867,#3967,.T.);
#3967 = LINE('',#3968,#3969);
#3968 = CARTESIAN_POINT('',(-2.597968520263,91.2,-16.35425663368));
#3969 = VECTOR('',#3970,1.);
#3970 = DIRECTION('',(-0.99984769427,3.013258290218E-16,
    -1.745245719031E-02));
#3971 = ORIENTED_EDGE('',*,*,#3875,.T.);
#3972 = PLANE('',#3973);
#3973 = AXIS2_PLACEMENT_3D('',#3974,#3975,#3976);
#3974 = CARTESIAN_POINT('',(-2.597968520263,84.2,-16.35425663368));
#3975 = DIRECTION('',(-1.745245719031E-02,-3.662667911083E-16,
    0.99984769427));
#3976 = DIRECTION('',(-0.99984769427,3.013258290218E-16,
    -1.745245719031E-02));
#3977 = ADVANCED_FACE('',(#3978),#3989,.T.);
#3978 = FACE_BOUND('',#3979,.T.);
#3979 = EDGE_LOOP('',(#3980,#3981,#3982,#3983));
#3980 = ORIENTED_EDGE('',*,*,#3958,.F.);
#3981 = ORIENTED_EDGE('',*,*,#879,.F.);
#3982 = ORIENTED_EDGE('',*,*,#3858,.F.);
#3983 = ORIENTED_EDGE('',*,*,#3984,.T.);
#3984 = EDGE_CURVE('',#3859,#3959,#3985,.T.);
#3985 = LINE('',#3986,#3987);
#3986 = CARTESIAN_POINT('',(-4.560527335931,91.2,-13.08801063942));
#3987 = VECTOR('',#3988,1.);
#3988 = DIRECTION('',(0.515038118421,1.665334311514E-16,-0.857167274558)
  );
#3989 = PLANE('',#3990);
#3990 = AXIS2_PLACEMENT_3D('',#3991,#3992,#3993);
#3991 = CARTESIAN_POINT('',(-4.560527335931,84.2,-13.08801063942));
#3992 = DIRECTION('',(-0.857167274558,4.440892183035E-16,-0.515038118421
    ));
#3993 = DIRECTION('',(0.515038118421,1.665334311514E-16,-0.857167274558)
  );
#3994 = ADVANCED_FACE('',(#3995),#4013,.T.);
#3995 = FACE_BOUND('',#3996,.T.);
#3996 = EDGE_LOOP('',(#3997,#3998,#4006,#4012));
#3997 = ORIENTED_EDGE('',*,*,#862,.F.);
#3998 = ORIENTED_EDGE('',*,*,#3999,.T.);
#3999 = EDGE_CURVE('',#855,#4000,#4002,.T.);
#4000 = VERTEX_POINT('',#4001);
#4001 = CARTESIAN_POINT('',(-4.560527335931,91.2,-13.08801063942));
#4002 = LINE('',#4003,#4004);
#4003 = CARTESIAN_POINT('',(-4.560527335931,84.2,-13.08801063942));
#4004 = VECTOR('',#4005,1.);
#4005 = DIRECTION('',(2.948876798795E-16,1.,3.714698827088E-16));
#4006 = ORIENTED_EDGE('',*,*,#4007,.T.);
#4007 = EDGE_CURVE('',#4000,#3843,#4008,.T.);
#4008 = LINE('',#4009,#4010);
#4009 = CARTESIAN_POINT('',(-4.560527335931,91.2,-13.08801063942));
#4010 = VECTOR('',#4011,1.);
#4011 = DIRECTION('',(0.515038118421,1.665334311514E-16,-0.857167274558)
  );
#4012 = ORIENTED_EDGE('',*,*,#3851,.T.);
#4013 = PLANE('',#4014);
#4014 = AXIS2_PLACEMENT_3D('',#4015,#4016,#4017);
#4015 = CARTESIAN_POINT('',(-4.560527335931,84.2,-13.08801063942));
#4016 = DIRECTION('',(-0.857167274558,4.440892183035E-16,-0.515038118421
    ));
#4017 = DIRECTION('',(0.515038118421,1.665334311514E-16,-0.857167274558)
  );
#4018 = ADVANCED_FACE('',(#4019),#4030,.T.);
#4019 = FACE_BOUND('',#4020,.T.);
#4020 = EDGE_LOOP('',(#4021,#4022,#4023,#4024));
#4021 = ORIENTED_EDGE('',*,*,#3999,.F.);
#4022 = ORIENTED_EDGE('',*,*,#854,.F.);
#4023 = ORIENTED_EDGE('',*,*,#3834,.F.);
#4024 = ORIENTED_EDGE('',*,*,#4025,.T.);
#4025 = EDGE_CURVE('',#3835,#4000,#4026,.T.);
#4026 = LINE('',#4027,#4028);
#4027 = CARTESIAN_POINT('',(-6.407899934139,91.2,-16.42075942734));
#4028 = VECTOR('',#4029,1.);
#4029 = DIRECTION('',(0.48480957585,-4.678592601733E-16,0.874619731749)
  );
#4030 = PLANE('',#4031);
#4031 = AXIS2_PLACEMENT_3D('',#4032,#4033,#4034);
#4032 = CARTESIAN_POINT('',(-6.407899934139,84.2,-16.42075942734));
#4033 = DIRECTION('',(0.874619731749,-7.782242719513E-17,-0.48480957585)
  );
#4034 = DIRECTION('',(0.48480957585,-4.678592601733E-16,0.874619731749)
  );
#4035 = ADVANCED_FACE('',(#4036),#4047,.T.);
#4036 = FACE_BOUND('',#4037,.T.);
#4037 = EDGE_LOOP('',(#4038,#4039,#4040,#4046));
#4038 = ORIENTED_EDGE('',*,*,#926,.F.);
#4039 = ORIENTED_EDGE('',*,*,#1072,.T.);
#4040 = ORIENTED_EDGE('',*,*,#4041,.T.);
#4041 = EDGE_CURVE('',#1065,#2634,#4042,.T.);
#4042 = LINE('',#4043,#4044);
#4043 = CARTESIAN_POINT('',(-96.5,89.,-1.5));
#4044 = VECTOR('',#4045,1.);
#4045 = DIRECTION('',(0.707106781187,2.194766180268E-15,-0.707106781187)
  );
#4046 = ORIENTED_EDGE('',*,*,#2633,.F.);
#4047 = PLANE('',#4048);
#4048 = AXIS2_PLACEMENT_3D('',#4049,#4050,#4051);
#4049 = CARTESIAN_POINT('',(-94.,93.,-2.431679911985E-15));
#4050 = DIRECTION('',(0.57735026919,-0.57735026919,0.57735026919));
#4051 = DIRECTION('',(-0.707106781187,-0.707106781187,2.442669683897E-17
    ));
#4052 = ADVANCED_FACE('',(#4053),#4081,.T.);
#4053 = FACE_BOUND('',#4054,.T.);
#4054 = EDGE_LOOP('',(#4055,#4066,#4072,#4073,#4074));
#4055 = ORIENTED_EDGE('',*,*,#4056,.T.);
#4056 = EDGE_CURVE('',#4057,#4059,#4061,.T.);
#4057 = VERTEX_POINT('',#4058);
#4058 = CARTESIAN_POINT('',(-113.99,87.37403208418,-0.5));
#4059 = VERTEX_POINT('',#4060);
#4060 = CARTESIAN_POINT('',(-114.,87.,-0.5));
#4061 = CIRCLE('',#4062,7.);
#4062 = AXIS2_PLACEMENT_3D('',#4063,#4064,#4065);
#4063 = CARTESIAN_POINT('',(-107.,87.,-0.5));
#4064 = DIRECTION('',(-1.224646799147E-16,-1.763056796328E-32,1.));
#4065 = DIRECTION('',(-3.885780586188E-16,1.,-2.995651960736E-32));
#4066 = ORIENTED_EDGE('',*,*,#4067,.F.);
#4067 = EDGE_CURVE('',#959,#4059,#4068,.T.);
#4068 = LINE('',#4069,#4070);
#4069 = CARTESIAN_POINT('',(-114.,87.,-5.08097351028E-15));
#4070 = VECTOR('',#4071,1.);
#4071 = DIRECTION('',(1.224646799147E-16,1.763056796328E-32,-1.));
#4072 = ORIENTED_EDGE('',*,*,#958,.F.);
#4073 = ORIENTED_EDGE('',*,*,#1298,.T.);
#4074 = ORIENTED_EDGE('',*,*,#4075,.T.);
#4075 = EDGE_CURVE('',#1291,#4057,#4076,.T.);
#4076 = ELLIPSE('',#4077,9.899494936612,7.);
#4077 = AXIS2_PLACEMENT_3D('',#4078,#4079,#4080);
#4078 = CARTESIAN_POINT('',(-107.,87.,-7.49));
#4079 = DIRECTION('',(0.707106781187,2.747661802697E-16,0.707106781187)
  );
#4080 = DIRECTION('',(0.707106781187,2.747661802697E-16,-0.707106781187)
  );
#4081 = CYLINDRICAL_SURFACE('',#4082,7.);
#4082 = AXIS2_PLACEMENT_3D('',#4083,#4084,#4085);
#4083 = CARTESIAN_POINT('',(-107.,87.,-4.223720750877E-15));
#4084 = DIRECTION('',(1.224646799147E-16,1.763056796328E-32,-1.));
#4085 = DIRECTION('',(-3.885780586188E-16,1.,-2.995651960736E-32));
#4086 = ADVANCED_FACE('',(#4087),#4160,.T.);
#4087 = FACE_BOUND('',#4088,.T.);
#4088 = EDGE_LOOP('',(#4089,#4099,#4105,#4106,#4107,#4115,#4123,#4131,
    #4137,#4138,#4146,#4154));
#4089 = ORIENTED_EDGE('',*,*,#4090,.T.);
#4090 = EDGE_CURVE('',#4091,#4093,#4095,.T.);
#4091 = VERTEX_POINT('',#4092);
#4092 = CARTESIAN_POINT('',(-114.,-86.49,-0.5));
#4093 = VERTEX_POINT('',#4094);
#4094 = CARTESIAN_POINT('',(-114.,-87.,-0.5));
#4095 = LINE('',#4096,#4097);
#4096 = CARTESIAN_POINT('',(-114.,-71.5,-0.5));
#4097 = VECTOR('',#4098,1.);
#4098 = DIRECTION('',(3.885780586188E-16,-1.,2.995651960736E-32));
#4099 = ORIENTED_EDGE('',*,*,#4100,.F.);
#4100 = EDGE_CURVE('',#968,#4093,#4101,.T.);
#4101 = LINE('',#4102,#4103);
#4102 = CARTESIAN_POINT('',(-114.,-87.,-5.08097351028E-15));
#4103 = VECTOR('',#4104,1.);
#4104 = DIRECTION('',(1.224646799147E-16,1.763056796328E-32,-1.));
#4105 = ORIENTED_EDGE('',*,*,#967,.F.);
#4106 = ORIENTED_EDGE('',*,*,#4067,.T.);
#4107 = ORIENTED_EDGE('',*,*,#4108,.T.);
#4108 = EDGE_CURVE('',#4059,#4109,#4111,.T.);
#4109 = VERTEX_POINT('',#4110);
#4110 = CARTESIAN_POINT('',(-114.,86.49,-0.5));
#4111 = LINE('',#4112,#4113);
#4112 = CARTESIAN_POINT('',(-114.,94.,-0.5));
#4113 = VECTOR('',#4114,1.);
#4114 = DIRECTION('',(3.885780586188E-16,-1.,2.995651960736E-32));
#4115 = ORIENTED_EDGE('',*,*,#4116,.T.);
#4116 = EDGE_CURVE('',#4109,#4117,#4119,.T.);
#4117 = VERTEX_POINT('',#4118);
#4118 = CARTESIAN_POINT('',(-114.,71.5,-15.49));
#4119 = LINE('',#4120,#4121);
#4120 = CARTESIAN_POINT('',(-114.,58.25618119266,-28.73381880733));
#4121 = VECTOR('',#4122,1.);
#4122 = DIRECTION('',(3.613617858932E-16,-0.707106781187,-0.707106781187
    ));
#4123 = ORIENTED_EDGE('',*,*,#4124,.T.);
#4124 = EDGE_CURVE('',#4117,#4125,#4127,.T.);
#4125 = VERTEX_POINT('',#4126);
#4126 = CARTESIAN_POINT('',(-114.,67.5,-19.49));
#4127 = LINE('',#4128,#4129);
#4128 = CARTESIAN_POINT('',(-114.,58.25618119266,-28.73381880733));
#4129 = VECTOR('',#4130,1.);
#4130 = DIRECTION('',(3.613617858932E-16,-0.707106781187,-0.707106781187
    ));
#4131 = ORIENTED_EDGE('',*,*,#4132,.T.);
#4132 = EDGE_CURVE('',#4125,#1838,#4133,.T.);
#4133 = LINE('',#4134,#4135);
#4134 = CARTESIAN_POINT('',(-114.,67.5,-15.49));
#4135 = VECTOR('',#4136,1.);
#4136 = DIRECTION('',(1.224646799147E-16,1.763056796328E-32,-1.));
#4137 = ORIENTED_EDGE('',*,*,#1837,.F.);
#4138 = ORIENTED_EDGE('',*,*,#4139,.F.);
#4139 = EDGE_CURVE('',#4140,#1830,#4142,.T.);
#4140 = VERTEX_POINT('',#4141);
#4141 = CARTESIAN_POINT('',(-114.,-67.5,-19.49));
#4142 = LINE('',#4143,#4144);
#4143 = CARTESIAN_POINT('',(-114.,-67.5,-15.49));
#4144 = VECTOR('',#4145,1.);
#4145 = DIRECTION('',(1.224646799147E-16,1.763056796328E-32,-1.));
#4146 = ORIENTED_EDGE('',*,*,#4147,.F.);
#4147 = EDGE_CURVE('',#4148,#4140,#4150,.T.);
#4148 = VERTEX_POINT('',#4149);
#4149 = CARTESIAN_POINT('',(-114.,-71.5,-15.49));
#4150 = LINE('',#4151,#4152);
#4151 = CARTESIAN_POINT('',(-114.,-58.25618119266,-28.73381880733));
#4152 = VECTOR('',#4153,1.);
#4153 = DIRECTION('',(-1.881705746461E-16,0.707106781187,-0.707106781187
    ));
#4154 = ORIENTED_EDGE('',*,*,#4155,.T.);
#4155 = EDGE_CURVE('',#4148,#4091,#4156,.T.);
#4156 = LINE('',#4157,#4158);
#4157 = CARTESIAN_POINT('',(-114.,-58.25618119266,-28.73381880733));
#4158 = VECTOR('',#4159,1.);
#4159 = DIRECTION('',(1.881705746461E-16,-0.707106781187,0.707106781187)
  );
#4160 = PLANE('',#4161);
#4161 = AXIS2_PLACEMENT_3D('',#4162,#4163,#4164);
#4162 = CARTESIAN_POINT('',(-114.,-4.429789868254E-14,-11.95527522935));
#4163 = DIRECTION('',(-1.,-3.885780586188E-16,-1.224646799147E-16));
#4164 = DIRECTION('',(-1.224646799147E-16,-1.763056796328E-32,1.));
#4165 = ADVANCED_FACE('',(#4166),#4194,.T.);
#4166 = FACE_BOUND('',#4167,.T.);
#4167 = EDGE_LOOP('',(#4168,#4179,#4185,#4186,#4187));
#4168 = ORIENTED_EDGE('',*,*,#4169,.T.);
#4169 = EDGE_CURVE('',#4170,#4172,#4174,.T.);
#4170 = VERTEX_POINT('',#4171);
#4171 = CARTESIAN_POINT('',(-113.99,-87.37403208418,-0.5));
#4172 = VERTEX_POINT('',#4173);
#4173 = CARTESIAN_POINT('',(-107.,-94.,-7.49));
#4174 = ELLIPSE('',#4175,9.899494936612,7.);
#4175 = AXIS2_PLACEMENT_3D('',#4176,#4177,#4178);
#4176 = CARTESIAN_POINT('',(-107.,-87.,-7.49));
#4177 = DIRECTION('',(0.707106781187,2.747661802697E-16,0.707106781187)
  );
#4178 = DIRECTION('',(0.707106781187,2.747661802697E-16,-0.707106781187)
  );
#4179 = ORIENTED_EDGE('',*,*,#4180,.F.);
#4180 = EDGE_CURVE('',#976,#4172,#4181,.T.);
#4181 = LINE('',#4182,#4183);
#4182 = CARTESIAN_POINT('',(-107.,-94.,-4.223720750877E-15));
#4183 = VECTOR('',#4184,1.);
#4184 = DIRECTION('',(1.224646799147E-16,1.763056796328E-32,-1.));
#4185 = ORIENTED_EDGE('',*,*,#975,.F.);
#4186 = ORIENTED_EDGE('',*,*,#4100,.T.);
#4187 = ORIENTED_EDGE('',*,*,#4188,.T.);
#4188 = EDGE_CURVE('',#4093,#4170,#4189,.T.);
#4189 = CIRCLE('',#4190,7.);
#4190 = AXIS2_PLACEMENT_3D('',#4191,#4192,#4193);
#4191 = CARTESIAN_POINT('',(-107.,-87.,-0.5));
#4192 = DIRECTION('',(-1.224646799147E-16,-1.763056796328E-32,1.));
#4193 = DIRECTION('',(-3.885780586188E-16,1.,-2.995651960736E-32));
#4194 = CYLINDRICAL_SURFACE('',#4195,7.);
#4195 = AXIS2_PLACEMENT_3D('',#4196,#4197,#4198);
#4196 = CARTESIAN_POINT('',(-107.,-87.,-4.223720750877E-15));
#4197 = DIRECTION('',(1.224646799147E-16,1.763056796328E-32,-1.));
#4198 = DIRECTION('',(-1.,-3.885780586188E-16,-1.224646799147E-16));
#4199 = ADVANCED_FACE('',(#4200,#4228,#4239),#4250,.T.);
#4200 = FACE_BOUND('',#4201,.T.);
#4201 = EDGE_LOOP('',(#4202,#4203,#4204,#4212,#4220,#4226,#4227));
#4202 = ORIENTED_EDGE('',*,*,#984,.F.);
#4203 = ORIENTED_EDGE('',*,*,#4180,.T.);
#4204 = ORIENTED_EDGE('',*,*,#4205,.T.);
#4205 = EDGE_CURVE('',#4172,#4206,#4208,.T.);
#4206 = VERTEX_POINT('',#4207);
#4207 = CARTESIAN_POINT('',(-99.,-94.,-15.49));
#4208 = LINE('',#4209,#4210);
#4209 = CARTESIAN_POINT('',(-92.37,-94.,-22.12));
#4210 = VECTOR('',#4211,1.);
#4211 = DIRECTION('',(0.707106781187,2.747661802697E-16,-0.707106781187)
  );
#4212 = ORIENTED_EDGE('',*,*,#4213,.T.);
#4213 = EDGE_CURVE('',#4206,#4214,#4216,.T.);
#4214 = VERTEX_POINT('',#4215);
#4215 = CARTESIAN_POINT('',(-95.,-94.,-19.49));
#4216 = LINE('',#4217,#4218);
#4217 = CARTESIAN_POINT('',(-92.37,-94.,-22.12));
#4218 = VECTOR('',#4219,1.);
#4219 = DIRECTION('',(0.707106781187,2.747661802697E-16,-0.707106781187)
  );
#4220 = ORIENTED_EDGE('',*,*,#4221,.T.);
#4221 = EDGE_CURVE('',#4214,#1728,#4222,.T.);
#4222 = LINE('',#4223,#4224);
#4223 = CARTESIAN_POINT('',(-95.,-94.,-15.49));
#4224 = VECTOR('',#4225,1.);
#4225 = DIRECTION('',(1.224646799147E-16,1.763056796328E-32,-1.));
#4226 = ORIENTED_EDGE('',*,*,#1727,.F.);
#4227 = ORIENTED_EDGE('',*,*,#1690,.F.);
#4228 = FACE_BOUND('',#4229,.T.);
#4229 = EDGE_LOOP('',(#4230));
#4230 = ORIENTED_EDGE('',*,*,#4231,.F.);
#4231 = EDGE_CURVE('',#4232,#4232,#4234,.T.);
#4232 = VERTEX_POINT('',#4233);
#4233 = CARTESIAN_POINT('',(-6.5,-94.,-6.));
#4234 = CIRCLE('',#4235,2.);
#4235 = AXIS2_PLACEMENT_3D('',#4236,#4237,#4238);
#4236 = CARTESIAN_POINT('',(-4.5,-94.,-6.));
#4237 = DIRECTION('',(3.885780586188E-16,-1.,2.995651960736E-32));
#4238 = DIRECTION('',(-1.,-3.885780586188E-16,-1.224646799147E-16));
#4239 = FACE_BOUND('',#4240,.T.);
#4240 = EDGE_LOOP('',(#4241));
#4241 = ORIENTED_EDGE('',*,*,#4242,.F.);
#4242 = EDGE_CURVE('',#4243,#4243,#4245,.T.);
#4243 = VERTEX_POINT('',#4244);
#4244 = CARTESIAN_POINT('',(-6.5,-94.,-15.25));
#4245 = CIRCLE('',#4246,2.);
#4246 = AXIS2_PLACEMENT_3D('',#4247,#4248,#4249);
#4247 = CARTESIAN_POINT('',(-4.5,-94.,-15.25));
#4248 = DIRECTION('',(3.885780586188E-16,-1.,2.995651960736E-32));
#4249 = DIRECTION('',(-1.,-3.885780586188E-16,-1.224646799147E-16));
#4250 = PLANE('',#4251);
#4251 = AXIS2_PLACEMENT_3D('',#4252,#4253,#4254);
#4252 = CARTESIAN_POINT('',(-55.46354166666,-94.,-13.46354166666));
#4253 = DIRECTION('',(3.885780586188E-16,-1.,2.995651960736E-32));
#4254 = DIRECTION('',(1.224646799147E-16,1.763056796328E-32,-1.));
#4255 = ADVANCED_FACE('',(#4256),#4274,.T.);
#4256 = FACE_BOUND('',#4257,.T.);
#4257 = EDGE_LOOP('',(#4258,#4259,#4260,#4268));
#4258 = ORIENTED_EDGE('',*,*,#4041,.F.);
#4259 = ORIENTED_EDGE('',*,*,#1064,.T.);
#4260 = ORIENTED_EDGE('',*,*,#4261,.F.);
#4261 = EDGE_CURVE('',#4262,#1057,#4264,.T.);
#4262 = VERTEX_POINT('',#4263);
#4263 = CARTESIAN_POINT('',(-96.,70.5,-2.));
#4264 = LINE('',#4265,#4266);
#4265 = CARTESIAN_POINT('',(-97.,70.5,-1.));
#4266 = VECTOR('',#4267,1.);
#4267 = DIRECTION('',(-0.707106781187,2.0523381973E-16,0.707106781187));
#4268 = ORIENTED_EDGE('',*,*,#4269,.F.);
#4269 = EDGE_CURVE('',#2634,#4262,#4270,.T.);
#4270 = LINE('',#4271,#4272);
#4271 = CARTESIAN_POINT('',(-96.,91.,-2.));
#4272 = VECTOR('',#4273,1.);
#4273 = DIRECTION('',(3.885780586188E-16,-1.,2.995651960736E-32));
#4274 = PLANE('',#4275);
#4275 = AXIS2_PLACEMENT_3D('',#4276,#4277,#4278);
#4276 = CARTESIAN_POINT('',(-97.,91.,-1.));
#4277 = DIRECTION('',(0.707106781187,2.747661802697E-16,0.707106781187)
  );
#4278 = DIRECTION('',(3.885780586188E-16,-1.,2.995651960736E-32));
#4279 = ADVANCED_FACE('',(#4280),#4305,.T.);
#4280 = FACE_BOUND('',#4281,.T.);
#4281 = EDGE_LOOP('',(#4282,#4290,#4291,#4299));
#4282 = ORIENTED_EDGE('',*,*,#4283,.T.);
#4283 = EDGE_CURVE('',#4284,#1057,#4286,.T.);
#4284 = VERTEX_POINT('',#4285);
#4285 = CARTESIAN_POINT('',(-98.,68.5,-2.));
#4286 = LINE('',#4287,#4288);
#4287 = CARTESIAN_POINT('',(-98.,69.,-1.5));
#4288 = VECTOR('',#4289,1.);
#4289 = DIRECTION('',(-8.413617858929E-16,0.707106781187,0.707106781187)
  );
#4290 = ORIENTED_EDGE('',*,*,#1056,.T.);
#4291 = ORIENTED_EDGE('',*,*,#4292,.T.);
#4292 = EDGE_CURVE('',#1049,#4293,#4295,.T.);
#4293 = VERTEX_POINT('',#4294);
#4294 = CARTESIAN_POINT('',(-109.,68.5,-2.));
#4295 = LINE('',#4296,#4297);
#4296 = CARTESIAN_POINT('',(-109.,69.,-1.5));
#4297 = VECTOR('',#4298,1.);
#4298 = DIRECTION('',(1.031361785893E-15,-0.707106781187,-0.707106781187
    ));
#4299 = ORIENTED_EDGE('',*,*,#4300,.F.);
#4300 = EDGE_CURVE('',#4284,#4293,#4301,.T.);
#4301 = LINE('',#4302,#4303);
#4302 = CARTESIAN_POINT('',(-96.,68.5,-2.));
#4303 = VECTOR('',#4304,1.);
#4304 = DIRECTION('',(-1.,-3.885780586188E-16,-1.224646799147E-16));
#4305 = PLANE('',#4306);
#4306 = AXIS2_PLACEMENT_3D('',#4307,#4308,#4309);
#4307 = CARTESIAN_POINT('',(-96.,69.5,-1.));
#4308 = DIRECTION('',(1.881705746461E-16,-0.707106781187,0.707106781187)
  );
#4309 = DIRECTION('',(-1.,-3.885780586188E-16,-1.224646799147E-16));
#4310 = ADVANCED_FACE('',(#4311),#4322,.T.);
#4311 = FACE_BOUND('',#4312,.F.);
#4312 = EDGE_LOOP('',(#4313,#4314,#4315,#4321));
#4313 = ORIENTED_EDGE('',*,*,#1697,.F.);
#4314 = ORIENTED_EDGE('',*,*,#1000,.T.);
#4315 = ORIENTED_EDGE('',*,*,#4316,.T.);
#4316 = EDGE_CURVE('',#1001,#2198,#4317,.T.);
#4317 = LINE('',#4318,#4319);
#4318 = CARTESIAN_POINT('',(-94.,-92.5,-0.5));
#4319 = VECTOR('',#4320,1.);
#4320 = DIRECTION('',(-3.068170574644E-15,0.707106781187,-0.707106781187
    ));
#4321 = ORIENTED_EDGE('',*,*,#2205,.F.);
#4322 = PLANE('',#4323);
#4323 = AXIS2_PLACEMENT_3D('',#4324,#4325,#4326);
#4324 = CARTESIAN_POINT('',(3.587164607284E-14,-92.,-1.));
#4325 = DIRECTION('',(-3.613617858932E-16,0.707106781187,0.707106781187)
  );
#4326 = DIRECTION('',(1.,3.885780586188E-16,1.224646799147E-16));
#4327 = ADVANCED_FACE('',(#4328),#4346,.F.);
#4328 = FACE_BOUND('',#4329,.F.);
#4329 = EDGE_LOOP('',(#4330,#4338,#4339,#4340));
#4330 = ORIENTED_EDGE('',*,*,#4331,.F.);
#4331 = EDGE_CURVE('',#1041,#4332,#4334,.T.);
#4332 = VERTEX_POINT('',#4333);
#4333 = CARTESIAN_POINT('',(-111.,66.5,-2.));
#4334 = LINE('',#4335,#4336);
#4335 = CARTESIAN_POINT('',(-112.5,66.5,-0.5));
#4336 = VECTOR('',#4337,1.);
#4337 = DIRECTION('',(0.707106781187,-3.0523381973E-16,-0.707106781187)
  );
#4338 = ORIENTED_EDGE('',*,*,#1048,.T.);
#4339 = ORIENTED_EDGE('',*,*,#4292,.T.);
#4340 = ORIENTED_EDGE('',*,*,#4341,.F.);
#4341 = EDGE_CURVE('',#4332,#4293,#4342,.T.);
#4342 = LINE('',#4343,#4344);
#4343 = CARTESIAN_POINT('',(-111.,66.5,-2.));
#4344 = VECTOR('',#4345,1.);
#4345 = DIRECTION('',(0.707106781187,0.707106781187,-1.340439437639E-17)
  );
#4346 = PLANE('',#4347);
#4347 = AXIS2_PLACEMENT_3D('',#4348,#4349,#4350);
#4348 = CARTESIAN_POINT('',(-113.,66.5,-4.758508830365E-15));
#4349 = DIRECTION('',(-0.57735026919,0.57735026919,-0.57735026919));
#4350 = DIRECTION('',(0.707106781187,0.707106781187,-2.442669683897E-17)
  );
#4351 = ADVANCED_FACE('',(#4352),#4370,.F.);
#4352 = FACE_BOUND('',#4353,.F.);
#4353 = EDGE_LOOP('',(#4354,#4355,#4356,#4364));
#4354 = ORIENTED_EDGE('',*,*,#4316,.F.);
#4355 = ORIENTED_EDGE('',*,*,#1008,.T.);
#4356 = ORIENTED_EDGE('',*,*,#4357,.T.);
#4357 = EDGE_CURVE('',#1009,#4358,#4360,.T.);
#4358 = VERTEX_POINT('',#4359);
#4359 = CARTESIAN_POINT('',(-96.,-89.,-2.));
#4360 = LINE('',#4361,#4362);
#4361 = CARTESIAN_POINT('',(-96.5,-89.,-1.5));
#4362 = VECTOR('',#4363,1.);
#4363 = DIRECTION('',(0.707106781187,-4.435233819727E-15,-0.707106781187
    ));
#4364 = ORIENTED_EDGE('',*,*,#4365,.F.);
#4365 = EDGE_CURVE('',#2198,#4358,#4366,.T.);
#4366 = LINE('',#4367,#4368);
#4367 = CARTESIAN_POINT('',(-94.,-91.,-2.));
#4368 = VECTOR('',#4369,1.);
#4369 = DIRECTION('',(-0.707106781187,0.707106781187,1.743404394375E-15)
  );
#4370 = PLANE('',#4371);
#4371 = AXIS2_PLACEMENT_3D('',#4372,#4373,#4374);
#4372 = CARTESIAN_POINT('',(-94.,-93.,-2.431679911985E-15));
#4373 = DIRECTION('',(-0.57735026919,-0.57735026919,-0.57735026919));
#4374 = DIRECTION('',(-0.707106781187,0.707106781187,1.911805838702E-15)
  );
#4375 = ADVANCED_FACE('',(#4376),#4394,.F.);
#4376 = FACE_BOUND('',#4377,.T.);
#4377 = EDGE_LOOP('',(#4378,#4379,#4380,#4388));
#4378 = ORIENTED_EDGE('',*,*,#4331,.F.);
#4379 = ORIENTED_EDGE('',*,*,#1040,.T.);
#4380 = ORIENTED_EDGE('',*,*,#4381,.T.);
#4381 = EDGE_CURVE('',#1033,#4382,#4384,.T.);
#4382 = VERTEX_POINT('',#4383);
#4383 = CARTESIAN_POINT('',(-111.,-66.5,-2.));
#4384 = LINE('',#4385,#4386);
#4385 = CARTESIAN_POINT('',(-112.5,-66.5,-0.5));
#4386 = VECTOR('',#4387,1.);
#4387 = DIRECTION('',(0.707106781187,1.904766180269E-15,-0.707106781187)
  );
#4388 = ORIENTED_EDGE('',*,*,#4389,.F.);
#4389 = EDGE_CURVE('',#4332,#4382,#4390,.T.);
#4390 = LINE('',#4391,#4392);
#4391 = CARTESIAN_POINT('',(-111.,68.5,-2.));
#4392 = VECTOR('',#4393,1.);
#4393 = DIRECTION('',(3.885780586188E-16,-1.,2.2E-16));
#4394 = PLANE('',#4395);
#4395 = AXIS2_PLACEMENT_3D('',#4396,#4397,#4398);
#4396 = CARTESIAN_POINT('',(-112.,68.5,-1.));
#4397 = DIRECTION('',(-0.707106781187,-2.747661802697E-16,
    -0.707106781187));
#4398 = DIRECTION('',(-2.785780586188E-16,1.,-1.1E-16));
#4399 = ADVANCED_FACE('',(#4400),#4418,.T.);
#4400 = FACE_BOUND('',#4401,.T.);
#4401 = EDGE_LOOP('',(#4402,#4403,#4404,#4412));
#4402 = ORIENTED_EDGE('',*,*,#1016,.T.);
#4403 = ORIENTED_EDGE('',*,*,#4357,.T.);
#4404 = ORIENTED_EDGE('',*,*,#4405,.F.);
#4405 = EDGE_CURVE('',#4406,#4358,#4408,.T.);
#4406 = VERTEX_POINT('',#4407);
#4407 = CARTESIAN_POINT('',(-96.,-70.5,-2.));
#4408 = LINE('',#4409,#4410);
#4409 = CARTESIAN_POINT('',(-96.,-68.5,-2.));
#4410 = VECTOR('',#4411,1.);
#4411 = DIRECTION('',(3.885780586188E-16,-1.,2.995651960736E-32));
#4412 = ORIENTED_EDGE('',*,*,#4413,.T.);
#4413 = EDGE_CURVE('',#4406,#1017,#4414,.T.);
#4414 = LINE('',#4415,#4416);
#4415 = CARTESIAN_POINT('',(-97.,-70.5,-1.));
#4416 = VECTOR('',#4417,1.);
#4417 = DIRECTION('',(-0.707106781187,-8.547661802693E-16,0.707106781187
    ));
#4418 = PLANE('',#4419);
#4419 = AXIS2_PLACEMENT_3D('',#4420,#4421,#4422);
#4420 = CARTESIAN_POINT('',(-97.,-68.5,-1.));
#4421 = DIRECTION('',(0.707106781187,2.747661802697E-16,0.707106781187)
  );
#4422 = DIRECTION('',(3.885780586188E-16,-1.,2.995651960736E-32));
#4423 = ADVANCED_FACE('',(#4424),#4442,.T.);
#4424 = FACE_BOUND('',#4425,.T.);
#4425 = EDGE_LOOP('',(#4426,#4427,#4428,#4436));
#4426 = ORIENTED_EDGE('',*,*,#4381,.F.);
#4427 = ORIENTED_EDGE('',*,*,#1032,.T.);
#4428 = ORIENTED_EDGE('',*,*,#4429,.T.);
#4429 = EDGE_CURVE('',#1025,#4430,#4432,.T.);
#4430 = VERTEX_POINT('',#4431);
#4431 = CARTESIAN_POINT('',(-109.,-68.5,-2.));
#4432 = LINE('',#4433,#4434);
#4433 = CARTESIAN_POINT('',(-109.,-69.,-1.5));
#4434 = VECTOR('',#4435,1.);
#4435 = DIRECTION('',(6.64182942535E-15,0.707106781187,-0.707106781187)
  );
#4436 = ORIENTED_EDGE('',*,*,#4437,.F.);
#4437 = EDGE_CURVE('',#4382,#4430,#4438,.T.);
#4438 = LINE('',#4439,#4440);
#4439 = CARTESIAN_POINT('',(-111.,-66.5,-2.));
#4440 = VECTOR('',#4441,1.);
#4441 = DIRECTION('',(0.707106781187,-0.707106781187,-5.103404394373E-15
    ));
#4442 = PLANE('',#4443);
#4443 = AXIS2_PLACEMENT_3D('',#4444,#4445,#4446);
#4444 = CARTESIAN_POINT('',(-113.,-66.5,-4.758508830365E-15));
#4445 = DIRECTION('',(0.57735026919,0.57735026919,0.57735026919));
#4446 = DIRECTION('',(0.707106781187,-0.707106781187,-5.686564122427E-15
    ));
#4447 = ADVANCED_FACE('',(#4448),#4466,.T.);
#4448 = FACE_BOUND('',#4449,.T.);
#4449 = EDGE_LOOP('',(#4450,#4451,#4452,#4460));
#4450 = ORIENTED_EDGE('',*,*,#4429,.F.);
#4451 = ORIENTED_EDGE('',*,*,#1024,.T.);
#4452 = ORIENTED_EDGE('',*,*,#4453,.F.);
#4453 = EDGE_CURVE('',#4454,#1017,#4456,.T.);
#4454 = VERTEX_POINT('',#4455);
#4455 = CARTESIAN_POINT('',(-98.,-68.5,-2.));
#4456 = LINE('',#4457,#4458);
#4457 = CARTESIAN_POINT('',(-98.,-69.,-1.5));
#4458 = VECTOR('',#4459,1.);
#4459 = DIRECTION('',(5.668170574643E-15,-0.707106781187,0.707106781187)
  );
#4460 = ORIENTED_EDGE('',*,*,#4461,.F.);
#4461 = EDGE_CURVE('',#4430,#4454,#4462,.T.);
#4462 = LINE('',#4463,#4464);
#4463 = CARTESIAN_POINT('',(-111.,-68.5,-2.));
#4464 = VECTOR('',#4465,1.);
#4465 = DIRECTION('',(1.,3.885780586188E-16,1.224646799147E-16));
#4466 = PLANE('',#4467);
#4467 = AXIS2_PLACEMENT_3D('',#4468,#4469,#4470);
#4468 = CARTESIAN_POINT('',(-111.,-69.5,-1.));
#4469 = DIRECTION('',(-3.613617858932E-16,0.707106781187,0.707106781187)
  );
#4470 = DIRECTION('',(1.,3.885780586188E-16,1.224646799147E-16));
#4471 = ADVANCED_FACE('',(#4472),#4497,.T.);
#4472 = FACE_BOUND('',#4473,.T.);
#4473 = EDGE_LOOP('',(#4474,#4475,#4483,#4491));
#4474 = ORIENTED_EDGE('',*,*,#1082,.F.);
#4475 = ORIENTED_EDGE('',*,*,#4476,.T.);
#4476 = EDGE_CURVE('',#1083,#4477,#4479,.T.);
#4477 = VERTEX_POINT('',#4478);
#4478 = CARTESIAN_POINT('',(-102.759,84.988000111674,-0.105));
#4479 = LINE('',#4480,#4481);
#4480 = CARTESIAN_POINT('',(-102.759,84.988000111674,6.895));
#4481 = VECTOR('',#4482,1.);
#4482 = DIRECTION('',(-8.659560562355E-17,-8.659560562355E-17,-1.));
#4483 = ORIENTED_EDGE('',*,*,#4484,.T.);
#4484 = EDGE_CURVE('',#4477,#4485,#4487,.T.);
#4485 = VERTEX_POINT('',#4486);
#4486 = CARTESIAN_POINT('',(-103.0059839444,84.84540384815,-0.105));
#4487 = LINE('',#4488,#4489);
#4488 = CARTESIAN_POINT('',(-102.759,84.988000111674,-0.105));
#4489 = VECTOR('',#4490,1.);
#4490 = DIRECTION('',(-0.866025378404,-0.50000004396,1.182917987468E-16)
  );
#4491 = ORIENTED_EDGE('',*,*,#4492,.F.);
#4492 = EDGE_CURVE('',#1085,#4485,#4493,.T.);
#4493 = LINE('',#4494,#4495);
#4494 = CARTESIAN_POINT('',(-103.0059839444,84.845403848151,-2.));
#4495 = VECTOR('',#4496,1.);
#4496 = DIRECTION('',(1.224646799147E-16,1.763056796328E-32,-1.));
#4497 = PLANE('',#4498);
#4498 = AXIS2_PLACEMENT_3D('',#4499,#4500,#4501);
#4499 = CARTESIAN_POINT('',(-102.759,84.988000111674,6.895));
#4500 = DIRECTION('',(-0.50000004396,0.866025378404,-3.169618550974E-17)
  );
#4501 = DIRECTION('',(-0.866025378404,-0.50000004396,1.182917987468E-16)
  );
#4502 = ADVANCED_FACE('',(#4503),#4521,.T.);
#4503 = FACE_BOUND('',#4504,.T.);
#4504 = EDGE_LOOP('',(#4505,#4506,#4507,#4515));
#4505 = ORIENTED_EDGE('',*,*,#4476,.F.);
#4506 = ORIENTED_EDGE('',*,*,#1151,.F.);
#4507 = ORIENTED_EDGE('',*,*,#4508,.T.);
#4508 = EDGE_CURVE('',#1143,#4509,#4511,.T.);
#4509 = VERTEX_POINT('',#4510);
#4510 = CARTESIAN_POINT('',(-103.004201324,85.129567145543,-0.105));
#4511 = LINE('',#4512,#4513);
#4512 = CARTESIAN_POINT('',(-103.004201324,85.129567145542,-2.));
#4513 = VECTOR('',#4514,1.);
#4514 = DIRECTION('',(1.224646799147E-16,1.763056796328E-32,-1.));
#4515 = ORIENTED_EDGE('',*,*,#4516,.T.);
#4516 = EDGE_CURVE('',#4509,#4477,#4517,.T.);
#4517 = LINE('',#4518,#4519);
#4518 = CARTESIAN_POINT('',(-106.0590000967,86.893255832489,-0.105));
#4519 = VECTOR('',#4520,1.);
#4520 = DIRECTION('',(0.866025429165,-0.49999995604,-3.16961975189E-17)
  );
#4521 = PLANE('',#4522);
#4522 = AXIS2_PLACEMENT_3D('',#4523,#4524,#4525);
#4523 = CARTESIAN_POINT('',(-106.0590000967,86.893255832489,6.895));
#4524 = DIRECTION('',(-0.49999995604,-0.866025429165,1.182917955289E-16)
  );
#4525 = DIRECTION('',(0.866025429165,-0.49999995604,-3.16961975189E-17)
  );
#4526 = ADVANCED_FACE('',(#4527),#4612,.F.);
#4527 = FACE_BOUND('',#4528,.F.);
#4528 = EDGE_LOOP('',(#4529,#4539,#4546,#4547,#4554,#4555,#4556,#4564,
    #4573,#4579,#4580,#4588,#4597,#4603,#4604,#4605));
#4529 = ORIENTED_EDGE('',*,*,#4530,.F.);
#4530 = EDGE_CURVE('',#4531,#4533,#4535,.T.);
#4531 = VERTEX_POINT('',#4532);
#4532 = CARTESIAN_POINT('',(-103.,85.,-2.));
#4533 = VERTEX_POINT('',#4534);
#4534 = CARTESIAN_POINT('',(-103.,85.,-0.105));
#4535 = LINE('',#4536,#4537);
#4536 = CARTESIAN_POINT('',(-103.,85.,-2.));
#4537 = VECTOR('',#4538,1.);
#4538 = DIRECTION('',(-1.224646799147E-16,-1.763056796328E-32,1.));
#4539 = ORIENTED_EDGE('',*,*,#4540,.F.);
#4540 = EDGE_CURVE('',#4531,#4531,#4541,.T.);
#4541 = CIRCLE('',#4542,2.);
#4542 = AXIS2_PLACEMENT_3D('',#4543,#4544,#4545);
#4543 = CARTESIAN_POINT('',(-105.,85.,-2.));
#4544 = DIRECTION('',(1.224646799147E-16,1.763056796328E-32,-1.));
#4545 = DIRECTION('',(1.,3.885780586188E-16,1.224646799147E-16));
#4546 = ORIENTED_EDGE('',*,*,#4530,.T.);
#4547 = ORIENTED_EDGE('',*,*,#4548,.T.);
#4548 = EDGE_CURVE('',#4533,#4485,#4549,.T.);
#4549 = CIRCLE('',#4550,2.);
#4550 = AXIS2_PLACEMENT_3D('',#4551,#4552,#4553);
#4551 = CARTESIAN_POINT('',(-105.,85.,-0.105));
#4552 = DIRECTION('',(1.224646799147E-16,1.763056796328E-32,-1.));
#4553 = DIRECTION('',(1.,3.885780586188E-16,1.224646799147E-16));
#4554 = ORIENTED_EDGE('',*,*,#4492,.F.);
#4555 = ORIENTED_EDGE('',*,*,#1092,.T.);
#4556 = ORIENTED_EDGE('',*,*,#4557,.T.);
#4557 = EDGE_CURVE('',#1093,#4558,#4560,.T.);
#4558 = VERTEX_POINT('',#4559);
#4559 = CARTESIAN_POINT('',(-105.8631236497,83.195833276781,-0.105));
#4560 = LINE('',#4561,#4562);
#4561 = CARTESIAN_POINT('',(-105.8631236497,83.19583327678,-2.));
#4562 = VECTOR('',#4563,1.);
#4563 = DIRECTION('',(1.224646799147E-16,1.763056796328E-32,-1.));
#4564 = ORIENTED_EDGE('',*,*,#4565,.T.);
#4565 = EDGE_CURVE('',#4558,#4566,#4568,.T.);
#4566 = VERTEX_POINT('',#4567);
#4567 = CARTESIAN_POINT('',(-106.0589999144,83.303380071697,-0.105));
#4568 = CIRCLE('',#4569,2.);
#4569 = AXIS2_PLACEMENT_3D('',#4570,#4571,#4572);
#4570 = CARTESIAN_POINT('',(-105.,85.,-0.105));
#4571 = DIRECTION('',(1.224646799147E-16,1.763056796328E-32,-1.));
#4572 = DIRECTION('',(1.,3.885780586188E-16,1.224646799147E-16));
#4573 = ORIENTED_EDGE('',*,*,#4574,.F.);
#4574 = EDGE_CURVE('',#1110,#4566,#4575,.T.);
#4575 = LINE('',#4576,#4577);
#4576 = CARTESIAN_POINT('',(-106.0589999144,83.303380071696,-2.));
#4577 = VECTOR('',#4578,1.);
#4578 = DIRECTION('',(1.224646799147E-16,1.763056796328E-32,-1.));
#4579 = ORIENTED_EDGE('',*,*,#1117,.T.);
#4580 = ORIENTED_EDGE('',*,*,#4581,.T.);
#4581 = EDGE_CURVE('',#1118,#4582,#4584,.T.);
#4582 = VERTEX_POINT('',#4583);
#4583 = CARTESIAN_POINT('',(-106.0590000867,86.696619820791,-0.105));
#4584 = LINE('',#4585,#4586);
#4585 = CARTESIAN_POINT('',(-106.0590000867,86.696619820792,-2.));
#4586 = VECTOR('',#4587,1.);
#4587 = DIRECTION('',(1.224646799147E-16,1.763056796328E-32,-1.));
#4588 = ORIENTED_EDGE('',*,*,#4589,.T.);
#4589 = EDGE_CURVE('',#4582,#4590,#4592,.T.);
#4590 = VERTEX_POINT('',#4591);
#4591 = CARTESIAN_POINT('',(-105.8856910804,86.793195837038,-0.105));
#4592 = CIRCLE('',#4593,2.);
#4593 = AXIS2_PLACEMENT_3D('',#4594,#4595,#4596);
#4594 = CARTESIAN_POINT('',(-105.,85.,-0.105));
#4595 = DIRECTION('',(1.224646799147E-16,1.763056796328E-32,-1.));
#4596 = DIRECTION('',(1.,3.885780586188E-16,1.224646799147E-16));
#4597 = ORIENTED_EDGE('',*,*,#4598,.F.);
#4598 = EDGE_CURVE('',#1135,#4590,#4599,.T.);
#4599 = LINE('',#4600,#4601);
#4600 = CARTESIAN_POINT('',(-105.8856910804,86.793195837039,-2.));
#4601 = VECTOR('',#4602,1.);
#4602 = DIRECTION('',(1.224646799147E-16,1.763056796328E-32,-1.));
#4603 = ORIENTED_EDGE('',*,*,#1142,.T.);
#4604 = ORIENTED_EDGE('',*,*,#4508,.T.);
#4605 = ORIENTED_EDGE('',*,*,#4606,.T.);
#4606 = EDGE_CURVE('',#4509,#4533,#4607,.T.);
#4607 = CIRCLE('',#4608,2.);
#4608 = AXIS2_PLACEMENT_3D('',#4609,#4610,#4611);
#4609 = CARTESIAN_POINT('',(-105.,85.,-0.105));
#4610 = DIRECTION('',(1.224646799147E-16,1.763056796328E-32,-1.));
#4611 = DIRECTION('',(1.,3.885780586188E-16,1.224646799147E-16));
#4612 = CYLINDRICAL_SURFACE('',#4613,2.);
#4613 = AXIS2_PLACEMENT_3D('',#4614,#4615,#4616);
#4614 = CARTESIAN_POINT('',(-105.,85.,-2.));
#4615 = DIRECTION('',(1.224646799147E-16,1.763056796328E-32,-1.));
#4616 = DIRECTION('',(1.,3.885780586188E-16,1.224646799147E-16));
#4617 = ADVANCED_FACE('',(#4618),#4636,.T.);
#4618 = FACE_BOUND('',#4619,.T.);
#4619 = EDGE_LOOP('',(#4620,#4621,#4629,#4635));
#4620 = ORIENTED_EDGE('',*,*,#1134,.F.);
#4621 = ORIENTED_EDGE('',*,*,#4622,.T.);
#4622 = EDGE_CURVE('',#1127,#4623,#4625,.T.);
#4623 = VERTEX_POINT('',#4624);
#4624 = CARTESIAN_POINT('',(-106.0590000967,86.893255832489,-0.105));
#4625 = LINE('',#4626,#4627);
#4626 = CARTESIAN_POINT('',(-106.0590000967,86.893255832489,6.895));
#4627 = VECTOR('',#4628,1.);
#4628 = DIRECTION('',(-8.659560562355E-17,-8.659560562355E-17,-1.));
#4629 = ORIENTED_EDGE('',*,*,#4630,.T.);
#4630 = EDGE_CURVE('',#4623,#4590,#4631,.T.);
#4631 = LINE('',#4632,#4633);
#4632 = CARTESIAN_POINT('',(-106.0590000967,86.893255832489,-0.105));
#4633 = VECTOR('',#4634,1.);
#4634 = DIRECTION('',(0.866025429165,-0.49999995604,-3.16961975189E-17)
  );
#4635 = ORIENTED_EDGE('',*,*,#4598,.F.);
#4636 = PLANE('',#4637);
#4637 = AXIS2_PLACEMENT_3D('',#4638,#4639,#4640);
#4638 = CARTESIAN_POINT('',(-106.0590000967,86.893255832489,6.895));
#4639 = DIRECTION('',(-0.49999995604,-0.866025429165,1.182917955289E-16)
  );
#4640 = DIRECTION('',(0.866025429165,-0.49999995604,-3.16961975189E-17)
  );
#4641 = ADVANCED_FACE('',(#4642),#4653,.T.);
#4642 = FACE_BOUND('',#4643,.T.);
#4643 = EDGE_LOOP('',(#4644,#4645,#4646,#4647));
#4644 = ORIENTED_EDGE('',*,*,#4622,.F.);
#4645 = ORIENTED_EDGE('',*,*,#1126,.F.);
#4646 = ORIENTED_EDGE('',*,*,#4581,.T.);
#4647 = ORIENTED_EDGE('',*,*,#4648,.T.);
#4648 = EDGE_CURVE('',#4582,#4623,#4649,.T.);
#4649 = LINE('',#4650,#4651);
#4650 = CARTESIAN_POINT('',(-106.0589999032,83.082744055837,-0.105));
#4651 = VECTOR('',#4652,1.);
#4652 = DIRECTION('',(-5.076101552796E-08,1.,-8.659560122787E-17));
#4653 = PLANE('',#4654);
#4654 = AXIS2_PLACEMENT_3D('',#4655,#4656,#4657);
#4655 = CARTESIAN_POINT('',(-106.0589999032,83.082744055837,6.895));
#4656 = DIRECTION('',(1.,5.076101552796E-08,-8.659561001923E-17));
#4657 = DIRECTION('',(-5.076101552796E-08,1.,-8.659560122787E-17));
#4658 = ADVANCED_FACE('',(#4659),#4677,.T.);
#4659 = FACE_BOUND('',#4660,.T.);
#4660 = EDGE_LOOP('',(#4661,#4662,#4670,#4676));
#4661 = ORIENTED_EDGE('',*,*,#1109,.F.);
#4662 = ORIENTED_EDGE('',*,*,#4663,.T.);
#4663 = EDGE_CURVE('',#1102,#4664,#4666,.T.);
#4664 = VERTEX_POINT('',#4665);
#4665 = CARTESIAN_POINT('',(-106.0589999032,83.082744055837,-0.105));
#4666 = LINE('',#4667,#4668);
#4667 = CARTESIAN_POINT('',(-106.0589999032,83.082744055837,6.895));
#4668 = VECTOR('',#4669,1.);
#4669 = DIRECTION('',(-8.659560562355E-17,-8.659560562355E-17,-1.));
#4670 = ORIENTED_EDGE('',*,*,#4671,.T.);
#4671 = EDGE_CURVE('',#4664,#4566,#4672,.T.);
#4672 = LINE('',#4673,#4674);
#4673 = CARTESIAN_POINT('',(-106.0589999032,83.082744055837,-0.105));
#4674 = VECTOR('',#4675,1.);
#4675 = DIRECTION('',(-5.076101552796E-08,1.,-8.659560122787E-17));
#4676 = ORIENTED_EDGE('',*,*,#4574,.F.);
#4677 = PLANE('',#4678);
#4678 = AXIS2_PLACEMENT_3D('',#4679,#4680,#4681);
#4679 = CARTESIAN_POINT('',(-106.0589999032,83.082744055837,6.895));
#4680 = DIRECTION('',(1.,5.076101552796E-08,-8.659561001923E-17));
#4681 = DIRECTION('',(-5.076101552796E-08,1.,-8.659560122787E-17));
#4682 = ADVANCED_FACE('',(#4683),#4694,.T.);
#4683 = FACE_BOUND('',#4684,.T.);
#4684 = EDGE_LOOP('',(#4685,#4686,#4687,#4688));
#4685 = ORIENTED_EDGE('',*,*,#4663,.F.);
#4686 = ORIENTED_EDGE('',*,*,#1101,.F.);
#4687 = ORIENTED_EDGE('',*,*,#4557,.T.);
#4688 = ORIENTED_EDGE('',*,*,#4689,.T.);
#4689 = EDGE_CURVE('',#4558,#4664,#4690,.T.);
#4690 = LINE('',#4691,#4692);
#4691 = CARTESIAN_POINT('',(-102.759,84.988000111674,-0.105));
#4692 = VECTOR('',#4693,1.);
#4693 = DIRECTION('',(-0.866025378404,-0.50000004396,1.182917987468E-16)
  );
#4694 = PLANE('',#4695);
#4695 = AXIS2_PLACEMENT_3D('',#4696,#4697,#4698);
#4696 = CARTESIAN_POINT('',(-102.759,84.988000111674,6.895));
#4697 = DIRECTION('',(-0.50000004396,0.866025378404,-3.169618550974E-17)
  );
#4698 = DIRECTION('',(-0.866025378404,-0.50000004396,1.182917987468E-16)
  );
#4699 = ADVANCED_FACE('',(#4700),#4713,.F.);
#4700 = FACE_BOUND('',#4701,.F.);
#4701 = EDGE_LOOP('',(#4702,#4711,#4712));
#4702 = ORIENTED_EDGE('',*,*,#4703,.T.);
#4703 = EDGE_CURVE('',#1160,#4704,#4706,.T.);
#4704 = VERTEX_POINT('',#4705);
#4705 = CARTESIAN_POINT('',(-105.,76.,-4.));
#4706 = CIRCLE('',#4707,4.);
#4707 = AXIS2_PLACEMENT_3D('',#4708,#4709,#4710);
#4708 = CARTESIAN_POINT('',(-105.,76.,-1.285879139105E-14));
#4709 = DIRECTION('',(-6.285780586188E-16,1.,-5.93480427869E-32));
#4710 = DIRECTION('',(1.,6.285780586188E-16,1.224646799147E-16));
#4711 = ORIENTED_EDGE('',*,*,#4703,.F.);
#4712 = ORIENTED_EDGE('',*,*,#1159,.T.);
#4713 = SPHERICAL_SURFACE('',#4714,4.);
#4714 = AXIS2_PLACEMENT_3D('',#4715,#4716,#4717);
#4715 = CARTESIAN_POINT('',(-105.,76.,-1.285879139105E-14));
#4716 = DIRECTION('',(1.224646799147E-16,1.763056796328E-32,-1.));
#4717 = DIRECTION('',(1.,3.885780586188E-16,1.224646799147E-16));
#4718 = ADVANCED_FACE('',(#4719),#4744,.T.);
#4719 = FACE_BOUND('',#4720,.T.);
#4720 = EDGE_LOOP('',(#4721,#4722,#4730,#4738));
#4721 = ORIENTED_EDGE('',*,*,#1170,.F.);
#4722 = ORIENTED_EDGE('',*,*,#4723,.T.);
#4723 = EDGE_CURVE('',#1171,#4724,#4726,.T.);
#4724 = VERTEX_POINT('',#4725);
#4725 = CARTESIAN_POINT('',(-102.799,-84.97199988832,-0.145));
#4726 = LINE('',#4727,#4728);
#4727 = CARTESIAN_POINT('',(-102.799,-84.97199988832,6.855));
#4728 = VECTOR('',#4729,1.);
#4729 = DIRECTION('',(-8.659560562355E-17,-8.659560562355E-17,-1.));
#4730 = ORIENTED_EDGE('',*,*,#4731,.T.);
#4731 = EDGE_CURVE('',#4724,#4732,#4734,.T.);
#4732 = VERTEX_POINT('',#4733);
#4733 = CARTESIAN_POINT('',(-103.0019899815,-85.08919622254,-0.145));
#4734 = LINE('',#4735,#4736);
#4735 = CARTESIAN_POINT('',(-102.799,-84.97199988832,-0.145));
#4736 = VECTOR('',#4737,1.);
#4737 = DIRECTION('',(-0.866025378404,-0.50000004396,1.182917987468E-16)
  );
#4738 = ORIENTED_EDGE('',*,*,#4739,.F.);
#4739 = EDGE_CURVE('',#1173,#4732,#4740,.T.);
#4740 = LINE('',#4741,#4742);
#4741 = CARTESIAN_POINT('',(-103.0019899815,-85.08919622254,-2.));
#4742 = VECTOR('',#4743,1.);
#4743 = DIRECTION('',(1.224646799147E-16,1.763056796328E-32,-1.));
#4744 = PLANE('',#4745);
#4745 = AXIS2_PLACEMENT_3D('',#4746,#4747,#4748);
#4746 = CARTESIAN_POINT('',(-102.799,-84.97199988832,6.855));
#4747 = DIRECTION('',(-0.50000004396,0.866025378404,-3.169618550974E-17)
  );
#4748 = DIRECTION('',(-0.866025378404,-0.50000004396,1.182917987468E-16)
  );
#4749 = ADVANCED_FACE('',(#4750),#4768,.T.);
#4750 = FACE_BOUND('',#4751,.T.);
#4751 = EDGE_LOOP('',(#4752,#4753,#4754,#4762));
#4752 = ORIENTED_EDGE('',*,*,#4723,.F.);
#4753 = ORIENTED_EDGE('',*,*,#1239,.F.);
#4754 = ORIENTED_EDGE('',*,*,#4755,.T.);
#4755 = EDGE_CURVE('',#1231,#4756,#4758,.T.);
#4756 = VERTEX_POINT('',#4757);
#4757 = CARTESIAN_POINT('',(-103.005422715,-84.8528216922,-0.145));
#4758 = LINE('',#4759,#4760);
#4759 = CARTESIAN_POINT('',(-103.005422715,-84.8528216922,-2.));
#4760 = VECTOR('',#4761,1.);
#4761 = DIRECTION('',(1.224646799147E-16,1.763056796328E-32,-1.));
#4762 = ORIENTED_EDGE('',*,*,#4763,.T.);
#4763 = EDGE_CURVE('',#4756,#4724,#4764,.T.);
#4764 = LINE('',#4765,#4766);
#4765 = CARTESIAN_POINT('',(-106.0990000967,-83.06674416751,-0.145));
#4766 = VECTOR('',#4767,1.);
#4767 = DIRECTION('',(0.866025429165,-0.49999995604,-3.16961975189E-17)
  );
#4768 = PLANE('',#4769);
#4769 = AXIS2_PLACEMENT_3D('',#4770,#4771,#4772);
#4770 = CARTESIAN_POINT('',(-106.0990000967,-83.06674416751,6.855));
#4771 = DIRECTION('',(-0.49999995604,-0.866025429165,1.182917955289E-16)
  );
#4772 = DIRECTION('',(0.866025429165,-0.49999995604,-3.16961975189E-17)
  );
#4773 = ADVANCED_FACE('',(#4774),#4859,.F.);
#4774 = FACE_BOUND('',#4775,.F.);
#4775 = EDGE_LOOP('',(#4776,#4786,#4793,#4794,#4801,#4802,#4803,#4811,
    #4820,#4826,#4827,#4835,#4844,#4850,#4851,#4852));
#4776 = ORIENTED_EDGE('',*,*,#4777,.F.);
#4777 = EDGE_CURVE('',#4778,#4780,#4782,.T.);
#4778 = VERTEX_POINT('',#4779);
#4779 = CARTESIAN_POINT('',(-103.,-85.,-2.));
#4780 = VERTEX_POINT('',#4781);
#4781 = CARTESIAN_POINT('',(-103.,-85.,-0.145));
#4782 = LINE('',#4783,#4784);
#4783 = CARTESIAN_POINT('',(-103.,-85.,-2.));
#4784 = VECTOR('',#4785,1.);
#4785 = DIRECTION('',(-1.224646799147E-16,-1.763056796328E-32,1.));
#4786 = ORIENTED_EDGE('',*,*,#4787,.F.);
#4787 = EDGE_CURVE('',#4778,#4778,#4788,.T.);
#4788 = CIRCLE('',#4789,2.);
#4789 = AXIS2_PLACEMENT_3D('',#4790,#4791,#4792);
#4790 = CARTESIAN_POINT('',(-105.,-85.,-2.));
#4791 = DIRECTION('',(1.224646799147E-16,1.763056796328E-32,-1.));
#4792 = DIRECTION('',(1.,3.885780586188E-16,1.224646799147E-16));
#4793 = ORIENTED_EDGE('',*,*,#4777,.T.);
#4794 = ORIENTED_EDGE('',*,*,#4795,.T.);
#4795 = EDGE_CURVE('',#4780,#4732,#4796,.T.);
#4796 = CIRCLE('',#4797,2.);
#4797 = AXIS2_PLACEMENT_3D('',#4798,#4799,#4800);
#4798 = CARTESIAN_POINT('',(-105.,-85.,-0.145));
#4799 = DIRECTION('',(1.224646799147E-16,1.763056796328E-32,-1.));
#4800 = DIRECTION('',(1.,3.885780586188E-16,1.224646799147E-16));
#4801 = ORIENTED_EDGE('',*,*,#4739,.F.);
#4802 = ORIENTED_EDGE('',*,*,#1180,.T.);
#4803 = ORIENTED_EDGE('',*,*,#4804,.T.);
#4804 = EDGE_CURVE('',#1181,#4805,#4807,.T.);
#4805 = VERTEX_POINT('',#4806);
#4806 = CARTESIAN_POINT('',(-105.9217586343,-86.77492563785,-0.145));
#4807 = LINE('',#4808,#4809);
#4808 = CARTESIAN_POINT('',(-105.9217586343,-86.77492563785,-2.));
#4809 = VECTOR('',#4810,1.);
#4810 = DIRECTION('',(1.224646799147E-16,1.763056796328E-32,-1.));
#4811 = ORIENTED_EDGE('',*,*,#4812,.T.);
#4812 = EDGE_CURVE('',#4805,#4813,#4815,.T.);
#4813 = VERTEX_POINT('',#4814);
#4814 = CARTESIAN_POINT('',(-106.0989999137,-86.67098748934,-0.145));
#4815 = CIRCLE('',#4816,2.);
#4816 = AXIS2_PLACEMENT_3D('',#4817,#4818,#4819);
#4817 = CARTESIAN_POINT('',(-105.,-85.,-0.145));
#4818 = DIRECTION('',(1.224646799147E-16,1.763056796328E-32,-1.));
#4819 = DIRECTION('',(1.,3.885780586188E-16,1.224646799147E-16));
#4820 = ORIENTED_EDGE('',*,*,#4821,.F.);
#4821 = EDGE_CURVE('',#1198,#4813,#4822,.T.);
#4822 = LINE('',#4823,#4824);
#4823 = CARTESIAN_POINT('',(-106.0989999137,-86.67098748934,-2.));
#4824 = VECTOR('',#4825,1.);
#4825 = DIRECTION('',(1.224646799147E-16,1.763056796328E-32,-1.));
#4826 = ORIENTED_EDGE('',*,*,#1205,.T.);
#4827 = ORIENTED_EDGE('',*,*,#4828,.T.);
#4828 = EDGE_CURVE('',#1206,#4829,#4831,.T.);
#4829 = VERTEX_POINT('',#4830);
#4830 = CARTESIAN_POINT('',(-106.0990000833,-83.32901262222,-0.145));
#4831 = LINE('',#4832,#4833);
#4832 = CARTESIAN_POINT('',(-106.0990000833,-83.32901262222,-2.));
#4833 = VECTOR('',#4834,1.);
#4834 = DIRECTION('',(1.224646799147E-16,1.763056796328E-32,-1.));
#4835 = ORIENTED_EDGE('',*,*,#4836,.T.);
#4836 = EDGE_CURVE('',#4829,#4837,#4839,.T.);
#4837 = VERTEX_POINT('',#4838);
#4838 = CARTESIAN_POINT('',(-105.8698286718,-83.19905633581,-0.145));
#4839 = CIRCLE('',#4840,2.);
#4840 = AXIS2_PLACEMENT_3D('',#4841,#4842,#4843);
#4841 = CARTESIAN_POINT('',(-105.,-85.,-0.145));
#4842 = DIRECTION('',(1.224646799147E-16,1.763056796328E-32,-1.));
#4843 = DIRECTION('',(1.,3.885780586188E-16,1.224646799147E-16));
#4844 = ORIENTED_EDGE('',*,*,#4845,.F.);
#4845 = EDGE_CURVE('',#1223,#4837,#4846,.T.);
#4846 = LINE('',#4847,#4848);
#4847 = CARTESIAN_POINT('',(-105.8698286718,-83.19905633581,-2.));
#4848 = VECTOR('',#4849,1.);
#4849 = DIRECTION('',(1.224646799147E-16,1.763056796328E-32,-1.));
#4850 = ORIENTED_EDGE('',*,*,#1230,.T.);
#4851 = ORIENTED_EDGE('',*,*,#4755,.T.);
#4852 = ORIENTED_EDGE('',*,*,#4853,.T.);
#4853 = EDGE_CURVE('',#4756,#4780,#4854,.T.);
#4854 = CIRCLE('',#4855,2.);
#4855 = AXIS2_PLACEMENT_3D('',#4856,#4857,#4858);
#4856 = CARTESIAN_POINT('',(-105.,-85.,-0.145));
#4857 = DIRECTION('',(1.224646799147E-16,1.763056796328E-32,-1.));
#4858 = DIRECTION('',(1.,3.885780586188E-16,1.224646799147E-16));
#4859 = CYLINDRICAL_SURFACE('',#4860,2.);
#4860 = AXIS2_PLACEMENT_3D('',#4861,#4862,#4863);
#4861 = CARTESIAN_POINT('',(-105.,-85.,-2.));
#4862 = DIRECTION('',(1.224646799147E-16,1.763056796328E-32,-1.));
#4863 = DIRECTION('',(1.,3.885780586188E-16,1.224646799147E-16));
#4864 = ADVANCED_FACE('',(#4865),#4883,.T.);
#4865 = FACE_BOUND('',#4866,.T.);
#4866 = EDGE_LOOP('',(#4867,#4868,#4876,#4882));
#4867 = ORIENTED_EDGE('',*,*,#1222,.F.);
#4868 = ORIENTED_EDGE('',*,*,#4869,.T.);
#4869 = EDGE_CURVE('',#1215,#4870,#4872,.T.);
#4870 = VERTEX_POINT('',#4871);
#4871 = CARTESIAN_POINT('',(-106.0990000967,-83.06674416751,-0.145));
#4872 = LINE('',#4873,#4874);
#4873 = CARTESIAN_POINT('',(-106.0990000967,-83.06674416751,6.855));
#4874 = VECTOR('',#4875,1.);
#4875 = DIRECTION('',(-8.659560562355E-17,-8.659560562355E-17,-1.));
#4876 = ORIENTED_EDGE('',*,*,#4877,.T.);
#4877 = EDGE_CURVE('',#4870,#4837,#4878,.T.);
#4878 = LINE('',#4879,#4880);
#4879 = CARTESIAN_POINT('',(-106.0990000967,-83.06674416751,-0.145));
#4880 = VECTOR('',#4881,1.);
#4881 = DIRECTION('',(0.866025429165,-0.49999995604,-3.16961975189E-17)
  );
#4882 = ORIENTED_EDGE('',*,*,#4845,.F.);
#4883 = PLANE('',#4884);
#4884 = AXIS2_PLACEMENT_3D('',#4885,#4886,#4887);
#4885 = CARTESIAN_POINT('',(-106.0990000967,-83.06674416751,6.855));
#4886 = DIRECTION('',(-0.49999995604,-0.866025429165,1.182917955289E-16)
  );
#4887 = DIRECTION('',(0.866025429165,-0.49999995604,-3.16961975189E-17)
  );
#4888 = ADVANCED_FACE('',(#4889),#4900,.T.);
#4889 = FACE_BOUND('',#4890,.T.);
#4890 = EDGE_LOOP('',(#4891,#4892,#4893,#4894));
#4891 = ORIENTED_EDGE('',*,*,#4869,.F.);
#4892 = ORIENTED_EDGE('',*,*,#1214,.F.);
#4893 = ORIENTED_EDGE('',*,*,#4828,.T.);
#4894 = ORIENTED_EDGE('',*,*,#4895,.T.);
#4895 = EDGE_CURVE('',#4829,#4870,#4896,.T.);
#4896 = LINE('',#4897,#4898);
#4897 = CARTESIAN_POINT('',(-106.0989999032,-86.87725594416,-0.145));
#4898 = VECTOR('',#4899,1.);
#4899 = DIRECTION('',(-5.076101552796E-08,1.,-8.659560122787E-17));
#4900 = PLANE('',#4901);
#4901 = AXIS2_PLACEMENT_3D('',#4902,#4903,#4904);
#4902 = CARTESIAN_POINT('',(-106.0989999032,-86.87725594416,6.855));
#4903 = DIRECTION('',(1.,5.076101552796E-08,-8.659561001923E-17));
#4904 = DIRECTION('',(-5.076101552796E-08,1.,-8.659560122787E-17));
#4905 = ADVANCED_FACE('',(#4906),#4924,.T.);
#4906 = FACE_BOUND('',#4907,.T.);
#4907 = EDGE_LOOP('',(#4908,#4909,#4917,#4923));
#4908 = ORIENTED_EDGE('',*,*,#1197,.F.);
#4909 = ORIENTED_EDGE('',*,*,#4910,.T.);
#4910 = EDGE_CURVE('',#1190,#4911,#4913,.T.);
#4911 = VERTEX_POINT('',#4912);
#4912 = CARTESIAN_POINT('',(-106.0989999032,-86.87725594416,-0.145));
#4913 = LINE('',#4914,#4915);
#4914 = CARTESIAN_POINT('',(-106.0989999032,-86.87725594416,6.855));
#4915 = VECTOR('',#4916,1.);
#4916 = DIRECTION('',(-8.659560562355E-17,-8.659560562355E-17,-1.));
#4917 = ORIENTED_EDGE('',*,*,#4918,.T.);
#4918 = EDGE_CURVE('',#4911,#4813,#4919,.T.);
#4919 = LINE('',#4920,#4921);
#4920 = CARTESIAN_POINT('',(-106.0989999032,-86.87725594416,-0.145));
#4921 = VECTOR('',#4922,1.);
#4922 = DIRECTION('',(-5.076101552796E-08,1.,-8.659560122787E-17));
#4923 = ORIENTED_EDGE('',*,*,#4821,.F.);
#4924 = PLANE('',#4925);
#4925 = AXIS2_PLACEMENT_3D('',#4926,#4927,#4928);
#4926 = CARTESIAN_POINT('',(-106.0989999032,-86.87725594416,6.855));
#4927 = DIRECTION('',(1.,5.076101552796E-08,-8.659561001923E-17));
#4928 = DIRECTION('',(-5.076101552796E-08,1.,-8.659560122787E-17));
#4929 = ADVANCED_FACE('',(#4930),#4941,.T.);
#4930 = FACE_BOUND('',#4931,.T.);
#4931 = EDGE_LOOP('',(#4932,#4933,#4934,#4935));
#4932 = ORIENTED_EDGE('',*,*,#4910,.F.);
#4933 = ORIENTED_EDGE('',*,*,#1189,.F.);
#4934 = ORIENTED_EDGE('',*,*,#4804,.T.);
#4935 = ORIENTED_EDGE('',*,*,#4936,.T.);
#4936 = EDGE_CURVE('',#4805,#4911,#4937,.T.);
#4937 = LINE('',#4938,#4939);
#4938 = CARTESIAN_POINT('',(-102.799,-84.97199988832,-0.145));
#4939 = VECTOR('',#4940,1.);
#4940 = DIRECTION('',(-0.866025378404,-0.50000004396,1.182917987468E-16)
  );
#4941 = PLANE('',#4942);
#4942 = AXIS2_PLACEMENT_3D('',#4943,#4944,#4945);
#4943 = CARTESIAN_POINT('',(-102.799,-84.97199988832,6.855));
#4944 = DIRECTION('',(-0.50000004396,0.866025378404,-3.169618550974E-17)
  );
#4945 = DIRECTION('',(-0.866025378404,-0.50000004396,1.182917987468E-16)
  );
#4946 = ADVANCED_FACE('',(#4947),#4960,.F.);
#4947 = FACE_BOUND('',#4948,.F.);
#4948 = EDGE_LOOP('',(#4949,#4958,#4959));
#4949 = ORIENTED_EDGE('',*,*,#4950,.T.);
#4950 = EDGE_CURVE('',#1248,#4951,#4953,.T.);
#4951 = VERTEX_POINT('',#4952);
#4952 = CARTESIAN_POINT('',(-105.,-76.,-4.));
#4953 = CIRCLE('',#4954,4.);
#4954 = AXIS2_PLACEMENT_3D('',#4955,#4956,#4957);
#4955 = CARTESIAN_POINT('',(-105.,-76.,-1.285879139105E-14));
#4956 = DIRECTION('',(-6.285780586188E-16,1.,-5.93480427869E-32));
#4957 = DIRECTION('',(1.,6.285780586188E-16,1.224646799147E-16));
#4958 = ORIENTED_EDGE('',*,*,#4950,.F.);
#4959 = ORIENTED_EDGE('',*,*,#1247,.T.);
#4960 = SPHERICAL_SURFACE('',#4961,4.);
#4961 = AXIS2_PLACEMENT_3D('',#4962,#4963,#4964);
#4962 = CARTESIAN_POINT('',(-105.,-76.,-1.285879139105E-14));
#4963 = DIRECTION('',(1.224646799147E-16,1.763056796328E-32,-1.));
#4964 = DIRECTION('',(1.,3.885780586188E-16,1.224646799147E-16));
#4965 = ADVANCED_FACE('',(#4966),#4989,.T.);
#4966 = FACE_BOUND('',#4967,.T.);
#4967 = EDGE_LOOP('',(#4968,#4976,#4977,#4983));
#4968 = ORIENTED_EDGE('',*,*,#4969,.F.);
#4969 = EDGE_CURVE('',#1275,#4970,#4972,.T.);
#4970 = VERTEX_POINT('',#4971);
#4971 = CARTESIAN_POINT('',(-99.,90.,-15.49));
#4972 = LINE('',#4973,#4974);
#4973 = CARTESIAN_POINT('',(-103.915,85.085,-10.575));
#4974 = VECTOR('',#4975,1.);
#4975 = DIRECTION('',(-0.57735026919,-0.57735026919,0.57735026919));
#4976 = ORIENTED_EDGE('',*,*,#1274,.T.);
#4977 = ORIENTED_EDGE('',*,*,#4978,.F.);
#4978 = EDGE_CURVE('',#1916,#1267,#4979,.T.);
#4979 = LINE('',#4980,#4981);
#4980 = CARTESIAN_POINT('',(-98.,91.,-26.));
#4981 = VECTOR('',#4982,1.);
#4982 = DIRECTION('',(0.707106781187,0.707106781187,4.665956056233E-16)
  );
#4983 = ORIENTED_EDGE('',*,*,#4984,.F.);
#4984 = EDGE_CURVE('',#4970,#1916,#4985,.T.);
#4985 = LINE('',#4986,#4987);
#4986 = CARTESIAN_POINT('',(-99.,90.,-15.49));
#4987 = VECTOR('',#4988,1.);
#4988 = DIRECTION('',(1.224646799147E-16,1.763056796328E-32,-1.));
#4989 = PLANE('',#4990);
#4990 = AXIS2_PLACEMENT_3D('',#4991,#4992,#4993);
#4991 = CARTESIAN_POINT('',(-97.,92.,-15.49));
#4992 = DIRECTION('',(-0.707106781187,0.707106781187,-8.659560562355E-17
    ));
#4993 = DIRECTION('',(1.224646799147E-16,1.763056796328E-32,-1.));
#4994 = ADVANCED_FACE('',(#4995,#5031),#5042,.F.);
#4995 = FACE_BOUND('',#4996,.T.);
#4996 = EDGE_LOOP('',(#4997,#5005,#5006,#5007,#5008,#5009,#5017,#5025));
#4997 = ORIENTED_EDGE('',*,*,#4998,.T.);
#4998 = EDGE_CURVE('',#4999,#4057,#5001,.T.);
#4999 = VERTEX_POINT('',#5000);
#5000 = CARTESIAN_POINT('',(-113.99,86.49,-0.5));
#5001 = LINE('',#5002,#5003);
#5002 = CARTESIAN_POINT('',(-113.99,71.5,-0.5));
#5003 = VECTOR('',#5004,1.);
#5004 = DIRECTION('',(-3.885780586188E-16,1.,-2.995651960736E-32));
#5005 = ORIENTED_EDGE('',*,*,#4075,.F.);
#5006 = ORIENTED_EDGE('',*,*,#1290,.T.);
#5007 = ORIENTED_EDGE('',*,*,#1282,.T.);
#5008 = ORIENTED_EDGE('',*,*,#4969,.T.);
#5009 = ORIENTED_EDGE('',*,*,#5010,.F.);
#5010 = EDGE_CURVE('',#5011,#4970,#5013,.T.);
#5011 = VERTEX_POINT('',#5012);
#5012 = CARTESIAN_POINT('',(-99.,75.5,-15.49));
#5013 = LINE('',#5014,#5015);
#5014 = CARTESIAN_POINT('',(-99.,71.5,-15.49));
#5015 = VECTOR('',#5016,1.);
#5016 = DIRECTION('',(-3.885780586188E-16,1.,-2.995651960736E-32));
#5017 = ORIENTED_EDGE('',*,*,#5018,.T.);
#5018 = EDGE_CURVE('',#5011,#5019,#5021,.T.);
#5019 = VERTEX_POINT('',#5020);
#5020 = CARTESIAN_POINT('',(-101.,73.5,-13.49));
#5021 = LINE('',#5022,#5023);
#5022 = CARTESIAN_POINT('',(-102.8316666666,71.66833333333,
    -11.65833333333));
#5023 = VECTOR('',#5024,1.);
#5024 = DIRECTION('',(-0.57735026919,-0.57735026919,0.57735026919));
#5025 = ORIENTED_EDGE('',*,*,#5026,.F.);
#5026 = EDGE_CURVE('',#4999,#5019,#5027,.T.);
#5027 = LINE('',#5028,#5029);
#5028 = CARTESIAN_POINT('',(-106.4966666666,78.99666666666,
    -7.993333333333));
#5029 = VECTOR('',#5030,1.);
#5030 = DIRECTION('',(0.57735026919,-0.57735026919,-0.57735026919));
#5031 = FACE_BOUND('',#5032,.T.);
#5032 = EDGE_LOOP('',(#5033));
#5033 = ORIENTED_EDGE('',*,*,#5034,.T.);
#5034 = EDGE_CURVE('',#5035,#5035,#5037,.T.);
#5035 = VERTEX_POINT('',#5036);
#5036 = CARTESIAN_POINT('',(-101.5,85.,-12.99));
#5037 = ELLIPSE('',#5038,4.949747468306,3.5);
#5038 = AXIS2_PLACEMENT_3D('',#5039,#5040,#5041);
#5039 = CARTESIAN_POINT('',(-105.,85.,-9.49));
#5040 = DIRECTION('',(0.707106781187,2.747661802697E-16,0.707106781187)
  );
#5041 = DIRECTION('',(0.707106781187,2.747661802697E-16,-0.707106781187)
  );
#5042 = PLANE('',#5043);
#5043 = AXIS2_PLACEMENT_3D('',#5044,#5045,#5046);
#5044 = CARTESIAN_POINT('',(-106.495,71.5,-7.995));
#5045 = DIRECTION('',(0.707106781187,2.747661802697E-16,0.707106781187)
  );
#5046 = DIRECTION('',(3.885780586188E-16,-1.,2.995651960736E-32));
#5047 = ADVANCED_FACE('',(#5048),#5073,.F.);
#5048 = FACE_BOUND('',#5049,.T.);
#5049 = EDGE_LOOP('',(#5050,#5058,#5059,#5067));
#5050 = ORIENTED_EDGE('',*,*,#5051,.F.);
#5051 = EDGE_CURVE('',#1307,#5052,#5054,.T.);
#5052 = VERTEX_POINT('',#5053);
#5053 = CARTESIAN_POINT('',(-80.5,93.,-22.));
#5054 = LINE('',#5055,#5056);
#5055 = CARTESIAN_POINT('',(-80.5,93.25,-22.25));
#5056 = VECTOR('',#5057,1.);
#5057 = DIRECTION('',(1.881705746461E-16,-0.707106781187,0.707106781187)
  );
#5058 = ORIENTED_EDGE('',*,*,#1306,.T.);
#5059 = ORIENTED_EDGE('',*,*,#5060,.T.);
#5060 = EDGE_CURVE('',#1309,#5061,#5063,.T.);
#5061 = VERTEX_POINT('',#5062);
#5062 = CARTESIAN_POINT('',(-81.5,93.,-22.));
#5063 = LINE('',#5064,#5065);
#5064 = CARTESIAN_POINT('',(-81.5,93.25,-22.25));
#5065 = VECTOR('',#5066,1.);
#5066 = DIRECTION('',(2.688170574645E-15,-0.707106781187,0.707106781187)
  );
#5067 = ORIENTED_EDGE('',*,*,#5068,.F.);
#5068 = EDGE_CURVE('',#5052,#5061,#5069,.T.);
#5069 = LINE('',#5070,#5071);
#5070 = CARTESIAN_POINT('',(-79.5,93.,-22.));
#5071 = VECTOR('',#5072,1.);
#5072 = DIRECTION('',(-1.,-3.885780586188E-16,-1.224646799147E-16));
#5073 = PLANE('',#5074);
#5074 = AXIS2_PLACEMENT_3D('',#5075,#5076,#5077);
#5075 = CARTESIAN_POINT('',(-79.5,93.5,-22.5));
#5076 = DIRECTION('',(3.613617858932E-16,-0.707106781187,-0.707106781187
    ));
#5077 = DIRECTION('',(1.,3.885780586188E-16,1.224646799147E-16));
#5078 = ADVANCED_FACE('',(#5079),#5097,.T.);
#5079 = FACE_BOUND('',#5080,.T.);
#5080 = EDGE_LOOP('',(#5081,#5089,#5090,#5091));
#5081 = ORIENTED_EDGE('',*,*,#5082,.F.);
#5082 = EDGE_CURVE('',#1317,#5083,#5085,.T.);
#5083 = VERTEX_POINT('',#5084);
#5084 = CARTESIAN_POINT('',(-79.5,93.,-21.));
#5085 = LINE('',#5086,#5087);
#5086 = CARTESIAN_POINT('',(-78.75,93.75,-21.));
#5087 = VECTOR('',#5088,1.);
#5088 = DIRECTION('',(-0.707106781187,-0.707106781187,
    -8.659560562355E-17));
#5089 = ORIENTED_EDGE('',*,*,#1316,.T.);
#5090 = ORIENTED_EDGE('',*,*,#5051,.T.);
#5091 = ORIENTED_EDGE('',*,*,#5092,.F.);
#5092 = EDGE_CURVE('',#5083,#5052,#5093,.T.);
#5093 = LINE('',#5094,#5095);
#5094 = CARTESIAN_POINT('',(-79.5,93.,-21.));
#5095 = VECTOR('',#5096,1.);
#5096 = DIRECTION('',(-0.707106781187,-2.747661802697E-16,
    -0.707106781187));
#5097 = PLANE('',#5098);
#5098 = AXIS2_PLACEMENT_3D('',#5099,#5100,#5101);
#5099 = CARTESIAN_POINT('',(-78.5,94.,-21.));
#5100 = DIRECTION('',(-0.57735026919,0.57735026919,0.57735026919));
#5101 = DIRECTION('',(-0.707106781187,-2.747661802697E-16,
    -0.707106781187));
#5102 = ADVANCED_FACE('',(#5103),#5121,.F.);
#5103 = FACE_BOUND('',#5104,.T.);
#5104 = EDGE_LOOP('',(#5105,#5113,#5114,#5115));
#5105 = ORIENTED_EDGE('',*,*,#5106,.F.);
#5106 = EDGE_CURVE('',#1325,#5107,#5109,.T.);
#5107 = VERTEX_POINT('',#5108);
#5108 = CARTESIAN_POINT('',(-79.5,93.,-9.));
#5109 = LINE('',#5110,#5111);
#5110 = CARTESIAN_POINT('',(-79.25,93.25,-9.));
#5111 = VECTOR('',#5112,1.);
#5112 = DIRECTION('',(-0.707106781187,-0.707106781187,-5.08659560562E-15
    ));
#5113 = ORIENTED_EDGE('',*,*,#1324,.T.);
#5114 = ORIENTED_EDGE('',*,*,#5082,.T.);
#5115 = ORIENTED_EDGE('',*,*,#5116,.F.);
#5116 = EDGE_CURVE('',#5107,#5083,#5117,.T.);
#5117 = LINE('',#5118,#5119);
#5118 = CARTESIAN_POINT('',(-79.5,93.,-8.));
#5119 = VECTOR('',#5120,1.);
#5120 = DIRECTION('',(1.224646799147E-16,2.2E-16,-1.));
#5121 = PLANE('',#5122);
#5122 = AXIS2_PLACEMENT_3D('',#5123,#5124,#5125);
#5123 = CARTESIAN_POINT('',(-79.,93.5,-8.));
#5124 = DIRECTION('',(0.707106781187,-0.707106781187,8.659560562355E-17)
  );
#5125 = DIRECTION('',(-2.324646799147E-16,-1.1E-16,1.));
#5126 = ADVANCED_FACE('',(#5127),#5145,.T.);
#5127 = FACE_BOUND('',#5128,.T.);
#5128 = EDGE_LOOP('',(#5129,#5137,#5138,#5139));
#5129 = ORIENTED_EDGE('',*,*,#5130,.F.);
#5130 = EDGE_CURVE('',#1333,#5131,#5133,.T.);
#5131 = VERTEX_POINT('',#5132);
#5132 = CARTESIAN_POINT('',(-80.5,93.,-8.));
#5133 = LINE('',#5134,#5135);
#5134 = CARTESIAN_POINT('',(-80.5,93.75,-7.25));
#5135 = VECTOR('',#5136,1.);
#5136 = DIRECTION('',(-3.488638214104E-15,-0.707106781187,
    -0.707106781187));
#5137 = ORIENTED_EDGE('',*,*,#1332,.T.);
#5138 = ORIENTED_EDGE('',*,*,#5106,.T.);
#5139 = ORIENTED_EDGE('',*,*,#5140,.F.);
#5140 = EDGE_CURVE('',#5131,#5107,#5141,.T.);
#5141 = LINE('',#5142,#5143);
#5142 = CARTESIAN_POINT('',(-80.5,93.,-8.));
#5143 = VECTOR('',#5144,1.);
#5144 = DIRECTION('',(0.707106781187,-8.752338197296E-16,-0.707106781187
    ));
#5145 = PLANE('',#5146);
#5146 = AXIS2_PLACEMENT_3D('',#5147,#5148,#5149);
#5147 = CARTESIAN_POINT('',(-80.5,94.,-7.));
#5148 = DIRECTION('',(-0.57735026919,0.57735026919,-0.57735026919));
#5149 = DIRECTION('',(0.707106781187,2.747661802697E-16,-0.707106781187)
  );
#5150 = ADVANCED_FACE('',(#5151),#5169,.F.);
#5151 = FACE_BOUND('',#5152,.T.);
#5152 = EDGE_LOOP('',(#5153,#5161,#5162,#5163));
#5153 = ORIENTED_EDGE('',*,*,#5154,.F.);
#5154 = EDGE_CURVE('',#1341,#5155,#5157,.T.);
#5155 = VERTEX_POINT('',#5156);
#5156 = CARTESIAN_POINT('',(-81.5,93.,-8.));
#5157 = LINE('',#5158,#5159);
#5158 = CARTESIAN_POINT('',(-81.5,93.75,-7.25));
#5159 = VECTOR('',#5160,1.);
#5160 = DIRECTION('',(1.711361785892E-15,-0.707106781187,-0.707106781187
    ));
#5161 = ORIENTED_EDGE('',*,*,#1340,.T.);
#5162 = ORIENTED_EDGE('',*,*,#5130,.T.);
#5163 = ORIENTED_EDGE('',*,*,#5164,.F.);
#5164 = EDGE_CURVE('',#5155,#5131,#5165,.T.);
#5165 = LINE('',#5166,#5167);
#5166 = CARTESIAN_POINT('',(-82.5,93.,-8.));
#5167 = VECTOR('',#5168,1.);
#5168 = DIRECTION('',(1.,3.885780586188E-16,1.224646799147E-16));
#5169 = PLANE('',#5170);
#5170 = AXIS2_PLACEMENT_3D('',#5171,#5172,#5173);
#5171 = CARTESIAN_POINT('',(-82.5,93.5,-7.5));
#5172 = DIRECTION('',(1.881705746461E-16,-0.707106781187,0.707106781187)
  );
#5173 = DIRECTION('',(-1.,-3.885780586188E-16,-1.224646799147E-16));
#5174 = ADVANCED_FACE('',(#5175),#5193,.F.);
#5175 = FACE_BOUND('',#5176,.F.);
#5176 = EDGE_LOOP('',(#5177,#5178,#5179,#5187));
#5177 = ORIENTED_EDGE('',*,*,#5154,.F.);
#5178 = ORIENTED_EDGE('',*,*,#1348,.T.);
#5179 = ORIENTED_EDGE('',*,*,#5180,.T.);
#5180 = EDGE_CURVE('',#1349,#5181,#5183,.T.);
#5181 = VERTEX_POINT('',#5182);
#5182 = CARTESIAN_POINT('',(-82.5,93.,-9.));
#5183 = LINE('',#5184,#5185);
#5184 = CARTESIAN_POINT('',(-82.75,93.25,-9.));
#5185 = VECTOR('',#5186,1.);
#5186 = DIRECTION('',(0.707106781187,-0.707106781187,-3.663404394374E-15
    ));
#5187 = ORIENTED_EDGE('',*,*,#5188,.F.);
#5188 = EDGE_CURVE('',#5155,#5181,#5189,.T.);
#5189 = LINE('',#5190,#5191);
#5190 = CARTESIAN_POINT('',(-81.5,93.,-8.));
#5191 = VECTOR('',#5192,1.);
#5192 = DIRECTION('',(-0.707106781187,-2.674766180268E-15,
    -0.707106781187));
#5193 = PLANE('',#5194);
#5194 = AXIS2_PLACEMENT_3D('',#5195,#5196,#5197);
#5195 = CARTESIAN_POINT('',(-81.5,94.,-7.));
#5196 = DIRECTION('',(-0.57735026919,-0.57735026919,0.57735026919));
#5197 = DIRECTION('',(-0.707106781187,-2.747661802697E-16,
    -0.707106781187));
#5198 = ADVANCED_FACE('',(#5199),#5217,.F.);
#5199 = FACE_BOUND('',#5200,.T.);
#5200 = EDGE_LOOP('',(#5201,#5209,#5210,#5211));
#5201 = ORIENTED_EDGE('',*,*,#5202,.F.);
#5202 = EDGE_CURVE('',#1357,#5203,#5205,.T.);
#5203 = VERTEX_POINT('',#5204);
#5204 = CARTESIAN_POINT('',(-82.5,93.,-21.));
#5205 = LINE('',#5206,#5207);
#5206 = CARTESIAN_POINT('',(-83.25,93.75,-21.));
#5207 = VECTOR('',#5208,1.);
#5208 = DIRECTION('',(0.707106781187,-0.707106781187,2.586595605622E-15)
  );
#5209 = ORIENTED_EDGE('',*,*,#1356,.T.);
#5210 = ORIENTED_EDGE('',*,*,#5180,.T.);
#5211 = ORIENTED_EDGE('',*,*,#5212,.F.);
#5212 = EDGE_CURVE('',#5203,#5181,#5213,.T.);
#5213 = LINE('',#5214,#5215);
#5214 = CARTESIAN_POINT('',(-82.5,93.,-22.));
#5215 = VECTOR('',#5216,1.);
#5216 = DIRECTION('',(-1.224646799147E-16,-2.2E-16,1.));
#5217 = PLANE('',#5218);
#5218 = AXIS2_PLACEMENT_3D('',#5219,#5220,#5221);
#5219 = CARTESIAN_POINT('',(-83.,93.5,-22.));
#5220 = DIRECTION('',(-0.707106781187,-0.707106781187,
    -8.659560562355E-17));
#5221 = DIRECTION('',(1.246467991474E-17,1.1E-16,-1.));
#5222 = ADVANCED_FACE('',(#5223),#5234,.F.);
#5223 = FACE_BOUND('',#5224,.F.);
#5224 = EDGE_LOOP('',(#5225,#5226,#5227,#5228));
#5225 = ORIENTED_EDGE('',*,*,#5202,.F.);
#5226 = ORIENTED_EDGE('',*,*,#1364,.T.);
#5227 = ORIENTED_EDGE('',*,*,#5060,.T.);
#5228 = ORIENTED_EDGE('',*,*,#5229,.F.);
#5229 = EDGE_CURVE('',#5203,#5061,#5230,.T.);
#5230 = LINE('',#5231,#5232);
#5231 = CARTESIAN_POINT('',(-82.5,93.,-21.));
#5232 = VECTOR('',#5233,1.);
#5233 = DIRECTION('',(0.707106781187,2.747661802697E-16,-0.707106781187)
  );
#5234 = PLANE('',#5235);
#5235 = AXIS2_PLACEMENT_3D('',#5236,#5237,#5238);
#5236 = CARTESIAN_POINT('',(-83.5,94.,-21.));
#5237 = DIRECTION('',(-0.57735026919,-0.57735026919,-0.57735026919));
#5238 = DIRECTION('',(0.707106781187,2.747661802697E-16,-0.707106781187)
  );
#5239 = ADVANCED_FACE('',(#5240),#5265,.T.);
#5240 = FACE_BOUND('',#5241,.T.);
#5241 = EDGE_LOOP('',(#5242,#5250,#5258,#5264));
#5242 = ORIENTED_EDGE('',*,*,#5243,.T.);
#5243 = EDGE_CURVE('',#1373,#5244,#5246,.T.);
#5244 = VERTEX_POINT('',#5245);
#5245 = CARTESIAN_POINT('',(-74.,93.,-8.));
#5246 = LINE('',#5247,#5248);
#5247 = CARTESIAN_POINT('',(-74.,93.75,-7.25));
#5248 = VECTOR('',#5249,1.);
#5249 = DIRECTION('',(1.711361785892E-15,-0.707106781187,-0.707106781187
    ));
#5250 = ORIENTED_EDGE('',*,*,#5251,.T.);
#5251 = EDGE_CURVE('',#5244,#5252,#5254,.T.);
#5252 = VERTEX_POINT('',#5253);
#5253 = CARTESIAN_POINT('',(-75.,93.,-9.));
#5254 = LINE('',#5255,#5256);
#5255 = CARTESIAN_POINT('',(-74.,93.,-8.));
#5256 = VECTOR('',#5257,1.);
#5257 = DIRECTION('',(-0.707106781187,-2.674766180268E-15,
    -0.707106781187));
#5258 = ORIENTED_EDGE('',*,*,#5259,.F.);
#5259 = EDGE_CURVE('',#1375,#5252,#5260,.T.);
#5260 = LINE('',#5261,#5262);
#5261 = CARTESIAN_POINT('',(-75.25,93.25,-9.));
#5262 = VECTOR('',#5263,1.);
#5263 = DIRECTION('',(0.707106781187,-0.707106781187,-3.663404394374E-15
    ));
#5264 = ORIENTED_EDGE('',*,*,#1372,.F.);
#5265 = PLANE('',#5266);
#5266 = AXIS2_PLACEMENT_3D('',#5267,#5268,#5269);
#5267 = CARTESIAN_POINT('',(-74.8,93.6,-8.2));
#5268 = DIRECTION('',(0.57735026919,0.57735026919,-0.57735026919));
#5269 = DIRECTION('',(0.707106781187,2.747661802697E-16,0.707106781187)
  );
#5270 = ADVANCED_FACE('',(#5271),#5289,.F.);
#5271 = FACE_BOUND('',#5272,.T.);
#5272 = EDGE_LOOP('',(#5273,#5281,#5282,#5283));
#5273 = ORIENTED_EDGE('',*,*,#5274,.F.);
#5274 = EDGE_CURVE('',#1383,#5275,#5277,.T.);
#5275 = VERTEX_POINT('',#5276);
#5276 = CARTESIAN_POINT('',(-75.,93.,-21.));
#5277 = LINE('',#5278,#5279);
#5278 = CARTESIAN_POINT('',(-75.75,93.75,-21.));
#5279 = VECTOR('',#5280,1.);
#5280 = DIRECTION('',(0.707106781187,-0.707106781187,2.586595605622E-15)
  );
#5281 = ORIENTED_EDGE('',*,*,#1382,.T.);
#5282 = ORIENTED_EDGE('',*,*,#5259,.T.);
#5283 = ORIENTED_EDGE('',*,*,#5284,.F.);
#5284 = EDGE_CURVE('',#5275,#5252,#5285,.T.);
#5285 = LINE('',#5286,#5287);
#5286 = CARTESIAN_POINT('',(-75.,93.,-22.));
#5287 = VECTOR('',#5288,1.);
#5288 = DIRECTION('',(-1.224646799147E-16,-2.2E-16,1.));
#5289 = PLANE('',#5290);
#5290 = AXIS2_PLACEMENT_3D('',#5291,#5292,#5293);
#5291 = CARTESIAN_POINT('',(-75.5,93.5,-22.));
#5292 = DIRECTION('',(-0.707106781187,-0.707106781187,
    -8.659560562355E-17));
#5293 = DIRECTION('',(1.246467991474E-17,1.1E-16,-1.));
#5294 = ADVANCED_FACE('',(#5295),#5313,.T.);
#5295 = FACE_BOUND('',#5296,.T.);
#5296 = EDGE_LOOP('',(#5297,#5305,#5306,#5307));
#5297 = ORIENTED_EDGE('',*,*,#5298,.F.);
#5298 = EDGE_CURVE('',#1391,#5299,#5301,.T.);
#5299 = VERTEX_POINT('',#5300);
#5300 = CARTESIAN_POINT('',(-74.,93.,-22.));
#5301 = LINE('',#5302,#5303);
#5302 = CARTESIAN_POINT('',(-74.,93.25,-22.25));
#5303 = VECTOR('',#5304,1.);
#5304 = DIRECTION('',(2.688170574645E-15,-0.707106781187,0.707106781187)
  );
#5305 = ORIENTED_EDGE('',*,*,#1390,.F.);
#5306 = ORIENTED_EDGE('',*,*,#5274,.T.);
#5307 = ORIENTED_EDGE('',*,*,#5308,.T.);
#5308 = EDGE_CURVE('',#5275,#5299,#5309,.T.);
#5309 = LINE('',#5310,#5311);
#5310 = CARTESIAN_POINT('',(-75.,93.,-21.));
#5311 = VECTOR('',#5312,1.);
#5312 = DIRECTION('',(0.707106781187,2.747661802697E-16,-0.707106781187)
  );
#5313 = PLANE('',#5314);
#5314 = AXIS2_PLACEMENT_3D('',#5315,#5316,#5317);
#5315 = CARTESIAN_POINT('',(-74.8,93.6,-21.8));
#5316 = DIRECTION('',(0.57735026919,0.57735026919,0.57735026919));
#5317 = DIRECTION('',(-0.707106781187,0.707106781187,2.442669683897E-17)
  );
#5318 = ADVANCED_FACE('',(#5319),#5337,.F.);
#5319 = FACE_BOUND('',#5320,.T.);
#5320 = EDGE_LOOP('',(#5321,#5329,#5330,#5331));
#5321 = ORIENTED_EDGE('',*,*,#5322,.F.);
#5322 = EDGE_CURVE('',#1399,#5323,#5325,.T.);
#5323 = VERTEX_POINT('',#5324);
#5324 = CARTESIAN_POINT('',(-73.,93.,-22.));
#5325 = LINE('',#5326,#5327);
#5326 = CARTESIAN_POINT('',(-73.,93.25,-22.25));
#5327 = VECTOR('',#5328,1.);
#5328 = DIRECTION('',(1.881705746461E-16,-0.707106781187,0.707106781187)
  );
#5329 = ORIENTED_EDGE('',*,*,#1398,.T.);
#5330 = ORIENTED_EDGE('',*,*,#5298,.T.);
#5331 = ORIENTED_EDGE('',*,*,#5332,.F.);
#5332 = EDGE_CURVE('',#5323,#5299,#5333,.T.);
#5333 = LINE('',#5334,#5335);
#5334 = CARTESIAN_POINT('',(-72.,93.,-22.));
#5335 = VECTOR('',#5336,1.);
#5336 = DIRECTION('',(-1.,-3.885780586188E-16,-1.224646799147E-16));
#5337 = PLANE('',#5338);
#5338 = AXIS2_PLACEMENT_3D('',#5339,#5340,#5341);
#5339 = CARTESIAN_POINT('',(-72.,93.5,-22.5));
#5340 = DIRECTION('',(3.613617858932E-16,-0.707106781187,-0.707106781187
    ));
#5341 = DIRECTION('',(1.,3.885780586188E-16,1.224646799147E-16));
#5342 = ADVANCED_FACE('',(#5343),#5361,.T.);
#5343 = FACE_BOUND('',#5344,.T.);
#5344 = EDGE_LOOP('',(#5345,#5353,#5354,#5355));
#5345 = ORIENTED_EDGE('',*,*,#5346,.F.);
#5346 = EDGE_CURVE('',#1407,#5347,#5349,.T.);
#5347 = VERTEX_POINT('',#5348);
#5348 = CARTESIAN_POINT('',(-72.,93.,-21.));
#5349 = LINE('',#5350,#5351);
#5350 = CARTESIAN_POINT('',(-71.25,93.75,-21.));
#5351 = VECTOR('',#5352,1.);
#5352 = DIRECTION('',(-0.707106781187,-0.707106781187,
    -8.659560562355E-17));
#5353 = ORIENTED_EDGE('',*,*,#1406,.T.);
#5354 = ORIENTED_EDGE('',*,*,#5322,.T.);
#5355 = ORIENTED_EDGE('',*,*,#5356,.F.);
#5356 = EDGE_CURVE('',#5347,#5323,#5357,.T.);
#5357 = LINE('',#5358,#5359);
#5358 = CARTESIAN_POINT('',(-72.,93.,-21.));
#5359 = VECTOR('',#5360,1.);
#5360 = DIRECTION('',(-0.707106781187,-2.747661802697E-16,
    -0.707106781187));
#5361 = PLANE('',#5362);
#5362 = AXIS2_PLACEMENT_3D('',#5363,#5364,#5365);
#5363 = CARTESIAN_POINT('',(-72.2,93.6,-21.8));
#5364 = DIRECTION('',(-0.57735026919,0.57735026919,0.57735026919));
#5365 = DIRECTION('',(-0.707106781187,-0.707106781187,
    -8.659560562355E-17));
#5366 = ADVANCED_FACE('',(#5367),#5385,.F.);
#5367 = FACE_BOUND('',#5368,.T.);
#5368 = EDGE_LOOP('',(#5369,#5377,#5378,#5379));
#5369 = ORIENTED_EDGE('',*,*,#5370,.F.);
#5370 = EDGE_CURVE('',#1415,#5371,#5373,.T.);
#5371 = VERTEX_POINT('',#5372);
#5372 = CARTESIAN_POINT('',(-72.,93.,-9.));
#5373 = LINE('',#5374,#5375);
#5374 = CARTESIAN_POINT('',(-71.75,93.25,-9.));
#5375 = VECTOR('',#5376,1.);
#5376 = DIRECTION('',(-0.707106781187,-0.707106781187,-5.08659560562E-15
    ));
#5377 = ORIENTED_EDGE('',*,*,#1414,.T.);
#5378 = ORIENTED_EDGE('',*,*,#5346,.T.);
#5379 = ORIENTED_EDGE('',*,*,#5380,.F.);
#5380 = EDGE_CURVE('',#5371,#5347,#5381,.T.);
#5381 = LINE('',#5382,#5383);
#5382 = CARTESIAN_POINT('',(-72.,93.,-8.));
#5383 = VECTOR('',#5384,1.);
#5384 = DIRECTION('',(1.224646799147E-16,2.2E-16,-1.));
#5385 = PLANE('',#5386);
#5386 = AXIS2_PLACEMENT_3D('',#5387,#5388,#5389);
#5387 = CARTESIAN_POINT('',(-71.5,93.5,-8.));
#5388 = DIRECTION('',(0.707106781187,-0.707106781187,8.659560562355E-17)
  );
#5389 = DIRECTION('',(-2.324646799147E-16,-1.1E-16,1.));
#5390 = ADVANCED_FACE('',(#5391),#5409,.T.);
#5391 = FACE_BOUND('',#5392,.T.);
#5392 = EDGE_LOOP('',(#5393,#5401,#5402,#5403));
#5393 = ORIENTED_EDGE('',*,*,#5394,.F.);
#5394 = EDGE_CURVE('',#1423,#5395,#5397,.T.);
#5395 = VERTEX_POINT('',#5396);
#5396 = CARTESIAN_POINT('',(-73.,93.,-8.));
#5397 = LINE('',#5398,#5399);
#5398 = CARTESIAN_POINT('',(-73.,93.75,-7.25));
#5399 = VECTOR('',#5400,1.);
#5400 = DIRECTION('',(-3.488638214104E-15,-0.707106781187,
    -0.707106781187));
#5401 = ORIENTED_EDGE('',*,*,#1422,.T.);
#5402 = ORIENTED_EDGE('',*,*,#5370,.T.);
#5403 = ORIENTED_EDGE('',*,*,#5404,.F.);
#5404 = EDGE_CURVE('',#5395,#5371,#5405,.T.);
#5405 = LINE('',#5406,#5407);
#5406 = CARTESIAN_POINT('',(-73.,93.,-8.));
#5407 = VECTOR('',#5408,1.);
#5408 = DIRECTION('',(0.707106781187,-8.752338197296E-16,-0.707106781187
    ));
#5409 = PLANE('',#5410);
#5410 = AXIS2_PLACEMENT_3D('',#5411,#5412,#5413);
#5411 = CARTESIAN_POINT('',(-72.2,93.6,-8.2));
#5412 = DIRECTION('',(-0.57735026919,0.57735026919,-0.57735026919));
#5413 = DIRECTION('',(-0.707106781187,-0.707106781187,
    -8.659560562355E-17));
#5414 = ADVANCED_FACE('',(#5415),#5426,.F.);
#5415 = FACE_BOUND('',#5416,.T.);
#5416 = EDGE_LOOP('',(#5417,#5418,#5419,#5420));
#5417 = ORIENTED_EDGE('',*,*,#5243,.F.);
#5418 = ORIENTED_EDGE('',*,*,#1430,.T.);
#5419 = ORIENTED_EDGE('',*,*,#5394,.T.);
#5420 = ORIENTED_EDGE('',*,*,#5421,.F.);
#5421 = EDGE_CURVE('',#5244,#5395,#5422,.T.);
#5422 = LINE('',#5423,#5424);
#5423 = CARTESIAN_POINT('',(-75.,93.,-8.));
#5424 = VECTOR('',#5425,1.);
#5425 = DIRECTION('',(1.,3.885780586188E-16,1.224646799147E-16));
#5426 = PLANE('',#5427);
#5427 = AXIS2_PLACEMENT_3D('',#5428,#5429,#5430);
#5428 = CARTESIAN_POINT('',(-75.,93.5,-7.5));
#5429 = DIRECTION('',(1.881705746461E-16,-0.707106781187,0.707106781187)
  );
#5430 = DIRECTION('',(-1.,-3.885780586188E-16,-1.224646799147E-16));
#5431 = ADVANCED_FACE('',(#5432),#5457,.T.);
#5432 = FACE_BOUND('',#5433,.T.);
#5433 = EDGE_LOOP('',(#5434,#5442,#5450,#5456));
#5434 = ORIENTED_EDGE('',*,*,#5435,.T.);
#5435 = EDGE_CURVE('',#1439,#5436,#5438,.T.);
#5436 = VERTEX_POINT('',#5437);
#5437 = CARTESIAN_POINT('',(-66.5,93.,-8.));
#5438 = LINE('',#5439,#5440);
#5439 = CARTESIAN_POINT('',(-66.5,93.75,-7.25));
#5440 = VECTOR('',#5441,1.);
#5441 = DIRECTION('',(1.711361785892E-15,-0.707106781187,-0.707106781187
    ));
#5442 = ORIENTED_EDGE('',*,*,#5443,.T.);
#5443 = EDGE_CURVE('',#5436,#5444,#5446,.T.);
#5444 = VERTEX_POINT('',#5445);
#5445 = CARTESIAN_POINT('',(-67.5,93.,-9.));
#5446 = LINE('',#5447,#5448);
#5447 = CARTESIAN_POINT('',(-66.5,93.,-8.));
#5448 = VECTOR('',#5449,1.);
#5449 = DIRECTION('',(-0.707106781187,-2.674766180268E-15,
    -0.707106781187));
#5450 = ORIENTED_EDGE('',*,*,#5451,.F.);
#5451 = EDGE_CURVE('',#1441,#5444,#5452,.T.);
#5452 = LINE('',#5453,#5454);
#5453 = CARTESIAN_POINT('',(-67.75,93.25,-9.));
#5454 = VECTOR('',#5455,1.);
#5455 = DIRECTION('',(0.707106781187,-0.707106781187,-3.663404394374E-15
    ));
#5456 = ORIENTED_EDGE('',*,*,#1438,.F.);
#5457 = PLANE('',#5458);
#5458 = AXIS2_PLACEMENT_3D('',#5459,#5460,#5461);
#5459 = CARTESIAN_POINT('',(-67.3,93.6,-8.2));
#5460 = DIRECTION('',(0.57735026919,0.57735026919,-0.57735026919));
#5461 = DIRECTION('',(0.707106781187,2.747661802697E-16,0.707106781187)
  );
#5462 = ADVANCED_FACE('',(#5463),#5481,.F.);
#5463 = FACE_BOUND('',#5464,.T.);
#5464 = EDGE_LOOP('',(#5465,#5473,#5474,#5475));
#5465 = ORIENTED_EDGE('',*,*,#5466,.F.);
#5466 = EDGE_CURVE('',#1449,#5467,#5469,.T.);
#5467 = VERTEX_POINT('',#5468);
#5468 = CARTESIAN_POINT('',(-67.5,93.,-21.));
#5469 = LINE('',#5470,#5471);
#5470 = CARTESIAN_POINT('',(-68.25,93.75,-21.));
#5471 = VECTOR('',#5472,1.);
#5472 = DIRECTION('',(0.707106781187,-0.707106781187,2.586595605622E-15)
  );
#5473 = ORIENTED_EDGE('',*,*,#1448,.T.);
#5474 = ORIENTED_EDGE('',*,*,#5451,.T.);
#5475 = ORIENTED_EDGE('',*,*,#5476,.F.);
#5476 = EDGE_CURVE('',#5467,#5444,#5477,.T.);
#5477 = LINE('',#5478,#5479);
#5478 = CARTESIAN_POINT('',(-67.5,93.,-22.));
#5479 = VECTOR('',#5480,1.);
#5480 = DIRECTION('',(-1.224646799147E-16,-2.2E-16,1.));
#5481 = PLANE('',#5482);
#5482 = AXIS2_PLACEMENT_3D('',#5483,#5484,#5485);
#5483 = CARTESIAN_POINT('',(-68.,93.5,-22.));
#5484 = DIRECTION('',(-0.707106781187,-0.707106781187,
    -8.659560562355E-17));
#5485 = DIRECTION('',(1.246467991474E-17,1.1E-16,-1.));
#5486 = ADVANCED_FACE('',(#5487),#5505,.T.);
#5487 = FACE_BOUND('',#5488,.T.);
#5488 = EDGE_LOOP('',(#5489,#5497,#5498,#5499));
#5489 = ORIENTED_EDGE('',*,*,#5490,.F.);
#5490 = EDGE_CURVE('',#1457,#5491,#5493,.T.);
#5491 = VERTEX_POINT('',#5492);
#5492 = CARTESIAN_POINT('',(-66.5,93.,-22.));
#5493 = LINE('',#5494,#5495);
#5494 = CARTESIAN_POINT('',(-66.5,93.25,-22.25));
#5495 = VECTOR('',#5496,1.);
#5496 = DIRECTION('',(2.688170574645E-15,-0.707106781187,0.707106781187)
  );
#5497 = ORIENTED_EDGE('',*,*,#1456,.F.);
#5498 = ORIENTED_EDGE('',*,*,#5466,.T.);
#5499 = ORIENTED_EDGE('',*,*,#5500,.T.);
#5500 = EDGE_CURVE('',#5467,#5491,#5501,.T.);
#5501 = LINE('',#5502,#5503);
#5502 = CARTESIAN_POINT('',(-67.5,93.,-21.));
#5503 = VECTOR('',#5504,1.);
#5504 = DIRECTION('',(0.707106781187,2.747661802697E-16,-0.707106781187)
  );
#5505 = PLANE('',#5506);
#5506 = AXIS2_PLACEMENT_3D('',#5507,#5508,#5509);
#5507 = CARTESIAN_POINT('',(-67.3,93.6,-21.8));
#5508 = DIRECTION('',(0.57735026919,0.57735026919,0.57735026919));
#5509 = DIRECTION('',(-0.707106781187,0.707106781187,2.442669683897E-17)
  );
#5510 = ADVANCED_FACE('',(#5511),#5529,.F.);
#5511 = FACE_BOUND('',#5512,.T.);
#5512 = EDGE_LOOP('',(#5513,#5521,#5522,#5523));
#5513 = ORIENTED_EDGE('',*,*,#5514,.F.);
#5514 = EDGE_CURVE('',#1465,#5515,#5517,.T.);
#5515 = VERTEX_POINT('',#5516);
#5516 = CARTESIAN_POINT('',(-65.5,93.,-22.));
#5517 = LINE('',#5518,#5519);
#5518 = CARTESIAN_POINT('',(-65.5,93.25,-22.25));
#5519 = VECTOR('',#5520,1.);
#5520 = DIRECTION('',(1.881705746461E-16,-0.707106781187,0.707106781187)
  );
#5521 = ORIENTED_EDGE('',*,*,#1464,.T.);
#5522 = ORIENTED_EDGE('',*,*,#5490,.T.);
#5523 = ORIENTED_EDGE('',*,*,#5524,.F.);
#5524 = EDGE_CURVE('',#5515,#5491,#5525,.T.);
#5525 = LINE('',#5526,#5527);
#5526 = CARTESIAN_POINT('',(-64.5,93.,-22.));
#5527 = VECTOR('',#5528,1.);
#5528 = DIRECTION('',(-1.,-3.885780586188E-16,-1.224646799147E-16));
#5529 = PLANE('',#5530);
#5530 = AXIS2_PLACEMENT_3D('',#5531,#5532,#5533);
#5531 = CARTESIAN_POINT('',(-64.5,93.5,-22.5));
#5532 = DIRECTION('',(3.613617858932E-16,-0.707106781187,-0.707106781187
    ));
#5533 = DIRECTION('',(1.,3.885780586188E-16,1.224646799147E-16));
#5534 = ADVANCED_FACE('',(#5535),#5553,.T.);
#5535 = FACE_BOUND('',#5536,.T.);
#5536 = EDGE_LOOP('',(#5537,#5545,#5546,#5547));
#5537 = ORIENTED_EDGE('',*,*,#5538,.F.);
#5538 = EDGE_CURVE('',#1473,#5539,#5541,.T.);
#5539 = VERTEX_POINT('',#5540);
#5540 = CARTESIAN_POINT('',(-64.5,93.,-21.));
#5541 = LINE('',#5542,#5543);
#5542 = CARTESIAN_POINT('',(-63.75,93.75,-21.));
#5543 = VECTOR('',#5544,1.);
#5544 = DIRECTION('',(-0.707106781187,-0.707106781187,
    -8.659560562355E-17));
#5545 = ORIENTED_EDGE('',*,*,#1472,.T.);
#5546 = ORIENTED_EDGE('',*,*,#5514,.T.);
#5547 = ORIENTED_EDGE('',*,*,#5548,.F.);
#5548 = EDGE_CURVE('',#5539,#5515,#5549,.T.);
#5549 = LINE('',#5550,#5551);
#5550 = CARTESIAN_POINT('',(-64.5,93.,-21.));
#5551 = VECTOR('',#5552,1.);
#5552 = DIRECTION('',(-0.707106781187,-2.747661802697E-16,
    -0.707106781187));
#5553 = PLANE('',#5554);
#5554 = AXIS2_PLACEMENT_3D('',#5555,#5556,#5557);
#5555 = CARTESIAN_POINT('',(-64.7,93.6,-21.8));
#5556 = DIRECTION('',(-0.57735026919,0.57735026919,0.57735026919));
#5557 = DIRECTION('',(-0.707106781187,-0.707106781187,
    -8.659560562355E-17));
#5558 = ADVANCED_FACE('',(#5559),#5577,.F.);
#5559 = FACE_BOUND('',#5560,.T.);
#5560 = EDGE_LOOP('',(#5561,#5569,#5570,#5571));
#5561 = ORIENTED_EDGE('',*,*,#5562,.F.);
#5562 = EDGE_CURVE('',#1481,#5563,#5565,.T.);
#5563 = VERTEX_POINT('',#5564);
#5564 = CARTESIAN_POINT('',(-64.5,93.,-9.));
#5565 = LINE('',#5566,#5567);
#5566 = CARTESIAN_POINT('',(-64.25,93.25,-9.));
#5567 = VECTOR('',#5568,1.);
#5568 = DIRECTION('',(-0.707106781187,-0.707106781187,-5.08659560562E-15
    ));
#5569 = ORIENTED_EDGE('',*,*,#1480,.T.);
#5570 = ORIENTED_EDGE('',*,*,#5538,.T.);
#5571 = ORIENTED_EDGE('',*,*,#5572,.F.);
#5572 = EDGE_CURVE('',#5563,#5539,#5573,.T.);
#5573 = LINE('',#5574,#5575);
#5574 = CARTESIAN_POINT('',(-64.5,93.,-8.));
#5575 = VECTOR('',#5576,1.);
#5576 = DIRECTION('',(1.224646799147E-16,2.2E-16,-1.));
#5577 = PLANE('',#5578);
#5578 = AXIS2_PLACEMENT_3D('',#5579,#5580,#5581);
#5579 = CARTESIAN_POINT('',(-64.,93.5,-8.));
#5580 = DIRECTION('',(0.707106781187,-0.707106781187,8.659560562355E-17)
  );
#5581 = DIRECTION('',(-2.324646799147E-16,-1.1E-16,1.));
#5582 = ADVANCED_FACE('',(#5583),#5601,.T.);
#5583 = FACE_BOUND('',#5584,.T.);
#5584 = EDGE_LOOP('',(#5585,#5593,#5594,#5595));
#5585 = ORIENTED_EDGE('',*,*,#5586,.F.);
#5586 = EDGE_CURVE('',#1489,#5587,#5589,.T.);
#5587 = VERTEX_POINT('',#5588);
#5588 = CARTESIAN_POINT('',(-65.5,93.,-8.));
#5589 = LINE('',#5590,#5591);
#5590 = CARTESIAN_POINT('',(-65.5,93.75,-7.25));
#5591 = VECTOR('',#5592,1.);
#5592 = DIRECTION('',(-3.488638214104E-15,-0.707106781187,
    -0.707106781187));
#5593 = ORIENTED_EDGE('',*,*,#1488,.T.);
#5594 = ORIENTED_EDGE('',*,*,#5562,.T.);
#5595 = ORIENTED_EDGE('',*,*,#5596,.F.);
#5596 = EDGE_CURVE('',#5587,#5563,#5597,.T.);
#5597 = LINE('',#5598,#5599);
#5598 = CARTESIAN_POINT('',(-65.5,93.,-8.));
#5599 = VECTOR('',#5600,1.);
#5600 = DIRECTION('',(0.707106781187,-8.752338197296E-16,-0.707106781187
    ));
#5601 = PLANE('',#5602);
#5602 = AXIS2_PLACEMENT_3D('',#5603,#5604,#5605);
#5603 = CARTESIAN_POINT('',(-64.7,93.6,-8.2));
#5604 = DIRECTION('',(-0.57735026919,0.57735026919,-0.57735026919));
#5605 = DIRECTION('',(-0.707106781187,-0.707106781187,
    -8.659560562355E-17));
#5606 = ADVANCED_FACE('',(#5607),#5618,.F.);
#5607 = FACE_BOUND('',#5608,.T.);
#5608 = EDGE_LOOP('',(#5609,#5610,#5611,#5612));
#5609 = ORIENTED_EDGE('',*,*,#5435,.F.);
#5610 = ORIENTED_EDGE('',*,*,#1496,.T.);
#5611 = ORIENTED_EDGE('',*,*,#5586,.T.);
#5612 = ORIENTED_EDGE('',*,*,#5613,.F.);
#5613 = EDGE_CURVE('',#5436,#5587,#5614,.T.);
#5614 = LINE('',#5615,#5616);
#5615 = CARTESIAN_POINT('',(-67.5,93.,-8.));
#5616 = VECTOR('',#5617,1.);
#5617 = DIRECTION('',(1.,3.885780586188E-16,1.224646799147E-16));
#5618 = PLANE('',#5619);
#5619 = AXIS2_PLACEMENT_3D('',#5620,#5621,#5622);
#5620 = CARTESIAN_POINT('',(-67.5,93.5,-7.5));
#5621 = DIRECTION('',(1.881705746461E-16,-0.707106781187,0.707106781187)
  );
#5622 = DIRECTION('',(-1.,-3.885780586188E-16,-1.224646799147E-16));
#5623 = ADVANCED_FACE('',(#5624),#5649,.T.);
#5624 = FACE_BOUND('',#5625,.T.);
#5625 = EDGE_LOOP('',(#5626,#5634,#5642,#5648));
#5626 = ORIENTED_EDGE('',*,*,#5627,.T.);
#5627 = EDGE_CURVE('',#1505,#5628,#5630,.T.);
#5628 = VERTEX_POINT('',#5629);
#5629 = CARTESIAN_POINT('',(-59.,93.,-8.));
#5630 = LINE('',#5631,#5632);
#5631 = CARTESIAN_POINT('',(-59.,93.75,-7.25));
#5632 = VECTOR('',#5633,1.);
#5633 = DIRECTION('',(1.711361785892E-15,-0.707106781187,-0.707106781187
    ));
#5634 = ORIENTED_EDGE('',*,*,#5635,.T.);
#5635 = EDGE_CURVE('',#5628,#5636,#5638,.T.);
#5636 = VERTEX_POINT('',#5637);
#5637 = CARTESIAN_POINT('',(-60.,93.,-9.));
#5638 = LINE('',#5639,#5640);
#5639 = CARTESIAN_POINT('',(-59.,93.,-8.));
#5640 = VECTOR('',#5641,1.);
#5641 = DIRECTION('',(-0.707106781187,-2.674766180268E-15,
    -0.707106781187));
#5642 = ORIENTED_EDGE('',*,*,#5643,.F.);
#5643 = EDGE_CURVE('',#1507,#5636,#5644,.T.);
#5644 = LINE('',#5645,#5646);
#5645 = CARTESIAN_POINT('',(-60.25,93.25,-9.));
#5646 = VECTOR('',#5647,1.);
#5647 = DIRECTION('',(0.707106781187,-0.707106781187,-3.663404394374E-15
    ));
#5648 = ORIENTED_EDGE('',*,*,#1504,.F.);
#5649 = PLANE('',#5650);
#5650 = AXIS2_PLACEMENT_3D('',#5651,#5652,#5653);
#5651 = CARTESIAN_POINT('',(-59.8,93.6,-8.2));
#5652 = DIRECTION('',(0.57735026919,0.57735026919,-0.57735026919));
#5653 = DIRECTION('',(0.707106781187,2.747661802697E-16,0.707106781187)
  );
#5654 = ADVANCED_FACE('',(#5655),#5673,.F.);
#5655 = FACE_BOUND('',#5656,.T.);
#5656 = EDGE_LOOP('',(#5657,#5665,#5666,#5667));
#5657 = ORIENTED_EDGE('',*,*,#5658,.F.);
#5658 = EDGE_CURVE('',#1515,#5659,#5661,.T.);
#5659 = VERTEX_POINT('',#5660);
#5660 = CARTESIAN_POINT('',(-60.,93.,-21.));
#5661 = LINE('',#5662,#5663);
#5662 = CARTESIAN_POINT('',(-60.75,93.75,-21.));
#5663 = VECTOR('',#5664,1.);
#5664 = DIRECTION('',(0.707106781187,-0.707106781187,2.586595605622E-15)
  );
#5665 = ORIENTED_EDGE('',*,*,#1514,.T.);
#5666 = ORIENTED_EDGE('',*,*,#5643,.T.);
#5667 = ORIENTED_EDGE('',*,*,#5668,.F.);
#5668 = EDGE_CURVE('',#5659,#5636,#5669,.T.);
#5669 = LINE('',#5670,#5671);
#5670 = CARTESIAN_POINT('',(-60.,93.,-22.));
#5671 = VECTOR('',#5672,1.);
#5672 = DIRECTION('',(-1.224646799147E-16,-2.2E-16,1.));
#5673 = PLANE('',#5674);
#5674 = AXIS2_PLACEMENT_3D('',#5675,#5676,#5677);
#5675 = CARTESIAN_POINT('',(-60.5,93.5,-22.));
#5676 = DIRECTION('',(-0.707106781187,-0.707106781187,
    -8.659560562355E-17));
#5677 = DIRECTION('',(1.246467991474E-17,1.1E-16,-1.));
#5678 = ADVANCED_FACE('',(#5679),#5697,.T.);
#5679 = FACE_BOUND('',#5680,.T.);
#5680 = EDGE_LOOP('',(#5681,#5689,#5690,#5691));
#5681 = ORIENTED_EDGE('',*,*,#5682,.F.);
#5682 = EDGE_CURVE('',#1523,#5683,#5685,.T.);
#5683 = VERTEX_POINT('',#5684);
#5684 = CARTESIAN_POINT('',(-59.,93.,-22.));
#5685 = LINE('',#5686,#5687);
#5686 = CARTESIAN_POINT('',(-59.,93.25,-22.25));
#5687 = VECTOR('',#5688,1.);
#5688 = DIRECTION('',(2.688170574645E-15,-0.707106781187,0.707106781187)
  );
#5689 = ORIENTED_EDGE('',*,*,#1522,.F.);
#5690 = ORIENTED_EDGE('',*,*,#5658,.T.);
#5691 = ORIENTED_EDGE('',*,*,#5692,.T.);
#5692 = EDGE_CURVE('',#5659,#5683,#5693,.T.);
#5693 = LINE('',#5694,#5695);
#5694 = CARTESIAN_POINT('',(-60.,93.,-21.));
#5695 = VECTOR('',#5696,1.);
#5696 = DIRECTION('',(0.707106781187,2.747661802697E-16,-0.707106781187)
  );
#5697 = PLANE('',#5698);
#5698 = AXIS2_PLACEMENT_3D('',#5699,#5700,#5701);
#5699 = CARTESIAN_POINT('',(-59.8,93.6,-21.8));
#5700 = DIRECTION('',(0.57735026919,0.57735026919,0.57735026919));
#5701 = DIRECTION('',(-0.707106781187,0.707106781187,-8.659560562355E-17
    ));
#5702 = ADVANCED_FACE('',(#5703),#5721,.F.);
#5703 = FACE_BOUND('',#5704,.T.);
#5704 = EDGE_LOOP('',(#5705,#5713,#5714,#5715));
#5705 = ORIENTED_EDGE('',*,*,#5706,.F.);
#5706 = EDGE_CURVE('',#1531,#5707,#5709,.T.);
#5707 = VERTEX_POINT('',#5708);
#5708 = CARTESIAN_POINT('',(-58.,93.,-22.));
#5709 = LINE('',#5710,#5711);
#5710 = CARTESIAN_POINT('',(-58.,93.25,-22.25));
#5711 = VECTOR('',#5712,1.);
#5712 = DIRECTION('',(1.881705746461E-16,-0.707106781187,0.707106781187)
  );
#5713 = ORIENTED_EDGE('',*,*,#1530,.T.);
#5714 = ORIENTED_EDGE('',*,*,#5682,.T.);
#5715 = ORIENTED_EDGE('',*,*,#5716,.F.);
#5716 = EDGE_CURVE('',#5707,#5683,#5717,.T.);
#5717 = LINE('',#5718,#5719);
#5718 = CARTESIAN_POINT('',(-57.,93.,-22.));
#5719 = VECTOR('',#5720,1.);
#5720 = DIRECTION('',(-1.,-3.885780586188E-16,-1.224646799147E-16));
#5721 = PLANE('',#5722);
#5722 = AXIS2_PLACEMENT_3D('',#5723,#5724,#5725);
#5723 = CARTESIAN_POINT('',(-57.,93.5,-22.5));
#5724 = DIRECTION('',(3.613617858932E-16,-0.707106781187,-0.707106781187
    ));
#5725 = DIRECTION('',(1.,3.885780586188E-16,1.224646799147E-16));
#5726 = ADVANCED_FACE('',(#5727),#5745,.T.);
#5727 = FACE_BOUND('',#5728,.T.);
#5728 = EDGE_LOOP('',(#5729,#5737,#5738,#5739));
#5729 = ORIENTED_EDGE('',*,*,#5730,.F.);
#5730 = EDGE_CURVE('',#1539,#5731,#5733,.T.);
#5731 = VERTEX_POINT('',#5732);
#5732 = CARTESIAN_POINT('',(-57.,93.,-21.));
#5733 = LINE('',#5734,#5735);
#5734 = CARTESIAN_POINT('',(-56.25,93.75,-21.));
#5735 = VECTOR('',#5736,1.);
#5736 = DIRECTION('',(-0.707106781187,-0.707106781187,
    -8.659560562355E-17));
#5737 = ORIENTED_EDGE('',*,*,#1538,.T.);
#5738 = ORIENTED_EDGE('',*,*,#5706,.T.);
#5739 = ORIENTED_EDGE('',*,*,#5740,.F.);
#5740 = EDGE_CURVE('',#5731,#5707,#5741,.T.);
#5741 = LINE('',#5742,#5743);
#5742 = CARTESIAN_POINT('',(-57.,93.,-21.));
#5743 = VECTOR('',#5744,1.);
#5744 = DIRECTION('',(-0.707106781187,-2.747661802697E-16,
    -0.707106781187));
#5745 = PLANE('',#5746);
#5746 = AXIS2_PLACEMENT_3D('',#5747,#5748,#5749);
#5747 = CARTESIAN_POINT('',(-57.2,93.6,-21.8));
#5748 = DIRECTION('',(-0.57735026919,0.57735026919,0.57735026919));
#5749 = DIRECTION('',(-0.707106781187,-0.707106781187,
    -8.659560562355E-17));
#5750 = ADVANCED_FACE('',(#5751),#5769,.F.);
#5751 = FACE_BOUND('',#5752,.T.);
#5752 = EDGE_LOOP('',(#5753,#5761,#5762,#5763));
#5753 = ORIENTED_EDGE('',*,*,#5754,.F.);
#5754 = EDGE_CURVE('',#1547,#5755,#5757,.T.);
#5755 = VERTEX_POINT('',#5756);
#5756 = CARTESIAN_POINT('',(-57.,93.,-9.));
#5757 = LINE('',#5758,#5759);
#5758 = CARTESIAN_POINT('',(-56.75,93.25,-9.));
#5759 = VECTOR('',#5760,1.);
#5760 = DIRECTION('',(-0.707106781187,-0.707106781187,-5.08659560562E-15
    ));
#5761 = ORIENTED_EDGE('',*,*,#1546,.T.);
#5762 = ORIENTED_EDGE('',*,*,#5730,.T.);
#5763 = ORIENTED_EDGE('',*,*,#5764,.F.);
#5764 = EDGE_CURVE('',#5755,#5731,#5765,.T.);
#5765 = LINE('',#5766,#5767);
#5766 = CARTESIAN_POINT('',(-57.,93.,-8.));
#5767 = VECTOR('',#5768,1.);
#5768 = DIRECTION('',(1.224646799147E-16,2.2E-16,-1.));
#5769 = PLANE('',#5770);
#5770 = AXIS2_PLACEMENT_3D('',#5771,#5772,#5773);
#5771 = CARTESIAN_POINT('',(-56.5,93.5,-8.));
#5772 = DIRECTION('',(0.707106781187,-0.707106781187,8.659560562355E-17)
  );
#5773 = DIRECTION('',(-2.324646799147E-16,-1.1E-16,1.));
#5774 = ADVANCED_FACE('',(#5775),#5793,.T.);
#5775 = FACE_BOUND('',#5776,.T.);
#5776 = EDGE_LOOP('',(#5777,#5785,#5786,#5787));
#5777 = ORIENTED_EDGE('',*,*,#5778,.F.);
#5778 = EDGE_CURVE('',#1555,#5779,#5781,.T.);
#5779 = VERTEX_POINT('',#5780);
#5780 = CARTESIAN_POINT('',(-58.,93.,-8.));
#5781 = LINE('',#5782,#5783);
#5782 = CARTESIAN_POINT('',(-58.,93.75,-7.25));
#5783 = VECTOR('',#5784,1.);
#5784 = DIRECTION('',(-3.488638214104E-15,-0.707106781187,
    -0.707106781187));
#5785 = ORIENTED_EDGE('',*,*,#1554,.T.);
#5786 = ORIENTED_EDGE('',*,*,#5754,.T.);
#5787 = ORIENTED_EDGE('',*,*,#5788,.F.);
#5788 = EDGE_CURVE('',#5779,#5755,#5789,.T.);
#5789 = LINE('',#5790,#5791);
#5790 = CARTESIAN_POINT('',(-58.,93.,-8.));
#5791 = VECTOR('',#5792,1.);
#5792 = DIRECTION('',(0.707106781187,-8.752338197296E-16,-0.707106781187
    ));
#5793 = PLANE('',#5794);
#5794 = AXIS2_PLACEMENT_3D('',#5795,#5796,#5797);
#5795 = CARTESIAN_POINT('',(-57.2,93.6,-8.2));
#5796 = DIRECTION('',(-0.57735026919,0.57735026919,-0.57735026919));
#5797 = DIRECTION('',(-0.707106781187,-0.707106781187,
    -8.659560562355E-17));
#5798 = ADVANCED_FACE('',(#5799),#5810,.F.);
#5799 = FACE_BOUND('',#5800,.T.);
#5800 = EDGE_LOOP('',(#5801,#5802,#5803,#5804));
#5801 = ORIENTED_EDGE('',*,*,#5627,.F.);
#5802 = ORIENTED_EDGE('',*,*,#1562,.T.);
#5803 = ORIENTED_EDGE('',*,*,#5778,.T.);
#5804 = ORIENTED_EDGE('',*,*,#5805,.F.);
#5805 = EDGE_CURVE('',#5628,#5779,#5806,.T.);
#5806 = LINE('',#5807,#5808);
#5807 = CARTESIAN_POINT('',(-60.,93.,-8.));
#5808 = VECTOR('',#5809,1.);
#5809 = DIRECTION('',(1.,3.885780586188E-16,1.224646799147E-16));
#5810 = PLANE('',#5811);
#5811 = AXIS2_PLACEMENT_3D('',#5812,#5813,#5814);
#5812 = CARTESIAN_POINT('',(-60.,93.5,-7.5));
#5813 = DIRECTION('',(1.881705746461E-16,-0.707106781187,0.707106781187)
  );
#5814 = DIRECTION('',(-1.,-3.885780586188E-16,-1.224646799147E-16));
#5815 = ADVANCED_FACE('',(#5816),#5841,.T.);
#5816 = FACE_BOUND('',#5817,.T.);
#5817 = EDGE_LOOP('',(#5818,#5826,#5834,#5840));
#5818 = ORIENTED_EDGE('',*,*,#5819,.T.);
#5819 = EDGE_CURVE('',#1571,#5820,#5822,.T.);
#5820 = VERTEX_POINT('',#5821);
#5821 = CARTESIAN_POINT('',(-51.5,93.,-8.));
#5822 = LINE('',#5823,#5824);
#5823 = CARTESIAN_POINT('',(-51.5,93.75,-7.25));
#5824 = VECTOR('',#5825,1.);
#5825 = DIRECTION('',(1.711361785892E-15,-0.707106781187,-0.707106781187
    ));
#5826 = ORIENTED_EDGE('',*,*,#5827,.T.);
#5827 = EDGE_CURVE('',#5820,#5828,#5830,.T.);
#5828 = VERTEX_POINT('',#5829);
#5829 = CARTESIAN_POINT('',(-52.5,93.,-9.));
#5830 = LINE('',#5831,#5832);
#5831 = CARTESIAN_POINT('',(-51.5,93.,-8.));
#5832 = VECTOR('',#5833,1.);
#5833 = DIRECTION('',(-0.707106781187,-2.674766180268E-15,
    -0.707106781187));
#5834 = ORIENTED_EDGE('',*,*,#5835,.F.);
#5835 = EDGE_CURVE('',#1573,#5828,#5836,.T.);
#5836 = LINE('',#5837,#5838);
#5837 = CARTESIAN_POINT('',(-52.75,93.25,-9.));
#5838 = VECTOR('',#5839,1.);
#5839 = DIRECTION('',(0.707106781187,-0.707106781187,-3.663404394374E-15
    ));
#5840 = ORIENTED_EDGE('',*,*,#1570,.F.);
#5841 = PLANE('',#5842);
#5842 = AXIS2_PLACEMENT_3D('',#5843,#5844,#5845);
#5843 = CARTESIAN_POINT('',(-52.3,93.6,-8.2));
#5844 = DIRECTION('',(0.57735026919,0.57735026919,-0.57735026919));
#5845 = DIRECTION('',(0.707106781187,2.747661802697E-16,0.707106781187)
  );
#5846 = ADVANCED_FACE('',(#5847),#5865,.F.);
#5847 = FACE_BOUND('',#5848,.T.);
#5848 = EDGE_LOOP('',(#5849,#5857,#5858,#5859));
#5849 = ORIENTED_EDGE('',*,*,#5850,.F.);
#5850 = EDGE_CURVE('',#1581,#5851,#5853,.T.);
#5851 = VERTEX_POINT('',#5852);
#5852 = CARTESIAN_POINT('',(-52.5,93.,-21.));
#5853 = LINE('',#5854,#5855);
#5854 = CARTESIAN_POINT('',(-53.25,93.75,-21.));
#5855 = VECTOR('',#5856,1.);
#5856 = DIRECTION('',(0.707106781187,-0.707106781187,2.586595605622E-15)
  );
#5857 = ORIENTED_EDGE('',*,*,#1580,.T.);
#5858 = ORIENTED_EDGE('',*,*,#5835,.T.);
#5859 = ORIENTED_EDGE('',*,*,#5860,.F.);
#5860 = EDGE_CURVE('',#5851,#5828,#5861,.T.);
#5861 = LINE('',#5862,#5863);
#5862 = CARTESIAN_POINT('',(-52.5,93.,-22.));
#5863 = VECTOR('',#5864,1.);
#5864 = DIRECTION('',(-1.224646799147E-16,-2.2E-16,1.));
#5865 = PLANE('',#5866);
#5866 = AXIS2_PLACEMENT_3D('',#5867,#5868,#5869);
#5867 = CARTESIAN_POINT('',(-53.,93.5,-22.));
#5868 = DIRECTION('',(-0.707106781187,-0.707106781187,
    -8.659560562355E-17));
#5869 = DIRECTION('',(1.246467991474E-17,1.1E-16,-1.));
#5870 = ADVANCED_FACE('',(#5871),#5889,.T.);
#5871 = FACE_BOUND('',#5872,.T.);
#5872 = EDGE_LOOP('',(#5873,#5881,#5882,#5883));
#5873 = ORIENTED_EDGE('',*,*,#5874,.F.);
#5874 = EDGE_CURVE('',#1589,#5875,#5877,.T.);
#5875 = VERTEX_POINT('',#5876);
#5876 = CARTESIAN_POINT('',(-51.5,93.,-22.));
#5877 = LINE('',#5878,#5879);
#5878 = CARTESIAN_POINT('',(-51.5,93.25,-22.25));
#5879 = VECTOR('',#5880,1.);
#5880 = DIRECTION('',(2.688170574645E-15,-0.707106781187,0.707106781187)
  );
#5881 = ORIENTED_EDGE('',*,*,#1588,.F.);
#5882 = ORIENTED_EDGE('',*,*,#5850,.T.);
#5883 = ORIENTED_EDGE('',*,*,#5884,.T.);
#5884 = EDGE_CURVE('',#5851,#5875,#5885,.T.);
#5885 = LINE('',#5886,#5887);
#5886 = CARTESIAN_POINT('',(-52.5,93.,-21.));
#5887 = VECTOR('',#5888,1.);
#5888 = DIRECTION('',(0.707106781187,2.747661802697E-16,-0.707106781187)
  );
#5889 = PLANE('',#5890);
#5890 = AXIS2_PLACEMENT_3D('',#5891,#5892,#5893);
#5891 = CARTESIAN_POINT('',(-52.3,93.6,-21.8));
#5892 = DIRECTION('',(0.57735026919,0.57735026919,0.57735026919));
#5893 = DIRECTION('',(-0.707106781187,0.707106781187,2.442669683897E-17)
  );
#5894 = ADVANCED_FACE('',(#5895),#5913,.F.);
#5895 = FACE_BOUND('',#5896,.T.);
#5896 = EDGE_LOOP('',(#5897,#5905,#5906,#5907));
#5897 = ORIENTED_EDGE('',*,*,#5898,.F.);
#5898 = EDGE_CURVE('',#1597,#5899,#5901,.T.);
#5899 = VERTEX_POINT('',#5900);
#5900 = CARTESIAN_POINT('',(-50.5,93.,-22.));
#5901 = LINE('',#5902,#5903);
#5902 = CARTESIAN_POINT('',(-50.5,93.25,-22.25));
#5903 = VECTOR('',#5904,1.);
#5904 = DIRECTION('',(1.881705746461E-16,-0.707106781187,0.707106781187)
  );
#5905 = ORIENTED_EDGE('',*,*,#1596,.T.);
#5906 = ORIENTED_EDGE('',*,*,#5874,.T.);
#5907 = ORIENTED_EDGE('',*,*,#5908,.F.);
#5908 = EDGE_CURVE('',#5899,#5875,#5909,.T.);
#5909 = LINE('',#5910,#5911);
#5910 = CARTESIAN_POINT('',(-49.5,93.,-22.));
#5911 = VECTOR('',#5912,1.);
#5912 = DIRECTION('',(-1.,-3.885780586188E-16,-1.224646799147E-16));
#5913 = PLANE('',#5914);
#5914 = AXIS2_PLACEMENT_3D('',#5915,#5916,#5917);
#5915 = CARTESIAN_POINT('',(-49.5,93.5,-22.5));
#5916 = DIRECTION('',(3.613617858932E-16,-0.707106781187,-0.707106781187
    ));
#5917 = DIRECTION('',(1.,3.885780586188E-16,1.224646799147E-16));
#5918 = ADVANCED_FACE('',(#5919),#5937,.T.);
#5919 = FACE_BOUND('',#5920,.T.);
#5920 = EDGE_LOOP('',(#5921,#5929,#5930,#5931));
#5921 = ORIENTED_EDGE('',*,*,#5922,.F.);
#5922 = EDGE_CURVE('',#1605,#5923,#5925,.T.);
#5923 = VERTEX_POINT('',#5924);
#5924 = CARTESIAN_POINT('',(-49.5,93.,-21.));
#5925 = LINE('',#5926,#5927);
#5926 = CARTESIAN_POINT('',(-48.75,93.75,-21.));
#5927 = VECTOR('',#5928,1.);
#5928 = DIRECTION('',(-0.707106781187,-0.707106781187,
    -8.659560562355E-17));
#5929 = ORIENTED_EDGE('',*,*,#1604,.T.);
#5930 = ORIENTED_EDGE('',*,*,#5898,.T.);
#5931 = ORIENTED_EDGE('',*,*,#5932,.F.);
#5932 = EDGE_CURVE('',#5923,#5899,#5933,.T.);
#5933 = LINE('',#5934,#5935);
#5934 = CARTESIAN_POINT('',(-49.5,93.,-21.));
#5935 = VECTOR('',#5936,1.);
#5936 = DIRECTION('',(-0.707106781187,-2.747661802697E-16,
    -0.707106781187));
#5937 = PLANE('',#5938);
#5938 = AXIS2_PLACEMENT_3D('',#5939,#5940,#5941);
#5939 = CARTESIAN_POINT('',(-49.7,93.6,-21.8));
#5940 = DIRECTION('',(-0.57735026919,0.57735026919,0.57735026919));
#5941 = DIRECTION('',(-0.707106781187,-0.707106781187,
    -8.659560562355E-17));
#5942 = ADVANCED_FACE('',(#5943),#5961,.F.);
#5943 = FACE_BOUND('',#5944,.T.);
#5944 = EDGE_LOOP('',(#5945,#5953,#5954,#5955));
#5945 = ORIENTED_EDGE('',*,*,#5946,.F.);
#5946 = EDGE_CURVE('',#1613,#5947,#5949,.T.);
#5947 = VERTEX_POINT('',#5948);
#5948 = CARTESIAN_POINT('',(-49.5,93.,-9.));
#5949 = LINE('',#5950,#5951);
#5950 = CARTESIAN_POINT('',(-49.25,93.25,-9.));
#5951 = VECTOR('',#5952,1.);
#5952 = DIRECTION('',(-0.707106781187,-0.707106781187,-5.08659560562E-15
    ));
#5953 = ORIENTED_EDGE('',*,*,#1612,.T.);
#5954 = ORIENTED_EDGE('',*,*,#5922,.T.);
#5955 = ORIENTED_EDGE('',*,*,#5956,.F.);
#5956 = EDGE_CURVE('',#5947,#5923,#5957,.T.);
#5957 = LINE('',#5958,#5959);
#5958 = CARTESIAN_POINT('',(-49.5,93.,-8.));
#5959 = VECTOR('',#5960,1.);
#5960 = DIRECTION('',(1.224646799147E-16,2.2E-16,-1.));
#5961 = PLANE('',#5962);
#5962 = AXIS2_PLACEMENT_3D('',#5963,#5964,#5965);
#5963 = CARTESIAN_POINT('',(-49.,93.5,-8.));
#5964 = DIRECTION('',(0.707106781187,-0.707106781187,8.659560562355E-17)
  );
#5965 = DIRECTION('',(-2.324646799147E-16,-1.1E-16,1.));
#5966 = ADVANCED_FACE('',(#5967),#5985,.T.);
#5967 = FACE_BOUND('',#5968,.T.);
#5968 = EDGE_LOOP('',(#5969,#5977,#5978,#5979));
#5969 = ORIENTED_EDGE('',*,*,#5970,.F.);
#5970 = EDGE_CURVE('',#1621,#5971,#5973,.T.);
#5971 = VERTEX_POINT('',#5972);
#5972 = CARTESIAN_POINT('',(-50.5,93.,-8.));
#5973 = LINE('',#5974,#5975);
#5974 = CARTESIAN_POINT('',(-50.5,93.75,-7.25));
#5975 = VECTOR('',#5976,1.);
#5976 = DIRECTION('',(-3.488638214104E-15,-0.707106781187,
    -0.707106781187));
#5977 = ORIENTED_EDGE('',*,*,#1620,.T.);
#5978 = ORIENTED_EDGE('',*,*,#5946,.T.);
#5979 = ORIENTED_EDGE('',*,*,#5980,.F.);
#5980 = EDGE_CURVE('',#5971,#5947,#5981,.T.);
#5981 = LINE('',#5982,#5983);
#5982 = CARTESIAN_POINT('',(-50.5,93.,-8.));
#5983 = VECTOR('',#5984,1.);
#5984 = DIRECTION('',(0.707106781187,-8.752338197296E-16,-0.707106781187
    ));
#5985 = PLANE('',#5986);
#5986 = AXIS2_PLACEMENT_3D('',#5987,#5988,#5989);
#5987 = CARTESIAN_POINT('',(-49.7,93.6,-8.2));
#5988 = DIRECTION('',(-0.57735026919,0.57735026919,-0.57735026919));
#5989 = DIRECTION('',(-0.707106781187,-0.707106781187,
    -8.659560562355E-17));
#5990 = ADVANCED_FACE('',(#5991),#6002,.F.);
#5991 = FACE_BOUND('',#5992,.T.);
#5992 = EDGE_LOOP('',(#5993,#5994,#5995,#5996));
#5993 = ORIENTED_EDGE('',*,*,#5819,.F.);
#5994 = ORIENTED_EDGE('',*,*,#1628,.T.);
#5995 = ORIENTED_EDGE('',*,*,#5970,.T.);
#5996 = ORIENTED_EDGE('',*,*,#5997,.F.);
#5997 = EDGE_CURVE('',#5820,#5971,#5998,.T.);
#5998 = LINE('',#5999,#6000);
#5999 = CARTESIAN_POINT('',(-52.5,93.,-8.));
#6000 = VECTOR('',#6001,1.);
#6001 = DIRECTION('',(1.,3.885780586188E-16,1.224646799147E-16));
#6002 = PLANE('',#6003);
#6003 = AXIS2_PLACEMENT_3D('',#6004,#6005,#6006);
#6004 = CARTESIAN_POINT('',(-52.5,93.5,-7.5));
#6005 = DIRECTION('',(1.881705746461E-16,-0.707106781187,0.707106781187)
  );
#6006 = DIRECTION('',(-1.,-3.885780586188E-16,-1.224646799147E-16));
#6007 = ADVANCED_FACE('',(#6008),#6013,.T.);
#6008 = FACE_BOUND('',#6009,.T.);
#6009 = EDGE_LOOP('',(#6010,#6011,#6012));
#6010 = ORIENTED_EDGE('',*,*,#1915,.F.);
#6011 = ORIENTED_EDGE('',*,*,#4978,.T.);
#6012 = ORIENTED_EDGE('',*,*,#1667,.F.);
#6013 = PLANE('',#6014);
#6014 = AXIS2_PLACEMENT_3D('',#6015,#6016,#6017);
#6015 = CARTESIAN_POINT('',(-99.,90.,-26.));
#6016 = DIRECTION('',(-0.57735026919,0.57735026919,-0.57735026919));
#6017 = DIRECTION('',(-4.723840883557E-16,0.707106781187,0.707106781187)
  );
#6018 = ADVANCED_FACE('',(#6019),#6030,.F.);
#6019 = FACE_BOUND('',#6020,.T.);
#6020 = EDGE_LOOP('',(#6021,#6022,#6023,#6024));
#6021 = ORIENTED_EDGE('',*,*,#2174,.F.);
#6022 = ORIENTED_EDGE('',*,*,#1712,.T.);
#6023 = ORIENTED_EDGE('',*,*,#2037,.T.);
#6024 = ORIENTED_EDGE('',*,*,#6025,.F.);
#6025 = EDGE_CURVE('',#2175,#2038,#6026,.T.);
#6026 = LINE('',#6027,#6028);
#6027 = CARTESIAN_POINT('',(-1.,-45.06532710336,-27.));
#6028 = VECTOR('',#6029,1.);
#6029 = DIRECTION('',(1.224646799147E-16,1.763056796328E-32,-1.));
#6030 = PLANE('',#6031);
#6031 = AXIS2_PLACEMENT_3D('',#6032,#6033,#6034);
#6032 = CARTESIAN_POINT('',(-0.5,-45.56532710336,-27.));
#6033 = DIRECTION('',(-0.707106781187,-0.707106781187,
    -8.659560562355E-17));
#6034 = DIRECTION('',(-1.224646799147E-16,-1.763056796328E-32,1.));
#6035 = ADVANCED_FACE('',(#6036),#6046,.T.);
#6036 = FACE_BOUND('',#6037,.T.);
#6037 = EDGE_LOOP('',(#6038,#6044,#6045));
#6038 = ORIENTED_EDGE('',*,*,#6039,.F.);
#6039 = EDGE_CURVE('',#1760,#1728,#6040,.T.);
#6040 = LINE('',#6041,#6042);
#6041 = CARTESIAN_POINT('',(-98.,-91.,-26.));
#6042 = VECTOR('',#6043,1.);
#6043 = DIRECTION('',(0.707106781187,-0.707106781187,-8.734043943758E-16
    ));
#6044 = ORIENTED_EDGE('',*,*,#1759,.T.);
#6045 = ORIENTED_EDGE('',*,*,#1735,.F.);
#6046 = PLANE('',#6047);
#6047 = AXIS2_PLACEMENT_3D('',#6048,#6049,#6050);
#6048 = CARTESIAN_POINT('',(-99.,-90.,-26.));
#6049 = DIRECTION('',(-0.57735026919,-0.57735026919,-0.57735026919));
#6050 = DIRECTION('',(-2.163712095234E-17,0.707106781187,-0.707106781187
    ));
#6051 = ADVANCED_FACE('',(#6052),#6077,.T.);
#6052 = FACE_BOUND('',#6053,.T.);
#6053 = EDGE_LOOP('',(#6054,#6064,#6070,#6071));
#6054 = ORIENTED_EDGE('',*,*,#6055,.T.);
#6055 = EDGE_CURVE('',#6056,#6058,#6060,.T.);
#6056 = VERTEX_POINT('',#6057);
#6057 = CARTESIAN_POINT('',(-99.,-90.,-15.49));
#6058 = VERTEX_POINT('',#6059);
#6059 = CARTESIAN_POINT('',(-99.,-75.5,-15.49));
#6060 = LINE('',#6061,#6062);
#6061 = CARTESIAN_POINT('',(-99.,-94.,-15.49));
#6062 = VECTOR('',#6063,1.);
#6063 = DIRECTION('',(-3.885780586188E-16,1.,-2.995651960736E-32));
#6064 = ORIENTED_EDGE('',*,*,#6065,.T.);
#6065 = EDGE_CURVE('',#6058,#1751,#6066,.T.);
#6066 = LINE('',#6067,#6068);
#6067 = CARTESIAN_POINT('',(-99.,-75.5,-15.49));
#6068 = VECTOR('',#6069,1.);
#6069 = DIRECTION('',(1.224646799147E-16,1.763056796328E-32,-1.));
#6070 = ORIENTED_EDGE('',*,*,#1767,.T.);
#6071 = ORIENTED_EDGE('',*,*,#6072,.F.);
#6072 = EDGE_CURVE('',#6056,#1760,#6073,.T.);
#6073 = LINE('',#6074,#6075);
#6074 = CARTESIAN_POINT('',(-99.,-90.,-15.49));
#6075 = VECTOR('',#6076,1.);
#6076 = DIRECTION('',(1.224646799147E-16,1.763056796328E-32,-1.));
#6077 = PLANE('',#6078);
#6078 = AXIS2_PLACEMENT_3D('',#6079,#6080,#6081);
#6079 = CARTESIAN_POINT('',(-99.,-82.75,-15.));
#6080 = DIRECTION('',(-1.,-3.885780586188E-16,-1.224646799147E-16));
#6081 = DIRECTION('',(-1.224646799147E-16,-1.763056796328E-32,1.));
#6082 = ADVANCED_FACE('',(#6083),#6109,.F.);
#6083 = FACE_BOUND('',#6084,.T.);
#6084 = EDGE_LOOP('',(#6085,#6095,#6101,#6102,#6103));
#6085 = ORIENTED_EDGE('',*,*,#6086,.F.);
#6086 = EDGE_CURVE('',#6087,#6089,#6091,.T.);
#6087 = VERTEX_POINT('',#6088);
#6088 = CARTESIAN_POINT('',(-103.,-71.5,-15.49));
#6089 = VERTEX_POINT('',#6090);
#6090 = CARTESIAN_POINT('',(-101.,-73.5,-13.49));
#6091 = LINE('',#6092,#6093);
#6092 = CARTESIAN_POINT('',(-99.16833333333,-75.33166666666,
    -11.65833333333));
#6093 = VECTOR('',#6094,1.);
#6094 = DIRECTION('',(0.57735026919,-0.57735026919,0.57735026919));
#6095 = ORIENTED_EDGE('',*,*,#6096,.T.);
#6096 = EDGE_CURVE('',#6087,#1784,#6097,.T.);
#6097 = LINE('',#6098,#6099);
#6098 = CARTESIAN_POINT('',(-103.,-71.5,-15.49));
#6099 = VECTOR('',#6100,1.);
#6100 = DIRECTION('',(1.224646799147E-16,1.763056796328E-32,-1.));
#6101 = ORIENTED_EDGE('',*,*,#1791,.F.);
#6102 = ORIENTED_EDGE('',*,*,#6065,.F.);
#6103 = ORIENTED_EDGE('',*,*,#6104,.F.);
#6104 = EDGE_CURVE('',#6089,#6058,#6105,.T.);
#6105 = LINE('',#6106,#6107);
#6106 = CARTESIAN_POINT('',(-99.08166666666,-75.41833333333,
    -15.40833333333));
#6107 = VECTOR('',#6108,1.);
#6108 = DIRECTION('',(0.57735026919,-0.57735026919,-0.57735026919));
#6109 = PLANE('',#6110);
#6110 = AXIS2_PLACEMENT_3D('',#6111,#6112,#6113);
#6111 = CARTESIAN_POINT('',(-101.,-73.5,-15.49));
#6112 = DIRECTION('',(0.707106781187,0.707106781187,8.659560562355E-17)
  );
#6113 = DIRECTION('',(-1.224646799147E-16,-1.763056796328E-32,1.));
#6114 = ADVANCED_FACE('',(#6115),#6133,.T.);
#6115 = FACE_BOUND('',#6116,.T.);
#6116 = EDGE_LOOP('',(#6117,#6125,#6131,#6132));
#6117 = ORIENTED_EDGE('',*,*,#6118,.T.);
#6118 = EDGE_CURVE('',#6087,#6119,#6121,.T.);
#6119 = VERTEX_POINT('',#6120);
#6120 = CARTESIAN_POINT('',(-110.,-71.5,-15.49));
#6121 = LINE('',#6122,#6123);
#6122 = CARTESIAN_POINT('',(-99.,-71.5,-15.49));
#6123 = VECTOR('',#6124,1.);
#6124 = DIRECTION('',(-1.,-3.885780586188E-16,-1.224646799147E-16));
#6125 = ORIENTED_EDGE('',*,*,#6126,.T.);
#6126 = EDGE_CURVE('',#6119,#1808,#6127,.T.);
#6127 = LINE('',#6128,#6129);
#6128 = CARTESIAN_POINT('',(-110.,-71.5,-15.49));
#6129 = VECTOR('',#6130,1.);
#6130 = DIRECTION('',(1.224646799147E-16,1.763056796328E-32,-1.));
#6131 = ORIENTED_EDGE('',*,*,#1807,.T.);
#6132 = ORIENTED_EDGE('',*,*,#6096,.F.);
#6133 = PLANE('',#6134);
#6134 = AXIS2_PLACEMENT_3D('',#6135,#6136,#6137);
#6135 = CARTESIAN_POINT('',(-106.5,-71.5,-15.));
#6136 = DIRECTION('',(3.885780586188E-16,-1.,2.995651960736E-32));
#6137 = DIRECTION('',(1.224646799147E-16,1.763056796328E-32,-1.));
#6138 = ADVANCED_FACE('',(#6139),#6149,.T.);
#6139 = FACE_BOUND('',#6140,.T.);
#6140 = EDGE_LOOP('',(#6141,#6147,#6148));
#6141 = ORIENTED_EDGE('',*,*,#6142,.F.);
#6142 = EDGE_CURVE('',#1830,#1808,#6143,.T.);
#6143 = LINE('',#6144,#6145);
#6144 = CARTESIAN_POINT('',(-113.,-68.5,-26.));
#6145 = VECTOR('',#6146,1.);
#6146 = DIRECTION('',(0.707106781187,-0.707106781187,-1.833404394375E-15
    ));
#6147 = ORIENTED_EDGE('',*,*,#1829,.T.);
#6148 = ORIENTED_EDGE('',*,*,#1815,.F.);
#6149 = PLANE('',#6150);
#6150 = AXIS2_PLACEMENT_3D('',#6151,#6152,#6153);
#6151 = CARTESIAN_POINT('',(-114.,-67.5,-26.));
#6152 = DIRECTION('',(-0.57735026919,-0.57735026919,-0.57735026919));
#6153 = DIRECTION('',(4.224520888977E-16,0.707106781187,-0.707106781187)
  );
#6154 = ADVANCED_FACE('',(#6155),#6165,.F.);
#6155 = FACE_BOUND('',#6156,.F.);
#6156 = EDGE_LOOP('',(#6157,#6158,#6164));
#6157 = ORIENTED_EDGE('',*,*,#1869,.F.);
#6158 = ORIENTED_EDGE('',*,*,#6159,.T.);
#6159 = EDGE_CURVE('',#1870,#1838,#6160,.T.);
#6160 = LINE('',#6161,#6162);
#6161 = CARTESIAN_POINT('',(-111.,70.5,-26.));
#6162 = VECTOR('',#6163,1.);
#6163 = DIRECTION('',(-0.707106781187,-0.707106781187,
    -2.765956056234E-16));
#6164 = ORIENTED_EDGE('',*,*,#1845,.F.);
#6165 = PLANE('',#6166);
#6166 = AXIS2_PLACEMENT_3D('',#6167,#6168,#6169);
#6167 = CARTESIAN_POINT('',(-110.,71.5,-26.));
#6168 = DIRECTION('',(0.57735026919,-0.57735026919,0.57735026919));
#6169 = DIRECTION('',(-0.707106781187,-2.747661802697E-16,0.707106781187
    ));
#6170 = ADVANCED_FACE('',(#6171),#6196,.T.);
#6171 = FACE_BOUND('',#6172,.T.);
#6172 = EDGE_LOOP('',(#6173,#6183,#6189,#6190));
#6173 = ORIENTED_EDGE('',*,*,#6174,.T.);
#6174 = EDGE_CURVE('',#6175,#6177,#6179,.T.);
#6175 = VERTEX_POINT('',#6176);
#6176 = CARTESIAN_POINT('',(-110.,71.5,-15.49));
#6177 = VERTEX_POINT('',#6178);
#6178 = CARTESIAN_POINT('',(-103.,71.5,-15.49));
#6179 = LINE('',#6180,#6181);
#6180 = CARTESIAN_POINT('',(-114.,71.5,-15.49));
#6181 = VECTOR('',#6182,1.);
#6182 = DIRECTION('',(1.,3.885780586188E-16,1.224646799147E-16));
#6183 = ORIENTED_EDGE('',*,*,#6184,.T.);
#6184 = EDGE_CURVE('',#6177,#1861,#6185,.T.);
#6185 = LINE('',#6186,#6187);
#6186 = CARTESIAN_POINT('',(-103.,71.5,-15.49));
#6187 = VECTOR('',#6188,1.);
#6188 = DIRECTION('',(1.224646799147E-16,1.763056796328E-32,-1.));
#6189 = ORIENTED_EDGE('',*,*,#1877,.T.);
#6190 = ORIENTED_EDGE('',*,*,#6191,.F.);
#6191 = EDGE_CURVE('',#6175,#1870,#6192,.T.);
#6192 = LINE('',#6193,#6194);
#6193 = CARTESIAN_POINT('',(-110.,71.5,-15.49));
#6194 = VECTOR('',#6195,1.);
#6195 = DIRECTION('',(1.224646799147E-16,1.763056796328E-32,-1.));
#6196 = PLANE('',#6197);
#6197 = AXIS2_PLACEMENT_3D('',#6198,#6199,#6200);
#6198 = CARTESIAN_POINT('',(-106.5,71.5,-15.));
#6199 = DIRECTION('',(-3.885780586188E-16,1.,-2.995651960736E-32));
#6200 = DIRECTION('',(-1.224646799147E-16,-1.763056796328E-32,1.));
#6201 = ADVANCED_FACE('',(#6202),#6219,.F.);
#6202 = FACE_BOUND('',#6203,.T.);
#6203 = EDGE_LOOP('',(#6204,#6205,#6211,#6212,#6213));
#6204 = ORIENTED_EDGE('',*,*,#5018,.F.);
#6205 = ORIENTED_EDGE('',*,*,#6206,.T.);
#6206 = EDGE_CURVE('',#5011,#1894,#6207,.T.);
#6207 = LINE('',#6208,#6209);
#6208 = CARTESIAN_POINT('',(-99.,75.5,-15.49));
#6209 = VECTOR('',#6210,1.);
#6210 = DIRECTION('',(1.224646799147E-16,1.763056796328E-32,-1.));
#6211 = ORIENTED_EDGE('',*,*,#1901,.F.);
#6212 = ORIENTED_EDGE('',*,*,#6184,.F.);
#6213 = ORIENTED_EDGE('',*,*,#6214,.F.);
#6214 = EDGE_CURVE('',#5019,#6177,#6215,.T.);
#6215 = LINE('',#6216,#6217);
#6216 = CARTESIAN_POINT('',(-101.6683333333,72.83166666666,
    -14.15833333333));
#6217 = VECTOR('',#6218,1.);
#6218 = DIRECTION('',(-0.57735026919,-0.57735026919,-0.57735026919));
#6219 = PLANE('',#6220);
#6220 = AXIS2_PLACEMENT_3D('',#6221,#6222,#6223);
#6221 = CARTESIAN_POINT('',(-101.,73.5,-15.49));
#6222 = DIRECTION('',(0.707106781187,-0.707106781187,8.659560562355E-17)
  );
#6223 = DIRECTION('',(-1.224646799147E-16,-1.763056796328E-32,1.));
#6224 = ADVANCED_FACE('',(#6225),#6231,.T.);
#6225 = FACE_BOUND('',#6226,.T.);
#6226 = EDGE_LOOP('',(#6227,#6228,#6229,#6230));
#6227 = ORIENTED_EDGE('',*,*,#5010,.T.);
#6228 = ORIENTED_EDGE('',*,*,#4984,.T.);
#6229 = ORIENTED_EDGE('',*,*,#1925,.T.);
#6230 = ORIENTED_EDGE('',*,*,#6206,.F.);
#6231 = PLANE('',#6232);
#6232 = AXIS2_PLACEMENT_3D('',#6233,#6234,#6235);
#6233 = CARTESIAN_POINT('',(-99.,82.75,-15.));
#6234 = DIRECTION('',(-1.,-3.885780586188E-16,-1.224646799147E-16));
#6235 = DIRECTION('',(-1.224646799147E-16,-1.763056796328E-32,1.));
#6236 = ADVANCED_FACE('',(#6237),#6248,.F.);
#6237 = FACE_BOUND('',#6238,.F.);
#6238 = EDGE_LOOP('',(#6239,#6240,#6241,#6247));
#6239 = ORIENTED_EDGE('',*,*,#2083,.T.);
#6240 = ORIENTED_EDGE('',*,*,#1973,.F.);
#6241 = ORIENTED_EDGE('',*,*,#6242,.F.);
#6242 = EDGE_CURVE('',#2103,#1964,#6243,.T.);
#6243 = LINE('',#6244,#6245);
#6244 = CARTESIAN_POINT('',(-87.53282720332,44.09533171584,-27.));
#6245 = VECTOR('',#6246,1.);
#6246 = DIRECTION('',(1.224646799147E-16,1.763056796328E-32,-1.));
#6247 = ORIENTED_EDGE('',*,*,#2110,.F.);
#6248 = PLANE('',#6249);
#6249 = AXIS2_PLACEMENT_3D('',#6250,#6251,#6252);
#6250 = CARTESIAN_POINT('',(-87.03282720332,44.59533171584,-27.));
#6251 = DIRECTION('',(-0.707106781187,0.707106781187,-8.659560562355E-17
    ));
#6252 = DIRECTION('',(1.224646799147E-16,1.763056796328E-32,-1.));
#6253 = ADVANCED_FACE('',(#6254),#6265,.T.);
#6254 = FACE_BOUND('',#6255,.T.);
#6255 = EDGE_LOOP('',(#6256,#6262,#6263,#6264));
#6256 = ORIENTED_EDGE('',*,*,#6257,.T.);
#6257 = EDGE_CURVE('',#2127,#1990,#6258,.T.);
#6258 = LINE('',#6259,#6260);
#6259 = CARTESIAN_POINT('',(-87.53282720332,-44.06532710336,-27.));
#6260 = VECTOR('',#6261,1.);
#6261 = DIRECTION('',(1.224646799147E-16,1.763056796328E-32,-1.));
#6262 = ORIENTED_EDGE('',*,*,#1997,.F.);
#6263 = ORIENTED_EDGE('',*,*,#6242,.F.);
#6264 = ORIENTED_EDGE('',*,*,#2134,.T.);
#6265 = PLANE('',#6266);
#6266 = AXIS2_PLACEMENT_3D('',#6267,#6268,#6269);
#6267 = CARTESIAN_POINT('',(-87.53282720332,-45.06532710336,
    -18.29049809265));
#6268 = DIRECTION('',(1.,3.885780586188E-16,1.224646799147E-16));
#6269 = DIRECTION('',(-3.885780586188E-16,1.,-2.995651960736E-32));
#6270 = ADVANCED_FACE('',(#6271),#6282,.F.);
#6271 = FACE_BOUND('',#6272,.T.);
#6272 = EDGE_LOOP('',(#6273,#6279,#6280,#6281));
#6273 = ORIENTED_EDGE('',*,*,#6274,.T.);
#6274 = EDGE_CURVE('',#2149,#2012,#6275,.T.);
#6275 = LINE('',#6276,#6277);
#6276 = CARTESIAN_POINT('',(-86.53282720332,-45.06532710336,-27.));
#6277 = VECTOR('',#6278,1.);
#6278 = DIRECTION('',(1.224646799147E-16,1.763056796328E-32,-1.));
#6279 = ORIENTED_EDGE('',*,*,#2021,.T.);
#6280 = ORIENTED_EDGE('',*,*,#6257,.F.);
#6281 = ORIENTED_EDGE('',*,*,#2158,.F.);
#6282 = PLANE('',#6283);
#6283 = AXIS2_PLACEMENT_3D('',#6284,#6285,#6286);
#6284 = CARTESIAN_POINT('',(-87.03282720332,-44.56532710336,-27.));
#6285 = DIRECTION('',(-0.707106781187,-0.707106781187,
    -8.659560562355E-17));
#6286 = DIRECTION('',(-1.224646799147E-16,-1.763056796328E-32,1.));
#6287 = ADVANCED_FACE('',(#6288),#6294,.T.);
#6288 = FACE_BOUND('',#6289,.T.);
#6289 = EDGE_LOOP('',(#6290,#6291,#6292,#6293));
#6290 = ORIENTED_EDGE('',*,*,#6274,.F.);
#6291 = ORIENTED_EDGE('',*,*,#2182,.T.);
#6292 = ORIENTED_EDGE('',*,*,#6025,.T.);
#6293 = ORIENTED_EDGE('',*,*,#2045,.F.);
#6294 = PLANE('',#6295);
#6295 = AXIS2_PLACEMENT_3D('',#6296,#6297,#6298);
#6296 = CARTESIAN_POINT('',(68.02782754994,-45.06532710336,
    -18.29049809265));
#6297 = DIRECTION('',(-3.885780586188E-16,1.,-2.995651960736E-32));
#6298 = DIRECTION('',(-1.,-3.885780586188E-16,-1.224646799147E-16));
#6299 = ADVANCED_FACE('',(#6300),#6311,.F.);
#6300 = FACE_BOUND('',#6301,.T.);
#6301 = EDGE_LOOP('',(#6302,#6303,#6304,#6310));
#6302 = ORIENTED_EDGE('',*,*,#2197,.T.);
#6303 = ORIENTED_EDGE('',*,*,#2408,.T.);
#6304 = ORIENTED_EDGE('',*,*,#6305,.F.);
#6305 = EDGE_CURVE('',#4358,#2401,#6306,.T.);
#6306 = LINE('',#6307,#6308);
#6307 = CARTESIAN_POINT('',(-96.,-89.,-1.175660927181E-14));
#6308 = VECTOR('',#6309,1.);
#6309 = DIRECTION('',(1.224646799147E-16,1.763056796328E-32,-1.));
#6310 = ORIENTED_EDGE('',*,*,#4365,.F.);
#6311 = PLANE('',#6312);
#6312 = AXIS2_PLACEMENT_3D('',#6313,#6314,#6315);
#6313 = CARTESIAN_POINT('',(-95.,-90.,-1.16341445919E-14));
#6314 = DIRECTION('',(-0.707106781187,-0.707106781187,
    -8.659560562355E-17));
#6315 = DIRECTION('',(-1.224646799147E-16,-1.763056796328E-32,1.));
#6316 = ADVANCED_FACE('',(#6317),#6400,.F.);
#6317 = FACE_BOUND('',#6318,.F.);
#6318 = EDGE_LOOP('',(#6319,#6325,#6326,#6327,#6328,#6336,#6345,#6351,
    #6352,#6360,#6369,#6375,#6376,#6384,#6393,#6399));
#6319 = ORIENTED_EDGE('',*,*,#6320,.F.);
#6320 = EDGE_CURVE('',#4243,#2217,#6321,.T.);
#6321 = LINE('',#6322,#6323);
#6322 = CARTESIAN_POINT('',(-6.5,-94.,-15.25));
#6323 = VECTOR('',#6324,1.);
#6324 = DIRECTION('',(-4.785780586188E-16,1.,-2.2E-16));
#6325 = ORIENTED_EDGE('',*,*,#4242,.F.);
#6326 = ORIENTED_EDGE('',*,*,#6320,.T.);
#6327 = ORIENTED_EDGE('',*,*,#2225,.T.);
#6328 = ORIENTED_EDGE('',*,*,#6329,.T.);
#6329 = EDGE_CURVE('',#2226,#6330,#6332,.T.);
#6330 = VERTEX_POINT('',#6331);
#6331 = CARTESIAN_POINT('',(-6.236747361258,-91.1,-16.24182085235));
#6332 = LINE('',#6333,#6334);
#6333 = CARTESIAN_POINT('',(-6.236747361258,-94.,-16.24182085235));
#6334 = VECTOR('',#6335,1.);
#6335 = DIRECTION('',(4.785780586188E-16,-1.,2.2E-16));
#6336 = ORIENTED_EDGE('',*,*,#6337,.T.);
#6337 = EDGE_CURVE('',#6330,#6338,#6340,.T.);
#6338 = VERTEX_POINT('',#6339);
#6339 = CARTESIAN_POINT('',(-6.05516740257,-91.1,-16.50755888529));
#6340 = CIRCLE('',#6341,2.);
#6341 = AXIS2_PLACEMENT_3D('',#6342,#6343,#6344);
#6342 = CARTESIAN_POINT('',(-4.5,-91.1,-15.25));
#6343 = DIRECTION('',(4.785780586188E-16,-1.,2.2E-16));
#6344 = DIRECTION('',(-1.,-4.785780586188E-16,-3.246467991474E-17));
#6345 = ORIENTED_EDGE('',*,*,#6346,.F.);
#6346 = EDGE_CURVE('',#2243,#6338,#6347,.T.);
#6347 = LINE('',#6348,#6349);
#6348 = CARTESIAN_POINT('',(-6.05516740257,-94.,-16.50755888529));
#6349 = VECTOR('',#6350,1.);
#6350 = DIRECTION('',(4.785780586188E-16,-1.,2.2E-16));
#6351 = ORIENTED_EDGE('',*,*,#2250,.T.);
#6352 = ORIENTED_EDGE('',*,*,#6353,.T.);
#6353 = EDGE_CURVE('',#2251,#6354,#6356,.T.);
#6354 = VERTEX_POINT('',#6355);
#6355 = CARTESIAN_POINT('',(-2.901891669141,-91.1,-16.45251809252));
#6356 = LINE('',#6357,#6358);
#6357 = CARTESIAN_POINT('',(-2.901891669141,-94.,-16.45251809252));
#6358 = VECTOR('',#6359,1.);
#6359 = DIRECTION('',(4.785780586188E-16,-1.,2.2E-16));
#6360 = ORIENTED_EDGE('',*,*,#6361,.T.);
#6361 = EDGE_CURVE('',#6354,#6362,#6364,.T.);
#6362 = VERTEX_POINT('',#6363);
#6363 = CARTESIAN_POINT('',(-2.733257018058,-91.1,-16.18734691323));
#6364 = CIRCLE('',#6365,2.);
#6365 = AXIS2_PLACEMENT_3D('',#6366,#6367,#6368);
#6366 = CARTESIAN_POINT('',(-4.5,-91.1,-15.25));
#6367 = DIRECTION('',(4.785780586188E-16,-1.,2.2E-16));
#6368 = DIRECTION('',(-1.,-4.785780586188E-16,-3.246467991474E-17));
#6369 = ORIENTED_EDGE('',*,*,#6370,.F.);
#6370 = EDGE_CURVE('',#2268,#6362,#6371,.T.);
#6371 = LINE('',#6372,#6373);
#6372 = CARTESIAN_POINT('',(-2.733257018058,-94.,-16.18734691323));
#6373 = VECTOR('',#6374,1.);
#6374 = DIRECTION('',(4.785780586188E-16,-1.,2.2E-16));
#6375 = ORIENTED_EDGE('',*,*,#2275,.T.);
#6376 = ORIENTED_EDGE('',*,*,#6377,.T.);
#6377 = EDGE_CURVE('',#2276,#6378,#6380,.T.);
#6378 = VERTEX_POINT('',#6379);
#6379 = CARTESIAN_POINT('',(-4.498192814989,-91.1,-13.25000081648));
#6380 = LINE('',#6381,#6382);
#6381 = CARTESIAN_POINT('',(-4.498192814989,-94.,-13.25000081648));
#6382 = VECTOR('',#6383,1.);
#6383 = DIRECTION('',(4.785780586188E-16,-1.,2.2E-16));
#6384 = ORIENTED_EDGE('',*,*,#6385,.T.);
#6385 = EDGE_CURVE('',#6378,#6386,#6388,.T.);
#6386 = VERTEX_POINT('',#6387);
#6387 = CARTESIAN_POINT('',(-4.579224301154,-91.1,-13.25156973849));
#6388 = CIRCLE('',#6389,2.);
#6389 = AXIS2_PLACEMENT_3D('',#6390,#6391,#6392);
#6390 = CARTESIAN_POINT('',(-4.5,-91.1,-15.25));
#6391 = DIRECTION('',(4.785780586188E-16,-1.,2.2E-16));
#6392 = DIRECTION('',(-1.,-4.785780586188E-16,-3.246467991474E-17));
#6393 = ORIENTED_EDGE('',*,*,#6394,.F.);
#6394 = EDGE_CURVE('',#2215,#6386,#6395,.T.);
#6395 = LINE('',#6396,#6397);
#6396 = CARTESIAN_POINT('',(-4.579224301154,-94.,-13.25156973849));
#6397 = VECTOR('',#6398,1.);
#6398 = DIRECTION('',(4.785780586188E-16,-1.,2.2E-16));
#6399 = ORIENTED_EDGE('',*,*,#2214,.T.);
#6400 = CYLINDRICAL_SURFACE('',#6401,2.);
#6401 = AXIS2_PLACEMENT_3D('',#6402,#6403,#6404);
#6402 = CARTESIAN_POINT('',(-4.5,-94.,-15.25));
#6403 = DIRECTION('',(4.785780586188E-16,-1.,2.2E-16));
#6404 = DIRECTION('',(-1.,-4.785780586188E-16,-3.246467991474E-17));
#6405 = ADVANCED_FACE('',(#6406),#6424,.T.);
#6406 = FACE_BOUND('',#6407,.T.);
#6407 = EDGE_LOOP('',(#6408,#6416,#6417,#6418));
#6408 = ORIENTED_EDGE('',*,*,#6409,.F.);
#6409 = EDGE_CURVE('',#6386,#6410,#6412,.T.);
#6410 = VERTEX_POINT('',#6411);
#6411 = CARTESIAN_POINT('',(-4.53988892821,-91.1,-13.18060683873));
#6412 = LINE('',#6413,#6414);
#6413 = CARTESIAN_POINT('',(-6.387261526419,-91.1,-16.51335562665));
#6414 = VECTOR('',#6415,1.);
#6415 = DIRECTION('',(0.48480957585,-4.678592601733E-16,0.874619731749)
  );
#6416 = ORIENTED_EDGE('',*,*,#6394,.F.);
#6417 = ORIENTED_EDGE('',*,*,#2292,.F.);
#6418 = ORIENTED_EDGE('',*,*,#6419,.F.);
#6419 = EDGE_CURVE('',#6410,#2285,#6420,.T.);
#6420 = LINE('',#6421,#6422);
#6421 = CARTESIAN_POINT('',(-4.53988892821,-91.1,-13.18060683873));
#6422 = VECTOR('',#6423,1.);
#6423 = DIRECTION('',(2.948876798795E-16,1.,3.714698827088E-16));
#6424 = PLANE('',#6425);
#6425 = AXIS2_PLACEMENT_3D('',#6426,#6427,#6428);
#6426 = CARTESIAN_POINT('',(-6.387261526419,-91.1,-16.51335562665));
#6427 = DIRECTION('',(0.874619731749,-7.782242719513E-17,-0.48480957585)
  );
#6428 = DIRECTION('',(0.48480957585,-4.678592601733E-16,0.874619731749)
  );
#6429 = ADVANCED_FACE('',(#6430),#6441,.T.);
#6430 = FACE_BOUND('',#6431,.T.);
#6431 = EDGE_LOOP('',(#6432,#6438,#6439,#6440));
#6432 = ORIENTED_EDGE('',*,*,#6433,.F.);
#6433 = EDGE_CURVE('',#6410,#6378,#6434,.T.);
#6434 = LINE('',#6435,#6436);
#6435 = CARTESIAN_POINT('',(-4.53988892821,-91.1,-13.18060683873));
#6436 = VECTOR('',#6437,1.);
#6437 = DIRECTION('',(0.515038118421,1.665334311514E-16,-0.857167274558)
  );
#6438 = ORIENTED_EDGE('',*,*,#6419,.T.);
#6439 = ORIENTED_EDGE('',*,*,#2284,.F.);
#6440 = ORIENTED_EDGE('',*,*,#6377,.T.);
#6441 = PLANE('',#6442);
#6442 = AXIS2_PLACEMENT_3D('',#6443,#6444,#6445);
#6443 = CARTESIAN_POINT('',(-4.53988892821,-91.1,-13.18060683873));
#6444 = DIRECTION('',(-0.857167274558,4.440892183035E-16,-0.515038118421
    ));
#6445 = DIRECTION('',(0.515038118421,1.665334311514E-16,-0.857167274558)
  );
#6446 = ADVANCED_FACE('',(#6447),#6465,.T.);
#6447 = FACE_BOUND('',#6448,.T.);
#6448 = EDGE_LOOP('',(#6449,#6457,#6458,#6459));
#6449 = ORIENTED_EDGE('',*,*,#6450,.F.);
#6450 = EDGE_CURVE('',#6362,#6451,#6453,.T.);
#6451 = VERTEX_POINT('',#6452);
#6452 = CARTESIAN_POINT('',(-2.577330112543,-91.1,-16.44685283299));
#6453 = LINE('',#6454,#6455);
#6454 = CARTESIAN_POINT('',(-4.53988892821,-91.1,-13.18060683873));
#6455 = VECTOR('',#6456,1.);
#6456 = DIRECTION('',(0.515038118421,1.665334311514E-16,-0.857167274558)
  );
#6457 = ORIENTED_EDGE('',*,*,#6370,.F.);
#6458 = ORIENTED_EDGE('',*,*,#2267,.F.);
#6459 = ORIENTED_EDGE('',*,*,#6460,.F.);
#6460 = EDGE_CURVE('',#6451,#2260,#6461,.T.);
#6461 = LINE('',#6462,#6463);
#6462 = CARTESIAN_POINT('',(-2.577330112543,-91.1,-16.44685283299));
#6463 = VECTOR('',#6464,1.);
#6464 = DIRECTION('',(2.948876798795E-16,1.,3.714698827088E-16));
#6465 = PLANE('',#6466);
#6466 = AXIS2_PLACEMENT_3D('',#6467,#6468,#6469);
#6467 = CARTESIAN_POINT('',(-4.53988892821,-91.1,-13.18060683873));
#6468 = DIRECTION('',(-0.857167274558,4.440892183035E-16,-0.515038118421
    ));
#6469 = DIRECTION('',(0.515038118421,1.665334311514E-16,-0.857167274558)
  );
#6470 = ADVANCED_FACE('',(#6471),#6482,.T.);
#6471 = FACE_BOUND('',#6472,.T.);
#6472 = EDGE_LOOP('',(#6473,#6479,#6480,#6481));
#6473 = ORIENTED_EDGE('',*,*,#6474,.F.);
#6474 = EDGE_CURVE('',#6451,#6354,#6475,.T.);
#6475 = LINE('',#6476,#6477);
#6476 = CARTESIAN_POINT('',(-2.577330112543,-91.1,-16.44685283299));
#6477 = VECTOR('',#6478,1.);
#6478 = DIRECTION('',(-0.99984769427,3.013258290218E-16,
    -1.745245719031E-02));
#6479 = ORIENTED_EDGE('',*,*,#6460,.T.);
#6480 = ORIENTED_EDGE('',*,*,#2259,.F.);
#6481 = ORIENTED_EDGE('',*,*,#6353,.T.);
#6482 = PLANE('',#6483);
#6483 = AXIS2_PLACEMENT_3D('',#6484,#6485,#6486);
#6484 = CARTESIAN_POINT('',(-2.577330112543,-91.1,-16.44685283299));
#6485 = DIRECTION('',(-1.745245719031E-02,-3.662667911083E-16,
    0.99984769427));
#6486 = DIRECTION('',(-0.99984769427,3.013258290218E-16,
    -1.745245719031E-02));
#6487 = ADVANCED_FACE('',(#6488),#6506,.T.);
#6488 = FACE_BOUND('',#6489,.T.);
#6489 = EDGE_LOOP('',(#6490,#6498,#6499,#6500));
#6490 = ORIENTED_EDGE('',*,*,#6491,.F.);
#6491 = EDGE_CURVE('',#6338,#6492,#6494,.T.);
#6492 = VERTEX_POINT('',#6493);
#6493 = CARTESIAN_POINT('',(-6.387261526419,-91.1,-16.51335562665));
#6494 = LINE('',#6495,#6496);
#6495 = CARTESIAN_POINT('',(-2.577330112543,-91.1,-16.44685283299));
#6496 = VECTOR('',#6497,1.);
#6497 = DIRECTION('',(-0.99984769427,3.013258290218E-16,
    -1.745245719031E-02));
#6498 = ORIENTED_EDGE('',*,*,#6346,.F.);
#6499 = ORIENTED_EDGE('',*,*,#2242,.F.);
#6500 = ORIENTED_EDGE('',*,*,#6501,.F.);
#6501 = EDGE_CURVE('',#6492,#2235,#6502,.T.);
#6502 = LINE('',#6503,#6504);
#6503 = CARTESIAN_POINT('',(-6.387261526419,-91.1,-16.51335562665));
#6504 = VECTOR('',#6505,1.);
#6505 = DIRECTION('',(2.948876798795E-16,1.,3.714698827088E-16));
#6506 = PLANE('',#6507);
#6507 = AXIS2_PLACEMENT_3D('',#6508,#6509,#6510);
#6508 = CARTESIAN_POINT('',(-2.577330112543,-91.1,-16.44685283299));
#6509 = DIRECTION('',(-1.745245719031E-02,-3.662667911083E-16,
    0.99984769427));
#6510 = DIRECTION('',(-0.99984769427,3.013258290218E-16,
    -1.745245719031E-02));
#6511 = ADVANCED_FACE('',(#6512),#6523,.T.);
#6512 = FACE_BOUND('',#6513,.T.);
#6513 = EDGE_LOOP('',(#6514,#6520,#6521,#6522));
#6514 = ORIENTED_EDGE('',*,*,#6515,.F.);
#6515 = EDGE_CURVE('',#6492,#6330,#6516,.T.);
#6516 = LINE('',#6517,#6518);
#6517 = CARTESIAN_POINT('',(-6.387261526419,-91.1,-16.51335562665));
#6518 = VECTOR('',#6519,1.);
#6519 = DIRECTION('',(0.48480957585,-4.678592601733E-16,0.874619731749)
  );
#6520 = ORIENTED_EDGE('',*,*,#6501,.T.);
#6521 = ORIENTED_EDGE('',*,*,#2234,.F.);
#6522 = ORIENTED_EDGE('',*,*,#6329,.T.);
#6523 = PLANE('',#6524);
#6524 = AXIS2_PLACEMENT_3D('',#6525,#6526,#6527);
#6525 = CARTESIAN_POINT('',(-6.387261526419,-91.1,-16.51335562665));
#6526 = DIRECTION('',(0.874619731749,-7.782242719513E-17,-0.48480957585)
  );
#6527 = DIRECTION('',(0.48480957585,-4.678592601733E-16,0.874619731749)
  );
#6528 = ADVANCED_FACE('',(#6529),#6612,.F.);
#6529 = FACE_BOUND('',#6530,.F.);
#6530 = EDGE_LOOP('',(#6531,#6537,#6538,#6539,#6540,#6548,#6557,#6563,
    #6564,#6572,#6581,#6587,#6588,#6596,#6605,#6611));
#6531 = ORIENTED_EDGE('',*,*,#6532,.F.);
#6532 = EDGE_CURVE('',#4232,#2303,#6533,.T.);
#6533 = LINE('',#6534,#6535);
#6534 = CARTESIAN_POINT('',(-6.5,-94.,-6.));
#6535 = VECTOR('',#6536,1.);
#6536 = DIRECTION('',(-4.785780586188E-16,1.,-2.2E-16));
#6537 = ORIENTED_EDGE('',*,*,#4231,.F.);
#6538 = ORIENTED_EDGE('',*,*,#6532,.T.);
#6539 = ORIENTED_EDGE('',*,*,#2311,.T.);
#6540 = ORIENTED_EDGE('',*,*,#6541,.T.);
#6541 = EDGE_CURVE('',#2312,#6542,#6544,.T.);
#6542 = VERTEX_POINT('',#6543);
#6543 = CARTESIAN_POINT('',(-6.249070398609,-91.15,-6.969924090179));
#6544 = LINE('',#6545,#6546);
#6545 = CARTESIAN_POINT('',(-6.249070398609,-94.,-6.969924090179));
#6546 = VECTOR('',#6547,1.);
#6547 = DIRECTION('',(4.785780586188E-16,-1.,2.2E-16));
#6548 = ORIENTED_EDGE('',*,*,#6549,.T.);
#6549 = EDGE_CURVE('',#6542,#6550,#6552,.T.);
#6550 = VERTEX_POINT('',#6551);
#6551 = CARTESIAN_POINT('',(-6.106595867682,-91.15,-7.191154783371));
#6552 = CIRCLE('',#6553,2.);
#6553 = AXIS2_PLACEMENT_3D('',#6554,#6555,#6556);
#6554 = CARTESIAN_POINT('',(-4.5,-91.15,-6.));
#6555 = DIRECTION('',(4.785780586188E-16,-1.,2.2E-16));
#6556 = DIRECTION('',(-1.,-4.785780586188E-16,-3.246467991474E-17));
#6557 = ORIENTED_EDGE('',*,*,#6558,.F.);
#6558 = EDGE_CURVE('',#2329,#6550,#6559,.T.);
#6559 = LINE('',#6560,#6561);
#6560 = CARTESIAN_POINT('',(-6.106595867682,-94.,-7.191154783371));
#6561 = VECTOR('',#6562,1.);
#6562 = DIRECTION('',(4.785780586188E-16,-1.,2.2E-16));
#6563 = ORIENTED_EDGE('',*,*,#2336,.T.);
#6564 = ORIENTED_EDGE('',*,*,#6565,.T.);
#6565 = EDGE_CURVE('',#2337,#6566,#6568,.T.);
#6566 = VERTEX_POINT('',#6567);
#6567 = CARTESIAN_POINT('',(-2.852812009515,-91.15,-7.134359609649));
#6568 = LINE('',#6569,#6570);
#6569 = CARTESIAN_POINT('',(-2.852812009515,-94.,-7.134359609649));
#6570 = VECTOR('',#6571,1.);
#6571 = DIRECTION('',(4.785780586188E-16,-1.,2.2E-16));
#6572 = ORIENTED_EDGE('',*,*,#6573,.T.);
#6573 = EDGE_CURVE('',#6566,#6574,#6576,.T.);
#6574 = VERTEX_POINT('',#6575);
#6575 = CARTESIAN_POINT('',(-2.708586401265,-91.15,-6.889290345313));
#6576 = CIRCLE('',#6577,2.);
#6577 = AXIS2_PLACEMENT_3D('',#6578,#6579,#6580);
#6578 = CARTESIAN_POINT('',(-4.5,-91.15,-6.));
#6579 = DIRECTION('',(4.785780586188E-16,-1.,2.2E-16));
#6580 = DIRECTION('',(-1.,-4.785780586188E-16,-3.246467991474E-17));
#6581 = ORIENTED_EDGE('',*,*,#6582,.F.);
#6582 = EDGE_CURVE('',#2354,#6574,#6583,.T.);
#6583 = LINE('',#6584,#6585);
#6584 = CARTESIAN_POINT('',(-2.708586401265,-94.,-6.889290345313));
#6585 = VECTOR('',#6586,1.);
#6586 = DIRECTION('',(4.785780586188E-16,-1.,2.2E-16));
#6587 = ORIENTED_EDGE('',*,*,#2361,.T.);
#6588 = ORIENTED_EDGE('',*,*,#6589,.T.);
#6589 = EDGE_CURVE('',#2362,#6590,#6592,.T.);
#6590 = VERTEX_POINT('',#6591);
#6591 = CARTESIAN_POINT('',(-4.444179230918,-91.15,-4.000779141331));
#6592 = LINE('',#6593,#6594);
#6593 = CARTESIAN_POINT('',(-4.444179230918,-94.,-4.000779141331));
#6594 = VECTOR('',#6595,1.);
#6595 = DIRECTION('',(4.785780586188E-16,-1.,2.2E-16));
#6596 = ORIENTED_EDGE('',*,*,#6597,.T.);
#6597 = EDGE_CURVE('',#6590,#6598,#6600,.T.);
#6598 = VERTEX_POINT('',#6599);
#6599 = CARTESIAN_POINT('',(-4.604324023397,-91.15,-4.002722728777));
#6600 = CIRCLE('',#6601,2.);
#6601 = AXIS2_PLACEMENT_3D('',#6602,#6603,#6604);
#6602 = CARTESIAN_POINT('',(-4.5,-91.15,-6.));
#6603 = DIRECTION('',(4.785780586188E-16,-1.,2.2E-16));
#6604 = DIRECTION('',(-1.,-4.785780586188E-16,-3.246467991474E-17));
#6605 = ORIENTED_EDGE('',*,*,#6606,.F.);
#6606 = EDGE_CURVE('',#2301,#6598,#6607,.T.);
#6607 = LINE('',#6608,#6609);
#6608 = CARTESIAN_POINT('',(-4.604324023397,-94.,-4.002722728777));
#6609 = VECTOR('',#6610,1.);
#6610 = DIRECTION('',(4.785780586188E-16,-1.,2.2E-16));
#6611 = ORIENTED_EDGE('',*,*,#2300,.T.);
#6612 = CYLINDRICAL_SURFACE('',#6613,2.);
#6613 = AXIS2_PLACEMENT_3D('',#6614,#6615,#6616);
#6614 = CARTESIAN_POINT('',(-4.5,-94.,-6.));
#6615 = DIRECTION('',(4.785780586188E-16,-1.,2.2E-16));
#6616 = DIRECTION('',(-1.,-4.785780586188E-16,-3.246467991474E-17));
#6617 = ADVANCED_FACE('',(#6618),#6636,.T.);
#6618 = FACE_BOUND('',#6619,.T.);
#6619 = EDGE_LOOP('',(#6620,#6628,#6629,#6630));
#6620 = ORIENTED_EDGE('',*,*,#6621,.F.);
#6621 = EDGE_CURVE('',#6598,#6622,#6624,.T.);
#6622 = VERTEX_POINT('',#6623);
#6623 = CARTESIAN_POINT('',(-4.526918049615,-91.15,-3.863078638812));
#6624 = LINE('',#6625,#6626);
#6625 = CARTESIAN_POINT('',(-6.374290647824,-91.15,-7.195827426732));
#6626 = VECTOR('',#6627,1.);
#6627 = DIRECTION('',(0.48480957585,-4.678592601733E-16,0.874619731749)
  );
#6628 = ORIENTED_EDGE('',*,*,#6606,.F.);
#6629 = ORIENTED_EDGE('',*,*,#2378,.F.);
#6630 = ORIENTED_EDGE('',*,*,#6631,.F.);
#6631 = EDGE_CURVE('',#6622,#2371,#6632,.T.);
#6632 = LINE('',#6633,#6634);
#6633 = CARTESIAN_POINT('',(-4.526918049615,-91.15,-3.863078638812));
#6634 = VECTOR('',#6635,1.);
#6635 = DIRECTION('',(2.948876798795E-16,1.,3.714698827088E-16));
#6636 = PLANE('',#6637);
#6637 = AXIS2_PLACEMENT_3D('',#6638,#6639,#6640);
#6638 = CARTESIAN_POINT('',(-6.374290647824,-91.15,-7.195827426732));
#6639 = DIRECTION('',(0.874619731749,-7.782242719513E-17,-0.48480957585)
  );
#6640 = DIRECTION('',(0.48480957585,-4.678592601733E-16,0.874619731749)
  );
#6641 = ADVANCED_FACE('',(#6642),#6653,.T.);
#6642 = FACE_BOUND('',#6643,.T.);
#6643 = EDGE_LOOP('',(#6644,#6650,#6651,#6652));
#6644 = ORIENTED_EDGE('',*,*,#6645,.F.);
#6645 = EDGE_CURVE('',#6622,#6590,#6646,.T.);
#6646 = LINE('',#6647,#6648);
#6647 = CARTESIAN_POINT('',(-4.526918049615,-91.15,-3.863078638812));
#6648 = VECTOR('',#6649,1.);
#6649 = DIRECTION('',(0.515038118421,1.665334311514E-16,-0.857167274558)
  );
#6650 = ORIENTED_EDGE('',*,*,#6631,.T.);
#6651 = ORIENTED_EDGE('',*,*,#2370,.F.);
#6652 = ORIENTED_EDGE('',*,*,#6589,.T.);
#6653 = PLANE('',#6654);
#6654 = AXIS2_PLACEMENT_3D('',#6655,#6656,#6657);
#6655 = CARTESIAN_POINT('',(-4.526918049615,-91.15,-3.863078638812));
#6656 = DIRECTION('',(-0.857167274558,4.440892183035E-16,-0.515038118421
    ));
#6657 = DIRECTION('',(0.515038118421,1.665334311514E-16,-0.857167274558)
  );
#6658 = ADVANCED_FACE('',(#6659),#6677,.T.);
#6659 = FACE_BOUND('',#6660,.T.);
#6660 = EDGE_LOOP('',(#6661,#6669,#6670,#6671));
#6661 = ORIENTED_EDGE('',*,*,#6662,.F.);
#6662 = EDGE_CURVE('',#6574,#6663,#6665,.T.);
#6663 = VERTEX_POINT('',#6664);
#6664 = CARTESIAN_POINT('',(-2.564359233948,-91.15,-7.129324633076));
#6665 = LINE('',#6666,#6667);
#6666 = CARTESIAN_POINT('',(-4.526918049615,-91.15,-3.863078638812));
#6667 = VECTOR('',#6668,1.);
#6668 = DIRECTION('',(0.515038118421,1.665334311514E-16,-0.857167274558)
  );
#6669 = ORIENTED_EDGE('',*,*,#6582,.F.);
#6670 = ORIENTED_EDGE('',*,*,#2353,.F.);
#6671 = ORIENTED_EDGE('',*,*,#6672,.F.);
#6672 = EDGE_CURVE('',#6663,#2346,#6673,.T.);
#6673 = LINE('',#6674,#6675);
#6674 = CARTESIAN_POINT('',(-2.564359233948,-91.15,-7.129324633076));
#6675 = VECTOR('',#6676,1.);
#6676 = DIRECTION('',(2.948876798795E-16,1.,3.714698827088E-16));
#6677 = PLANE('',#6678);
#6678 = AXIS2_PLACEMENT_3D('',#6679,#6680,#6681);
#6679 = CARTESIAN_POINT('',(-4.526918049615,-91.15,-3.863078638812));
#6680 = DIRECTION('',(-0.857167274558,4.440892183035E-16,-0.515038118421
    ));
#6681 = DIRECTION('',(0.515038118421,1.665334311514E-16,-0.857167274558)
  );
#6682 = ADVANCED_FACE('',(#6683),#6694,.T.);
#6683 = FACE_BOUND('',#6684,.T.);
#6684 = EDGE_LOOP('',(#6685,#6691,#6692,#6693));
#6685 = ORIENTED_EDGE('',*,*,#6686,.F.);
#6686 = EDGE_CURVE('',#6663,#6566,#6687,.T.);
#6687 = LINE('',#6688,#6689);
#6688 = CARTESIAN_POINT('',(-2.564359233948,-91.15,-7.129324633076));
#6689 = VECTOR('',#6690,1.);
#6690 = DIRECTION('',(-0.99984769427,3.013258290218E-16,
    -1.745245719031E-02));
#6691 = ORIENTED_EDGE('',*,*,#6672,.T.);
#6692 = ORIENTED_EDGE('',*,*,#2345,.F.);
#6693 = ORIENTED_EDGE('',*,*,#6565,.T.);
#6694 = PLANE('',#6695);
#6695 = AXIS2_PLACEMENT_3D('',#6696,#6697,#6698);
#6696 = CARTESIAN_POINT('',(-2.564359233948,-91.15,-7.129324633076));
#6697 = DIRECTION('',(-1.745245719031E-02,-3.662667911083E-16,
    0.99984769427));
#6698 = DIRECTION('',(-0.99984769427,3.013258290218E-16,
    -1.745245719031E-02));
#6699 = ADVANCED_FACE('',(#6700),#6718,.T.);
#6700 = FACE_BOUND('',#6701,.T.);
#6701 = EDGE_LOOP('',(#6702,#6710,#6711,#6712));
#6702 = ORIENTED_EDGE('',*,*,#6703,.F.);
#6703 = EDGE_CURVE('',#6550,#6704,#6706,.T.);
#6704 = VERTEX_POINT('',#6705);
#6705 = CARTESIAN_POINT('',(-6.374290647824,-91.15,-7.195827426732));
#6706 = LINE('',#6707,#6708);
#6707 = CARTESIAN_POINT('',(-2.564359233948,-91.15,-7.129324633076));
#6708 = VECTOR('',#6709,1.);
#6709 = DIRECTION('',(-0.99984769427,3.013258290218E-16,
    -1.745245719031E-02));
#6710 = ORIENTED_EDGE('',*,*,#6558,.F.);
#6711 = ORIENTED_EDGE('',*,*,#2328,.F.);
#6712 = ORIENTED_EDGE('',*,*,#6713,.F.);
#6713 = EDGE_CURVE('',#6704,#2321,#6714,.T.);
#6714 = LINE('',#6715,#6716);
#6715 = CARTESIAN_POINT('',(-6.374290647824,-91.15,-7.195827426732));
#6716 = VECTOR('',#6717,1.);
#6717 = DIRECTION('',(2.948876798795E-16,1.,3.714698827088E-16));
#6718 = PLANE('',#6719);
#6719 = AXIS2_PLACEMENT_3D('',#6720,#6721,#6722);
#6720 = CARTESIAN_POINT('',(-2.564359233948,-91.15,-7.129324633076));
#6721 = DIRECTION('',(-1.745245719031E-02,-3.662667911083E-16,
    0.99984769427));
#6722 = DIRECTION('',(-0.99984769427,3.013258290218E-16,
    -1.745245719031E-02));
#6723 = ADVANCED_FACE('',(#6724),#6735,.T.);
#6724 = FACE_BOUND('',#6725,.T.);
#6725 = EDGE_LOOP('',(#6726,#6732,#6733,#6734));
#6726 = ORIENTED_EDGE('',*,*,#6727,.F.);
#6727 = EDGE_CURVE('',#6704,#6542,#6728,.T.);
#6728 = LINE('',#6729,#6730);
#6729 = CARTESIAN_POINT('',(-6.374290647824,-91.15,-7.195827426732));
#6730 = VECTOR('',#6731,1.);
#6731 = DIRECTION('',(0.48480957585,-4.678592601733E-16,0.874619731749)
  );
#6732 = ORIENTED_EDGE('',*,*,#6713,.T.);
#6733 = ORIENTED_EDGE('',*,*,#2320,.F.);
#6734 = ORIENTED_EDGE('',*,*,#6541,.T.);
#6735 = PLANE('',#6736);
#6736 = AXIS2_PLACEMENT_3D('',#6737,#6738,#6739);
#6737 = CARTESIAN_POINT('',(-6.374290647824,-91.15,-7.195827426732));
#6738 = DIRECTION('',(0.874619731749,-7.782242719513E-17,-0.48480957585)
  );
#6739 = DIRECTION('',(0.48480957585,-4.678592601733E-16,0.874619731749)
  );
#6740 = ADVANCED_FACE('',(#6741),#6752,.T.);
#6741 = FACE_BOUND('',#6742,.T.);
#6742 = EDGE_LOOP('',(#6743,#6744,#6745,#6746));
#6743 = ORIENTED_EDGE('',*,*,#4405,.T.);
#6744 = ORIENTED_EDGE('',*,*,#6305,.T.);
#6745 = ORIENTED_EDGE('',*,*,#2400,.F.);
#6746 = ORIENTED_EDGE('',*,*,#6747,.T.);
#6747 = EDGE_CURVE('',#2393,#4406,#6748,.T.);
#6748 = LINE('',#6749,#6750);
#6749 = CARTESIAN_POINT('',(-96.,-70.5,-27.));
#6750 = VECTOR('',#6751,1.);
#6751 = DIRECTION('',(-1.224646799147E-16,-1.763056796328E-32,1.));
#6752 = PLANE('',#6753);
#6753 = AXIS2_PLACEMENT_3D('',#6754,#6755,#6756);
#6754 = CARTESIAN_POINT('',(-96.,-68.5,-30.));
#6755 = DIRECTION('',(1.,3.885780586188E-16,1.224646799147E-16));
#6756 = DIRECTION('',(3.885780586188E-16,-1.,2.995651960736E-32));
#6757 = ADVANCED_FACE('',(#6758),#6774,.T.);
#6758 = FACE_BOUND('',#6759,.F.);
#6759 = EDGE_LOOP('',(#6760,#6761,#6767,#6773));
#6760 = ORIENTED_EDGE('',*,*,#6747,.T.);
#6761 = ORIENTED_EDGE('',*,*,#6762,.F.);
#6762 = EDGE_CURVE('',#4454,#4406,#6763,.T.);
#6763 = LINE('',#6764,#6765);
#6764 = CARTESIAN_POINT('',(-97.5,-69.,-2.));
#6765 = VECTOR('',#6766,1.);
#6766 = DIRECTION('',(0.707106781187,-0.707106781187,6.14659560562E-15)
  );
#6767 = ORIENTED_EDGE('',*,*,#6768,.F.);
#6768 = EDGE_CURVE('',#2424,#4454,#6769,.T.);
#6769 = LINE('',#6770,#6771);
#6770 = CARTESIAN_POINT('',(-98.,-68.5,-27.));
#6771 = VECTOR('',#6772,1.);
#6772 = DIRECTION('',(-1.224646799147E-16,-1.763056796328E-32,1.));
#6773 = ORIENTED_EDGE('',*,*,#2433,.T.);
#6774 = PLANE('',#6775);
#6775 = AXIS2_PLACEMENT_3D('',#6776,#6777,#6778);
#6776 = CARTESIAN_POINT('',(-97.,-69.5,-27.));
#6777 = DIRECTION('',(0.707106781187,0.707106781187,8.659560562355E-17)
  );
#6778 = DIRECTION('',(1.224646799147E-16,1.763056796328E-32,-1.));
#6779 = ADVANCED_FACE('',(#6780),#6790,.T.);
#6780 = FACE_BOUND('',#6781,.T.);
#6781 = EDGE_LOOP('',(#6782,#6783,#6784));
#6782 = ORIENTED_EDGE('',*,*,#2447,.F.);
#6783 = ORIENTED_EDGE('',*,*,#2481,.T.);
#6784 = ORIENTED_EDGE('',*,*,#6785,.F.);
#6785 = EDGE_CURVE('',#2448,#2474,#6786,.T.);
#6786 = LINE('',#6787,#6788);
#6787 = CARTESIAN_POINT('',(-110.,-67.5,-25.));
#6788 = VECTOR('',#6789,1.);
#6789 = DIRECTION('',(-0.707106781187,0.707106781187,5.583404394373E-15)
  );
#6790 = PLANE('',#6791);
#6791 = AXIS2_PLACEMENT_3D('',#6792,#6793,#6794);
#6792 = CARTESIAN_POINT('',(-109.,-66.5,-27.));
#6793 = DIRECTION('',(0.57735026919,0.57735026919,0.57735026919));
#6794 = DIRECTION('',(-0.707106781187,0.707106781187,3.355095770714E-15)
  );
#6795 = ADVANCED_FACE('',(#6796),#6807,.T.);
#6796 = FACE_BOUND('',#6797,.T.);
#6797 = EDGE_LOOP('',(#6798,#6799,#6800,#6806));
#6798 = ORIENTED_EDGE('',*,*,#6768,.F.);
#6799 = ORIENTED_EDGE('',*,*,#2455,.F.);
#6800 = ORIENTED_EDGE('',*,*,#6801,.F.);
#6801 = EDGE_CURVE('',#4430,#2448,#6802,.T.);
#6802 = LINE('',#6803,#6804);
#6803 = CARTESIAN_POINT('',(-109.,-68.5,-1.334865011071E-14));
#6804 = VECTOR('',#6805,1.);
#6805 = DIRECTION('',(1.224646799147E-16,1.763056796328E-32,-1.));
#6806 = ORIENTED_EDGE('',*,*,#4461,.T.);
#6807 = PLANE('',#6808);
#6808 = AXIS2_PLACEMENT_3D('',#6809,#6810,#6811);
#6809 = CARTESIAN_POINT('',(-105.,-68.5,-15.));
#6810 = DIRECTION('',(-3.885780586188E-16,1.,-2.995651960736E-32));
#6811 = DIRECTION('',(-1.224646799147E-16,-1.763056796328E-32,1.));
#6812 = ADVANCED_FACE('',(#6813),#6829,.F.);
#6813 = FACE_BOUND('',#6814,.F.);
#6814 = EDGE_LOOP('',(#6815,#6821,#6822,#6828));
#6815 = ORIENTED_EDGE('',*,*,#6816,.F.);
#6816 = EDGE_CURVE('',#4382,#2474,#6817,.T.);
#6817 = LINE('',#6818,#6819);
#6818 = CARTESIAN_POINT('',(-111.,-66.5,-1.359357947054E-14));
#6819 = VECTOR('',#6820,1.);
#6820 = DIRECTION('',(1.224646799147E-16,1.763056796328E-32,-1.));
#6821 = ORIENTED_EDGE('',*,*,#4389,.F.);
#6822 = ORIENTED_EDGE('',*,*,#6823,.F.);
#6823 = EDGE_CURVE('',#2472,#4332,#6824,.T.);
#6824 = LINE('',#6825,#6826);
#6825 = CARTESIAN_POINT('',(-111.,66.5,-27.));
#6826 = VECTOR('',#6827,1.);
#6827 = DIRECTION('',(-1.224646799147E-16,-1.763056796328E-32,1.));
#6828 = ORIENTED_EDGE('',*,*,#2471,.T.);
#6829 = PLANE('',#6830);
#6830 = AXIS2_PLACEMENT_3D('',#6831,#6832,#6833);
#6831 = CARTESIAN_POINT('',(-111.,91.,-27.));
#6832 = DIRECTION('',(-1.,-3.885780586188E-16,-1.224646799147E-16));
#6833 = DIRECTION('',(-1.224646799147E-16,2.2E-16,1.));
#6834 = ADVANCED_FACE('',(#6835),#6845,.T.);
#6835 = FACE_BOUND('',#6836,.T.);
#6836 = EDGE_LOOP('',(#6837,#6838,#6844));
#6837 = ORIENTED_EDGE('',*,*,#2518,.F.);
#6838 = ORIENTED_EDGE('',*,*,#6839,.T.);
#6839 = EDGE_CURVE('',#2511,#2472,#6840,.T.);
#6840 = LINE('',#6841,#6842);
#6841 = CARTESIAN_POINT('',(-109.5,68.,-25.));
#6842 = VECTOR('',#6843,1.);
#6843 = DIRECTION('',(-0.707106781187,-0.707106781187,1.453404394375E-15
    ));
#6844 = ORIENTED_EDGE('',*,*,#2488,.F.);
#6845 = PLANE('',#6846);
#6846 = AXIS2_PLACEMENT_3D('',#6847,#6848,#6849);
#6847 = CARTESIAN_POINT('',(-109.,68.5,-25.));
#6848 = DIRECTION('',(0.57735026919,-0.57735026919,0.57735026919));
#6849 = DIRECTION('',(-0.707106781187,-2.747661802697E-16,0.707106781187
    ));
#6850 = ADVANCED_FACE('',(#6851),#6867,.T.);
#6851 = FACE_BOUND('',#6852,.T.);
#6852 = EDGE_LOOP('',(#6853,#6859,#6860,#6866));
#6853 = ORIENTED_EDGE('',*,*,#6854,.T.);
#6854 = EDGE_CURVE('',#2503,#4284,#6855,.T.);
#6855 = LINE('',#6856,#6857);
#6856 = CARTESIAN_POINT('',(-98.,68.5,-27.));
#6857 = VECTOR('',#6858,1.);
#6858 = DIRECTION('',(-1.224646799147E-16,-1.763056796328E-32,1.));
#6859 = ORIENTED_EDGE('',*,*,#4300,.T.);
#6860 = ORIENTED_EDGE('',*,*,#6861,.F.);
#6861 = EDGE_CURVE('',#2511,#4293,#6862,.T.);
#6862 = LINE('',#6863,#6864);
#6863 = CARTESIAN_POINT('',(-109.,68.5,-27.));
#6864 = VECTOR('',#6865,1.);
#6865 = DIRECTION('',(-1.224646799147E-16,-1.763056796328E-32,1.));
#6866 = ORIENTED_EDGE('',*,*,#2510,.F.);
#6867 = PLANE('',#6868);
#6868 = AXIS2_PLACEMENT_3D('',#6869,#6870,#6871);
#6869 = CARTESIAN_POINT('',(-96.,68.5,-30.));
#6870 = DIRECTION('',(3.885780586188E-16,-1.,2.995651960736E-32));
#6871 = DIRECTION('',(-1.,-3.885780586188E-16,-1.224646799147E-16));
#6872 = ADVANCED_FACE('',(#6873),#6889,.T.);
#6873 = FACE_BOUND('',#6874,.T.);
#6874 = EDGE_LOOP('',(#6875,#6881,#6887,#6888));
#6875 = ORIENTED_EDGE('',*,*,#6876,.T.);
#6876 = EDGE_CURVE('',#2536,#4262,#6877,.T.);
#6877 = LINE('',#6878,#6879);
#6878 = CARTESIAN_POINT('',(-96.,70.5,-27.));
#6879 = VECTOR('',#6880,1.);
#6880 = DIRECTION('',(-1.224646799147E-16,-1.763056796328E-32,1.));
#6881 = ORIENTED_EDGE('',*,*,#6882,.F.);
#6882 = EDGE_CURVE('',#4284,#4262,#6883,.T.);
#6883 = LINE('',#6884,#6885);
#6884 = CARTESIAN_POINT('',(-97.5,69.,-2.));
#6885 = VECTOR('',#6886,1.);
#6886 = DIRECTION('',(0.707106781187,0.707106781187,8.659560562355E-17)
  );
#6887 = ORIENTED_EDGE('',*,*,#6854,.F.);
#6888 = ORIENTED_EDGE('',*,*,#2543,.T.);
#6889 = PLANE('',#6890);
#6890 = AXIS2_PLACEMENT_3D('',#6891,#6892,#6893);
#6891 = CARTESIAN_POINT('',(-97.,69.5,-27.));
#6892 = DIRECTION('',(0.707106781187,-0.707106781187,8.659560562355E-17)
  );
#6893 = DIRECTION('',(-1.224646799147E-16,-1.763056796328E-32,1.));
#6894 = ADVANCED_FACE('',(#6895),#6901,.T.);
#6895 = FACE_BOUND('',#6896,.T.);
#6896 = EDGE_LOOP('',(#6897,#6898,#6899,#6900));
#6897 = ORIENTED_EDGE('',*,*,#4269,.T.);
#6898 = ORIENTED_EDGE('',*,*,#6876,.F.);
#6899 = ORIENTED_EDGE('',*,*,#2565,.F.);
#6900 = ORIENTED_EDGE('',*,*,#2641,.T.);
#6901 = PLANE('',#6902);
#6902 = AXIS2_PLACEMENT_3D('',#6903,#6904,#6905);
#6903 = CARTESIAN_POINT('',(-96.,81.25,-15.));
#6904 = DIRECTION('',(1.,3.885780586188E-16,1.224646799147E-16));
#6905 = DIRECTION('',(1.224646799147E-16,1.763056796328E-32,-1.));
#6906 = ADVANCED_FACE('',(#6907),#6926,.T.);
#6907 = FACE_BOUND('',#6908,.T.);
#6908 = EDGE_LOOP('',(#6909,#6910,#6918,#6925));
#6909 = ORIENTED_EDGE('',*,*,#2591,.T.);
#6910 = ORIENTED_EDGE('',*,*,#6911,.F.);
#6911 = EDGE_CURVE('',#6912,#2582,#6914,.T.);
#6912 = VERTEX_POINT('',#6913);
#6913 = CARTESIAN_POINT('',(-83.0521,-52.5109,-20.29049809265));
#6914 = LINE('',#6915,#6916);
#6915 = CARTESIAN_POINT('',(-83.0521,-52.5109,-20.29049809265));
#6916 = VECTOR('',#6917,1.);
#6917 = DIRECTION('',(1.224646799147E-16,1.763056796328E-32,-1.));
#6918 = ORIENTED_EDGE('',*,*,#6919,.T.);
#6919 = EDGE_CURVE('',#6912,#6912,#6920,.T.);
#6920 = CIRCLE('',#6921,3.5);
#6921 = AXIS2_PLACEMENT_3D('',#6922,#6923,#6924);
#6922 = CARTESIAN_POINT('',(-86.5521,-52.5109,-20.29049809265));
#6923 = DIRECTION('',(1.224646799147E-16,1.763056796328E-32,-1.));
#6924 = DIRECTION('',(1.,3.885780586188E-16,1.224646799147E-16));
#6925 = ORIENTED_EDGE('',*,*,#6911,.T.);
#6926 = CYLINDRICAL_SURFACE('',#6927,3.5);
#6927 = AXIS2_PLACEMENT_3D('',#6928,#6929,#6930);
#6928 = CARTESIAN_POINT('',(-86.5521,-52.5109,-20.29049809265));
#6929 = DIRECTION('',(-1.224646799147E-16,-1.763056796328E-32,1.));
#6930 = DIRECTION('',(1.,3.885780586188E-16,1.224646799147E-16));
#6931 = ADVANCED_FACE('',(#6932),#6951,.T.);
#6932 = FACE_BOUND('',#6933,.T.);
#6933 = EDGE_LOOP('',(#6934,#6935,#6943,#6950));
#6934 = ORIENTED_EDGE('',*,*,#2616,.T.);
#6935 = ORIENTED_EDGE('',*,*,#6936,.F.);
#6936 = EDGE_CURVE('',#6937,#2607,#6939,.T.);
#6937 = VERTEX_POINT('',#6938);
#6938 = CARTESIAN_POINT('',(-82.5483,62.5621,-20.29049809265));
#6939 = LINE('',#6940,#6941);
#6940 = CARTESIAN_POINT('',(-82.5483,62.5621,-20.29049809265));
#6941 = VECTOR('',#6942,1.);
#6942 = DIRECTION('',(1.224646799147E-16,1.763056796328E-32,-1.));
#6943 = ORIENTED_EDGE('',*,*,#6944,.T.);
#6944 = EDGE_CURVE('',#6937,#6937,#6945,.T.);
#6945 = CIRCLE('',#6946,4.);
#6946 = AXIS2_PLACEMENT_3D('',#6947,#6948,#6949);
#6947 = CARTESIAN_POINT('',(-86.5483,62.5621,-20.29049809265));
#6948 = DIRECTION('',(1.224646799147E-16,1.763056796328E-32,-1.));
#6949 = DIRECTION('',(1.,3.885780586188E-16,1.224646799147E-16));
#6950 = ORIENTED_EDGE('',*,*,#6936,.T.);
#6951 = CYLINDRICAL_SURFACE('',#6952,4.);
#6952 = AXIS2_PLACEMENT_3D('',#6953,#6954,#6955);
#6953 = CARTESIAN_POINT('',(-86.5483,62.5621,-20.29049809265));
#6954 = DIRECTION('',(-1.224646799147E-16,-1.763056796328E-32,1.));
#6955 = DIRECTION('',(1.,3.885780586188E-16,1.224646799147E-16));
#6956 = ADVANCED_FACE('',(#6957),#6973,.F.);
#6957 = FACE_BOUND('',#6958,.F.);
#6958 = EDGE_LOOP('',(#6959,#6960,#6966,#6967));
#6959 = ORIENTED_EDGE('',*,*,#5068,.F.);
#6960 = ORIENTED_EDGE('',*,*,#6961,.T.);
#6961 = EDGE_CURVE('',#5052,#2664,#6962,.T.);
#6962 = LINE('',#6963,#6964);
#6963 = CARTESIAN_POINT('',(-80.5,94.,-22.));
#6964 = VECTOR('',#6965,1.);
#6965 = DIRECTION('',(3.885780586188E-16,-1.,2.995651960736E-32));
#6966 = ORIENTED_EDGE('',*,*,#2663,.F.);
#6967 = ORIENTED_EDGE('',*,*,#6968,.F.);
#6968 = EDGE_CURVE('',#5061,#2656,#6969,.T.);
#6969 = LINE('',#6970,#6971);
#6970 = CARTESIAN_POINT('',(-81.5,94.,-22.));
#6971 = VECTOR('',#6972,1.);
#6972 = DIRECTION('',(3.885780586188E-16,-1.,2.995651960736E-32));
#6973 = PLANE('',#6974);
#6974 = AXIS2_PLACEMENT_3D('',#6975,#6976,#6977);
#6975 = CARTESIAN_POINT('',(-79.5,94.,-22.));
#6976 = DIRECTION('',(1.224646799147E-16,1.763056796328E-32,-1.));
#6977 = DIRECTION('',(-1.,-3.885780586188E-16,-1.224646799147E-16));
#6978 = ADVANCED_FACE('',(#6979),#6990,.F.);
#6979 = FACE_BOUND('',#6980,.F.);
#6980 = EDGE_LOOP('',(#6981,#6982,#6983,#6989));
#6981 = ORIENTED_EDGE('',*,*,#6968,.T.);
#6982 = ORIENTED_EDGE('',*,*,#2696,.T.);
#6983 = ORIENTED_EDGE('',*,*,#6984,.F.);
#6984 = EDGE_CURVE('',#5203,#2689,#6985,.T.);
#6985 = LINE('',#6986,#6987);
#6986 = CARTESIAN_POINT('',(-82.5,94.,-21.));
#6987 = VECTOR('',#6988,1.);
#6988 = DIRECTION('',(3.885780586188E-16,-1.,2.995651960736E-32));
#6989 = ORIENTED_EDGE('',*,*,#5229,.T.);
#6990 = PLANE('',#6991);
#6991 = AXIS2_PLACEMENT_3D('',#6992,#6993,#6994);
#6992 = CARTESIAN_POINT('',(-82.,94.,-21.5));
#6993 = DIRECTION('',(-0.707106781187,-2.747661802697E-16,
    -0.707106781187));
#6994 = DIRECTION('',(3.885780586188E-16,-1.,2.995651960736E-32));
#6995 = ADVANCED_FACE('',(#6996),#7007,.F.);
#6996 = FACE_BOUND('',#6997,.F.);
#6997 = EDGE_LOOP('',(#6998,#7004,#7005,#7006));
#6998 = ORIENTED_EDGE('',*,*,#6999,.T.);
#6999 = EDGE_CURVE('',#5083,#2711,#7000,.T.);
#7000 = LINE('',#7001,#7002);
#7001 = CARTESIAN_POINT('',(-79.5,94.,-21.));
#7002 = VECTOR('',#7003,1.);
#7003 = DIRECTION('',(3.885780586188E-16,-1.,2.995651960736E-32));
#7004 = ORIENTED_EDGE('',*,*,#2720,.T.);
#7005 = ORIENTED_EDGE('',*,*,#6961,.F.);
#7006 = ORIENTED_EDGE('',*,*,#5092,.F.);
#7007 = PLANE('',#7008);
#7008 = AXIS2_PLACEMENT_3D('',#7009,#7010,#7011);
#7009 = CARTESIAN_POINT('',(-80.,94.,-21.5));
#7010 = DIRECTION('',(0.707106781187,2.747661802697E-16,-0.707106781187)
  );
#7011 = DIRECTION('',(3.885780586188E-16,-1.,2.995651960736E-32));
#7012 = ADVANCED_FACE('',(#7013),#7024,.F.);
#7013 = FACE_BOUND('',#7014,.F.);
#7014 = EDGE_LOOP('',(#7015,#7016,#7017,#7023));
#7015 = ORIENTED_EDGE('',*,*,#6984,.T.);
#7016 = ORIENTED_EDGE('',*,*,#2742,.F.);
#7017 = ORIENTED_EDGE('',*,*,#7018,.F.);
#7018 = EDGE_CURVE('',#5181,#2735,#7019,.T.);
#7019 = LINE('',#7020,#7021);
#7020 = CARTESIAN_POINT('',(-82.5,94.,-9.));
#7021 = VECTOR('',#7022,1.);
#7022 = DIRECTION('',(3.885780586188E-16,-1.,2.995651960736E-32));
#7023 = ORIENTED_EDGE('',*,*,#5212,.F.);
#7024 = PLANE('',#7025);
#7025 = AXIS2_PLACEMENT_3D('',#7026,#7027,#7028);
#7026 = CARTESIAN_POINT('',(-82.5,94.,-22.));
#7027 = DIRECTION('',(-1.,-3.885780586188E-16,-1.224646799147E-16));
#7028 = DIRECTION('',(-1.224646799147E-16,-2.2E-16,1.));
#7029 = ADVANCED_FACE('',(#7030),#7041,.F.);
#7030 = FACE_BOUND('',#7031,.F.);
#7031 = EDGE_LOOP('',(#7032,#7033,#7034,#7040));
#7032 = ORIENTED_EDGE('',*,*,#6999,.F.);
#7033 = ORIENTED_EDGE('',*,*,#5116,.F.);
#7034 = ORIENTED_EDGE('',*,*,#7035,.T.);
#7035 = EDGE_CURVE('',#5107,#2760,#7036,.T.);
#7036 = LINE('',#7037,#7038);
#7037 = CARTESIAN_POINT('',(-79.5,94.,-9.));
#7038 = VECTOR('',#7039,1.);
#7039 = DIRECTION('',(3.885780586188E-16,-1.,2.995651960736E-32));
#7040 = ORIENTED_EDGE('',*,*,#2759,.F.);
#7041 = PLANE('',#7042);
#7042 = AXIS2_PLACEMENT_3D('',#7043,#7044,#7045);
#7043 = CARTESIAN_POINT('',(-79.5,94.,-8.));
#7044 = DIRECTION('',(1.,3.885780586188E-16,1.224646799147E-16));
#7045 = DIRECTION('',(1.224646799147E-16,2.2E-16,-1.));
#7046 = ADVANCED_FACE('',(#7047),#7058,.F.);
#7047 = FACE_BOUND('',#7048,.T.);
#7048 = EDGE_LOOP('',(#7049,#7055,#7056,#7057));
#7049 = ORIENTED_EDGE('',*,*,#7050,.T.);
#7050 = EDGE_CURVE('',#5155,#2785,#7051,.T.);
#7051 = LINE('',#7052,#7053);
#7052 = CARTESIAN_POINT('',(-81.5,94.,-8.));
#7053 = VECTOR('',#7054,1.);
#7054 = DIRECTION('',(3.885780586188E-16,-1.,2.995651960736E-32));
#7055 = ORIENTED_EDGE('',*,*,#2792,.F.);
#7056 = ORIENTED_EDGE('',*,*,#7018,.F.);
#7057 = ORIENTED_EDGE('',*,*,#5188,.F.);
#7058 = PLANE('',#7059);
#7059 = AXIS2_PLACEMENT_3D('',#7060,#7061,#7062);
#7060 = CARTESIAN_POINT('',(-82.,94.,-8.5));
#7061 = DIRECTION('',(-0.707106781187,-2.747661802697E-16,0.707106781187
    ));
#7062 = DIRECTION('',(-3.885780586188E-16,1.,-2.995651960736E-32));
#7063 = ADVANCED_FACE('',(#7064),#7075,.F.);
#7064 = FACE_BOUND('',#7065,.F.);
#7065 = EDGE_LOOP('',(#7066,#7072,#7073,#7074));
#7066 = ORIENTED_EDGE('',*,*,#7067,.T.);
#7067 = EDGE_CURVE('',#5131,#2807,#7068,.T.);
#7068 = LINE('',#7069,#7070);
#7069 = CARTESIAN_POINT('',(-80.5,94.,-8.));
#7070 = VECTOR('',#7071,1.);
#7071 = DIRECTION('',(3.885780586188E-16,-1.,2.995651960736E-32));
#7072 = ORIENTED_EDGE('',*,*,#2816,.T.);
#7073 = ORIENTED_EDGE('',*,*,#7035,.F.);
#7074 = ORIENTED_EDGE('',*,*,#5140,.F.);
#7075 = PLANE('',#7076);
#7076 = AXIS2_PLACEMENT_3D('',#7077,#7078,#7079);
#7077 = CARTESIAN_POINT('',(-80.,94.,-8.5));
#7078 = DIRECTION('',(0.707106781187,2.747661802697E-16,0.707106781187)
  );
#7079 = DIRECTION('',(3.885780586188E-16,-1.,2.995651960736E-32));
#7080 = ADVANCED_FACE('',(#7081),#7087,.F.);
#7081 = FACE_BOUND('',#7082,.F.);
#7082 = EDGE_LOOP('',(#7083,#7084,#7085,#7086));
#7083 = ORIENTED_EDGE('',*,*,#7067,.F.);
#7084 = ORIENTED_EDGE('',*,*,#5164,.F.);
#7085 = ORIENTED_EDGE('',*,*,#7050,.T.);
#7086 = ORIENTED_EDGE('',*,*,#2831,.F.);
#7087 = PLANE('',#7088);
#7088 = AXIS2_PLACEMENT_3D('',#7089,#7090,#7091);
#7089 = CARTESIAN_POINT('',(-82.5,94.,-8.));
#7090 = DIRECTION('',(-1.224646799147E-16,-1.763056796328E-32,1.));
#7091 = DIRECTION('',(1.,3.885780586188E-16,1.224646799147E-16));
#7092 = ADVANCED_FACE('',(#7093),#7109,.F.);
#7093 = FACE_BOUND('',#7094,.F.);
#7094 = EDGE_LOOP('',(#7095,#7101,#7102,#7108));
#7095 = ORIENTED_EDGE('',*,*,#7096,.T.);
#7096 = EDGE_CURVE('',#5395,#2848,#7097,.T.);
#7097 = LINE('',#7098,#7099);
#7098 = CARTESIAN_POINT('',(-73.,94.,-8.));
#7099 = VECTOR('',#7100,1.);
#7100 = DIRECTION('',(3.885780586188E-16,-1.,2.995651960736E-32));
#7101 = ORIENTED_EDGE('',*,*,#2855,.T.);
#7102 = ORIENTED_EDGE('',*,*,#7103,.F.);
#7103 = EDGE_CURVE('',#5371,#2856,#7104,.T.);
#7104 = LINE('',#7105,#7106);
#7105 = CARTESIAN_POINT('',(-72.,94.,-9.));
#7106 = VECTOR('',#7107,1.);
#7107 = DIRECTION('',(3.885780586188E-16,-1.,2.995651960736E-32));
#7108 = ORIENTED_EDGE('',*,*,#5404,.F.);
#7109 = PLANE('',#7110);
#7110 = AXIS2_PLACEMENT_3D('',#7111,#7112,#7113);
#7111 = CARTESIAN_POINT('',(-72.5,94.,-8.5));
#7112 = DIRECTION('',(0.707106781187,2.747661802697E-16,0.707106781187)
  );
#7113 = DIRECTION('',(3.885780586188E-16,-1.,2.995651960736E-32));
#7114 = ADVANCED_FACE('',(#7115),#7126,.F.);
#7115 = FACE_BOUND('',#7116,.F.);
#7116 = EDGE_LOOP('',(#7117,#7118,#7124,#7125));
#7117 = ORIENTED_EDGE('',*,*,#5421,.F.);
#7118 = ORIENTED_EDGE('',*,*,#7119,.T.);
#7119 = EDGE_CURVE('',#5244,#2880,#7120,.T.);
#7120 = LINE('',#7121,#7122);
#7121 = CARTESIAN_POINT('',(-74.,94.,-8.));
#7122 = VECTOR('',#7123,1.);
#7123 = DIRECTION('',(3.885780586188E-16,-1.,2.995651960736E-32));
#7124 = ORIENTED_EDGE('',*,*,#2879,.F.);
#7125 = ORIENTED_EDGE('',*,*,#7096,.F.);
#7126 = PLANE('',#7127);
#7127 = AXIS2_PLACEMENT_3D('',#7128,#7129,#7130);
#7128 = CARTESIAN_POINT('',(-75.,94.,-8.));
#7129 = DIRECTION('',(-1.224646799147E-16,-1.763056796328E-32,1.));
#7130 = DIRECTION('',(1.,3.885780586188E-16,1.224646799147E-16));
#7131 = ADVANCED_FACE('',(#7132),#7143,.F.);
#7132 = FACE_BOUND('',#7133,.F.);
#7133 = EDGE_LOOP('',(#7134,#7135,#7136,#7137));
#7134 = ORIENTED_EDGE('',*,*,#5380,.F.);
#7135 = ORIENTED_EDGE('',*,*,#7103,.T.);
#7136 = ORIENTED_EDGE('',*,*,#2910,.F.);
#7137 = ORIENTED_EDGE('',*,*,#7138,.F.);
#7138 = EDGE_CURVE('',#5347,#2903,#7139,.T.);
#7139 = LINE('',#7140,#7141);
#7140 = CARTESIAN_POINT('',(-72.,94.,-21.));
#7141 = VECTOR('',#7142,1.);
#7142 = DIRECTION('',(3.885780586188E-16,-1.,2.995651960736E-32));
#7143 = PLANE('',#7144);
#7144 = AXIS2_PLACEMENT_3D('',#7145,#7146,#7147);
#7145 = CARTESIAN_POINT('',(-72.,94.,-8.));
#7146 = DIRECTION('',(1.,3.885780586188E-16,1.224646799147E-16));
#7147 = DIRECTION('',(1.224646799147E-16,2.2E-16,-1.));
#7148 = ADVANCED_FACE('',(#7149),#7160,.F.);
#7149 = FACE_BOUND('',#7150,.T.);
#7150 = EDGE_LOOP('',(#7151,#7152,#7153,#7159));
#7151 = ORIENTED_EDGE('',*,*,#7119,.T.);
#7152 = ORIENTED_EDGE('',*,*,#2936,.F.);
#7153 = ORIENTED_EDGE('',*,*,#7154,.F.);
#7154 = EDGE_CURVE('',#5252,#2929,#7155,.T.);
#7155 = LINE('',#7156,#7157);
#7156 = CARTESIAN_POINT('',(-75.,94.,-9.));
#7157 = VECTOR('',#7158,1.);
#7158 = DIRECTION('',(3.885780586188E-16,-1.,2.995651960736E-32));
#7159 = ORIENTED_EDGE('',*,*,#5251,.F.);
#7160 = PLANE('',#7161);
#7161 = AXIS2_PLACEMENT_3D('',#7162,#7163,#7164);
#7162 = CARTESIAN_POINT('',(-74.5,94.,-8.5));
#7163 = DIRECTION('',(-0.707106781187,-2.747661802697E-16,0.707106781187
    ));
#7164 = DIRECTION('',(-3.885780586188E-16,1.,-2.995651960736E-32));
#7165 = ADVANCED_FACE('',(#7166),#7177,.F.);
#7166 = FACE_BOUND('',#7167,.F.);
#7167 = EDGE_LOOP('',(#7168,#7169,#7170,#7176));
#7168 = ORIENTED_EDGE('',*,*,#7138,.T.);
#7169 = ORIENTED_EDGE('',*,*,#2960,.T.);
#7170 = ORIENTED_EDGE('',*,*,#7171,.F.);
#7171 = EDGE_CURVE('',#5323,#2951,#7172,.T.);
#7172 = LINE('',#7173,#7174);
#7173 = CARTESIAN_POINT('',(-73.,94.,-22.));
#7174 = VECTOR('',#7175,1.);
#7175 = DIRECTION('',(3.885780586188E-16,-1.,2.995651960736E-32));
#7176 = ORIENTED_EDGE('',*,*,#5356,.F.);
#7177 = PLANE('',#7178);
#7178 = AXIS2_PLACEMENT_3D('',#7179,#7180,#7181);
#7179 = CARTESIAN_POINT('',(-72.5,94.,-21.5));
#7180 = DIRECTION('',(0.707106781187,2.747661802697E-16,-0.707106781187)
  );
#7181 = DIRECTION('',(3.885780586188E-16,-1.,2.995651960736E-32));
#7182 = ADVANCED_FACE('',(#7183),#7194,.F.);
#7183 = FACE_BOUND('',#7184,.F.);
#7184 = EDGE_LOOP('',(#7185,#7186,#7192,#7193));
#7185 = ORIENTED_EDGE('',*,*,#5284,.F.);
#7186 = ORIENTED_EDGE('',*,*,#7187,.T.);
#7187 = EDGE_CURVE('',#5275,#2976,#7188,.T.);
#7188 = LINE('',#7189,#7190);
#7189 = CARTESIAN_POINT('',(-75.,94.,-21.));
#7190 = VECTOR('',#7191,1.);
#7191 = DIRECTION('',(3.885780586188E-16,-1.,2.995651960736E-32));
#7192 = ORIENTED_EDGE('',*,*,#2975,.F.);
#7193 = ORIENTED_EDGE('',*,*,#7154,.F.);
#7194 = PLANE('',#7195);
#7195 = AXIS2_PLACEMENT_3D('',#7196,#7197,#7198);
#7196 = CARTESIAN_POINT('',(-75.,94.,-22.));
#7197 = DIRECTION('',(-1.,-3.885780586188E-16,-1.224646799147E-16));
#7198 = DIRECTION('',(-1.224646799147E-16,-2.2E-16,1.));
#7199 = ADVANCED_FACE('',(#7200),#7211,.F.);
#7200 = FACE_BOUND('',#7201,.F.);
#7201 = EDGE_LOOP('',(#7202,#7203,#7204,#7205));
#7202 = ORIENTED_EDGE('',*,*,#5332,.F.);
#7203 = ORIENTED_EDGE('',*,*,#7171,.T.);
#7204 = ORIENTED_EDGE('',*,*,#3006,.F.);
#7205 = ORIENTED_EDGE('',*,*,#7206,.F.);
#7206 = EDGE_CURVE('',#5299,#2999,#7207,.T.);
#7207 = LINE('',#7208,#7209);
#7208 = CARTESIAN_POINT('',(-74.,94.,-22.));
#7209 = VECTOR('',#7210,1.);
#7210 = DIRECTION('',(3.885780586188E-16,-1.,2.995651960736E-32));
#7211 = PLANE('',#7212);
#7212 = AXIS2_PLACEMENT_3D('',#7213,#7214,#7215);
#7213 = CARTESIAN_POINT('',(-72.,94.,-22.));
#7214 = DIRECTION('',(1.224646799147E-16,1.763056796328E-32,-1.));
#7215 = DIRECTION('',(-1.,-3.885780586188E-16,-1.224646799147E-16));
#7216 = ADVANCED_FACE('',(#7217),#7223,.F.);
#7217 = FACE_BOUND('',#7218,.F.);
#7218 = EDGE_LOOP('',(#7219,#7220,#7221,#7222));
#7219 = ORIENTED_EDGE('',*,*,#7206,.T.);
#7220 = ORIENTED_EDGE('',*,*,#3025,.T.);
#7221 = ORIENTED_EDGE('',*,*,#7187,.F.);
#7222 = ORIENTED_EDGE('',*,*,#5308,.T.);
#7223 = PLANE('',#7224);
#7224 = AXIS2_PLACEMENT_3D('',#7225,#7226,#7227);
#7225 = CARTESIAN_POINT('',(-74.5,94.,-21.5));
#7226 = DIRECTION('',(-0.707106781187,-2.747661802697E-16,
    -0.707106781187));
#7227 = DIRECTION('',(3.885780586188E-16,-1.,2.995651960736E-32));
#7228 = ADVANCED_FACE('',(#7229),#7245,.F.);
#7229 = FACE_BOUND('',#7230,.F.);
#7230 = EDGE_LOOP('',(#7231,#7237,#7238,#7244));
#7231 = ORIENTED_EDGE('',*,*,#7232,.T.);
#7232 = EDGE_CURVE('',#5587,#3040,#7233,.T.);
#7233 = LINE('',#7234,#7235);
#7234 = CARTESIAN_POINT('',(-65.5,94.,-8.));
#7235 = VECTOR('',#7236,1.);
#7236 = DIRECTION('',(3.885780586188E-16,-1.,2.995651960736E-32));
#7237 = ORIENTED_EDGE('',*,*,#3047,.T.);
#7238 = ORIENTED_EDGE('',*,*,#7239,.F.);
#7239 = EDGE_CURVE('',#5563,#3048,#7240,.T.);
#7240 = LINE('',#7241,#7242);
#7241 = CARTESIAN_POINT('',(-64.5,94.,-9.));
#7242 = VECTOR('',#7243,1.);
#7243 = DIRECTION('',(3.885780586188E-16,-1.,2.995651960736E-32));
#7244 = ORIENTED_EDGE('',*,*,#5596,.F.);
#7245 = PLANE('',#7246);
#7246 = AXIS2_PLACEMENT_3D('',#7247,#7248,#7249);
#7247 = CARTESIAN_POINT('',(-65.,94.,-8.5));
#7248 = DIRECTION('',(0.707106781187,2.747661802697E-16,0.707106781187)
  );
#7249 = DIRECTION('',(3.885780586188E-16,-1.,2.995651960736E-32));
#7250 = ADVANCED_FACE('',(#7251),#7262,.F.);
#7251 = FACE_BOUND('',#7252,.F.);
#7252 = EDGE_LOOP('',(#7253,#7254,#7260,#7261));
#7253 = ORIENTED_EDGE('',*,*,#5613,.F.);
#7254 = ORIENTED_EDGE('',*,*,#7255,.T.);
#7255 = EDGE_CURVE('',#5436,#3072,#7256,.T.);
#7256 = LINE('',#7257,#7258);
#7257 = CARTESIAN_POINT('',(-66.5,94.,-8.));
#7258 = VECTOR('',#7259,1.);
#7259 = DIRECTION('',(3.885780586188E-16,-1.,2.995651960736E-32));
#7260 = ORIENTED_EDGE('',*,*,#3071,.F.);
#7261 = ORIENTED_EDGE('',*,*,#7232,.F.);
#7262 = PLANE('',#7263);
#7263 = AXIS2_PLACEMENT_3D('',#7264,#7265,#7266);
#7264 = CARTESIAN_POINT('',(-67.5,94.,-8.));
#7265 = DIRECTION('',(-1.224646799147E-16,-1.763056796328E-32,1.));
#7266 = DIRECTION('',(1.,3.885780586188E-16,1.224646799147E-16));
#7267 = ADVANCED_FACE('',(#7268),#7279,.F.);
#7268 = FACE_BOUND('',#7269,.F.);
#7269 = EDGE_LOOP('',(#7270,#7271,#7272,#7273));
#7270 = ORIENTED_EDGE('',*,*,#5572,.F.);
#7271 = ORIENTED_EDGE('',*,*,#7239,.T.);
#7272 = ORIENTED_EDGE('',*,*,#3102,.F.);
#7273 = ORIENTED_EDGE('',*,*,#7274,.F.);
#7274 = EDGE_CURVE('',#5539,#3095,#7275,.T.);
#7275 = LINE('',#7276,#7277);
#7276 = CARTESIAN_POINT('',(-64.5,94.,-21.));
#7277 = VECTOR('',#7278,1.);
#7278 = DIRECTION('',(3.885780586188E-16,-1.,2.995651960736E-32));
#7279 = PLANE('',#7280);
#7280 = AXIS2_PLACEMENT_3D('',#7281,#7282,#7283);
#7281 = CARTESIAN_POINT('',(-64.5,94.,-8.));
#7282 = DIRECTION('',(1.,3.885780586188E-16,1.224646799147E-16));
#7283 = DIRECTION('',(1.224646799147E-16,2.2E-16,-1.));
#7284 = ADVANCED_FACE('',(#7285),#7296,.F.);
#7285 = FACE_BOUND('',#7286,.T.);
#7286 = EDGE_LOOP('',(#7287,#7288,#7289,#7295));
#7287 = ORIENTED_EDGE('',*,*,#7255,.T.);
#7288 = ORIENTED_EDGE('',*,*,#3128,.F.);
#7289 = ORIENTED_EDGE('',*,*,#7290,.F.);
#7290 = EDGE_CURVE('',#5444,#3121,#7291,.T.);
#7291 = LINE('',#7292,#7293);
#7292 = CARTESIAN_POINT('',(-67.5,94.,-9.));
#7293 = VECTOR('',#7294,1.);
#7294 = DIRECTION('',(3.885780586188E-16,-1.,2.995651960736E-32));
#7295 = ORIENTED_EDGE('',*,*,#5443,.F.);
#7296 = PLANE('',#7297);
#7297 = AXIS2_PLACEMENT_3D('',#7298,#7299,#7300);
#7298 = CARTESIAN_POINT('',(-67.,94.,-8.5));
#7299 = DIRECTION('',(-0.707106781187,-2.747661802697E-16,0.707106781187
    ));
#7300 = DIRECTION('',(-3.885780586188E-16,1.,-2.995651960736E-32));
#7301 = ADVANCED_FACE('',(#7302),#7313,.F.);
#7302 = FACE_BOUND('',#7303,.F.);
#7303 = EDGE_LOOP('',(#7304,#7305,#7306,#7312));
#7304 = ORIENTED_EDGE('',*,*,#7274,.T.);
#7305 = ORIENTED_EDGE('',*,*,#3152,.T.);
#7306 = ORIENTED_EDGE('',*,*,#7307,.F.);
#7307 = EDGE_CURVE('',#5515,#3143,#7308,.T.);
#7308 = LINE('',#7309,#7310);
#7309 = CARTESIAN_POINT('',(-65.5,94.,-22.));
#7310 = VECTOR('',#7311,1.);
#7311 = DIRECTION('',(3.885780586188E-16,-1.,2.995651960736E-32));
#7312 = ORIENTED_EDGE('',*,*,#5548,.F.);
#7313 = PLANE('',#7314);
#7314 = AXIS2_PLACEMENT_3D('',#7315,#7316,#7317);
#7315 = CARTESIAN_POINT('',(-65.,94.,-21.5));
#7316 = DIRECTION('',(0.707106781187,2.747661802697E-16,-0.707106781187)
  );
#7317 = DIRECTION('',(3.885780586188E-16,-1.,2.995651960736E-32));
#7318 = ADVANCED_FACE('',(#7319),#7330,.F.);
#7319 = FACE_BOUND('',#7320,.F.);
#7320 = EDGE_LOOP('',(#7321,#7322,#7328,#7329));
#7321 = ORIENTED_EDGE('',*,*,#5476,.F.);
#7322 = ORIENTED_EDGE('',*,*,#7323,.T.);
#7323 = EDGE_CURVE('',#5467,#3168,#7324,.T.);
#7324 = LINE('',#7325,#7326);
#7325 = CARTESIAN_POINT('',(-67.5,94.,-21.));
#7326 = VECTOR('',#7327,1.);
#7327 = DIRECTION('',(3.885780586188E-16,-1.,2.995651960736E-32));
#7328 = ORIENTED_EDGE('',*,*,#3167,.F.);
#7329 = ORIENTED_EDGE('',*,*,#7290,.F.);
#7330 = PLANE('',#7331);
#7331 = AXIS2_PLACEMENT_3D('',#7332,#7333,#7334);
#7332 = CARTESIAN_POINT('',(-67.5,94.,-22.));
#7333 = DIRECTION('',(-1.,-3.885780586188E-16,-1.224646799147E-16));
#7334 = DIRECTION('',(-1.224646799147E-16,-2.2E-16,1.));
#7335 = ADVANCED_FACE('',(#7336),#7347,.F.);
#7336 = FACE_BOUND('',#7337,.F.);
#7337 = EDGE_LOOP('',(#7338,#7339,#7340,#7341));
#7338 = ORIENTED_EDGE('',*,*,#5524,.F.);
#7339 = ORIENTED_EDGE('',*,*,#7307,.T.);
#7340 = ORIENTED_EDGE('',*,*,#3198,.F.);
#7341 = ORIENTED_EDGE('',*,*,#7342,.F.);
#7342 = EDGE_CURVE('',#5491,#3191,#7343,.T.);
#7343 = LINE('',#7344,#7345);
#7344 = CARTESIAN_POINT('',(-66.5,94.,-22.));
#7345 = VECTOR('',#7346,1.);
#7346 = DIRECTION('',(3.885780586188E-16,-1.,2.995651960736E-32));
#7347 = PLANE('',#7348);
#7348 = AXIS2_PLACEMENT_3D('',#7349,#7350,#7351);
#7349 = CARTESIAN_POINT('',(-64.5,94.,-22.));
#7350 = DIRECTION('',(1.224646799147E-16,1.763056796328E-32,-1.));
#7351 = DIRECTION('',(-1.,-3.885780586188E-16,-1.224646799147E-16));
#7352 = ADVANCED_FACE('',(#7353),#7359,.F.);
#7353 = FACE_BOUND('',#7354,.F.);
#7354 = EDGE_LOOP('',(#7355,#7356,#7357,#7358));
#7355 = ORIENTED_EDGE('',*,*,#7342,.T.);
#7356 = ORIENTED_EDGE('',*,*,#3217,.T.);
#7357 = ORIENTED_EDGE('',*,*,#7323,.F.);
#7358 = ORIENTED_EDGE('',*,*,#5500,.T.);
#7359 = PLANE('',#7360);
#7360 = AXIS2_PLACEMENT_3D('',#7361,#7362,#7363);
#7361 = CARTESIAN_POINT('',(-67.,94.,-21.5));
#7362 = DIRECTION('',(-0.707106781187,-2.747661802697E-16,
    -0.707106781187));
#7363 = DIRECTION('',(3.885780586188E-16,-1.,2.995651960736E-32));
#7364 = ADVANCED_FACE('',(#7365),#7381,.F.);
#7365 = FACE_BOUND('',#7366,.F.);
#7366 = EDGE_LOOP('',(#7367,#7373,#7374,#7380));
#7367 = ORIENTED_EDGE('',*,*,#7368,.T.);
#7368 = EDGE_CURVE('',#5779,#3232,#7369,.T.);
#7369 = LINE('',#7370,#7371);
#7370 = CARTESIAN_POINT('',(-58.,94.,-8.));
#7371 = VECTOR('',#7372,1.);
#7372 = DIRECTION('',(3.885780586188E-16,-1.,2.995651960736E-32));
#7373 = ORIENTED_EDGE('',*,*,#3239,.T.);
#7374 = ORIENTED_EDGE('',*,*,#7375,.F.);
#7375 = EDGE_CURVE('',#5755,#3240,#7376,.T.);
#7376 = LINE('',#7377,#7378);
#7377 = CARTESIAN_POINT('',(-57.,94.,-9.));
#7378 = VECTOR('',#7379,1.);
#7379 = DIRECTION('',(3.885780586188E-16,-1.,2.995651960736E-32));
#7380 = ORIENTED_EDGE('',*,*,#5788,.F.);
#7381 = PLANE('',#7382);
#7382 = AXIS2_PLACEMENT_3D('',#7383,#7384,#7385);
#7383 = CARTESIAN_POINT('',(-57.5,94.,-8.5));
#7384 = DIRECTION('',(0.707106781187,2.747661802697E-16,0.707106781187)
  );
#7385 = DIRECTION('',(3.885780586188E-16,-1.,2.995651960736E-32));
#7386 = ADVANCED_FACE('',(#7387),#7398,.F.);
#7387 = FACE_BOUND('',#7388,.F.);
#7388 = EDGE_LOOP('',(#7389,#7390,#7396,#7397));
#7389 = ORIENTED_EDGE('',*,*,#5805,.F.);
#7390 = ORIENTED_EDGE('',*,*,#7391,.T.);
#7391 = EDGE_CURVE('',#5628,#3264,#7392,.T.);
#7392 = LINE('',#7393,#7394);
#7393 = CARTESIAN_POINT('',(-59.,94.,-8.));
#7394 = VECTOR('',#7395,1.);
#7395 = DIRECTION('',(3.885780586188E-16,-1.,2.995651960736E-32));
#7396 = ORIENTED_EDGE('',*,*,#3263,.F.);
#7397 = ORIENTED_EDGE('',*,*,#7368,.F.);
#7398 = PLANE('',#7399);
#7399 = AXIS2_PLACEMENT_3D('',#7400,#7401,#7402);
#7400 = CARTESIAN_POINT('',(-60.,94.,-8.));
#7401 = DIRECTION('',(-1.224646799147E-16,-1.763056796328E-32,1.));
#7402 = DIRECTION('',(1.,3.885780586188E-16,1.224646799147E-16));
#7403 = ADVANCED_FACE('',(#7404),#7415,.F.);
#7404 = FACE_BOUND('',#7405,.F.);
#7405 = EDGE_LOOP('',(#7406,#7407,#7408,#7409));
#7406 = ORIENTED_EDGE('',*,*,#5764,.F.);
#7407 = ORIENTED_EDGE('',*,*,#7375,.T.);
#7408 = ORIENTED_EDGE('',*,*,#3294,.F.);
#7409 = ORIENTED_EDGE('',*,*,#7410,.F.);
#7410 = EDGE_CURVE('',#5731,#3287,#7411,.T.);
#7411 = LINE('',#7412,#7413);
#7412 = CARTESIAN_POINT('',(-57.,94.,-21.));
#7413 = VECTOR('',#7414,1.);
#7414 = DIRECTION('',(3.885780586188E-16,-1.,2.995651960736E-32));
#7415 = PLANE('',#7416);
#7416 = AXIS2_PLACEMENT_3D('',#7417,#7418,#7419);
#7417 = CARTESIAN_POINT('',(-57.,94.,-8.));
#7418 = DIRECTION('',(1.,3.885780586188E-16,1.224646799147E-16));
#7419 = DIRECTION('',(1.224646799147E-16,2.2E-16,-1.));
#7420 = ADVANCED_FACE('',(#7421),#7432,.F.);
#7421 = FACE_BOUND('',#7422,.T.);
#7422 = EDGE_LOOP('',(#7423,#7424,#7425,#7431));
#7423 = ORIENTED_EDGE('',*,*,#7391,.T.);
#7424 = ORIENTED_EDGE('',*,*,#3320,.F.);
#7425 = ORIENTED_EDGE('',*,*,#7426,.F.);
#7426 = EDGE_CURVE('',#5636,#3313,#7427,.T.);
#7427 = LINE('',#7428,#7429);
#7428 = CARTESIAN_POINT('',(-60.,94.,-9.));
#7429 = VECTOR('',#7430,1.);
#7430 = DIRECTION('',(3.885780586188E-16,-1.,2.995651960736E-32));
#7431 = ORIENTED_EDGE('',*,*,#5635,.F.);
#7432 = PLANE('',#7433);
#7433 = AXIS2_PLACEMENT_3D('',#7434,#7435,#7436);
#7434 = CARTESIAN_POINT('',(-59.5,94.,-8.5));
#7435 = DIRECTION('',(-0.707106781187,-2.747661802697E-16,0.707106781187
    ));
#7436 = DIRECTION('',(-3.885780586188E-16,1.,-2.995651960736E-32));
#7437 = ADVANCED_FACE('',(#7438),#7449,.F.);
#7438 = FACE_BOUND('',#7439,.F.);
#7439 = EDGE_LOOP('',(#7440,#7441,#7442,#7448));
#7440 = ORIENTED_EDGE('',*,*,#7410,.T.);
#7441 = ORIENTED_EDGE('',*,*,#3344,.T.);
#7442 = ORIENTED_EDGE('',*,*,#7443,.F.);
#7443 = EDGE_CURVE('',#5707,#3335,#7444,.T.);
#7444 = LINE('',#7445,#7446);
#7445 = CARTESIAN_POINT('',(-58.,94.,-22.));
#7446 = VECTOR('',#7447,1.);
#7447 = DIRECTION('',(3.885780586188E-16,-1.,2.995651960736E-32));
#7448 = ORIENTED_EDGE('',*,*,#5740,.F.);
#7449 = PLANE('',#7450);
#7450 = AXIS2_PLACEMENT_3D('',#7451,#7452,#7453);
#7451 = CARTESIAN_POINT('',(-57.5,94.,-21.5));
#7452 = DIRECTION('',(0.707106781187,2.747661802697E-16,-0.707106781187)
  );
#7453 = DIRECTION('',(3.885780586188E-16,-1.,2.995651960736E-32));
#7454 = ADVANCED_FACE('',(#7455),#7466,.F.);
#7455 = FACE_BOUND('',#7456,.F.);
#7456 = EDGE_LOOP('',(#7457,#7458,#7464,#7465));
#7457 = ORIENTED_EDGE('',*,*,#5668,.F.);
#7458 = ORIENTED_EDGE('',*,*,#7459,.T.);
#7459 = EDGE_CURVE('',#5659,#3360,#7460,.T.);
#7460 = LINE('',#7461,#7462);
#7461 = CARTESIAN_POINT('',(-60.,94.,-21.));
#7462 = VECTOR('',#7463,1.);
#7463 = DIRECTION('',(3.885780586188E-16,-1.,2.995651960736E-32));
#7464 = ORIENTED_EDGE('',*,*,#3359,.F.);
#7465 = ORIENTED_EDGE('',*,*,#7426,.F.);
#7466 = PLANE('',#7467);
#7467 = AXIS2_PLACEMENT_3D('',#7468,#7469,#7470);
#7468 = CARTESIAN_POINT('',(-60.,94.,-22.));
#7469 = DIRECTION('',(-1.,-3.885780586188E-16,-1.224646799147E-16));
#7470 = DIRECTION('',(-1.224646799147E-16,-2.2E-16,1.));
#7471 = ADVANCED_FACE('',(#7472),#7483,.F.);
#7472 = FACE_BOUND('',#7473,.F.);
#7473 = EDGE_LOOP('',(#7474,#7475,#7476,#7477));
#7474 = ORIENTED_EDGE('',*,*,#5716,.F.);
#7475 = ORIENTED_EDGE('',*,*,#7443,.T.);
#7476 = ORIENTED_EDGE('',*,*,#3390,.F.);
#7477 = ORIENTED_EDGE('',*,*,#7478,.F.);
#7478 = EDGE_CURVE('',#5683,#3383,#7479,.T.);
#7479 = LINE('',#7480,#7481);
#7480 = CARTESIAN_POINT('',(-59.,94.,-22.));
#7481 = VECTOR('',#7482,1.);
#7482 = DIRECTION('',(3.885780586188E-16,-1.,2.995651960736E-32));
#7483 = PLANE('',#7484);
#7484 = AXIS2_PLACEMENT_3D('',#7485,#7486,#7487);
#7485 = CARTESIAN_POINT('',(-57.,94.,-22.));
#7486 = DIRECTION('',(1.224646799147E-16,1.763056796328E-32,-1.));
#7487 = DIRECTION('',(-1.,-3.885780586188E-16,-1.224646799147E-16));
#7488 = ADVANCED_FACE('',(#7489),#7495,.F.);
#7489 = FACE_BOUND('',#7490,.F.);
#7490 = EDGE_LOOP('',(#7491,#7492,#7493,#7494));
#7491 = ORIENTED_EDGE('',*,*,#7478,.T.);
#7492 = ORIENTED_EDGE('',*,*,#3409,.T.);
#7493 = ORIENTED_EDGE('',*,*,#7459,.F.);
#7494 = ORIENTED_EDGE('',*,*,#5692,.T.);
#7495 = PLANE('',#7496);
#7496 = AXIS2_PLACEMENT_3D('',#7497,#7498,#7499);
#7497 = CARTESIAN_POINT('',(-59.5,94.,-21.5));
#7498 = DIRECTION('',(-0.707106781187,-2.747661802697E-16,
    -0.707106781187));
#7499 = DIRECTION('',(3.885780586188E-16,-1.,2.995651960736E-32));
#7500 = ADVANCED_FACE('',(#7501),#7517,.F.);
#7501 = FACE_BOUND('',#7502,.F.);
#7502 = EDGE_LOOP('',(#7503,#7509,#7510,#7516));
#7503 = ORIENTED_EDGE('',*,*,#7504,.T.);
#7504 = EDGE_CURVE('',#5971,#3424,#7505,.T.);
#7505 = LINE('',#7506,#7507);
#7506 = CARTESIAN_POINT('',(-50.5,94.,-8.));
#7507 = VECTOR('',#7508,1.);
#7508 = DIRECTION('',(3.885780586188E-16,-1.,2.995651960736E-32));
#7509 = ORIENTED_EDGE('',*,*,#3431,.T.);
#7510 = ORIENTED_EDGE('',*,*,#7511,.F.);
#7511 = EDGE_CURVE('',#5947,#3432,#7512,.T.);
#7512 = LINE('',#7513,#7514);
#7513 = CARTESIAN_POINT('',(-49.5,94.,-9.));
#7514 = VECTOR('',#7515,1.);
#7515 = DIRECTION('',(3.885780586188E-16,-1.,2.995651960736E-32));
#7516 = ORIENTED_EDGE('',*,*,#5980,.F.);
#7517 = PLANE('',#7518);
#7518 = AXIS2_PLACEMENT_3D('',#7519,#7520,#7521);
#7519 = CARTESIAN_POINT('',(-50.,94.,-8.5));
#7520 = DIRECTION('',(0.707106781187,2.747661802697E-16,0.707106781187)
  );
#7521 = DIRECTION('',(3.885780586188E-16,-1.,2.995651960736E-32));
#7522 = ADVANCED_FACE('',(#7523),#7534,.F.);
#7523 = FACE_BOUND('',#7524,.F.);
#7524 = EDGE_LOOP('',(#7525,#7526,#7532,#7533));
#7525 = ORIENTED_EDGE('',*,*,#5997,.F.);
#7526 = ORIENTED_EDGE('',*,*,#7527,.T.);
#7527 = EDGE_CURVE('',#5820,#3456,#7528,.T.);
#7528 = LINE('',#7529,#7530);
#7529 = CARTESIAN_POINT('',(-51.5,94.,-8.));
#7530 = VECTOR('',#7531,1.);
#7531 = DIRECTION('',(3.885780586188E-16,-1.,2.995651960736E-32));
#7532 = ORIENTED_EDGE('',*,*,#3455,.F.);
#7533 = ORIENTED_EDGE('',*,*,#7504,.F.);
#7534 = PLANE('',#7535);
#7535 = AXIS2_PLACEMENT_3D('',#7536,#7537,#7538);
#7536 = CARTESIAN_POINT('',(-52.5,94.,-8.));
#7537 = DIRECTION('',(-1.224646799147E-16,-1.763056796328E-32,1.));
#7538 = DIRECTION('',(1.,3.885780586188E-16,1.224646799147E-16));
#7539 = ADVANCED_FACE('',(#7540),#7551,.F.);
#7540 = FACE_BOUND('',#7541,.F.);
#7541 = EDGE_LOOP('',(#7542,#7543,#7544,#7545));
#7542 = ORIENTED_EDGE('',*,*,#5956,.F.);
#7543 = ORIENTED_EDGE('',*,*,#7511,.T.);
#7544 = ORIENTED_EDGE('',*,*,#3486,.F.);
#7545 = ORIENTED_EDGE('',*,*,#7546,.F.);
#7546 = EDGE_CURVE('',#5923,#3479,#7547,.T.);
#7547 = LINE('',#7548,#7549);
#7548 = CARTESIAN_POINT('',(-49.5,94.,-21.));
#7549 = VECTOR('',#7550,1.);
#7550 = DIRECTION('',(3.885780586188E-16,-1.,2.995651960736E-32));
#7551 = PLANE('',#7552);
#7552 = AXIS2_PLACEMENT_3D('',#7553,#7554,#7555);
#7553 = CARTESIAN_POINT('',(-49.5,94.,-8.));
#7554 = DIRECTION('',(1.,3.885780586188E-16,1.224646799147E-16));
#7555 = DIRECTION('',(1.224646799147E-16,2.2E-16,-1.));
#7556 = ADVANCED_FACE('',(#7557),#7568,.F.);
#7557 = FACE_BOUND('',#7558,.T.);
#7558 = EDGE_LOOP('',(#7559,#7560,#7561,#7567));
#7559 = ORIENTED_EDGE('',*,*,#7527,.T.);
#7560 = ORIENTED_EDGE('',*,*,#3512,.F.);
#7561 = ORIENTED_EDGE('',*,*,#7562,.F.);
#7562 = EDGE_CURVE('',#5828,#3505,#7563,.T.);
#7563 = LINE('',#7564,#7565);
#7564 = CARTESIAN_POINT('',(-52.5,94.,-9.));
#7565 = VECTOR('',#7566,1.);
#7566 = DIRECTION('',(3.885780586188E-16,-1.,2.995651960736E-32));
#7567 = ORIENTED_EDGE('',*,*,#5827,.F.);
#7568 = PLANE('',#7569);
#7569 = AXIS2_PLACEMENT_3D('',#7570,#7571,#7572);
#7570 = CARTESIAN_POINT('',(-52.,94.,-8.5));
#7571 = DIRECTION('',(-0.707106781187,-2.747661802697E-16,0.707106781187
    ));
#7572 = DIRECTION('',(-3.885780586188E-16,1.,-2.995651960736E-32));
#7573 = ADVANCED_FACE('',(#7574),#7585,.F.);
#7574 = FACE_BOUND('',#7575,.F.);
#7575 = EDGE_LOOP('',(#7576,#7577,#7578,#7584));
#7576 = ORIENTED_EDGE('',*,*,#7546,.T.);
#7577 = ORIENTED_EDGE('',*,*,#3536,.T.);
#7578 = ORIENTED_EDGE('',*,*,#7579,.F.);
#7579 = EDGE_CURVE('',#5899,#3527,#7580,.T.);
#7580 = LINE('',#7581,#7582);
#7581 = CARTESIAN_POINT('',(-50.5,94.,-22.));
#7582 = VECTOR('',#7583,1.);
#7583 = DIRECTION('',(3.885780586188E-16,-1.,2.995651960736E-32));
#7584 = ORIENTED_EDGE('',*,*,#5932,.F.);
#7585 = PLANE('',#7586);
#7586 = AXIS2_PLACEMENT_3D('',#7587,#7588,#7589);
#7587 = CARTESIAN_POINT('',(-50.,94.,-21.5));
#7588 = DIRECTION('',(0.707106781187,2.747661802697E-16,-0.707106781187)
  );
#7589 = DIRECTION('',(3.885780586188E-16,-1.,2.995651960736E-32));
#7590 = ADVANCED_FACE('',(#7591),#7602,.F.);
#7591 = FACE_BOUND('',#7592,.F.);
#7592 = EDGE_LOOP('',(#7593,#7594,#7600,#7601));
#7593 = ORIENTED_EDGE('',*,*,#5860,.F.);
#7594 = ORIENTED_EDGE('',*,*,#7595,.T.);
#7595 = EDGE_CURVE('',#5851,#3552,#7596,.T.);
#7596 = LINE('',#7597,#7598);
#7597 = CARTESIAN_POINT('',(-52.5,94.,-21.));
#7598 = VECTOR('',#7599,1.);
#7599 = DIRECTION('',(3.885780586188E-16,-1.,2.995651960736E-32));
#7600 = ORIENTED_EDGE('',*,*,#3551,.F.);
#7601 = ORIENTED_EDGE('',*,*,#7562,.F.);
#7602 = PLANE('',#7603);
#7603 = AXIS2_PLACEMENT_3D('',#7604,#7605,#7606);
#7604 = CARTESIAN_POINT('',(-52.5,94.,-22.));
#7605 = DIRECTION('',(-1.,-3.885780586188E-16,-1.224646799147E-16));
#7606 = DIRECTION('',(-1.224646799147E-16,-2.2E-16,1.));
#7607 = ADVANCED_FACE('',(#7608),#7619,.F.);
#7608 = FACE_BOUND('',#7609,.F.);
#7609 = EDGE_LOOP('',(#7610,#7611,#7612,#7613));
#7610 = ORIENTED_EDGE('',*,*,#5908,.F.);
#7611 = ORIENTED_EDGE('',*,*,#7579,.T.);
#7612 = ORIENTED_EDGE('',*,*,#3582,.F.);
#7613 = ORIENTED_EDGE('',*,*,#7614,.F.);
#7614 = EDGE_CURVE('',#5875,#3575,#7615,.T.);
#7615 = LINE('',#7616,#7617);
#7616 = CARTESIAN_POINT('',(-51.5,94.,-22.));
#7617 = VECTOR('',#7618,1.);
#7618 = DIRECTION('',(3.885780586188E-16,-1.,2.995651960736E-32));
#7619 = PLANE('',#7620);
#7620 = AXIS2_PLACEMENT_3D('',#7621,#7622,#7623);
#7621 = CARTESIAN_POINT('',(-49.5,94.,-22.));
#7622 = DIRECTION('',(1.224646799147E-16,1.763056796328E-32,-1.));
#7623 = DIRECTION('',(-1.,-3.885780586188E-16,-1.224646799147E-16));
#7624 = ADVANCED_FACE('',(#7625),#7631,.F.);
#7625 = FACE_BOUND('',#7626,.F.);
#7626 = EDGE_LOOP('',(#7627,#7628,#7629,#7630));
#7627 = ORIENTED_EDGE('',*,*,#7614,.T.);
#7628 = ORIENTED_EDGE('',*,*,#3601,.T.);
#7629 = ORIENTED_EDGE('',*,*,#7595,.F.);
#7630 = ORIENTED_EDGE('',*,*,#5884,.T.);
#7631 = PLANE('',#7632);
#7632 = AXIS2_PLACEMENT_3D('',#7633,#7634,#7635);
#7633 = CARTESIAN_POINT('',(-52.,94.,-21.5));
#7634 = DIRECTION('',(-0.707106781187,-2.747661802697E-16,
    -0.707106781187));
#7635 = DIRECTION('',(3.885780586188E-16,-1.,2.995651960736E-32));
#7636 = ADVANCED_FACE('',(#7637),#7642,.F.);
#7637 = FACE_BOUND('',#7638,.F.);
#7638 = EDGE_LOOP('',(#7639,#7640,#7641));
#7639 = ORIENTED_EDGE('',*,*,#3713,.T.);
#7640 = ORIENTED_EDGE('',*,*,#3678,.T.);
#7641 = ORIENTED_EDGE('',*,*,#3731,.T.);
#7642 = PLANE('',#7643);
#7643 = AXIS2_PLACEMENT_3D('',#7644,#7645,#7646);
#7644 = CARTESIAN_POINT('',(-4.496597727485,91.21,-6.110034535618));
#7645 = DIRECTION('',(2.948876798795E-16,1.,3.714698827088E-16));
#7646 = DIRECTION('',(-0.51503807491,-1.665334536938E-16,0.857167300702)
  );
#7647 = ADVANCED_FACE('',(#7648),#7653,.F.);
#7648 = FACE_BOUND('',#7649,.F.);
#7649 = EDGE_LOOP('',(#7650,#7651,#7652));
#7650 = ORIENTED_EDGE('',*,*,#3654,.T.);
#7651 = ORIENTED_EDGE('',*,*,#3772,.T.);
#7652 = ORIENTED_EDGE('',*,*,#3754,.T.);
#7653 = PLANE('',#7654);
#7654 = AXIS2_PLACEMENT_3D('',#7655,#7656,#7657);
#7655 = CARTESIAN_POINT('',(-4.496597727485,91.21,-6.110034535618));
#7656 = DIRECTION('',(2.948876798795E-16,1.,3.714698827088E-16));
#7657 = DIRECTION('',(-0.51503807491,-1.665334536938E-16,0.857167300702)
  );
#7658 = ADVANCED_FACE('',(#7659),#7664,.F.);
#7659 = FACE_BOUND('',#7660,.F.);
#7660 = EDGE_LOOP('',(#7661,#7662,#7663));
#7661 = ORIENTED_EDGE('',*,*,#3630,.T.);
#7662 = ORIENTED_EDGE('',*,*,#3813,.T.);
#7663 = ORIENTED_EDGE('',*,*,#3795,.T.);
#7664 = PLANE('',#7665);
#7665 = AXIS2_PLACEMENT_3D('',#7666,#7667,#7668);
#7666 = CARTESIAN_POINT('',(-4.496597727485,91.21,-6.110034535618));
#7667 = DIRECTION('',(2.948876798795E-16,1.,3.714698827088E-16));
#7668 = DIRECTION('',(-0.51503807491,-1.665334536938E-16,0.857167300702)
  );
#7669 = ADVANCED_FACE('',(#7670),#7675,.F.);
#7670 = FACE_BOUND('',#7671,.F.);
#7671 = EDGE_LOOP('',(#7672,#7673,#7674));
#7672 = ORIENTED_EDGE('',*,*,#3925,.T.);
#7673 = ORIENTED_EDGE('',*,*,#3890,.T.);
#7674 = ORIENTED_EDGE('',*,*,#3943,.T.);
#7675 = PLANE('',#7676);
#7676 = AXIS2_PLACEMENT_3D('',#7677,#7678,#7679);
#7677 = CARTESIAN_POINT('',(-4.525093517776,91.2,-15.28522870195));
#7678 = DIRECTION('',(2.948876798795E-16,1.,3.714698827088E-16));
#7679 = DIRECTION('',(-0.51503807491,-1.665334536938E-16,0.857167300702)
  );
#7680 = ADVANCED_FACE('',(#7681),#7686,.F.);
#7681 = FACE_BOUND('',#7682,.F.);
#7682 = EDGE_LOOP('',(#7683,#7684,#7685));
#7683 = ORIENTED_EDGE('',*,*,#3866,.T.);
#7684 = ORIENTED_EDGE('',*,*,#3984,.T.);
#7685 = ORIENTED_EDGE('',*,*,#3966,.T.);
#7686 = PLANE('',#7687);
#7687 = AXIS2_PLACEMENT_3D('',#7688,#7689,#7690);
#7688 = CARTESIAN_POINT('',(-4.525093517776,91.2,-15.28522870195));
#7689 = DIRECTION('',(2.948876798795E-16,1.,3.714698827088E-16));
#7690 = DIRECTION('',(-0.51503807491,-1.665334536938E-16,0.857167300702)
  );
#7691 = ADVANCED_FACE('',(#7692),#7697,.F.);
#7692 = FACE_BOUND('',#7693,.F.);
#7693 = EDGE_LOOP('',(#7694,#7695,#7696));
#7694 = ORIENTED_EDGE('',*,*,#3842,.T.);
#7695 = ORIENTED_EDGE('',*,*,#4025,.T.);
#7696 = ORIENTED_EDGE('',*,*,#4007,.T.);
#7697 = PLANE('',#7698);
#7698 = AXIS2_PLACEMENT_3D('',#7699,#7700,#7701);
#7699 = CARTESIAN_POINT('',(-4.525093517776,91.2,-15.28522870195));
#7700 = DIRECTION('',(2.948876798795E-16,1.,3.714698827088E-16));
#7701 = DIRECTION('',(-0.51503807491,-1.665334536938E-16,0.857167300702)
  );
#7702 = ADVANCED_FACE('',(#7703),#7714,.T.);
#7703 = FACE_BOUND('',#7704,.T.);
#7704 = EDGE_LOOP('',(#7705,#7706,#7707,#7708));
#7705 = ORIENTED_EDGE('',*,*,#4108,.F.);
#7706 = ORIENTED_EDGE('',*,*,#4056,.F.);
#7707 = ORIENTED_EDGE('',*,*,#4998,.F.);
#7708 = ORIENTED_EDGE('',*,*,#7709,.F.);
#7709 = EDGE_CURVE('',#4109,#4999,#7710,.T.);
#7710 = LINE('',#7711,#7712);
#7711 = CARTESIAN_POINT('',(-114.,86.49,-0.5));
#7712 = VECTOR('',#7713,1.);
#7713 = DIRECTION('',(1.,3.885780586188E-16,1.224646799147E-16));
#7714 = PLANE('',#7715);
#7715 = AXIS2_PLACEMENT_3D('',#7716,#7717,#7718);
#7716 = CARTESIAN_POINT('',(-106.5,-4.13835632429E-14,-0.5));
#7717 = DIRECTION('',(1.224646799147E-16,1.763056796328E-32,-1.));
#7718 = DIRECTION('',(1.,3.885780586188E-16,1.224646799147E-16));
#7719 = ADVANCED_FACE('',(#7720),#7738,.T.);
#7720 = FACE_BOUND('',#7721,.T.);
#7721 = EDGE_LOOP('',(#7722,#7723,#7731,#7737));
#7722 = ORIENTED_EDGE('',*,*,#4090,.F.);
#7723 = ORIENTED_EDGE('',*,*,#7724,.F.);
#7724 = EDGE_CURVE('',#7725,#4091,#7727,.T.);
#7725 = VERTEX_POINT('',#7726);
#7726 = CARTESIAN_POINT('',(-113.99,-86.49,-0.5));
#7727 = LINE('',#7728,#7729);
#7728 = CARTESIAN_POINT('',(-99.,-86.49,-0.5));
#7729 = VECTOR('',#7730,1.);
#7730 = DIRECTION('',(-1.,-3.885780586188E-16,-1.224646799147E-16));
#7731 = ORIENTED_EDGE('',*,*,#7732,.F.);
#7732 = EDGE_CURVE('',#4170,#7725,#7733,.T.);
#7733 = LINE('',#7734,#7735);
#7734 = CARTESIAN_POINT('',(-113.99,-94.,-0.5));
#7735 = VECTOR('',#7736,1.);
#7736 = DIRECTION('',(-3.885780586188E-16,1.,-2.995651960736E-32));
#7737 = ORIENTED_EDGE('',*,*,#4188,.F.);
#7738 = PLANE('',#7739);
#7739 = AXIS2_PLACEMENT_3D('',#7740,#7741,#7742);
#7740 = CARTESIAN_POINT('',(-106.5,-4.13835632429E-14,-0.5));
#7741 = DIRECTION('',(1.224646799147E-16,1.763056796328E-32,-1.));
#7742 = DIRECTION('',(1.,3.885780586188E-16,1.224646799147E-16));
#7743 = ADVANCED_FACE('',(#7744),#7758,.F.);
#7744 = FACE_BOUND('',#7745,.T.);
#7745 = EDGE_LOOP('',(#7746,#7747,#7753,#7754,#7755,#7756,#7757));
#7746 = ORIENTED_EDGE('',*,*,#6174,.F.);
#7747 = ORIENTED_EDGE('',*,*,#7748,.F.);
#7748 = EDGE_CURVE('',#4125,#6175,#7749,.T.);
#7749 = LINE('',#7750,#7751);
#7750 = CARTESIAN_POINT('',(-108.835,72.665,-14.325));
#7751 = VECTOR('',#7752,1.);
#7752 = DIRECTION('',(0.57735026919,0.57735026919,0.57735026919));
#7753 = ORIENTED_EDGE('',*,*,#4124,.F.);
#7754 = ORIENTED_EDGE('',*,*,#4116,.F.);
#7755 = ORIENTED_EDGE('',*,*,#7709,.T.);
#7756 = ORIENTED_EDGE('',*,*,#5026,.T.);
#7757 = ORIENTED_EDGE('',*,*,#6214,.T.);
#7758 = PLANE('',#7759);
#7759 = AXIS2_PLACEMENT_3D('',#7760,#7761,#7762);
#7760 = CARTESIAN_POINT('',(-114.,78.995,-7.995));
#7761 = DIRECTION('',(1.881705746461E-16,-0.707106781187,0.707106781187)
  );
#7762 = DIRECTION('',(-1.,-3.885780586188E-16,-1.224646799147E-16));
#7763 = ADVANCED_FACE('',(#7764),#7770,.T.);
#7764 = FACE_BOUND('',#7765,.F.);
#7765 = EDGE_LOOP('',(#7766,#7767,#7768,#7769));
#7766 = ORIENTED_EDGE('',*,*,#7748,.F.);
#7767 = ORIENTED_EDGE('',*,*,#4132,.T.);
#7768 = ORIENTED_EDGE('',*,*,#6159,.F.);
#7769 = ORIENTED_EDGE('',*,*,#6191,.F.);
#7770 = PLANE('',#7771);
#7771 = AXIS2_PLACEMENT_3D('',#7772,#7773,#7774);
#7772 = CARTESIAN_POINT('',(-112.,69.5,-15.49));
#7773 = DIRECTION('',(-0.707106781187,0.707106781187,-8.659560562355E-17
    ));
#7774 = DIRECTION('',(-1.224646799147E-16,-1.763056796328E-32,1.));
#7775 = ADVANCED_FACE('',(#7776),#7787,.T.);
#7776 = FACE_BOUND('',#7777,.T.);
#7777 = EDGE_LOOP('',(#7778,#7784,#7785,#7786));
#7778 = ORIENTED_EDGE('',*,*,#7779,.F.);
#7779 = EDGE_CURVE('',#4140,#6119,#7780,.T.);
#7780 = LINE('',#7781,#7782);
#7781 = CARTESIAN_POINT('',(-106.335,-75.165,-11.825));
#7782 = VECTOR('',#7783,1.);
#7783 = DIRECTION('',(0.57735026919,-0.57735026919,0.57735026919));
#7784 = ORIENTED_EDGE('',*,*,#4139,.T.);
#7785 = ORIENTED_EDGE('',*,*,#6142,.T.);
#7786 = ORIENTED_EDGE('',*,*,#6126,.F.);
#7787 = PLANE('',#7788);
#7788 = AXIS2_PLACEMENT_3D('',#7789,#7790,#7791);
#7789 = CARTESIAN_POINT('',(-112.,-69.5,-15.49));
#7790 = DIRECTION('',(-0.707106781187,-0.707106781187,
    -8.659560562355E-17));
#7791 = DIRECTION('',(1.224646799147E-16,1.763056796328E-32,-1.));
#7792 = ADVANCED_FACE('',(#7793),#7807,.F.);
#7793 = FACE_BOUND('',#7794,.F.);
#7794 = EDGE_LOOP('',(#7795,#7801,#7802,#7803,#7804,#7805,#7806));
#7795 = ORIENTED_EDGE('',*,*,#7796,.T.);
#7796 = EDGE_CURVE('',#7725,#6089,#7797,.T.);
#7797 = LINE('',#7798,#7799);
#7798 = CARTESIAN_POINT('',(-107.7466666666,-80.24666666666,
    -6.743333333333));
#7799 = VECTOR('',#7800,1.);
#7800 = DIRECTION('',(0.57735026919,0.57735026919,-0.57735026919));
#7801 = ORIENTED_EDGE('',*,*,#6086,.F.);
#7802 = ORIENTED_EDGE('',*,*,#6118,.T.);
#7803 = ORIENTED_EDGE('',*,*,#7779,.F.);
#7804 = ORIENTED_EDGE('',*,*,#4147,.F.);
#7805 = ORIENTED_EDGE('',*,*,#4155,.T.);
#7806 = ORIENTED_EDGE('',*,*,#7724,.F.);
#7807 = PLANE('',#7808);
#7808 = AXIS2_PLACEMENT_3D('',#7809,#7810,#7811);
#7809 = CARTESIAN_POINT('',(-99.,-78.995,-7.995));
#7810 = DIRECTION('',(-3.613617858932E-16,0.707106781187,0.707106781187)
  );
#7811 = DIRECTION('',(-1.,-3.885780586188E-16,-1.224646799147E-16));
#7812 = ADVANCED_FACE('',(#7813,#7828),#7839,.F.);
#7813 = FACE_BOUND('',#7814,.T.);
#7814 = EDGE_LOOP('',(#7815,#7816,#7817,#7818,#7819,#7820,#7821,#7827));
#7815 = ORIENTED_EDGE('',*,*,#4205,.F.);
#7816 = ORIENTED_EDGE('',*,*,#4169,.F.);
#7817 = ORIENTED_EDGE('',*,*,#7732,.T.);
#7818 = ORIENTED_EDGE('',*,*,#7796,.T.);
#7819 = ORIENTED_EDGE('',*,*,#6104,.T.);
#7820 = ORIENTED_EDGE('',*,*,#6055,.F.);
#7821 = ORIENTED_EDGE('',*,*,#7822,.F.);
#7822 = EDGE_CURVE('',#4214,#6056,#7823,.T.);
#7823 = LINE('',#7824,#7825);
#7824 = CARTESIAN_POINT('',(-100.165,-88.835,-14.325));
#7825 = VECTOR('',#7826,1.);
#7826 = DIRECTION('',(-0.57735026919,0.57735026919,0.57735026919));
#7827 = ORIENTED_EDGE('',*,*,#4213,.F.);
#7828 = FACE_BOUND('',#7829,.T.);
#7829 = EDGE_LOOP('',(#7830));
#7830 = ORIENTED_EDGE('',*,*,#7831,.T.);
#7831 = EDGE_CURVE('',#7832,#7832,#7834,.T.);
#7832 = VERTEX_POINT('',#7833);
#7833 = CARTESIAN_POINT('',(-101.5,-85.,-12.99));
#7834 = ELLIPSE('',#7835,4.949747468306,3.5);
#7835 = AXIS2_PLACEMENT_3D('',#7836,#7837,#7838);
#7836 = CARTESIAN_POINT('',(-105.,-85.,-9.49));
#7837 = DIRECTION('',(0.707106781187,2.747661802697E-16,0.707106781187)
  );
#7838 = DIRECTION('',(0.707106781187,2.747661802697E-16,-0.707106781187)
  );
#7839 = PLANE('',#7840);
#7840 = AXIS2_PLACEMENT_3D('',#7841,#7842,#7843);
#7841 = CARTESIAN_POINT('',(-106.495,-94.,-7.995));
#7842 = DIRECTION('',(0.707106781187,2.747661802697E-16,0.707106781187)
  );
#7843 = DIRECTION('',(3.885780586188E-16,-1.,2.995651960736E-32));
#7844 = ADVANCED_FACE('',(#7845),#7851,.T.);
#7845 = FACE_BOUND('',#7846,.F.);
#7846 = EDGE_LOOP('',(#7847,#7848,#7849,#7850));
#7847 = ORIENTED_EDGE('',*,*,#7822,.F.);
#7848 = ORIENTED_EDGE('',*,*,#4221,.T.);
#7849 = ORIENTED_EDGE('',*,*,#6039,.F.);
#7850 = ORIENTED_EDGE('',*,*,#6072,.F.);
#7851 = PLANE('',#7852);
#7852 = AXIS2_PLACEMENT_3D('',#7853,#7854,#7855);
#7853 = CARTESIAN_POINT('',(-97.,-92.,-15.49));
#7854 = DIRECTION('',(-0.707106781187,-0.707106781187,
    -8.659560562355E-17));
#7855 = DIRECTION('',(-1.224646799147E-16,-1.763056796328E-32,1.));
#7856 = ADVANCED_FACE('',(#7857),#7862,.F.);
#7857 = FACE_BOUND('',#7858,.F.);
#7858 = EDGE_LOOP('',(#7859,#7860,#7861));
#7859 = ORIENTED_EDGE('',*,*,#6882,.F.);
#7860 = ORIENTED_EDGE('',*,*,#4283,.T.);
#7861 = ORIENTED_EDGE('',*,*,#4261,.F.);
#7862 = PLANE('',#7863);
#7863 = AXIS2_PLACEMENT_3D('',#7864,#7865,#7866);
#7864 = CARTESIAN_POINT('',(-98.,68.5,-2.));
#7865 = DIRECTION('',(-0.57735026919,0.57735026919,-0.57735026919));
#7866 = DIRECTION('',(-0.707106781187,-2.747661802697E-16,0.707106781187
    ));
#7867 = ADVANCED_FACE('',(#7868),#7874,.T.);
#7868 = FACE_BOUND('',#7869,.T.);
#7869 = EDGE_LOOP('',(#7870,#7871,#7872,#7873));
#7870 = ORIENTED_EDGE('',*,*,#6839,.F.);
#7871 = ORIENTED_EDGE('',*,*,#6861,.T.);
#7872 = ORIENTED_EDGE('',*,*,#4341,.F.);
#7873 = ORIENTED_EDGE('',*,*,#6823,.F.);
#7874 = PLANE('',#7875);
#7875 = AXIS2_PLACEMENT_3D('',#7876,#7877,#7878);
#7876 = CARTESIAN_POINT('',(-110.,67.5,-27.));
#7877 = DIRECTION('',(0.707106781187,-0.707106781187,8.659560562355E-17)
  );
#7878 = DIRECTION('',(-1.224646799147E-16,-1.763056796328E-32,1.));
#7879 = ADVANCED_FACE('',(#7880),#7885,.T.);
#7880 = FACE_BOUND('',#7881,.T.);
#7881 = EDGE_LOOP('',(#7882,#7883,#7884));
#7882 = ORIENTED_EDGE('',*,*,#6762,.F.);
#7883 = ORIENTED_EDGE('',*,*,#4453,.T.);
#7884 = ORIENTED_EDGE('',*,*,#4413,.F.);
#7885 = PLANE('',#7886);
#7886 = AXIS2_PLACEMENT_3D('',#7887,#7888,#7889);
#7887 = CARTESIAN_POINT('',(-98.,-68.5,-2.));
#7888 = DIRECTION('',(0.57735026919,0.57735026919,0.57735026919));
#7889 = DIRECTION('',(-0.707106781187,-2.747661802697E-16,0.707106781187
    ));
#7890 = ADVANCED_FACE('',(#7891),#7897,.T.);
#7891 = FACE_BOUND('',#7892,.T.);
#7892 = EDGE_LOOP('',(#7893,#7894,#7895,#7896));
#7893 = ORIENTED_EDGE('',*,*,#6801,.T.);
#7894 = ORIENTED_EDGE('',*,*,#6785,.T.);
#7895 = ORIENTED_EDGE('',*,*,#6816,.F.);
#7896 = ORIENTED_EDGE('',*,*,#4437,.T.);
#7897 = PLANE('',#7898);
#7898 = AXIS2_PLACEMENT_3D('',#7899,#7900,#7901);
#7899 = CARTESIAN_POINT('',(-110.,-67.5,-1.347111479062E-14));
#7900 = DIRECTION('',(0.707106781187,0.707106781187,8.659560562355E-17)
  );
#7901 = DIRECTION('',(1.224646799147E-16,1.763056796328E-32,-1.));
#7902 = ADVANCED_FACE('',(#7903),#7909,.F.);
#7903 = FACE_BOUND('',#7904,.F.);
#7904 = EDGE_LOOP('',(#7905,#7906,#7907,#7908));
#7905 = ORIENTED_EDGE('',*,*,#4484,.T.);
#7906 = ORIENTED_EDGE('',*,*,#4548,.F.);
#7907 = ORIENTED_EDGE('',*,*,#4606,.F.);
#7908 = ORIENTED_EDGE('',*,*,#4516,.T.);
#7909 = PLANE('',#7910);
#7910 = AXIS2_PLACEMENT_3D('',#7911,#7912,#7913);
#7911 = CARTESIAN_POINT('',(-104.9577216524,84.98437729704,-0.105));
#7912 = DIRECTION('',(-8.659560562355E-17,-8.659560562355E-17,-1.));
#7913 = DIRECTION('',(-2.22044604925E-16,-1.,8.659560562355E-17));
#7914 = ADVANCED_FACE('',(#7915),#7920,.F.);
#7915 = FACE_BOUND('',#7916,.F.);
#7916 = EDGE_LOOP('',(#7917,#7918,#7919));
#7917 = ORIENTED_EDGE('',*,*,#4589,.F.);
#7918 = ORIENTED_EDGE('',*,*,#4648,.T.);
#7919 = ORIENTED_EDGE('',*,*,#4630,.T.);
#7920 = PLANE('',#7921);
#7921 = AXIS2_PLACEMENT_3D('',#7922,#7923,#7924);
#7922 = CARTESIAN_POINT('',(-104.9577216524,84.98437729704,-0.105));
#7923 = DIRECTION('',(-8.659560562355E-17,-8.659560562355E-17,-1.));
#7924 = DIRECTION('',(-2.22044604925E-16,-1.,8.659560562355E-17));
#7925 = ADVANCED_FACE('',(#7926),#7931,.F.);
#7926 = FACE_BOUND('',#7927,.F.);
#7927 = EDGE_LOOP('',(#7928,#7929,#7930));
#7928 = ORIENTED_EDGE('',*,*,#4565,.F.);
#7929 = ORIENTED_EDGE('',*,*,#4689,.T.);
#7930 = ORIENTED_EDGE('',*,*,#4671,.T.);
#7931 = PLANE('',#7932);
#7932 = AXIS2_PLACEMENT_3D('',#7933,#7934,#7935);
#7933 = CARTESIAN_POINT('',(-104.9577216524,84.98437729704,-0.105));
#7934 = DIRECTION('',(-8.659560562355E-17,-8.659560562355E-17,-1.));
#7935 = DIRECTION('',(-2.22044604925E-16,-1.,8.659560562355E-17));
#7936 = ADVANCED_FACE('',(#7937,#7948),#7951,.T.);
#7937 = FACE_BOUND('',#7938,.T.);
#7938 = EDGE_LOOP('',(#7939));
#7939 = ORIENTED_EDGE('',*,*,#7940,.F.);
#7940 = EDGE_CURVE('',#7941,#7941,#7943,.T.);
#7941 = VERTEX_POINT('',#7942);
#7942 = CARTESIAN_POINT('',(-101.5,85.,-2.));
#7943 = CIRCLE('',#7944,3.5);
#7944 = AXIS2_PLACEMENT_3D('',#7945,#7946,#7947);
#7945 = CARTESIAN_POINT('',(-105.,85.,-2.));
#7946 = DIRECTION('',(-1.224646799147E-16,-1.763056796328E-32,1.));
#7947 = DIRECTION('',(1.,3.885780586188E-16,1.224646799147E-16));
#7948 = FACE_BOUND('',#7949,.T.);
#7949 = EDGE_LOOP('',(#7950));
#7950 = ORIENTED_EDGE('',*,*,#4540,.F.);
#7951 = PLANE('',#7952);
#7952 = AXIS2_PLACEMENT_3D('',#7953,#7954,#7955);
#7953 = CARTESIAN_POINT('',(-105.,-4.080069615497E-14,-2.));
#7954 = DIRECTION('',(1.224646799147E-16,1.763056796328E-32,-1.));
#7955 = DIRECTION('',(1.,3.885780586188E-16,1.224646799147E-16));
#7956 = ADVANCED_FACE('',(#7957),#7963,.F.);
#7957 = FACE_BOUND('',#7958,.F.);
#7958 = EDGE_LOOP('',(#7959,#7960,#7961,#7962));
#7959 = ORIENTED_EDGE('',*,*,#4731,.T.);
#7960 = ORIENTED_EDGE('',*,*,#4795,.F.);
#7961 = ORIENTED_EDGE('',*,*,#4853,.F.);
#7962 = ORIENTED_EDGE('',*,*,#4763,.T.);
#7963 = PLANE('',#7964);
#7964 = AXIS2_PLACEMENT_3D('',#7965,#7966,#7967);
#7965 = CARTESIAN_POINT('',(-104.9977216524,-84.97562270296,-0.145));
#7966 = DIRECTION('',(-8.659560562355E-17,-8.659560562355E-17,-1.));
#7967 = DIRECTION('',(-2.22044604925E-16,-1.,8.659560562355E-17));
#7968 = ADVANCED_FACE('',(#7969),#7974,.F.);
#7969 = FACE_BOUND('',#7970,.F.);
#7970 = EDGE_LOOP('',(#7971,#7972,#7973));
#7971 = ORIENTED_EDGE('',*,*,#4836,.F.);
#7972 = ORIENTED_EDGE('',*,*,#4895,.T.);
#7973 = ORIENTED_EDGE('',*,*,#4877,.T.);
#7974 = PLANE('',#7975);
#7975 = AXIS2_PLACEMENT_3D('',#7976,#7977,#7978);
#7976 = CARTESIAN_POINT('',(-104.9977216524,-84.97562270296,-0.145));
#7977 = DIRECTION('',(-8.659560562355E-17,-8.659560562355E-17,-1.));
#7978 = DIRECTION('',(-2.22044604925E-16,-1.,8.659560562355E-17));
#7979 = ADVANCED_FACE('',(#7980),#7985,.F.);
#7980 = FACE_BOUND('',#7981,.F.);
#7981 = EDGE_LOOP('',(#7982,#7983,#7984));
#7982 = ORIENTED_EDGE('',*,*,#4812,.F.);
#7983 = ORIENTED_EDGE('',*,*,#4936,.T.);
#7984 = ORIENTED_EDGE('',*,*,#4918,.T.);
#7985 = PLANE('',#7986);
#7986 = AXIS2_PLACEMENT_3D('',#7987,#7988,#7989);
#7987 = CARTESIAN_POINT('',(-104.9977216524,-84.97562270296,-0.145));
#7988 = DIRECTION('',(-8.659560562355E-17,-8.659560562355E-17,-1.));
#7989 = DIRECTION('',(-2.22044604925E-16,-1.,8.659560562355E-17));
#7990 = ADVANCED_FACE('',(#7991,#8002),#8005,.T.);
#7991 = FACE_BOUND('',#7992,.T.);
#7992 = EDGE_LOOP('',(#7993));
#7993 = ORIENTED_EDGE('',*,*,#7994,.F.);
#7994 = EDGE_CURVE('',#7995,#7995,#7997,.T.);
#7995 = VERTEX_POINT('',#7996);
#7996 = CARTESIAN_POINT('',(-101.5,-85.,-2.));
#7997 = CIRCLE('',#7998,3.5);
#7998 = AXIS2_PLACEMENT_3D('',#7999,#8000,#8001);
#7999 = CARTESIAN_POINT('',(-105.,-85.,-2.));
#8000 = DIRECTION('',(-1.224646799147E-16,-1.763056796328E-32,1.));
#8001 = DIRECTION('',(1.,3.885780586188E-16,1.224646799147E-16));
#8002 = FACE_BOUND('',#8003,.T.);
#8003 = EDGE_LOOP('',(#8004));
#8004 = ORIENTED_EDGE('',*,*,#4787,.F.);
#8005 = PLANE('',#8006);
#8006 = AXIS2_PLACEMENT_3D('',#8007,#8008,#8009);
#8007 = CARTESIAN_POINT('',(-105.,-4.080069615497E-14,-2.));
#8008 = DIRECTION('',(1.224646799147E-16,1.763056796328E-32,-1.));
#8009 = DIRECTION('',(1.,3.885780586188E-16,1.224646799147E-16));
#8010 = ADVANCED_FACE('',(#8011),#8022,.F.);
#8011 = FACE_BOUND('',#8012,.F.);
#8012 = EDGE_LOOP('',(#8013,#8019,#8020,#8021));
#8013 = ORIENTED_EDGE('',*,*,#8014,.T.);
#8014 = EDGE_CURVE('',#5035,#7941,#8015,.T.);
#8015 = LINE('',#8016,#8017);
#8016 = CARTESIAN_POINT('',(-101.5,85.,-15.));
#8017 = VECTOR('',#8018,1.);
#8018 = DIRECTION('',(-1.224646799147E-16,-1.763056796328E-32,1.));
#8019 = ORIENTED_EDGE('',*,*,#7940,.F.);
#8020 = ORIENTED_EDGE('',*,*,#8014,.F.);
#8021 = ORIENTED_EDGE('',*,*,#5034,.T.);
#8022 = CYLINDRICAL_SURFACE('',#8023,3.5);
#8023 = AXIS2_PLACEMENT_3D('',#8024,#8025,#8026);
#8024 = CARTESIAN_POINT('',(-105.,85.,-15.));
#8025 = DIRECTION('',(1.224646799147E-16,1.763056796328E-32,-1.));
#8026 = DIRECTION('',(1.,3.885780586188E-16,1.224646799147E-16));
#8027 = ADVANCED_FACE('',(#8028),#8033,.F.);
#8028 = FACE_BOUND('',#8029,.F.);
#8029 = EDGE_LOOP('',(#8030,#8031,#8032));
#8030 = ORIENTED_EDGE('',*,*,#6409,.F.);
#8031 = ORIENTED_EDGE('',*,*,#6385,.F.);
#8032 = ORIENTED_EDGE('',*,*,#6433,.F.);
#8033 = PLANE('',#8034);
#8034 = AXIS2_PLACEMENT_3D('',#8035,#8036,#8037);
#8035 = CARTESIAN_POINT('',(-4.504455110055,-91.1,-15.37782490126));
#8036 = DIRECTION('',(-2.948876798795E-16,-1.,-3.714698827088E-16));
#8037 = DIRECTION('',(0.51503807491,1.665334536938E-16,-0.857167300702)
  );
#8038 = ADVANCED_FACE('',(#8039),#8044,.F.);
#8039 = FACE_BOUND('',#8040,.F.);
#8040 = EDGE_LOOP('',(#8041,#8042,#8043));
#8041 = ORIENTED_EDGE('',*,*,#6450,.F.);
#8042 = ORIENTED_EDGE('',*,*,#6361,.F.);
#8043 = ORIENTED_EDGE('',*,*,#6474,.F.);
#8044 = PLANE('',#8045);
#8045 = AXIS2_PLACEMENT_3D('',#8046,#8047,#8048);
#8046 = CARTESIAN_POINT('',(-4.504455110055,-91.1,-15.37782490126));
#8047 = DIRECTION('',(-2.948876798795E-16,-1.,-3.714698827088E-16));
#8048 = DIRECTION('',(0.51503807491,1.665334536938E-16,-0.857167300702)
  );
#8049 = ADVANCED_FACE('',(#8050),#8055,.F.);
#8050 = FACE_BOUND('',#8051,.F.);
#8051 = EDGE_LOOP('',(#8052,#8053,#8054));
#8052 = ORIENTED_EDGE('',*,*,#6337,.F.);
#8053 = ORIENTED_EDGE('',*,*,#6515,.F.);
#8054 = ORIENTED_EDGE('',*,*,#6491,.F.);
#8055 = PLANE('',#8056);
#8056 = AXIS2_PLACEMENT_3D('',#8057,#8058,#8059);
#8057 = CARTESIAN_POINT('',(-4.504455110055,-91.1,-15.37782490126));
#8058 = DIRECTION('',(-2.948876798795E-16,-1.,-3.714698827088E-16));
#8059 = DIRECTION('',(0.51503807491,1.665334536938E-16,-0.857167300702)
  );
#8060 = ADVANCED_FACE('',(#8061),#8066,.F.);
#8061 = FACE_BOUND('',#8062,.F.);
#8062 = EDGE_LOOP('',(#8063,#8064,#8065));
#8063 = ORIENTED_EDGE('',*,*,#6621,.F.);
#8064 = ORIENTED_EDGE('',*,*,#6597,.F.);
#8065 = ORIENTED_EDGE('',*,*,#6645,.F.);
#8066 = PLANE('',#8067);
#8067 = AXIS2_PLACEMENT_3D('',#8068,#8069,#8070);
#8068 = CARTESIAN_POINT('',(-4.49148423146,-91.15,-6.060296701342));
#8069 = DIRECTION('',(-2.948876798795E-16,-1.,-3.714698827088E-16));
#8070 = DIRECTION('',(0.51503807491,1.665334536938E-16,-0.857167300702)
  );
#8071 = ADVANCED_FACE('',(#8072),#8077,.F.);
#8072 = FACE_BOUND('',#8073,.F.);
#8073 = EDGE_LOOP('',(#8074,#8075,#8076));
#8074 = ORIENTED_EDGE('',*,*,#6662,.F.);
#8075 = ORIENTED_EDGE('',*,*,#6573,.F.);
#8076 = ORIENTED_EDGE('',*,*,#6686,.F.);
#8077 = PLANE('',#8078);
#8078 = AXIS2_PLACEMENT_3D('',#8079,#8080,#8081);
#8079 = CARTESIAN_POINT('',(-4.49148423146,-91.15,-6.060296701342));
#8080 = DIRECTION('',(-2.948876798795E-16,-1.,-3.714698827088E-16));
#8081 = DIRECTION('',(0.51503807491,1.665334536938E-16,-0.857167300702)
  );
#8082 = ADVANCED_FACE('',(#8083),#8088,.F.);
#8083 = FACE_BOUND('',#8084,.F.);
#8084 = EDGE_LOOP('',(#8085,#8086,#8087));
#8085 = ORIENTED_EDGE('',*,*,#6549,.F.);
#8086 = ORIENTED_EDGE('',*,*,#6727,.F.);
#8087 = ORIENTED_EDGE('',*,*,#6703,.F.);
#8088 = PLANE('',#8089);
#8089 = AXIS2_PLACEMENT_3D('',#8090,#8091,#8092);
#8090 = CARTESIAN_POINT('',(-4.49148423146,-91.15,-6.060296701342));
#8091 = DIRECTION('',(-2.948876798795E-16,-1.,-3.714698827088E-16));
#8092 = DIRECTION('',(0.51503807491,1.665334536938E-16,-0.857167300702)
  );
#8093 = ADVANCED_FACE('',(#8094,#8097),#8174,.F.);
#8094 = FACE_BOUND('',#8095,.F.);
#8095 = EDGE_LOOP('',(#8096));
#8096 = ORIENTED_EDGE('',*,*,#6919,.T.);
#8097 = FACE_BOUND('',#8098,.F.);
#8098 = EDGE_LOOP('',(#8099,#8110,#8118,#8126,#8135,#8143,#8151,#8160,
    #8168));
#8099 = ORIENTED_EDGE('',*,*,#8100,.T.);
#8100 = EDGE_CURVE('',#8101,#8103,#8105,.T.);
#8101 = VERTEX_POINT('',#8102);
#8102 = CARTESIAN_POINT('',(-86.96571393989,-54.01863620594,
    -20.29049809265));
#8103 = VERTEX_POINT('',#8104);
#8104 = CARTESIAN_POINT('',(-85.07428596339,-52.92661962654,
    -20.29049809265));
#8105 = CIRCLE('',#8106,1.55);
#8106 = AXIS2_PLACEMENT_3D('',#8107,#8108,#8109);
#8107 = CARTESIAN_POINT('',(-86.57,-52.52,-20.29049809265));
#8108 = DIRECTION('',(8.659560562355E-17,8.659560562355E-17,1.));
#8109 = DIRECTION('',(-2.22044604925E-16,-1.,8.659560562355E-17));
#8110 = ORIENTED_EDGE('',*,*,#8111,.T.);
#8111 = EDGE_CURVE('',#8103,#8112,#8114,.T.);
#8112 = VERTEX_POINT('',#8113);
#8113 = CARTESIAN_POINT('',(-84.37,-52.51999988832,-20.29049809265));
#8114 = LINE('',#8115,#8116);
#8115 = CARTESIAN_POINT('',(-71.89807098423,-45.31932746964,
    -20.29049809265));
#8116 = VECTOR('',#8117,1.);
#8117 = DIRECTION('',(0.866025378404,0.50000004396,1.060575207643E-16));
#8118 = ORIENTED_EDGE('',*,*,#8119,.T.);
#8119 = EDGE_CURVE('',#8112,#8120,#8122,.T.);
#8120 = VERTEX_POINT('',#8121);
#8121 = CARTESIAN_POINT('',(-85.07428600467,-52.1133802216,
    -20.29049809265));
#8122 = LINE('',#8123,#8124);
#8123 = CARTESIAN_POINT('',(-100.1269825062,-43.42270286318,
    -20.29049809265));
#8124 = VECTOR('',#8125,1.);
#8125 = DIRECTION('',(-0.866025429165,0.49999995604,-1.060575269807E-16)
  );
#8126 = ORIENTED_EDGE('',*,*,#8127,.T.);
#8127 = EDGE_CURVE('',#8120,#8128,#8130,.T.);
#8128 = VERTEX_POINT('',#8129);
#8129 = CARTESIAN_POINT('',(-86.96571409204,-51.02136383422,
    -20.29049809265));
#8130 = CIRCLE('',#8131,1.55);
#8131 = AXIS2_PLACEMENT_3D('',#8132,#8133,#8134);
#8132 = CARTESIAN_POINT('',(-86.57,-52.52,-20.29049809265));
#8133 = DIRECTION('',(8.659560562355E-17,8.659560562355E-17,1.));
#8134 = DIRECTION('',(-2.22044604925E-16,-1.,8.659560562355E-17));
#8135 = ORIENTED_EDGE('',*,*,#8136,.T.);
#8136 = EDGE_CURVE('',#8128,#8137,#8139,.T.);
#8137 = VERTEX_POINT('',#8138);
#8138 = CARTESIAN_POINT('',(-87.67000009671,-50.61474416751,
    -20.29049809265));
#8139 = LINE('',#8140,#8141);
#8140 = CARTESIAN_POINT('',(-100.1269825062,-43.42270286318,
    -20.29049809265));
#8141 = VECTOR('',#8142,1.);
#8142 = DIRECTION('',(-0.866025429165,0.49999995604,-1.060575269807E-16)
  );
#8143 = ORIENTED_EDGE('',*,*,#8144,.T.);
#8144 = EDGE_CURVE('',#8137,#8145,#8147,.T.);
#8145 = VERTEX_POINT('',#8146);
#8146 = CARTESIAN_POINT('',(-87.67000005543,-51.42798357244,
    -20.29049809265));
#8147 = LINE('',#8148,#8149);
#8148 = CARTESIAN_POINT('',(-87.67000150953,-22.78194466717,
    -20.29049809265));
#8149 = VECTOR('',#8150,1.);
#8150 = DIRECTION('',(5.076101552796E-08,-1.,6.216431501147E-24));
#8151 = ORIENTED_EDGE('',*,*,#8152,.T.);
#8152 = EDGE_CURVE('',#8145,#8153,#8155,.T.);
#8153 = VERTEX_POINT('',#8154);
#8154 = CARTESIAN_POINT('',(-87.66999994456,-53.61201653922,
    -20.29049809265));
#8155 = CIRCLE('',#8156,1.55);
#8156 = AXIS2_PLACEMENT_3D('',#8157,#8158,#8159);
#8157 = CARTESIAN_POINT('',(-86.57,-52.52,-20.29049809265));
#8158 = DIRECTION('',(8.659560562355E-17,8.659560562355E-17,1.));
#8159 = DIRECTION('',(-2.22044604925E-16,-1.,8.659560562355E-17));
#8160 = ORIENTED_EDGE('',*,*,#8161,.T.);
#8161 = EDGE_CURVE('',#8153,#8162,#8164,.T.);
#8162 = VERTEX_POINT('',#8163);
#8163 = CARTESIAN_POINT('',(-87.66999990328,-54.42525594416,
    -20.29049809265));
#8164 = LINE('',#8165,#8166);
#8165 = CARTESIAN_POINT('',(-87.67000150953,-22.78194466717,
    -20.29049809265));
#8166 = VECTOR('',#8167,1.);
#8167 = DIRECTION('',(5.076101552796E-08,-1.,6.216431501147E-24));
#8168 = ORIENTED_EDGE('',*,*,#8169,.T.);
#8169 = EDGE_CURVE('',#8162,#8101,#8170,.T.);
#8170 = LINE('',#8171,#8172);
#8171 = CARTESIAN_POINT('',(-71.89807098423,-45.31932746964,
    -20.29049809265));
#8172 = VECTOR('',#8173,1.);
#8173 = DIRECTION('',(0.866025378404,0.50000004396,1.060575207643E-16));
#8174 = PLANE('',#8175);
#8175 = AXIS2_PLACEMENT_3D('',#8176,#8177,#8178);
#8176 = CARTESIAN_POINT('',(-86.55007333333,8.861366666667,
    -20.29049809265));
#8177 = DIRECTION('',(1.224646799147E-16,1.763056796328E-32,-1.));
#8178 = DIRECTION('',(1.,3.885780586188E-16,1.224646799147E-16));
#8179 = ADVANCED_FACE('',(#8180,#8183),#8260,.F.);
#8180 = FACE_BOUND('',#8181,.F.);
#8181 = EDGE_LOOP('',(#8182));
#8182 = ORIENTED_EDGE('',*,*,#6944,.T.);
#8183 = FACE_BOUND('',#8184,.F.);
#8184 = EDGE_LOOP('',(#8185,#8196,#8204,#8212,#8221,#8229,#8237,#8246,
    #8254));
#8185 = ORIENTED_EDGE('',*,*,#8186,.T.);
#8186 = EDGE_CURVE('',#8187,#8189,#8191,.T.);
#8187 = VERTEX_POINT('',#8188);
#8188 = CARTESIAN_POINT('',(-86.96571393989,61.011363794054,
    -20.29049809265));
#8189 = VERTEX_POINT('',#8190);
#8190 = CARTESIAN_POINT('',(-85.07428596339,62.103380373457,
    -20.29049809265));
#8191 = CIRCLE('',#8192,1.55);
#8192 = AXIS2_PLACEMENT_3D('',#8193,#8194,#8195);
#8193 = CARTESIAN_POINT('',(-86.57,62.51,-20.29049809265));
#8194 = DIRECTION('',(8.659560562355E-17,8.659560562355E-17,1.));
#8195 = DIRECTION('',(-2.22044604925E-16,-1.,8.659560562355E-17));
#8196 = ORIENTED_EDGE('',*,*,#8197,.T.);
#8197 = EDGE_CURVE('',#8189,#8198,#8200,.T.);
#8198 = VERTEX_POINT('',#8199);
#8199 = CARTESIAN_POINT('',(-84.37,62.510000111674,-20.29049809265));
#8200 = LINE('',#8201,#8202);
#8201 = CARTESIAN_POINT('',(-96.80279799331,55.33192000199,
    -20.29049809265));
#8202 = VECTOR('',#8203,1.);
#8203 = DIRECTION('',(0.866025378404,0.50000004396,1.060575207643E-16));
#8204 = ORIENTED_EDGE('',*,*,#8205,.T.);
#8205 = EDGE_CURVE('',#8198,#8206,#8208,.T.);
#8206 = VERTEX_POINT('',#8207);
#8207 = CARTESIAN_POINT('',(-85.07428600467,62.916619778391,
    -20.29049809265));
#8208 = LINE('',#8209,#8210);
#8209 = CARTESIAN_POINT('',(-75.22225841666,57.228549665184,
    -20.29049809265));
#8210 = VECTOR('',#8211,1.);
#8211 = DIRECTION('',(-0.866025429165,0.49999995604,-1.060575269807E-16)
  );
#8212 = ORIENTED_EDGE('',*,*,#8213,.T.);
#8213 = EDGE_CURVE('',#8206,#8214,#8216,.T.);
#8214 = VERTEX_POINT('',#8215);
#8215 = CARTESIAN_POINT('',(-86.96571409204,64.008636165772,
    -20.29049809265));
#8216 = CIRCLE('',#8217,1.55);
#8217 = AXIS2_PLACEMENT_3D('',#8218,#8219,#8220);
#8218 = CARTESIAN_POINT('',(-86.57,62.51,-20.29049809265));
#8219 = DIRECTION('',(8.659560562355E-17,8.659560562355E-17,1.));
#8220 = DIRECTION('',(-2.22044604925E-16,-1.,8.659560562355E-17));
#8221 = ORIENTED_EDGE('',*,*,#8222,.T.);
#8222 = EDGE_CURVE('',#8214,#8223,#8225,.T.);
#8223 = VERTEX_POINT('',#8224);
#8224 = CARTESIAN_POINT('',(-87.67000009671,64.415255832489,
    -20.29049809265));
#8225 = LINE('',#8226,#8227);
#8226 = CARTESIAN_POINT('',(-75.22225841666,57.228549665184,
    -20.29049809265));
#8227 = VECTOR('',#8228,1.);
#8228 = DIRECTION('',(-0.866025429165,0.49999995604,-1.060575269807E-16)
  );
#8229 = ORIENTED_EDGE('',*,*,#8230,.T.);
#8230 = EDGE_CURVE('',#8223,#8231,#8233,.T.);
#8231 = VERTEX_POINT('',#8232);
#8232 = CARTESIAN_POINT('',(-87.67000005543,63.602016427555,
    -20.29049809265));
#8233 = LINE('',#8234,#8235);
#8234 = CARTESIAN_POINT('',(-87.66999859001,34.733055332828,
    -20.29049809265));
#8235 = VECTOR('',#8236,1.);
#8236 = DIRECTION('',(5.076101552796E-08,-1.,6.216431501147E-24));
#8237 = ORIENTED_EDGE('',*,*,#8238,.T.);
#8238 = EDGE_CURVE('',#8231,#8239,#8241,.T.);
#8239 = VERTEX_POINT('',#8240);
#8240 = CARTESIAN_POINT('',(-87.66999994456,61.417983460771,
    -20.29049809265));
#8241 = CIRCLE('',#8242,1.55);
#8242 = AXIS2_PLACEMENT_3D('',#8243,#8244,#8245);
#8243 = CARTESIAN_POINT('',(-86.57,62.51,-20.29049809265));
#8244 = DIRECTION('',(8.659560562355E-17,8.659560562355E-17,1.));
#8245 = DIRECTION('',(-2.22044604925E-16,-1.,8.659560562355E-17));
#8246 = ORIENTED_EDGE('',*,*,#8247,.T.);
#8247 = EDGE_CURVE('',#8239,#8248,#8250,.T.);
#8248 = VERTEX_POINT('',#8249);
#8249 = CARTESIAN_POINT('',(-87.66999990328,60.604744055837,
    -20.29049809265));
#8250 = LINE('',#8251,#8252);
#8251 = CARTESIAN_POINT('',(-87.66999859001,34.733055332828,
    -20.29049809265));
#8252 = VECTOR('',#8253,1.);
#8253 = DIRECTION('',(5.076101552796E-08,-1.,6.216431501147E-24));
#8254 = ORIENTED_EDGE('',*,*,#8255,.T.);
#8255 = EDGE_CURVE('',#8248,#8187,#8256,.T.);
#8256 = LINE('',#8257,#8258);
#8257 = CARTESIAN_POINT('',(-96.80279799331,55.33192000199,
    -20.29049809265));
#8258 = VECTOR('',#8259,1.);
#8259 = DIRECTION('',(0.866025378404,0.50000004396,1.060575207643E-16));
#8260 = PLANE('',#8261);
#8261 = AXIS2_PLACEMENT_3D('',#8262,#8263,#8264);
#8262 = CARTESIAN_POINT('',(-86.55007333333,8.861366666667,
    -20.29049809265));
#8263 = DIRECTION('',(1.224646799147E-16,1.763056796328E-32,-1.));
#8264 = DIRECTION('',(1.,3.885780586188E-16,1.224646799147E-16));
#8265 = ADVANCED_FACE('',(#8266),#8277,.F.);
#8266 = FACE_BOUND('',#8267,.F.);
#8267 = EDGE_LOOP('',(#8268,#8274,#8275,#8276));
#8268 = ORIENTED_EDGE('',*,*,#8269,.T.);
#8269 = EDGE_CURVE('',#7832,#7995,#8270,.T.);
#8270 = LINE('',#8271,#8272);
#8271 = CARTESIAN_POINT('',(-101.5,-85.,-15.));
#8272 = VECTOR('',#8273,1.);
#8273 = DIRECTION('',(-1.224646799147E-16,-1.763056796328E-32,1.));
#8274 = ORIENTED_EDGE('',*,*,#7994,.F.);
#8275 = ORIENTED_EDGE('',*,*,#8269,.F.);
#8276 = ORIENTED_EDGE('',*,*,#7831,.T.);
#8277 = CYLINDRICAL_SURFACE('',#8278,3.5);
#8278 = AXIS2_PLACEMENT_3D('',#8279,#8280,#8281);
#8279 = CARTESIAN_POINT('',(-105.,-85.,-15.));
#8280 = DIRECTION('',(1.224646799147E-16,1.763056796328E-32,-1.));
#8281 = DIRECTION('',(1.,3.885780586188E-16,1.224646799147E-16));
#8282 = ADVANCED_FACE('',(#8283),#8318,.F.);
#8283 = FACE_BOUND('',#8284,.F.);
#8284 = EDGE_LOOP('',(#8285,#8293,#8294,#8302,#8311));
#8285 = ORIENTED_EDGE('',*,*,#8286,.T.);
#8286 = EDGE_CURVE('',#8287,#8103,#8289,.T.);
#8287 = VERTEX_POINT('',#8288);
#8288 = CARTESIAN_POINT('',(-85.07428596339,-52.92661962654,-27.14));
#8289 = LINE('',#8290,#8291);
#8290 = CARTESIAN_POINT('',(-85.07428596339,-52.92661962654,-20.14));
#8291 = VECTOR('',#8292,1.);
#8292 = DIRECTION('',(8.659560562355E-17,8.659560562355E-17,1.));
#8293 = ORIENTED_EDGE('',*,*,#8100,.F.);
#8294 = ORIENTED_EDGE('',*,*,#8295,.F.);
#8295 = EDGE_CURVE('',#8296,#8101,#8298,.T.);
#8296 = VERTEX_POINT('',#8297);
#8297 = CARTESIAN_POINT('',(-86.96571393989,-54.01863620594,-27.14));
#8298 = LINE('',#8299,#8300);
#8299 = CARTESIAN_POINT('',(-86.96571393989,-54.01863620594,-20.14));
#8300 = VECTOR('',#8301,1.);
#8301 = DIRECTION('',(8.659560562355E-17,8.659560562355E-17,1.));
#8302 = ORIENTED_EDGE('',*,*,#8303,.F.);
#8303 = EDGE_CURVE('',#8304,#8296,#8306,.T.);
#8304 = VERTEX_POINT('',#8305);
#8305 = CARTESIAN_POINT('',(-86.57,-54.07,-27.14));
#8306 = CIRCLE('',#8307,1.55);
#8307 = AXIS2_PLACEMENT_3D('',#8308,#8309,#8310);
#8308 = CARTESIAN_POINT('',(-86.57,-52.52,-27.14));
#8309 = DIRECTION('',(-8.659560562355E-17,-8.659560562355E-17,-1.));
#8310 = DIRECTION('',(-2.22044604925E-16,-1.,8.659560562355E-17));
#8311 = ORIENTED_EDGE('',*,*,#8312,.F.);
#8312 = EDGE_CURVE('',#8287,#8304,#8313,.T.);
#8313 = CIRCLE('',#8314,1.55);
#8314 = AXIS2_PLACEMENT_3D('',#8315,#8316,#8317);
#8315 = CARTESIAN_POINT('',(-86.57,-52.52,-27.14));
#8316 = DIRECTION('',(-8.659560562355E-17,-8.659560562355E-17,-1.));
#8317 = DIRECTION('',(-2.22044604925E-16,-1.,8.659560562355E-17));
#8318 = CYLINDRICAL_SURFACE('',#8319,1.55);
#8319 = AXIS2_PLACEMENT_3D('',#8320,#8321,#8322);
#8320 = CARTESIAN_POINT('',(-86.57,-52.52,-20.14));
#8321 = DIRECTION('',(8.659560562355E-17,8.659560562355E-17,1.));
#8322 = DIRECTION('',(-2.22044604925E-16,-1.,8.659560562355E-17));
#8323 = ADVANCED_FACE('',(#8324),#8342,.T.);
#8324 = FACE_BOUND('',#8325,.T.);
#8325 = EDGE_LOOP('',(#8326,#8327,#8328,#8336));
#8326 = ORIENTED_EDGE('',*,*,#8169,.T.);
#8327 = ORIENTED_EDGE('',*,*,#8295,.F.);
#8328 = ORIENTED_EDGE('',*,*,#8329,.T.);
#8329 = EDGE_CURVE('',#8296,#8330,#8332,.T.);
#8330 = VERTEX_POINT('',#8331);
#8331 = CARTESIAN_POINT('',(-87.66999990328,-54.42525594416,-27.14));
#8332 = LINE('',#8333,#8334);
#8333 = CARTESIAN_POINT('',(-84.37,-52.51999988832,-27.14));
#8334 = VECTOR('',#8335,1.);
#8335 = DIRECTION('',(-0.866025378404,-0.50000004396,1.182917987468E-16)
  );
#8336 = ORIENTED_EDGE('',*,*,#8337,.F.);
#8337 = EDGE_CURVE('',#8162,#8330,#8338,.T.);
#8338 = LINE('',#8339,#8340);
#8339 = CARTESIAN_POINT('',(-87.66999990328,-54.42525594416,-20.14));
#8340 = VECTOR('',#8341,1.);
#8341 = DIRECTION('',(-8.659560562355E-17,-8.659560562355E-17,-1.));
#8342 = PLANE('',#8343);
#8343 = AXIS2_PLACEMENT_3D('',#8344,#8345,#8346);
#8344 = CARTESIAN_POINT('',(-84.37,-52.51999988832,-20.14));
#8345 = DIRECTION('',(-0.50000004396,0.866025378404,-3.169618550974E-17)
  );
#8346 = DIRECTION('',(-0.866025378404,-0.50000004396,1.182917987468E-16)
  );
#8347 = ADVANCED_FACE('',(#8348),#8366,.T.);
#8348 = FACE_BOUND('',#8349,.T.);
#8349 = EDGE_LOOP('',(#8350,#8351,#8352,#8360));
#8350 = ORIENTED_EDGE('',*,*,#8161,.T.);
#8351 = ORIENTED_EDGE('',*,*,#8337,.T.);
#8352 = ORIENTED_EDGE('',*,*,#8353,.T.);
#8353 = EDGE_CURVE('',#8330,#8354,#8356,.T.);
#8354 = VERTEX_POINT('',#8355);
#8355 = CARTESIAN_POINT('',(-87.66999994456,-53.61201653922,-27.14));
#8356 = LINE('',#8357,#8358);
#8357 = CARTESIAN_POINT('',(-87.66999990328,-54.42525594416,-27.14));
#8358 = VECTOR('',#8359,1.);
#8359 = DIRECTION('',(-5.076101552796E-08,1.,-8.659560122787E-17));
#8360 = ORIENTED_EDGE('',*,*,#8361,.T.);
#8361 = EDGE_CURVE('',#8354,#8153,#8362,.T.);
#8362 = LINE('',#8363,#8364);
#8363 = CARTESIAN_POINT('',(-87.66999994456,-53.61201653922,-20.14));
#8364 = VECTOR('',#8365,1.);
#8365 = DIRECTION('',(8.659560562355E-17,8.659560562355E-17,1.));
#8366 = PLANE('',#8367);
#8367 = AXIS2_PLACEMENT_3D('',#8368,#8369,#8370);
#8368 = CARTESIAN_POINT('',(-87.66999990328,-54.42525594416,-20.14));
#8369 = DIRECTION('',(1.,5.076101552796E-08,-8.659561001923E-17));
#8370 = DIRECTION('',(-5.076101552796E-08,1.,-8.659560122787E-17));
#8371 = ADVANCED_FACE('',(#8372),#8391,.F.);
#8372 = FACE_BOUND('',#8373,.F.);
#8373 = EDGE_LOOP('',(#8374,#8382,#8389,#8390));
#8374 = ORIENTED_EDGE('',*,*,#8375,.F.);
#8375 = EDGE_CURVE('',#8376,#8145,#8378,.T.);
#8376 = VERTEX_POINT('',#8377);
#8377 = CARTESIAN_POINT('',(-87.67000005543,-51.42798357244,-27.14));
#8378 = LINE('',#8379,#8380);
#8379 = CARTESIAN_POINT('',(-87.67000005543,-51.42798357244,-20.14));
#8380 = VECTOR('',#8381,1.);
#8381 = DIRECTION('',(8.659560562355E-17,8.659560562355E-17,1.));
#8382 = ORIENTED_EDGE('',*,*,#8383,.F.);
#8383 = EDGE_CURVE('',#8354,#8376,#8384,.T.);
#8384 = CIRCLE('',#8385,1.55);
#8385 = AXIS2_PLACEMENT_3D('',#8386,#8387,#8388);
#8386 = CARTESIAN_POINT('',(-86.57,-52.52,-27.14));
#8387 = DIRECTION('',(-8.659560562355E-17,-8.659560562355E-17,-1.));
#8388 = DIRECTION('',(-2.22044604925E-16,-1.,8.659560562355E-17));
#8389 = ORIENTED_EDGE('',*,*,#8361,.T.);
#8390 = ORIENTED_EDGE('',*,*,#8152,.F.);
#8391 = CYLINDRICAL_SURFACE('',#8392,1.55);
#8392 = AXIS2_PLACEMENT_3D('',#8393,#8394,#8395);
#8393 = CARTESIAN_POINT('',(-86.57,-52.52,-20.14));
#8394 = DIRECTION('',(8.659560562355E-17,8.659560562355E-17,1.));
#8395 = DIRECTION('',(-2.22044604925E-16,-1.,8.659560562355E-17));
#8396 = ADVANCED_FACE('',(#8397),#8415,.T.);
#8397 = FACE_BOUND('',#8398,.T.);
#8398 = EDGE_LOOP('',(#8399,#8400,#8401,#8409));
#8399 = ORIENTED_EDGE('',*,*,#8144,.T.);
#8400 = ORIENTED_EDGE('',*,*,#8375,.F.);
#8401 = ORIENTED_EDGE('',*,*,#8402,.T.);
#8402 = EDGE_CURVE('',#8376,#8403,#8405,.T.);
#8403 = VERTEX_POINT('',#8404);
#8404 = CARTESIAN_POINT('',(-87.67000009671,-50.61474416751,-27.14));
#8405 = LINE('',#8406,#8407);
#8406 = CARTESIAN_POINT('',(-87.66999990328,-54.42525594416,-27.14));
#8407 = VECTOR('',#8408,1.);
#8408 = DIRECTION('',(-5.076101552796E-08,1.,-8.659560122787E-17));
#8409 = ORIENTED_EDGE('',*,*,#8410,.F.);
#8410 = EDGE_CURVE('',#8137,#8403,#8411,.T.);
#8411 = LINE('',#8412,#8413);
#8412 = CARTESIAN_POINT('',(-87.67000009671,-50.61474416751,-20.14));
#8413 = VECTOR('',#8414,1.);
#8414 = DIRECTION('',(-8.659560562355E-17,-8.659560562355E-17,-1.));
#8415 = PLANE('',#8416);
#8416 = AXIS2_PLACEMENT_3D('',#8417,#8418,#8419);
#8417 = CARTESIAN_POINT('',(-87.66999990328,-54.42525594416,-20.14));
#8418 = DIRECTION('',(1.,5.076101552796E-08,-8.659561001923E-17));
#8419 = DIRECTION('',(-5.076101552796E-08,1.,-8.659560122787E-17));
#8420 = ADVANCED_FACE('',(#8421),#8439,.T.);
#8421 = FACE_BOUND('',#8422,.T.);
#8422 = EDGE_LOOP('',(#8423,#8424,#8425,#8433));
#8423 = ORIENTED_EDGE('',*,*,#8136,.T.);
#8424 = ORIENTED_EDGE('',*,*,#8410,.T.);
#8425 = ORIENTED_EDGE('',*,*,#8426,.T.);
#8426 = EDGE_CURVE('',#8403,#8427,#8429,.T.);
#8427 = VERTEX_POINT('',#8428);
#8428 = CARTESIAN_POINT('',(-86.96571409204,-51.02136383422,-27.14));
#8429 = LINE('',#8430,#8431);
#8430 = CARTESIAN_POINT('',(-87.67000009671,-50.61474416751,-27.14));
#8431 = VECTOR('',#8432,1.);
#8432 = DIRECTION('',(0.866025429165,-0.49999995604,-3.16961975189E-17)
  );
#8433 = ORIENTED_EDGE('',*,*,#8434,.T.);
#8434 = EDGE_CURVE('',#8427,#8128,#8435,.T.);
#8435 = LINE('',#8436,#8437);
#8436 = CARTESIAN_POINT('',(-86.96571409204,-51.02136383422,-20.14));
#8437 = VECTOR('',#8438,1.);
#8438 = DIRECTION('',(8.659560562355E-17,8.659560562355E-17,1.));
#8439 = PLANE('',#8440);
#8440 = AXIS2_PLACEMENT_3D('',#8441,#8442,#8443);
#8441 = CARTESIAN_POINT('',(-87.67000009671,-50.61474416751,-20.14));
#8442 = DIRECTION('',(-0.49999995604,-0.866025429165,1.182917955289E-16)
  );
#8443 = DIRECTION('',(0.866025429165,-0.49999995604,-3.16961975189E-17)
  );
#8444 = ADVANCED_FACE('',(#8445),#8464,.F.);
#8445 = FACE_BOUND('',#8446,.F.);
#8446 = EDGE_LOOP('',(#8447,#8456,#8457,#8458));
#8447 = ORIENTED_EDGE('',*,*,#8448,.F.);
#8448 = EDGE_CURVE('',#8427,#8449,#8451,.T.);
#8449 = VERTEX_POINT('',#8450);
#8450 = CARTESIAN_POINT('',(-85.07428600467,-52.1133802216,-27.14));
#8451 = CIRCLE('',#8452,1.55);
#8452 = AXIS2_PLACEMENT_3D('',#8453,#8454,#8455);
#8453 = CARTESIAN_POINT('',(-86.57,-52.52,-27.14));
#8454 = DIRECTION('',(-8.659560562355E-17,-8.659560562355E-17,-1.));
#8455 = DIRECTION('',(-2.22044604925E-16,-1.,8.659560562355E-17));
#8456 = ORIENTED_EDGE('',*,*,#8434,.T.);
#8457 = ORIENTED_EDGE('',*,*,#8127,.F.);
#8458 = ORIENTED_EDGE('',*,*,#8459,.F.);
#8459 = EDGE_CURVE('',#8449,#8120,#8460,.T.);
#8460 = LINE('',#8461,#8462);
#8461 = CARTESIAN_POINT('',(-85.07428600467,-52.1133802216,-20.14));
#8462 = VECTOR('',#8463,1.);
#8463 = DIRECTION('',(8.659560562355E-17,8.659560562355E-17,1.));
#8464 = CYLINDRICAL_SURFACE('',#8465,1.55);
#8465 = AXIS2_PLACEMENT_3D('',#8466,#8467,#8468);
#8466 = CARTESIAN_POINT('',(-86.57,-52.52,-20.14));
#8467 = DIRECTION('',(8.659560562355E-17,8.659560562355E-17,1.));
#8468 = DIRECTION('',(-2.22044604925E-16,-1.,8.659560562355E-17));
#8469 = ADVANCED_FACE('',(#8470),#8488,.T.);
#8470 = FACE_BOUND('',#8471,.T.);
#8471 = EDGE_LOOP('',(#8472,#8473,#8474,#8482));
#8472 = ORIENTED_EDGE('',*,*,#8119,.T.);
#8473 = ORIENTED_EDGE('',*,*,#8459,.F.);
#8474 = ORIENTED_EDGE('',*,*,#8475,.T.);
#8475 = EDGE_CURVE('',#8449,#8476,#8478,.T.);
#8476 = VERTEX_POINT('',#8477);
#8477 = CARTESIAN_POINT('',(-84.37,-52.51999988832,-27.14));
#8478 = LINE('',#8479,#8480);
#8479 = CARTESIAN_POINT('',(-87.67000009671,-50.61474416751,-27.14));
#8480 = VECTOR('',#8481,1.);
#8481 = DIRECTION('',(0.866025429165,-0.49999995604,-3.16961975189E-17)
  );
#8482 = ORIENTED_EDGE('',*,*,#8483,.F.);
#8483 = EDGE_CURVE('',#8112,#8476,#8484,.T.);
#8484 = LINE('',#8485,#8486);
#8485 = CARTESIAN_POINT('',(-84.37,-52.51999988832,-20.14));
#8486 = VECTOR('',#8487,1.);
#8487 = DIRECTION('',(-8.659560562355E-17,-8.659560562355E-17,-1.));
#8488 = PLANE('',#8489);
#8489 = AXIS2_PLACEMENT_3D('',#8490,#8491,#8492);
#8490 = CARTESIAN_POINT('',(-87.67000009671,-50.61474416751,-20.14));
#8491 = DIRECTION('',(-0.49999995604,-0.866025429165,1.182917955289E-16)
  );
#8492 = DIRECTION('',(0.866025429165,-0.49999995604,-3.16961975189E-17)
  );
#8493 = ADVANCED_FACE('',(#8494),#8505,.T.);
#8494 = FACE_BOUND('',#8495,.T.);
#8495 = EDGE_LOOP('',(#8496,#8497,#8498,#8504));
#8496 = ORIENTED_EDGE('',*,*,#8111,.T.);
#8497 = ORIENTED_EDGE('',*,*,#8483,.T.);
#8498 = ORIENTED_EDGE('',*,*,#8499,.T.);
#8499 = EDGE_CURVE('',#8476,#8287,#8500,.T.);
#8500 = LINE('',#8501,#8502);
#8501 = CARTESIAN_POINT('',(-84.37,-52.51999988832,-27.14));
#8502 = VECTOR('',#8503,1.);
#8503 = DIRECTION('',(-0.866025378404,-0.50000004396,1.182917987468E-16)
  );
#8504 = ORIENTED_EDGE('',*,*,#8286,.T.);
#8505 = PLANE('',#8506);
#8506 = AXIS2_PLACEMENT_3D('',#8507,#8508,#8509);
#8507 = CARTESIAN_POINT('',(-84.37,-52.51999988832,-20.14));
#8508 = DIRECTION('',(-0.50000004396,0.866025378404,-3.169618550974E-17)
  );
#8509 = DIRECTION('',(-0.866025378404,-0.50000004396,1.182917987468E-16)
  );
#8510 = ADVANCED_FACE('',(#8511),#8546,.F.);
#8511 = FACE_BOUND('',#8512,.F.);
#8512 = EDGE_LOOP('',(#8513,#8521,#8522,#8530,#8539));
#8513 = ORIENTED_EDGE('',*,*,#8514,.T.);
#8514 = EDGE_CURVE('',#8515,#8189,#8517,.T.);
#8515 = VERTEX_POINT('',#8516);
#8516 = CARTESIAN_POINT('',(-85.07428596339,62.103380373457,-27.15));
#8517 = LINE('',#8518,#8519);
#8518 = CARTESIAN_POINT('',(-85.07428596339,62.103380373457,-20.15));
#8519 = VECTOR('',#8520,1.);
#8520 = DIRECTION('',(8.659560562355E-17,8.659560562355E-17,1.));
#8521 = ORIENTED_EDGE('',*,*,#8186,.F.);
#8522 = ORIENTED_EDGE('',*,*,#8523,.F.);
#8523 = EDGE_CURVE('',#8524,#8187,#8526,.T.);
#8524 = VERTEX_POINT('',#8525);
#8525 = CARTESIAN_POINT('',(-86.96571393989,61.011363794054,-27.15));
#8526 = LINE('',#8527,#8528);
#8527 = CARTESIAN_POINT('',(-86.96571393989,61.011363794054,-20.15));
#8528 = VECTOR('',#8529,1.);
#8529 = DIRECTION('',(8.659560562355E-17,8.659560562355E-17,1.));
#8530 = ORIENTED_EDGE('',*,*,#8531,.F.);
#8531 = EDGE_CURVE('',#8532,#8524,#8534,.T.);
#8532 = VERTEX_POINT('',#8533);
#8533 = CARTESIAN_POINT('',(-86.57,60.96,-27.15));
#8534 = CIRCLE('',#8535,1.55);
#8535 = AXIS2_PLACEMENT_3D('',#8536,#8537,#8538);
#8536 = CARTESIAN_POINT('',(-86.57,62.51,-27.15));
#8537 = DIRECTION('',(-8.659560562355E-17,-8.659560562355E-17,-1.));
#8538 = DIRECTION('',(-2.22044604925E-16,-1.,8.659560562355E-17));
#8539 = ORIENTED_EDGE('',*,*,#8540,.F.);
#8540 = EDGE_CURVE('',#8515,#8532,#8541,.T.);
#8541 = CIRCLE('',#8542,1.55);
#8542 = AXIS2_PLACEMENT_3D('',#8543,#8544,#8545);
#8543 = CARTESIAN_POINT('',(-86.57,62.51,-27.15));
#8544 = DIRECTION('',(-8.659560562355E-17,-8.659560562355E-17,-1.));
#8545 = DIRECTION('',(-2.22044604925E-16,-1.,8.659560562355E-17));
#8546 = CYLINDRICAL_SURFACE('',#8547,1.55);
#8547 = AXIS2_PLACEMENT_3D('',#8548,#8549,#8550);
#8548 = CARTESIAN_POINT('',(-86.57,62.51,-20.15));
#8549 = DIRECTION('',(8.659560562355E-17,8.659560562355E-17,1.));
#8550 = DIRECTION('',(-2.22044604925E-16,-1.,8.659560562355E-17));
#8551 = ADVANCED_FACE('',(#8552),#8570,.T.);
#8552 = FACE_BOUND('',#8553,.T.);
#8553 = EDGE_LOOP('',(#8554,#8555,#8556,#8564));
#8554 = ORIENTED_EDGE('',*,*,#8255,.T.);
#8555 = ORIENTED_EDGE('',*,*,#8523,.F.);
#8556 = ORIENTED_EDGE('',*,*,#8557,.T.);
#8557 = EDGE_CURVE('',#8524,#8558,#8560,.T.);
#8558 = VERTEX_POINT('',#8559);
#8559 = CARTESIAN_POINT('',(-87.66999990328,60.604744055837,-27.15));
#8560 = LINE('',#8561,#8562);
#8561 = CARTESIAN_POINT('',(-84.37,62.510000111674,-27.15));
#8562 = VECTOR('',#8563,1.);
#8563 = DIRECTION('',(-0.866025378404,-0.50000004396,1.182917987468E-16)
  );
#8564 = ORIENTED_EDGE('',*,*,#8565,.F.);
#8565 = EDGE_CURVE('',#8248,#8558,#8566,.T.);
#8566 = LINE('',#8567,#8568);
#8567 = CARTESIAN_POINT('',(-87.66999990328,60.604744055837,-20.15));
#8568 = VECTOR('',#8569,1.);
#8569 = DIRECTION('',(-8.659560562355E-17,-8.659560562355E-17,-1.));
#8570 = PLANE('',#8571);
#8571 = AXIS2_PLACEMENT_3D('',#8572,#8573,#8574);
#8572 = CARTESIAN_POINT('',(-84.37,62.510000111674,-20.15));
#8573 = DIRECTION('',(-0.50000004396,0.866025378404,-3.169618550974E-17)
  );
#8574 = DIRECTION('',(-0.866025378404,-0.50000004396,1.182917987468E-16)
  );
#8575 = ADVANCED_FACE('',(#8576),#8594,.T.);
#8576 = FACE_BOUND('',#8577,.T.);
#8577 = EDGE_LOOP('',(#8578,#8579,#8580,#8588));
#8578 = ORIENTED_EDGE('',*,*,#8247,.T.);
#8579 = ORIENTED_EDGE('',*,*,#8565,.T.);
#8580 = ORIENTED_EDGE('',*,*,#8581,.T.);
#8581 = EDGE_CURVE('',#8558,#8582,#8584,.T.);
#8582 = VERTEX_POINT('',#8583);
#8583 = CARTESIAN_POINT('',(-87.66999994456,61.417983460771,-27.15));
#8584 = LINE('',#8585,#8586);
#8585 = CARTESIAN_POINT('',(-87.66999990328,60.604744055837,-27.15));
#8586 = VECTOR('',#8587,1.);
#8587 = DIRECTION('',(-5.076101552796E-08,1.,-8.659560122787E-17));
#8588 = ORIENTED_EDGE('',*,*,#8589,.T.);
#8589 = EDGE_CURVE('',#8582,#8239,#8590,.T.);
#8590 = LINE('',#8591,#8592);
#8591 = CARTESIAN_POINT('',(-87.66999994456,61.417983460771,-20.15));
#8592 = VECTOR('',#8593,1.);
#8593 = DIRECTION('',(8.659560562355E-17,8.659560562355E-17,1.));
#8594 = PLANE('',#8595);
#8595 = AXIS2_PLACEMENT_3D('',#8596,#8597,#8598);
#8596 = CARTESIAN_POINT('',(-87.66999990328,60.604744055837,-20.15));
#8597 = DIRECTION('',(1.,5.076101552796E-08,-8.659561001923E-17));
#8598 = DIRECTION('',(-5.076101552796E-08,1.,-8.659560122787E-17));
#8599 = ADVANCED_FACE('',(#8600),#8619,.F.);
#8600 = FACE_BOUND('',#8601,.F.);
#8601 = EDGE_LOOP('',(#8602,#8610,#8617,#8618));
#8602 = ORIENTED_EDGE('',*,*,#8603,.F.);
#8603 = EDGE_CURVE('',#8604,#8231,#8606,.T.);
#8604 = VERTEX_POINT('',#8605);
#8605 = CARTESIAN_POINT('',(-87.67000005543,63.602016427555,-27.15));
#8606 = LINE('',#8607,#8608);
#8607 = CARTESIAN_POINT('',(-87.67000005543,63.602016427555,-20.15));
#8608 = VECTOR('',#8609,1.);
#8609 = DIRECTION('',(8.659560562355E-17,8.659560562355E-17,1.));
#8610 = ORIENTED_EDGE('',*,*,#8611,.F.);
#8611 = EDGE_CURVE('',#8582,#8604,#8612,.T.);
#8612 = CIRCLE('',#8613,1.55);
#8613 = AXIS2_PLACEMENT_3D('',#8614,#8615,#8616);
#8614 = CARTESIAN_POINT('',(-86.57,62.51,-27.15));
#8615 = DIRECTION('',(-8.659560562355E-17,-8.659560562355E-17,-1.));
#8616 = DIRECTION('',(-2.22044604925E-16,-1.,8.659560562355E-17));
#8617 = ORIENTED_EDGE('',*,*,#8589,.T.);
#8618 = ORIENTED_EDGE('',*,*,#8238,.F.);
#8619 = CYLINDRICAL_SURFACE('',#8620,1.55);
#8620 = AXIS2_PLACEMENT_3D('',#8621,#8622,#8623);
#8621 = CARTESIAN_POINT('',(-86.57,62.51,-20.15));
#8622 = DIRECTION('',(8.659560562355E-17,8.659560562355E-17,1.));
#8623 = DIRECTION('',(-2.22044604925E-16,-1.,8.659560562355E-17));
#8624 = ADVANCED_FACE('',(#8625),#8643,.T.);
#8625 = FACE_BOUND('',#8626,.T.);
#8626 = EDGE_LOOP('',(#8627,#8628,#8629,#8637));
#8627 = ORIENTED_EDGE('',*,*,#8230,.T.);
#8628 = ORIENTED_EDGE('',*,*,#8603,.F.);
#8629 = ORIENTED_EDGE('',*,*,#8630,.T.);
#8630 = EDGE_CURVE('',#8604,#8631,#8633,.T.);
#8631 = VERTEX_POINT('',#8632);
#8632 = CARTESIAN_POINT('',(-87.67000009671,64.415255832489,-27.15));
#8633 = LINE('',#8634,#8635);
#8634 = CARTESIAN_POINT('',(-87.66999990328,60.604744055837,-27.15));
#8635 = VECTOR('',#8636,1.);
#8636 = DIRECTION('',(-5.076101552796E-08,1.,-8.659560122787E-17));
#8637 = ORIENTED_EDGE('',*,*,#8638,.F.);
#8638 = EDGE_CURVE('',#8223,#8631,#8639,.T.);
#8639 = LINE('',#8640,#8641);
#8640 = CARTESIAN_POINT('',(-87.67000009671,64.415255832489,-20.15));
#8641 = VECTOR('',#8642,1.);
#8642 = DIRECTION('',(-8.659560562355E-17,-8.659560562355E-17,-1.));
#8643 = PLANE('',#8644);
#8644 = AXIS2_PLACEMENT_3D('',#8645,#8646,#8647);
#8645 = CARTESIAN_POINT('',(-87.66999990328,60.604744055837,-20.15));
#8646 = DIRECTION('',(1.,5.076101552796E-08,-8.659561001923E-17));
#8647 = DIRECTION('',(-5.076101552796E-08,1.,-8.659560122787E-17));
#8648 = ADVANCED_FACE('',(#8649),#8667,.T.);
#8649 = FACE_BOUND('',#8650,.T.);
#8650 = EDGE_LOOP('',(#8651,#8652,#8653,#8661));
#8651 = ORIENTED_EDGE('',*,*,#8222,.T.);
#8652 = ORIENTED_EDGE('',*,*,#8638,.T.);
#8653 = ORIENTED_EDGE('',*,*,#8654,.T.);
#8654 = EDGE_CURVE('',#8631,#8655,#8657,.T.);
#8655 = VERTEX_POINT('',#8656);
#8656 = CARTESIAN_POINT('',(-86.96571409204,64.008636165772,-27.15));
#8657 = LINE('',#8658,#8659);
#8658 = CARTESIAN_POINT('',(-87.67000009671,64.415255832489,-27.15));
#8659 = VECTOR('',#8660,1.);
#8660 = DIRECTION('',(0.866025429165,-0.49999995604,-3.16961975189E-17)
  );
#8661 = ORIENTED_EDGE('',*,*,#8662,.T.);
#8662 = EDGE_CURVE('',#8655,#8214,#8663,.T.);
#8663 = LINE('',#8664,#8665);
#8664 = CARTESIAN_POINT('',(-86.96571409204,64.008636165772,-20.15));
#8665 = VECTOR('',#8666,1.);
#8666 = DIRECTION('',(8.659560562355E-17,8.659560562355E-17,1.));
#8667 = PLANE('',#8668);
#8668 = AXIS2_PLACEMENT_3D('',#8669,#8670,#8671);
#8669 = CARTESIAN_POINT('',(-87.67000009671,64.415255832489,-20.15));
#8670 = DIRECTION('',(-0.49999995604,-0.866025429165,1.182917955289E-16)
  );
#8671 = DIRECTION('',(0.866025429165,-0.49999995604,-3.16961975189E-17)
  );
#8672 = ADVANCED_FACE('',(#8673),#8692,.F.);
#8673 = FACE_BOUND('',#8674,.F.);
#8674 = EDGE_LOOP('',(#8675,#8684,#8685,#8686));
#8675 = ORIENTED_EDGE('',*,*,#8676,.F.);
#8676 = EDGE_CURVE('',#8655,#8677,#8679,.T.);
#8677 = VERTEX_POINT('',#8678);
#8678 = CARTESIAN_POINT('',(-85.07428600467,62.916619778391,-27.15));
#8679 = CIRCLE('',#8680,1.55);
#8680 = AXIS2_PLACEMENT_3D('',#8681,#8682,#8683);
#8681 = CARTESIAN_POINT('',(-86.57,62.51,-27.15));
#8682 = DIRECTION('',(-8.659560562355E-17,-8.659560562355E-17,-1.));
#8683 = DIRECTION('',(-2.22044604925E-16,-1.,8.659560562355E-17));
#8684 = ORIENTED_EDGE('',*,*,#8662,.T.);
#8685 = ORIENTED_EDGE('',*,*,#8213,.F.);
#8686 = ORIENTED_EDGE('',*,*,#8687,.F.);
#8687 = EDGE_CURVE('',#8677,#8206,#8688,.T.);
#8688 = LINE('',#8689,#8690);
#8689 = CARTESIAN_POINT('',(-85.07428600467,62.916619778391,-20.15));
#8690 = VECTOR('',#8691,1.);
#8691 = DIRECTION('',(8.659560562355E-17,8.659560562355E-17,1.));
#8692 = CYLINDRICAL_SURFACE('',#8693,1.55);
#8693 = AXIS2_PLACEMENT_3D('',#8694,#8695,#8696);
#8694 = CARTESIAN_POINT('',(-86.57,62.51,-20.15));
#8695 = DIRECTION('',(8.659560562355E-17,8.659560562355E-17,1.));
#8696 = DIRECTION('',(-2.22044604925E-16,-1.,8.659560562355E-17));
#8697 = ADVANCED_FACE('',(#8698),#8716,.T.);
#8698 = FACE_BOUND('',#8699,.T.);
#8699 = EDGE_LOOP('',(#8700,#8701,#8702,#8710));
#8700 = ORIENTED_EDGE('',*,*,#8205,.T.);
#8701 = ORIENTED_EDGE('',*,*,#8687,.F.);
#8702 = ORIENTED_EDGE('',*,*,#8703,.T.);
#8703 = EDGE_CURVE('',#8677,#8704,#8706,.T.);
#8704 = VERTEX_POINT('',#8705);
#8705 = CARTESIAN_POINT('',(-84.37,62.510000111674,-27.15));
#8706 = LINE('',#8707,#8708);
#8707 = CARTESIAN_POINT('',(-87.67000009671,64.415255832489,-27.15));
#8708 = VECTOR('',#8709,1.);
#8709 = DIRECTION('',(0.866025429165,-0.49999995604,-3.16961975189E-17)
  );
#8710 = ORIENTED_EDGE('',*,*,#8711,.F.);
#8711 = EDGE_CURVE('',#8198,#8704,#8712,.T.);
#8712 = LINE('',#8713,#8714);
#8713 = CARTESIAN_POINT('',(-84.37,62.510000111674,-20.15));
#8714 = VECTOR('',#8715,1.);
#8715 = DIRECTION('',(-8.659560562355E-17,-8.659560562355E-17,-1.));
#8716 = PLANE('',#8717);
#8717 = AXIS2_PLACEMENT_3D('',#8718,#8719,#8720);
#8718 = CARTESIAN_POINT('',(-87.67000009671,64.415255832489,-20.15));
#8719 = DIRECTION('',(-0.49999995604,-0.866025429165,1.182917955289E-16)
  );
#8720 = DIRECTION('',(0.866025429165,-0.49999995604,-3.16961975189E-17)
  );
#8721 = ADVANCED_FACE('',(#8722),#8733,.T.);
#8722 = FACE_BOUND('',#8723,.T.);
#8723 = EDGE_LOOP('',(#8724,#8725,#8726,#8732));
#8724 = ORIENTED_EDGE('',*,*,#8197,.T.);
#8725 = ORIENTED_EDGE('',*,*,#8711,.T.);
#8726 = ORIENTED_EDGE('',*,*,#8727,.T.);
#8727 = EDGE_CURVE('',#8704,#8515,#8728,.T.);
#8728 = LINE('',#8729,#8730);
#8729 = CARTESIAN_POINT('',(-84.37,62.510000111674,-27.15));
#8730 = VECTOR('',#8731,1.);
#8731 = DIRECTION('',(-0.866025378404,-0.50000004396,1.182917987468E-16)
  );
#8732 = ORIENTED_EDGE('',*,*,#8514,.T.);
#8733 = PLANE('',#8734);
#8734 = AXIS2_PLACEMENT_3D('',#8735,#8736,#8737);
#8735 = CARTESIAN_POINT('',(-84.37,62.510000111674,-20.15));
#8736 = DIRECTION('',(-0.50000004396,0.866025378404,-3.169618550974E-17)
  );
#8737 = DIRECTION('',(-0.866025378404,-0.50000004396,1.182917987468E-16)
  );
#8738 = ADVANCED_FACE('',(#8739),#8751,.F.);
#8739 = FACE_BOUND('',#8740,.F.);
#8740 = EDGE_LOOP('',(#8741,#8742,#8743,#8744,#8745,#8746,#8747,#8748,
    #8749,#8750));
#8741 = ORIENTED_EDGE('',*,*,#8329,.T.);
#8742 = ORIENTED_EDGE('',*,*,#8353,.T.);
#8743 = ORIENTED_EDGE('',*,*,#8383,.T.);
#8744 = ORIENTED_EDGE('',*,*,#8402,.T.);
#8745 = ORIENTED_EDGE('',*,*,#8426,.T.);
#8746 = ORIENTED_EDGE('',*,*,#8448,.T.);
#8747 = ORIENTED_EDGE('',*,*,#8475,.T.);
#8748 = ORIENTED_EDGE('',*,*,#8499,.T.);
#8749 = ORIENTED_EDGE('',*,*,#8312,.T.);
#8750 = ORIENTED_EDGE('',*,*,#8303,.T.);
#8751 = PLANE('',#8752);
#8752 = AXIS2_PLACEMENT_3D('',#8753,#8754,#8755);
#8753 = CARTESIAN_POINT('',(-86.56872165246,-52.52362270296,-27.14));
#8754 = DIRECTION('',(-8.659560562355E-17,-8.659560562355E-17,-1.));
#8755 = DIRECTION('',(-2.22044604925E-16,-1.,8.659560562355E-17));
#8756 = ADVANCED_FACE('',(#8757),#8769,.F.);
#8757 = FACE_BOUND('',#8758,.F.);
#8758 = EDGE_LOOP('',(#8759,#8760,#8761,#8762,#8763,#8764,#8765,#8766,
    #8767,#8768));
#8759 = ORIENTED_EDGE('',*,*,#8557,.T.);
#8760 = ORIENTED_EDGE('',*,*,#8581,.T.);
#8761 = ORIENTED_EDGE('',*,*,#8611,.T.);
#8762 = ORIENTED_EDGE('',*,*,#8630,.T.);
#8763 = ORIENTED_EDGE('',*,*,#8654,.T.);
#8764 = ORIENTED_EDGE('',*,*,#8676,.T.);
#8765 = ORIENTED_EDGE('',*,*,#8703,.T.);
#8766 = ORIENTED_EDGE('',*,*,#8727,.T.);
#8767 = ORIENTED_EDGE('',*,*,#8540,.T.);
#8768 = ORIENTED_EDGE('',*,*,#8531,.T.);
#8769 = PLANE('',#8770);
#8770 = AXIS2_PLACEMENT_3D('',#8771,#8772,#8773);
#8771 = CARTESIAN_POINT('',(-86.56872165246,62.50637729704,-27.15));
#8772 = DIRECTION('',(-8.659560562355E-17,-8.659560562355E-17,-1.));
#8773 = DIRECTION('',(-2.22044604925E-16,-1.,8.659560562355E-17));
#8774 = ( GEOMETRIC_REPRESENTATION_CONTEXT(3) 
GLOBAL_UNCERTAINTY_ASSIGNED_CONTEXT((#8778)) 
GLOBAL_UNIT_ASSIGNED_CONTEXT((#8775,#8776,#8777)) REPRESENTATION_CONTEXT
('Context #1','3D Context with UNIT and UNCERTAINTY') );
#8775 = ( LENGTH_UNIT() NAMED_UNIT(*) SI_UNIT(.MILLI.,.METRE.) );
#8776 = ( NAMED_UNIT(*) PLANE_ANGLE_UNIT() SI_UNIT($,.RADIAN.) );
#8777 = ( NAMED_UNIT(*) SI_UNIT($,.STERADIAN.) SOLID_ANGLE_UNIT() );
#8778 = UNCERTAINTY_MEASURE_WITH_UNIT(LENGTH_MEASURE(2.E-05),#8775,
  'distance_accuracy_value','confusion accuracy');
#8779 = PRODUCT_RELATED_PRODUCT_CATEGORY('part',$,(#7));
#8780 = MECHANICAL_DESIGN_GEOMETRIC_PRESENTATION_REPRESENTATION('',(
    #8781),#8774);
#8781 = STYLED_ITEM('color',(#8782),#15);
#8782 = PRESENTATION_STYLE_ASSIGNMENT((#8783,#8789));
#8783 = SURFACE_STYLE_USAGE(.BOTH.,#8784);
#8784 = SURFACE_SIDE_STYLE('',(#8785));
#8785 = SURFACE_STYLE_FILL_AREA(#8786);
#8786 = FILL_AREA_STYLE('',(#8787));
#8787 = FILL_AREA_STYLE_COLOUR('',#8788);
#8788 = COLOUR_RGB('',0.447058818107,0.474509808674,0.501960817233);
#8789 = CURVE_STYLE('',#8790,POSITIVE_LENGTH_MEASURE(0.1),#8791);
#8790 = DRAUGHTING_PRE_DEFINED_CURVE_FONT('continuous');
#8791 = COLOUR_RGB('',9.803921802644E-02,9.803921802644E-02,
  9.803921802644E-02);
ENDSEC;
END-ISO-10303-21;
