ISO-10303-21;
HEADER;
FILE_DESCRIPTION(('FreeCAD Model'),'2;1');
FILE_NAME('Open CASCADE Shape Model','2026-03-15T04:31:08',(''),(''),
  'Open CASCADE STEP processor 7.8','FreeCAD','Unknown');
FILE_SCHEMA(('AUTOMOTIVE_DESIGN { 1 0 10303 214 1 1 1 1 }'));
ENDSEC;
DATA;
#1 = APPLICATION_PROTOCOL_DEFINITION('international standard',
  'automotive_design',2000,#2);
#2 = APPLICATION_CONTEXT(
  'core data for automotive mechanical design processes');
#3 = SHAPE_DEFINITION_REPRESENTATION(#4,#10);
#4 = PRODUCT_DEFINITION_SHAPE('','',#5);
#5 = PRODUCT_DEFINITION('design','',#6,#9);
#6 = PRODUCT_DEFINITION_FORMATION('','',#7);
#7 = PRODUCT('Cut006','Cut006','',(#8));
#8 = PRODUCT_CONTEXT('',#2,'mechanical');
#9 = PRODUCT_DEFINITION_CONTEXT('part definition',#2,'design');
#10 = ADVANCED_BREP_SHAPE_REPRESENTATION('',(#11,#15),#3581);
#11 = AXIS2_PLACEMENT_3D('',#12,#13,#14);
#12 = CARTESIAN_POINT('',(0.,0.,0.));
#13 = DIRECTION('',(0.,0.,1.));
#14 = DIRECTION('',(1.,0.,-0.));
#15 = MANIFOLD_SOLID_BREP('',#16);
#16 = CLOSED_SHELL('',(#17,#219,#260,#284,#309,#343,#411,#435,#460,#528,
    #595,#620,#644,#704,#772,#1027,#1052,#1112,#1137,#1162,#1187,#1212,
    #1229,#1263,#1290,#1324,#1351,#1378,#1406,#1433,#1460,#1480,#1521,
    #1545,#1569,#1593,#1617,#1642,#1667,#1691,#1708,#1749,#1773,#1797,
    #1822,#1846,#1870,#1895,#1919,#1936,#1977,#2001,#2025,#2049,#2073,
    #2098,#2123,#2147,#2164,#2250,#2336,#2422,#2508,#2525,#2543,#2561,
    #2579,#2597,#2628,#2653,#2677,#2701,#2726,#2750,#2774,#2808,#2825,
    #2856,#2881,#2905,#2929,#2954,#2978,#3002,#3036,#3053,#3084,#3109,
    #3133,#3157,#3182,#3206,#3230,#3264,#3281,#3312,#3337,#3361,#3385,
    #3410,#3434,#3458,#3492,#3509,#3527,#3545,#3563));
#17 = ADVANCED_FACE('',(#18,#170,#181,#192,#203),#214,.T.);
#18 = FACE_BOUND('',#19,.T.);
#19 = EDGE_LOOP('',(#20,#30,#38,#46,#55,#63,#72,#80,#89,#97,#106,#114,
    #123,#131,#140,#148,#156,#164));
#20 = ORIENTED_EDGE('',*,*,#21,.F.);
#21 = EDGE_CURVE('',#22,#24,#26,.T.);
#22 = VERTEX_POINT('',#23);
#23 = CARTESIAN_POINT('',(-93.459,84.844060219534,13.471));
#24 = VERTEX_POINT('',#25);
#25 = CARTESIAN_POINT('',(-91.459,86.844060219534,13.471));
#26 = LINE('',#27,#28);
#27 = CARTESIAN_POINT('',(-87.0120813675,91.290978852033,13.471));
#28 = VECTOR('',#29,1.);
#29 = DIRECTION('',(0.707106781187,0.707106781187,3.118315320695E-15));
#30 = ORIENTED_EDGE('',*,*,#31,.T.);
#31 = EDGE_CURVE('',#22,#32,#34,.T.);
#32 = VERTEX_POINT('',#33);
#33 = CARTESIAN_POINT('',(-95.459,82.844060219534,13.471));
#34 = LINE('',#35,#36);
#35 = CARTESIAN_POINT('',(-87.0120813675,91.290978852033,13.471));
#36 = VECTOR('',#37,1.);
#37 = DIRECTION('',(-0.707106781187,-0.707106781187,-3.118315320695E-15)
  );
#38 = ORIENTED_EDGE('',*,*,#39,.F.);
#39 = EDGE_CURVE('',#40,#32,#42,.T.);
#40 = VERTEX_POINT('',#41);
#41 = CARTESIAN_POINT('',(-95.459,54.084060219534,13.471));
#42 = LINE('',#43,#44);
#43 = CARTESIAN_POINT('',(-95.459,51.084060219534,13.471));
#44 = VECTOR('',#45,1.);
#45 = DIRECTION('',(1.224646799147E-16,1.,3.E-15));
#46 = ORIENTED_EDGE('',*,*,#47,.T.);
#47 = EDGE_CURVE('',#40,#48,#50,.T.);
#48 = VERTEX_POINT('',#49);
#49 = CARTESIAN_POINT('',(-98.459,51.084060219534,13.471));
#50 = CIRCLE('',#51,3.);
#51 = AXIS2_PLACEMENT_3D('',#52,#53,#54);
#52 = CARTESIAN_POINT('',(-98.459,54.084060219534,13.471));
#53 = DIRECTION('',(2.98E-15,2.97E-15,-1.));
#54 = DIRECTION('',(1.,-1.224646799147E-16,2.98E-15));
#55 = ORIENTED_EDGE('',*,*,#56,.F.);
#56 = EDGE_CURVE('',#57,#48,#59,.T.);
#57 = VERTEX_POINT('',#58);
#58 = CARTESIAN_POINT('',(-101.959,51.084060219534,13.471));
#59 = LINE('',#60,#61);
#60 = CARTESIAN_POINT('',(-104.959,51.084060219534,13.471));
#61 = VECTOR('',#62,1.);
#62 = DIRECTION('',(1.,-1.224646799147E-16,3.E-15));
#63 = ORIENTED_EDGE('',*,*,#64,.F.);
#64 = EDGE_CURVE('',#65,#57,#67,.T.);
#65 = VERTEX_POINT('',#66);
#66 = CARTESIAN_POINT('',(-104.959,54.084060219534,13.471));
#67 = CIRCLE('',#68,3.);
#68 = AXIS2_PLACEMENT_3D('',#69,#70,#71);
#69 = CARTESIAN_POINT('',(-101.959,54.084060219534,13.471));
#70 = DIRECTION('',(-2.98E-15,-2.97E-15,1.));
#71 = DIRECTION('',(1.,-1.224646799147E-16,2.98E-15));
#72 = ORIENTED_EDGE('',*,*,#73,.F.);
#73 = EDGE_CURVE('',#74,#65,#76,.T.);
#74 = VERTEX_POINT('',#75);
#75 = CARTESIAN_POINT('',(-104.959,89.844060219534,13.471));
#76 = LINE('',#77,#78);
#77 = CARTESIAN_POINT('',(-104.959,92.844060219534,13.471));
#78 = VECTOR('',#79,1.);
#79 = DIRECTION('',(-1.224646799147E-16,-1.,-3.E-15));
#80 = ORIENTED_EDGE('',*,*,#81,.F.);
#81 = EDGE_CURVE('',#82,#74,#84,.T.);
#82 = VERTEX_POINT('',#83);
#83 = CARTESIAN_POINT('',(-101.959,92.844060219534,13.471));
#84 = CIRCLE('',#85,3.);
#85 = AXIS2_PLACEMENT_3D('',#86,#87,#88);
#86 = CARTESIAN_POINT('',(-101.959,89.844060219534,13.471));
#87 = DIRECTION('',(-2.98E-15,-2.97E-15,1.));
#88 = DIRECTION('',(1.,-1.224646799147E-16,2.98E-15));
#89 = ORIENTED_EDGE('',*,*,#90,.F.);
#90 = EDGE_CURVE('',#91,#82,#93,.T.);
#91 = VERTEX_POINT('',#92);
#92 = CARTESIAN_POINT('',(-16.459,92.844060219534,13.471));
#93 = LINE('',#94,#95);
#94 = CARTESIAN_POINT('',(-95.459,92.844060219534,13.471));
#95 = VECTOR('',#96,1.);
#96 = DIRECTION('',(-1.,1.224646799147E-16,-3.E-15));
#97 = ORIENTED_EDGE('',*,*,#98,.F.);
#98 = EDGE_CURVE('',#99,#91,#101,.T.);
#99 = VERTEX_POINT('',#100);
#100 = CARTESIAN_POINT('',(-13.459,89.844060219534,13.471));
#101 = CIRCLE('',#102,3.);
#102 = AXIS2_PLACEMENT_3D('',#103,#104,#105);
#103 = CARTESIAN_POINT('',(-16.459,89.844060219534,13.471));
#104 = DIRECTION('',(-2.98E-15,-2.97E-15,1.));
#105 = DIRECTION('',(1.,-1.224646799147E-16,2.98E-15));
#106 = ORIENTED_EDGE('',*,*,#107,.F.);
#107 = EDGE_CURVE('',#108,#99,#110,.T.);
#108 = VERTEX_POINT('',#109);
#109 = CARTESIAN_POINT('',(-13.459,54.084060219534,13.471));
#110 = LINE('',#111,#112);
#111 = CARTESIAN_POINT('',(-13.459,51.084060219534,13.471));
#112 = VECTOR('',#113,1.);
#113 = DIRECTION('',(1.224646799147E-16,1.,3.E-15));
#114 = ORIENTED_EDGE('',*,*,#115,.T.);
#115 = EDGE_CURVE('',#108,#116,#118,.T.);
#116 = VERTEX_POINT('',#117);
#117 = CARTESIAN_POINT('',(-16.459,51.084060219534,13.471));
#118 = CIRCLE('',#119,3.);
#119 = AXIS2_PLACEMENT_3D('',#120,#121,#122);
#120 = CARTESIAN_POINT('',(-16.459,54.084060219534,13.471));
#121 = DIRECTION('',(2.98E-15,2.97E-15,-1.));
#122 = DIRECTION('',(1.,-1.224646799147E-16,2.98E-15));
#123 = ORIENTED_EDGE('',*,*,#124,.F.);
#124 = EDGE_CURVE('',#125,#116,#127,.T.);
#125 = VERTEX_POINT('',#126);
#126 = CARTESIAN_POINT('',(-20.459,51.084060219534,13.471));
#127 = LINE('',#128,#129);
#128 = CARTESIAN_POINT('',(-23.459,51.084060219534,13.471));
#129 = VECTOR('',#130,1.);
#130 = DIRECTION('',(1.,-1.224646799147E-16,3.E-15));
#131 = ORIENTED_EDGE('',*,*,#132,.T.);
#132 = EDGE_CURVE('',#125,#133,#135,.T.);
#133 = VERTEX_POINT('',#134);
#134 = CARTESIAN_POINT('',(-23.459,54.084060219534,13.471));
#135 = CIRCLE('',#136,3.);
#136 = AXIS2_PLACEMENT_3D('',#137,#138,#139);
#137 = CARTESIAN_POINT('',(-20.459,54.084060219534,13.471));
#138 = DIRECTION('',(2.98E-15,2.97E-15,-1.));
#139 = DIRECTION('',(1.,-1.224646799147E-16,2.98E-15));
#140 = ORIENTED_EDGE('',*,*,#141,.F.);
#141 = EDGE_CURVE('',#142,#133,#144,.T.);
#142 = VERTEX_POINT('',#143);
#143 = CARTESIAN_POINT('',(-23.459,82.844060219534,13.471));
#144 = LINE('',#145,#146);
#145 = CARTESIAN_POINT('',(-23.459,92.844060219534,13.471));
#146 = VECTOR('',#147,1.);
#147 = DIRECTION('',(-1.224646799147E-16,-1.,-3.E-15));
#148 = ORIENTED_EDGE('',*,*,#149,.T.);
#149 = EDGE_CURVE('',#142,#150,#152,.T.);
#150 = VERTEX_POINT('',#151);
#151 = CARTESIAN_POINT('',(-25.459,84.844060219534,13.471));
#152 = LINE('',#153,#154);
#153 = CARTESIAN_POINT('',(-31.80618506765,91.19124528719,13.471));
#154 = VECTOR('',#155,1.);
#155 = DIRECTION('',(-0.707106781187,0.707106781187,-1.015027235157E-15)
  );
#156 = ORIENTED_EDGE('',*,*,#157,.T.);
#157 = EDGE_CURVE('',#150,#158,#160,.T.);
#158 = VERTEX_POINT('',#159);
#159 = CARTESIAN_POINT('',(-27.459,86.844060219534,13.471));
#160 = LINE('',#161,#162);
#161 = CARTESIAN_POINT('',(-31.80618506765,91.19124528719,13.471));
#162 = VECTOR('',#163,1.);
#163 = DIRECTION('',(-0.707106781187,0.707106781187,-1.015027235157E-15)
  );
#164 = ORIENTED_EDGE('',*,*,#165,.F.);
#165 = EDGE_CURVE('',#24,#158,#166,.T.);
#166 = LINE('',#167,#168);
#167 = CARTESIAN_POINT('',(-93.459,86.844060219534,13.471));
#168 = VECTOR('',#169,1.);
#169 = DIRECTION('',(1.,-2.334869823773E-16,2.775557561563E-15));
#170 = FACE_BOUND('',#171,.T.);
#171 = EDGE_LOOP('',(#172));
#172 = ORIENTED_EDGE('',*,*,#173,.T.);
#173 = EDGE_CURVE('',#174,#174,#176,.T.);
#174 = VERTEX_POINT('',#175);
#175 = CARTESIAN_POINT('',(-104.584,56.10406,13.471));
#176 = CIRCLE('',#177,4.375);
#177 = AXIS2_PLACEMENT_3D('',#178,#179,#180);
#178 = CARTESIAN_POINT('',(-100.209,56.10406,13.471));
#179 = DIRECTION('',(-3.E-15,-3.E-15,1.));
#180 = DIRECTION('',(-1.,1.224646799147E-16,-3.E-15));
#181 = FACE_BOUND('',#182,.T.);
#182 = EDGE_LOOP('',(#183));
#183 = ORIENTED_EDGE('',*,*,#184,.T.);
#184 = EDGE_CURVE('',#185,#185,#187,.T.);
#185 = VERTEX_POINT('',#186);
#186 = CARTESIAN_POINT('',(-104.574,87.84406,13.471));
#187 = CIRCLE('',#188,4.375);
#188 = AXIS2_PLACEMENT_3D('',#189,#190,#191);
#189 = CARTESIAN_POINT('',(-100.199,87.84406,13.471));
#190 = DIRECTION('',(-3.E-15,-3.E-15,1.));
#191 = DIRECTION('',(-1.,1.224646799147E-16,-3.E-15));
#192 = FACE_BOUND('',#193,.T.);
#193 = EDGE_LOOP('',(#194));
#194 = ORIENTED_EDGE('',*,*,#195,.T.);
#195 = EDGE_CURVE('',#196,#196,#198,.T.);
#196 = VERTEX_POINT('',#197);
#197 = CARTESIAN_POINT('',(-22.824,87.844060219534,13.471));
#198 = CIRCLE('',#199,4.375);
#199 = AXIS2_PLACEMENT_3D('',#200,#201,#202);
#200 = CARTESIAN_POINT('',(-18.449,87.844060219534,13.471));
#201 = DIRECTION('',(-3.E-15,-3.E-15,1.));
#202 = DIRECTION('',(-1.,1.224646799147E-16,-3.E-15));
#203 = FACE_BOUND('',#204,.T.);
#204 = EDGE_LOOP('',(#205));
#205 = ORIENTED_EDGE('',*,*,#206,.T.);
#206 = EDGE_CURVE('',#207,#207,#209,.T.);
#207 = VERTEX_POINT('',#208);
#208 = CARTESIAN_POINT('',(-22.834,56.08406,13.471));
#209 = CIRCLE('',#210,4.375);
#210 = AXIS2_PLACEMENT_3D('',#211,#212,#213);
#211 = CARTESIAN_POINT('',(-18.459,56.08406,13.471));
#212 = DIRECTION('',(-3.E-15,-3.E-15,1.));
#213 = DIRECTION('',(-1.,1.224646799147E-16,-3.E-15));
#214 = PLANE('',#215);
#215 = AXIS2_PLACEMENT_3D('',#216,#217,#218);
#216 = CARTESIAN_POINT('',(-59.25953287031,78.432267619845,13.471));
#217 = DIRECTION('',(2.92271455021E-15,1.487249268073E-15,-1.));
#218 = DIRECTION('',(1.,-1.224646799147E-16,2.92271455021E-15));
#219 = ADVANCED_FACE('',(#220),#255,.F.);
#220 = FACE_BOUND('',#221,.F.);
#221 = EDGE_LOOP('',(#222,#232,#238,#239,#240,#248));
#222 = ORIENTED_EDGE('',*,*,#223,.T.);
#223 = EDGE_CURVE('',#224,#226,#228,.T.);
#224 = VERTEX_POINT('',#225);
#225 = CARTESIAN_POINT('',(-93.459,84.844060219534,27.483758203264));
#226 = VERTEX_POINT('',#227);
#227 = CARTESIAN_POINT('',(-93.459,84.844060219534,15.471));
#228 = LINE('',#229,#230);
#229 = CARTESIAN_POINT('',(-93.459,84.844060219534,29.483758203264));
#230 = VECTOR('',#231,1.);
#231 = DIRECTION('',(2.775557561563E-15,-1.110223024625E-16,-1.));
#232 = ORIENTED_EDGE('',*,*,#233,.F.);
#233 = EDGE_CURVE('',#24,#226,#234,.T.);
#234 = LINE('',#235,#236);
#235 = CARTESIAN_POINT('',(-95.79445970054,82.50860051899,
    17.806459700544));
#236 = VECTOR('',#237,1.);
#237 = DIRECTION('',(-0.57735026919,-0.57735026919,0.57735026919));
#238 = ORIENTED_EDGE('',*,*,#21,.F.);
#239 = ORIENTED_EDGE('',*,*,#31,.T.);
#240 = ORIENTED_EDGE('',*,*,#241,.F.);
#241 = EDGE_CURVE('',#242,#32,#244,.T.);
#242 = VERTEX_POINT('',#243);
#243 = CARTESIAN_POINT('',(-95.459,82.844060219534,26.492547587151));
#244 = LINE('',#245,#246);
#245 = CARTESIAN_POINT('',(-95.459,82.844060219534,29.483758203264));
#246 = VECTOR('',#247,1.);
#247 = DIRECTION('',(2.775557561563E-15,-1.110223024625E-16,-1.));
#248 = ORIENTED_EDGE('',*,*,#249,.T.);
#249 = EDGE_CURVE('',#242,#224,#250,.T.);
#250 = B_SPLINE_CURVE_WITH_KNOTS('',3,(#251,#252,#253,#254),
  .UNSPECIFIED.,.F.,.F.,(4,4),(0.,1.),.PIECEWISE_BEZIER_KNOTS.);
#251 = CARTESIAN_POINT('',(-95.459,82.844060219534,26.492547587151));
#252 = CARTESIAN_POINT('',(-94.79233333333,83.5107268862,26.822951125855
    ));
#253 = CARTESIAN_POINT('',(-94.12566666666,84.177393552867,
    27.153354664559));
#254 = CARTESIAN_POINT('',(-93.459,84.844060219534,27.483758203264));
#255 = PLANE('',#256);
#256 = AXIS2_PLACEMENT_3D('',#257,#258,#259);
#257 = CARTESIAN_POINT('',(-94.459,83.844060219534,29.483758203264));
#258 = DIRECTION('',(-0.707106781187,0.707106781187,-2.019110820703E-15)
  );
#259 = DIRECTION('',(2.759994582836E-15,-9.545932373586E-17,-1.));
#260 = ADVANCED_FACE('',(#261),#279,.F.);
#261 = FACE_BOUND('',#262,.T.);
#262 = EDGE_LOOP('',(#263,#264,#265,#273));
#263 = ORIENTED_EDGE('',*,*,#233,.F.);
#264 = ORIENTED_EDGE('',*,*,#165,.T.);
#265 = ORIENTED_EDGE('',*,*,#266,.T.);
#266 = EDGE_CURVE('',#158,#267,#269,.T.);
#267 = VERTEX_POINT('',#268);
#268 = CARTESIAN_POINT('',(-25.459,84.844060219534,15.471));
#269 = LINE('',#270,#271);
#270 = CARTESIAN_POINT('',(-34.45687363278,93.841933852323,
    6.473126367211));
#271 = VECTOR('',#272,1.);
#272 = DIRECTION('',(0.57735026919,-0.57735026919,0.57735026919));
#273 = ORIENTED_EDGE('',*,*,#274,.F.);
#274 = EDGE_CURVE('',#226,#267,#275,.T.);
#275 = LINE('',#276,#277);
#276 = CARTESIAN_POINT('',(-93.459,84.844060219534,15.471));
#277 = VECTOR('',#278,1.);
#278 = DIRECTION('',(1.,-2.334869823773E-16,2.775557561563E-15));
#279 = PLANE('',#280);
#280 = AXIS2_PLACEMENT_3D('',#281,#282,#283);
#281 = CARTESIAN_POINT('',(-93.459,85.844060219534,14.471));
#282 = DIRECTION('',(-1.961359655375E-15,0.707106781187,0.707106781187)
  );
#283 = DIRECTION('',(-1.,1.176315593087E-16,-2.891412984631E-15));
#284 = ADVANCED_FACE('',(#285),#304,.F.);
#285 = FACE_BOUND('',#286,.F.);
#286 = EDGE_LOOP('',(#287,#288,#296,#303));
#287 = ORIENTED_EDGE('',*,*,#39,.F.);
#288 = ORIENTED_EDGE('',*,*,#289,.T.);
#289 = EDGE_CURVE('',#40,#290,#292,.T.);
#290 = VERTEX_POINT('',#291);
#291 = CARTESIAN_POINT('',(-95.459,54.084060219534,20.522877036033));
#292 = LINE('',#293,#294);
#293 = CARTESIAN_POINT('',(-95.459,54.084060219534,13.471));
#294 = VECTOR('',#295,1.);
#295 = DIRECTION('',(-2.98E-15,-2.97E-15,1.));
#296 = ORIENTED_EDGE('',*,*,#297,.T.);
#297 = EDGE_CURVE('',#290,#242,#298,.T.);
#298 = CIRCLE('',#299,86.767970908174);
#299 = AXIS2_PLACEMENT_3D('',#300,#301,#302);
#300 = CARTESIAN_POINT('',(-95.459,51.084087039698,107.23897090817));
#301 = DIRECTION('',(1.,-1.224646799147E-16,2.98E-15));
#302 = DIRECTION('',(2.979999961253E-15,-3.163946492845E-07,-1.));
#303 = ORIENTED_EDGE('',*,*,#241,.T.);
#304 = PLANE('',#305);
#305 = AXIS2_PLACEMENT_3D('',#306,#307,#308);
#306 = CARTESIAN_POINT('',(-95.459,51.084060219534,13.471));
#307 = DIRECTION('',(-1.,1.224646799147E-16,-2.98E-15));
#308 = DIRECTION('',(1.224646799147E-16,1.,2.97E-15));
#309 = ADVANCED_FACE('',(#310),#338,.F.);
#310 = FACE_BOUND('',#311,.F.);
#311 = EDGE_LOOP('',(#312,#320,#329,#335,#336,#337));
#312 = ORIENTED_EDGE('',*,*,#313,.F.);
#313 = EDGE_CURVE('',#314,#267,#316,.T.);
#314 = VERTEX_POINT('',#315);
#315 = CARTESIAN_POINT('',(-25.459,84.844060219534,27.483758203264));
#316 = LINE('',#317,#318);
#317 = CARTESIAN_POINT('',(-25.459,84.844060219534,29.483758203264));
#318 = VECTOR('',#319,1.);
#319 = DIRECTION('',(2.98E-15,-1.110223024625E-16,-1.));
#320 = ORIENTED_EDGE('',*,*,#321,.T.);
#321 = EDGE_CURVE('',#314,#322,#324,.T.);
#322 = VERTEX_POINT('',#323);
#323 = CARTESIAN_POINT('',(-23.459,82.844060219534,26.492547587151));
#324 = B_SPLINE_CURVE_WITH_KNOTS('',3,(#325,#326,#327,#328),
  .UNSPECIFIED.,.F.,.F.,(4,4),(0.,1.),.PIECEWISE_BEZIER_KNOTS.);
#325 = CARTESIAN_POINT('',(-25.459,84.844060219534,27.483758203264));
#326 = CARTESIAN_POINT('',(-24.79233333333,84.177393552867,
    27.153354664559));
#327 = CARTESIAN_POINT('',(-24.12566666666,83.5107268862,26.822951125855
    ));
#328 = CARTESIAN_POINT('',(-23.459,82.844060219534,26.492547587151));
#329 = ORIENTED_EDGE('',*,*,#330,.T.);
#330 = EDGE_CURVE('',#322,#142,#331,.T.);
#331 = LINE('',#332,#333);
#332 = CARTESIAN_POINT('',(-23.459,82.844060219534,29.483758203264));
#333 = VECTOR('',#334,1.);
#334 = DIRECTION('',(2.98E-15,-1.110223024625E-16,-1.));
#335 = ORIENTED_EDGE('',*,*,#149,.T.);
#336 = ORIENTED_EDGE('',*,*,#157,.T.);
#337 = ORIENTED_EDGE('',*,*,#266,.T.);
#338 = PLANE('',#339);
#339 = AXIS2_PLACEMENT_3D('',#340,#341,#342);
#340 = CARTESIAN_POINT('',(-24.459,83.844060219534,29.483758203264));
#341 = DIRECTION('',(0.707106781187,0.707106781187,2.134488581886E-15));
#342 = DIRECTION('',(3.054822501848E-15,-3.619980061458E-17,-1.));
#343 = ADVANCED_FACE('',(#344),#406,.T.);
#344 = FACE_BOUND('',#345,.F.);
#345 = EDGE_LOOP('',(#346,#389,#390,#391,#399));
#346 = ORIENTED_EDGE('',*,*,#347,.F.);
#347 = EDGE_CURVE('',#290,#348,#350,.T.);
#348 = VERTEX_POINT('',#349);
#349 = CARTESIAN_POINT('',(-96.3406456157,51.959778045775,
    21.357109973743));
#350 = B_SPLINE_CURVE_WITH_KNOTS('',7,(#351,#352,#353,#354,#355,#356,
    #357,#358,#359,#360,#361,#362,#363,#364,#365,#366,#367,#368,#369,
    #370,#371,#372,#373,#374,#375,#376,#377,#378,#379,#380,#381,#382,
    #383,#384,#385,#386,#387,#388),.UNSPECIFIED.,.F.,.F.,(8,6,6,6,6,6,8)
  ,(0.,0.117436715984,0.196926517756,0.326885296905,0.584789171641,
    0.895403500812,1.),.UNSPECIFIED.);
#351 = CARTESIAN_POINT('',(-95.459,54.084060219534,20.522877036033));
#352 = CARTESIAN_POINT('',(-95.459,53.97843492003,20.519222892361));
#353 = CARTESIAN_POINT('',(-95.46333882205,53.872480135688,
    20.520049044184));
#354 = CARTESIAN_POINT('',(-95.47206465629,53.767382565727,
    20.52544568116));
#355 = CARTESIAN_POINT('',(-95.48497456859,53.664065403007,
    20.535232466116));
#356 = CARTESIAN_POINT('',(-95.50171747913,53.563240194762,
    20.549067452397));
#357 = CARTESIAN_POINT('',(-95.52186614639,53.465444656115,
    20.566523576866));
#358 = CARTESIAN_POINT('',(-95.56058852649,53.307184319833,
    20.601082517336));
#359 = CARTESIAN_POINT('',(-95.57758055433,53.24481520132,
    20.616488655861));
#360 = CARTESIAN_POINT('',(-95.59580908845,53.184023409801,
    20.633222876566));
#361 = CARTESIAN_POINT('',(-95.61515359799,53.12483872307,
    20.651160576677));
#362 = CARTESIAN_POINT('',(-95.63550214694,53.067262039283,
    20.670185131735));
#363 = CARTESIAN_POINT('',(-95.65675536812,53.011271048475,
    20.690192209105));
#364 = CARTESIAN_POINT('',(-95.71492121812,52.867812919547,
    20.745266789893));
#365 = CARTESIAN_POINT('',(-95.75319339359,52.782968245626,
    20.781816631467));
#366 = CARTESIAN_POINT('',(-95.79329041907,52.702083098591,
    20.820364580694));
#367 = CARTESIAN_POINT('',(-95.83491792213,52.624951176488,
    20.860596646179));
#368 = CARTESIAN_POINT('',(-95.87783899322,52.551359518633,
    20.902258619474));
#369 = CARTESIAN_POINT('',(-95.92187270481,52.481086284389,
    20.945154266771));
#370 = CARTESIAN_POINT('',(-96.05624454304,52.280584737549,
    21.07645069944));
#371 = CARTESIAN_POINT('',(-96.1493772204,52.159609288221,21.16796473757
    ));
#372 = CARTESIAN_POINT('',(-96.24529663566,52.049187394525,
    21.262585551271));
#373 = CARTESIAN_POINT('',(-96.34333450798,51.948248492834,
    21.359579017263));
#374 = CARTESIAN_POINT('',(-96.44300054571,51.855846157848,
    21.458402037831));
#375 = CARTESIAN_POINT('',(-96.54400040806,51.771219689125,
    21.558721266808));
#376 = CARTESIAN_POINT('',(-96.76930655608,51.60035246461,
    21.782815956657));
#377 = CARTESIAN_POINT('',(-96.89402875023,51.517415073073,
    21.907067097906));
#378 = CARTESIAN_POINT('',(-97.02000892158,51.443817148236,
    22.03271278217));
#379 = CARTESIAN_POINT('',(-97.14697241205,51.378858419185,
    22.159442269577));
#380 = CARTESIAN_POINT('',(-97.27470742786,51.321982869973,
    22.28701605704));
#381 = CARTESIAN_POINT('',(-97.40306405133,51.272767934502,
    22.415263673533));
#382 = CARTESIAN_POINT('',(-97.5753498356,51.216788889812,
    22.587452686831));
#383 = CARTESIAN_POINT('',(-97.6188078503,51.203520001974,
    22.630890475223));
#384 = CARTESIAN_POINT('',(-97.66231824016,51.191072080952,
    22.674384202023));
#385 = CARTESIAN_POINT('',(-97.70587642757,51.179434369962,
    22.717928758914));
#386 = CARTESIAN_POINT('',(-97.74947807806,51.16859728161,
    22.761519338275));
#387 = CARTESIAN_POINT('',(-97.79311910035,51.158552397903,
    22.805151433174));
#388 = CARTESIAN_POINT('',(-97.83679564635,51.149292470239,
    22.84882083737));
#389 = ORIENTED_EDGE('',*,*,#289,.F.);
#390 = ORIENTED_EDGE('',*,*,#47,.T.);
#391 = ORIENTED_EDGE('',*,*,#392,.T.);
#392 = EDGE_CURVE('',#48,#393,#395,.T.);
#393 = VERTEX_POINT('',#394);
#394 = CARTESIAN_POINT('',(-98.459,51.084060219534,20.471000000002));
#395 = LINE('',#396,#397);
#396 = CARTESIAN_POINT('',(-98.459,51.084060219534,13.471));
#397 = VECTOR('',#398,1.);
#398 = DIRECTION('',(-2.98E-15,-2.97E-15,1.));
#399 = ORIENTED_EDGE('',*,*,#400,.F.);
#400 = EDGE_CURVE('',#348,#393,#401,.T.);
#401 = ELLIPSE('',#402,4.267888638778,3.);
#402 = AXIS2_PLACEMENT_3D('',#403,#404,#405);
#403 = CARTESIAN_POINT('',(-98.459,54.084060219534,23.5066010003));
#404 = DIRECTION('',(2.117076326653E-15,0.711265278273,-0.702923682859)
  );
#405 = DIRECTION('',(-2.097469055707E-15,0.702923682859,0.711265278273)
  );
#406 = CYLINDRICAL_SURFACE('',#407,3.);
#407 = AXIS2_PLACEMENT_3D('',#408,#409,#410);
#408 = CARTESIAN_POINT('',(-98.459,54.084060219534,13.471));
#409 = DIRECTION('',(-2.98E-15,-2.97E-15,1.));
#410 = DIRECTION('',(1.,-1.224646799147E-16,2.98E-15));
#411 = ADVANCED_FACE('',(#412),#430,.F.);
#412 = FACE_BOUND('',#413,.F.);
#413 = EDGE_LOOP('',(#414,#422,#423,#424));
#414 = ORIENTED_EDGE('',*,*,#415,.F.);
#415 = EDGE_CURVE('',#393,#416,#418,.T.);
#416 = VERTEX_POINT('',#417);
#417 = CARTESIAN_POINT('',(-101.959,51.084060219534,20.471000000002));
#418 = LINE('',#419,#420);
#419 = CARTESIAN_POINT('',(-95.459,51.084060219534,20.471000000002));
#420 = VECTOR('',#421,1.);
#421 = DIRECTION('',(-1.,2.334869823773E-16,-2.775557561563E-15));
#422 = ORIENTED_EDGE('',*,*,#392,.F.);
#423 = ORIENTED_EDGE('',*,*,#56,.F.);
#424 = ORIENTED_EDGE('',*,*,#425,.T.);
#425 = EDGE_CURVE('',#57,#416,#426,.T.);
#426 = LINE('',#427,#428);
#427 = CARTESIAN_POINT('',(-101.959,51.084060219534,13.471));
#428 = VECTOR('',#429,1.);
#429 = DIRECTION('',(-2.98E-15,-2.97E-15,1.));
#430 = PLANE('',#431);
#431 = AXIS2_PLACEMENT_3D('',#432,#433,#434);
#432 = CARTESIAN_POINT('',(-104.959,51.084060219534,13.471));
#433 = DIRECTION('',(1.224646799147E-16,1.,2.97E-15));
#434 = DIRECTION('',(1.,-1.224646799147E-16,2.98E-15));
#435 = ADVANCED_FACE('',(#436),#455,.F.);
#436 = FACE_BOUND('',#437,.F.);
#437 = EDGE_LOOP('',(#438,#439,#440,#449));
#438 = ORIENTED_EDGE('',*,*,#141,.F.);
#439 = ORIENTED_EDGE('',*,*,#330,.F.);
#440 = ORIENTED_EDGE('',*,*,#441,.F.);
#441 = EDGE_CURVE('',#442,#322,#444,.T.);
#442 = VERTEX_POINT('',#443);
#443 = CARTESIAN_POINT('',(-23.459,54.084060219534,20.522877036033));
#444 = CIRCLE('',#445,86.767970908174);
#445 = AXIS2_PLACEMENT_3D('',#446,#447,#448);
#446 = CARTESIAN_POINT('',(-23.459,51.084087039698,107.23897090817));
#447 = DIRECTION('',(1.,-1.224646799147E-16,2.98E-15));
#448 = DIRECTION('',(2.979999961253E-15,-3.16394649536E-07,-1.));
#449 = ORIENTED_EDGE('',*,*,#450,.F.);
#450 = EDGE_CURVE('',#133,#442,#451,.T.);
#451 = LINE('',#452,#453);
#452 = CARTESIAN_POINT('',(-23.459,54.084060219534,13.471));
#453 = VECTOR('',#454,1.);
#454 = DIRECTION('',(-2.98E-15,-2.97E-15,1.));
#455 = PLANE('',#456);
#456 = AXIS2_PLACEMENT_3D('',#457,#458,#459);
#457 = CARTESIAN_POINT('',(-23.459,92.844060219534,13.471));
#458 = DIRECTION('',(1.,-1.224646799147E-16,2.98E-15));
#459 = DIRECTION('',(-1.224646799147E-16,-1.,-2.97E-15));
#460 = ADVANCED_FACE('',(#461),#523,.T.);
#461 = FACE_BOUND('',#462,.T.);
#462 = EDGE_LOOP('',(#463,#508,#514,#515,#516));
#463 = ORIENTED_EDGE('',*,*,#464,.F.);
#464 = EDGE_CURVE('',#465,#467,#469,.T.);
#465 = VERTEX_POINT('',#466);
#466 = CARTESIAN_POINT('',(-104.959,54.084060219534,20.522877036033));
#467 = VERTEX_POINT('',#468);
#468 = CARTESIAN_POINT('',(-104.0773543842,51.959778045775,
    21.357109973743));
#469 = B_SPLINE_CURVE_WITH_KNOTS('',7,(#470,#471,#472,#473,#474,#475,
    #476,#477,#478,#479,#480,#481,#482,#483,#484,#485,#486,#487,#488,
    #489,#490,#491,#492,#493,#494,#495,#496,#497,#498,#499,#500,#501,
    #502,#503,#504,#505,#506,#507),.UNSPECIFIED.,.F.,.F.,(8,6,6,6,6,6,8)
  ,(0.,0.117436715984,0.196926517756,0.326885296905,0.584789171641,
    0.895403500812,1.),.UNSPECIFIED.);
#470 = CARTESIAN_POINT('',(-104.959,54.084060219534,20.522877036033));
#471 = CARTESIAN_POINT('',(-104.959,53.97843492003,20.519222892361));
#472 = CARTESIAN_POINT('',(-104.9546611779,53.872480135688,
    20.520049044184));
#473 = CARTESIAN_POINT('',(-104.9459353437,53.767382565727,
    20.52544568116));
#474 = CARTESIAN_POINT('',(-104.9330254314,53.664065403007,
    20.535232466116));
#475 = CARTESIAN_POINT('',(-104.9162825208,53.563240194762,
    20.549067452396));
#476 = CARTESIAN_POINT('',(-104.8961338536,53.465444656115,
    20.566523576866));
#477 = CARTESIAN_POINT('',(-104.8574114735,53.307184319833,
    20.601082517336));
#478 = CARTESIAN_POINT('',(-104.8404194456,53.24481520132,
    20.616488655861));
#479 = CARTESIAN_POINT('',(-104.8221909115,53.184023409801,
    20.633222876566));
#480 = CARTESIAN_POINT('',(-104.802846402,53.12483872307,20.651160576677
    ));
#481 = CARTESIAN_POINT('',(-104.782497853,53.067262039283,
    20.670185131735));
#482 = CARTESIAN_POINT('',(-104.7612446318,53.011271048475,
    20.690192209105));
#483 = CARTESIAN_POINT('',(-104.7030787818,52.867812919547,
    20.745266789893));
#484 = CARTESIAN_POINT('',(-104.6648066064,52.782968245626,
    20.781816631467));
#485 = CARTESIAN_POINT('',(-104.6247095809,52.702083098591,
    20.820364580694));
#486 = CARTESIAN_POINT('',(-104.5830820778,52.624951176488,
    20.860596646179));
#487 = CARTESIAN_POINT('',(-104.5401610067,52.551359518633,
    20.902258619474));
#488 = CARTESIAN_POINT('',(-104.4961272951,52.481086284389,
    20.945154266771));
#489 = CARTESIAN_POINT('',(-104.3617554569,52.280584737549,
    21.07645069944));
#490 = CARTESIAN_POINT('',(-104.2686227796,52.159609288222,
    21.16796473757));
#491 = CARTESIAN_POINT('',(-104.1727033643,52.049187394523,
    21.262585551271));
#492 = CARTESIAN_POINT('',(-104.074665492,51.948248492835,
    21.359579017262));
#493 = CARTESIAN_POINT('',(-103.9749994542,51.855846157847,
    21.458402037831));
#494 = CARTESIAN_POINT('',(-103.8739995919,51.771219689125,
    21.558721266808));
#495 = CARTESIAN_POINT('',(-103.6486934439,51.60035246461,
    21.782815956657));
#496 = CARTESIAN_POINT('',(-103.5239712497,51.517415073072,
    21.907067097907));
#497 = CARTESIAN_POINT('',(-103.3979910784,51.443817148237,
    22.032712782169));
#498 = CARTESIAN_POINT('',(-103.2710275879,51.378858419185,
    22.159442269577));
#499 = CARTESIAN_POINT('',(-103.1432925721,51.321982869973,
    22.28701605704));
#500 = CARTESIAN_POINT('',(-103.0149359486,51.272767934502,
    22.415263673533));
#501 = CARTESIAN_POINT('',(-102.8426501643,51.216788889812,
    22.587452686831));
#502 = CARTESIAN_POINT('',(-102.7991921497,51.203520001974,
    22.630890475223));
#503 = CARTESIAN_POINT('',(-102.7556817598,51.191072080952,
    22.674384202023));
#504 = CARTESIAN_POINT('',(-102.7121235724,51.179434369962,
    22.717928758914));
#505 = CARTESIAN_POINT('',(-102.6685219219,51.16859728161,
    22.761519338275));
#506 = CARTESIAN_POINT('',(-102.6248808996,51.158552397903,
    22.805151433174));
#507 = CARTESIAN_POINT('',(-102.5812043536,51.149292470239,
    22.84882083737));
#508 = ORIENTED_EDGE('',*,*,#509,.F.);
#509 = EDGE_CURVE('',#65,#465,#510,.T.);
#510 = LINE('',#511,#512);
#511 = CARTESIAN_POINT('',(-104.959,54.084060219534,13.471));
#512 = VECTOR('',#513,1.);
#513 = DIRECTION('',(-2.98E-15,-2.97E-15,1.));
#514 = ORIENTED_EDGE('',*,*,#64,.T.);
#515 = ORIENTED_EDGE('',*,*,#425,.T.);
#516 = ORIENTED_EDGE('',*,*,#517,.F.);
#517 = EDGE_CURVE('',#467,#416,#518,.T.);
#518 = ELLIPSE('',#519,4.267888638778,3.);
#519 = AXIS2_PLACEMENT_3D('',#520,#521,#522);
#520 = CARTESIAN_POINT('',(-101.959,54.084060219534,23.5066010003));
#521 = DIRECTION('',(-2.117076326653E-15,-0.711265278273,0.702923682859)
  );
#522 = DIRECTION('',(-2.097469055707E-15,0.702923682859,0.711265278273)
  );
#523 = CYLINDRICAL_SURFACE('',#524,3.);
#524 = AXIS2_PLACEMENT_3D('',#525,#526,#527);
#525 = CARTESIAN_POINT('',(-101.959,54.084060219534,13.471));
#526 = DIRECTION('',(-2.98E-15,-2.97E-15,1.));
#527 = DIRECTION('',(-1.,1.224646799147E-16,-2.98E-15));
#528 = ADVANCED_FACE('',(#529),#590,.T.);
#529 = FACE_BOUND('',#530,.F.);
#530 = EDGE_LOOP('',(#531,#542,#548,#549,#550));
#531 = ORIENTED_EDGE('',*,*,#532,.F.);
#532 = EDGE_CURVE('',#533,#535,#537,.T.);
#533 = VERTEX_POINT('',#534);
#534 = CARTESIAN_POINT('',(-20.459,51.084060219534,20.471000000002));
#535 = VERTEX_POINT('',#536);
#536 = CARTESIAN_POINT('',(-22.5773543804,51.959778053946,
    21.357109978042));
#537 = ELLIPSE('',#538,4.267888638778,3.);
#538 = AXIS2_PLACEMENT_3D('',#539,#540,#541);
#539 = CARTESIAN_POINT('',(-20.459,54.084060219534,23.5066010003));
#540 = DIRECTION('',(2.117076326653E-15,0.711265278273,-0.702923682859)
  );
#541 = DIRECTION('',(-2.097469055707E-15,0.702923682859,0.711265278273)
  );
#542 = ORIENTED_EDGE('',*,*,#543,.F.);
#543 = EDGE_CURVE('',#125,#533,#544,.T.);
#544 = LINE('',#545,#546);
#545 = CARTESIAN_POINT('',(-20.459,51.084060219534,13.471));
#546 = VECTOR('',#547,1.);
#547 = DIRECTION('',(-2.98E-15,-2.97E-15,1.));
#548 = ORIENTED_EDGE('',*,*,#132,.T.);
#549 = ORIENTED_EDGE('',*,*,#450,.T.);
#550 = ORIENTED_EDGE('',*,*,#551,.F.);
#551 = EDGE_CURVE('',#535,#442,#552,.T.);
#552 = B_SPLINE_CURVE_WITH_KNOTS('',8,(#553,#554,#555,#556,#557,#558,
    #559,#560,#561,#562,#563,#564,#565,#566,#567,#568,#569,#570,#571,
    #572,#573,#574,#575,#576,#577,#578,#579,#580,#581,#582,#583,#584,
    #585,#586,#587,#588,#589),.UNSPECIFIED.,.F.,.F.,(9,7,7,7,7,9),(0.,
    0.355941741453,0.654493591814,0.840986579017,0.898885727403,1.),
  .UNSPECIFIED.);
#553 = CARTESIAN_POINT('',(-21.08120435364,51.149292470239,
    22.84882083737));
#554 = CARTESIAN_POINT('',(-21.21127915726,51.176869817417,
    22.718767303014));
#555 = CARTESIAN_POINT('',(-21.34102315796,51.211261788319,
    22.589060055008));
#556 = CARTESIAN_POINT('',(-21.47036734651,51.252652281381,
    22.459777095538));
#557 = CARTESIAN_POINT('',(-21.59921131723,51.301295153803,
    22.331031118571));
#558 = CARTESIAN_POINT('',(-21.72742109367,51.357528529555,
    22.202972661134));
#559 = CARTESIAN_POINT('',(-21.85482837501,51.42178089372,
    22.075791489066));
#560 = CARTESIAN_POINT('',(-21.98122646336,51.494611603032,
    21.949722588634));
#561 = CARTESIAN_POINT('',(-22.21131432869,51.645789136584,
    21.720503017656));
#562 = CARTESIAN_POINT('',(-22.31527952859,51.721287907267,
    21.617034157783));
#563 = CARTESIAN_POINT('',(-22.41818641165,51.80383216576,
    21.514747389908));
#564 = CARTESIAN_POINT('',(-22.51984630646,51.894026705404,
    21.413860987374));
#565 = CARTESIAN_POINT('',(-22.61995293422,51.992559530391,
    21.314717645221));
#566 = CARTESIAN_POINT('',(-22.71805897391,52.100292356431,
    21.21781308517));
#567 = CARTESIAN_POINT('',(-22.81358145363,52.218240616612,
    21.123790897705));
#568 = CARTESIAN_POINT('',(-22.96322757733,52.429149180717,
    20.977221097119));
#569 = CARTESIAN_POINT('',(-23.0193438422,52.514747395171,
    20.922439265593));
#570 = CARTESIAN_POINT('',(-23.07389269794,52.605296910509,
    20.869399624644));
#571 = CARTESIAN_POINT('',(-23.12658978713,52.701227940511,
    20.818413480955));
#572 = CARTESIAN_POINT('',(-23.17702030291,52.80293984147,
    20.769926585616));
#573 = CARTESIAN_POINT('',(-23.2246414287,52.910792785597,
    20.724516963605));
#574 = CARTESIAN_POINT('',(-23.26878013251,53.025107686073,
    20.682897460678));
#575 = CARTESIAN_POINT('',(-23.32099707641,53.18376108526,
    20.634443812814));
#576 = CARTESIAN_POINT('',(-23.33294870787,53.221982442011,
    20.623417345696));
#577 = CARTESIAN_POINT('',(-23.34445528904,53.260838958961,
    20.612870643145));
#578 = CARTESIAN_POINT('',(-23.3554888527,53.300326940305,
    20.602832727818));
#579 = CARTESIAN_POINT('',(-23.36601993046,53.340437834334,
    20.593334019739));
#580 = CARTESIAN_POINT('',(-23.37601809768,53.381157588312,
    20.58440574784));
#581 = CARTESIAN_POINT('',(-23.38545251837,53.422466003362,
    20.576079361489));
#582 = CARTESIAN_POINT('',(-23.40973049455,53.537457428861,
    20.554950260622));
#583 = CARTESIAN_POINT('',(-23.42336533022,53.612337717103,
    20.543436476457));
#584 = CARTESIAN_POINT('',(-23.43501751987,53.688777641373,
    20.534024682987));
#585 = CARTESIAN_POINT('',(-23.44452410916,53.766533519733,
    20.526876420957));
#586 = CARTESIAN_POINT('',(-23.45174793013,53.845313530926,
    20.522124797314));
#587 = CARTESIAN_POINT('',(-23.45658927782,53.924773277582,
    20.51986211196));
#588 = CARTESIAN_POINT('',(-23.459,54.00451068272,20.520124992367));
#589 = CARTESIAN_POINT('',(-23.459,54.084060219534,20.522877036033));
#590 = CYLINDRICAL_SURFACE('',#591,3.);
#591 = AXIS2_PLACEMENT_3D('',#592,#593,#594);
#592 = CARTESIAN_POINT('',(-20.459,54.084060219534,13.471));
#593 = DIRECTION('',(-2.98E-15,-2.97E-15,1.));
#594 = DIRECTION('',(-1.224646799147E-16,-1.,-2.97E-15));
#595 = ADVANCED_FACE('',(#596),#615,.F.);
#596 = FACE_BOUND('',#597,.F.);
#597 = EDGE_LOOP('',(#598,#607,#608,#609));
#598 = ORIENTED_EDGE('',*,*,#599,.F.);
#599 = EDGE_CURVE('',#465,#600,#602,.T.);
#600 = VERTEX_POINT('',#601);
#601 = CARTESIAN_POINT('',(-104.959,89.844060219534,29.60943236375));
#602 = CIRCLE('',#603,86.767970908174);
#603 = AXIS2_PLACEMENT_3D('',#604,#605,#606);
#604 = CARTESIAN_POINT('',(-104.959,51.084087039698,107.23897090817));
#605 = DIRECTION('',(1.,-1.224646799147E-16,2.98E-15));
#606 = DIRECTION('',(2.979999961253E-15,-3.163946492845E-07,-1.));
#607 = ORIENTED_EDGE('',*,*,#509,.F.);
#608 = ORIENTED_EDGE('',*,*,#73,.F.);
#609 = ORIENTED_EDGE('',*,*,#610,.T.);
#610 = EDGE_CURVE('',#74,#600,#611,.T.);
#611 = LINE('',#612,#613);
#612 = CARTESIAN_POINT('',(-104.959,89.844060219534,13.471));
#613 = VECTOR('',#614,1.);
#614 = DIRECTION('',(-2.98E-15,-2.97E-15,1.));
#615 = PLANE('',#616);
#616 = AXIS2_PLACEMENT_3D('',#617,#618,#619);
#617 = CARTESIAN_POINT('',(-104.959,92.844060219534,13.471));
#618 = DIRECTION('',(1.,-1.224646799147E-16,2.98E-15));
#619 = DIRECTION('',(-1.224646799147E-16,-1.,-2.97E-15));
#620 = ADVANCED_FACE('',(#621),#639,.F.);
#621 = FACE_BOUND('',#622,.F.);
#622 = EDGE_LOOP('',(#623,#631,#637,#638));
#623 = ORIENTED_EDGE('',*,*,#624,.F.);
#624 = EDGE_CURVE('',#625,#533,#627,.T.);
#625 = VERTEX_POINT('',#626);
#626 = CARTESIAN_POINT('',(-16.459,51.084060219534,20.471000000002));
#627 = LINE('',#628,#629);
#628 = CARTESIAN_POINT('',(-13.459,51.084060219534,20.471000000002));
#629 = VECTOR('',#630,1.);
#630 = DIRECTION('',(-1.,2.334869823773E-16,-2.775557561563E-15));
#631 = ORIENTED_EDGE('',*,*,#632,.F.);
#632 = EDGE_CURVE('',#116,#625,#633,.T.);
#633 = LINE('',#634,#635);
#634 = CARTESIAN_POINT('',(-16.459,51.084060219534,13.471));
#635 = VECTOR('',#636,1.);
#636 = DIRECTION('',(-2.98E-15,-2.97E-15,1.));
#637 = ORIENTED_EDGE('',*,*,#124,.F.);
#638 = ORIENTED_EDGE('',*,*,#543,.T.);
#639 = PLANE('',#640);
#640 = AXIS2_PLACEMENT_3D('',#641,#642,#643);
#641 = CARTESIAN_POINT('',(-23.459,51.084060219534,13.471));
#642 = DIRECTION('',(1.224646799147E-16,1.,2.97E-15));
#643 = DIRECTION('',(1.,-1.224646799147E-16,2.98E-15));
#644 = ADVANCED_FACE('',(#645),#699,.T.);
#645 = FACE_BOUND('',#646,.T.);
#646 = EDGE_LOOP('',(#647,#658,#664,#665,#666));
#647 = ORIENTED_EDGE('',*,*,#648,.F.);
#648 = EDGE_CURVE('',#649,#651,#653,.T.);
#649 = VERTEX_POINT('',#650);
#650 = CARTESIAN_POINT('',(-101.959,92.844060219534,31.471));
#651 = VERTEX_POINT('',#652);
#652 = CARTESIAN_POINT('',(-103.9500761388,92.088078002249,
    31.91774630605));
#653 = ELLIPSE('',#654,3.484677550538,3.);
#654 = AXIS2_PLACEMENT_3D('',#655,#656,#657);
#655 = CARTESIAN_POINT('',(-101.959,89.844060219534,33.243844502832));
#656 = DIRECTION('',(-2.520430954671E-15,0.508754246877,0.860911793557)
  );
#657 = DIRECTION('',(-1.592382316712E-15,-0.860911793557,0.508754246877)
  );
#658 = ORIENTED_EDGE('',*,*,#659,.F.);
#659 = EDGE_CURVE('',#82,#649,#660,.T.);
#660 = LINE('',#661,#662);
#661 = CARTESIAN_POINT('',(-101.959,92.844060219534,13.471));
#662 = VECTOR('',#663,1.);
#663 = DIRECTION('',(-2.98E-15,-2.97E-15,1.));
#664 = ORIENTED_EDGE('',*,*,#81,.T.);
#665 = ORIENTED_EDGE('',*,*,#610,.T.);
#666 = ORIENTED_EDGE('',*,*,#667,.F.);
#667 = EDGE_CURVE('',#651,#600,#668,.T.);
#668 = B_SPLINE_CURVE_WITH_KNOTS('',8,(#669,#670,#671,#672,#673,#674,
    #675,#676,#677,#678,#679,#680,#681,#682,#683,#684,#685,#686,#687,
    #688,#689,#690,#691,#692,#693,#694,#695,#696,#697,#698),
  .UNSPECIFIED.,.F.,.F.,(9,7,7,7,9),(0.,0.213318162797,0.547669724879,
    0.829815055358,1.),.UNSPECIFIED.);
#669 = CARTESIAN_POINT('',(-101.959,92.844060219534,34.622322747493));
#670 = CARTESIAN_POINT('',(-102.0678039852,92.844060219534,
    34.49681035737));
#671 = CARTESIAN_POINT('',(-102.1755920292,92.839550432734,
    34.369938074733));
#672 = CARTESIAN_POINT('',(-102.2823545356,92.830678030644,
    34.24181709187));
#673 = CARTESIAN_POINT('',(-102.3880753713,92.817553133985,
    34.112545334596));
#674 = CARTESIAN_POINT('',(-102.4927335781,92.800255944092,
    33.982209591233));
#675 = CARTESIAN_POINT('',(-102.5963043442,92.778840859423,
    33.850886851815));
#676 = CARTESIAN_POINT('',(-102.6987592356,92.753337577175,
    33.718644857512));
#677 = CARTESIAN_POINT('',(-102.9588518407,92.677372787653,
    33.376918297873));
#678 = CARTESIAN_POINT('',(-103.1147727088,92.620973839562,
    33.166237478283));
#679 = CARTESIAN_POINT('',(-103.26773975,92.554562057731,32.953680018605
    ));
#680 = CARTESIAN_POINT('',(-103.4175837185,92.478000442833,
    32.73944100042));
#681 = CARTESIAN_POINT('',(-103.5640517902,92.391002033205,
    32.523734914421));
#682 = CARTESIAN_POINT('',(-103.7068091479,92.293135380688,
    32.306798056125));
#683 = CARTESIAN_POINT('',(-103.8454175319,92.183763064455,
    32.088883454303));
#684 = CARTESIAN_POINT('',(-104.0922100894,91.958949722101,
    31.685742207521));
#685 = CARTESIAN_POINT('',(-104.2015785835,91.84729137025,
    31.501028825787));
#686 = CARTESIAN_POINT('',(-104.3071806096,91.726144303593,
    31.315998026768));
#687 = CARTESIAN_POINT('',(-104.4085425014,91.594629892491,
    31.130798368683));
#688 = CARTESIAN_POINT('',(-104.5049563188,91.451799761078,
    30.945819745524));
#689 = CARTESIAN_POINT('',(-104.5953225776,91.296358481141,
    30.761735634251));
#690 = CARTESIAN_POINT('',(-104.678271798,91.126892138,30.579474553946)
  );
#691 = CARTESIAN_POINT('',(-104.7956000654,90.828076701581,
    30.292305197483));
#692 = CARTESIAN_POINT('',(-104.8360497661,90.70985147214,
    30.185746569249));
#693 = CARTESIAN_POINT('',(-104.8724278333,90.585008671149,
    30.080708910104));
#694 = CARTESIAN_POINT('',(-104.9040361002,90.452858556197,
    29.977665286926));
#695 = CARTESIAN_POINT('',(-104.9298837104,90.31287991281,
    29.877511521681));
#696 = CARTESIAN_POINT('',(-104.9487096455,90.164757481538,
    29.781553168381));
#697 = CARTESIAN_POINT('',(-104.959,90.008417337094,29.691494908343));
#698 = CARTESIAN_POINT('',(-104.959,89.844060219534,29.60943236375));
#699 = CYLINDRICAL_SURFACE('',#700,3.);
#700 = AXIS2_PLACEMENT_3D('',#701,#702,#703);
#701 = CARTESIAN_POINT('',(-101.959,89.844060219534,13.471));
#702 = DIRECTION('',(-2.98E-15,-2.97E-15,1.));
#703 = DIRECTION('',(1.224646799147E-16,1.,2.97E-15));
#704 = ADVANCED_FACE('',(#705),#767,.T.);
#705 = FACE_BOUND('',#706,.F.);
#706 = EDGE_LOOP('',(#707,#752,#758,#759,#760));
#707 = ORIENTED_EDGE('',*,*,#708,.F.);
#708 = EDGE_CURVE('',#709,#711,#713,.T.);
#709 = VERTEX_POINT('',#710);
#710 = CARTESIAN_POINT('',(-13.459,54.084060219534,20.522877036033));
#711 = VERTEX_POINT('',#712);
#712 = CARTESIAN_POINT('',(-14.3406456157,51.959778045776,
    21.357109973744));
#713 = B_SPLINE_CURVE_WITH_KNOTS('',7,(#714,#715,#716,#717,#718,#719,
    #720,#721,#722,#723,#724,#725,#726,#727,#728,#729,#730,#731,#732,
    #733,#734,#735,#736,#737,#738,#739,#740,#741,#742,#743,#744,#745,
    #746,#747,#748,#749,#750,#751),.UNSPECIFIED.,.F.,.F.,(8,6,6,6,6,6,8)
  ,(0.,0.117436715984,0.196926517755,0.326885296904,0.584789171641,
    0.895403500812,1.),.UNSPECIFIED.);
#714 = CARTESIAN_POINT('',(-13.459,54.084060219534,20.522877036033));
#715 = CARTESIAN_POINT('',(-13.459,53.97843492003,20.519222892362));
#716 = CARTESIAN_POINT('',(-13.46333882205,53.872480135688,
    20.520049044184));
#717 = CARTESIAN_POINT('',(-13.47206465629,53.767382565727,
    20.52544568116));
#718 = CARTESIAN_POINT('',(-13.48497456859,53.664065403007,
    20.535232466116));
#719 = CARTESIAN_POINT('',(-13.50171747913,53.563240194762,
    20.549067452397));
#720 = CARTESIAN_POINT('',(-13.52186614639,53.465444656116,
    20.566523576866));
#721 = CARTESIAN_POINT('',(-13.56058852649,53.307184319833,
    20.601082517336));
#722 = CARTESIAN_POINT('',(-13.57758055433,53.24481520132,
    20.616488655862));
#723 = CARTESIAN_POINT('',(-13.59580908845,53.184023409801,
    20.633222876566));
#724 = CARTESIAN_POINT('',(-13.61515359799,53.12483872307,
    20.651160576677));
#725 = CARTESIAN_POINT('',(-13.63550214694,53.067262039283,
    20.670185131735));
#726 = CARTESIAN_POINT('',(-13.65675536812,53.011271048475,
    20.690192209105));
#727 = CARTESIAN_POINT('',(-13.71492121812,52.867812919547,
    20.745266789893));
#728 = CARTESIAN_POINT('',(-13.75319339359,52.782968245626,
    20.781816631467));
#729 = CARTESIAN_POINT('',(-13.79329041907,52.702083098591,
    20.820364580694));
#730 = CARTESIAN_POINT('',(-13.83491792213,52.624951176488,
    20.86059664618));
#731 = CARTESIAN_POINT('',(-13.87783899322,52.551359518633,
    20.902258619474));
#732 = CARTESIAN_POINT('',(-13.92187270481,52.481086284389,
    20.945154266771));
#733 = CARTESIAN_POINT('',(-14.05624454304,52.280584737549,
    21.07645069944));
#734 = CARTESIAN_POINT('',(-14.14937722039,52.159609288221,
    21.16796473757));
#735 = CARTESIAN_POINT('',(-14.24529663566,52.049187394524,
    21.262585551271));
#736 = CARTESIAN_POINT('',(-14.34333450798,51.948248492834,
    21.359579017263));
#737 = CARTESIAN_POINT('',(-14.44300054571,51.855846157848,
    21.458402037831));
#738 = CARTESIAN_POINT('',(-14.54400040806,51.771219689125,
    21.558721266808));
#739 = CARTESIAN_POINT('',(-14.76930655608,51.60035246461,
    21.782815956658));
#740 = CARTESIAN_POINT('',(-14.89402875023,51.517415073073,
    21.907067097907));
#741 = CARTESIAN_POINT('',(-15.02000892158,51.443817148236,
    22.03271278217));
#742 = CARTESIAN_POINT('',(-15.14697241205,51.378858419185,
    22.159442269578));
#743 = CARTESIAN_POINT('',(-15.27470742786,51.321982869973,
    22.287016057041));
#744 = CARTESIAN_POINT('',(-15.40306405133,51.272767934502,
    22.415263673533));
#745 = CARTESIAN_POINT('',(-15.5753498356,51.216788889812,
    22.587452686832));
#746 = CARTESIAN_POINT('',(-15.6188078503,51.203520001973,
    22.630890475224));
#747 = CARTESIAN_POINT('',(-15.66231824016,51.191072080952,
    22.674384202023));
#748 = CARTESIAN_POINT('',(-15.70587642757,51.179434369962,
    22.717928758914));
#749 = CARTESIAN_POINT('',(-15.74947807806,51.16859728161,
    22.761519338275));
#750 = CARTESIAN_POINT('',(-15.79311910035,51.158552397903,
    22.805151433174));
#751 = CARTESIAN_POINT('',(-15.83679564635,51.149292470239,
    22.84882083737));
#752 = ORIENTED_EDGE('',*,*,#753,.F.);
#753 = EDGE_CURVE('',#108,#709,#754,.T.);
#754 = LINE('',#755,#756);
#755 = CARTESIAN_POINT('',(-13.459,54.084060219534,13.471));
#756 = VECTOR('',#757,1.);
#757 = DIRECTION('',(-2.98E-15,-2.97E-15,1.));
#758 = ORIENTED_EDGE('',*,*,#115,.T.);
#759 = ORIENTED_EDGE('',*,*,#632,.T.);
#760 = ORIENTED_EDGE('',*,*,#761,.F.);
#761 = EDGE_CURVE('',#711,#625,#762,.T.);
#762 = ELLIPSE('',#763,4.267888638778,3.);
#763 = AXIS2_PLACEMENT_3D('',#764,#765,#766);
#764 = CARTESIAN_POINT('',(-16.459,54.084060219534,23.5066010003));
#765 = DIRECTION('',(2.117076326653E-15,0.711265278273,-0.702923682859)
  );
#766 = DIRECTION('',(-2.097469055707E-15,0.702923682859,0.711265278273)
  );
#767 = CYLINDRICAL_SURFACE('',#768,3.);
#768 = AXIS2_PLACEMENT_3D('',#769,#770,#771);
#769 = CARTESIAN_POINT('',(-16.459,54.084060219534,13.471));
#770 = DIRECTION('',(-2.98E-15,-2.97E-15,1.));
#771 = DIRECTION('',(1.,-1.224646799147E-16,2.98E-15));
#772 = ADVANCED_FACE('',(#773,#791,#868,#945),#1022,.T.);
#773 = FACE_BOUND('',#774,.T.);
#774 = EDGE_LOOP('',(#775,#776,#777,#785));
#775 = ORIENTED_EDGE('',*,*,#90,.T.);
#776 = ORIENTED_EDGE('',*,*,#659,.T.);
#777 = ORIENTED_EDGE('',*,*,#778,.F.);
#778 = EDGE_CURVE('',#779,#649,#781,.T.);
#779 = VERTEX_POINT('',#780);
#780 = CARTESIAN_POINT('',(-16.459,92.844060219534,31.471));
#781 = LINE('',#782,#783);
#782 = CARTESIAN_POINT('',(-13.459,92.844060219534,31.471));
#783 = VECTOR('',#784,1.);
#784 = DIRECTION('',(-1.,1.224646799147E-16,-3.E-15));
#785 = ORIENTED_EDGE('',*,*,#786,.F.);
#786 = EDGE_CURVE('',#91,#779,#787,.T.);
#787 = LINE('',#788,#789);
#788 = CARTESIAN_POINT('',(-16.459,92.844060219534,13.471));
#789 = VECTOR('',#790,1.);
#790 = DIRECTION('',(-2.98E-15,-2.97E-15,1.));
#791 = FACE_BOUND('',#792,.T.);
#792 = EDGE_LOOP('',(#793,#804,#812,#820,#829,#837,#845,#854,#862));
#793 = ORIENTED_EDGE('',*,*,#794,.T.);
#794 = EDGE_CURVE('',#795,#797,#799,.T.);
#795 = VERTEX_POINT('',#796);
#796 = CARTESIAN_POINT('',(-25.88105971353,92.844060219534,
    20.806343718331));
#797 = VERTEX_POINT('',#798);
#798 = CARTESIAN_POINT('',(-24.78904332615,92.844060219534,22.6977718057
    ));
#799 = CIRCLE('',#800,1.55);
#800 = AXIS2_PLACEMENT_3D('',#801,#802,#803);
#801 = CARTESIAN_POINT('',(-26.28767949192,92.844060219534,
    22.30205771366));
#802 = DIRECTION('',(-1.922962686384E-16,-1.,-1.110223024625E-16));
#803 = DIRECTION('',(0.5,1.232595164408E-32,-0.866025403784));
#804 = ORIENTED_EDGE('',*,*,#805,.T.);
#805 = EDGE_CURVE('',#797,#806,#808,.T.);
#806 = VERTEX_POINT('',#807);
#807 = CARTESIAN_POINT('',(-24.38242365943,92.844060219534,
    23.402057810372));
#808 = LINE('',#809,#810);
#809 = CARTESIAN_POINT('',(-28.72081851548,92.844060219534,
    15.887736615512));
#810 = VECTOR('',#811,1.);
#811 = DIRECTION('',(0.49999995604,-9.332053953173E-16,0.866025429165));
#812 = ORIENTED_EDGE('',*,*,#813,.T.);
#813 = EDGE_CURVE('',#806,#814,#816,.T.);
#814 = VERTEX_POINT('',#815);
#815 = CARTESIAN_POINT('',(-25.19566306437,92.844060219534,
    23.402057769091));
#816 = LINE('',#817,#818);
#817 = CARTESIAN_POINT('',(-43.70096771629,92.844060219534,
    23.402056829747));
#818 = VECTOR('',#819,1.);
#819 = DIRECTION('',(-1.,1.224647310241E-16,-5.076075731969E-08));
#820 = ORIENTED_EDGE('',*,*,#821,.T.);
#821 = EDGE_CURVE('',#814,#822,#824,.T.);
#822 = VERTEX_POINT('',#823);
#823 = CARTESIAN_POINT('',(-27.37969603115,92.844060219534,
    23.402057658228));
#824 = CIRCLE('',#825,1.55);
#825 = AXIS2_PLACEMENT_3D('',#826,#827,#828);
#826 = CARTESIAN_POINT('',(-26.28767949192,92.844060219534,
    22.30205771366));
#827 = DIRECTION('',(-1.922962686384E-16,-1.,-1.110223024625E-16));
#828 = DIRECTION('',(0.5,1.232595164408E-32,-0.866025403784));
#829 = ORIENTED_EDGE('',*,*,#830,.T.);
#830 = EDGE_CURVE('',#822,#831,#833,.T.);
#831 = VERTEX_POINT('',#832);
#832 = CARTESIAN_POINT('',(-28.19293543608,92.844060219534,
    23.402057616947));
#833 = LINE('',#834,#835);
#834 = CARTESIAN_POINT('',(-43.70096771629,92.844060219534,
    23.402056829747));
#835 = VECTOR('',#836,1.);
#836 = DIRECTION('',(-1.,1.224647310241E-16,-5.076075731969E-08));
#837 = ORIENTED_EDGE('',*,*,#838,.T.);
#838 = EDGE_CURVE('',#831,#839,#841,.T.);
#839 = VERTEX_POINT('',#840);
#840 = CARTESIAN_POINT('',(-27.78631569787,92.844060219534,
    22.697771653556));
#841 = LINE('',#842,#843);
#842 = CARTESIAN_POINT('',(-31.13224262505,92.844060219534,
    28.493086410476));
#843 = VECTOR('',#844,1.);
#844 = DIRECTION('',(0.50000004396,8.10740664293E-16,-0.866025378404));
#845 = ORIENTED_EDGE('',*,*,#846,.T.);
#846 = EDGE_CURVE('',#839,#847,#849,.T.);
#847 = VERTEX_POINT('',#848);
#848 = CARTESIAN_POINT('',(-26.69429911846,92.844060219534,
    20.80634367705));
#849 = CIRCLE('',#850,1.55);
#850 = AXIS2_PLACEMENT_3D('',#851,#852,#853);
#851 = CARTESIAN_POINT('',(-26.28767949192,92.844060219534,
    22.30205771366));
#852 = DIRECTION('',(-1.922962686384E-16,-1.,-1.110223024625E-16));
#853 = DIRECTION('',(0.5,1.232595164408E-32,-0.866025403784));
#854 = ORIENTED_EDGE('',*,*,#855,.T.);
#855 = EDGE_CURVE('',#847,#856,#858,.T.);
#856 = VERTEX_POINT('',#857);
#857 = CARTESIAN_POINT('',(-26.28767938025,92.844060219534,
    20.10205771366));
#858 = LINE('',#859,#860);
#859 = CARTESIAN_POINT('',(-31.13224262505,92.844060219534,
    28.493086410476));
#860 = VECTOR('',#861,1.);
#861 = DIRECTION('',(0.50000004396,8.10740664293E-16,-0.866025378404));
#862 = ORIENTED_EDGE('',*,*,#863,.T.);
#863 = EDGE_CURVE('',#856,#795,#864,.T.);
#864 = LINE('',#865,#866);
#865 = CARTESIAN_POINT('',(-28.72081851548,92.844060219534,
    15.887736615512));
#866 = VECTOR('',#867,1.);
#867 = DIRECTION('',(0.49999995604,-9.332053953173E-16,0.866025429165));
#868 = FACE_BOUND('',#869,.T.);
#869 = EDGE_LOOP('',(#870,#881,#889,#897,#906,#914,#922,#931,#939));
#870 = ORIENTED_EDGE('',*,*,#871,.T.);
#871 = EDGE_CURVE('',#872,#874,#876,.T.);
#872 = VERTEX_POINT('',#873);
#873 = CARTESIAN_POINT('',(-59.60936098372,92.844060219534,
    20.911247528898));
#874 = VERTEX_POINT('',#875);
#875 = CARTESIAN_POINT('',(-58.51734459634,92.844060219534,
    22.802675616268));
#876 = CIRCLE('',#877,1.55);
#877 = AXIS2_PLACEMENT_3D('',#878,#879,#880);
#878 = CARTESIAN_POINT('',(-60.01598076211,92.844060219534,
    22.406961524227));
#879 = DIRECTION('',(-3.013258104298E-16,-1.,-3.662668064038E-16));
#880 = DIRECTION('',(0.5,1.665334536938E-16,-0.866025403784));
#881 = ORIENTED_EDGE('',*,*,#882,.T.);
#882 = EDGE_CURVE('',#874,#883,#885,.T.);
#883 = VERTEX_POINT('',#884);
#884 = CARTESIAN_POINT('',(-58.11072492962,92.844060219534,
    23.50696162094));
#885 = LINE('',#886,#887);
#886 = CARTESIAN_POINT('',(-58.25579520814,92.844060219534,
    23.255692498412));
#887 = VECTOR('',#888,1.);
#888 = DIRECTION('',(0.49999995604,-9.332053953173E-16,0.866025429165));
#889 = ORIENTED_EDGE('',*,*,#890,.T.);
#890 = EDGE_CURVE('',#883,#891,#893,.T.);
#891 = VERTEX_POINT('',#892);
#892 = CARTESIAN_POINT('',(-58.92396433455,92.844060219534,
    23.506961579659));
#893 = LINE('',#894,#895);
#894 = CARTESIAN_POINT('',(-60.56511835405,92.844060219534,
    23.506961496352));
#895 = VECTOR('',#896,1.);
#896 = DIRECTION('',(-1.,1.224647310241E-16,-5.076075793031E-08));
#897 = ORIENTED_EDGE('',*,*,#898,.T.);
#898 = EDGE_CURVE('',#891,#899,#901,.T.);
#899 = VERTEX_POINT('',#900);
#900 = CARTESIAN_POINT('',(-61.10799730134,92.844060219534,
    23.506961468795));
#901 = CIRCLE('',#902,1.55);
#902 = AXIS2_PLACEMENT_3D('',#903,#904,#905);
#903 = CARTESIAN_POINT('',(-60.01598076211,92.844060219534,
    22.406961524227));
#904 = DIRECTION('',(-3.013258104298E-16,-1.,-3.662668064038E-16));
#905 = DIRECTION('',(0.5,1.665334536938E-16,-0.866025403784));
#906 = ORIENTED_EDGE('',*,*,#907,.T.);
#907 = EDGE_CURVE('',#899,#908,#910,.T.);
#908 = VERTEX_POINT('',#909);
#909 = CARTESIAN_POINT('',(-61.92123670627,92.844060219534,
    23.506961427515));
#910 = LINE('',#911,#912);
#911 = CARTESIAN_POINT('',(-60.56511835405,92.844060219534,
    23.506961496352));
#912 = VECTOR('',#913,1.);
#913 = DIRECTION('',(-1.,1.224647310241E-16,-5.076075793031E-08));
#914 = ORIENTED_EDGE('',*,*,#915,.T.);
#915 = EDGE_CURVE('',#908,#916,#918,.T.);
#916 = VERTEX_POINT('',#917);
#917 = CARTESIAN_POINT('',(-61.51461696805,92.844060219534,
    22.802675464124));
#918 = LINE('',#919,#920);
#919 = CARTESIAN_POINT('',(-60.62179315255,92.844060219534,
    21.256259434746));
#920 = VECTOR('',#921,1.);
#921 = DIRECTION('',(0.50000004396,8.10740664293E-16,-0.866025378404));
#922 = ORIENTED_EDGE('',*,*,#923,.T.);
#923 = EDGE_CURVE('',#916,#924,#926,.T.);
#924 = VERTEX_POINT('',#925);
#925 = CARTESIAN_POINT('',(-60.42260038865,92.844060219534,
    20.911247487618));
#926 = CIRCLE('',#927,1.55);
#927 = AXIS2_PLACEMENT_3D('',#928,#929,#930);
#928 = CARTESIAN_POINT('',(-60.01598076211,92.844060219534,
    22.406961524227));
#929 = DIRECTION('',(-3.013258104298E-16,-1.,-3.662668064038E-16));
#930 = DIRECTION('',(0.5,1.665334536938E-16,-0.866025403784));
#931 = ORIENTED_EDGE('',*,*,#932,.T.);
#932 = EDGE_CURVE('',#924,#933,#935,.T.);
#933 = VERTEX_POINT('',#934);
#934 = CARTESIAN_POINT('',(-60.01598065043,92.844060219534,
    20.206961524227));
#935 = LINE('',#936,#937);
#936 = CARTESIAN_POINT('',(-60.62179315255,92.844060219534,
    21.256259434746));
#937 = VECTOR('',#938,1.);
#938 = DIRECTION('',(0.50000004396,8.10740664293E-16,-0.866025378404));
#939 = ORIENTED_EDGE('',*,*,#940,.T.);
#940 = EDGE_CURVE('',#933,#872,#941,.T.);
#941 = LINE('',#942,#943);
#942 = CARTESIAN_POINT('',(-58.25579520814,92.844060219534,
    23.255692498412));
#943 = VECTOR('',#944,1.);
#944 = DIRECTION('',(0.49999995604,-9.332053953173E-16,0.866025429165));
#945 = FACE_BOUND('',#946,.T.);
#946 = EDGE_LOOP('',(#947,#958,#966,#974,#983,#991,#999,#1008,#1016));
#947 = ORIENTED_EDGE('',*,*,#948,.T.);
#948 = EDGE_CURVE('',#949,#951,#953,.T.);
#949 = VERTEX_POINT('',#950);
#950 = CARTESIAN_POINT('',(-90.96347641104,92.844060219534,
    20.949286004671));
#951 = VERTEX_POINT('',#952);
#952 = CARTESIAN_POINT('',(-89.87146002366,92.844060219534,
    22.840714092041));
#953 = CIRCLE('',#954,1.55);
#954 = AXIS2_PLACEMENT_3D('',#955,#956,#957);
#955 = CARTESIAN_POINT('',(-91.37009618943,92.844060219534,22.445));
#956 = DIRECTION('',(-1.922962686384E-16,-1.,-1.110223024625E-16));
#957 = DIRECTION('',(0.5,1.232595164408E-32,-0.866025403784));
#958 = ORIENTED_EDGE('',*,*,#959,.T.);
#959 = EDGE_CURVE('',#951,#960,#962,.T.);
#960 = VERTEX_POINT('',#961);
#961 = CARTESIAN_POINT('',(-89.46484035694,92.844060219534,
    23.545000096713));
#962 = LINE('',#963,#964);
#963 = CARTESIAN_POINT('',(-85.69888246732,92.844060219534,
    30.067831265357));
#964 = VECTOR('',#965,1.);
#965 = DIRECTION('',(0.49999995604,-9.332053953173E-16,0.866025429165));
#966 = ORIENTED_EDGE('',*,*,#967,.T.);
#967 = EDGE_CURVE('',#960,#968,#970,.T.);
#968 = VERTEX_POINT('',#969);
#969 = CARTESIAN_POINT('',(-90.27807976187,92.844060219534,
    23.545000055432));
#970 = LINE('',#971,#972);
#971 = CARTESIAN_POINT('',(-76.24217606867,92.844060219534,
    23.545000767904));
#972 = VECTOR('',#973,1.);
#973 = DIRECTION('',(-1.,1.224647310241E-16,-5.076075731969E-08));
#974 = ORIENTED_EDGE('',*,*,#975,.T.);
#975 = EDGE_CURVE('',#968,#976,#978,.T.);
#976 = VERTEX_POINT('',#977);
#977 = CARTESIAN_POINT('',(-92.46211272866,92.844060219534,
    23.544999944568));
#978 = CIRCLE('',#979,1.55);
#979 = AXIS2_PLACEMENT_3D('',#980,#981,#982);
#980 = CARTESIAN_POINT('',(-91.37009618943,92.844060219534,22.445));
#981 = DIRECTION('',(-1.922962686384E-16,-1.,-1.110223024625E-16));
#982 = DIRECTION('',(0.5,1.232595164408E-32,-0.866025403784));
#983 = ORIENTED_EDGE('',*,*,#984,.T.);
#984 = EDGE_CURVE('',#976,#985,#987,.T.);
#985 = VERTEX_POINT('',#986);
#986 = CARTESIAN_POINT('',(-93.27535213359,92.844060219534,
    23.544999903288));
#987 = LINE('',#988,#989);
#988 = CARTESIAN_POINT('',(-76.24217606867,92.844060219534,
    23.545000767904));
#989 = VECTOR('',#990,1.);
#990 = DIRECTION('',(-1.,1.224647310241E-16,-5.076075731969E-08));
#991 = ORIENTED_EDGE('',*,*,#992,.T.);
#992 = EDGE_CURVE('',#985,#993,#995,.T.);
#993 = VERTEX_POINT('',#994);
#994 = CARTESIAN_POINT('',(-92.86873239537,92.844060219534,
    22.840713939897));
#995 = LINE('',#996,#997);
#996 = CARTESIAN_POINT('',(-88.04840789022,92.844060219534,
    14.491667966737));
#997 = VECTOR('',#998,1.);
#998 = DIRECTION('',(0.50000004396,8.10740664293E-16,-0.866025378404));
#999 = ORIENTED_EDGE('',*,*,#1000,.T.);
#1000 = EDGE_CURVE('',#993,#1001,#1003,.T.);
#1001 = VERTEX_POINT('',#1002);
#1002 = CARTESIAN_POINT('',(-91.77671581597,92.844060219534,
    20.949285963391));
#1003 = CIRCLE('',#1004,1.55);
#1004 = AXIS2_PLACEMENT_3D('',#1005,#1006,#1007);
#1005 = CARTESIAN_POINT('',(-91.37009618943,92.844060219534,22.445));
#1006 = DIRECTION('',(-1.922962686384E-16,-1.,-1.110223024625E-16));
#1007 = DIRECTION('',(0.5,1.232595164408E-32,-0.866025403784));
#1008 = ORIENTED_EDGE('',*,*,#1009,.T.);
#1009 = EDGE_CURVE('',#1001,#1010,#1012,.T.);
#1010 = VERTEX_POINT('',#1011);
#1011 = CARTESIAN_POINT('',(-91.37009607775,92.844060219534,20.245));
#1012 = LINE('',#1013,#1014);
#1013 = CARTESIAN_POINT('',(-88.04840789022,92.844060219534,
    14.491667966737));
#1014 = VECTOR('',#1015,1.);
#1015 = DIRECTION('',(0.50000004396,8.10740664293E-16,-0.866025378404));
#1016 = ORIENTED_EDGE('',*,*,#1017,.T.);
#1017 = EDGE_CURVE('',#1010,#949,#1018,.T.);
#1018 = LINE('',#1019,#1020);
#1019 = CARTESIAN_POINT('',(-85.69888246732,92.844060219534,
    30.067831265357));
#1020 = VECTOR('',#1021,1.);
#1021 = DIRECTION('',(0.49999995604,-9.332053953173E-16,0.866025429165)
  );
#1022 = PLANE('',#1023);
#1023 = AXIS2_PLACEMENT_3D('',#1024,#1025,#1026);
#1024 = CARTESIAN_POINT('',(-59.209,92.844060219534,23.471));
#1025 = DIRECTION('',(1.224646799147E-16,1.,1.006867733185E-15));
#1026 = DIRECTION('',(1.233057346609E-31,1.006867733185E-15,-1.));
#1027 = ADVANCED_FACE('',(#1028),#1047,.F.);
#1028 = FACE_BOUND('',#1029,.F.);
#1029 = EDGE_LOOP('',(#1030,#1039,#1045,#1046));
#1030 = ORIENTED_EDGE('',*,*,#1031,.T.);
#1031 = EDGE_CURVE('',#709,#1032,#1034,.T.);
#1032 = VERTEX_POINT('',#1033);
#1033 = CARTESIAN_POINT('',(-13.459,89.844060219534,29.60943236375));
#1034 = CIRCLE('',#1035,86.767970908174);
#1035 = AXIS2_PLACEMENT_3D('',#1036,#1037,#1038);
#1036 = CARTESIAN_POINT('',(-13.459,51.084087039698,107.23897090817));
#1037 = DIRECTION('',(1.,-1.224646799147E-16,2.98E-15));
#1038 = DIRECTION('',(2.979999961253E-15,-3.16394649536E-07,-1.));
#1039 = ORIENTED_EDGE('',*,*,#1040,.F.);
#1040 = EDGE_CURVE('',#99,#1032,#1041,.T.);
#1041 = LINE('',#1042,#1043);
#1042 = CARTESIAN_POINT('',(-13.459,89.844060219534,13.471));
#1043 = VECTOR('',#1044,1.);
#1044 = DIRECTION('',(-2.98E-15,-2.97E-15,1.));
#1045 = ORIENTED_EDGE('',*,*,#107,.F.);
#1046 = ORIENTED_EDGE('',*,*,#753,.T.);
#1047 = PLANE('',#1048);
#1048 = AXIS2_PLACEMENT_3D('',#1049,#1050,#1051);
#1049 = CARTESIAN_POINT('',(-13.459,51.084060219534,13.471));
#1050 = DIRECTION('',(-1.,1.224646799147E-16,-2.98E-15));
#1051 = DIRECTION('',(1.224646799147E-16,1.,2.97E-15));
#1052 = ADVANCED_FACE('',(#1053),#1107,.T.);
#1053 = FACE_BOUND('',#1054,.T.);
#1054 = EDGE_LOOP('',(#1055,#1097,#1098,#1099,#1100));
#1055 = ORIENTED_EDGE('',*,*,#1056,.F.);
#1056 = EDGE_CURVE('',#1032,#1057,#1059,.T.);
#1057 = VERTEX_POINT('',#1058);
#1058 = CARTESIAN_POINT('',(-14.46792386559,92.08807799465,
    31.917746307444));
#1059 = B_SPLINE_CURVE_WITH_KNOTS('',8,(#1060,#1061,#1062,#1063,#1064,
    #1065,#1066,#1067,#1068,#1069,#1070,#1071,#1072,#1073,#1074,#1075,
    #1076,#1077,#1078,#1079,#1080,#1081,#1082,#1083,#1084,#1085,#1086,
    #1087,#1088,#1089,#1090,#1091,#1092,#1093,#1094,#1095,#1096),
  .UNSPECIFIED.,.F.,.F.,(9,7,7,7,7,9),(0.,0.105842933308,0.206872552787,
    0.473085090738,0.78542438752,1.),.UNSPECIFIED.);
#1060 = CARTESIAN_POINT('',(-13.459,89.844060219534,29.60943236375));
#1061 = CARTESIAN_POINT('',(-13.459,89.946269961917,29.660465088507));
#1062 = CARTESIAN_POINT('',(-13.46297992359,90.045508380234,
    29.714654823004));
#1063 = CARTESIAN_POINT('',(-13.47053400704,90.141615956702,
    29.771461036926));
#1064 = CARTESIAN_POINT('',(-13.48127005632,90.234530179702,
    29.830403413902));
#1065 = CARTESIAN_POINT('',(-13.49482711066,90.324266100136,
    29.891073671833));
#1066 = CARTESIAN_POINT('',(-13.51088826615,90.410901582804,
    29.953144014374));
#1067 = CARTESIAN_POINT('',(-13.52918865936,90.494567252802,
    30.016372213564));
#1068 = CARTESIAN_POINT('',(-13.56892403741,90.652637199898,
    30.141913459335));
#1069 = CARTESIAN_POINT('',(-13.59016898127,90.727250943578,
    30.20410673116));
#1070 = CARTESIAN_POINT('',(-13.61306235507,90.799415810747,
    30.267027407849));
#1071 = CARTESIAN_POINT('',(-13.6374418934,90.869249198673,
    30.330544561652));
#1072 = CARTESIAN_POINT('',(-13.66316905412,90.936859812467,
    30.394550075603));
#1073 = CARTESIAN_POINT('',(-13.69012566873,91.00235245859,
    30.458957345189));
#1074 = CARTESIAN_POINT('',(-13.71821234163,91.065830278531,
    30.523700674397));
#1075 = CARTESIAN_POINT('',(-13.82412248856,91.28961563206,
    30.760101450938));
#1076 = CARTESIAN_POINT('',(-13.90809812438,91.438370667576,
    30.933300188903));
#1077 = CARTESIAN_POINT('',(-13.99779441675,91.575607997786,
    31.107552138089));
#1078 = CARTESIAN_POINT('',(-14.09226723319,91.702423233784,
    31.282271896157));
#1079 = CARTESIAN_POINT('',(-14.19077468755,91.819745224275,
    31.457026370174));
#1080 = CARTESIAN_POINT('',(-14.29280167911,91.928286782181,
    31.631539603776));
#1081 = CARTESIAN_POINT('',(-14.39799114192,92.028675899522,
    31.805679101212));
#1082 = CARTESIAN_POINT('',(-14.63306693676,92.230253226798,
    32.183346782982));
#1083 = CARTESIAN_POINT('',(-14.76392995303,92.328442985061,
    32.386507373156));
#1084 = CARTESIAN_POINT('',(-14.89829568236,92.416760299997,
    32.588744871866));
#1085 = CARTESIAN_POINT('',(-15.03583075892,92.495688319103,
    32.789862549086));
#1086 = CARTESIAN_POINT('',(-15.176276341,92.565556626844,32.98967294887
    ));
#1087 = CARTESIAN_POINT('',(-15.31943381291,92.626582762606,
    33.188001437967));
#1088 = CARTESIAN_POINT('',(-15.46516462218,92.67887203164,
    33.384684833885));
#1089 = CARTESIAN_POINT('',(-15.71521882571,92.752333553262,
    33.713452051677));
#1090 = CARTESIAN_POINT('',(-15.81821053063,92.778118190824,
    33.846466760583));
#1091 = CARTESIAN_POINT('',(-15.92233150198,92.799769510205,
    33.978553846255));
#1092 = CARTESIAN_POINT('',(-16.02755294178,92.817257898461,
    34.10964487647));
#1093 = CARTESIAN_POINT('',(-16.13384956119,92.830528419479,
    34.239661704308));
#1094 = CARTESIAN_POINT('',(-16.24119979572,92.839499784983,
    34.368515933001));
#1095 = CARTESIAN_POINT('',(-16.34958676829,92.844060219534,
    34.496107552461));
#1096 = CARTESIAN_POINT('',(-16.459,92.844060219534,34.622322747493));
#1097 = ORIENTED_EDGE('',*,*,#1040,.F.);
#1098 = ORIENTED_EDGE('',*,*,#98,.T.);
#1099 = ORIENTED_EDGE('',*,*,#786,.T.);
#1100 = ORIENTED_EDGE('',*,*,#1101,.F.);
#1101 = EDGE_CURVE('',#1057,#779,#1102,.T.);
#1102 = ELLIPSE('',#1103,3.484677550538,3.);
#1103 = AXIS2_PLACEMENT_3D('',#1104,#1105,#1106);
#1104 = CARTESIAN_POINT('',(-16.459,89.844060219534,33.243844502833));
#1105 = DIRECTION('',(-2.520430954671E-15,0.508754246877,0.860911793557)
  );
#1106 = DIRECTION('',(-1.592382316712E-15,-0.860911793557,0.508754246877
    ));
#1107 = CYLINDRICAL_SURFACE('',#1108,3.);
#1108 = AXIS2_PLACEMENT_3D('',#1109,#1110,#1111);
#1109 = CARTESIAN_POINT('',(-16.459,89.844060219534,13.471));
#1110 = DIRECTION('',(-2.98E-15,-2.97E-15,1.));
#1111 = DIRECTION('',(1.,-1.224646799147E-16,2.98E-15));
#1112 = ADVANCED_FACE('',(#1113),#1132,.T.);
#1113 = FACE_BOUND('',#1114,.F.);
#1114 = EDGE_LOOP('',(#1115,#1123,#1124,#1125));
#1115 = ORIENTED_EDGE('',*,*,#1116,.T.);
#1116 = EDGE_CURVE('',#1117,#174,#1119,.T.);
#1117 = VERTEX_POINT('',#1118);
#1118 = CARTESIAN_POINT('',(-104.584,56.10406,12.471));
#1119 = LINE('',#1120,#1121);
#1120 = CARTESIAN_POINT('',(-104.584,56.10406,12.471));
#1121 = VECTOR('',#1122,1.);
#1122 = DIRECTION('',(-3.E-15,-3.E-15,1.));
#1123 = ORIENTED_EDGE('',*,*,#173,.T.);
#1124 = ORIENTED_EDGE('',*,*,#1116,.F.);
#1125 = ORIENTED_EDGE('',*,*,#1126,.F.);
#1126 = EDGE_CURVE('',#1117,#1117,#1127,.T.);
#1127 = CIRCLE('',#1128,4.375);
#1128 = AXIS2_PLACEMENT_3D('',#1129,#1130,#1131);
#1129 = CARTESIAN_POINT('',(-100.209,56.10406,12.471));
#1130 = DIRECTION('',(-3.E-15,-3.E-15,1.));
#1131 = DIRECTION('',(-1.,1.224646799147E-16,-3.E-15));
#1132 = CYLINDRICAL_SURFACE('',#1133,4.375);
#1133 = AXIS2_PLACEMENT_3D('',#1134,#1135,#1136);
#1134 = CARTESIAN_POINT('',(-100.209,56.10406,12.471));
#1135 = DIRECTION('',(3.E-15,3.E-15,-1.));
#1136 = DIRECTION('',(-1.,1.224646799147E-16,-3.E-15));
#1137 = ADVANCED_FACE('',(#1138),#1157,.T.);
#1138 = FACE_BOUND('',#1139,.F.);
#1139 = EDGE_LOOP('',(#1140,#1148,#1149,#1150));
#1140 = ORIENTED_EDGE('',*,*,#1141,.T.);
#1141 = EDGE_CURVE('',#1142,#185,#1144,.T.);
#1142 = VERTEX_POINT('',#1143);
#1143 = CARTESIAN_POINT('',(-104.574,87.84406,12.471));
#1144 = LINE('',#1145,#1146);
#1145 = CARTESIAN_POINT('',(-104.574,87.84406,12.471));
#1146 = VECTOR('',#1147,1.);
#1147 = DIRECTION('',(-3.E-15,-3.E-15,1.));
#1148 = ORIENTED_EDGE('',*,*,#184,.T.);
#1149 = ORIENTED_EDGE('',*,*,#1141,.F.);
#1150 = ORIENTED_EDGE('',*,*,#1151,.F.);
#1151 = EDGE_CURVE('',#1142,#1142,#1152,.T.);
#1152 = CIRCLE('',#1153,4.375);
#1153 = AXIS2_PLACEMENT_3D('',#1154,#1155,#1156);
#1154 = CARTESIAN_POINT('',(-100.199,87.84406,12.471));
#1155 = DIRECTION('',(-3.E-15,-3.E-15,1.));
#1156 = DIRECTION('',(-1.,1.224646799147E-16,-3.E-15));
#1157 = CYLINDRICAL_SURFACE('',#1158,4.375);
#1158 = AXIS2_PLACEMENT_3D('',#1159,#1160,#1161);
#1159 = CARTESIAN_POINT('',(-100.199,87.84406,12.471));
#1160 = DIRECTION('',(3.E-15,3.E-15,-1.));
#1161 = DIRECTION('',(-1.,1.224646799147E-16,-3.E-15));
#1162 = ADVANCED_FACE('',(#1163),#1182,.T.);
#1163 = FACE_BOUND('',#1164,.F.);
#1164 = EDGE_LOOP('',(#1165,#1173,#1174,#1175));
#1165 = ORIENTED_EDGE('',*,*,#1166,.T.);
#1166 = EDGE_CURVE('',#1167,#196,#1169,.T.);
#1167 = VERTEX_POINT('',#1168);
#1168 = CARTESIAN_POINT('',(-22.824,87.844060219534,12.471));
#1169 = LINE('',#1170,#1171);
#1170 = CARTESIAN_POINT('',(-22.824,87.844060219534,12.471));
#1171 = VECTOR('',#1172,1.);
#1172 = DIRECTION('',(-3.E-15,-3.E-15,1.));
#1173 = ORIENTED_EDGE('',*,*,#195,.T.);
#1174 = ORIENTED_EDGE('',*,*,#1166,.F.);
#1175 = ORIENTED_EDGE('',*,*,#1176,.F.);
#1176 = EDGE_CURVE('',#1167,#1167,#1177,.T.);
#1177 = CIRCLE('',#1178,4.375);
#1178 = AXIS2_PLACEMENT_3D('',#1179,#1180,#1181);
#1179 = CARTESIAN_POINT('',(-18.449,87.844060219534,12.471));
#1180 = DIRECTION('',(-3.E-15,-3.E-15,1.));
#1181 = DIRECTION('',(-1.,1.224646799147E-16,-3.E-15));
#1182 = CYLINDRICAL_SURFACE('',#1183,4.375);
#1183 = AXIS2_PLACEMENT_3D('',#1184,#1185,#1186);
#1184 = CARTESIAN_POINT('',(-18.449,87.844060219534,12.471));
#1185 = DIRECTION('',(3.E-15,3.E-15,-1.));
#1186 = DIRECTION('',(-1.,1.224646799147E-16,-3.E-15));
#1187 = ADVANCED_FACE('',(#1188),#1207,.T.);
#1188 = FACE_BOUND('',#1189,.F.);
#1189 = EDGE_LOOP('',(#1190,#1198,#1199,#1200));
#1190 = ORIENTED_EDGE('',*,*,#1191,.T.);
#1191 = EDGE_CURVE('',#1192,#207,#1194,.T.);
#1192 = VERTEX_POINT('',#1193);
#1193 = CARTESIAN_POINT('',(-22.834,56.08406,12.471));
#1194 = LINE('',#1195,#1196);
#1195 = CARTESIAN_POINT('',(-22.834,56.08406,12.471));
#1196 = VECTOR('',#1197,1.);
#1197 = DIRECTION('',(-3.E-15,-3.E-15,1.));
#1198 = ORIENTED_EDGE('',*,*,#206,.T.);
#1199 = ORIENTED_EDGE('',*,*,#1191,.F.);
#1200 = ORIENTED_EDGE('',*,*,#1201,.F.);
#1201 = EDGE_CURVE('',#1192,#1192,#1202,.T.);
#1202 = CIRCLE('',#1203,4.375);
#1203 = AXIS2_PLACEMENT_3D('',#1204,#1205,#1206);
#1204 = CARTESIAN_POINT('',(-18.459,56.08406,12.471));
#1205 = DIRECTION('',(-3.E-15,-3.E-15,1.));
#1206 = DIRECTION('',(-1.,1.224646799147E-16,-3.E-15));
#1207 = CYLINDRICAL_SURFACE('',#1208,4.375);
#1208 = AXIS2_PLACEMENT_3D('',#1209,#1210,#1211);
#1209 = CARTESIAN_POINT('',(-18.459,56.08406,12.471));
#1210 = DIRECTION('',(3.E-15,3.E-15,-1.));
#1211 = DIRECTION('',(-1.,1.224646799147E-16,-3.E-15));
#1212 = ADVANCED_FACE('',(#1213),#1224,.F.);
#1213 = FACE_BOUND('',#1214,.F.);
#1214 = EDGE_LOOP('',(#1215,#1216,#1222,#1223));
#1215 = ORIENTED_EDGE('',*,*,#223,.F.);
#1216 = ORIENTED_EDGE('',*,*,#1217,.T.);
#1217 = EDGE_CURVE('',#224,#314,#1218,.T.);
#1218 = LINE('',#1219,#1220);
#1219 = CARTESIAN_POINT('',(-95.459,84.844060219534,27.483758203264));
#1220 = VECTOR('',#1221,1.);
#1221 = DIRECTION('',(1.,-3.445092848398E-16,2.775557561563E-15));
#1222 = ORIENTED_EDGE('',*,*,#313,.T.);
#1223 = ORIENTED_EDGE('',*,*,#274,.F.);
#1224 = PLANE('',#1225);
#1225 = AXIS2_PLACEMENT_3D('',#1226,#1227,#1228);
#1226 = CARTESIAN_POINT('',(-95.459,84.844060219534,33.471));
#1227 = DIRECTION('',(2.334869823773E-16,1.,-1.110223024625E-16));
#1228 = DIRECTION('',(2.775557561563E-15,-1.110223024625E-16,-1.));
#1229 = ADVANCED_FACE('',(#1230),#1254,.F.);
#1230 = FACE_BOUND('',#1231,.F.);
#1231 = EDGE_LOOP('',(#1232,#1239,#1248,#1253));
#1232 = ORIENTED_EDGE('',*,*,#1233,.F.);
#1233 = EDGE_CURVE('',#1234,#242,#1236,.T.);
#1234 = VERTEX_POINT('',#1235);
#1235 = CARTESIAN_POINT('',(-97.459,82.111993470769,28.353751035287));
#1236 = B_SPLINE_CURVE_WITH_KNOTS('',1,(#1237,#1238),.UNSPECIFIED.,.F.,
  .F.,(2,2),(0.,1.),.PIECEWISE_BEZIER_KNOTS.);
#1237 = CARTESIAN_POINT('',(-97.459,82.111993470769,28.353751035287));
#1238 = CARTESIAN_POINT('',(-95.459,82.844060219534,26.492547587151));
#1239 = ORIENTED_EDGE('',*,*,#1240,.T.);
#1240 = EDGE_CURVE('',#1234,#1241,#1243,.T.);
#1241 = VERTEX_POINT('',#1242);
#1242 = CARTESIAN_POINT('',(-93.459,86.66907827506,30.301871335417));
#1243 = B_SPLINE_CURVE_WITH_KNOTS('',3,(#1244,#1245,#1246,#1247),
  .UNSPECIFIED.,.F.,.F.,(4,4),(0.,1.),.PIECEWISE_BEZIER_KNOTS.);
#1244 = CARTESIAN_POINT('',(-97.459,82.111993470769,28.353751035287));
#1245 = CARTESIAN_POINT('',(-96.12566666666,83.649574658589,
    28.95852751056));
#1246 = CARTESIAN_POINT('',(-94.79233333333,85.169468625253,
    29.608271023719));
#1247 = CARTESIAN_POINT('',(-93.459,86.66907827506,30.301871335417));
#1248 = ORIENTED_EDGE('',*,*,#1249,.T.);
#1249 = EDGE_CURVE('',#1241,#224,#1250,.T.);
#1250 = B_SPLINE_CURVE_WITH_KNOTS('',1,(#1251,#1252),.UNSPECIFIED.,.F.,
  .F.,(2,2),(0.,1.),.PIECEWISE_BEZIER_KNOTS.);
#1251 = CARTESIAN_POINT('',(-93.459,86.66907827506,30.301871335417));
#1252 = CARTESIAN_POINT('',(-93.459,84.844060219534,27.483758203264));
#1253 = ORIENTED_EDGE('',*,*,#249,.F.);
#1254 = B_SPLINE_SURFACE_WITH_KNOTS('',3,1,(
    (#1255,#1256)
    ,(#1257,#1258)
    ,(#1259,#1260)
    ,(#1261,#1262
    )),.UNSPECIFIED.,.F.,.F.,.F.,(4,4),(2,2),(0.,1.),(0.,1.),
  .PIECEWISE_BEZIER_KNOTS.);
#1255 = CARTESIAN_POINT('',(-97.459,82.111993470769,28.353751035287));
#1256 = CARTESIAN_POINT('',(-95.459,82.844060219534,26.492547587151));
#1257 = CARTESIAN_POINT('',(-96.12566666666,83.649574658589,
    28.95852751056));
#1258 = CARTESIAN_POINT('',(-94.79233333333,83.5107268862,
    26.822951125855));
#1259 = CARTESIAN_POINT('',(-94.79233333333,85.169468625253,
    29.608271023719));
#1260 = CARTESIAN_POINT('',(-94.12566666666,84.177393552867,
    27.153354664559));
#1261 = CARTESIAN_POINT('',(-93.459,86.66907827506,30.301871335417));
#1262 = CARTESIAN_POINT('',(-93.459,84.844060219534,27.483758203264));
#1263 = ADVANCED_FACE('',(#1264),#1285,.F.);
#1264 = FACE_BOUND('',#1265,.F.);
#1265 = EDGE_LOOP('',(#1266,#1275,#1282,#1283,#1284));
#1266 = ORIENTED_EDGE('',*,*,#1267,.F.);
#1267 = EDGE_CURVE('',#1268,#348,#1270,.T.);
#1268 = VERTEX_POINT('',#1269);
#1269 = CARTESIAN_POINT('',(-97.459,53.083921055137,22.494593184341));
#1270 = HYPERBOLA('',#1271,60.991242588682,60.991242588682);
#1271 = AXIS2_PLACEMENT_3D('',#1272,#1273,#1274);
#1272 = CARTESIAN_POINT('',(-182.2269709081,94.465040171746,
    64.366782045619));
#1273 = DIRECTION('',(2.117076326653E-15,0.711265278273,-0.702923682859)
  );
#1274 = DIRECTION('',(1.,-7.641656711723E-17,2.934491931456E-15));
#1275 = ORIENTED_EDGE('',*,*,#1276,.T.);
#1276 = EDGE_CURVE('',#1268,#1234,#1277,.T.);
#1277 = CIRCLE('',#1278,84.767970908174);
#1278 = AXIS2_PLACEMENT_3D('',#1279,#1280,#1281);
#1279 = CARTESIAN_POINT('',(-97.459,51.084087039698,107.23897090817));
#1280 = DIRECTION('',(1.,-1.224646799147E-16,2.98E-15));
#1281 = DIRECTION('',(2.979999961253E-15,-3.163946492845E-07,-1.));
#1282 = ORIENTED_EDGE('',*,*,#1233,.T.);
#1283 = ORIENTED_EDGE('',*,*,#297,.F.);
#1284 = ORIENTED_EDGE('',*,*,#347,.T.);
#1285 = CONICAL_SURFACE('',#1286,84.767970908174,0.785398163397);
#1286 = AXIS2_PLACEMENT_3D('',#1287,#1288,#1289);
#1287 = CARTESIAN_POINT('',(-97.459,51.084087039698,107.23897090817));
#1288 = DIRECTION('',(1.,-1.224646799147E-16,2.98E-15));
#1289 = DIRECTION('',(2.979999961253E-15,-3.163946492845E-07,-1.));
#1290 = ADVANCED_FACE('',(#1291),#1315,.F.);
#1291 = FACE_BOUND('',#1292,.F.);
#1292 = EDGE_LOOP('',(#1293,#1300,#1309,#1314));
#1293 = ORIENTED_EDGE('',*,*,#1294,.F.);
#1294 = EDGE_CURVE('',#1295,#314,#1297,.T.);
#1295 = VERTEX_POINT('',#1296);
#1296 = CARTESIAN_POINT('',(-25.459,86.66907827506,30.301871335417));
#1297 = B_SPLINE_CURVE_WITH_KNOTS('',1,(#1298,#1299),.UNSPECIFIED.,.F.,
  .F.,(2,2),(0.,1.),.PIECEWISE_BEZIER_KNOTS.);
#1298 = CARTESIAN_POINT('',(-25.459,86.66907827506,30.301871335417));
#1299 = CARTESIAN_POINT('',(-25.459,84.844060219534,27.483758203264));
#1300 = ORIENTED_EDGE('',*,*,#1301,.T.);
#1301 = EDGE_CURVE('',#1295,#1302,#1304,.T.);
#1302 = VERTEX_POINT('',#1303);
#1303 = CARTESIAN_POINT('',(-21.459,82.111993470769,28.353751035287));
#1304 = B_SPLINE_CURVE_WITH_KNOTS('',3,(#1305,#1306,#1307,#1308),
  .UNSPECIFIED.,.F.,.F.,(4,4),(0.,1.),.PIECEWISE_BEZIER_KNOTS.);
#1305 = CARTESIAN_POINT('',(-25.459,86.66907827506,30.301871335417));
#1306 = CARTESIAN_POINT('',(-24.12566666666,85.169468625253,
    29.608271023719));
#1307 = CARTESIAN_POINT('',(-22.79233333333,83.64957465859,
    28.95852751056));
#1308 = CARTESIAN_POINT('',(-21.459,82.111993470769,28.353751035287));
#1309 = ORIENTED_EDGE('',*,*,#1310,.T.);
#1310 = EDGE_CURVE('',#1302,#322,#1311,.T.);
#1311 = B_SPLINE_CURVE_WITH_KNOTS('',1,(#1312,#1313),.UNSPECIFIED.,.F.,
  .F.,(2,2),(0.,1.),.PIECEWISE_BEZIER_KNOTS.);
#1312 = CARTESIAN_POINT('',(-21.459,82.111993470769,28.353751035287));
#1313 = CARTESIAN_POINT('',(-23.459,82.844060219534,26.492547587151));
#1314 = ORIENTED_EDGE('',*,*,#321,.F.);
#1315 = B_SPLINE_SURFACE_WITH_KNOTS('',3,1,(
    (#1316,#1317)
    ,(#1318,#1319)
    ,(#1320,#1321)
    ,(#1322,#1323
    )),.UNSPECIFIED.,.F.,.F.,.F.,(4,4),(2,2),(0.,1.),(0.,1.),
  .PIECEWISE_BEZIER_KNOTS.);
#1316 = CARTESIAN_POINT('',(-25.459,86.66907827506,30.301871335417));
#1317 = CARTESIAN_POINT('',(-25.459,84.844060219534,27.483758203264));
#1318 = CARTESIAN_POINT('',(-24.12566666666,85.169468625253,
    29.608271023719));
#1319 = CARTESIAN_POINT('',(-24.79233333333,84.177393552867,
    27.153354664559));
#1320 = CARTESIAN_POINT('',(-22.79233333333,83.64957465859,
    28.95852751056));
#1321 = CARTESIAN_POINT('',(-24.12566666666,83.5107268862,
    26.822951125855));
#1322 = CARTESIAN_POINT('',(-21.459,82.111993470769,28.353751035287));
#1323 = CARTESIAN_POINT('',(-23.459,82.844060219534,26.492547587151));
#1324 = ADVANCED_FACE('',(#1325),#1346,.T.);
#1325 = FACE_BOUND('',#1326,.T.);
#1326 = EDGE_LOOP('',(#1327,#1328,#1336,#1343,#1344,#1345));
#1327 = ORIENTED_EDGE('',*,*,#1267,.F.);
#1328 = ORIENTED_EDGE('',*,*,#1329,.T.);
#1329 = EDGE_CURVE('',#1268,#1330,#1332,.T.);
#1330 = VERTEX_POINT('',#1331);
#1331 = CARTESIAN_POINT('',(-102.959,53.083921055137,22.494593184341));
#1332 = LINE('',#1333,#1334);
#1333 = CARTESIAN_POINT('',(-95.459,53.083921055137,22.494593184341));
#1334 = VECTOR('',#1335,1.);
#1335 = DIRECTION('',(-1.,2.334869823773E-16,-2.775557561563E-15));
#1336 = ORIENTED_EDGE('',*,*,#1337,.T.);
#1337 = EDGE_CURVE('',#1330,#467,#1338,.T.);
#1338 = HYPERBOLA('',#1339,60.991242588682,60.991242588682);
#1339 = AXIS2_PLACEMENT_3D('',#1340,#1341,#1342);
#1340 = CARTESIAN_POINT('',(-18.19102909182,94.465040171746,
    64.36678204562));
#1341 = DIRECTION('',(-2.117076326653E-15,-0.711265278273,0.702923682859
    ));
#1342 = DIRECTION('',(-1.,7.641656711723E-17,-2.934491931456E-15));
#1343 = ORIENTED_EDGE('',*,*,#517,.T.);
#1344 = ORIENTED_EDGE('',*,*,#415,.F.);
#1345 = ORIENTED_EDGE('',*,*,#400,.F.);
#1346 = PLANE('',#1347);
#1347 = AXIS2_PLACEMENT_3D('',#1348,#1349,#1350);
#1348 = CARTESIAN_POINT('',(-95.459,51.084060219534,20.471000000002));
#1349 = DIRECTION('',(-2.117076326653E-15,-0.711265278273,0.702923682859
    ));
#1350 = DIRECTION('',(-1.,2.334869823773E-16,-2.775557561563E-15));
#1351 = ADVANCED_FACE('',(#1352),#1373,.F.);
#1352 = FACE_BOUND('',#1353,.T.);
#1353 = EDGE_LOOP('',(#1354,#1363,#1370,#1371,#1372));
#1354 = ORIENTED_EDGE('',*,*,#1355,.F.);
#1355 = EDGE_CURVE('',#1356,#535,#1358,.T.);
#1356 = VERTEX_POINT('',#1357);
#1357 = CARTESIAN_POINT('',(-21.459,53.083921055137,22.494593184341));
#1358 = HYPERBOLA('',#1359,60.991242588681,60.991242588681);
#1359 = AXIS2_PLACEMENT_3D('',#1360,#1361,#1362);
#1360 = CARTESIAN_POINT('',(63.308970908174,94.465040171746,
    64.366782045621));
#1361 = DIRECTION('',(-2.117076326653E-15,-0.711265278273,0.702923682859
    ));
#1362 = DIRECTION('',(-1.,7.641656711723E-17,-2.934491931456E-15));
#1363 = ORIENTED_EDGE('',*,*,#1364,.T.);
#1364 = EDGE_CURVE('',#1356,#1302,#1365,.T.);
#1365 = CIRCLE('',#1366,84.767970908174);
#1366 = AXIS2_PLACEMENT_3D('',#1367,#1368,#1369);
#1367 = CARTESIAN_POINT('',(-21.459,51.084087039698,107.23897090817));
#1368 = DIRECTION('',(1.,-1.224646799147E-16,2.98E-15));
#1369 = DIRECTION('',(2.979999961253E-15,-3.16394649536E-07,-1.));
#1370 = ORIENTED_EDGE('',*,*,#1310,.T.);
#1371 = ORIENTED_EDGE('',*,*,#441,.F.);
#1372 = ORIENTED_EDGE('',*,*,#551,.F.);
#1373 = CONICAL_SURFACE('',#1374,84.767970908174,0.785398163397);
#1374 = AXIS2_PLACEMENT_3D('',#1375,#1376,#1377);
#1375 = CARTESIAN_POINT('',(-21.459,51.084087039698,107.23897090817));
#1376 = DIRECTION('',(-1.,1.224646799147E-16,-2.98E-15));
#1377 = DIRECTION('',(2.979999961253E-15,-3.16394649536E-07,-1.));
#1378 = ADVANCED_FACE('',(#1379),#1401,.F.);
#1379 = FACE_BOUND('',#1380,.T.);
#1380 = EDGE_LOOP('',(#1381,#1390,#1391,#1392,#1393,#1394));
#1381 = ORIENTED_EDGE('',*,*,#1382,.T.);
#1382 = EDGE_CURVE('',#1383,#651,#1385,.T.);
#1383 = VERTEX_POINT('',#1384);
#1384 = CARTESIAN_POINT('',(-102.959,91.092090094901,32.506323534861));
#1385 = HYPERBOLA('',#1386,43.983976023997,43.983976023997);
#1386 = AXIS2_PLACEMENT_3D('',#1387,#1388,#1389);
#1387 = CARTESIAN_POINT('',(-18.19102909182,28.707052442962,
    69.372647221605));
#1388 = DIRECTION('',(2.520430954671E-15,-0.508754246877,-0.860911793557
    ));
#1389 = DIRECTION('',(-1.,1.137048292916E-16,-2.994823382326E-15));
#1390 = ORIENTED_EDGE('',*,*,#667,.T.);
#1391 = ORIENTED_EDGE('',*,*,#599,.F.);
#1392 = ORIENTED_EDGE('',*,*,#464,.T.);
#1393 = ORIENTED_EDGE('',*,*,#1337,.F.);
#1394 = ORIENTED_EDGE('',*,*,#1395,.T.);
#1395 = EDGE_CURVE('',#1330,#1383,#1396,.T.);
#1396 = CIRCLE('',#1397,84.767970908174);
#1397 = AXIS2_PLACEMENT_3D('',#1398,#1399,#1400);
#1398 = CARTESIAN_POINT('',(-102.959,51.084087039698,107.23897090817));
#1399 = DIRECTION('',(1.,-1.224646799147E-16,2.98E-15));
#1400 = DIRECTION('',(2.979999961253E-15,-3.163946492845E-07,-1.));
#1401 = CONICAL_SURFACE('',#1402,84.767970908174,0.785398163397);
#1402 = AXIS2_PLACEMENT_3D('',#1403,#1404,#1405);
#1403 = CARTESIAN_POINT('',(-102.959,51.084087039698,107.23897090817));
#1404 = DIRECTION('',(-1.,1.224646799147E-16,-2.98E-15));
#1405 = DIRECTION('',(2.979999961253E-15,-3.163946492845E-07,-1.));
#1406 = ADVANCED_FACE('',(#1407),#1428,.T.);
#1407 = FACE_BOUND('',#1408,.T.);
#1408 = EDGE_LOOP('',(#1409,#1418,#1424,#1425,#1426,#1427));
#1409 = ORIENTED_EDGE('',*,*,#1410,.T.);
#1410 = EDGE_CURVE('',#711,#1411,#1413,.T.);
#1411 = VERTEX_POINT('',#1412);
#1412 = CARTESIAN_POINT('',(-15.459,53.083921055137,22.494593184341));
#1413 = HYPERBOLA('',#1414,60.991242588681,60.991242588681);
#1414 = AXIS2_PLACEMENT_3D('',#1415,#1416,#1417);
#1415 = CARTESIAN_POINT('',(-100.2269709081,94.465040171746,
    64.366782045621));
#1416 = DIRECTION('',(-2.117076326653E-15,-0.711265278273,0.702923682859
    ));
#1417 = DIRECTION('',(1.,-7.641656711723E-17,2.934491931456E-15));
#1418 = ORIENTED_EDGE('',*,*,#1419,.T.);
#1419 = EDGE_CURVE('',#1411,#1356,#1420,.T.);
#1420 = LINE('',#1421,#1422);
#1421 = CARTESIAN_POINT('',(-13.459,53.083921055137,22.494593184341));
#1422 = VECTOR('',#1423,1.);
#1423 = DIRECTION('',(-1.,2.334869823773E-16,-2.775557561563E-15));
#1424 = ORIENTED_EDGE('',*,*,#1355,.T.);
#1425 = ORIENTED_EDGE('',*,*,#532,.F.);
#1426 = ORIENTED_EDGE('',*,*,#624,.F.);
#1427 = ORIENTED_EDGE('',*,*,#761,.F.);
#1428 = PLANE('',#1429);
#1429 = AXIS2_PLACEMENT_3D('',#1430,#1431,#1432);
#1430 = CARTESIAN_POINT('',(-13.459,51.084060219534,20.471000000002));
#1431 = DIRECTION('',(-2.117076326653E-15,-0.711265278273,0.702923682859
    ));
#1432 = DIRECTION('',(-1.,2.334869823773E-16,-2.775557561563E-15));
#1433 = ADVANCED_FACE('',(#1434),#1455,.T.);
#1434 = FACE_BOUND('',#1435,.T.);
#1435 = EDGE_LOOP('',(#1436,#1445,#1446,#1447,#1448,#1449));
#1436 = ORIENTED_EDGE('',*,*,#1437,.T.);
#1437 = EDGE_CURVE('',#1438,#1057,#1440,.T.);
#1438 = VERTEX_POINT('',#1439);
#1439 = CARTESIAN_POINT('',(-15.459,91.092090094901,32.506323534861));
#1440 = HYPERBOLA('',#1441,43.983976023997,43.983976023997);
#1441 = AXIS2_PLACEMENT_3D('',#1442,#1443,#1444);
#1442 = CARTESIAN_POINT('',(-100.2269709081,28.707052442962,
    69.372647221604));
#1443 = DIRECTION('',(-2.520430954671E-15,0.508754246877,0.860911793557)
  );
#1444 = DIRECTION('',(1.,-1.137048292916E-16,2.994823382326E-15));
#1445 = ORIENTED_EDGE('',*,*,#1101,.T.);
#1446 = ORIENTED_EDGE('',*,*,#778,.T.);
#1447 = ORIENTED_EDGE('',*,*,#648,.T.);
#1448 = ORIENTED_EDGE('',*,*,#1382,.F.);
#1449 = ORIENTED_EDGE('',*,*,#1450,.F.);
#1450 = EDGE_CURVE('',#1438,#1383,#1451,.T.);
#1451 = LINE('',#1452,#1453);
#1452 = CARTESIAN_POINT('',(-13.459,91.092090094901,32.506323534861));
#1453 = VECTOR('',#1454,1.);
#1454 = DIRECTION('',(-1.,1.224646799147E-16,-3.E-15));
#1455 = PLANE('',#1456);
#1456 = AXIS2_PLACEMENT_3D('',#1457,#1458,#1459);
#1457 = CARTESIAN_POINT('',(-13.459,92.844060219534,31.471));
#1458 = DIRECTION('',(-2.520430954671E-15,0.508754246877,0.860911793557)
  );
#1459 = DIRECTION('',(-1.,1.224646799147E-16,-3.E-15));
#1460 = ADVANCED_FACE('',(#1461),#1475,.F.);
#1461 = FACE_BOUND('',#1462,.T.);
#1462 = EDGE_LOOP('',(#1463,#1464,#1471,#1472,#1473,#1474));
#1463 = ORIENTED_EDGE('',*,*,#1437,.F.);
#1464 = ORIENTED_EDGE('',*,*,#1465,.F.);
#1465 = EDGE_CURVE('',#1411,#1438,#1466,.T.);
#1466 = CIRCLE('',#1467,84.767970908174);
#1467 = AXIS2_PLACEMENT_3D('',#1468,#1469,#1470);
#1468 = CARTESIAN_POINT('',(-15.459,51.084087039698,107.23897090817));
#1469 = DIRECTION('',(1.,-1.224646799147E-16,2.98E-15));
#1470 = DIRECTION('',(2.979999961253E-15,-3.16394649536E-07,-1.));
#1471 = ORIENTED_EDGE('',*,*,#1410,.F.);
#1472 = ORIENTED_EDGE('',*,*,#708,.F.);
#1473 = ORIENTED_EDGE('',*,*,#1031,.T.);
#1474 = ORIENTED_EDGE('',*,*,#1056,.T.);
#1475 = CONICAL_SURFACE('',#1476,84.767970908174,0.785398163397);
#1476 = AXIS2_PLACEMENT_3D('',#1477,#1478,#1479);
#1477 = CARTESIAN_POINT('',(-15.459,51.084087039698,107.23897090817));
#1478 = DIRECTION('',(1.,-1.224646799147E-16,2.98E-15));
#1479 = DIRECTION('',(2.979999961253E-15,-3.16394649536E-07,-1.));
#1480 = ADVANCED_FACE('',(#1481),#1516,.F.);
#1481 = FACE_BOUND('',#1482,.F.);
#1482 = EDGE_LOOP('',(#1483,#1491,#1500,#1509,#1515));
#1483 = ORIENTED_EDGE('',*,*,#1484,.T.);
#1484 = EDGE_CURVE('',#797,#1485,#1487,.T.);
#1485 = VERTEX_POINT('',#1486);
#1486 = CARTESIAN_POINT('',(-24.78904332615,86.16,22.6977718057));
#1487 = LINE('',#1488,#1489);
#1488 = CARTESIAN_POINT('',(-24.78904332615,86.16,22.6977718057));
#1489 = VECTOR('',#1490,1.);
#1490 = DIRECTION('',(-1.922962686384E-16,-1.,-1.110223024625E-16));
#1491 = ORIENTED_EDGE('',*,*,#1492,.T.);
#1492 = EDGE_CURVE('',#1485,#1493,#1495,.T.);
#1493 = VERTEX_POINT('',#1494);
#1494 = CARTESIAN_POINT('',(-25.51267949192,86.16,20.959718337794));
#1495 = CIRCLE('',#1496,1.55);
#1496 = AXIS2_PLACEMENT_3D('',#1497,#1498,#1499);
#1497 = CARTESIAN_POINT('',(-26.28767949192,86.16,22.30205771366));
#1498 = DIRECTION('',(1.922962686384E-16,1.,1.110223024625E-16));
#1499 = DIRECTION('',(0.5,1.232595164408E-32,-0.866025403784));
#1500 = ORIENTED_EDGE('',*,*,#1501,.T.);
#1501 = EDGE_CURVE('',#1493,#1502,#1504,.T.);
#1502 = VERTEX_POINT('',#1503);
#1503 = CARTESIAN_POINT('',(-25.88105971353,86.16,20.806343718331));
#1504 = CIRCLE('',#1505,1.55);
#1505 = AXIS2_PLACEMENT_3D('',#1506,#1507,#1508);
#1506 = CARTESIAN_POINT('',(-26.28767949192,86.16,22.30205771366));
#1507 = DIRECTION('',(1.922962686384E-16,1.,1.110223024625E-16));
#1508 = DIRECTION('',(0.5,1.232595164408E-32,-0.866025403784));
#1509 = ORIENTED_EDGE('',*,*,#1510,.F.);
#1510 = EDGE_CURVE('',#795,#1502,#1511,.T.);
#1511 = LINE('',#1512,#1513);
#1512 = CARTESIAN_POINT('',(-25.88105971353,86.16,20.806343718331));
#1513 = VECTOR('',#1514,1.);
#1514 = DIRECTION('',(-1.922962686384E-16,-1.,-1.110223024625E-16));
#1515 = ORIENTED_EDGE('',*,*,#794,.T.);
#1516 = CYLINDRICAL_SURFACE('',#1517,1.55);
#1517 = AXIS2_PLACEMENT_3D('',#1518,#1519,#1520);
#1518 = CARTESIAN_POINT('',(-26.28767949192,86.16,22.30205771366));
#1519 = DIRECTION('',(-1.922962686384E-16,-1.,-1.110223024625E-16));
#1520 = DIRECTION('',(0.5,1.232595164408E-32,-0.866025403784));
#1521 = ADVANCED_FACE('',(#1522),#1540,.T.);
#1522 = FACE_BOUND('',#1523,.T.);
#1523 = EDGE_LOOP('',(#1524,#1532,#1533,#1534));
#1524 = ORIENTED_EDGE('',*,*,#1525,.F.);
#1525 = EDGE_CURVE('',#1502,#1526,#1528,.T.);
#1526 = VERTEX_POINT('',#1527);
#1527 = CARTESIAN_POINT('',(-26.28767938025,86.16,20.10205771366));
#1528 = LINE('',#1529,#1530);
#1529 = CARTESIAN_POINT('',(-24.38242365943,86.16,23.402057810372));
#1530 = VECTOR('',#1531,1.);
#1531 = DIRECTION('',(-0.49999995604,1.922962630028E-16,-0.866025429165)
  );
#1532 = ORIENTED_EDGE('',*,*,#1510,.F.);
#1533 = ORIENTED_EDGE('',*,*,#863,.F.);
#1534 = ORIENTED_EDGE('',*,*,#1535,.F.);
#1535 = EDGE_CURVE('',#1526,#856,#1536,.T.);
#1536 = LINE('',#1537,#1538);
#1537 = CARTESIAN_POINT('',(-26.28767938025,86.16,20.10205771366));
#1538 = VECTOR('',#1539,1.);
#1539 = DIRECTION('',(1.922962686384E-16,1.,1.110223024625E-16));
#1540 = PLANE('',#1541);
#1541 = AXIS2_PLACEMENT_3D('',#1542,#1543,#1544);
#1542 = CARTESIAN_POINT('',(-24.38242365943,86.16,23.402057810372));
#1543 = DIRECTION('',(-0.866025429165,1.110223122236E-16,0.49999995604)
  );
#1544 = DIRECTION('',(-0.49999995604,1.922962630028E-16,-0.866025429165)
  );
#1545 = ADVANCED_FACE('',(#1546),#1564,.T.);
#1546 = FACE_BOUND('',#1547,.T.);
#1547 = EDGE_LOOP('',(#1548,#1556,#1562,#1563));
#1548 = ORIENTED_EDGE('',*,*,#1549,.F.);
#1549 = EDGE_CURVE('',#1550,#1485,#1552,.T.);
#1550 = VERTEX_POINT('',#1551);
#1551 = CARTESIAN_POINT('',(-24.38242365943,86.16,23.402057810372));
#1552 = LINE('',#1553,#1554);
#1553 = CARTESIAN_POINT('',(-24.38242365943,86.16,23.402057810372));
#1554 = VECTOR('',#1555,1.);
#1555 = DIRECTION('',(-0.49999995604,1.922962630028E-16,-0.866025429165)
  );
#1556 = ORIENTED_EDGE('',*,*,#1557,.T.);
#1557 = EDGE_CURVE('',#1550,#806,#1558,.T.);
#1558 = LINE('',#1559,#1560);
#1559 = CARTESIAN_POINT('',(-24.38242365943,86.16,23.402057810372));
#1560 = VECTOR('',#1561,1.);
#1561 = DIRECTION('',(1.922962686384E-16,1.,1.110223024625E-16));
#1562 = ORIENTED_EDGE('',*,*,#805,.F.);
#1563 = ORIENTED_EDGE('',*,*,#1484,.T.);
#1564 = PLANE('',#1565);
#1565 = AXIS2_PLACEMENT_3D('',#1566,#1567,#1568);
#1566 = CARTESIAN_POINT('',(-24.38242365943,86.16,23.402057810372));
#1567 = DIRECTION('',(-0.866025429165,1.110223122236E-16,0.49999995604)
  );
#1568 = DIRECTION('',(-0.49999995604,1.922962630028E-16,-0.866025429165)
  );
#1569 = ADVANCED_FACE('',(#1570),#1588,.T.);
#1570 = FACE_BOUND('',#1571,.T.);
#1571 = EDGE_LOOP('',(#1572,#1580,#1581,#1582));
#1572 = ORIENTED_EDGE('',*,*,#1573,.F.);
#1573 = EDGE_CURVE('',#1526,#1574,#1576,.T.);
#1574 = VERTEX_POINT('',#1575);
#1575 = CARTESIAN_POINT('',(-26.69429911846,86.16,20.80634367705));
#1576 = LINE('',#1577,#1578);
#1577 = CARTESIAN_POINT('',(-26.28767938025,86.16,20.10205771366));
#1578 = VECTOR('',#1579,1.);
#1579 = DIRECTION('',(-0.50000004396,1.127120967548E-23,0.866025378404)
  );
#1580 = ORIENTED_EDGE('',*,*,#1535,.T.);
#1581 = ORIENTED_EDGE('',*,*,#855,.F.);
#1582 = ORIENTED_EDGE('',*,*,#1583,.T.);
#1583 = EDGE_CURVE('',#847,#1574,#1584,.T.);
#1584 = LINE('',#1585,#1586);
#1585 = CARTESIAN_POINT('',(-26.69429911846,86.16,20.80634367705));
#1586 = VECTOR('',#1587,1.);
#1587 = DIRECTION('',(-1.922962686384E-16,-1.,-1.110223024625E-16));
#1588 = PLANE('',#1589);
#1589 = AXIS2_PLACEMENT_3D('',#1590,#1591,#1592);
#1590 = CARTESIAN_POINT('',(-26.28767938025,86.16,20.10205771366));
#1591 = DIRECTION('',(0.866025378404,-2.22044604925E-16,0.50000004396));
#1592 = DIRECTION('',(-0.50000004396,1.127120967548E-23,0.866025378404)
  );
#1593 = ADVANCED_FACE('',(#1594),#1612,.T.);
#1594 = FACE_BOUND('',#1595,.T.);
#1595 = EDGE_LOOP('',(#1596,#1604,#1610,#1611));
#1596 = ORIENTED_EDGE('',*,*,#1597,.F.);
#1597 = EDGE_CURVE('',#1598,#1550,#1600,.T.);
#1598 = VERTEX_POINT('',#1599);
#1599 = CARTESIAN_POINT('',(-25.19566306437,86.16,23.402057769091));
#1600 = LINE('',#1601,#1602);
#1601 = CARTESIAN_POINT('',(-28.19293543608,86.16,23.402057616947));
#1602 = VECTOR('',#1603,1.);
#1603 = DIRECTION('',(1.,-1.922962742739E-16,5.076075731969E-08));
#1604 = ORIENTED_EDGE('',*,*,#1605,.F.);
#1605 = EDGE_CURVE('',#814,#1598,#1606,.T.);
#1606 = LINE('',#1607,#1608);
#1607 = CARTESIAN_POINT('',(-25.19566306437,86.16,23.402057769091));
#1608 = VECTOR('',#1609,1.);
#1609 = DIRECTION('',(-1.922962686384E-16,-1.,-1.110223024625E-16));
#1610 = ORIENTED_EDGE('',*,*,#813,.F.);
#1611 = ORIENTED_EDGE('',*,*,#1557,.F.);
#1612 = PLANE('',#1613);
#1613 = AXIS2_PLACEMENT_3D('',#1614,#1615,#1616);
#1614 = CARTESIAN_POINT('',(-28.19293543608,86.16,23.402057616947));
#1615 = DIRECTION('',(5.076075731969E-08,1.110222927014E-16,-1.));
#1616 = DIRECTION('',(1.,-1.922962742739E-16,5.076075731969E-08));
#1617 = ADVANCED_FACE('',(#1618),#1637,.F.);
#1618 = FACE_BOUND('',#1619,.F.);
#1619 = EDGE_LOOP('',(#1620,#1628,#1629,#1630));
#1620 = ORIENTED_EDGE('',*,*,#1621,.F.);
#1621 = EDGE_CURVE('',#839,#1622,#1624,.T.);
#1622 = VERTEX_POINT('',#1623);
#1623 = CARTESIAN_POINT('',(-27.78631569787,86.16,22.697771653556));
#1624 = LINE('',#1625,#1626);
#1625 = CARTESIAN_POINT('',(-27.78631569787,86.16,22.697771653556));
#1626 = VECTOR('',#1627,1.);
#1627 = DIRECTION('',(-1.922962686384E-16,-1.,-1.110223024625E-16));
#1628 = ORIENTED_EDGE('',*,*,#846,.T.);
#1629 = ORIENTED_EDGE('',*,*,#1583,.T.);
#1630 = ORIENTED_EDGE('',*,*,#1631,.T.);
#1631 = EDGE_CURVE('',#1574,#1622,#1632,.T.);
#1632 = CIRCLE('',#1633,1.55);
#1633 = AXIS2_PLACEMENT_3D('',#1634,#1635,#1636);
#1634 = CARTESIAN_POINT('',(-26.28767949192,86.16,22.30205771366));
#1635 = DIRECTION('',(1.922962686384E-16,1.,1.110223024625E-16));
#1636 = DIRECTION('',(0.5,1.232595164408E-32,-0.866025403784));
#1637 = CYLINDRICAL_SURFACE('',#1638,1.55);
#1638 = AXIS2_PLACEMENT_3D('',#1639,#1640,#1641);
#1639 = CARTESIAN_POINT('',(-26.28767949192,86.16,22.30205771366));
#1640 = DIRECTION('',(-1.922962686384E-16,-1.,-1.110223024625E-16));
#1641 = DIRECTION('',(0.5,1.232595164408E-32,-0.866025403784));
#1642 = ADVANCED_FACE('',(#1643),#1662,.F.);
#1643 = FACE_BOUND('',#1644,.F.);
#1644 = EDGE_LOOP('',(#1645,#1646,#1654,#1661));
#1645 = ORIENTED_EDGE('',*,*,#821,.T.);
#1646 = ORIENTED_EDGE('',*,*,#1647,.T.);
#1647 = EDGE_CURVE('',#822,#1648,#1650,.T.);
#1648 = VERTEX_POINT('',#1649);
#1649 = CARTESIAN_POINT('',(-27.37969603115,86.16,23.402057658228));
#1650 = LINE('',#1651,#1652);
#1651 = CARTESIAN_POINT('',(-27.37969603115,86.16,23.402057658228));
#1652 = VECTOR('',#1653,1.);
#1653 = DIRECTION('',(-1.922962686384E-16,-1.,-1.110223024625E-16));
#1654 = ORIENTED_EDGE('',*,*,#1655,.T.);
#1655 = EDGE_CURVE('',#1648,#1598,#1656,.T.);
#1656 = CIRCLE('',#1657,1.55);
#1657 = AXIS2_PLACEMENT_3D('',#1658,#1659,#1660);
#1658 = CARTESIAN_POINT('',(-26.28767949192,86.16,22.30205771366));
#1659 = DIRECTION('',(1.922962686384E-16,1.,1.110223024625E-16));
#1660 = DIRECTION('',(0.5,1.232595164408E-32,-0.866025403784));
#1661 = ORIENTED_EDGE('',*,*,#1605,.F.);
#1662 = CYLINDRICAL_SURFACE('',#1663,1.55);
#1663 = AXIS2_PLACEMENT_3D('',#1664,#1665,#1666);
#1664 = CARTESIAN_POINT('',(-26.28767949192,86.16,22.30205771366));
#1665 = DIRECTION('',(-1.922962686384E-16,-1.,-1.110223024625E-16));
#1666 = DIRECTION('',(0.5,1.232595164408E-32,-0.866025403784));
#1667 = ADVANCED_FACE('',(#1668),#1686,.T.);
#1668 = FACE_BOUND('',#1669,.T.);
#1669 = EDGE_LOOP('',(#1670,#1678,#1679,#1680));
#1670 = ORIENTED_EDGE('',*,*,#1671,.F.);
#1671 = EDGE_CURVE('',#1622,#1672,#1674,.T.);
#1672 = VERTEX_POINT('',#1673);
#1673 = CARTESIAN_POINT('',(-28.19293543608,86.16,23.402057616947));
#1674 = LINE('',#1675,#1676);
#1675 = CARTESIAN_POINT('',(-26.28767938025,86.16,20.10205771366));
#1676 = VECTOR('',#1677,1.);
#1677 = DIRECTION('',(-0.50000004396,1.127120967548E-23,0.866025378404)
  );
#1678 = ORIENTED_EDGE('',*,*,#1621,.F.);
#1679 = ORIENTED_EDGE('',*,*,#838,.F.);
#1680 = ORIENTED_EDGE('',*,*,#1681,.F.);
#1681 = EDGE_CURVE('',#1672,#831,#1682,.T.);
#1682 = LINE('',#1683,#1684);
#1683 = CARTESIAN_POINT('',(-28.19293543608,86.16,23.402057616947));
#1684 = VECTOR('',#1685,1.);
#1685 = DIRECTION('',(1.922962686384E-16,1.,1.110223024625E-16));
#1686 = PLANE('',#1687);
#1687 = AXIS2_PLACEMENT_3D('',#1688,#1689,#1690);
#1688 = CARTESIAN_POINT('',(-26.28767938025,86.16,20.10205771366));
#1689 = DIRECTION('',(0.866025378404,-2.22044604925E-16,0.50000004396));
#1690 = DIRECTION('',(-0.50000004396,1.127120967548E-23,0.866025378404)
  );
#1691 = ADVANCED_FACE('',(#1692),#1703,.T.);
#1692 = FACE_BOUND('',#1693,.T.);
#1693 = EDGE_LOOP('',(#1694,#1700,#1701,#1702));
#1694 = ORIENTED_EDGE('',*,*,#1695,.F.);
#1695 = EDGE_CURVE('',#1672,#1648,#1696,.T.);
#1696 = LINE('',#1697,#1698);
#1697 = CARTESIAN_POINT('',(-28.19293543608,86.16,23.402057616947));
#1698 = VECTOR('',#1699,1.);
#1699 = DIRECTION('',(1.,-1.922962742739E-16,5.076075731969E-08));
#1700 = ORIENTED_EDGE('',*,*,#1681,.T.);
#1701 = ORIENTED_EDGE('',*,*,#830,.F.);
#1702 = ORIENTED_EDGE('',*,*,#1647,.T.);
#1703 = PLANE('',#1704);
#1704 = AXIS2_PLACEMENT_3D('',#1705,#1706,#1707);
#1705 = CARTESIAN_POINT('',(-28.19293543608,86.16,23.402057616947));
#1706 = DIRECTION('',(5.076075731969E-08,1.110222927014E-16,-1.));
#1707 = DIRECTION('',(1.,-1.922962742739E-16,5.076075731969E-08));
#1708 = ADVANCED_FACE('',(#1709),#1744,.F.);
#1709 = FACE_BOUND('',#1710,.F.);
#1710 = EDGE_LOOP('',(#1711,#1719,#1728,#1737,#1743));
#1711 = ORIENTED_EDGE('',*,*,#1712,.T.);
#1712 = EDGE_CURVE('',#874,#1713,#1715,.T.);
#1713 = VERTEX_POINT('',#1714);
#1714 = CARTESIAN_POINT('',(-58.51734459634,86.17,22.802675616268));
#1715 = LINE('',#1716,#1717);
#1716 = CARTESIAN_POINT('',(-58.51734459634,86.17,22.802675616268));
#1717 = VECTOR('',#1718,1.);
#1718 = DIRECTION('',(-3.013258104298E-16,-1.,-3.662668064038E-16));
#1719 = ORIENTED_EDGE('',*,*,#1720,.T.);
#1720 = EDGE_CURVE('',#1713,#1721,#1723,.T.);
#1721 = VERTEX_POINT('',#1722);
#1722 = CARTESIAN_POINT('',(-59.24098076211,86.17,21.064622148361));
#1723 = CIRCLE('',#1724,1.55);
#1724 = AXIS2_PLACEMENT_3D('',#1725,#1726,#1727);
#1725 = CARTESIAN_POINT('',(-60.01598076211,86.17,22.406961524227));
#1726 = DIRECTION('',(3.013258104298E-16,1.,3.662668064038E-16));
#1727 = DIRECTION('',(0.5,1.665334536938E-16,-0.866025403784));
#1728 = ORIENTED_EDGE('',*,*,#1729,.T.);
#1729 = EDGE_CURVE('',#1721,#1730,#1732,.T.);
#1730 = VERTEX_POINT('',#1731);
#1731 = CARTESIAN_POINT('',(-59.60936098372,86.17,20.911247528898));
#1732 = CIRCLE('',#1733,1.55);
#1733 = AXIS2_PLACEMENT_3D('',#1734,#1735,#1736);
#1734 = CARTESIAN_POINT('',(-60.01598076211,86.17,22.406961524227));
#1735 = DIRECTION('',(3.013258104298E-16,1.,3.662668064038E-16));
#1736 = DIRECTION('',(0.5,1.665334536938E-16,-0.866025403784));
#1737 = ORIENTED_EDGE('',*,*,#1738,.F.);
#1738 = EDGE_CURVE('',#872,#1730,#1739,.T.);
#1739 = LINE('',#1740,#1741);
#1740 = CARTESIAN_POINT('',(-59.60936098372,86.17,20.911247528898));
#1741 = VECTOR('',#1742,1.);
#1742 = DIRECTION('',(-3.013258104298E-16,-1.,-3.662668064038E-16));
#1743 = ORIENTED_EDGE('',*,*,#871,.T.);
#1744 = CYLINDRICAL_SURFACE('',#1745,1.55);
#1745 = AXIS2_PLACEMENT_3D('',#1746,#1747,#1748);
#1746 = CARTESIAN_POINT('',(-60.01598076211,86.17,22.406961524227));
#1747 = DIRECTION('',(-3.013258104298E-16,-1.,-3.662668064038E-16));
#1748 = DIRECTION('',(0.5,1.665334536938E-16,-0.866025403784));
#1749 = ADVANCED_FACE('',(#1750),#1768,.T.);
#1750 = FACE_BOUND('',#1751,.T.);
#1751 = EDGE_LOOP('',(#1752,#1760,#1761,#1762));
#1752 = ORIENTED_EDGE('',*,*,#1753,.F.);
#1753 = EDGE_CURVE('',#1730,#1754,#1756,.T.);
#1754 = VERTEX_POINT('',#1755);
#1755 = CARTESIAN_POINT('',(-60.01598065043,86.17,20.206961524227));
#1756 = LINE('',#1757,#1758);
#1757 = CARTESIAN_POINT('',(-58.11072492962,86.17,23.50696162094));
#1758 = VECTOR('',#1759,1.);
#1759 = DIRECTION('',(-0.49999995604,4.678592601733E-16,-0.866025429165)
  );
#1760 = ORIENTED_EDGE('',*,*,#1738,.F.);
#1761 = ORIENTED_EDGE('',*,*,#940,.F.);
#1762 = ORIENTED_EDGE('',*,*,#1763,.F.);
#1763 = EDGE_CURVE('',#1754,#933,#1764,.T.);
#1764 = LINE('',#1765,#1766);
#1765 = CARTESIAN_POINT('',(-60.01598065043,86.17,20.206961524227));
#1766 = VECTOR('',#1767,1.);
#1767 = DIRECTION('',(3.013258104298E-16,1.,3.662668064038E-16));
#1768 = PLANE('',#1769);
#1769 = AXIS2_PLACEMENT_3D('',#1770,#1771,#1772);
#1770 = CARTESIAN_POINT('',(-58.11072492962,86.17,23.50696162094));
#1771 = DIRECTION('',(-0.866025429165,7.782242719513E-17,0.49999995604)
  );
#1772 = DIRECTION('',(-0.49999995604,4.678592601733E-16,-0.866025429165)
  );
#1773 = ADVANCED_FACE('',(#1774),#1792,.T.);
#1774 = FACE_BOUND('',#1775,.T.);
#1775 = EDGE_LOOP('',(#1776,#1784,#1785,#1786));
#1776 = ORIENTED_EDGE('',*,*,#1777,.F.);
#1777 = EDGE_CURVE('',#1754,#1778,#1780,.T.);
#1778 = VERTEX_POINT('',#1779);
#1779 = CARTESIAN_POINT('',(-60.42260038865,86.17,20.911247487618));
#1780 = LINE('',#1781,#1782);
#1781 = CARTESIAN_POINT('',(-60.01598065043,86.17,20.206961524227));
#1782 = VECTOR('',#1783,1.);
#1783 = DIRECTION('',(-0.50000004396,-1.665334311514E-16,0.866025378404)
  );
#1784 = ORIENTED_EDGE('',*,*,#1763,.T.);
#1785 = ORIENTED_EDGE('',*,*,#932,.F.);
#1786 = ORIENTED_EDGE('',*,*,#1787,.T.);
#1787 = EDGE_CURVE('',#924,#1778,#1788,.T.);
#1788 = LINE('',#1789,#1790);
#1789 = CARTESIAN_POINT('',(-60.42260038865,86.17,20.911247487618));
#1790 = VECTOR('',#1791,1.);
#1791 = DIRECTION('',(-3.013258104298E-16,-1.,-3.662668064038E-16));
#1792 = PLANE('',#1793);
#1793 = AXIS2_PLACEMENT_3D('',#1794,#1795,#1796);
#1794 = CARTESIAN_POINT('',(-60.01598065043,86.17,20.206961524227));
#1795 = DIRECTION('',(0.866025378404,-4.440892183035E-16,0.50000004396)
  );
#1796 = DIRECTION('',(-0.50000004396,-1.665334311514E-16,0.866025378404)
  );
#1797 = ADVANCED_FACE('',(#1798),#1817,.F.);
#1798 = FACE_BOUND('',#1799,.F.);
#1799 = EDGE_LOOP('',(#1800,#1808,#1809,#1810));
#1800 = ORIENTED_EDGE('',*,*,#1801,.F.);
#1801 = EDGE_CURVE('',#916,#1802,#1804,.T.);
#1802 = VERTEX_POINT('',#1803);
#1803 = CARTESIAN_POINT('',(-61.51461696805,86.17,22.802675464124));
#1804 = LINE('',#1805,#1806);
#1805 = CARTESIAN_POINT('',(-61.51461696805,86.17,22.802675464124));
#1806 = VECTOR('',#1807,1.);
#1807 = DIRECTION('',(-3.013258104298E-16,-1.,-3.662668064038E-16));
#1808 = ORIENTED_EDGE('',*,*,#923,.T.);
#1809 = ORIENTED_EDGE('',*,*,#1787,.T.);
#1810 = ORIENTED_EDGE('',*,*,#1811,.T.);
#1811 = EDGE_CURVE('',#1778,#1802,#1812,.T.);
#1812 = CIRCLE('',#1813,1.55);
#1813 = AXIS2_PLACEMENT_3D('',#1814,#1815,#1816);
#1814 = CARTESIAN_POINT('',(-60.01598076211,86.17,22.406961524227));
#1815 = DIRECTION('',(3.013258104298E-16,1.,3.662668064038E-16));
#1816 = DIRECTION('',(0.5,1.665334536938E-16,-0.866025403784));
#1817 = CYLINDRICAL_SURFACE('',#1818,1.55);
#1818 = AXIS2_PLACEMENT_3D('',#1819,#1820,#1821);
#1819 = CARTESIAN_POINT('',(-60.01598076211,86.17,22.406961524227));
#1820 = DIRECTION('',(-3.013258104298E-16,-1.,-3.662668064038E-16));
#1821 = DIRECTION('',(0.5,1.665334536938E-16,-0.866025403784));
#1822 = ADVANCED_FACE('',(#1823),#1841,.T.);
#1823 = FACE_BOUND('',#1824,.T.);
#1824 = EDGE_LOOP('',(#1825,#1833,#1834,#1835));
#1825 = ORIENTED_EDGE('',*,*,#1826,.F.);
#1826 = EDGE_CURVE('',#1802,#1827,#1829,.T.);
#1827 = VERTEX_POINT('',#1828);
#1828 = CARTESIAN_POINT('',(-61.92123670627,86.17,23.506961427515));
#1829 = LINE('',#1830,#1831);
#1830 = CARTESIAN_POINT('',(-60.01598065043,86.17,20.206961524227));
#1831 = VECTOR('',#1832,1.);
#1832 = DIRECTION('',(-0.50000004396,-1.665334311514E-16,0.866025378404)
  );
#1833 = ORIENTED_EDGE('',*,*,#1801,.F.);
#1834 = ORIENTED_EDGE('',*,*,#915,.F.);
#1835 = ORIENTED_EDGE('',*,*,#1836,.F.);
#1836 = EDGE_CURVE('',#1827,#908,#1837,.T.);
#1837 = LINE('',#1838,#1839);
#1838 = CARTESIAN_POINT('',(-61.92123670627,86.17,23.506961427515));
#1839 = VECTOR('',#1840,1.);
#1840 = DIRECTION('',(3.013258104298E-16,1.,3.662668064038E-16));
#1841 = PLANE('',#1842);
#1842 = AXIS2_PLACEMENT_3D('',#1843,#1844,#1845);
#1843 = CARTESIAN_POINT('',(-60.01598065043,86.17,20.206961524227));
#1844 = DIRECTION('',(0.866025378404,-4.440892183035E-16,0.50000004396)
  );
#1845 = DIRECTION('',(-0.50000004396,-1.665334311514E-16,0.866025378404)
  );
#1846 = ADVANCED_FACE('',(#1847),#1865,.T.);
#1847 = FACE_BOUND('',#1848,.T.);
#1848 = EDGE_LOOP('',(#1849,#1857,#1858,#1859));
#1849 = ORIENTED_EDGE('',*,*,#1850,.F.);
#1850 = EDGE_CURVE('',#1827,#1851,#1853,.T.);
#1851 = VERTEX_POINT('',#1852);
#1852 = CARTESIAN_POINT('',(-61.10799730134,86.17,23.506961468795));
#1853 = LINE('',#1854,#1855);
#1854 = CARTESIAN_POINT('',(-61.92123670627,86.17,23.506961427515));
#1855 = VECTOR('',#1856,1.);
#1856 = DIRECTION('',(1.,-3.013258290218E-16,5.076075793031E-08));
#1857 = ORIENTED_EDGE('',*,*,#1836,.T.);
#1858 = ORIENTED_EDGE('',*,*,#907,.F.);
#1859 = ORIENTED_EDGE('',*,*,#1860,.T.);
#1860 = EDGE_CURVE('',#899,#1851,#1861,.T.);
#1861 = LINE('',#1862,#1863);
#1862 = CARTESIAN_POINT('',(-61.10799730134,86.17,23.506961468795));
#1863 = VECTOR('',#1864,1.);
#1864 = DIRECTION('',(-3.013258104298E-16,-1.,-3.662668064038E-16));
#1865 = PLANE('',#1866);
#1866 = AXIS2_PLACEMENT_3D('',#1867,#1868,#1869);
#1867 = CARTESIAN_POINT('',(-61.92123670627,86.17,23.506961427515));
#1868 = DIRECTION('',(5.076075793031E-08,3.662667911083E-16,-1.));
#1869 = DIRECTION('',(1.,-3.013258290218E-16,5.076075793031E-08));
#1870 = ADVANCED_FACE('',(#1871),#1890,.F.);
#1871 = FACE_BOUND('',#1872,.F.);
#1872 = EDGE_LOOP('',(#1873,#1874,#1875,#1884));
#1873 = ORIENTED_EDGE('',*,*,#898,.T.);
#1874 = ORIENTED_EDGE('',*,*,#1860,.T.);
#1875 = ORIENTED_EDGE('',*,*,#1876,.T.);
#1876 = EDGE_CURVE('',#1851,#1877,#1879,.T.);
#1877 = VERTEX_POINT('',#1878);
#1878 = CARTESIAN_POINT('',(-58.92396433455,86.17,23.506961579659));
#1879 = CIRCLE('',#1880,1.55);
#1880 = AXIS2_PLACEMENT_3D('',#1881,#1882,#1883);
#1881 = CARTESIAN_POINT('',(-60.01598076211,86.17,22.406961524227));
#1882 = DIRECTION('',(3.013258104298E-16,1.,3.662668064038E-16));
#1883 = DIRECTION('',(0.5,1.665334536938E-16,-0.866025403784));
#1884 = ORIENTED_EDGE('',*,*,#1885,.F.);
#1885 = EDGE_CURVE('',#891,#1877,#1886,.T.);
#1886 = LINE('',#1887,#1888);
#1887 = CARTESIAN_POINT('',(-58.92396433455,86.17,23.506961579659));
#1888 = VECTOR('',#1889,1.);
#1889 = DIRECTION('',(-3.013258104298E-16,-1.,-3.662668064038E-16));
#1890 = CYLINDRICAL_SURFACE('',#1891,1.55);
#1891 = AXIS2_PLACEMENT_3D('',#1892,#1893,#1894);
#1892 = CARTESIAN_POINT('',(-60.01598076211,86.17,22.406961524227));
#1893 = DIRECTION('',(-3.013258104298E-16,-1.,-3.662668064038E-16));
#1894 = DIRECTION('',(0.5,1.665334536938E-16,-0.866025403784));
#1895 = ADVANCED_FACE('',(#1896),#1914,.T.);
#1896 = FACE_BOUND('',#1897,.T.);
#1897 = EDGE_LOOP('',(#1898,#1906,#1907,#1908));
#1898 = ORIENTED_EDGE('',*,*,#1899,.F.);
#1899 = EDGE_CURVE('',#1877,#1900,#1902,.T.);
#1900 = VERTEX_POINT('',#1901);
#1901 = CARTESIAN_POINT('',(-58.11072492962,86.17,23.50696162094));
#1902 = LINE('',#1903,#1904);
#1903 = CARTESIAN_POINT('',(-61.92123670627,86.17,23.506961427515));
#1904 = VECTOR('',#1905,1.);
#1905 = DIRECTION('',(1.,-3.013258290218E-16,5.076075793031E-08));
#1906 = ORIENTED_EDGE('',*,*,#1885,.F.);
#1907 = ORIENTED_EDGE('',*,*,#890,.F.);
#1908 = ORIENTED_EDGE('',*,*,#1909,.F.);
#1909 = EDGE_CURVE('',#1900,#883,#1910,.T.);
#1910 = LINE('',#1911,#1912);
#1911 = CARTESIAN_POINT('',(-58.11072492962,86.17,23.50696162094));
#1912 = VECTOR('',#1913,1.);
#1913 = DIRECTION('',(3.013258104298E-16,1.,3.662668064038E-16));
#1914 = PLANE('',#1915);
#1915 = AXIS2_PLACEMENT_3D('',#1916,#1917,#1918);
#1916 = CARTESIAN_POINT('',(-61.92123670627,86.17,23.506961427515));
#1917 = DIRECTION('',(5.076075793031E-08,3.662667911083E-16,-1.));
#1918 = DIRECTION('',(1.,-3.013258290218E-16,5.076075793031E-08));
#1919 = ADVANCED_FACE('',(#1920),#1931,.T.);
#1920 = FACE_BOUND('',#1921,.T.);
#1921 = EDGE_LOOP('',(#1922,#1928,#1929,#1930));
#1922 = ORIENTED_EDGE('',*,*,#1923,.F.);
#1923 = EDGE_CURVE('',#1900,#1713,#1924,.T.);
#1924 = LINE('',#1925,#1926);
#1925 = CARTESIAN_POINT('',(-58.11072492962,86.17,23.50696162094));
#1926 = VECTOR('',#1927,1.);
#1927 = DIRECTION('',(-0.49999995604,4.678592601733E-16,-0.866025429165)
  );
#1928 = ORIENTED_EDGE('',*,*,#1909,.T.);
#1929 = ORIENTED_EDGE('',*,*,#882,.F.);
#1930 = ORIENTED_EDGE('',*,*,#1712,.T.);
#1931 = PLANE('',#1932);
#1932 = AXIS2_PLACEMENT_3D('',#1933,#1934,#1935);
#1933 = CARTESIAN_POINT('',(-58.11072492962,86.17,23.50696162094));
#1934 = DIRECTION('',(-0.866025429165,7.782242719513E-17,0.49999995604)
  );
#1935 = DIRECTION('',(-0.49999995604,4.678592601733E-16,-0.866025429165)
  );
#1936 = ADVANCED_FACE('',(#1937),#1972,.F.);
#1937 = FACE_BOUND('',#1938,.F.);
#1938 = EDGE_LOOP('',(#1939,#1947,#1956,#1965,#1971));
#1939 = ORIENTED_EDGE('',*,*,#1940,.T.);
#1940 = EDGE_CURVE('',#951,#1941,#1943,.T.);
#1941 = VERTEX_POINT('',#1942);
#1942 = CARTESIAN_POINT('',(-89.87146002366,86.17,22.840714092041));
#1943 = LINE('',#1944,#1945);
#1944 = CARTESIAN_POINT('',(-89.87146002366,86.17,22.840714092041));
#1945 = VECTOR('',#1946,1.);
#1946 = DIRECTION('',(-1.922962686384E-16,-1.,-1.110223024625E-16));
#1947 = ORIENTED_EDGE('',*,*,#1948,.T.);
#1948 = EDGE_CURVE('',#1941,#1949,#1951,.T.);
#1949 = VERTEX_POINT('',#1950);
#1950 = CARTESIAN_POINT('',(-90.59509618943,86.17,21.102660624134));
#1951 = CIRCLE('',#1952,1.55);
#1952 = AXIS2_PLACEMENT_3D('',#1953,#1954,#1955);
#1953 = CARTESIAN_POINT('',(-91.37009618943,86.17,22.445));
#1954 = DIRECTION('',(1.922962686384E-16,1.,1.110223024625E-16));
#1955 = DIRECTION('',(0.5,1.232595164408E-32,-0.866025403784));
#1956 = ORIENTED_EDGE('',*,*,#1957,.T.);
#1957 = EDGE_CURVE('',#1949,#1958,#1960,.T.);
#1958 = VERTEX_POINT('',#1959);
#1959 = CARTESIAN_POINT('',(-90.96347641104,86.17,20.949286004671));
#1960 = CIRCLE('',#1961,1.55);
#1961 = AXIS2_PLACEMENT_3D('',#1962,#1963,#1964);
#1962 = CARTESIAN_POINT('',(-91.37009618943,86.17,22.445));
#1963 = DIRECTION('',(1.922962686384E-16,1.,1.110223024625E-16));
#1964 = DIRECTION('',(0.5,1.232595164408E-32,-0.866025403784));
#1965 = ORIENTED_EDGE('',*,*,#1966,.F.);
#1966 = EDGE_CURVE('',#949,#1958,#1967,.T.);
#1967 = LINE('',#1968,#1969);
#1968 = CARTESIAN_POINT('',(-90.96347641104,86.17,20.949286004671));
#1969 = VECTOR('',#1970,1.);
#1970 = DIRECTION('',(-1.922962686384E-16,-1.,-1.110223024625E-16));
#1971 = ORIENTED_EDGE('',*,*,#948,.T.);
#1972 = CYLINDRICAL_SURFACE('',#1973,1.55);
#1973 = AXIS2_PLACEMENT_3D('',#1974,#1975,#1976);
#1974 = CARTESIAN_POINT('',(-91.37009618943,86.17,22.445));
#1975 = DIRECTION('',(-1.922962686384E-16,-1.,-1.110223024625E-16));
#1976 = DIRECTION('',(0.5,1.232595164408E-32,-0.866025403784));
#1977 = ADVANCED_FACE('',(#1978),#1996,.T.);
#1978 = FACE_BOUND('',#1979,.T.);
#1979 = EDGE_LOOP('',(#1980,#1988,#1989,#1990));
#1980 = ORIENTED_EDGE('',*,*,#1981,.F.);
#1981 = EDGE_CURVE('',#1958,#1982,#1984,.T.);
#1982 = VERTEX_POINT('',#1983);
#1983 = CARTESIAN_POINT('',(-91.37009607775,86.17,20.245));
#1984 = LINE('',#1985,#1986);
#1985 = CARTESIAN_POINT('',(-89.46484035694,86.17,23.545000096713));
#1986 = VECTOR('',#1987,1.);
#1987 = DIRECTION('',(-0.49999995604,1.922962630028E-16,-0.866025429165)
  );
#1988 = ORIENTED_EDGE('',*,*,#1966,.F.);
#1989 = ORIENTED_EDGE('',*,*,#1017,.F.);
#1990 = ORIENTED_EDGE('',*,*,#1991,.F.);
#1991 = EDGE_CURVE('',#1982,#1010,#1992,.T.);
#1992 = LINE('',#1993,#1994);
#1993 = CARTESIAN_POINT('',(-91.37009607775,86.17,20.245));
#1994 = VECTOR('',#1995,1.);
#1995 = DIRECTION('',(1.922962686384E-16,1.,1.110223024625E-16));
#1996 = PLANE('',#1997);
#1997 = AXIS2_PLACEMENT_3D('',#1998,#1999,#2000);
#1998 = CARTESIAN_POINT('',(-89.46484035694,86.17,23.545000096713));
#1999 = DIRECTION('',(-0.866025429165,1.110223122236E-16,0.49999995604)
  );
#2000 = DIRECTION('',(-0.49999995604,1.922962630028E-16,-0.866025429165)
  );
#2001 = ADVANCED_FACE('',(#2002),#2020,.T.);
#2002 = FACE_BOUND('',#2003,.T.);
#2003 = EDGE_LOOP('',(#2004,#2012,#2018,#2019));
#2004 = ORIENTED_EDGE('',*,*,#2005,.F.);
#2005 = EDGE_CURVE('',#2006,#1941,#2008,.T.);
#2006 = VERTEX_POINT('',#2007);
#2007 = CARTESIAN_POINT('',(-89.46484035694,86.17,23.545000096713));
#2008 = LINE('',#2009,#2010);
#2009 = CARTESIAN_POINT('',(-89.46484035694,86.17,23.545000096713));
#2010 = VECTOR('',#2011,1.);
#2011 = DIRECTION('',(-0.49999995604,1.922962630028E-16,-0.866025429165)
  );
#2012 = ORIENTED_EDGE('',*,*,#2013,.T.);
#2013 = EDGE_CURVE('',#2006,#960,#2014,.T.);
#2014 = LINE('',#2015,#2016);
#2015 = CARTESIAN_POINT('',(-89.46484035694,86.17,23.545000096713));
#2016 = VECTOR('',#2017,1.);
#2017 = DIRECTION('',(1.922962686384E-16,1.,1.110223024625E-16));
#2018 = ORIENTED_EDGE('',*,*,#959,.F.);
#2019 = ORIENTED_EDGE('',*,*,#1940,.T.);
#2020 = PLANE('',#2021);
#2021 = AXIS2_PLACEMENT_3D('',#2022,#2023,#2024);
#2022 = CARTESIAN_POINT('',(-89.46484035694,86.17,23.545000096713));
#2023 = DIRECTION('',(-0.866025429165,1.110223122236E-16,0.49999995604)
  );
#2024 = DIRECTION('',(-0.49999995604,1.922962630028E-16,-0.866025429165)
  );
#2025 = ADVANCED_FACE('',(#2026),#2044,.T.);
#2026 = FACE_BOUND('',#2027,.T.);
#2027 = EDGE_LOOP('',(#2028,#2036,#2037,#2038));
#2028 = ORIENTED_EDGE('',*,*,#2029,.F.);
#2029 = EDGE_CURVE('',#1982,#2030,#2032,.T.);
#2030 = VERTEX_POINT('',#2031);
#2031 = CARTESIAN_POINT('',(-91.77671581597,86.17,20.949285963391));
#2032 = LINE('',#2033,#2034);
#2033 = CARTESIAN_POINT('',(-91.37009607775,86.17,20.245));
#2034 = VECTOR('',#2035,1.);
#2035 = DIRECTION('',(-0.50000004396,1.127120967548E-23,0.866025378404)
  );
#2036 = ORIENTED_EDGE('',*,*,#1991,.T.);
#2037 = ORIENTED_EDGE('',*,*,#1009,.F.);
#2038 = ORIENTED_EDGE('',*,*,#2039,.T.);
#2039 = EDGE_CURVE('',#1001,#2030,#2040,.T.);
#2040 = LINE('',#2041,#2042);
#2041 = CARTESIAN_POINT('',(-91.77671581597,86.17,20.949285963391));
#2042 = VECTOR('',#2043,1.);
#2043 = DIRECTION('',(-1.922962686384E-16,-1.,-1.110223024625E-16));
#2044 = PLANE('',#2045);
#2045 = AXIS2_PLACEMENT_3D('',#2046,#2047,#2048);
#2046 = CARTESIAN_POINT('',(-91.37009607775,86.17,20.245));
#2047 = DIRECTION('',(0.866025378404,-2.22044604925E-16,0.50000004396));
#2048 = DIRECTION('',(-0.50000004396,1.127120967548E-23,0.866025378404)
  );
#2049 = ADVANCED_FACE('',(#2050),#2068,.T.);
#2050 = FACE_BOUND('',#2051,.T.);
#2051 = EDGE_LOOP('',(#2052,#2060,#2066,#2067));
#2052 = ORIENTED_EDGE('',*,*,#2053,.F.);
#2053 = EDGE_CURVE('',#2054,#2006,#2056,.T.);
#2054 = VERTEX_POINT('',#2055);
#2055 = CARTESIAN_POINT('',(-90.27807976187,86.17,23.545000055432));
#2056 = LINE('',#2057,#2058);
#2057 = CARTESIAN_POINT('',(-93.27535213359,86.17,23.544999903288));
#2058 = VECTOR('',#2059,1.);
#2059 = DIRECTION('',(1.,-1.922962742739E-16,5.076075731969E-08));
#2060 = ORIENTED_EDGE('',*,*,#2061,.F.);
#2061 = EDGE_CURVE('',#968,#2054,#2062,.T.);
#2062 = LINE('',#2063,#2064);
#2063 = CARTESIAN_POINT('',(-90.27807976187,86.17,23.545000055432));
#2064 = VECTOR('',#2065,1.);
#2065 = DIRECTION('',(-1.922962686384E-16,-1.,-1.110223024625E-16));
#2066 = ORIENTED_EDGE('',*,*,#967,.F.);
#2067 = ORIENTED_EDGE('',*,*,#2013,.F.);
#2068 = PLANE('',#2069);
#2069 = AXIS2_PLACEMENT_3D('',#2070,#2071,#2072);
#2070 = CARTESIAN_POINT('',(-93.27535213359,86.17,23.544999903288));
#2071 = DIRECTION('',(5.076075731969E-08,1.110222927014E-16,-1.));
#2072 = DIRECTION('',(1.,-1.922962742739E-16,5.076075731969E-08));
#2073 = ADVANCED_FACE('',(#2074),#2093,.F.);
#2074 = FACE_BOUND('',#2075,.F.);
#2075 = EDGE_LOOP('',(#2076,#2084,#2085,#2086));
#2076 = ORIENTED_EDGE('',*,*,#2077,.F.);
#2077 = EDGE_CURVE('',#993,#2078,#2080,.T.);
#2078 = VERTEX_POINT('',#2079);
#2079 = CARTESIAN_POINT('',(-92.86873239537,86.17,22.840713939897));
#2080 = LINE('',#2081,#2082);
#2081 = CARTESIAN_POINT('',(-92.86873239537,86.17,22.840713939897));
#2082 = VECTOR('',#2083,1.);
#2083 = DIRECTION('',(-1.922962686384E-16,-1.,-1.110223024625E-16));
#2084 = ORIENTED_EDGE('',*,*,#1000,.T.);
#2085 = ORIENTED_EDGE('',*,*,#2039,.T.);
#2086 = ORIENTED_EDGE('',*,*,#2087,.T.);
#2087 = EDGE_CURVE('',#2030,#2078,#2088,.T.);
#2088 = CIRCLE('',#2089,1.55);
#2089 = AXIS2_PLACEMENT_3D('',#2090,#2091,#2092);
#2090 = CARTESIAN_POINT('',(-91.37009618943,86.17,22.445));
#2091 = DIRECTION('',(1.922962686384E-16,1.,1.110223024625E-16));
#2092 = DIRECTION('',(0.5,1.232595164408E-32,-0.866025403784));
#2093 = CYLINDRICAL_SURFACE('',#2094,1.55);
#2094 = AXIS2_PLACEMENT_3D('',#2095,#2096,#2097);
#2095 = CARTESIAN_POINT('',(-91.37009618943,86.17,22.445));
#2096 = DIRECTION('',(-1.922962686384E-16,-1.,-1.110223024625E-16));
#2097 = DIRECTION('',(0.5,1.232595164408E-32,-0.866025403784));
#2098 = ADVANCED_FACE('',(#2099),#2118,.F.);
#2099 = FACE_BOUND('',#2100,.F.);
#2100 = EDGE_LOOP('',(#2101,#2102,#2110,#2117));
#2101 = ORIENTED_EDGE('',*,*,#975,.T.);
#2102 = ORIENTED_EDGE('',*,*,#2103,.T.);
#2103 = EDGE_CURVE('',#976,#2104,#2106,.T.);
#2104 = VERTEX_POINT('',#2105);
#2105 = CARTESIAN_POINT('',(-92.46211272866,86.17,23.544999944568));
#2106 = LINE('',#2107,#2108);
#2107 = CARTESIAN_POINT('',(-92.46211272866,86.17,23.544999944568));
#2108 = VECTOR('',#2109,1.);
#2109 = DIRECTION('',(-1.922962686384E-16,-1.,-1.110223024625E-16));
#2110 = ORIENTED_EDGE('',*,*,#2111,.T.);
#2111 = EDGE_CURVE('',#2104,#2054,#2112,.T.);
#2112 = CIRCLE('',#2113,1.55);
#2113 = AXIS2_PLACEMENT_3D('',#2114,#2115,#2116);
#2114 = CARTESIAN_POINT('',(-91.37009618943,86.17,22.445));
#2115 = DIRECTION('',(1.922962686384E-16,1.,1.110223024625E-16));
#2116 = DIRECTION('',(0.5,1.232595164408E-32,-0.866025403784));
#2117 = ORIENTED_EDGE('',*,*,#2061,.F.);
#2118 = CYLINDRICAL_SURFACE('',#2119,1.55);
#2119 = AXIS2_PLACEMENT_3D('',#2120,#2121,#2122);
#2120 = CARTESIAN_POINT('',(-91.37009618943,86.17,22.445));
#2121 = DIRECTION('',(-1.922962686384E-16,-1.,-1.110223024625E-16));
#2122 = DIRECTION('',(0.5,1.232595164408E-32,-0.866025403784));
#2123 = ADVANCED_FACE('',(#2124),#2142,.T.);
#2124 = FACE_BOUND('',#2125,.T.);
#2125 = EDGE_LOOP('',(#2126,#2134,#2135,#2136));
#2126 = ORIENTED_EDGE('',*,*,#2127,.F.);
#2127 = EDGE_CURVE('',#2078,#2128,#2130,.T.);
#2128 = VERTEX_POINT('',#2129);
#2129 = CARTESIAN_POINT('',(-93.27535213359,86.17,23.544999903288));
#2130 = LINE('',#2131,#2132);
#2131 = CARTESIAN_POINT('',(-91.37009607775,86.17,20.245));
#2132 = VECTOR('',#2133,1.);
#2133 = DIRECTION('',(-0.50000004396,1.127120967548E-23,0.866025378404)
  );
#2134 = ORIENTED_EDGE('',*,*,#2077,.F.);
#2135 = ORIENTED_EDGE('',*,*,#992,.F.);
#2136 = ORIENTED_EDGE('',*,*,#2137,.F.);
#2137 = EDGE_CURVE('',#2128,#985,#2138,.T.);
#2138 = LINE('',#2139,#2140);
#2139 = CARTESIAN_POINT('',(-93.27535213359,86.17,23.544999903288));
#2140 = VECTOR('',#2141,1.);
#2141 = DIRECTION('',(1.922962686384E-16,1.,1.110223024625E-16));
#2142 = PLANE('',#2143);
#2143 = AXIS2_PLACEMENT_3D('',#2144,#2145,#2146);
#2144 = CARTESIAN_POINT('',(-91.37009607775,86.17,20.245));
#2145 = DIRECTION('',(0.866025378404,-2.22044604925E-16,0.50000004396));
#2146 = DIRECTION('',(-0.50000004396,1.127120967548E-23,0.866025378404)
  );
#2147 = ADVANCED_FACE('',(#2148),#2159,.T.);
#2148 = FACE_BOUND('',#2149,.T.);
#2149 = EDGE_LOOP('',(#2150,#2156,#2157,#2158));
#2150 = ORIENTED_EDGE('',*,*,#2151,.F.);
#2151 = EDGE_CURVE('',#2128,#2104,#2152,.T.);
#2152 = LINE('',#2153,#2154);
#2153 = CARTESIAN_POINT('',(-93.27535213359,86.17,23.544999903288));
#2154 = VECTOR('',#2155,1.);
#2155 = DIRECTION('',(1.,-1.922962742739E-16,5.076075731969E-08));
#2156 = ORIENTED_EDGE('',*,*,#2137,.T.);
#2157 = ORIENTED_EDGE('',*,*,#984,.F.);
#2158 = ORIENTED_EDGE('',*,*,#2103,.T.);
#2159 = PLANE('',#2160);
#2160 = AXIS2_PLACEMENT_3D('',#2161,#2162,#2163);
#2161 = CARTESIAN_POINT('',(-93.27535213359,86.17,23.544999903288));
#2162 = DIRECTION('',(5.076075731969E-08,1.110222927014E-16,-1.));
#2163 = DIRECTION('',(1.,-1.922962742739E-16,5.076075731969E-08));
#2164 = ADVANCED_FACE('',(#2165,#2168),#2245,.F.);
#2165 = FACE_BOUND('',#2166,.F.);
#2166 = EDGE_LOOP('',(#2167));
#2167 = ORIENTED_EDGE('',*,*,#1126,.T.);
#2168 = FACE_BOUND('',#2169,.F.);
#2169 = EDGE_LOOP('',(#2170,#2180,#2188,#2197,#2205,#2213,#2222,#2230,
    #2238));
#2170 = ORIENTED_EDGE('',*,*,#2171,.T.);
#2171 = EDGE_CURVE('',#2172,#2174,#2176,.T.);
#2172 = VERTEX_POINT('',#2173);
#2173 = CARTESIAN_POINT('',(-101.7157139953,55.693380221609,12.471));
#2174 = VERTEX_POINT('',#2175);
#2175 = CARTESIAN_POINT('',(-102.42,56.099999888326,12.471));
#2176 = LINE('',#2177,#2178);
#2177 = CARTESIAN_POINT('',(-88.04662611272,47.80152957815,12.471));
#2178 = VECTOR('',#2179,1.);
#2179 = DIRECTION('',(-0.866025429165,0.49999995604,-1.095755909473E-15)
  );
#2180 = ORIENTED_EDGE('',*,*,#2181,.T.);
#2181 = EDGE_CURVE('',#2174,#2182,#2184,.T.);
#2182 = VERTEX_POINT('',#2183);
#2183 = CARTESIAN_POINT('',(-101.7157140366,56.506619626543,12.471));
#2184 = LINE('',#2185,#2186);
#2185 = CARTESIAN_POINT('',(-82.82512343615,67.413108473399,12.471));
#2186 = VECTOR('',#2187,1.);
#2187 = DIRECTION('',(0.866025378404,0.50000004396,4.065755758206E-15));
#2188 = ORIENTED_EDGE('',*,*,#2189,.F.);
#2189 = EDGE_CURVE('',#2190,#2182,#2192,.T.);
#2190 = VERTEX_POINT('',#2191);
#2191 = CARTESIAN_POINT('',(-99.8242860601,57.598636205946,12.471));
#2192 = CIRCLE('',#2193,1.55);
#2193 = AXIS2_PLACEMENT_3D('',#2194,#2195,#2196);
#2194 = CARTESIAN_POINT('',(-100.22,56.1,12.471));
#2195 = DIRECTION('',(-8.659560562355E-17,-8.659560562355E-17,1.));
#2196 = DIRECTION('',(3.445092848398E-16,1.,8.659560562355E-17));
#2197 = ORIENTED_EDGE('',*,*,#2198,.T.);
#2198 = EDGE_CURVE('',#2190,#2199,#2201,.T.);
#2199 = VERTEX_POINT('',#2200);
#2200 = CARTESIAN_POINT('',(-99.12000009671,58.005255944163,12.471));
#2201 = LINE('',#2202,#2203);
#2202 = CARTESIAN_POINT('',(-82.82512343615,67.413108473399,12.471));
#2203 = VECTOR('',#2204,1.);
#2204 = DIRECTION('',(0.866025378404,0.50000004396,4.065755758206E-15));
#2205 = ORIENTED_EDGE('',*,*,#2206,.T.);
#2206 = EDGE_CURVE('',#2199,#2207,#2209,.T.);
#2207 = VERTEX_POINT('',#2208);
#2208 = CARTESIAN_POINT('',(-99.12000005543,57.192016539229,12.471));
#2209 = LINE('',#2210,#2211);
#2210 = CARTESIAN_POINT('',(-99.12000045112,64.987156989607,12.471));
#2211 = VECTOR('',#2212,1.);
#2212 = DIRECTION('',(5.076101540549E-08,-1.,-2.969999848732E-15));
#2213 = ORIENTED_EDGE('',*,*,#2214,.F.);
#2214 = EDGE_CURVE('',#2215,#2207,#2217,.T.);
#2215 = VERTEX_POINT('',#2216);
#2216 = CARTESIAN_POINT('',(-99.11999994456,55.007983572445,12.471));
#2217 = CIRCLE('',#2218,1.55);
#2218 = AXIS2_PLACEMENT_3D('',#2219,#2220,#2221);
#2219 = CARTESIAN_POINT('',(-100.22,56.1,12.471));
#2220 = DIRECTION('',(-8.659560562355E-17,-8.659560562355E-17,1.));
#2221 = DIRECTION('',(3.445092848398E-16,1.,8.659560562355E-17));
#2222 = ORIENTED_EDGE('',*,*,#2223,.T.);
#2223 = EDGE_CURVE('',#2215,#2224,#2226,.T.);
#2224 = VERTEX_POINT('',#2225);
#2225 = CARTESIAN_POINT('',(-99.11999990328,54.194744167511,12.471));
#2226 = LINE('',#2227,#2228);
#2227 = CARTESIAN_POINT('',(-99.12000045112,64.987156989607,12.471));
#2228 = VECTOR('',#2229,1.);
#2229 = DIRECTION('',(5.076101540549E-08,-1.,-2.969999848732E-15));
#2230 = ORIENTED_EDGE('',*,*,#2231,.T.);
#2231 = EDGE_CURVE('',#2224,#2232,#2234,.T.);
#2232 = VERTEX_POINT('',#2233);
#2233 = CARTESIAN_POINT('',(-99.82428590795,54.601363834228,12.471));
#2234 = LINE('',#2235,#2236);
#2235 = CARTESIAN_POINT('',(-88.04662611272,47.80152957815,12.471));
#2236 = VECTOR('',#2237,1.);
#2237 = DIRECTION('',(-0.866025429165,0.49999995604,-1.095755909473E-15)
  );
#2238 = ORIENTED_EDGE('',*,*,#2239,.F.);
#2239 = EDGE_CURVE('',#2172,#2232,#2240,.T.);
#2240 = CIRCLE('',#2241,1.55);
#2241 = AXIS2_PLACEMENT_3D('',#2242,#2243,#2244);
#2242 = CARTESIAN_POINT('',(-100.22,56.1,12.471));
#2243 = DIRECTION('',(-8.659560562355E-17,-8.659560562355E-17,1.));
#2244 = DIRECTION('',(3.445092848398E-16,1.,8.659560562355E-17));
#2245 = PLANE('',#2246);
#2246 = AXIS2_PLACEMENT_3D('',#2247,#2248,#2249);
#2247 = CARTESIAN_POINT('',(-59.329,71.969060054883,12.471));
#2248 = DIRECTION('',(-2.98E-15,-2.97E-15,1.));
#2249 = DIRECTION('',(-1.,1.224646799147E-16,-2.98E-15));
#2250 = ADVANCED_FACE('',(#2251,#2254),#2331,.F.);
#2251 = FACE_BOUND('',#2252,.F.);
#2252 = EDGE_LOOP('',(#2253));
#2253 = ORIENTED_EDGE('',*,*,#1151,.T.);
#2254 = FACE_BOUND('',#2255,.F.);
#2255 = EDGE_LOOP('',(#2256,#2266,#2274,#2283,#2291,#2299,#2308,#2316,
    #2324));
#2256 = ORIENTED_EDGE('',*,*,#2257,.T.);
#2257 = EDGE_CURVE('',#2258,#2260,#2262,.T.);
#2258 = VERTEX_POINT('',#2259);
#2259 = CARTESIAN_POINT('',(-101.7157139953,87.443380221609,12.471));
#2260 = VERTEX_POINT('',#2261);
#2261 = CARTESIAN_POINT('',(-102.42,87.849999888326,12.471));
#2262 = LINE('',#2263,#2264);
#2263 = CARTESIAN_POINT('',(-81.1725498731,75.582780276017,12.471));
#2264 = VECTOR('',#2265,1.);
#2265 = DIRECTION('',(-0.866025429165,0.49999995604,-1.095755909473E-15)
  );
#2266 = ORIENTED_EDGE('',*,*,#2267,.T.);
#2267 = EDGE_CURVE('',#2260,#2268,#2270,.T.);
#2268 = VERTEX_POINT('',#2269);
#2269 = CARTESIAN_POINT('',(-101.7157140366,88.256619626543,12.471));
#2270 = LINE('',#2271,#2272);
#2271 = CARTESIAN_POINT('',(-89.6992004816,95.194357775533,12.471));
#2272 = VECTOR('',#2273,1.);
#2273 = DIRECTION('',(0.866025378404,0.50000004396,4.065755758206E-15));
#2274 = ORIENTED_EDGE('',*,*,#2275,.F.);
#2275 = EDGE_CURVE('',#2276,#2268,#2278,.T.);
#2276 = VERTEX_POINT('',#2277);
#2277 = CARTESIAN_POINT('',(-99.8242860601,89.348636205946,12.471));
#2278 = CIRCLE('',#2279,1.55);
#2279 = AXIS2_PLACEMENT_3D('',#2280,#2281,#2282);
#2280 = CARTESIAN_POINT('',(-100.22,87.85,12.471));
#2281 = DIRECTION('',(-8.659560562355E-17,-8.659560562355E-17,1.));
#2282 = DIRECTION('',(3.445092848398E-16,1.,8.659560562355E-17));
#2283 = ORIENTED_EDGE('',*,*,#2284,.T.);
#2284 = EDGE_CURVE('',#2276,#2285,#2287,.T.);
#2285 = VERTEX_POINT('',#2286);
#2286 = CARTESIAN_POINT('',(-99.12000009671,89.755255944163,12.471));
#2287 = LINE('',#2288,#2289);
#2288 = CARTESIAN_POINT('',(-89.6992004816,95.194357775533,12.471));
#2289 = VECTOR('',#2290,1.);
#2290 = DIRECTION('',(0.866025378404,0.50000004396,4.065755758206E-15));
#2291 = ORIENTED_EDGE('',*,*,#2292,.T.);
#2292 = EDGE_CURVE('',#2285,#2293,#2295,.T.);
#2293 = VERTEX_POINT('',#2294);
#2294 = CARTESIAN_POINT('',(-99.12000005543,88.942016539229,12.471));
#2295 = LINE('',#2296,#2297);
#2296 = CARTESIAN_POINT('',(-99.11999964529,80.862156989607,12.471));
#2297 = VECTOR('',#2298,1.);
#2298 = DIRECTION('',(5.076101540549E-08,-1.,-2.969999848732E-15));
#2299 = ORIENTED_EDGE('',*,*,#2300,.F.);
#2300 = EDGE_CURVE('',#2301,#2293,#2303,.T.);
#2301 = VERTEX_POINT('',#2302);
#2302 = CARTESIAN_POINT('',(-99.11999994456,86.757983572445,12.471));
#2303 = CIRCLE('',#2304,1.55);
#2304 = AXIS2_PLACEMENT_3D('',#2305,#2306,#2307);
#2305 = CARTESIAN_POINT('',(-100.22,87.85,12.471));
#2306 = DIRECTION('',(-8.659560562355E-17,-8.659560562355E-17,1.));
#2307 = DIRECTION('',(3.445092848398E-16,1.,8.659560562355E-17));
#2308 = ORIENTED_EDGE('',*,*,#2309,.T.);
#2309 = EDGE_CURVE('',#2301,#2310,#2312,.T.);
#2310 = VERTEX_POINT('',#2311);
#2311 = CARTESIAN_POINT('',(-99.11999990328,85.944744167511,12.471));
#2312 = LINE('',#2313,#2314);
#2313 = CARTESIAN_POINT('',(-99.11999964529,80.862156989607,12.471));
#2314 = VECTOR('',#2315,1.);
#2315 = DIRECTION('',(5.076101540549E-08,-1.,-2.969999848732E-15));
#2316 = ORIENTED_EDGE('',*,*,#2317,.T.);
#2317 = EDGE_CURVE('',#2310,#2318,#2320,.T.);
#2318 = VERTEX_POINT('',#2319);
#2319 = CARTESIAN_POINT('',(-99.82428590795,86.351363834228,12.471));
#2320 = LINE('',#2321,#2322);
#2321 = CARTESIAN_POINT('',(-81.1725498731,75.582780276017,12.471));
#2322 = VECTOR('',#2323,1.);
#2323 = DIRECTION('',(-0.866025429165,0.49999995604,-1.095755909473E-15)
  );
#2324 = ORIENTED_EDGE('',*,*,#2325,.F.);
#2325 = EDGE_CURVE('',#2258,#2318,#2326,.T.);
#2326 = CIRCLE('',#2327,1.55);
#2327 = AXIS2_PLACEMENT_3D('',#2328,#2329,#2330);
#2328 = CARTESIAN_POINT('',(-100.22,87.85,12.471));
#2329 = DIRECTION('',(-8.659560562355E-17,-8.659560562355E-17,1.));
#2330 = DIRECTION('',(3.445092848398E-16,1.,8.659560562355E-17));
#2331 = PLANE('',#2332);
#2332 = AXIS2_PLACEMENT_3D('',#2333,#2334,#2335);
#2333 = CARTESIAN_POINT('',(-59.329,71.969060054883,12.471));
#2334 = DIRECTION('',(-2.98E-15,-2.97E-15,1.));
#2335 = DIRECTION('',(-1.,1.224646799147E-16,-2.98E-15));
#2336 = ADVANCED_FACE('',(#2337,#2340),#2417,.F.);
#2337 = FACE_BOUND('',#2338,.F.);
#2338 = EDGE_LOOP('',(#2339));
#2339 = ORIENTED_EDGE('',*,*,#1176,.T.);
#2340 = FACE_BOUND('',#2341,.F.);
#2341 = EDGE_LOOP('',(#2342,#2352,#2360,#2369,#2377,#2385,#2394,#2402,
    #2410));
#2342 = ORIENTED_EDGE('',*,*,#2343,.T.);
#2343 = EDGE_CURVE('',#2344,#2346,#2348,.T.);
#2344 = VERTEX_POINT('',#2345);
#2345 = CARTESIAN_POINT('',(-19.91571399532,87.443380221609,12.471));
#2346 = VERTEX_POINT('',#2347);
#2347 = CARTESIAN_POINT('',(-20.62,87.849999888326,12.471));
#2348 = LINE('',#2349,#2350);
#2349 = CARTESIAN_POINT('',(-30.04755167106,93.292998745351,12.471));
#2350 = VECTOR('',#2351,1.);
#2351 = DIRECTION('',(-0.866025429165,0.49999995604,-1.095755909473E-15)
  );
#2352 = ORIENTED_EDGE('',*,*,#2353,.T.);
#2353 = EDGE_CURVE('',#2346,#2354,#2356,.T.);
#2354 = VERTEX_POINT('',#2355);
#2355 = CARTESIAN_POINT('',(-19.9157140366,88.256619626543,12.471));
#2356 = LINE('',#2357,#2358);
#2357 = CARTESIAN_POINT('',(-38.57419868364,77.484137230085,12.471));
#2358 = VECTOR('',#2359,1.);
#2359 = DIRECTION('',(0.866025378404,0.50000004396,4.065755758206E-15));
#2360 = ORIENTED_EDGE('',*,*,#2361,.F.);
#2361 = EDGE_CURVE('',#2362,#2354,#2364,.T.);
#2362 = VERTEX_POINT('',#2363);
#2363 = CARTESIAN_POINT('',(-18.0242860601,89.348636205946,12.471));
#2364 = CIRCLE('',#2365,1.55);
#2365 = AXIS2_PLACEMENT_3D('',#2366,#2367,#2368);
#2366 = CARTESIAN_POINT('',(-18.42,87.85,12.471));
#2367 = DIRECTION('',(-8.659560562355E-17,-8.659560562355E-17,1.));
#2368 = DIRECTION('',(3.445092848398E-16,1.,8.659560562355E-17));
#2369 = ORIENTED_EDGE('',*,*,#2370,.T.);
#2370 = EDGE_CURVE('',#2362,#2371,#2373,.T.);
#2371 = VERTEX_POINT('',#2372);
#2372 = CARTESIAN_POINT('',(-17.32000009671,89.755255944163,12.471));
#2373 = LINE('',#2374,#2375);
#2374 = CARTESIAN_POINT('',(-38.57419868364,77.484137230085,12.471));
#2375 = VECTOR('',#2376,1.);
#2376 = DIRECTION('',(0.866025378404,0.50000004396,4.065755758206E-15));
#2377 = ORIENTED_EDGE('',*,*,#2378,.T.);
#2378 = EDGE_CURVE('',#2371,#2379,#2381,.T.);
#2379 = VERTEX_POINT('',#2380);
#2380 = CARTESIAN_POINT('',(-17.32000005543,88.942016539229,12.471));
#2381 = LINE('',#2382,#2383);
#2382 = CARTESIAN_POINT('',(-17.31999964529,80.862159065733,12.471));
#2383 = VECTOR('',#2384,1.);
#2384 = DIRECTION('',(5.076101540549E-08,-1.,-2.969999848732E-15));
#2385 = ORIENTED_EDGE('',*,*,#2386,.F.);
#2386 = EDGE_CURVE('',#2387,#2379,#2389,.T.);
#2387 = VERTEX_POINT('',#2388);
#2388 = CARTESIAN_POINT('',(-17.31999994456,86.757983572445,12.471));
#2389 = CIRCLE('',#2390,1.55);
#2390 = AXIS2_PLACEMENT_3D('',#2391,#2392,#2393);
#2391 = CARTESIAN_POINT('',(-18.42,87.85,12.471));
#2392 = DIRECTION('',(-8.659560562355E-17,-8.659560562355E-17,1.));
#2393 = DIRECTION('',(3.445092848398E-16,1.,8.659560562355E-17));
#2394 = ORIENTED_EDGE('',*,*,#2395,.T.);
#2395 = EDGE_CURVE('',#2387,#2396,#2398,.T.);
#2396 = VERTEX_POINT('',#2397);
#2397 = CARTESIAN_POINT('',(-17.31999990328,85.944744167511,12.471));
#2398 = LINE('',#2399,#2400);
#2399 = CARTESIAN_POINT('',(-17.31999964529,80.862159065733,12.471));
#2400 = VECTOR('',#2401,1.);
#2401 = DIRECTION('',(5.076101540549E-08,-1.,-2.969999848732E-15));
#2402 = ORIENTED_EDGE('',*,*,#2403,.T.);
#2403 = EDGE_CURVE('',#2396,#2404,#2406,.T.);
#2404 = VERTEX_POINT('',#2405);
#2405 = CARTESIAN_POINT('',(-18.02428590795,86.351363834228,12.471));
#2406 = LINE('',#2407,#2408);
#2407 = CARTESIAN_POINT('',(-30.04755167106,93.292998745351,12.471));
#2408 = VECTOR('',#2409,1.);
#2409 = DIRECTION('',(-0.866025429165,0.49999995604,-1.095755909473E-15)
  );
#2410 = ORIENTED_EDGE('',*,*,#2411,.F.);
#2411 = EDGE_CURVE('',#2344,#2404,#2412,.T.);
#2412 = CIRCLE('',#2413,1.55);
#2413 = AXIS2_PLACEMENT_3D('',#2414,#2415,#2416);
#2414 = CARTESIAN_POINT('',(-18.42,87.85,12.471));
#2415 = DIRECTION('',(-8.659560562355E-17,-8.659560562355E-17,1.));
#2416 = DIRECTION('',(3.445092848398E-16,1.,8.659560562355E-17));
#2417 = PLANE('',#2418);
#2418 = AXIS2_PLACEMENT_3D('',#2419,#2420,#2421);
#2419 = CARTESIAN_POINT('',(-59.329,71.969060054883,12.471));
#2420 = DIRECTION('',(-2.98E-15,-2.97E-15,1.));
#2421 = DIRECTION('',(-1.,1.224646799147E-16,-2.98E-15));
#2422 = ADVANCED_FACE('',(#2423,#2426),#2503,.F.);
#2423 = FACE_BOUND('',#2424,.F.);
#2424 = EDGE_LOOP('',(#2425));
#2425 = ORIENTED_EDGE('',*,*,#1201,.T.);
#2426 = FACE_BOUND('',#2427,.F.);
#2427 = EDGE_LOOP('',(#2428,#2438,#2446,#2455,#2463,#2471,#2480,#2488,
    #2496));
#2428 = ORIENTED_EDGE('',*,*,#2429,.T.);
#2429 = EDGE_CURVE('',#2430,#2432,#2434,.T.);
#2430 = VERTEX_POINT('',#2431);
#2431 = CARTESIAN_POINT('',(-19.98571399532,55.653380221609,12.471));
#2432 = VERTEX_POINT('',#2433);
#2433 = CARTESIAN_POINT('',(-20.69,56.059999888326,12.471));
#2434 = LINE('',#2435,#2436);
#2435 = CARTESIAN_POINT('',(-36.97403816268,65.461592602927,12.471));
#2436 = VECTOR('',#2437,1.);
#2437 = DIRECTION('',(-0.866025429165,0.49999995604,-1.095755909473E-15)
  );
#2438 = ORIENTED_EDGE('',*,*,#2439,.T.);
#2439 = EDGE_CURVE('',#2432,#2440,#2442,.T.);
#2440 = VERTEX_POINT('',#2441);
#2441 = CARTESIAN_POINT('',(-19.9857140366,56.466619626543,12.471));
#2442 = LINE('',#2443,#2444);
#2443 = CARTESIAN_POINT('',(-31.73521138518,49.683043374285,12.471));
#2444 = VECTOR('',#2445,1.);
#2445 = DIRECTION('',(0.866025378404,0.50000004396,4.065755758206E-15));
#2446 = ORIENTED_EDGE('',*,*,#2447,.F.);
#2447 = EDGE_CURVE('',#2448,#2440,#2450,.T.);
#2448 = VERTEX_POINT('',#2449);
#2449 = CARTESIAN_POINT('',(-18.0942860601,57.558636205946,12.471));
#2450 = CIRCLE('',#2451,1.55);
#2451 = AXIS2_PLACEMENT_3D('',#2452,#2453,#2454);
#2452 = CARTESIAN_POINT('',(-18.49,56.06,12.471));
#2453 = DIRECTION('',(-8.659560562355E-17,-8.659560562355E-17,1.));
#2454 = DIRECTION('',(3.445092848398E-16,1.,8.659560562355E-17));
#2455 = ORIENTED_EDGE('',*,*,#2456,.T.);
#2456 = EDGE_CURVE('',#2448,#2457,#2459,.T.);
#2457 = VERTEX_POINT('',#2458);
#2458 = CARTESIAN_POINT('',(-17.39000009671,57.965255944163,12.471));
#2459 = LINE('',#2460,#2461);
#2460 = CARTESIAN_POINT('',(-31.73521138518,49.683043374285,12.471));
#2461 = VECTOR('',#2462,1.);
#2462 = DIRECTION('',(0.866025378404,0.50000004396,4.065755758206E-15));
#2463 = ORIENTED_EDGE('',*,*,#2464,.T.);
#2464 = EDGE_CURVE('',#2457,#2465,#2467,.T.);
#2465 = VERTEX_POINT('',#2466);
#2466 = CARTESIAN_POINT('',(-17.39000005543,57.152016539229,12.471));
#2467 = LINE('',#2468,#2469);
#2468 = CARTESIAN_POINT('',(-17.39000045213,64.967159063956,12.471));
#2469 = VECTOR('',#2470,1.);
#2470 = DIRECTION('',(5.076101540549E-08,-1.,-2.969999848732E-15));
#2471 = ORIENTED_EDGE('',*,*,#2472,.F.);
#2472 = EDGE_CURVE('',#2473,#2465,#2475,.T.);
#2473 = VERTEX_POINT('',#2474);
#2474 = CARTESIAN_POINT('',(-17.38999994456,54.967983572445,12.471));
#2475 = CIRCLE('',#2476,1.55);
#2476 = AXIS2_PLACEMENT_3D('',#2477,#2478,#2479);
#2477 = CARTESIAN_POINT('',(-18.49,56.06,12.471));
#2478 = DIRECTION('',(-8.659560562355E-17,-8.659560562355E-17,1.));
#2479 = DIRECTION('',(3.445092848398E-16,1.,8.659560562355E-17));
#2480 = ORIENTED_EDGE('',*,*,#2481,.T.);
#2481 = EDGE_CURVE('',#2473,#2482,#2484,.T.);
#2482 = VERTEX_POINT('',#2483);
#2483 = CARTESIAN_POINT('',(-17.38999990328,54.154744167511,12.471));
#2484 = LINE('',#2485,#2486);
#2485 = CARTESIAN_POINT('',(-17.39000045213,64.967159063956,12.471));
#2486 = VECTOR('',#2487,1.);
#2487 = DIRECTION('',(5.076101540549E-08,-1.,-2.969999848732E-15));
#2488 = ORIENTED_EDGE('',*,*,#2489,.T.);
#2489 = EDGE_CURVE('',#2482,#2490,#2492,.T.);
#2490 = VERTEX_POINT('',#2491);
#2491 = CARTESIAN_POINT('',(-18.09428590795,54.561363834228,12.471));
#2492 = LINE('',#2493,#2494);
#2493 = CARTESIAN_POINT('',(-36.97403816268,65.461592602927,12.471));
#2494 = VECTOR('',#2495,1.);
#2495 = DIRECTION('',(-0.866025429165,0.49999995604,-1.095755909473E-15)
  );
#2496 = ORIENTED_EDGE('',*,*,#2497,.F.);
#2497 = EDGE_CURVE('',#2430,#2490,#2498,.T.);
#2498 = CIRCLE('',#2499,1.55);
#2499 = AXIS2_PLACEMENT_3D('',#2500,#2501,#2502);
#2500 = CARTESIAN_POINT('',(-18.49,56.06,12.471));
#2501 = DIRECTION('',(-8.659560562355E-17,-8.659560562355E-17,1.));
#2502 = DIRECTION('',(3.445092848398E-16,1.,8.659560562355E-17));
#2503 = PLANE('',#2504);
#2504 = AXIS2_PLACEMENT_3D('',#2505,#2506,#2507);
#2505 = CARTESIAN_POINT('',(-59.329,71.969060054883,12.471));
#2506 = DIRECTION('',(-2.98E-15,-2.97E-15,1.));
#2507 = DIRECTION('',(-1.,1.224646799147E-16,-2.98E-15));
#2508 = ADVANCED_FACE('',(#2509),#2520,.F.);
#2509 = FACE_BOUND('',#2510,.F.);
#2510 = EDGE_LOOP('',(#2511,#2512,#2518,#2519));
#2511 = ORIENTED_EDGE('',*,*,#1249,.F.);
#2512 = ORIENTED_EDGE('',*,*,#2513,.T.);
#2513 = EDGE_CURVE('',#1241,#1295,#2514,.T.);
#2514 = LINE('',#2515,#2516);
#2515 = CARTESIAN_POINT('',(-95.459,86.66907827506,30.301871335417));
#2516 = VECTOR('',#2517,1.);
#2517 = DIRECTION('',(1.,-3.445092848398E-16,2.775557561563E-15));
#2518 = ORIENTED_EDGE('',*,*,#1294,.T.);
#2519 = ORIENTED_EDGE('',*,*,#1217,.F.);
#2520 = PLANE('',#2521);
#2521 = AXIS2_PLACEMENT_3D('',#2522,#2523,#2524);
#2522 = CARTESIAN_POINT('',(-95.459,84.844060219534,27.483758203264));
#2523 = DIRECTION('',(1.797886376922E-15,0.839361830821,-0.543573101764)
  );
#2524 = DIRECTION('',(1.,-3.445092848398E-16,2.775557561563E-15));
#2525 = ADVANCED_FACE('',(#2526),#2538,.F.);
#2526 = FACE_BOUND('',#2527,.F.);
#2527 = EDGE_LOOP('',(#2528,#2529,#2530,#2531,#2532,#2533,#2534,#2535,
    #2536,#2537));
#2528 = ORIENTED_EDGE('',*,*,#1465,.F.);
#2529 = ORIENTED_EDGE('',*,*,#1419,.T.);
#2530 = ORIENTED_EDGE('',*,*,#1364,.T.);
#2531 = ORIENTED_EDGE('',*,*,#1301,.F.);
#2532 = ORIENTED_EDGE('',*,*,#2513,.F.);
#2533 = ORIENTED_EDGE('',*,*,#1240,.F.);
#2534 = ORIENTED_EDGE('',*,*,#1276,.F.);
#2535 = ORIENTED_EDGE('',*,*,#1329,.T.);
#2536 = ORIENTED_EDGE('',*,*,#1395,.T.);
#2537 = ORIENTED_EDGE('',*,*,#1450,.F.);
#2538 = CYLINDRICAL_SURFACE('',#2539,84.767970908174);
#2539 = AXIS2_PLACEMENT_3D('',#2540,#2541,#2542);
#2540 = CARTESIAN_POINT('',(-13.459,51.084087039698,107.23897090817));
#2541 = DIRECTION('',(1.,-3.445092848398E-16,2.775557561563E-15));
#2542 = DIRECTION('',(3.445092848398E-16,1.,-1.110223024625E-16));
#2543 = ADVANCED_FACE('',(#2544),#2556,.F.);
#2544 = FACE_BOUND('',#2545,.F.);
#2545 = EDGE_LOOP('',(#2546,#2547,#2548,#2549,#2550,#2551,#2552,#2553,
    #2554,#2555));
#2546 = ORIENTED_EDGE('',*,*,#1525,.F.);
#2547 = ORIENTED_EDGE('',*,*,#1501,.F.);
#2548 = ORIENTED_EDGE('',*,*,#1492,.F.);
#2549 = ORIENTED_EDGE('',*,*,#1549,.F.);
#2550 = ORIENTED_EDGE('',*,*,#1597,.F.);
#2551 = ORIENTED_EDGE('',*,*,#1655,.F.);
#2552 = ORIENTED_EDGE('',*,*,#1695,.F.);
#2553 = ORIENTED_EDGE('',*,*,#1671,.F.);
#2554 = ORIENTED_EDGE('',*,*,#1631,.F.);
#2555 = ORIENTED_EDGE('',*,*,#1573,.F.);
#2556 = PLANE('',#2557);
#2557 = AXIS2_PLACEMENT_3D('',#2558,#2559,#2560);
#2558 = CARTESIAN_POINT('',(-26.284761059,86.16,22.299559534633));
#2559 = DIRECTION('',(-1.922962686384E-16,-1.,-1.110223024625E-16));
#2560 = DIRECTION('',(-0.5,-1.232595164408E-32,0.866025403784));
#2561 = ADVANCED_FACE('',(#2562),#2574,.F.);
#2562 = FACE_BOUND('',#2563,.F.);
#2563 = EDGE_LOOP('',(#2564,#2565,#2566,#2567,#2568,#2569,#2570,#2571,
    #2572,#2573));
#2564 = ORIENTED_EDGE('',*,*,#1753,.F.);
#2565 = ORIENTED_EDGE('',*,*,#1729,.F.);
#2566 = ORIENTED_EDGE('',*,*,#1720,.F.);
#2567 = ORIENTED_EDGE('',*,*,#1923,.F.);
#2568 = ORIENTED_EDGE('',*,*,#1899,.F.);
#2569 = ORIENTED_EDGE('',*,*,#1876,.F.);
#2570 = ORIENTED_EDGE('',*,*,#1850,.F.);
#2571 = ORIENTED_EDGE('',*,*,#1826,.F.);
#2572 = ORIENTED_EDGE('',*,*,#1811,.F.);
#2573 = ORIENTED_EDGE('',*,*,#1777,.F.);
#2574 = PLANE('',#2575);
#2575 = AXIS2_PLACEMENT_3D('',#2576,#2577,#2578);
#2576 = CARTESIAN_POINT('',(-60.01306232919,86.17,22.404463345201));
#2577 = DIRECTION('',(-3.013258104298E-16,-1.,-3.662668064038E-16));
#2578 = DIRECTION('',(-0.5,-1.665334536938E-16,0.866025403784));
#2579 = ADVANCED_FACE('',(#2580),#2592,.F.);
#2580 = FACE_BOUND('',#2581,.F.);
#2581 = EDGE_LOOP('',(#2582,#2583,#2584,#2585,#2586,#2587,#2588,#2589,
    #2590,#2591));
#2582 = ORIENTED_EDGE('',*,*,#1981,.F.);
#2583 = ORIENTED_EDGE('',*,*,#1957,.F.);
#2584 = ORIENTED_EDGE('',*,*,#1948,.F.);
#2585 = ORIENTED_EDGE('',*,*,#2005,.F.);
#2586 = ORIENTED_EDGE('',*,*,#2053,.F.);
#2587 = ORIENTED_EDGE('',*,*,#2111,.F.);
#2588 = ORIENTED_EDGE('',*,*,#2151,.F.);
#2589 = ORIENTED_EDGE('',*,*,#2127,.F.);
#2590 = ORIENTED_EDGE('',*,*,#2087,.F.);
#2591 = ORIENTED_EDGE('',*,*,#2029,.F.);
#2592 = PLANE('',#2593);
#2593 = AXIS2_PLACEMENT_3D('',#2594,#2595,#2596);
#2594 = CARTESIAN_POINT('',(-91.36717775651,86.17,22.442501820974));
#2595 = DIRECTION('',(-1.922962686384E-16,-1.,-1.110223024625E-16));
#2596 = DIRECTION('',(-0.5,-1.232595164408E-32,0.866025403784));
#2597 = ADVANCED_FACE('',(#2598),#2623,.T.);
#2598 = FACE_BOUND('',#2599,.T.);
#2599 = EDGE_LOOP('',(#2600,#2610,#2616,#2617));
#2600 = ORIENTED_EDGE('',*,*,#2601,.F.);
#2601 = EDGE_CURVE('',#2602,#2604,#2606,.T.);
#2602 = VERTEX_POINT('',#2603);
#2603 = CARTESIAN_POINT('',(-101.7157139953,55.693380221609,19.32));
#2604 = VERTEX_POINT('',#2605);
#2605 = CARTESIAN_POINT('',(-102.42,56.099999888326,19.32));
#2606 = LINE('',#2607,#2608);
#2607 = CARTESIAN_POINT('',(-99.11999990328,54.194744167511,19.32));
#2608 = VECTOR('',#2609,1.);
#2609 = DIRECTION('',(-0.866025429165,0.49999995604,-3.16961975189E-17)
  );
#2610 = ORIENTED_EDGE('',*,*,#2611,.F.);
#2611 = EDGE_CURVE('',#2172,#2602,#2612,.T.);
#2612 = LINE('',#2613,#2614);
#2613 = CARTESIAN_POINT('',(-101.7157139953,55.693380221609,19.32));
#2614 = VECTOR('',#2615,1.);
#2615 = DIRECTION('',(-8.659560562355E-17,-8.659560562355E-17,1.));
#2616 = ORIENTED_EDGE('',*,*,#2171,.T.);
#2617 = ORIENTED_EDGE('',*,*,#2618,.F.);
#2618 = EDGE_CURVE('',#2604,#2174,#2619,.T.);
#2619 = LINE('',#2620,#2621);
#2620 = CARTESIAN_POINT('',(-102.42,56.099999888326,19.32));
#2621 = VECTOR('',#2622,1.);
#2622 = DIRECTION('',(8.659560562355E-17,8.659560562355E-17,-1.));
#2623 = PLANE('',#2624);
#2624 = AXIS2_PLACEMENT_3D('',#2625,#2626,#2627);
#2625 = CARTESIAN_POINT('',(-99.11999990328,54.194744167511,19.32));
#2626 = DIRECTION('',(0.49999995604,0.866025429165,1.182917955289E-16));
#2627 = DIRECTION('',(-0.866025429165,0.49999995604,-3.16961975189E-17)
  );
#2628 = ADVANCED_FACE('',(#2629),#2648,.F.);
#2629 = FACE_BOUND('',#2630,.F.);
#2630 = EDGE_LOOP('',(#2631,#2632,#2640,#2647));
#2631 = ORIENTED_EDGE('',*,*,#2239,.T.);
#2632 = ORIENTED_EDGE('',*,*,#2633,.T.);
#2633 = EDGE_CURVE('',#2232,#2634,#2636,.T.);
#2634 = VERTEX_POINT('',#2635);
#2635 = CARTESIAN_POINT('',(-99.82428590795,54.601363834228,19.32));
#2636 = LINE('',#2637,#2638);
#2637 = CARTESIAN_POINT('',(-99.82428590795,54.601363834228,19.32));
#2638 = VECTOR('',#2639,1.);
#2639 = DIRECTION('',(-8.659560562355E-17,-8.659560562355E-17,1.));
#2640 = ORIENTED_EDGE('',*,*,#2641,.T.);
#2641 = EDGE_CURVE('',#2634,#2602,#2642,.T.);
#2642 = CIRCLE('',#2643,1.55);
#2643 = AXIS2_PLACEMENT_3D('',#2644,#2645,#2646);
#2644 = CARTESIAN_POINT('',(-100.22,56.1,19.32));
#2645 = DIRECTION('',(8.659560562355E-17,8.659560562355E-17,-1.));
#2646 = DIRECTION('',(3.445092848398E-16,1.,8.659560562355E-17));
#2647 = ORIENTED_EDGE('',*,*,#2611,.F.);
#2648 = CYLINDRICAL_SURFACE('',#2649,1.55);
#2649 = AXIS2_PLACEMENT_3D('',#2650,#2651,#2652);
#2650 = CARTESIAN_POINT('',(-100.22,56.1,19.32));
#2651 = DIRECTION('',(-8.659560562355E-17,-8.659560562355E-17,1.));
#2652 = DIRECTION('',(3.445092848398E-16,1.,8.659560562355E-17));
#2653 = ADVANCED_FACE('',(#2654),#2672,.T.);
#2654 = FACE_BOUND('',#2655,.T.);
#2655 = EDGE_LOOP('',(#2656,#2664,#2670,#2671));
#2656 = ORIENTED_EDGE('',*,*,#2657,.F.);
#2657 = EDGE_CURVE('',#2658,#2634,#2660,.T.);
#2658 = VERTEX_POINT('',#2659);
#2659 = CARTESIAN_POINT('',(-99.11999990328,54.194744167511,19.32));
#2660 = LINE('',#2661,#2662);
#2661 = CARTESIAN_POINT('',(-99.11999990328,54.194744167511,19.32));
#2662 = VECTOR('',#2663,1.);
#2663 = DIRECTION('',(-0.866025429165,0.49999995604,-3.16961975189E-17)
  );
#2664 = ORIENTED_EDGE('',*,*,#2665,.T.);
#2665 = EDGE_CURVE('',#2658,#2224,#2666,.T.);
#2666 = LINE('',#2667,#2668);
#2667 = CARTESIAN_POINT('',(-99.11999990328,54.194744167511,19.32));
#2668 = VECTOR('',#2669,1.);
#2669 = DIRECTION('',(8.659560562355E-17,8.659560562355E-17,-1.));
#2670 = ORIENTED_EDGE('',*,*,#2231,.T.);
#2671 = ORIENTED_EDGE('',*,*,#2633,.T.);
#2672 = PLANE('',#2673);
#2673 = AXIS2_PLACEMENT_3D('',#2674,#2675,#2676);
#2674 = CARTESIAN_POINT('',(-99.11999990328,54.194744167511,19.32));
#2675 = DIRECTION('',(0.49999995604,0.866025429165,1.182917955289E-16));
#2676 = DIRECTION('',(-0.866025429165,0.49999995604,-3.16961975189E-17)
  );
#2677 = ADVANCED_FACE('',(#2678),#2696,.T.);
#2678 = FACE_BOUND('',#2679,.T.);
#2679 = EDGE_LOOP('',(#2680,#2688,#2694,#2695));
#2680 = ORIENTED_EDGE('',*,*,#2681,.F.);
#2681 = EDGE_CURVE('',#2682,#2658,#2684,.T.);
#2682 = VERTEX_POINT('',#2683);
#2683 = CARTESIAN_POINT('',(-99.11999994456,55.007983572445,19.32));
#2684 = LINE('',#2685,#2686);
#2685 = CARTESIAN_POINT('',(-99.12000009671,58.005255944163,19.32));
#2686 = VECTOR('',#2687,1.);
#2687 = DIRECTION('',(5.076101540549E-08,-1.,-8.659560122787E-17));
#2688 = ORIENTED_EDGE('',*,*,#2689,.F.);
#2689 = EDGE_CURVE('',#2215,#2682,#2690,.T.);
#2690 = LINE('',#2691,#2692);
#2691 = CARTESIAN_POINT('',(-99.11999994456,55.007983572445,19.32));
#2692 = VECTOR('',#2693,1.);
#2693 = DIRECTION('',(-8.659560562355E-17,-8.659560562355E-17,1.));
#2694 = ORIENTED_EDGE('',*,*,#2223,.T.);
#2695 = ORIENTED_EDGE('',*,*,#2665,.F.);
#2696 = PLANE('',#2697);
#2697 = AXIS2_PLACEMENT_3D('',#2698,#2699,#2700);
#2698 = CARTESIAN_POINT('',(-99.12000009671,58.005255944163,19.32));
#2699 = DIRECTION('',(-1.,-5.076101540549E-08,-8.659561001923E-17));
#2700 = DIRECTION('',(5.076101540549E-08,-1.,-8.659560122787E-17));
#2701 = ADVANCED_FACE('',(#2702),#2721,.F.);
#2702 = FACE_BOUND('',#2703,.F.);
#2703 = EDGE_LOOP('',(#2704,#2705,#2706,#2714));
#2704 = ORIENTED_EDGE('',*,*,#2689,.F.);
#2705 = ORIENTED_EDGE('',*,*,#2214,.T.);
#2706 = ORIENTED_EDGE('',*,*,#2707,.T.);
#2707 = EDGE_CURVE('',#2207,#2708,#2710,.T.);
#2708 = VERTEX_POINT('',#2709);
#2709 = CARTESIAN_POINT('',(-99.12000005543,57.192016539229,19.32));
#2710 = LINE('',#2711,#2712);
#2711 = CARTESIAN_POINT('',(-99.12000005543,57.192016539229,19.32));
#2712 = VECTOR('',#2713,1.);
#2713 = DIRECTION('',(-8.659560562355E-17,-8.659560562355E-17,1.));
#2714 = ORIENTED_EDGE('',*,*,#2715,.T.);
#2715 = EDGE_CURVE('',#2708,#2682,#2716,.T.);
#2716 = CIRCLE('',#2717,1.55);
#2717 = AXIS2_PLACEMENT_3D('',#2718,#2719,#2720);
#2718 = CARTESIAN_POINT('',(-100.22,56.1,19.32));
#2719 = DIRECTION('',(8.659560562355E-17,8.659560562355E-17,-1.));
#2720 = DIRECTION('',(3.445092848398E-16,1.,8.659560562355E-17));
#2721 = CYLINDRICAL_SURFACE('',#2722,1.55);
#2722 = AXIS2_PLACEMENT_3D('',#2723,#2724,#2725);
#2723 = CARTESIAN_POINT('',(-100.22,56.1,19.32));
#2724 = DIRECTION('',(-8.659560562355E-17,-8.659560562355E-17,1.));
#2725 = DIRECTION('',(3.445092848398E-16,1.,8.659560562355E-17));
#2726 = ADVANCED_FACE('',(#2727),#2745,.T.);
#2727 = FACE_BOUND('',#2728,.T.);
#2728 = EDGE_LOOP('',(#2729,#2737,#2743,#2744));
#2729 = ORIENTED_EDGE('',*,*,#2730,.F.);
#2730 = EDGE_CURVE('',#2731,#2708,#2733,.T.);
#2731 = VERTEX_POINT('',#2732);
#2732 = CARTESIAN_POINT('',(-99.12000009671,58.005255944163,19.32));
#2733 = LINE('',#2734,#2735);
#2734 = CARTESIAN_POINT('',(-99.12000009671,58.005255944163,19.32));
#2735 = VECTOR('',#2736,1.);
#2736 = DIRECTION('',(5.076101540549E-08,-1.,-8.659560122787E-17));
#2737 = ORIENTED_EDGE('',*,*,#2738,.T.);
#2738 = EDGE_CURVE('',#2731,#2199,#2739,.T.);
#2739 = LINE('',#2740,#2741);
#2740 = CARTESIAN_POINT('',(-99.12000009671,58.005255944163,19.32));
#2741 = VECTOR('',#2742,1.);
#2742 = DIRECTION('',(8.659560562355E-17,8.659560562355E-17,-1.));
#2743 = ORIENTED_EDGE('',*,*,#2206,.T.);
#2744 = ORIENTED_EDGE('',*,*,#2707,.T.);
#2745 = PLANE('',#2746);
#2746 = AXIS2_PLACEMENT_3D('',#2747,#2748,#2749);
#2747 = CARTESIAN_POINT('',(-99.12000009671,58.005255944163,19.32));
#2748 = DIRECTION('',(-1.,-5.076101540549E-08,-8.659561001923E-17));
#2749 = DIRECTION('',(5.076101540549E-08,-1.,-8.659560122787E-17));
#2750 = ADVANCED_FACE('',(#2751),#2769,.T.);
#2751 = FACE_BOUND('',#2752,.T.);
#2752 = EDGE_LOOP('',(#2753,#2761,#2767,#2768));
#2753 = ORIENTED_EDGE('',*,*,#2754,.F.);
#2754 = EDGE_CURVE('',#2755,#2731,#2757,.T.);
#2755 = VERTEX_POINT('',#2756);
#2756 = CARTESIAN_POINT('',(-99.8242860601,57.598636205946,19.32));
#2757 = LINE('',#2758,#2759);
#2758 = CARTESIAN_POINT('',(-102.42,56.099999888326,19.32));
#2759 = VECTOR('',#2760,1.);
#2760 = DIRECTION('',(0.866025378404,0.50000004396,1.182917987468E-16));
#2761 = ORIENTED_EDGE('',*,*,#2762,.F.);
#2762 = EDGE_CURVE('',#2190,#2755,#2763,.T.);
#2763 = LINE('',#2764,#2765);
#2764 = CARTESIAN_POINT('',(-99.8242860601,57.598636205946,19.32));
#2765 = VECTOR('',#2766,1.);
#2766 = DIRECTION('',(-8.659560562355E-17,-8.659560562355E-17,1.));
#2767 = ORIENTED_EDGE('',*,*,#2198,.T.);
#2768 = ORIENTED_EDGE('',*,*,#2738,.F.);
#2769 = PLANE('',#2770);
#2770 = AXIS2_PLACEMENT_3D('',#2771,#2772,#2773);
#2771 = CARTESIAN_POINT('',(-102.42,56.099999888326,19.32));
#2772 = DIRECTION('',(0.50000004396,-0.866025378404,-3.169618550974E-17)
  );
#2773 = DIRECTION('',(0.866025378404,0.50000004396,1.182917987468E-16));
#2774 = ADVANCED_FACE('',(#2775),#2803,.F.);
#2775 = FACE_BOUND('',#2776,.F.);
#2776 = EDGE_LOOP('',(#2777,#2785,#2794,#2801,#2802));
#2777 = ORIENTED_EDGE('',*,*,#2778,.T.);
#2778 = EDGE_CURVE('',#2182,#2779,#2781,.T.);
#2779 = VERTEX_POINT('',#2780);
#2780 = CARTESIAN_POINT('',(-101.7157140366,56.506619626543,19.32));
#2781 = LINE('',#2782,#2783);
#2782 = CARTESIAN_POINT('',(-101.7157140366,56.506619626543,19.32));
#2783 = VECTOR('',#2784,1.);
#2784 = DIRECTION('',(-8.659560562355E-17,-8.659560562355E-17,1.));
#2785 = ORIENTED_EDGE('',*,*,#2786,.T.);
#2786 = EDGE_CURVE('',#2779,#2787,#2789,.T.);
#2787 = VERTEX_POINT('',#2788);
#2788 = CARTESIAN_POINT('',(-100.22,57.65,19.32));
#2789 = CIRCLE('',#2790,1.55);
#2790 = AXIS2_PLACEMENT_3D('',#2791,#2792,#2793);
#2791 = CARTESIAN_POINT('',(-100.22,56.1,19.32));
#2792 = DIRECTION('',(8.659560562355E-17,8.659560562355E-17,-1.));
#2793 = DIRECTION('',(3.445092848398E-16,1.,8.659560562355E-17));
#2794 = ORIENTED_EDGE('',*,*,#2795,.T.);
#2795 = EDGE_CURVE('',#2787,#2755,#2796,.T.);
#2796 = CIRCLE('',#2797,1.55);
#2797 = AXIS2_PLACEMENT_3D('',#2798,#2799,#2800);
#2798 = CARTESIAN_POINT('',(-100.22,56.1,19.32));
#2799 = DIRECTION('',(8.659560562355E-17,8.659560562355E-17,-1.));
#2800 = DIRECTION('',(3.445092848398E-16,1.,8.659560562355E-17));
#2801 = ORIENTED_EDGE('',*,*,#2762,.F.);
#2802 = ORIENTED_EDGE('',*,*,#2189,.T.);
#2803 = CYLINDRICAL_SURFACE('',#2804,1.55);
#2804 = AXIS2_PLACEMENT_3D('',#2805,#2806,#2807);
#2805 = CARTESIAN_POINT('',(-100.22,56.1,19.32));
#2806 = DIRECTION('',(-8.659560562355E-17,-8.659560562355E-17,1.));
#2807 = DIRECTION('',(3.445092848398E-16,1.,8.659560562355E-17));
#2808 = ADVANCED_FACE('',(#2809),#2820,.T.);
#2809 = FACE_BOUND('',#2810,.T.);
#2810 = EDGE_LOOP('',(#2811,#2817,#2818,#2819));
#2811 = ORIENTED_EDGE('',*,*,#2812,.F.);
#2812 = EDGE_CURVE('',#2604,#2779,#2813,.T.);
#2813 = LINE('',#2814,#2815);
#2814 = CARTESIAN_POINT('',(-102.42,56.099999888326,19.32));
#2815 = VECTOR('',#2816,1.);
#2816 = DIRECTION('',(0.866025378404,0.50000004396,1.182917987468E-16));
#2817 = ORIENTED_EDGE('',*,*,#2618,.T.);
#2818 = ORIENTED_EDGE('',*,*,#2181,.T.);
#2819 = ORIENTED_EDGE('',*,*,#2778,.T.);
#2820 = PLANE('',#2821);
#2821 = AXIS2_PLACEMENT_3D('',#2822,#2823,#2824);
#2822 = CARTESIAN_POINT('',(-102.42,56.099999888326,19.32));
#2823 = DIRECTION('',(0.50000004396,-0.866025378404,-3.169618550974E-17)
  );
#2824 = DIRECTION('',(0.866025378404,0.50000004396,1.182917987468E-16));
#2825 = ADVANCED_FACE('',(#2826),#2851,.T.);
#2826 = FACE_BOUND('',#2827,.T.);
#2827 = EDGE_LOOP('',(#2828,#2838,#2844,#2845));
#2828 = ORIENTED_EDGE('',*,*,#2829,.F.);
#2829 = EDGE_CURVE('',#2830,#2832,#2834,.T.);
#2830 = VERTEX_POINT('',#2831);
#2831 = CARTESIAN_POINT('',(-101.7157139953,87.443380221609,19.32));
#2832 = VERTEX_POINT('',#2833);
#2833 = CARTESIAN_POINT('',(-102.42,87.849999888326,19.32));
#2834 = LINE('',#2835,#2836);
#2835 = CARTESIAN_POINT('',(-99.11999990328,85.944744167511,19.32));
#2836 = VECTOR('',#2837,1.);
#2837 = DIRECTION('',(-0.866025429165,0.49999995604,-3.16961975189E-17)
  );
#2838 = ORIENTED_EDGE('',*,*,#2839,.F.);
#2839 = EDGE_CURVE('',#2258,#2830,#2840,.T.);
#2840 = LINE('',#2841,#2842);
#2841 = CARTESIAN_POINT('',(-101.7157139953,87.443380221609,19.32));
#2842 = VECTOR('',#2843,1.);
#2843 = DIRECTION('',(-8.659560562355E-17,-8.659560562355E-17,1.));
#2844 = ORIENTED_EDGE('',*,*,#2257,.T.);
#2845 = ORIENTED_EDGE('',*,*,#2846,.F.);
#2846 = EDGE_CURVE('',#2832,#2260,#2847,.T.);
#2847 = LINE('',#2848,#2849);
#2848 = CARTESIAN_POINT('',(-102.42,87.849999888326,19.32));
#2849 = VECTOR('',#2850,1.);
#2850 = DIRECTION('',(8.659560562355E-17,8.659560562355E-17,-1.));
#2851 = PLANE('',#2852);
#2852 = AXIS2_PLACEMENT_3D('',#2853,#2854,#2855);
#2853 = CARTESIAN_POINT('',(-99.11999990328,85.944744167511,19.32));
#2854 = DIRECTION('',(0.49999995604,0.866025429165,1.182917955289E-16));
#2855 = DIRECTION('',(-0.866025429165,0.49999995604,-3.16961975189E-17)
  );
#2856 = ADVANCED_FACE('',(#2857),#2876,.F.);
#2857 = FACE_BOUND('',#2858,.F.);
#2858 = EDGE_LOOP('',(#2859,#2860,#2868,#2875));
#2859 = ORIENTED_EDGE('',*,*,#2325,.T.);
#2860 = ORIENTED_EDGE('',*,*,#2861,.T.);
#2861 = EDGE_CURVE('',#2318,#2862,#2864,.T.);
#2862 = VERTEX_POINT('',#2863);
#2863 = CARTESIAN_POINT('',(-99.82428590795,86.351363834228,19.32));
#2864 = LINE('',#2865,#2866);
#2865 = CARTESIAN_POINT('',(-99.82428590795,86.351363834228,19.32));
#2866 = VECTOR('',#2867,1.);
#2867 = DIRECTION('',(-8.659560562355E-17,-8.659560562355E-17,1.));
#2868 = ORIENTED_EDGE('',*,*,#2869,.T.);
#2869 = EDGE_CURVE('',#2862,#2830,#2870,.T.);
#2870 = CIRCLE('',#2871,1.55);
#2871 = AXIS2_PLACEMENT_3D('',#2872,#2873,#2874);
#2872 = CARTESIAN_POINT('',(-100.22,87.85,19.32));
#2873 = DIRECTION('',(8.659560562355E-17,8.659560562355E-17,-1.));
#2874 = DIRECTION('',(3.445092848398E-16,1.,8.659560562355E-17));
#2875 = ORIENTED_EDGE('',*,*,#2839,.F.);
#2876 = CYLINDRICAL_SURFACE('',#2877,1.55);
#2877 = AXIS2_PLACEMENT_3D('',#2878,#2879,#2880);
#2878 = CARTESIAN_POINT('',(-100.22,87.85,19.32));
#2879 = DIRECTION('',(-8.659560562355E-17,-8.659560562355E-17,1.));
#2880 = DIRECTION('',(3.445092848398E-16,1.,8.659560562355E-17));
#2881 = ADVANCED_FACE('',(#2882),#2900,.T.);
#2882 = FACE_BOUND('',#2883,.T.);
#2883 = EDGE_LOOP('',(#2884,#2892,#2898,#2899));
#2884 = ORIENTED_EDGE('',*,*,#2885,.F.);
#2885 = EDGE_CURVE('',#2886,#2862,#2888,.T.);
#2886 = VERTEX_POINT('',#2887);
#2887 = CARTESIAN_POINT('',(-99.11999990328,85.944744167511,19.32));
#2888 = LINE('',#2889,#2890);
#2889 = CARTESIAN_POINT('',(-99.11999990328,85.944744167511,19.32));
#2890 = VECTOR('',#2891,1.);
#2891 = DIRECTION('',(-0.866025429165,0.49999995604,-3.16961975189E-17)
  );
#2892 = ORIENTED_EDGE('',*,*,#2893,.T.);
#2893 = EDGE_CURVE('',#2886,#2310,#2894,.T.);
#2894 = LINE('',#2895,#2896);
#2895 = CARTESIAN_POINT('',(-99.11999990328,85.944744167511,19.32));
#2896 = VECTOR('',#2897,1.);
#2897 = DIRECTION('',(8.659560562355E-17,8.659560562355E-17,-1.));
#2898 = ORIENTED_EDGE('',*,*,#2317,.T.);
#2899 = ORIENTED_EDGE('',*,*,#2861,.T.);
#2900 = PLANE('',#2901);
#2901 = AXIS2_PLACEMENT_3D('',#2902,#2903,#2904);
#2902 = CARTESIAN_POINT('',(-99.11999990328,85.944744167511,19.32));
#2903 = DIRECTION('',(0.49999995604,0.866025429165,1.182917955289E-16));
#2904 = DIRECTION('',(-0.866025429165,0.49999995604,-3.16961975189E-17)
  );
#2905 = ADVANCED_FACE('',(#2906),#2924,.T.);
#2906 = FACE_BOUND('',#2907,.T.);
#2907 = EDGE_LOOP('',(#2908,#2916,#2922,#2923));
#2908 = ORIENTED_EDGE('',*,*,#2909,.F.);
#2909 = EDGE_CURVE('',#2910,#2886,#2912,.T.);
#2910 = VERTEX_POINT('',#2911);
#2911 = CARTESIAN_POINT('',(-99.11999994456,86.757983572445,19.32));
#2912 = LINE('',#2913,#2914);
#2913 = CARTESIAN_POINT('',(-99.12000009671,89.755255944163,19.32));
#2914 = VECTOR('',#2915,1.);
#2915 = DIRECTION('',(5.076101540549E-08,-1.,-8.659560122787E-17));
#2916 = ORIENTED_EDGE('',*,*,#2917,.F.);
#2917 = EDGE_CURVE('',#2301,#2910,#2918,.T.);
#2918 = LINE('',#2919,#2920);
#2919 = CARTESIAN_POINT('',(-99.11999994456,86.757983572445,19.32));
#2920 = VECTOR('',#2921,1.);
#2921 = DIRECTION('',(-8.659560562355E-17,-8.659560562355E-17,1.));
#2922 = ORIENTED_EDGE('',*,*,#2309,.T.);
#2923 = ORIENTED_EDGE('',*,*,#2893,.F.);
#2924 = PLANE('',#2925);
#2925 = AXIS2_PLACEMENT_3D('',#2926,#2927,#2928);
#2926 = CARTESIAN_POINT('',(-99.12000009671,89.755255944163,19.32));
#2927 = DIRECTION('',(-1.,-5.076101540549E-08,-8.659561001923E-17));
#2928 = DIRECTION('',(5.076101540549E-08,-1.,-8.659560122787E-17));
#2929 = ADVANCED_FACE('',(#2930),#2949,.F.);
#2930 = FACE_BOUND('',#2931,.F.);
#2931 = EDGE_LOOP('',(#2932,#2933,#2934,#2942));
#2932 = ORIENTED_EDGE('',*,*,#2917,.F.);
#2933 = ORIENTED_EDGE('',*,*,#2300,.T.);
#2934 = ORIENTED_EDGE('',*,*,#2935,.T.);
#2935 = EDGE_CURVE('',#2293,#2936,#2938,.T.);
#2936 = VERTEX_POINT('',#2937);
#2937 = CARTESIAN_POINT('',(-99.12000005543,88.942016539229,19.32));
#2938 = LINE('',#2939,#2940);
#2939 = CARTESIAN_POINT('',(-99.12000005543,88.942016539229,19.32));
#2940 = VECTOR('',#2941,1.);
#2941 = DIRECTION('',(-8.659560562355E-17,-8.659560562355E-17,1.));
#2942 = ORIENTED_EDGE('',*,*,#2943,.T.);
#2943 = EDGE_CURVE('',#2936,#2910,#2944,.T.);
#2944 = CIRCLE('',#2945,1.55);
#2945 = AXIS2_PLACEMENT_3D('',#2946,#2947,#2948);
#2946 = CARTESIAN_POINT('',(-100.22,87.85,19.32));
#2947 = DIRECTION('',(8.659560562355E-17,8.659560562355E-17,-1.));
#2948 = DIRECTION('',(3.445092848398E-16,1.,8.659560562355E-17));
#2949 = CYLINDRICAL_SURFACE('',#2950,1.55);
#2950 = AXIS2_PLACEMENT_3D('',#2951,#2952,#2953);
#2951 = CARTESIAN_POINT('',(-100.22,87.85,19.32));
#2952 = DIRECTION('',(-8.659560562355E-17,-8.659560562355E-17,1.));
#2953 = DIRECTION('',(3.445092848398E-16,1.,8.659560562355E-17));
#2954 = ADVANCED_FACE('',(#2955),#2973,.T.);
#2955 = FACE_BOUND('',#2956,.T.);
#2956 = EDGE_LOOP('',(#2957,#2965,#2971,#2972));
#2957 = ORIENTED_EDGE('',*,*,#2958,.F.);
#2958 = EDGE_CURVE('',#2959,#2936,#2961,.T.);
#2959 = VERTEX_POINT('',#2960);
#2960 = CARTESIAN_POINT('',(-99.12000009671,89.755255944163,19.32));
#2961 = LINE('',#2962,#2963);
#2962 = CARTESIAN_POINT('',(-99.12000009671,89.755255944163,19.32));
#2963 = VECTOR('',#2964,1.);
#2964 = DIRECTION('',(5.076101540549E-08,-1.,-8.659560122787E-17));
#2965 = ORIENTED_EDGE('',*,*,#2966,.T.);
#2966 = EDGE_CURVE('',#2959,#2285,#2967,.T.);
#2967 = LINE('',#2968,#2969);
#2968 = CARTESIAN_POINT('',(-99.12000009671,89.755255944163,19.32));
#2969 = VECTOR('',#2970,1.);
#2970 = DIRECTION('',(8.659560562355E-17,8.659560562355E-17,-1.));
#2971 = ORIENTED_EDGE('',*,*,#2292,.T.);
#2972 = ORIENTED_EDGE('',*,*,#2935,.T.);
#2973 = PLANE('',#2974);
#2974 = AXIS2_PLACEMENT_3D('',#2975,#2976,#2977);
#2975 = CARTESIAN_POINT('',(-99.12000009671,89.755255944163,19.32));
#2976 = DIRECTION('',(-1.,-5.076101540549E-08,-8.659561001923E-17));
#2977 = DIRECTION('',(5.076101540549E-08,-1.,-8.659560122787E-17));
#2978 = ADVANCED_FACE('',(#2979),#2997,.T.);
#2979 = FACE_BOUND('',#2980,.T.);
#2980 = EDGE_LOOP('',(#2981,#2989,#2995,#2996));
#2981 = ORIENTED_EDGE('',*,*,#2982,.F.);
#2982 = EDGE_CURVE('',#2983,#2959,#2985,.T.);
#2983 = VERTEX_POINT('',#2984);
#2984 = CARTESIAN_POINT('',(-99.8242860601,89.348636205946,19.32));
#2985 = LINE('',#2986,#2987);
#2986 = CARTESIAN_POINT('',(-102.42,87.849999888326,19.32));
#2987 = VECTOR('',#2988,1.);
#2988 = DIRECTION('',(0.866025378404,0.50000004396,1.182917987468E-16));
#2989 = ORIENTED_EDGE('',*,*,#2990,.F.);
#2990 = EDGE_CURVE('',#2276,#2983,#2991,.T.);
#2991 = LINE('',#2992,#2993);
#2992 = CARTESIAN_POINT('',(-99.8242860601,89.348636205946,19.32));
#2993 = VECTOR('',#2994,1.);
#2994 = DIRECTION('',(-8.659560562355E-17,-8.659560562355E-17,1.));
#2995 = ORIENTED_EDGE('',*,*,#2284,.T.);
#2996 = ORIENTED_EDGE('',*,*,#2966,.F.);
#2997 = PLANE('',#2998);
#2998 = AXIS2_PLACEMENT_3D('',#2999,#3000,#3001);
#2999 = CARTESIAN_POINT('',(-102.42,87.849999888326,19.32));
#3000 = DIRECTION('',(0.50000004396,-0.866025378404,-3.169618550974E-17)
  );
#3001 = DIRECTION('',(0.866025378404,0.50000004396,1.182917987468E-16));
#3002 = ADVANCED_FACE('',(#3003),#3031,.F.);
#3003 = FACE_BOUND('',#3004,.F.);
#3004 = EDGE_LOOP('',(#3005,#3013,#3022,#3029,#3030));
#3005 = ORIENTED_EDGE('',*,*,#3006,.T.);
#3006 = EDGE_CURVE('',#2268,#3007,#3009,.T.);
#3007 = VERTEX_POINT('',#3008);
#3008 = CARTESIAN_POINT('',(-101.7157140366,88.256619626543,19.32));
#3009 = LINE('',#3010,#3011);
#3010 = CARTESIAN_POINT('',(-101.7157140366,88.256619626543,19.32));
#3011 = VECTOR('',#3012,1.);
#3012 = DIRECTION('',(-8.659560562355E-17,-8.659560562355E-17,1.));
#3013 = ORIENTED_EDGE('',*,*,#3014,.T.);
#3014 = EDGE_CURVE('',#3007,#3015,#3017,.T.);
#3015 = VERTEX_POINT('',#3016);
#3016 = CARTESIAN_POINT('',(-100.22,89.4,19.32));
#3017 = CIRCLE('',#3018,1.55);
#3018 = AXIS2_PLACEMENT_3D('',#3019,#3020,#3021);
#3019 = CARTESIAN_POINT('',(-100.22,87.85,19.32));
#3020 = DIRECTION('',(8.659560562355E-17,8.659560562355E-17,-1.));
#3021 = DIRECTION('',(3.445092848398E-16,1.,8.659560562355E-17));
#3022 = ORIENTED_EDGE('',*,*,#3023,.T.);
#3023 = EDGE_CURVE('',#3015,#2983,#3024,.T.);
#3024 = CIRCLE('',#3025,1.55);
#3025 = AXIS2_PLACEMENT_3D('',#3026,#3027,#3028);
#3026 = CARTESIAN_POINT('',(-100.22,87.85,19.32));
#3027 = DIRECTION('',(8.659560562355E-17,8.659560562355E-17,-1.));
#3028 = DIRECTION('',(3.445092848398E-16,1.,8.659560562355E-17));
#3029 = ORIENTED_EDGE('',*,*,#2990,.F.);
#3030 = ORIENTED_EDGE('',*,*,#2275,.T.);
#3031 = CYLINDRICAL_SURFACE('',#3032,1.55);
#3032 = AXIS2_PLACEMENT_3D('',#3033,#3034,#3035);
#3033 = CARTESIAN_POINT('',(-100.22,87.85,19.32));
#3034 = DIRECTION('',(-8.659560562355E-17,-8.659560562355E-17,1.));
#3035 = DIRECTION('',(3.445092848398E-16,1.,8.659560562355E-17));
#3036 = ADVANCED_FACE('',(#3037),#3048,.T.);
#3037 = FACE_BOUND('',#3038,.T.);
#3038 = EDGE_LOOP('',(#3039,#3045,#3046,#3047));
#3039 = ORIENTED_EDGE('',*,*,#3040,.F.);
#3040 = EDGE_CURVE('',#2832,#3007,#3041,.T.);
#3041 = LINE('',#3042,#3043);
#3042 = CARTESIAN_POINT('',(-102.42,87.849999888326,19.32));
#3043 = VECTOR('',#3044,1.);
#3044 = DIRECTION('',(0.866025378404,0.50000004396,1.182917987468E-16));
#3045 = ORIENTED_EDGE('',*,*,#2846,.T.);
#3046 = ORIENTED_EDGE('',*,*,#2267,.T.);
#3047 = ORIENTED_EDGE('',*,*,#3006,.T.);
#3048 = PLANE('',#3049);
#3049 = AXIS2_PLACEMENT_3D('',#3050,#3051,#3052);
#3050 = CARTESIAN_POINT('',(-102.42,87.849999888326,19.32));
#3051 = DIRECTION('',(0.50000004396,-0.866025378404,-3.169618550974E-17)
  );
#3052 = DIRECTION('',(0.866025378404,0.50000004396,1.182917987468E-16));
#3053 = ADVANCED_FACE('',(#3054),#3079,.T.);
#3054 = FACE_BOUND('',#3055,.T.);
#3055 = EDGE_LOOP('',(#3056,#3066,#3072,#3073));
#3056 = ORIENTED_EDGE('',*,*,#3057,.F.);
#3057 = EDGE_CURVE('',#3058,#3060,#3062,.T.);
#3058 = VERTEX_POINT('',#3059);
#3059 = CARTESIAN_POINT('',(-19.91571399532,87.443380221609,19.32));
#3060 = VERTEX_POINT('',#3061);
#3061 = CARTESIAN_POINT('',(-20.62,87.849999888326,19.32));
#3062 = LINE('',#3063,#3064);
#3063 = CARTESIAN_POINT('',(-17.31999990328,85.944744167511,19.32));
#3064 = VECTOR('',#3065,1.);
#3065 = DIRECTION('',(-0.866025429165,0.49999995604,-3.16961975189E-17)
  );
#3066 = ORIENTED_EDGE('',*,*,#3067,.F.);
#3067 = EDGE_CURVE('',#2344,#3058,#3068,.T.);
#3068 = LINE('',#3069,#3070);
#3069 = CARTESIAN_POINT('',(-19.91571399532,87.443380221609,19.32));
#3070 = VECTOR('',#3071,1.);
#3071 = DIRECTION('',(-8.659560562355E-17,-8.659560562355E-17,1.));
#3072 = ORIENTED_EDGE('',*,*,#2343,.T.);
#3073 = ORIENTED_EDGE('',*,*,#3074,.F.);
#3074 = EDGE_CURVE('',#3060,#2346,#3075,.T.);
#3075 = LINE('',#3076,#3077);
#3076 = CARTESIAN_POINT('',(-20.62,87.849999888326,19.32));
#3077 = VECTOR('',#3078,1.);
#3078 = DIRECTION('',(8.659560562355E-17,8.659560562355E-17,-1.));
#3079 = PLANE('',#3080);
#3080 = AXIS2_PLACEMENT_3D('',#3081,#3082,#3083);
#3081 = CARTESIAN_POINT('',(-17.31999990328,85.944744167511,19.32));
#3082 = DIRECTION('',(0.49999995604,0.866025429165,1.182917955289E-16));
#3083 = DIRECTION('',(-0.866025429165,0.49999995604,-3.16961975189E-17)
  );
#3084 = ADVANCED_FACE('',(#3085),#3104,.F.);
#3085 = FACE_BOUND('',#3086,.F.);
#3086 = EDGE_LOOP('',(#3087,#3088,#3096,#3103));
#3087 = ORIENTED_EDGE('',*,*,#2411,.T.);
#3088 = ORIENTED_EDGE('',*,*,#3089,.T.);
#3089 = EDGE_CURVE('',#2404,#3090,#3092,.T.);
#3090 = VERTEX_POINT('',#3091);
#3091 = CARTESIAN_POINT('',(-18.02428590795,86.351363834228,19.32));
#3092 = LINE('',#3093,#3094);
#3093 = CARTESIAN_POINT('',(-18.02428590795,86.351363834228,19.32));
#3094 = VECTOR('',#3095,1.);
#3095 = DIRECTION('',(-8.659560562355E-17,-8.659560562355E-17,1.));
#3096 = ORIENTED_EDGE('',*,*,#3097,.T.);
#3097 = EDGE_CURVE('',#3090,#3058,#3098,.T.);
#3098 = CIRCLE('',#3099,1.55);
#3099 = AXIS2_PLACEMENT_3D('',#3100,#3101,#3102);
#3100 = CARTESIAN_POINT('',(-18.42,87.85,19.32));
#3101 = DIRECTION('',(8.659560562355E-17,8.659560562355E-17,-1.));
#3102 = DIRECTION('',(3.445092848398E-16,1.,8.659560562355E-17));
#3103 = ORIENTED_EDGE('',*,*,#3067,.F.);
#3104 = CYLINDRICAL_SURFACE('',#3105,1.55);
#3105 = AXIS2_PLACEMENT_3D('',#3106,#3107,#3108);
#3106 = CARTESIAN_POINT('',(-18.42,87.85,19.32));
#3107 = DIRECTION('',(-8.659560562355E-17,-8.659560562355E-17,1.));
#3108 = DIRECTION('',(3.445092848398E-16,1.,8.659560562355E-17));
#3109 = ADVANCED_FACE('',(#3110),#3128,.T.);
#3110 = FACE_BOUND('',#3111,.T.);
#3111 = EDGE_LOOP('',(#3112,#3120,#3126,#3127));
#3112 = ORIENTED_EDGE('',*,*,#3113,.F.);
#3113 = EDGE_CURVE('',#3114,#3090,#3116,.T.);
#3114 = VERTEX_POINT('',#3115);
#3115 = CARTESIAN_POINT('',(-17.31999990328,85.944744167511,19.32));
#3116 = LINE('',#3117,#3118);
#3117 = CARTESIAN_POINT('',(-17.31999990328,85.944744167511,19.32));
#3118 = VECTOR('',#3119,1.);
#3119 = DIRECTION('',(-0.866025429165,0.49999995604,-3.16961975189E-17)
  );
#3120 = ORIENTED_EDGE('',*,*,#3121,.T.);
#3121 = EDGE_CURVE('',#3114,#2396,#3122,.T.);
#3122 = LINE('',#3123,#3124);
#3123 = CARTESIAN_POINT('',(-17.31999990328,85.944744167511,19.32));
#3124 = VECTOR('',#3125,1.);
#3125 = DIRECTION('',(8.659560562355E-17,8.659560562355E-17,-1.));
#3126 = ORIENTED_EDGE('',*,*,#2403,.T.);
#3127 = ORIENTED_EDGE('',*,*,#3089,.T.);
#3128 = PLANE('',#3129);
#3129 = AXIS2_PLACEMENT_3D('',#3130,#3131,#3132);
#3130 = CARTESIAN_POINT('',(-17.31999990328,85.944744167511,19.32));
#3131 = DIRECTION('',(0.49999995604,0.866025429165,1.182917955289E-16));
#3132 = DIRECTION('',(-0.866025429165,0.49999995604,-3.16961975189E-17)
  );
#3133 = ADVANCED_FACE('',(#3134),#3152,.T.);
#3134 = FACE_BOUND('',#3135,.T.);
#3135 = EDGE_LOOP('',(#3136,#3144,#3150,#3151));
#3136 = ORIENTED_EDGE('',*,*,#3137,.F.);
#3137 = EDGE_CURVE('',#3138,#3114,#3140,.T.);
#3138 = VERTEX_POINT('',#3139);
#3139 = CARTESIAN_POINT('',(-17.31999994456,86.757983572445,19.32));
#3140 = LINE('',#3141,#3142);
#3141 = CARTESIAN_POINT('',(-17.32000009671,89.755255944163,19.32));
#3142 = VECTOR('',#3143,1.);
#3143 = DIRECTION('',(5.076101540549E-08,-1.,-8.659560122787E-17));
#3144 = ORIENTED_EDGE('',*,*,#3145,.F.);
#3145 = EDGE_CURVE('',#2387,#3138,#3146,.T.);
#3146 = LINE('',#3147,#3148);
#3147 = CARTESIAN_POINT('',(-17.31999994456,86.757983572445,19.32));
#3148 = VECTOR('',#3149,1.);
#3149 = DIRECTION('',(-8.659560562355E-17,-8.659560562355E-17,1.));
#3150 = ORIENTED_EDGE('',*,*,#2395,.T.);
#3151 = ORIENTED_EDGE('',*,*,#3121,.F.);
#3152 = PLANE('',#3153);
#3153 = AXIS2_PLACEMENT_3D('',#3154,#3155,#3156);
#3154 = CARTESIAN_POINT('',(-17.32000009671,89.755255944163,19.32));
#3155 = DIRECTION('',(-1.,-5.076101540549E-08,-8.659561001923E-17));
#3156 = DIRECTION('',(5.076101540549E-08,-1.,-8.659560122787E-17));
#3157 = ADVANCED_FACE('',(#3158),#3177,.F.);
#3158 = FACE_BOUND('',#3159,.F.);
#3159 = EDGE_LOOP('',(#3160,#3161,#3162,#3170));
#3160 = ORIENTED_EDGE('',*,*,#3145,.F.);
#3161 = ORIENTED_EDGE('',*,*,#2386,.T.);
#3162 = ORIENTED_EDGE('',*,*,#3163,.T.);
#3163 = EDGE_CURVE('',#2379,#3164,#3166,.T.);
#3164 = VERTEX_POINT('',#3165);
#3165 = CARTESIAN_POINT('',(-17.32000005543,88.942016539229,19.32));
#3166 = LINE('',#3167,#3168);
#3167 = CARTESIAN_POINT('',(-17.32000005543,88.942016539229,19.32));
#3168 = VECTOR('',#3169,1.);
#3169 = DIRECTION('',(-8.659560562355E-17,-8.659560562355E-17,1.));
#3170 = ORIENTED_EDGE('',*,*,#3171,.T.);
#3171 = EDGE_CURVE('',#3164,#3138,#3172,.T.);
#3172 = CIRCLE('',#3173,1.55);
#3173 = AXIS2_PLACEMENT_3D('',#3174,#3175,#3176);
#3174 = CARTESIAN_POINT('',(-18.42,87.85,19.32));
#3175 = DIRECTION('',(8.659560562355E-17,8.659560562355E-17,-1.));
#3176 = DIRECTION('',(3.445092848398E-16,1.,8.659560562355E-17));
#3177 = CYLINDRICAL_SURFACE('',#3178,1.55);
#3178 = AXIS2_PLACEMENT_3D('',#3179,#3180,#3181);
#3179 = CARTESIAN_POINT('',(-18.42,87.85,19.32));
#3180 = DIRECTION('',(-8.659560562355E-17,-8.659560562355E-17,1.));
#3181 = DIRECTION('',(3.445092848398E-16,1.,8.659560562355E-17));
#3182 = ADVANCED_FACE('',(#3183),#3201,.T.);
#3183 = FACE_BOUND('',#3184,.T.);
#3184 = EDGE_LOOP('',(#3185,#3193,#3199,#3200));
#3185 = ORIENTED_EDGE('',*,*,#3186,.F.);
#3186 = EDGE_CURVE('',#3187,#3164,#3189,.T.);
#3187 = VERTEX_POINT('',#3188);
#3188 = CARTESIAN_POINT('',(-17.32000009671,89.755255944163,19.32));
#3189 = LINE('',#3190,#3191);
#3190 = CARTESIAN_POINT('',(-17.32000009671,89.755255944163,19.32));
#3191 = VECTOR('',#3192,1.);
#3192 = DIRECTION('',(5.076101540549E-08,-1.,-8.659560122787E-17));
#3193 = ORIENTED_EDGE('',*,*,#3194,.T.);
#3194 = EDGE_CURVE('',#3187,#2371,#3195,.T.);
#3195 = LINE('',#3196,#3197);
#3196 = CARTESIAN_POINT('',(-17.32000009671,89.755255944163,19.32));
#3197 = VECTOR('',#3198,1.);
#3198 = DIRECTION('',(8.659560562355E-17,8.659560562355E-17,-1.));
#3199 = ORIENTED_EDGE('',*,*,#2378,.T.);
#3200 = ORIENTED_EDGE('',*,*,#3163,.T.);
#3201 = PLANE('',#3202);
#3202 = AXIS2_PLACEMENT_3D('',#3203,#3204,#3205);
#3203 = CARTESIAN_POINT('',(-17.32000009671,89.755255944163,19.32));
#3204 = DIRECTION('',(-1.,-5.076101540549E-08,-8.659561001923E-17));
#3205 = DIRECTION('',(5.076101540549E-08,-1.,-8.659560122787E-17));
#3206 = ADVANCED_FACE('',(#3207),#3225,.T.);
#3207 = FACE_BOUND('',#3208,.T.);
#3208 = EDGE_LOOP('',(#3209,#3217,#3223,#3224));
#3209 = ORIENTED_EDGE('',*,*,#3210,.F.);
#3210 = EDGE_CURVE('',#3211,#3187,#3213,.T.);
#3211 = VERTEX_POINT('',#3212);
#3212 = CARTESIAN_POINT('',(-18.0242860601,89.348636205946,19.32));
#3213 = LINE('',#3214,#3215);
#3214 = CARTESIAN_POINT('',(-20.62,87.849999888326,19.32));
#3215 = VECTOR('',#3216,1.);
#3216 = DIRECTION('',(0.866025378404,0.50000004396,1.182917987468E-16));
#3217 = ORIENTED_EDGE('',*,*,#3218,.F.);
#3218 = EDGE_CURVE('',#2362,#3211,#3219,.T.);
#3219 = LINE('',#3220,#3221);
#3220 = CARTESIAN_POINT('',(-18.0242860601,89.348636205946,19.32));
#3221 = VECTOR('',#3222,1.);
#3222 = DIRECTION('',(-8.659560562355E-17,-8.659560562355E-17,1.));
#3223 = ORIENTED_EDGE('',*,*,#2370,.T.);
#3224 = ORIENTED_EDGE('',*,*,#3194,.F.);
#3225 = PLANE('',#3226);
#3226 = AXIS2_PLACEMENT_3D('',#3227,#3228,#3229);
#3227 = CARTESIAN_POINT('',(-20.62,87.849999888326,19.32));
#3228 = DIRECTION('',(0.50000004396,-0.866025378404,-3.169618550974E-17)
  );
#3229 = DIRECTION('',(0.866025378404,0.50000004396,1.182917987468E-16));
#3230 = ADVANCED_FACE('',(#3231),#3259,.F.);
#3231 = FACE_BOUND('',#3232,.F.);
#3232 = EDGE_LOOP('',(#3233,#3241,#3250,#3257,#3258));
#3233 = ORIENTED_EDGE('',*,*,#3234,.T.);
#3234 = EDGE_CURVE('',#2354,#3235,#3237,.T.);
#3235 = VERTEX_POINT('',#3236);
#3236 = CARTESIAN_POINT('',(-19.9157140366,88.256619626543,19.32));
#3237 = LINE('',#3238,#3239);
#3238 = CARTESIAN_POINT('',(-19.9157140366,88.256619626543,19.32));
#3239 = VECTOR('',#3240,1.);
#3240 = DIRECTION('',(-8.659560562355E-17,-8.659560562355E-17,1.));
#3241 = ORIENTED_EDGE('',*,*,#3242,.T.);
#3242 = EDGE_CURVE('',#3235,#3243,#3245,.T.);
#3243 = VERTEX_POINT('',#3244);
#3244 = CARTESIAN_POINT('',(-18.42,89.4,19.32));
#3245 = CIRCLE('',#3246,1.55);
#3246 = AXIS2_PLACEMENT_3D('',#3247,#3248,#3249);
#3247 = CARTESIAN_POINT('',(-18.42,87.85,19.32));
#3248 = DIRECTION('',(8.659560562355E-17,8.659560562355E-17,-1.));
#3249 = DIRECTION('',(3.445092848398E-16,1.,8.659560562355E-17));
#3250 = ORIENTED_EDGE('',*,*,#3251,.T.);
#3251 = EDGE_CURVE('',#3243,#3211,#3252,.T.);
#3252 = CIRCLE('',#3253,1.55);
#3253 = AXIS2_PLACEMENT_3D('',#3254,#3255,#3256);
#3254 = CARTESIAN_POINT('',(-18.42,87.85,19.32));
#3255 = DIRECTION('',(8.659560562355E-17,8.659560562355E-17,-1.));
#3256 = DIRECTION('',(3.445092848398E-16,1.,8.659560562355E-17));
#3257 = ORIENTED_EDGE('',*,*,#3218,.F.);
#3258 = ORIENTED_EDGE('',*,*,#2361,.T.);
#3259 = CYLINDRICAL_SURFACE('',#3260,1.55);
#3260 = AXIS2_PLACEMENT_3D('',#3261,#3262,#3263);
#3261 = CARTESIAN_POINT('',(-18.42,87.85,19.32));
#3262 = DIRECTION('',(-8.659560562355E-17,-8.659560562355E-17,1.));
#3263 = DIRECTION('',(3.445092848398E-16,1.,8.659560562355E-17));
#3264 = ADVANCED_FACE('',(#3265),#3276,.T.);
#3265 = FACE_BOUND('',#3266,.T.);
#3266 = EDGE_LOOP('',(#3267,#3273,#3274,#3275));
#3267 = ORIENTED_EDGE('',*,*,#3268,.F.);
#3268 = EDGE_CURVE('',#3060,#3235,#3269,.T.);
#3269 = LINE('',#3270,#3271);
#3270 = CARTESIAN_POINT('',(-20.62,87.849999888326,19.32));
#3271 = VECTOR('',#3272,1.);
#3272 = DIRECTION('',(0.866025378404,0.50000004396,1.182917987468E-16));
#3273 = ORIENTED_EDGE('',*,*,#3074,.T.);
#3274 = ORIENTED_EDGE('',*,*,#2353,.T.);
#3275 = ORIENTED_EDGE('',*,*,#3234,.T.);
#3276 = PLANE('',#3277);
#3277 = AXIS2_PLACEMENT_3D('',#3278,#3279,#3280);
#3278 = CARTESIAN_POINT('',(-20.62,87.849999888326,19.32));
#3279 = DIRECTION('',(0.50000004396,-0.866025378404,-3.169618550974E-17)
  );
#3280 = DIRECTION('',(0.866025378404,0.50000004396,1.182917987468E-16));
#3281 = ADVANCED_FACE('',(#3282),#3307,.T.);
#3282 = FACE_BOUND('',#3283,.T.);
#3283 = EDGE_LOOP('',(#3284,#3294,#3300,#3301));
#3284 = ORIENTED_EDGE('',*,*,#3285,.F.);
#3285 = EDGE_CURVE('',#3286,#3288,#3290,.T.);
#3286 = VERTEX_POINT('',#3287);
#3287 = CARTESIAN_POINT('',(-19.98571399532,55.653380221609,19.32));
#3288 = VERTEX_POINT('',#3289);
#3289 = CARTESIAN_POINT('',(-20.69,56.059999888326,19.32));
#3290 = LINE('',#3291,#3292);
#3291 = CARTESIAN_POINT('',(-17.38999990328,54.154744167511,19.32));
#3292 = VECTOR('',#3293,1.);
#3293 = DIRECTION('',(-0.866025429165,0.49999995604,-3.16961975189E-17)
  );
#3294 = ORIENTED_EDGE('',*,*,#3295,.F.);
#3295 = EDGE_CURVE('',#2430,#3286,#3296,.T.);
#3296 = LINE('',#3297,#3298);
#3297 = CARTESIAN_POINT('',(-19.98571399532,55.653380221609,19.32));
#3298 = VECTOR('',#3299,1.);
#3299 = DIRECTION('',(-8.659560562355E-17,-8.659560562355E-17,1.));
#3300 = ORIENTED_EDGE('',*,*,#2429,.T.);
#3301 = ORIENTED_EDGE('',*,*,#3302,.F.);
#3302 = EDGE_CURVE('',#3288,#2432,#3303,.T.);
#3303 = LINE('',#3304,#3305);
#3304 = CARTESIAN_POINT('',(-20.69,56.059999888326,19.32));
#3305 = VECTOR('',#3306,1.);
#3306 = DIRECTION('',(8.659560562355E-17,8.659560562355E-17,-1.));
#3307 = PLANE('',#3308);
#3308 = AXIS2_PLACEMENT_3D('',#3309,#3310,#3311);
#3309 = CARTESIAN_POINT('',(-17.38999990328,54.154744167511,19.32));
#3310 = DIRECTION('',(0.49999995604,0.866025429165,1.182917955289E-16));
#3311 = DIRECTION('',(-0.866025429165,0.49999995604,-3.16961975189E-17)
  );
#3312 = ADVANCED_FACE('',(#3313),#3332,.F.);
#3313 = FACE_BOUND('',#3314,.F.);
#3314 = EDGE_LOOP('',(#3315,#3316,#3324,#3331));
#3315 = ORIENTED_EDGE('',*,*,#2497,.T.);
#3316 = ORIENTED_EDGE('',*,*,#3317,.T.);
#3317 = EDGE_CURVE('',#2490,#3318,#3320,.T.);
#3318 = VERTEX_POINT('',#3319);
#3319 = CARTESIAN_POINT('',(-18.09428590795,54.561363834228,19.32));
#3320 = LINE('',#3321,#3322);
#3321 = CARTESIAN_POINT('',(-18.09428590795,54.561363834228,19.32));
#3322 = VECTOR('',#3323,1.);
#3323 = DIRECTION('',(-8.659560562355E-17,-8.659560562355E-17,1.));
#3324 = ORIENTED_EDGE('',*,*,#3325,.T.);
#3325 = EDGE_CURVE('',#3318,#3286,#3326,.T.);
#3326 = CIRCLE('',#3327,1.55);
#3327 = AXIS2_PLACEMENT_3D('',#3328,#3329,#3330);
#3328 = CARTESIAN_POINT('',(-18.49,56.06,19.32));
#3329 = DIRECTION('',(8.659560562355E-17,8.659560562355E-17,-1.));
#3330 = DIRECTION('',(3.445092848398E-16,1.,8.659560562355E-17));
#3331 = ORIENTED_EDGE('',*,*,#3295,.F.);
#3332 = CYLINDRICAL_SURFACE('',#3333,1.55);
#3333 = AXIS2_PLACEMENT_3D('',#3334,#3335,#3336);
#3334 = CARTESIAN_POINT('',(-18.49,56.06,19.32));
#3335 = DIRECTION('',(-8.659560562355E-17,-8.659560562355E-17,1.));
#3336 = DIRECTION('',(3.445092848398E-16,1.,8.659560562355E-17));
#3337 = ADVANCED_FACE('',(#3338),#3356,.T.);
#3338 = FACE_BOUND('',#3339,.T.);
#3339 = EDGE_LOOP('',(#3340,#3348,#3354,#3355));
#3340 = ORIENTED_EDGE('',*,*,#3341,.F.);
#3341 = EDGE_CURVE('',#3342,#3318,#3344,.T.);
#3342 = VERTEX_POINT('',#3343);
#3343 = CARTESIAN_POINT('',(-17.38999990328,54.154744167511,19.32));
#3344 = LINE('',#3345,#3346);
#3345 = CARTESIAN_POINT('',(-17.38999990328,54.154744167511,19.32));
#3346 = VECTOR('',#3347,1.);
#3347 = DIRECTION('',(-0.866025429165,0.49999995604,-3.16961975189E-17)
  );
#3348 = ORIENTED_EDGE('',*,*,#3349,.T.);
#3349 = EDGE_CURVE('',#3342,#2482,#3350,.T.);
#3350 = LINE('',#3351,#3352);
#3351 = CARTESIAN_POINT('',(-17.38999990328,54.154744167511,19.32));
#3352 = VECTOR('',#3353,1.);
#3353 = DIRECTION('',(8.659560562355E-17,8.659560562355E-17,-1.));
#3354 = ORIENTED_EDGE('',*,*,#2489,.T.);
#3355 = ORIENTED_EDGE('',*,*,#3317,.T.);
#3356 = PLANE('',#3357);
#3357 = AXIS2_PLACEMENT_3D('',#3358,#3359,#3360);
#3358 = CARTESIAN_POINT('',(-17.38999990328,54.154744167511,19.32));
#3359 = DIRECTION('',(0.49999995604,0.866025429165,1.182917955289E-16));
#3360 = DIRECTION('',(-0.866025429165,0.49999995604,-3.16961975189E-17)
  );
#3361 = ADVANCED_FACE('',(#3362),#3380,.T.);
#3362 = FACE_BOUND('',#3363,.T.);
#3363 = EDGE_LOOP('',(#3364,#3372,#3378,#3379));
#3364 = ORIENTED_EDGE('',*,*,#3365,.F.);
#3365 = EDGE_CURVE('',#3366,#3342,#3368,.T.);
#3366 = VERTEX_POINT('',#3367);
#3367 = CARTESIAN_POINT('',(-17.38999994456,54.967983572445,19.32));
#3368 = LINE('',#3369,#3370);
#3369 = CARTESIAN_POINT('',(-17.39000009671,57.965255944163,19.32));
#3370 = VECTOR('',#3371,1.);
#3371 = DIRECTION('',(5.076101540549E-08,-1.,-8.659560122787E-17));
#3372 = ORIENTED_EDGE('',*,*,#3373,.F.);
#3373 = EDGE_CURVE('',#2473,#3366,#3374,.T.);
#3374 = LINE('',#3375,#3376);
#3375 = CARTESIAN_POINT('',(-17.38999994456,54.967983572445,19.32));
#3376 = VECTOR('',#3377,1.);
#3377 = DIRECTION('',(-8.659560562355E-17,-8.659560562355E-17,1.));
#3378 = ORIENTED_EDGE('',*,*,#2481,.T.);
#3379 = ORIENTED_EDGE('',*,*,#3349,.F.);
#3380 = PLANE('',#3381);
#3381 = AXIS2_PLACEMENT_3D('',#3382,#3383,#3384);
#3382 = CARTESIAN_POINT('',(-17.39000009671,57.965255944163,19.32));
#3383 = DIRECTION('',(-1.,-5.076101540549E-08,-8.659561001923E-17));
#3384 = DIRECTION('',(5.076101540549E-08,-1.,-8.659560122787E-17));
#3385 = ADVANCED_FACE('',(#3386),#3405,.F.);
#3386 = FACE_BOUND('',#3387,.F.);
#3387 = EDGE_LOOP('',(#3388,#3389,#3390,#3398));
#3388 = ORIENTED_EDGE('',*,*,#3373,.F.);
#3389 = ORIENTED_EDGE('',*,*,#2472,.T.);
#3390 = ORIENTED_EDGE('',*,*,#3391,.T.);
#3391 = EDGE_CURVE('',#2465,#3392,#3394,.T.);
#3392 = VERTEX_POINT('',#3393);
#3393 = CARTESIAN_POINT('',(-17.39000005543,57.152016539229,19.32));
#3394 = LINE('',#3395,#3396);
#3395 = CARTESIAN_POINT('',(-17.39000005543,57.152016539229,19.32));
#3396 = VECTOR('',#3397,1.);
#3397 = DIRECTION('',(-8.659560562355E-17,-8.659560562355E-17,1.));
#3398 = ORIENTED_EDGE('',*,*,#3399,.T.);
#3399 = EDGE_CURVE('',#3392,#3366,#3400,.T.);
#3400 = CIRCLE('',#3401,1.55);
#3401 = AXIS2_PLACEMENT_3D('',#3402,#3403,#3404);
#3402 = CARTESIAN_POINT('',(-18.49,56.06,19.32));
#3403 = DIRECTION('',(8.659560562355E-17,8.659560562355E-17,-1.));
#3404 = DIRECTION('',(3.445092848398E-16,1.,8.659560562355E-17));
#3405 = CYLINDRICAL_SURFACE('',#3406,1.55);
#3406 = AXIS2_PLACEMENT_3D('',#3407,#3408,#3409);
#3407 = CARTESIAN_POINT('',(-18.49,56.06,19.32));
#3408 = DIRECTION('',(-8.659560562355E-17,-8.659560562355E-17,1.));
#3409 = DIRECTION('',(3.445092848398E-16,1.,8.659560562355E-17));
#3410 = ADVANCED_FACE('',(#3411),#3429,.T.);
#3411 = FACE_BOUND('',#3412,.T.);
#3412 = EDGE_LOOP('',(#3413,#3421,#3427,#3428));
#3413 = ORIENTED_EDGE('',*,*,#3414,.F.);
#3414 = EDGE_CURVE('',#3415,#3392,#3417,.T.);
#3415 = VERTEX_POINT('',#3416);
#3416 = CARTESIAN_POINT('',(-17.39000009671,57.965255944163,19.32));
#3417 = LINE('',#3418,#3419);
#3418 = CARTESIAN_POINT('',(-17.39000009671,57.965255944163,19.32));
#3419 = VECTOR('',#3420,1.);
#3420 = DIRECTION('',(5.076101540549E-08,-1.,-8.659560122787E-17));
#3421 = ORIENTED_EDGE('',*,*,#3422,.T.);
#3422 = EDGE_CURVE('',#3415,#2457,#3423,.T.);
#3423 = LINE('',#3424,#3425);
#3424 = CARTESIAN_POINT('',(-17.39000009671,57.965255944163,19.32));
#3425 = VECTOR('',#3426,1.);
#3426 = DIRECTION('',(8.659560562355E-17,8.659560562355E-17,-1.));
#3427 = ORIENTED_EDGE('',*,*,#2464,.T.);
#3428 = ORIENTED_EDGE('',*,*,#3391,.T.);
#3429 = PLANE('',#3430);
#3430 = AXIS2_PLACEMENT_3D('',#3431,#3432,#3433);
#3431 = CARTESIAN_POINT('',(-17.39000009671,57.965255944163,19.32));
#3432 = DIRECTION('',(-1.,-5.076101540549E-08,-8.659561001923E-17));
#3433 = DIRECTION('',(5.076101540549E-08,-1.,-8.659560122787E-17));
#3434 = ADVANCED_FACE('',(#3435),#3453,.T.);
#3435 = FACE_BOUND('',#3436,.T.);
#3436 = EDGE_LOOP('',(#3437,#3445,#3451,#3452));
#3437 = ORIENTED_EDGE('',*,*,#3438,.F.);
#3438 = EDGE_CURVE('',#3439,#3415,#3441,.T.);
#3439 = VERTEX_POINT('',#3440);
#3440 = CARTESIAN_POINT('',(-18.0942860601,57.558636205946,19.32));
#3441 = LINE('',#3442,#3443);
#3442 = CARTESIAN_POINT('',(-20.69,56.059999888326,19.32));
#3443 = VECTOR('',#3444,1.);
#3444 = DIRECTION('',(0.866025378404,0.50000004396,1.182917987468E-16));
#3445 = ORIENTED_EDGE('',*,*,#3446,.F.);
#3446 = EDGE_CURVE('',#2448,#3439,#3447,.T.);
#3447 = LINE('',#3448,#3449);
#3448 = CARTESIAN_POINT('',(-18.0942860601,57.558636205946,19.32));
#3449 = VECTOR('',#3450,1.);
#3450 = DIRECTION('',(-8.659560562355E-17,-8.659560562355E-17,1.));
#3451 = ORIENTED_EDGE('',*,*,#2456,.T.);
#3452 = ORIENTED_EDGE('',*,*,#3422,.F.);
#3453 = PLANE('',#3454);
#3454 = AXIS2_PLACEMENT_3D('',#3455,#3456,#3457);
#3455 = CARTESIAN_POINT('',(-20.69,56.059999888326,19.32));
#3456 = DIRECTION('',(0.50000004396,-0.866025378404,-3.169618550974E-17)
  );
#3457 = DIRECTION('',(0.866025378404,0.50000004396,1.182917987468E-16));
#3458 = ADVANCED_FACE('',(#3459),#3487,.F.);
#3459 = FACE_BOUND('',#3460,.F.);
#3460 = EDGE_LOOP('',(#3461,#3469,#3478,#3485,#3486));
#3461 = ORIENTED_EDGE('',*,*,#3462,.T.);
#3462 = EDGE_CURVE('',#2440,#3463,#3465,.T.);
#3463 = VERTEX_POINT('',#3464);
#3464 = CARTESIAN_POINT('',(-19.9857140366,56.466619626543,19.32));
#3465 = LINE('',#3466,#3467);
#3466 = CARTESIAN_POINT('',(-19.9857140366,56.466619626543,19.32));
#3467 = VECTOR('',#3468,1.);
#3468 = DIRECTION('',(-8.659560562355E-17,-8.659560562355E-17,1.));
#3469 = ORIENTED_EDGE('',*,*,#3470,.T.);
#3470 = EDGE_CURVE('',#3463,#3471,#3473,.T.);
#3471 = VERTEX_POINT('',#3472);
#3472 = CARTESIAN_POINT('',(-18.49,57.61,19.32));
#3473 = CIRCLE('',#3474,1.55);
#3474 = AXIS2_PLACEMENT_3D('',#3475,#3476,#3477);
#3475 = CARTESIAN_POINT('',(-18.49,56.06,19.32));
#3476 = DIRECTION('',(8.659560562355E-17,8.659560562355E-17,-1.));
#3477 = DIRECTION('',(3.445092848398E-16,1.,8.659560562355E-17));
#3478 = ORIENTED_EDGE('',*,*,#3479,.T.);
#3479 = EDGE_CURVE('',#3471,#3439,#3480,.T.);
#3480 = CIRCLE('',#3481,1.55);
#3481 = AXIS2_PLACEMENT_3D('',#3482,#3483,#3484);
#3482 = CARTESIAN_POINT('',(-18.49,56.06,19.32));
#3483 = DIRECTION('',(8.659560562355E-17,8.659560562355E-17,-1.));
#3484 = DIRECTION('',(3.445092848398E-16,1.,8.659560562355E-17));
#3485 = ORIENTED_EDGE('',*,*,#3446,.F.);
#3486 = ORIENTED_EDGE('',*,*,#2447,.T.);
#3487 = CYLINDRICAL_SURFACE('',#3488,1.55);
#3488 = AXIS2_PLACEMENT_3D('',#3489,#3490,#3491);
#3489 = CARTESIAN_POINT('',(-18.49,56.06,19.32));
#3490 = DIRECTION('',(-8.659560562355E-17,-8.659560562355E-17,1.));
#3491 = DIRECTION('',(3.445092848398E-16,1.,8.659560562355E-17));
#3492 = ADVANCED_FACE('',(#3493),#3504,.T.);
#3493 = FACE_BOUND('',#3494,.T.);
#3494 = EDGE_LOOP('',(#3495,#3501,#3502,#3503));
#3495 = ORIENTED_EDGE('',*,*,#3496,.F.);
#3496 = EDGE_CURVE('',#3288,#3463,#3497,.T.);
#3497 = LINE('',#3498,#3499);
#3498 = CARTESIAN_POINT('',(-20.69,56.059999888326,19.32));
#3499 = VECTOR('',#3500,1.);
#3500 = DIRECTION('',(0.866025378404,0.50000004396,1.182917987468E-16));
#3501 = ORIENTED_EDGE('',*,*,#3302,.T.);
#3502 = ORIENTED_EDGE('',*,*,#2439,.T.);
#3503 = ORIENTED_EDGE('',*,*,#3462,.T.);
#3504 = PLANE('',#3505);
#3505 = AXIS2_PLACEMENT_3D('',#3506,#3507,#3508);
#3506 = CARTESIAN_POINT('',(-20.69,56.059999888326,19.32));
#3507 = DIRECTION('',(0.50000004396,-0.866025378404,-3.169618550974E-17)
  );
#3508 = DIRECTION('',(0.866025378404,0.50000004396,1.182917987468E-16));
#3509 = ADVANCED_FACE('',(#3510),#3522,.F.);
#3510 = FACE_BOUND('',#3511,.F.);
#3511 = EDGE_LOOP('',(#3512,#3513,#3514,#3515,#3516,#3517,#3518,#3519,
    #3520,#3521));
#3512 = ORIENTED_EDGE('',*,*,#2754,.F.);
#3513 = ORIENTED_EDGE('',*,*,#2795,.F.);
#3514 = ORIENTED_EDGE('',*,*,#2786,.F.);
#3515 = ORIENTED_EDGE('',*,*,#2812,.F.);
#3516 = ORIENTED_EDGE('',*,*,#2601,.F.);
#3517 = ORIENTED_EDGE('',*,*,#2641,.F.);
#3518 = ORIENTED_EDGE('',*,*,#2657,.F.);
#3519 = ORIENTED_EDGE('',*,*,#2681,.F.);
#3520 = ORIENTED_EDGE('',*,*,#2715,.F.);
#3521 = ORIENTED_EDGE('',*,*,#2730,.F.);
#3522 = PLANE('',#3523);
#3523 = AXIS2_PLACEMENT_3D('',#3524,#3525,#3526);
#3524 = CARTESIAN_POINT('',(-100.2212783475,56.10362270296,19.32));
#3525 = DIRECTION('',(-8.659560562355E-17,-8.659560562355E-17,1.));
#3526 = DIRECTION('',(-3.445092848398E-16,-1.,-8.659560562355E-17));
#3527 = ADVANCED_FACE('',(#3528),#3540,.F.);
#3528 = FACE_BOUND('',#3529,.F.);
#3529 = EDGE_LOOP('',(#3530,#3531,#3532,#3533,#3534,#3535,#3536,#3537,
    #3538,#3539));
#3530 = ORIENTED_EDGE('',*,*,#2982,.F.);
#3531 = ORIENTED_EDGE('',*,*,#3023,.F.);
#3532 = ORIENTED_EDGE('',*,*,#3014,.F.);
#3533 = ORIENTED_EDGE('',*,*,#3040,.F.);
#3534 = ORIENTED_EDGE('',*,*,#2829,.F.);
#3535 = ORIENTED_EDGE('',*,*,#2869,.F.);
#3536 = ORIENTED_EDGE('',*,*,#2885,.F.);
#3537 = ORIENTED_EDGE('',*,*,#2909,.F.);
#3538 = ORIENTED_EDGE('',*,*,#2943,.F.);
#3539 = ORIENTED_EDGE('',*,*,#2958,.F.);
#3540 = PLANE('',#3541);
#3541 = AXIS2_PLACEMENT_3D('',#3542,#3543,#3544);
#3542 = CARTESIAN_POINT('',(-100.2212783475,87.85362270296,19.32));
#3543 = DIRECTION('',(-8.659560562355E-17,-8.659560562355E-17,1.));
#3544 = DIRECTION('',(-3.445092848398E-16,-1.,-8.659560562355E-17));
#3545 = ADVANCED_FACE('',(#3546),#3558,.F.);
#3546 = FACE_BOUND('',#3547,.F.);
#3547 = EDGE_LOOP('',(#3548,#3549,#3550,#3551,#3552,#3553,#3554,#3555,
    #3556,#3557));
#3548 = ORIENTED_EDGE('',*,*,#3210,.F.);
#3549 = ORIENTED_EDGE('',*,*,#3251,.F.);
#3550 = ORIENTED_EDGE('',*,*,#3242,.F.);
#3551 = ORIENTED_EDGE('',*,*,#3268,.F.);
#3552 = ORIENTED_EDGE('',*,*,#3057,.F.);
#3553 = ORIENTED_EDGE('',*,*,#3097,.F.);
#3554 = ORIENTED_EDGE('',*,*,#3113,.F.);
#3555 = ORIENTED_EDGE('',*,*,#3137,.F.);
#3556 = ORIENTED_EDGE('',*,*,#3171,.F.);
#3557 = ORIENTED_EDGE('',*,*,#3186,.F.);
#3558 = PLANE('',#3559);
#3559 = AXIS2_PLACEMENT_3D('',#3560,#3561,#3562);
#3560 = CARTESIAN_POINT('',(-18.42127834753,87.85362270296,19.32));
#3561 = DIRECTION('',(-8.659560562355E-17,-8.659560562355E-17,1.));
#3562 = DIRECTION('',(-3.445092848398E-16,-1.,-8.659560562355E-17));
#3563 = ADVANCED_FACE('',(#3564),#3576,.F.);
#3564 = FACE_BOUND('',#3565,.F.);
#3565 = EDGE_LOOP('',(#3566,#3567,#3568,#3569,#3570,#3571,#3572,#3573,
    #3574,#3575));
#3566 = ORIENTED_EDGE('',*,*,#3438,.F.);
#3567 = ORIENTED_EDGE('',*,*,#3479,.F.);
#3568 = ORIENTED_EDGE('',*,*,#3470,.F.);
#3569 = ORIENTED_EDGE('',*,*,#3496,.F.);
#3570 = ORIENTED_EDGE('',*,*,#3285,.F.);
#3571 = ORIENTED_EDGE('',*,*,#3325,.F.);
#3572 = ORIENTED_EDGE('',*,*,#3341,.F.);
#3573 = ORIENTED_EDGE('',*,*,#3365,.F.);
#3574 = ORIENTED_EDGE('',*,*,#3399,.F.);
#3575 = ORIENTED_EDGE('',*,*,#3414,.F.);
#3576 = PLANE('',#3577);
#3577 = AXIS2_PLACEMENT_3D('',#3578,#3579,#3580);
#3578 = CARTESIAN_POINT('',(-18.49127834753,56.06362270296,19.32));
#3579 = DIRECTION('',(-8.659560562355E-17,-8.659560562355E-17,1.));
#3580 = DIRECTION('',(-3.445092848398E-16,-1.,-8.659560562355E-17));
#3581 = ( GEOMETRIC_REPRESENTATION_CONTEXT(3) 
GLOBAL_UNCERTAINTY_ASSIGNED_CONTEXT((#3585)) 
GLOBAL_UNIT_ASSIGNED_CONTEXT((#3582,#3583,#3584)) REPRESENTATION_CONTEXT
('Context #1','3D Context with UNIT and UNCERTAINTY') );
#3582 = ( LENGTH_UNIT() NAMED_UNIT(*) SI_UNIT(.MILLI.,.METRE.) );
#3583 = ( NAMED_UNIT(*) PLANE_ANGLE_UNIT() SI_UNIT($,.RADIAN.) );
#3584 = ( NAMED_UNIT(*) SI_UNIT($,.STERADIAN.) SOLID_ANGLE_UNIT() );
#3585 = UNCERTAINTY_MEASURE_WITH_UNIT(LENGTH_MEASURE(2.E-05),#3582,
  'distance_accuracy_value','confusion accuracy');
#3586 = PRODUCT_RELATED_PRODUCT_CATEGORY('part',$,(#7));
#3587 = MECHANICAL_DESIGN_GEOMETRIC_PRESENTATION_REPRESENTATION('',(
    #3588),#3581);
#3588 = STYLED_ITEM('color',(#3589),#15);
#3589 = PRESENTATION_STYLE_ASSIGNMENT((#3590,#3596));
#3590 = SURFACE_STYLE_USAGE(.BOTH.,#3591);
#3591 = SURFACE_SIDE_STYLE('',(#3592));
#3592 = SURFACE_STYLE_FILL_AREA(#3593);
#3593 = FILL_AREA_STYLE('',(#3594));
#3594 = FILL_AREA_STYLE_COLOUR('',#3595);
#3595 = COLOUR_RGB('',0.447058818107,0.474509808674,0.501960817233);
#3596 = CURVE_STYLE('',#3597,POSITIVE_LENGTH_MEASURE(0.1),#3598);
#3597 = DRAUGHTING_PRE_DEFINED_CURVE_FONT('continuous');
#3598 = COLOUR_RGB('',9.803921802644E-02,9.803921802644E-02,
  9.803921802644E-02);
ENDSEC;
END-ISO-10303-21;
