ISO-10303-21;
HEADER;
FILE_DESCRIPTION(('FreeCAD Model'),'2;1');
FILE_NAME('Open CASCADE Shape Model','2026-03-25T20:12:45',(''),(''),
  'Open CASCADE STEP processor 7.8','FreeCAD','Unknown');
FILE_SCHEMA(('AUTOMOTIVE_DESIGN { 1 0 10303 214 1 1 1 1 }'));
ENDSEC;
DATA;
#1 = APPLICATION_PROTOCOL_DEFINITION('international standard',
  'automotive_design',2000,#2);
#2 = APPLICATION_CONTEXT(
  'core data for automotive mechanical design processes');
#3 = SHAPE_DEFINITION_REPRESENTATION(#4,#10);
#4 = PRODUCT_DEFINITION_SHAPE('','',#5);
#5 = PRODUCT_DEFINITION('design','',#6,#9);
#6 = PRODUCT_DEFINITION_FORMATION('','',#7);
#7 = PRODUCT('Cut','Cut','',(#8));
#8 = PRODUCT_CONTEXT('',#2,'mechanical');
#9 = PRODUCT_DEFINITION_CONTEXT('part definition',#2,'design');
#10 = ADVANCED_BREP_SHAPE_REPRESENTATION('',(#11,#15),#8010);
#11 = AXIS2_PLACEMENT_3D('',#12,#13,#14);
#12 = CARTESIAN_POINT('',(0.,0.,0.));
#13 = DIRECTION('',(0.,0.,1.));
#14 = DIRECTION('',(1.,0.,-0.));
#15 = MANIFOLD_SOLID_BREP('',#16);
#16 = CLOSED_SHELL('',(#17,#97,#208,#232,#257,#281,#306,#323,#348,#372,
    #418,#464,#780,#804,#1016,#1040,#1108,#1132,#1344,#1361,#1378,#1532,
    #1544,#1569,#1593,#1682,#1771,#1860,#1949,#1989,#2023,#2047,#2074,
    #2107,#2141,#2168,#2209,#2233,#2257,#2282,#2306,#2330,#2355,#2379,
    #2396,#2415,#2456,#2480,#2504,#2529,#2553,#2577,#2602,#2626,#2643,
    #2662,#2694,#2726,#2750,#2767,#2791,#2808,#2832,#2849,#2873,#2890,
    #2914,#2931,#2955,#2972,#2988,#3012,#3036,#3128,#3153,#3178,#3194,
    #3226,#3251,#3275,#3292,#3316,#3333,#3357,#3374,#3398,#3415,#3439,
    #3456,#3480,#3497,#3528,#3553,#3577,#3602,#3626,#3651,#3675,#3693,
    #3718,#3743,#3768,#3799,#3823,#3847,#3864,#3889,#3914,#3925,#3936,
    #3947,#3958,#3969,#3980,#3991,#4002,#4013,#4024,#4035,#4046,#4157,
    #4176,#4188,#4207,#4219,#4237,#4255,#4267,#4306,#4437,#4469,#4579,
    #4596,#4628,#4731,#4756,#4781,#4812,#4837,#4861,#4886,#4910,#4935,
    #4959,#4977,#4997,#5019,#5036,#5053,#5070,#5087,#5104,#5121,#5133,
    #5177,#5194,#5247,#5271,#5315,#5338,#5384,#5401,#5418,#5442,#5466,
    #5525,#5549,#5567,#5591,#5643,#5660,#5684,#5743,#5765,#5777,#5802,
    #5826,#5885,#5902,#5988,#6074,#6162,#6249,#6321,#6408,#6450,#6483,
    #6517,#6557,#6573,#6599,#6639,#6655,#6681,#6721,#6737,#6763,#6794,
    #6819,#6843,#6867,#6892,#6916,#6940,#6974,#6991,#7022,#7047,#7071,
    #7095,#7120,#7144,#7168,#7202,#7219,#7244,#7268,#7292,#7317,#7341,
    #7365,#7392,#7417,#7441,#7465,#7490,#7514,#7538,#7565,#7589,#7613,
    #7647,#7671,#7688,#7713,#7737,#7761,#7795,#7819,#7843,#7861,#7885,
    #7908,#7920,#7938,#7956,#7974,#7992));
#17 = ADVANCED_FACE('',(#18,#70,#81),#92,.T.);
#18 = FACE_BOUND('',#19,.T.);
#19 = EDGE_LOOP('',(#20,#30,#38,#47,#55,#64));
#20 = ORIENTED_EDGE('',*,*,#21,.T.);
#21 = EDGE_CURVE('',#22,#24,#26,.T.);
#22 = VERTEX_POINT('',#23);
#23 = CARTESIAN_POINT('',(0.,-90.,35.));
#24 = VERTEX_POINT('',#25);
#25 = CARTESIAN_POINT('',(0.,90.,35.));
#26 = LINE('',#27,#28);
#27 = CARTESIAN_POINT('',(0.,-94.,35.));
#28 = VECTOR('',#29,1.);
#29 = DIRECTION('',(0.,1.,0.));
#30 = ORIENTED_EDGE('',*,*,#31,.T.);
#31 = EDGE_CURVE('',#24,#32,#34,.T.);
#32 = VERTEX_POINT('',#33);
#33 = CARTESIAN_POINT('',(-107.,90.,35.));
#34 = LINE('',#35,#36);
#35 = CARTESIAN_POINT('',(0.,90.,35.));
#36 = VECTOR('',#37,1.);
#37 = DIRECTION('',(-1.,0.,0.));
#38 = ORIENTED_EDGE('',*,*,#39,.T.);
#39 = EDGE_CURVE('',#32,#40,#42,.T.);
#40 = VERTEX_POINT('',#41);
#41 = CARTESIAN_POINT('',(-110.,87.,35.));
#42 = CIRCLE('',#43,3.);
#43 = AXIS2_PLACEMENT_3D('',#44,#45,#46);
#44 = CARTESIAN_POINT('',(-107.,87.,35.));
#45 = DIRECTION('',(0.,0.,1.));
#46 = DIRECTION('',(-2.537652627715E-16,1.,0.));
#47 = ORIENTED_EDGE('',*,*,#48,.T.);
#48 = EDGE_CURVE('',#40,#49,#51,.T.);
#49 = VERTEX_POINT('',#50);
#50 = CARTESIAN_POINT('',(-110.,-87.,35.));
#51 = LINE('',#52,#53);
#52 = CARTESIAN_POINT('',(-110.,87.,35.));
#53 = VECTOR('',#54,1.);
#54 = DIRECTION('',(0.,-1.,0.));
#55 = ORIENTED_EDGE('',*,*,#56,.T.);
#56 = EDGE_CURVE('',#49,#57,#59,.T.);
#57 = VERTEX_POINT('',#58);
#58 = CARTESIAN_POINT('',(-107.,-90.,35.));
#59 = CIRCLE('',#60,3.);
#60 = AXIS2_PLACEMENT_3D('',#61,#62,#63);
#61 = CARTESIAN_POINT('',(-107.,-87.,35.));
#62 = DIRECTION('',(0.,0.,1.));
#63 = DIRECTION('',(-1.,2.537652627715E-16,0.));
#64 = ORIENTED_EDGE('',*,*,#65,.T.);
#65 = EDGE_CURVE('',#57,#22,#66,.T.);
#66 = LINE('',#67,#68);
#67 = CARTESIAN_POINT('',(-107.,-90.,35.));
#68 = VECTOR('',#69,1.);
#69 = DIRECTION('',(1.,0.,0.));
#70 = FACE_BOUND('',#71,.T.);
#71 = EDGE_LOOP('',(#72));
#72 = ORIENTED_EDGE('',*,*,#73,.T.);
#73 = EDGE_CURVE('',#74,#74,#76,.T.);
#74 = VERTEX_POINT('',#75);
#75 = CARTESIAN_POINT('',(-78.89,-41.89,35.));
#76 = CIRCLE('',#77,9.25);
#77 = AXIS2_PLACEMENT_3D('',#78,#79,#80);
#78 = CARTESIAN_POINT('',(-88.14,-41.89,35.));
#79 = DIRECTION('',(0.,0.,-1.));
#80 = DIRECTION('',(1.,0.,0.));
#81 = FACE_BOUND('',#82,.T.);
#82 = EDGE_LOOP('',(#83));
#83 = ORIENTED_EDGE('',*,*,#84,.F.);
#84 = EDGE_CURVE('',#85,#85,#87,.T.);
#85 = VERTEX_POINT('',#86);
#86 = CARTESIAN_POINT('',(-3.923565095818,-18.46759499956,35.));
#87 = CIRCLE('',#88,37.718988019233);
#88 = AXIS2_PLACEMENT_3D('',#89,#90,#91);
#89 = CARTESIAN_POINT('',(-41.64255311505,-18.46759499956,35.));
#90 = DIRECTION('',(0.,0.,1.));
#91 = DIRECTION('',(1.,0.,0.));
#92 = PLANE('',#93);
#93 = AXIS2_PLACEMENT_3D('',#94,#95,#96);
#94 = CARTESIAN_POINT('',(-57.,0.,35.));
#95 = DIRECTION('',(0.,0.,1.));
#96 = DIRECTION('',(1.,0.,0.));
#97 = ADVANCED_FACE('',(#98),#203,.F.);
#98 = FACE_BOUND('',#99,.F.);
#99 = EDGE_LOOP('',(#100,#110,#116,#117,#125,#133,#141,#149,#157,#165,
    #173,#181,#189,#197));
#100 = ORIENTED_EDGE('',*,*,#101,.T.);
#101 = EDGE_CURVE('',#102,#104,#106,.T.);
#102 = VERTEX_POINT('',#103);
#103 = CARTESIAN_POINT('',(0.,-94.,0.));
#104 = VERTEX_POINT('',#105);
#105 = CARTESIAN_POINT('',(0.,-94.,31.));
#106 = LINE('',#107,#108);
#107 = CARTESIAN_POINT('',(0.,-94.,0.));
#108 = VECTOR('',#109,1.);
#109 = DIRECTION('',(0.,0.,1.));
#110 = ORIENTED_EDGE('',*,*,#111,.F.);
#111 = EDGE_CURVE('',#22,#104,#112,.T.);
#112 = LINE('',#113,#114);
#113 = CARTESIAN_POINT('',(1.42108547152E-14,-100.75,24.25));
#114 = VECTOR('',#115,1.);
#115 = DIRECTION('',(-0.,-0.707106781187,-0.707106781187));
#116 = ORIENTED_EDGE('',*,*,#21,.T.);
#117 = ORIENTED_EDGE('',*,*,#118,.T.);
#118 = EDGE_CURVE('',#24,#119,#121,.T.);
#119 = VERTEX_POINT('',#120);
#120 = CARTESIAN_POINT('',(0.,94.,31.));
#121 = LINE('',#122,#123);
#122 = CARTESIAN_POINT('',(0.,53.75,71.25));
#123 = VECTOR('',#124,1.);
#124 = DIRECTION('',(0.,0.707106781187,-0.707106781187));
#125 = ORIENTED_EDGE('',*,*,#126,.F.);
#126 = EDGE_CURVE('',#127,#119,#129,.T.);
#127 = VERTEX_POINT('',#128);
#128 = CARTESIAN_POINT('',(0.,94.,0.));
#129 = LINE('',#130,#131);
#130 = CARTESIAN_POINT('',(0.,94.,0.));
#131 = VECTOR('',#132,1.);
#132 = DIRECTION('',(0.,0.,1.));
#133 = ORIENTED_EDGE('',*,*,#134,.F.);
#134 = EDGE_CURVE('',#135,#127,#137,.T.);
#135 = VERTEX_POINT('',#136);
#136 = CARTESIAN_POINT('',(0.,93.,-6.328271240363E-15));
#137 = LINE('',#138,#139);
#138 = CARTESIAN_POINT('',(0.,-94.,0.));
#139 = VECTOR('',#140,1.);
#140 = DIRECTION('',(0.,1.,0.));
#141 = ORIENTED_EDGE('',*,*,#142,.F.);
#142 = EDGE_CURVE('',#143,#135,#145,.T.);
#143 = VERTEX_POINT('',#144);
#144 = CARTESIAN_POINT('',(0.,91.,2.));
#145 = LINE('',#146,#147);
#146 = CARTESIAN_POINT('',(0.,45.75,47.25));
#147 = VECTOR('',#148,1.);
#148 = DIRECTION('',(0.,0.707106781187,-0.707106781187));
#149 = ORIENTED_EDGE('',*,*,#150,.F.);
#150 = EDGE_CURVE('',#151,#143,#153,.T.);
#151 = VERTEX_POINT('',#152);
#152 = CARTESIAN_POINT('',(0.,91.,30.));
#153 = LINE('',#154,#155);
#154 = CARTESIAN_POINT('',(0.,91.,0.));
#155 = VECTOR('',#156,1.);
#156 = DIRECTION('',(0.,0.,-1.));
#157 = ORIENTED_EDGE('',*,*,#158,.F.);
#158 = EDGE_CURVE('',#159,#151,#161,.T.);
#159 = VERTEX_POINT('',#160);
#160 = CARTESIAN_POINT('',(0.,89.,32.));
#161 = LINE('',#162,#163);
#162 = CARTESIAN_POINT('',(-1.42108547152E-14,51.75,69.25));
#163 = VECTOR('',#164,1.);
#164 = DIRECTION('',(0.,0.707106781187,-0.707106781187));
#165 = ORIENTED_EDGE('',*,*,#166,.F.);
#166 = EDGE_CURVE('',#167,#159,#169,.T.);
#167 = VERTEX_POINT('',#168);
#168 = CARTESIAN_POINT('',(0.,-89.,32.));
#169 = LINE('',#170,#171);
#170 = CARTESIAN_POINT('',(0.,-91.,32.));
#171 = VECTOR('',#172,1.);
#172 = DIRECTION('',(0.,1.,-2.22044604925E-16));
#173 = ORIENTED_EDGE('',*,*,#174,.T.);
#174 = EDGE_CURVE('',#167,#175,#177,.T.);
#175 = VERTEX_POINT('',#176);
#176 = CARTESIAN_POINT('',(0.,-91.,30.));
#177 = LINE('',#178,#179);
#178 = CARTESIAN_POINT('',(0.,-98.75,22.25));
#179 = VECTOR('',#180,1.);
#180 = DIRECTION('',(-0.,-0.707106781187,-0.707106781187));
#181 = ORIENTED_EDGE('',*,*,#182,.F.);
#182 = EDGE_CURVE('',#183,#175,#185,.T.);
#183 = VERTEX_POINT('',#184);
#184 = CARTESIAN_POINT('',(0.,-91.,2.));
#185 = LINE('',#186,#187);
#186 = CARTESIAN_POINT('',(0.,-91.,-6.661338147751E-16));
#187 = VECTOR('',#188,1.);
#188 = DIRECTION('',(0.,2.22044604925E-16,1.));
#189 = ORIENTED_EDGE('',*,*,#190,.T.);
#190 = EDGE_CURVE('',#183,#191,#193,.T.);
#191 = VERTEX_POINT('',#192);
#192 = CARTESIAN_POINT('',(0.,-93.,-8.437694987151E-15));
#193 = LINE('',#194,#195);
#194 = CARTESIAN_POINT('',(-1.42108547152E-14,-92.75,0.25));
#195 = VECTOR('',#196,1.);
#196 = DIRECTION('',(-0.,-0.707106781187,-0.707106781187));
#197 = ORIENTED_EDGE('',*,*,#198,.F.);
#198 = EDGE_CURVE('',#102,#191,#199,.T.);
#199 = LINE('',#200,#201);
#200 = CARTESIAN_POINT('',(0.,-94.,0.));
#201 = VECTOR('',#202,1.);
#202 = DIRECTION('',(0.,1.,0.));
#203 = PLANE('',#204);
#204 = AXIS2_PLACEMENT_3D('',#205,#206,#207);
#205 = CARTESIAN_POINT('',(0.,-94.,0.));
#206 = DIRECTION('',(-1.,0.,0.));
#207 = DIRECTION('',(0.,1.,0.));
#208 = ADVANCED_FACE('',(#209),#227,.T.);
#209 = FACE_BOUND('',#210,.F.);
#210 = EDGE_LOOP('',(#211,#212,#213,#221));
#211 = ORIENTED_EDGE('',*,*,#118,.F.);
#212 = ORIENTED_EDGE('',*,*,#31,.T.);
#213 = ORIENTED_EDGE('',*,*,#214,.T.);
#214 = EDGE_CURVE('',#32,#215,#217,.T.);
#215 = VERTEX_POINT('',#216);
#216 = CARTESIAN_POINT('',(-107.,94.,31.));
#217 = LINE('',#218,#219);
#218 = CARTESIAN_POINT('',(-107.,92.,33.));
#219 = VECTOR('',#220,1.);
#220 = DIRECTION('',(0.,0.707106781187,-0.707106781187));
#221 = ORIENTED_EDGE('',*,*,#222,.F.);
#222 = EDGE_CURVE('',#119,#215,#223,.T.);
#223 = LINE('',#224,#225);
#224 = CARTESIAN_POINT('',(0.,94.,31.));
#225 = VECTOR('',#226,1.);
#226 = DIRECTION('',(-1.,0.,0.));
#227 = PLANE('',#228);
#228 = AXIS2_PLACEMENT_3D('',#229,#230,#231);
#229 = CARTESIAN_POINT('',(0.,92.,33.));
#230 = DIRECTION('',(0.,0.707106781187,0.707106781187));
#231 = DIRECTION('',(1.,0.,0.));
#232 = ADVANCED_FACE('',(#233),#252,.T.);
#233 = FACE_BOUND('',#234,.T.);
#234 = EDGE_LOOP('',(#235,#244,#250,#251));
#235 = ORIENTED_EDGE('',*,*,#236,.T.);
#236 = EDGE_CURVE('',#215,#237,#239,.T.);
#237 = VERTEX_POINT('',#238);
#238 = CARTESIAN_POINT('',(-114.,87.,31.));
#239 = CIRCLE('',#240,7.);
#240 = AXIS2_PLACEMENT_3D('',#241,#242,#243);
#241 = CARTESIAN_POINT('',(-107.,87.,31.));
#242 = DIRECTION('',(0.,0.,1.));
#243 = DIRECTION('',(-2.537652627715E-16,1.,0.));
#244 = ORIENTED_EDGE('',*,*,#245,.F.);
#245 = EDGE_CURVE('',#40,#237,#246,.T.);
#246 = LINE('',#247,#248);
#247 = CARTESIAN_POINT('',(-114.,87.,31.));
#248 = VECTOR('',#249,1.);
#249 = DIRECTION('',(-0.707106781187,-1.361413353234E-16,-0.707106781187
    ));
#250 = ORIENTED_EDGE('',*,*,#39,.F.);
#251 = ORIENTED_EDGE('',*,*,#214,.T.);
#252 = CONICAL_SURFACE('',#253,7.,0.785398163397);
#253 = AXIS2_PLACEMENT_3D('',#254,#255,#256);
#254 = CARTESIAN_POINT('',(-107.,87.,31.));
#255 = DIRECTION('',(-0.,-0.,-1.));
#256 = DIRECTION('',(-2.537652627715E-16,1.,0.));
#257 = ADVANCED_FACE('',(#258),#276,.T.);
#258 = FACE_BOUND('',#259,.F.);
#259 = EDGE_LOOP('',(#260,#261,#262,#270));
#260 = ORIENTED_EDGE('',*,*,#245,.F.);
#261 = ORIENTED_EDGE('',*,*,#48,.T.);
#262 = ORIENTED_EDGE('',*,*,#263,.T.);
#263 = EDGE_CURVE('',#49,#264,#266,.T.);
#264 = VERTEX_POINT('',#265);
#265 = CARTESIAN_POINT('',(-114.,-87.,31.));
#266 = LINE('',#267,#268);
#267 = CARTESIAN_POINT('',(-112.,-87.,33.));
#268 = VECTOR('',#269,1.);
#269 = DIRECTION('',(-0.707106781187,-0.,-0.707106781187));
#270 = ORIENTED_EDGE('',*,*,#271,.F.);
#271 = EDGE_CURVE('',#237,#264,#272,.T.);
#272 = LINE('',#273,#274);
#273 = CARTESIAN_POINT('',(-114.,87.,31.));
#274 = VECTOR('',#275,1.);
#275 = DIRECTION('',(0.,-1.,0.));
#276 = PLANE('',#277);
#277 = AXIS2_PLACEMENT_3D('',#278,#279,#280);
#278 = CARTESIAN_POINT('',(-112.,87.,33.));
#279 = DIRECTION('',(-0.707106781187,0.,0.707106781187));
#280 = DIRECTION('',(0.,1.,0.));
#281 = ADVANCED_FACE('',(#282),#301,.T.);
#282 = FACE_BOUND('',#283,.T.);
#283 = EDGE_LOOP('',(#284,#293,#299,#300));
#284 = ORIENTED_EDGE('',*,*,#285,.T.);
#285 = EDGE_CURVE('',#264,#286,#288,.T.);
#286 = VERTEX_POINT('',#287);
#287 = CARTESIAN_POINT('',(-107.,-94.,31.));
#288 = CIRCLE('',#289,7.);
#289 = AXIS2_PLACEMENT_3D('',#290,#291,#292);
#290 = CARTESIAN_POINT('',(-107.,-87.,31.));
#291 = DIRECTION('',(0.,0.,1.));
#292 = DIRECTION('',(-1.,2.537652627715E-16,0.));
#293 = ORIENTED_EDGE('',*,*,#294,.F.);
#294 = EDGE_CURVE('',#57,#286,#295,.T.);
#295 = LINE('',#296,#297);
#296 = CARTESIAN_POINT('',(-107.,-94.,31.));
#297 = VECTOR('',#298,1.);
#298 = DIRECTION('',(-2.22736940947E-16,-0.707106781187,-0.707106781187)
  );
#299 = ORIENTED_EDGE('',*,*,#56,.F.);
#300 = ORIENTED_EDGE('',*,*,#263,.T.);
#301 = CONICAL_SURFACE('',#302,7.,0.785398163397);
#302 = AXIS2_PLACEMENT_3D('',#303,#304,#305);
#303 = CARTESIAN_POINT('',(-107.,-87.,31.));
#304 = DIRECTION('',(-0.,-0.,-1.));
#305 = DIRECTION('',(-1.,2.537652627715E-16,0.));
#306 = ADVANCED_FACE('',(#307),#318,.T.);
#307 = FACE_BOUND('',#308,.F.);
#308 = EDGE_LOOP('',(#309,#310,#311,#312));
#309 = ORIENTED_EDGE('',*,*,#294,.F.);
#310 = ORIENTED_EDGE('',*,*,#65,.T.);
#311 = ORIENTED_EDGE('',*,*,#111,.T.);
#312 = ORIENTED_EDGE('',*,*,#313,.F.);
#313 = EDGE_CURVE('',#286,#104,#314,.T.);
#314 = LINE('',#315,#316);
#315 = CARTESIAN_POINT('',(-107.,-94.,31.));
#316 = VECTOR('',#317,1.);
#317 = DIRECTION('',(1.,0.,0.));
#318 = PLANE('',#319);
#319 = AXIS2_PLACEMENT_3D('',#320,#321,#322);
#320 = CARTESIAN_POINT('',(-107.,-92.,33.));
#321 = DIRECTION('',(0.,-0.707106781187,0.707106781187));
#322 = DIRECTION('',(-1.,0.,0.));
#323 = ADVANCED_FACE('',(#324),#343,.F.);
#324 = FACE_BOUND('',#325,.F.);
#325 = EDGE_LOOP('',(#326,#334,#335,#336));
#326 = ORIENTED_EDGE('',*,*,#327,.F.);
#327 = EDGE_CURVE('',#74,#328,#330,.T.);
#328 = VERTEX_POINT('',#329);
#329 = CARTESIAN_POINT('',(-79.89,-41.89,34.));
#330 = LINE('',#331,#332);
#331 = CARTESIAN_POINT('',(-79.89,-41.89,34.));
#332 = VECTOR('',#333,1.);
#333 = DIRECTION('',(-0.707106781187,0.,-0.707106781187));
#334 = ORIENTED_EDGE('',*,*,#73,.T.);
#335 = ORIENTED_EDGE('',*,*,#327,.T.);
#336 = ORIENTED_EDGE('',*,*,#337,.F.);
#337 = EDGE_CURVE('',#328,#328,#338,.T.);
#338 = CIRCLE('',#339,8.25);
#339 = AXIS2_PLACEMENT_3D('',#340,#341,#342);
#340 = CARTESIAN_POINT('',(-88.14,-41.89,34.));
#341 = DIRECTION('',(0.,0.,-1.));
#342 = DIRECTION('',(1.,0.,0.));
#343 = CONICAL_SURFACE('',#344,8.25,0.785398163397);
#344 = AXIS2_PLACEMENT_3D('',#345,#346,#347);
#345 = CARTESIAN_POINT('',(-88.14,-41.89,34.));
#346 = DIRECTION('',(0.,0.,1.));
#347 = DIRECTION('',(1.,0.,0.));
#348 = ADVANCED_FACE('',(#349),#367,.F.);
#349 = FACE_BOUND('',#350,.F.);
#350 = EDGE_LOOP('',(#351,#358,#365,#366));
#351 = ORIENTED_EDGE('',*,*,#352,.F.);
#352 = EDGE_CURVE('',#353,#85,#355,.T.);
#353 = VERTEX_POINT('',#354);
#354 = CARTESIAN_POINT('',(-7.498825873601,-18.46759499956,32.));
#355 = B_SPLINE_CURVE_WITH_KNOTS('',1,(#356,#357),.UNSPECIFIED.,.F.,.F.,
  (2,2),(0.,1.),.PIECEWISE_BEZIER_KNOTS.);
#356 = CARTESIAN_POINT('',(-7.498825873601,-18.46759499956,32.));
#357 = CARTESIAN_POINT('',(-1.54005791063,-18.46759499956,37.));
#358 = ORIENTED_EDGE('',*,*,#359,.T.);
#359 = EDGE_CURVE('',#353,#353,#360,.T.);
#360 = CIRCLE('',#361,34.14372724145);
#361 = AXIS2_PLACEMENT_3D('',#362,#363,#364);
#362 = CARTESIAN_POINT('',(-41.64255311505,-18.46759499956,32.));
#363 = DIRECTION('',(0.,0.,1.));
#364 = DIRECTION('',(1.,0.,0.));
#365 = ORIENTED_EDGE('',*,*,#352,.T.);
#366 = ORIENTED_EDGE('',*,*,#84,.F.);
#367 = CONICAL_SURFACE('',#368,34.14372724145,0.872664625997);
#368 = AXIS2_PLACEMENT_3D('',#369,#370,#371);
#369 = CARTESIAN_POINT('',(-41.64255311505,-18.46759499956,32.));
#370 = DIRECTION('',(0.,0.,1.));
#371 = DIRECTION('',(1.,0.,0.));
#372 = ADVANCED_FACE('',(#373,#391,#402),#413,.T.);
#373 = FACE_BOUND('',#374,.T.);
#374 = EDGE_LOOP('',(#375,#383,#389,#390));
#375 = ORIENTED_EDGE('',*,*,#376,.F.);
#376 = EDGE_CURVE('',#377,#286,#379,.T.);
#377 = VERTEX_POINT('',#378);
#378 = CARTESIAN_POINT('',(-107.,-94.,0.));
#379 = LINE('',#380,#381);
#380 = CARTESIAN_POINT('',(-107.,-94.,0.));
#381 = VECTOR('',#382,1.);
#382 = DIRECTION('',(0.,0.,1.));
#383 = ORIENTED_EDGE('',*,*,#384,.T.);
#384 = EDGE_CURVE('',#377,#102,#385,.T.);
#385 = LINE('',#386,#387);
#386 = CARTESIAN_POINT('',(-114.,-94.,0.));
#387 = VECTOR('',#388,1.);
#388 = DIRECTION('',(1.,0.,0.));
#389 = ORIENTED_EDGE('',*,*,#101,.T.);
#390 = ORIENTED_EDGE('',*,*,#313,.F.);
#391 = FACE_BOUND('',#392,.T.);
#392 = EDGE_LOOP('',(#393));
#393 = ORIENTED_EDGE('',*,*,#394,.F.);
#394 = EDGE_CURVE('',#395,#395,#397,.T.);
#395 = VERTEX_POINT('',#396);
#396 = CARTESIAN_POINT('',(-2.5,-94.,24.));
#397 = CIRCLE('',#398,2.);
#398 = AXIS2_PLACEMENT_3D('',#399,#400,#401);
#399 = CARTESIAN_POINT('',(-4.5,-94.,24.));
#400 = DIRECTION('',(0.,-1.,-2.22044604925E-16));
#401 = DIRECTION('',(1.,0.,0.));
#402 = FACE_BOUND('',#403,.T.);
#403 = EDGE_LOOP('',(#404));
#404 = ORIENTED_EDGE('',*,*,#405,.F.);
#405 = EDGE_CURVE('',#406,#406,#408,.T.);
#406 = VERTEX_POINT('',#407);
#407 = CARTESIAN_POINT('',(-2.5,-94.,10.));
#408 = CIRCLE('',#409,2.);
#409 = AXIS2_PLACEMENT_3D('',#410,#411,#412);
#410 = CARTESIAN_POINT('',(-4.5,-94.,10.));
#411 = DIRECTION('',(0.,-1.,-2.22044604925E-16));
#412 = DIRECTION('',(1.,0.,0.));
#413 = PLANE('',#414);
#414 = AXIS2_PLACEMENT_3D('',#415,#416,#417);
#415 = CARTESIAN_POINT('',(-57.,-94.,17.5));
#416 = DIRECTION('',(-0.,-1.,-0.));
#417 = DIRECTION('',(0.,0.,-1.));
#418 = ADVANCED_FACE('',(#419,#437,#448),#459,.T.);
#419 = FACE_BOUND('',#420,.T.);
#420 = EDGE_LOOP('',(#421,#429,#430,#431));
#421 = ORIENTED_EDGE('',*,*,#422,.T.);
#422 = EDGE_CURVE('',#423,#215,#425,.T.);
#423 = VERTEX_POINT('',#424);
#424 = CARTESIAN_POINT('',(-107.,94.,0.));
#425 = LINE('',#426,#427);
#426 = CARTESIAN_POINT('',(-107.,94.,0.));
#427 = VECTOR('',#428,1.);
#428 = DIRECTION('',(0.,0.,1.));
#429 = ORIENTED_EDGE('',*,*,#222,.F.);
#430 = ORIENTED_EDGE('',*,*,#126,.F.);
#431 = ORIENTED_EDGE('',*,*,#432,.T.);
#432 = EDGE_CURVE('',#127,#423,#433,.T.);
#433 = LINE('',#434,#435);
#434 = CARTESIAN_POINT('',(0.,94.,0.));
#435 = VECTOR('',#436,1.);
#436 = DIRECTION('',(-1.,0.,0.));
#437 = FACE_BOUND('',#438,.T.);
#438 = EDGE_LOOP('',(#439));
#439 = ORIENTED_EDGE('',*,*,#440,.T.);
#440 = EDGE_CURVE('',#441,#441,#443,.T.);
#441 = VERTEX_POINT('',#442);
#442 = CARTESIAN_POINT('',(-2.5,94.,10.));
#443 = CIRCLE('',#444,2.);
#444 = AXIS2_PLACEMENT_3D('',#445,#446,#447);
#445 = CARTESIAN_POINT('',(-4.5,94.,10.));
#446 = DIRECTION('',(0.,-1.,-2.22044604925E-16));
#447 = DIRECTION('',(1.,0.,0.));
#448 = FACE_BOUND('',#449,.T.);
#449 = EDGE_LOOP('',(#450));
#450 = ORIENTED_EDGE('',*,*,#451,.T.);
#451 = EDGE_CURVE('',#452,#452,#454,.T.);
#452 = VERTEX_POINT('',#453);
#453 = CARTESIAN_POINT('',(-2.5,94.,24.));
#454 = CIRCLE('',#455,2.);
#455 = AXIS2_PLACEMENT_3D('',#456,#457,#458);
#456 = CARTESIAN_POINT('',(-4.5,94.,24.));
#457 = DIRECTION('',(0.,-1.,-2.22044604925E-16));
#458 = DIRECTION('',(1.,0.,0.));
#459 = PLANE('',#460);
#460 = AXIS2_PLACEMENT_3D('',#461,#462,#463);
#461 = CARTESIAN_POINT('',(-57.,94.,17.5));
#462 = DIRECTION('',(0.,1.,0.));
#463 = DIRECTION('',(0.,0.,1.));
#464 = ADVANCED_FACE('',(#465,#599,#676,#687,#764),#775,.T.);
#465 = FACE_BOUND('',#466,.T.);
#466 = EDGE_LOOP('',(#467,#477,#486,#494,#502,#508,#509,#510,#519,#527,
    #534,#535,#536,#544,#552,#560,#569,#577,#585,#593));
#467 = ORIENTED_EDGE('',*,*,#468,.T.);
#468 = EDGE_CURVE('',#469,#471,#473,.T.);
#469 = VERTEX_POINT('',#470);
#470 = CARTESIAN_POINT('',(-111.,-68.5,-2.831068712794E-15));
#471 = VERTEX_POINT('',#472);
#472 = CARTESIAN_POINT('',(-103.,-68.5,0.));
#473 = LINE('',#474,#475);
#474 = CARTESIAN_POINT('',(-114.,-68.5,0.));
#475 = VECTOR('',#476,1.);
#476 = DIRECTION('',(1.,0.,0.));
#477 = ORIENTED_EDGE('',*,*,#478,.F.);
#478 = EDGE_CURVE('',#479,#471,#481,.T.);
#479 = VERTEX_POINT('',#480);
#480 = CARTESIAN_POINT('',(-96.,-75.5,0.));
#481 = CIRCLE('',#482,7.);
#482 = AXIS2_PLACEMENT_3D('',#483,#484,#485);
#483 = CARTESIAN_POINT('',(-103.,-75.5,-8.313500547108E-15));
#484 = DIRECTION('',(-0.,0.,1.));
#485 = DIRECTION('',(0.,-1.,0.));
#486 = ORIENTED_EDGE('',*,*,#487,.T.);
#487 = EDGE_CURVE('',#479,#488,#490,.T.);
#488 = VERTEX_POINT('',#489);
#489 = CARTESIAN_POINT('',(-96.,-91.,-3.330669073875E-16));
#490 = LINE('',#491,#492);
#491 = CARTESIAN_POINT('',(-96.,-68.5,0.));
#492 = VECTOR('',#493,1.);
#493 = DIRECTION('',(0.,-1.,0.));
#494 = ORIENTED_EDGE('',*,*,#495,.T.);
#495 = EDGE_CURVE('',#488,#496,#498,.T.);
#496 = VERTEX_POINT('',#497);
#497 = CARTESIAN_POINT('',(-96.,-93.,-7.709463952355E-15));
#498 = LINE('',#499,#500);
#499 = CARTESIAN_POINT('',(-96.,-34.25,-8.313500547108E-15));
#500 = VECTOR('',#501,1.);
#501 = DIRECTION('',(0.,-1.,0.));
#502 = ORIENTED_EDGE('',*,*,#503,.T.);
#503 = EDGE_CURVE('',#496,#191,#504,.T.);
#504 = LINE('',#505,#506);
#505 = CARTESIAN_POINT('',(-96.,-93.,-7.709463952355E-15));
#506 = VECTOR('',#507,1.);
#507 = DIRECTION('',(1.,0.,0.));
#508 = ORIENTED_EDGE('',*,*,#198,.F.);
#509 = ORIENTED_EDGE('',*,*,#384,.F.);
#510 = ORIENTED_EDGE('',*,*,#511,.F.);
#511 = EDGE_CURVE('',#512,#377,#514,.T.);
#512 = VERTEX_POINT('',#513);
#513 = CARTESIAN_POINT('',(-114.,-87.,0.));
#514 = CIRCLE('',#515,7.);
#515 = AXIS2_PLACEMENT_3D('',#516,#517,#518);
#516 = CARTESIAN_POINT('',(-107.,-87.,-8.313500547108E-15));
#517 = DIRECTION('',(-0.,0.,1.));
#518 = DIRECTION('',(0.,-1.,0.));
#519 = ORIENTED_EDGE('',*,*,#520,.F.);
#520 = EDGE_CURVE('',#521,#512,#523,.T.);
#521 = VERTEX_POINT('',#522);
#522 = CARTESIAN_POINT('',(-114.,87.,0.));
#523 = LINE('',#524,#525);
#524 = CARTESIAN_POINT('',(-114.,94.,0.));
#525 = VECTOR('',#526,1.);
#526 = DIRECTION('',(0.,-1.,0.));
#527 = ORIENTED_EDGE('',*,*,#528,.T.);
#528 = EDGE_CURVE('',#521,#423,#529,.T.);
#529 = CIRCLE('',#530,7.);
#530 = AXIS2_PLACEMENT_3D('',#531,#532,#533);
#531 = CARTESIAN_POINT('',(-107.,87.,-8.313500547108E-15));
#532 = DIRECTION('',(-0.,-0.,-1.));
#533 = DIRECTION('',(0.,-1.,0.));
#534 = ORIENTED_EDGE('',*,*,#432,.F.);
#535 = ORIENTED_EDGE('',*,*,#134,.F.);
#536 = ORIENTED_EDGE('',*,*,#537,.T.);
#537 = EDGE_CURVE('',#135,#538,#540,.T.);
#538 = VERTEX_POINT('',#539);
#539 = CARTESIAN_POINT('',(-96.,93.,-8.313500547108E-15));
#540 = LINE('',#541,#542);
#541 = CARTESIAN_POINT('',(0.,93.,-8.313500547108E-15));
#542 = VECTOR('',#543,1.);
#543 = DIRECTION('',(-1.,0.,0.));
#544 = ORIENTED_EDGE('',*,*,#545,.F.);
#545 = EDGE_CURVE('',#546,#538,#548,.T.);
#546 = VERTEX_POINT('',#547);
#547 = CARTESIAN_POINT('',(-96.,91.,-2.053912595557E-14));
#548 = LINE('',#549,#550);
#549 = CARTESIAN_POINT('',(-96.,47.,-8.313500547108E-15));
#550 = VECTOR('',#551,1.);
#551 = DIRECTION('',(0.,1.,0.));
#552 = ORIENTED_EDGE('',*,*,#553,.T.);
#553 = EDGE_CURVE('',#546,#554,#556,.T.);
#554 = VERTEX_POINT('',#555);
#555 = CARTESIAN_POINT('',(-96.,75.5,0.));
#556 = LINE('',#557,#558);
#557 = CARTESIAN_POINT('',(-96.,94.,0.));
#558 = VECTOR('',#559,1.);
#559 = DIRECTION('',(0.,-1.,0.));
#560 = ORIENTED_EDGE('',*,*,#561,.T.);
#561 = EDGE_CURVE('',#554,#562,#564,.T.);
#562 = VERTEX_POINT('',#563);
#563 = CARTESIAN_POINT('',(-103.,68.5,0.));
#564 = CIRCLE('',#565,7.);
#565 = AXIS2_PLACEMENT_3D('',#566,#567,#568);
#566 = CARTESIAN_POINT('',(-103.,75.5,-8.313500547108E-15));
#567 = DIRECTION('',(-0.,-0.,-1.));
#568 = DIRECTION('',(0.,-1.,0.));
#569 = ORIENTED_EDGE('',*,*,#570,.T.);
#570 = EDGE_CURVE('',#562,#571,#573,.T.);
#571 = VERTEX_POINT('',#572);
#572 = CARTESIAN_POINT('',(-111.,68.5,-1.804112415016E-14));
#573 = LINE('',#574,#575);
#574 = CARTESIAN_POINT('',(-96.,68.5,0.));
#575 = VECTOR('',#576,1.);
#576 = DIRECTION('',(-1.,0.,0.));
#577 = ORIENTED_EDGE('',*,*,#578,.T.);
#578 = EDGE_CURVE('',#571,#579,#581,.T.);
#579 = VERTEX_POINT('',#580);
#580 = CARTESIAN_POINT('',(-113.,68.5,-3.812957482708E-14));
#581 = LINE('',#582,#583);
#582 = CARTESIAN_POINT('',(-88.11864406779,68.5,-8.313500547108E-15));
#583 = VECTOR('',#584,1.);
#584 = DIRECTION('',(-1.,0.,0.));
#585 = ORIENTED_EDGE('',*,*,#586,.F.);
#586 = EDGE_CURVE('',#587,#579,#589,.T.);
#587 = VERTEX_POINT('',#588);
#588 = CARTESIAN_POINT('',(-113.,-68.5,-7.709463952355E-15));
#589 = LINE('',#590,#591);
#590 = CARTESIAN_POINT('',(-113.,-68.5,-7.709463952355E-15));
#591 = VECTOR('',#592,1.);
#592 = DIRECTION('',(0.,1.,-2.22044604925E-16));
#593 = ORIENTED_EDGE('',*,*,#594,.F.);
#594 = EDGE_CURVE('',#469,#587,#595,.T.);
#595 = LINE('',#596,#597);
#596 = CARTESIAN_POINT('',(-97.11864406779,-68.5,-8.313500547108E-15));
#597 = VECTOR('',#598,1.);
#598 = DIRECTION('',(-1.,-0.,-0.));
#599 = FACE_BOUND('',#600,.T.);
#600 = EDGE_LOOP('',(#601,#612,#620,#628,#637,#645,#653,#662,#670));
#601 = ORIENTED_EDGE('',*,*,#602,.T.);
#602 = EDGE_CURVE('',#603,#605,#607,.T.);
#603 = VERTEX_POINT('',#604);
#604 = CARTESIAN_POINT('',(-105.3947139398,-86.47063620594,
    -7.993605777301E-15));
#605 = VERTEX_POINT('',#606);
#606 = CARTESIAN_POINT('',(-103.5032859633,-85.37861962654,
    -7.993605777301E-15));
#607 = CIRCLE('',#608,1.55);
#608 = AXIS2_PLACEMENT_3D('',#609,#610,#611);
#609 = CARTESIAN_POINT('',(-104.999,-84.972,-7.993605777301E-15));
#610 = DIRECTION('',(8.659560562355E-17,8.659560562355E-17,1.));
#611 = DIRECTION('',(-2.22044604925E-16,-1.,8.659560562355E-17));
#612 = ORIENTED_EDGE('',*,*,#613,.T.);
#613 = EDGE_CURVE('',#605,#614,#616,.T.);
#614 = VERTEX_POINT('',#615);
#615 = CARTESIAN_POINT('',(-102.799,-84.97199988832,-7.993605777301E-15)
  );
#616 = LINE('',#617,#618);
#617 = CARTESIAN_POINT('',(-75.94137984002,-69.46574384142,
    -8.153553162205E-15));
#618 = VECTOR('',#619,1.);
#619 = DIRECTION('',(0.866025378404,0.50000004396,-0.));
#620 = ORIENTED_EDGE('',*,*,#621,.T.);
#621 = EDGE_CURVE('',#614,#622,#624,.T.);
#622 = VERTEX_POINT('',#623);
#623 = CARTESIAN_POINT('',(-103.5032860046,-84.5653802216,
    -7.993605777301E-15));
#624 = LINE('',#625,#626);
#625 = CARTESIAN_POINT('',(-114.3853341533,-78.28262753011,
    -8.153553162205E-15));
#626 = VECTOR('',#627,1.);
#627 = DIRECTION('',(-0.866025429165,0.49999995604,0.));
#628 = ORIENTED_EDGE('',*,*,#629,.T.);
#629 = EDGE_CURVE('',#622,#630,#632,.T.);
#630 = VERTEX_POINT('',#631);
#631 = CARTESIAN_POINT('',(-105.394714092,-83.47336383422,
    -7.993605777301E-15));
#632 = CIRCLE('',#633,1.55);
#633 = AXIS2_PLACEMENT_3D('',#634,#635,#636);
#634 = CARTESIAN_POINT('',(-104.999,-84.972,-7.993605777301E-15));
#635 = DIRECTION('',(8.659560562355E-17,8.659560562355E-17,1.));
#636 = DIRECTION('',(-2.22044604925E-16,-1.,8.659560562355E-17));
#637 = ORIENTED_EDGE('',*,*,#638,.T.);
#638 = EDGE_CURVE('',#630,#639,#641,.T.);
#639 = VERTEX_POINT('',#640);
#640 = CARTESIAN_POINT('',(-106.0990000967,-83.06674416751,
    -7.993605777301E-15));
#641 = LINE('',#642,#643);
#642 = CARTESIAN_POINT('',(-114.3853341533,-78.28262753011,
    -8.153553162205E-15));
#643 = VECTOR('',#644,1.);
#644 = DIRECTION('',(-0.866025429165,0.49999995604,0.));
#645 = ORIENTED_EDGE('',*,*,#646,.T.);
#646 = EDGE_CURVE('',#639,#647,#649,.T.);
#647 = VERTEX_POINT('',#648);
#648 = CARTESIAN_POINT('',(-106.0990000554,-83.87998357244,
    -7.993605777301E-15));
#649 = LINE('',#650,#651);
#650 = CARTESIAN_POINT('',(-106.0990021082,-43.43862862846,
    -9.041731581905E-15));
#651 = VECTOR('',#652,1.);
#652 = DIRECTION('',(5.076101552796E-08,-1.,0.));
#653 = ORIENTED_EDGE('',*,*,#654,.T.);
#654 = EDGE_CURVE('',#647,#655,#657,.T.);
#655 = VERTEX_POINT('',#656);
#656 = CARTESIAN_POINT('',(-106.0989999445,-86.06401653922,
    -7.993605777301E-15));
#657 = CIRCLE('',#658,1.55);
#658 = AXIS2_PLACEMENT_3D('',#659,#660,#661);
#659 = CARTESIAN_POINT('',(-104.999,-84.972,-7.993605777301E-15));
#660 = DIRECTION('',(8.659560562355E-17,8.659560562355E-17,1.));
#661 = DIRECTION('',(-2.22044604925E-16,-1.,8.659560562355E-17));
#662 = ORIENTED_EDGE('',*,*,#663,.T.);
#663 = EDGE_CURVE('',#655,#664,#666,.T.);
#664 = VERTEX_POINT('',#665);
#665 = CARTESIAN_POINT('',(-106.0989999032,-86.87725594416,
    -7.993605777301E-15));
#666 = LINE('',#667,#668);
#667 = CARTESIAN_POINT('',(-106.0990021082,-43.43862862846,
    -9.041731581905E-15));
#668 = VECTOR('',#669,1.);
#669 = DIRECTION('',(5.076101552796E-08,-1.,0.));
#670 = ORIENTED_EDGE('',*,*,#671,.T.);
#671 = EDGE_CURVE('',#664,#603,#672,.T.);
#672 = LINE('',#673,#674);
#673 = CARTESIAN_POINT('',(-75.94137984002,-69.46574384142,
    -8.153553162205E-15));
#674 = VECTOR('',#675,1.);
#675 = DIRECTION('',(0.866025378404,0.50000004396,-0.));
#676 = FACE_BOUND('',#677,.T.);
#677 = EDGE_LOOP('',(#678));
#678 = ORIENTED_EDGE('',*,*,#679,.T.);
#679 = EDGE_CURVE('',#680,#680,#682,.T.);
#680 = VERTEX_POINT('',#681);
#681 = CARTESIAN_POINT('',(-102.,-76.,-8.72839385679E-15));
#682 = CIRCLE('',#683,3.);
#683 = AXIS2_PLACEMENT_3D('',#684,#685,#686);
#684 = CARTESIAN_POINT('',(-105.,-76.,-8.313500547108E-15));
#685 = DIRECTION('',(0.,0.,1.));
#686 = DIRECTION('',(1.,0.,0.));
#687 = FACE_BOUND('',#688,.T.);
#688 = EDGE_LOOP('',(#689,#700,#708,#716,#725,#733,#741,#750,#758));
#689 = ORIENTED_EDGE('',*,*,#690,.T.);
#690 = EDGE_CURVE('',#691,#693,#695,.T.);
#691 = VERTEX_POINT('',#692);
#692 = CARTESIAN_POINT('',(-105.3547139398,83.489363794054,
    -7.993605777301E-15));
#693 = VERTEX_POINT('',#694);
#694 = CARTESIAN_POINT('',(-103.4632859633,84.581380373457,
    -7.993605777301E-15));
#695 = CIRCLE('',#696,1.55);
#696 = AXIS2_PLACEMENT_3D('',#697,#698,#699);
#697 = CARTESIAN_POINT('',(-104.959,84.988,-7.993605777301E-15));
#698 = DIRECTION('',(8.659560562355E-17,8.659560562355E-17,1.));
#699 = DIRECTION('',(-2.22044604925E-16,-1.,8.659560562355E-17));
#700 = ORIENTED_EDGE('',*,*,#701,.T.);
#701 = EDGE_CURVE('',#693,#702,#704,.T.);
#702 = VERTEX_POINT('',#703);
#703 = CARTESIAN_POINT('',(-102.759,84.988000111674,-7.993605777301E-15)
  );
#704 = LINE('',#705,#706);
#705 = CARTESIAN_POINT('',(-112.7138014027,79.240592168304,
    -8.153553162205E-15));
#706 = VECTOR('',#707,1.);
#707 = DIRECTION('',(0.866025378404,0.50000004396,-0.));
#708 = ORIENTED_EDGE('',*,*,#709,.T.);
#709 = EDGE_CURVE('',#702,#710,#712,.T.);
#710 = VERTEX_POINT('',#711);
#711 = CARTESIAN_POINT('',(-103.4632860046,85.394619778391,
    -7.993605777301E-15));
#712 = LINE('',#713,#714);
#713 = CARTESIAN_POINT('',(-77.5629169043,70.441036459144,
    -8.153553162205E-15));
#714 = VECTOR('',#715,1.);
#715 = DIRECTION('',(-0.866025429165,0.49999995604,0.));
#716 = ORIENTED_EDGE('',*,*,#717,.T.);
#717 = EDGE_CURVE('',#710,#718,#720,.T.);
#718 = VERTEX_POINT('',#719);
#719 = CARTESIAN_POINT('',(-105.354714092,86.486636165772,
    -7.993605777301E-15));
#720 = CIRCLE('',#721,1.55);
#721 = AXIS2_PLACEMENT_3D('',#722,#723,#724);
#722 = CARTESIAN_POINT('',(-104.959,84.988,-7.993605777301E-15));
#723 = DIRECTION('',(8.659560562355E-17,8.659560562355E-17,1.));
#724 = DIRECTION('',(-2.22044604925E-16,-1.,8.659560562355E-17));
#725 = ORIENTED_EDGE('',*,*,#726,.T.);
#726 = EDGE_CURVE('',#718,#727,#729,.T.);
#727 = VERTEX_POINT('',#728);
#728 = CARTESIAN_POINT('',(-106.0590000967,86.893255832489,
    -7.993605777301E-15));
#729 = LINE('',#730,#731);
#730 = CARTESIAN_POINT('',(-77.5629169043,70.441036459144,
    -8.153553162205E-15));
#731 = VECTOR('',#732,1.);
#732 = DIRECTION('',(-0.866025429165,0.49999995604,0.));
#733 = ORIENTED_EDGE('',*,*,#734,.T.);
#734 = EDGE_CURVE('',#727,#735,#737,.T.);
#735 = VERTEX_POINT('',#736);
#736 = CARTESIAN_POINT('',(-106.0590000554,86.080016427555,
    -7.993605777301E-15));
#737 = LINE('',#738,#739);
#738 = CARTESIAN_POINT('',(-106.0589977946,41.54137137255,
    -9.041731581905E-15));
#739 = VECTOR('',#740,1.);
#740 = DIRECTION('',(5.076101552796E-08,-1.,0.));
#741 = ORIENTED_EDGE('',*,*,#742,.T.);
#742 = EDGE_CURVE('',#735,#743,#745,.T.);
#743 = VERTEX_POINT('',#744);
#744 = CARTESIAN_POINT('',(-106.0589999445,83.895983460771,
    -7.993605777301E-15));
#745 = CIRCLE('',#746,1.55);
#746 = AXIS2_PLACEMENT_3D('',#747,#748,#749);
#747 = CARTESIAN_POINT('',(-104.959,84.988,-7.993605777301E-15));
#748 = DIRECTION('',(8.659560562355E-17,8.659560562355E-17,1.));
#749 = DIRECTION('',(-2.22044604925E-16,-1.,8.659560562355E-17));
#750 = ORIENTED_EDGE('',*,*,#751,.T.);
#751 = EDGE_CURVE('',#743,#752,#754,.T.);
#752 = VERTEX_POINT('',#753);
#753 = CARTESIAN_POINT('',(-106.0589999032,83.082744055837,
    -7.993605777301E-15));
#754 = LINE('',#755,#756);
#755 = CARTESIAN_POINT('',(-106.0589977946,41.54137137255,
    -9.041731581905E-15));
#756 = VECTOR('',#757,1.);
#757 = DIRECTION('',(5.076101552796E-08,-1.,0.));
#758 = ORIENTED_EDGE('',*,*,#759,.T.);
#759 = EDGE_CURVE('',#752,#691,#760,.T.);
#760 = LINE('',#761,#762);
#761 = CARTESIAN_POINT('',(-112.7138014027,79.240592168304,
    -8.153553162205E-15));
#762 = VECTOR('',#763,1.);
#763 = DIRECTION('',(0.866025378404,0.50000004396,-0.));
#764 = FACE_BOUND('',#765,.T.);
#765 = EDGE_LOOP('',(#766));
#766 = ORIENTED_EDGE('',*,*,#767,.T.);
#767 = EDGE_CURVE('',#768,#768,#770,.T.);
#768 = VERTEX_POINT('',#769);
#769 = CARTESIAN_POINT('',(-102.,76.,-8.72839385679E-15));
#770 = CIRCLE('',#771,3.);
#771 = AXIS2_PLACEMENT_3D('',#772,#773,#774);
#772 = CARTESIAN_POINT('',(-105.,76.,-8.313500547108E-15));
#773 = DIRECTION('',(0.,0.,1.));
#774 = DIRECTION('',(1.,0.,0.));
#775 = PLANE('',#776);
#776 = AXIS2_PLACEMENT_3D('',#777,#778,#779);
#777 = CARTESIAN_POINT('',(-80.23728813559,0.,-8.313500547108E-15));
#778 = DIRECTION('',(-0.,-0.,-1.));
#779 = DIRECTION('',(-1.,0.,0.));
#780 = ADVANCED_FACE('',(#781),#799,.T.);
#781 = FACE_BOUND('',#782,.T.);
#782 = EDGE_LOOP('',(#783,#784,#792,#798));
#783 = ORIENTED_EDGE('',*,*,#142,.F.);
#784 = ORIENTED_EDGE('',*,*,#785,.T.);
#785 = EDGE_CURVE('',#143,#786,#788,.T.);
#786 = VERTEX_POINT('',#787);
#787 = CARTESIAN_POINT('',(-96.,91.,2.));
#788 = LINE('',#789,#790);
#789 = CARTESIAN_POINT('',(0.,91.,2.));
#790 = VECTOR('',#791,1.);
#791 = DIRECTION('',(-1.,0.,0.));
#792 = ORIENTED_EDGE('',*,*,#793,.T.);
#793 = EDGE_CURVE('',#786,#538,#794,.T.);
#794 = LINE('',#795,#796);
#795 = CARTESIAN_POINT('',(-96.,92.75,0.25));
#796 = VECTOR('',#797,1.);
#797 = DIRECTION('',(0.,0.707106781187,-0.707106781187));
#798 = ORIENTED_EDGE('',*,*,#537,.F.);
#799 = PLANE('',#800);
#800 = AXIS2_PLACEMENT_3D('',#801,#802,#803);
#801 = CARTESIAN_POINT('',(0.,92.,1.));
#802 = DIRECTION('',(0.,-0.707106781187,-0.707106781187));
#803 = DIRECTION('',(-1.,0.,0.));
#804 = ADVANCED_FACE('',(#805,#839,#925),#1011,.T.);
#805 = FACE_BOUND('',#806,.T.);
#806 = EDGE_LOOP('',(#807,#817,#823,#824,#825,#833));
#807 = ORIENTED_EDGE('',*,*,#808,.F.);
#808 = EDGE_CURVE('',#809,#811,#813,.T.);
#809 = VERTEX_POINT('',#810);
#810 = CARTESIAN_POINT('',(-96.,91.,15.99));
#811 = VERTEX_POINT('',#812);
#812 = CARTESIAN_POINT('',(-109.,91.,15.99));
#813 = LINE('',#814,#815);
#814 = CARTESIAN_POINT('',(-96.,91.,15.99));
#815 = VECTOR('',#816,1.);
#816 = DIRECTION('',(-1.,0.,0.));
#817 = ORIENTED_EDGE('',*,*,#818,.F.);
#818 = EDGE_CURVE('',#786,#809,#819,.T.);
#819 = LINE('',#820,#821);
#820 = CARTESIAN_POINT('',(-96.,91.,3.330669073875E-16));
#821 = VECTOR('',#822,1.);
#822 = DIRECTION('',(0.,0.,1.));
#823 = ORIENTED_EDGE('',*,*,#785,.F.);
#824 = ORIENTED_EDGE('',*,*,#150,.F.);
#825 = ORIENTED_EDGE('',*,*,#826,.F.);
#826 = EDGE_CURVE('',#827,#151,#829,.T.);
#827 = VERTEX_POINT('',#828);
#828 = CARTESIAN_POINT('',(-109.,91.,30.));
#829 = LINE('',#830,#831);
#830 = CARTESIAN_POINT('',(-111.,91.,30.));
#831 = VECTOR('',#832,1.);
#832 = DIRECTION('',(1.,0.,0.));
#833 = ORIENTED_EDGE('',*,*,#834,.F.);
#834 = EDGE_CURVE('',#811,#827,#835,.T.);
#835 = LINE('',#836,#837);
#836 = CARTESIAN_POINT('',(-109.,91.,15.99));
#837 = VECTOR('',#838,1.);
#838 = DIRECTION('',(0.,0.,1.));
#839 = FACE_BOUND('',#840,.T.);
#840 = EDGE_LOOP('',(#841,#852,#861,#869,#877,#886,#894,#902,#911,#919)
  );
#841 = ORIENTED_EDGE('',*,*,#842,.F.);
#842 = EDGE_CURVE('',#843,#845,#847,.T.);
#843 = VERTEX_POINT('',#844);
#844 = CARTESIAN_POINT('',(-2.5,91.,24.));
#845 = VERTEX_POINT('',#846);
#846 = CARTESIAN_POINT('',(-2.70903421872,91.,24.890191872735));
#847 = CIRCLE('',#848,2.);
#848 = AXIS2_PLACEMENT_3D('',#849,#850,#851);
#849 = CARTESIAN_POINT('',(-4.5,91.,24.));
#850 = DIRECTION('',(0.,-1.,-2.22044604925E-16));
#851 = DIRECTION('',(1.,0.,0.));
#852 = ORIENTED_EDGE('',*,*,#853,.F.);
#853 = EDGE_CURVE('',#854,#843,#856,.T.);
#854 = VERTEX_POINT('',#855);
#855 = CARTESIAN_POINT('',(-4.375445682742,91.,22.00388221238));
#856 = CIRCLE('',#857,2.);
#857 = AXIS2_PLACEMENT_3D('',#858,#859,#860);
#858 = CARTESIAN_POINT('',(-4.5,91.,24.));
#859 = DIRECTION('',(0.,-1.,-2.22044604925E-16));
#860 = DIRECTION('',(1.,0.,0.));
#861 = ORIENTED_EDGE('',*,*,#862,.T.);
#862 = EDGE_CURVE('',#854,#863,#865,.T.);
#863 = VERTEX_POINT('',#864);
#864 = CARTESIAN_POINT('',(-4.466357147431,91.,21.846418918086));
#865 = LINE('',#866,#867);
#866 = CARTESIAN_POINT('',(-7.685322905727,91.,16.271006023309));
#867 = VECTOR('',#868,1.);
#868 = DIRECTION('',(-0.49999995604,-0.,-0.866025429165));
#869 = ORIENTED_EDGE('',*,*,#870,.T.);
#870 = EDGE_CURVE('',#863,#871,#873,.T.);
#871 = VERTEX_POINT('',#872);
#872 = CARTESIAN_POINT('',(-4.555471460984,91.,22.000769418747));
#873 = LINE('',#874,#875);
#874 = CARTESIAN_POINT('',(0.8218263126,91.,12.6870175593));
#875 = VECTOR('',#876,1.);
#876 = DIRECTION('',(-0.50000004396,0.,0.866025378404));
#877 = ORIENTED_EDGE('',*,*,#878,.F.);
#878 = EDGE_CURVE('',#879,#871,#881,.T.);
#879 = VERTEX_POINT('',#880);
#880 = CARTESIAN_POINT('',(-6.259120298486,91.,24.951575417639));
#881 = CIRCLE('',#882,2.);
#882 = AXIS2_PLACEMENT_3D('',#883,#884,#885);
#883 = CARTESIAN_POINT('',(-4.5,91.,24.));
#884 = DIRECTION('',(0.,-1.,-2.22044604925E-16));
#885 = DIRECTION('',(1.,0.,0.));
#886 = ORIENTED_EDGE('',*,*,#887,.T.);
#887 = EDGE_CURVE('',#879,#888,#890,.T.);
#888 = VERTEX_POINT('',#889);
#889 = CARTESIAN_POINT('',(-6.371613203269,91.,25.146418821373));
#890 = LINE('',#891,#892);
#891 = CARTESIAN_POINT('',(0.8218263126,91.,12.6870175593));
#892 = VECTOR('',#893,1.);
#893 = DIRECTION('',(-0.50000004396,0.,0.866025378404));
#894 = ORIENTED_EDGE('',*,*,#895,.T.);
#895 = EDGE_CURVE('',#888,#896,#898,.T.);
#896 = VERTEX_POINT('',#897);
#897 = CARTESIAN_POINT('',(-6.138817823587,91.,25.14641883319));
#898 = LINE('',#899,#900);
#899 = CARTESIAN_POINT('',(-3.18580723986,91.,25.146418983087));
#900 = VECTOR('',#901,1.);
#901 = DIRECTION('',(1.,0.,5.076075748622E-08));
#902 = ORIENTED_EDGE('',*,*,#903,.F.);
#903 = EDGE_CURVE('',#904,#896,#906,.T.);
#904 = VERTEX_POINT('',#905);
#905 = CARTESIAN_POINT('',(-2.861182292799,91.,25.146418999565));
#906 = CIRCLE('',#907,2.);
#907 = AXIS2_PLACEMENT_3D('',#908,#909,#910);
#908 = CARTESIAN_POINT('',(-4.5,91.,24.));
#909 = DIRECTION('',(0.,-1.,-2.22044604925E-16));
#910 = DIRECTION('',(1.,0.,0.));
#911 = ORIENTED_EDGE('',*,*,#912,.T.);
#912 = EDGE_CURVE('',#904,#913,#915,.T.);
#913 = VERTEX_POINT('',#914);
#914 = CARTESIAN_POINT('',(-2.561101426617,91.,25.146419014799));
#915 = LINE('',#916,#917);
#916 = CARTESIAN_POINT('',(-3.18580723986,91.,25.146418983087));
#917 = VECTOR('',#918,1.);
#918 = DIRECTION('',(1.,0.,5.076075748622E-08));
#919 = ORIENTED_EDGE('',*,*,#920,.T.);
#920 = EDGE_CURVE('',#913,#845,#921,.T.);
#921 = LINE('',#922,#923);
#922 = CARTESIAN_POINT('',(-7.685322905727,91.,16.271006023309));
#923 = VECTOR('',#924,1.);
#924 = DIRECTION('',(-0.49999995604,-0.,-0.866025429165));
#925 = FACE_BOUND('',#926,.T.);
#926 = EDGE_LOOP('',(#927,#938,#947,#955,#963,#972,#980,#988,#997,#1005)
  );
#927 = ORIENTED_EDGE('',*,*,#928,.F.);
#928 = EDGE_CURVE('',#929,#931,#933,.T.);
#929 = VERTEX_POINT('',#930);
#930 = CARTESIAN_POINT('',(-2.5,91.,10.));
#931 = VERTEX_POINT('',#932);
#932 = CARTESIAN_POINT('',(-2.767065121693,91.,10.998467179004));
#933 = CIRCLE('',#934,2.);
#934 = AXIS2_PLACEMENT_3D('',#935,#936,#937);
#935 = CARTESIAN_POINT('',(-4.5,91.,10.));
#936 = DIRECTION('',(0.,-1.,-2.22044604925E-16));
#937 = DIRECTION('',(1.,0.,0.));
#938 = ORIENTED_EDGE('',*,*,#939,.F.);
#939 = EDGE_CURVE('',#940,#929,#942,.T.);
#940 = VERTEX_POINT('',#941);
#941 = CARTESIAN_POINT('',(-4.498230299666,91.,8.00000078296));
#942 = CIRCLE('',#943,2.);
#943 = AXIS2_PLACEMENT_3D('',#944,#945,#946);
#944 = CARTESIAN_POINT('',(-4.5,91.,10.));
#945 = DIRECTION('',(0.,-1.,-2.22044604925E-16));
#946 = DIRECTION('',(1.,0.,0.));
#947 = ORIENTED_EDGE('',*,*,#948,.T.);
#948 = EDGE_CURVE('',#940,#949,#951,.T.);
#949 = VERTEX_POINT('',#950);
#950 = CARTESIAN_POINT('',(-4.572817006225,91.,7.870812802483));
#951 = LINE('',#952,#953);
#952 = CARTESIAN_POINT('',(-4.752667979515,91.,7.55930174244));
#953 = VECTOR('',#954,1.);
#954 = DIRECTION('',(-0.49999995604,-0.,-0.866025429165));
#955 = ORIENTED_EDGE('',*,*,#956,.T.);
#956 = EDGE_CURVE('',#949,#957,#959,.T.);
#957 = VERTEX_POINT('',#958);
#958 = CARTESIAN_POINT('',(-4.650685279336,91.,8.005684591999));
#959 = LINE('',#960,#961);
#960 = CARTESIAN_POINT('',(-2.297133721208,91.,3.929214192962));
#961 = VECTOR('',#962,1.);
#962 = DIRECTION('',(-0.50000004396,0.,0.866025378404));
#963 = ORIENTED_EDGE('',*,*,#964,.F.);
#964 = EDGE_CURVE('',#965,#957,#967,.T.);
#965 = VERTEX_POINT('',#966);
#966 = CARTESIAN_POINT('',(-6.302470534141,91.,10.866660241129));
#967 = CIRCLE('',#968,2.);
#968 = AXIS2_PLACEMENT_3D('',#969,#970,#971);
#969 = CARTESIAN_POINT('',(-4.5,91.,10.));
#970 = DIRECTION('',(0.,-1.,-2.22044604925E-16));
#971 = DIRECTION('',(1.,0.,0.));
#972 = ORIENTED_EDGE('',*,*,#973,.T.);
#973 = EDGE_CURVE('',#965,#974,#976,.T.);
#974 = VERTEX_POINT('',#975);
#975 = CARTESIAN_POINT('',(-6.478073062063,91.,11.170812705771));
#976 = LINE('',#977,#978);
#977 = CARTESIAN_POINT('',(-2.297133721208,91.,3.929214192962));
#978 = VECTOR('',#979,1.);
#979 = DIRECTION('',(-0.50000004396,0.,0.866025378404));
#980 = ORIENTED_EDGE('',*,*,#981,.T.);
#981 = EDGE_CURVE('',#974,#982,#984,.T.);
#982 = VERTEX_POINT('',#983);
#983 = CARTESIAN_POINT('',(-6.121480054031,91.,11.170812723872));
#984 = LINE('',#985,#986);
#985 = CARTESIAN_POINT('',(-3.239036814551,91.,11.170812870187));
#986 = VECTOR('',#987,1.);
#987 = DIRECTION('',(1.,0.,5.076075748622E-08));
#988 = ORIENTED_EDGE('',*,*,#989,.F.);
#989 = EDGE_CURVE('',#990,#982,#992,.T.);
#990 = VERTEX_POINT('',#991);
#991 = CARTESIAN_POINT('',(-2.878520064832,91.,11.170812888487));
#992 = CIRCLE('',#993,2.);
#993 = AXIS2_PLACEMENT_3D('',#994,#995,#996);
#994 = CARTESIAN_POINT('',(-4.5,91.,10.));
#995 = DIRECTION('',(0.,-1.,-2.22044604925E-16));
#996 = DIRECTION('',(1.,0.,0.));
#997 = ORIENTED_EDGE('',*,*,#998,.T.);
#998 = EDGE_CURVE('',#990,#999,#1001,.T.);
#999 = VERTEX_POINT('',#1000);
#1000 = CARTESIAN_POINT('',(-2.667561285411,91.,11.170812899196));
#1001 = LINE('',#1002,#1003);
#1002 = CARTESIAN_POINT('',(-3.239036814551,91.,11.170812870187));
#1003 = VECTOR('',#1004,1.);
#1004 = DIRECTION('',(1.,0.,5.076075748622E-08));
#1005 = ORIENTED_EDGE('',*,*,#1006,.T.);
#1006 = EDGE_CURVE('',#999,#931,#1007,.T.);
#1007 = LINE('',#1008,#1009);
#1008 = CARTESIAN_POINT('',(-4.752667979515,91.,7.55930174244));
#1009 = VECTOR('',#1010,1.);
#1010 = DIRECTION('',(-0.49999995604,-0.,-0.866025429165));
#1011 = PLANE('',#1012);
#1012 = AXIS2_PLACEMENT_3D('',#1013,#1014,#1015);
#1013 = CARTESIAN_POINT('',(0.,91.,6.661338147751E-16));
#1014 = DIRECTION('',(0.,-1.,0.));
#1015 = DIRECTION('',(-1.,0.,0.));
#1016 = ADVANCED_FACE('',(#1017),#1035,.T.);
#1017 = FACE_BOUND('',#1018,.F.);
#1018 = EDGE_LOOP('',(#1019,#1027,#1033,#1034));
#1019 = ORIENTED_EDGE('',*,*,#1020,.F.);
#1020 = EDGE_CURVE('',#1021,#827,#1023,.T.);
#1021 = VERTEX_POINT('',#1022);
#1022 = CARTESIAN_POINT('',(-109.,89.,32.));
#1023 = LINE('',#1024,#1025);
#1024 = CARTESIAN_POINT('',(-109.,89.5,31.5));
#1025 = VECTOR('',#1026,1.);
#1026 = DIRECTION('',(7.691850745529E-15,0.707106781187,-0.707106781187)
  );
#1027 = ORIENTED_EDGE('',*,*,#1028,.T.);
#1028 = EDGE_CURVE('',#1021,#159,#1029,.T.);
#1029 = LINE('',#1030,#1031);
#1030 = CARTESIAN_POINT('',(-111.,89.,32.));
#1031 = VECTOR('',#1032,1.);
#1032 = DIRECTION('',(1.,0.,0.));
#1033 = ORIENTED_EDGE('',*,*,#158,.T.);
#1034 = ORIENTED_EDGE('',*,*,#826,.F.);
#1035 = PLANE('',#1036);
#1036 = AXIS2_PLACEMENT_3D('',#1037,#1038,#1039);
#1037 = CARTESIAN_POINT('',(-111.,90.,31.));
#1038 = DIRECTION('',(0.,-0.707106781187,-0.707106781187));
#1039 = DIRECTION('',(-1.,0.,0.));
#1040 = ADVANCED_FACE('',(#1041,#1059,#1070,#1081,#1092),#1103,.F.);
#1041 = FACE_BOUND('',#1042,.F.);
#1042 = EDGE_LOOP('',(#1043,#1044,#1045,#1053));
#1043 = ORIENTED_EDGE('',*,*,#166,.T.);
#1044 = ORIENTED_EDGE('',*,*,#1028,.F.);
#1045 = ORIENTED_EDGE('',*,*,#1046,.F.);
#1046 = EDGE_CURVE('',#1047,#1021,#1049,.T.);
#1047 = VERTEX_POINT('',#1048);
#1048 = CARTESIAN_POINT('',(-109.,-89.,32.));
#1049 = LINE('',#1050,#1051);
#1050 = CARTESIAN_POINT('',(-109.,-91.,32.));
#1051 = VECTOR('',#1052,1.);
#1052 = DIRECTION('',(0.,1.,-2.22044604925E-16));
#1053 = ORIENTED_EDGE('',*,*,#1054,.F.);
#1054 = EDGE_CURVE('',#167,#1047,#1055,.T.);
#1055 = LINE('',#1056,#1057);
#1056 = CARTESIAN_POINT('',(0.,-89.,32.));
#1057 = VECTOR('',#1058,1.);
#1058 = DIRECTION('',(-1.,0.,0.));
#1059 = FACE_BOUND('',#1060,.F.);
#1060 = EDGE_LOOP('',(#1061));
#1061 = ORIENTED_EDGE('',*,*,#1062,.F.);
#1062 = EDGE_CURVE('',#1063,#1063,#1065,.T.);
#1063 = VERTEX_POINT('',#1064);
#1064 = CARTESIAN_POINT('',(-5.998825873601,-18.46759499956,32.));
#1065 = CIRCLE('',#1066,35.64372724145);
#1066 = AXIS2_PLACEMENT_3D('',#1067,#1068,#1069);
#1067 = CARTESIAN_POINT('',(-41.64255311505,-18.46759499956,32.));
#1068 = DIRECTION('',(0.,0.,1.));
#1069 = DIRECTION('',(1.,0.,0.));
#1070 = FACE_BOUND('',#1071,.F.);
#1071 = EDGE_LOOP('',(#1072));
#1072 = ORIENTED_EDGE('',*,*,#1073,.F.);
#1073 = EDGE_CURVE('',#1074,#1074,#1076,.T.);
#1074 = VERTEX_POINT('',#1075);
#1075 = CARTESIAN_POINT('',(-73.14,-41.89,32.));
#1076 = CIRCLE('',#1077,15.);
#1077 = AXIS2_PLACEMENT_3D('',#1078,#1079,#1080);
#1078 = CARTESIAN_POINT('',(-88.14,-41.89,32.));
#1079 = DIRECTION('',(0.,0.,1.));
#1080 = DIRECTION('',(1.,0.,0.));
#1081 = FACE_BOUND('',#1082,.F.);
#1082 = EDGE_LOOP('',(#1083));
#1083 = ORIENTED_EDGE('',*,*,#1084,.T.);
#1084 = EDGE_CURVE('',#1085,#1085,#1087,.T.);
#1085 = VERTEX_POINT('',#1086);
#1086 = CARTESIAN_POINT('',(-62.603,33.12,32.));
#1087 = CIRCLE('',#1088,6.);
#1088 = AXIS2_PLACEMENT_3D('',#1089,#1090,#1091);
#1089 = CARTESIAN_POINT('',(-68.603,33.12,32.));
#1090 = DIRECTION('',(0.,-2.22044604925E-16,-1.));
#1091 = DIRECTION('',(1.,0.,0.));
#1092 = FACE_BOUND('',#1093,.F.);
#1093 = EDGE_LOOP('',(#1094));
#1094 = ORIENTED_EDGE('',*,*,#1095,.T.);
#1095 = EDGE_CURVE('',#1096,#1096,#1098,.T.);
#1096 = VERTEX_POINT('',#1097);
#1097 = CARTESIAN_POINT('',(-62.613,-68.62,32.));
#1098 = CIRCLE('',#1099,6.);
#1099 = AXIS2_PLACEMENT_3D('',#1100,#1101,#1102);
#1100 = CARTESIAN_POINT('',(-68.613,-68.62,32.));
#1101 = DIRECTION('',(0.,-2.22044604925E-16,-1.));
#1102 = DIRECTION('',(1.,1.972152263053E-31,-4.379057701015E-47));
#1103 = PLANE('',#1104);
#1104 = AXIS2_PLACEMENT_3D('',#1105,#1106,#1107);
#1105 = CARTESIAN_POINT('',(0.,-91.,32.));
#1106 = DIRECTION('',(0.,2.22044604925E-16,1.));
#1107 = DIRECTION('',(-1.,0.,0.));
#1108 = ADVANCED_FACE('',(#1109),#1127,.T.);
#1109 = FACE_BOUND('',#1110,.F.);
#1110 = EDGE_LOOP('',(#1111,#1112,#1113,#1121));
#1111 = ORIENTED_EDGE('',*,*,#174,.F.);
#1112 = ORIENTED_EDGE('',*,*,#1054,.T.);
#1113 = ORIENTED_EDGE('',*,*,#1114,.F.);
#1114 = EDGE_CURVE('',#1115,#1047,#1117,.T.);
#1115 = VERTEX_POINT('',#1116);
#1116 = CARTESIAN_POINT('',(-109.,-91.,30.));
#1117 = LINE('',#1118,#1119);
#1118 = CARTESIAN_POINT('',(-109.,-90.5,30.5));
#1119 = VECTOR('',#1120,1.);
#1120 = DIRECTION('',(-5.768888059147E-16,0.707106781187,0.707106781187)
  );
#1121 = ORIENTED_EDGE('',*,*,#1122,.F.);
#1122 = EDGE_CURVE('',#175,#1115,#1123,.T.);
#1123 = LINE('',#1124,#1125);
#1124 = CARTESIAN_POINT('',(0.,-91.,30.));
#1125 = VECTOR('',#1126,1.);
#1126 = DIRECTION('',(-1.,0.,0.));
#1127 = PLANE('',#1128);
#1128 = AXIS2_PLACEMENT_3D('',#1129,#1130,#1131);
#1129 = CARTESIAN_POINT('',(0.,-90.,31.));
#1130 = DIRECTION('',(0.,0.707106781187,-0.707106781187));
#1131 = DIRECTION('',(1.,0.,0.));
#1132 = ADVANCED_FACE('',(#1133,#1167,#1253),#1339,.T.);
#1133 = FACE_BOUND('',#1134,.T.);
#1134 = EDGE_LOOP('',(#1135,#1145,#1151,#1152,#1153,#1161));
#1135 = ORIENTED_EDGE('',*,*,#1136,.F.);
#1136 = EDGE_CURVE('',#1137,#1139,#1141,.T.);
#1137 = VERTEX_POINT('',#1138);
#1138 = CARTESIAN_POINT('',(-109.,-91.,15.99));
#1139 = VERTEX_POINT('',#1140);
#1140 = CARTESIAN_POINT('',(-96.,-91.,15.99));
#1141 = LINE('',#1142,#1143);
#1142 = CARTESIAN_POINT('',(-111.,-91.,15.99));
#1143 = VECTOR('',#1144,1.);
#1144 = DIRECTION('',(1.,0.,0.));
#1145 = ORIENTED_EDGE('',*,*,#1146,.F.);
#1146 = EDGE_CURVE('',#1115,#1137,#1147,.T.);
#1147 = LINE('',#1148,#1149);
#1148 = CARTESIAN_POINT('',(-109.,-91.,32.));
#1149 = VECTOR('',#1150,1.);
#1150 = DIRECTION('',(0.,-2.22044604925E-16,-1.));
#1151 = ORIENTED_EDGE('',*,*,#1122,.F.);
#1152 = ORIENTED_EDGE('',*,*,#182,.F.);
#1153 = ORIENTED_EDGE('',*,*,#1154,.F.);
#1154 = EDGE_CURVE('',#1155,#183,#1157,.T.);
#1155 = VERTEX_POINT('',#1156);
#1156 = CARTESIAN_POINT('',(-96.,-91.,2.));
#1157 = LINE('',#1158,#1159);
#1158 = CARTESIAN_POINT('',(-96.,-91.,2.));
#1159 = VECTOR('',#1160,1.);
#1160 = DIRECTION('',(1.,0.,0.));
#1161 = ORIENTED_EDGE('',*,*,#1162,.T.);
#1162 = EDGE_CURVE('',#1155,#1139,#1163,.T.);
#1163 = LINE('',#1164,#1165);
#1164 = CARTESIAN_POINT('',(-96.,-91.,8.));
#1165 = VECTOR('',#1166,1.);
#1166 = DIRECTION('',(0.,0.,1.));
#1167 = FACE_BOUND('',#1168,.T.);
#1168 = EDGE_LOOP('',(#1169,#1180,#1189,#1197,#1205,#1214,#1222,#1230,
    #1239,#1247));
#1169 = ORIENTED_EDGE('',*,*,#1170,.T.);
#1170 = EDGE_CURVE('',#1171,#1173,#1175,.T.);
#1171 = VERTEX_POINT('',#1172);
#1172 = CARTESIAN_POINT('',(-4.33663729046,-91.,8.006683009371));
#1173 = VERTEX_POINT('',#1174);
#1174 = CARTESIAN_POINT('',(-2.5,-91.,10.));
#1175 = CIRCLE('',#1176,2.);
#1176 = AXIS2_PLACEMENT_3D('',#1177,#1178,#1179);
#1177 = CARTESIAN_POINT('',(-4.5,-91.,10.));
#1178 = DIRECTION('',(0.,-1.,-2.22044604925E-16));
#1179 = DIRECTION('',(1.,0.,0.));
#1180 = ORIENTED_EDGE('',*,*,#1181,.T.);
#1181 = EDGE_CURVE('',#1173,#1182,#1184,.T.);
#1182 = VERTEX_POINT('',#1183);
#1183 = CARTESIAN_POINT('',(-2.692055580369,-91.,10.855182422367));
#1184 = CIRCLE('',#1185,2.);
#1185 = AXIS2_PLACEMENT_3D('',#1186,#1187,#1188);
#1186 = CARTESIAN_POINT('',(-4.5,-91.,10.));
#1187 = DIRECTION('',(0.,-1.,-2.22044604925E-16));
#1188 = DIRECTION('',(1.,0.,0.));
#1189 = ORIENTED_EDGE('',*,*,#1190,.T.);
#1190 = EDGE_CURVE('',#1182,#1191,#1193,.T.);
#1191 = VERTEX_POINT('',#1192);
#1192 = CARTESIAN_POINT('',(-2.530958745033,-91.,11.134210358818));
#1193 = LINE('',#1194,#1195);
#1194 = CARTESIAN_POINT('',(-8.098613439707,-91.,1.490748418171));
#1195 = VECTOR('',#1196,1.);
#1196 = DIRECTION('',(0.49999995604,-0.,0.866025429165));
#1197 = ORIENTED_EDGE('',*,*,#1198,.T.);
#1198 = EDGE_CURVE('',#1191,#1199,#1201,.T.);
#1199 = VERTEX_POINT('',#1200);
#1200 = CARTESIAN_POINT('',(-2.852709224514,-91.,11.134210342484));
#1201 = LINE('',#1202,#1203);
#1202 = CARTESIAN_POINT('',(-30.92073513734,-91.,11.13420891773));
#1203 = VECTOR('',#1204,1.);
#1204 = DIRECTION('',(-1.,0.,-5.076075748622E-08));
#1205 = ORIENTED_EDGE('',*,*,#1206,.T.);
#1206 = EDGE_CURVE('',#1199,#1207,#1209,.T.);
#1207 = VERTEX_POINT('',#1208);
#1208 = CARTESIAN_POINT('',(-6.147290890633,-91.,11.134210175249));
#1209 = CIRCLE('',#1210,2.);
#1210 = AXIS2_PLACEMENT_3D('',#1211,#1212,#1213);
#1211 = CARTESIAN_POINT('',(-4.5,-91.,10.));
#1212 = DIRECTION('',(0.,-1.,-2.22044604925E-16));
#1213 = DIRECTION('',(1.,0.,0.));
#1214 = ORIENTED_EDGE('',*,*,#1215,.T.);
#1215 = EDGE_CURVE('',#1207,#1216,#1218,.T.);
#1216 = VERTEX_POINT('',#1217);
#1217 = CARTESIAN_POINT('',(-6.341470521685,-91.,11.134210165392));
#1218 = LINE('',#1219,#1220);
#1219 = CARTESIAN_POINT('',(-30.92073513734,-91.,11.13420891773));
#1220 = VECTOR('',#1221,1.);
#1221 = DIRECTION('',(-1.,0.,-5.076075748622E-08));
#1222 = ORIENTED_EDGE('',*,*,#1223,.T.);
#1223 = EDGE_CURVE('',#1216,#1224,#1226,.T.);
#1224 = VERTEX_POINT('',#1225);
#1225 = CARTESIAN_POINT('',(-6.247868951922,-91.,10.972087509902));
#1226 = LINE('',#1227,#1228);
#1227 = CARTESIAN_POINT('',(-12.58713422237,-91.,21.952015753837));
#1228 = VECTOR('',#1229,1.);
#1229 = DIRECTION('',(0.50000004396,0.,-0.866025378404));
#1230 = ORIENTED_EDGE('',*,*,#1231,.T.);
#1231 = EDGE_CURVE('',#1224,#1232,#1234,.T.);
#1232 = VERTEX_POINT('',#1233);
#1233 = CARTESIAN_POINT('',(-4.532081794667,-91.,8.000257326942));
#1234 = CIRCLE('',#1235,2.);
#1235 = AXIS2_PLACEMENT_3D('',#1236,#1237,#1238);
#1236 = CARTESIAN_POINT('',(-4.5,-91.,10.));
#1237 = DIRECTION('',(0.,-1.,-2.22044604925E-16));
#1238 = DIRECTION('',(1.,0.,0.));
#1239 = ORIENTED_EDGE('',*,*,#1240,.T.);
#1240 = EDGE_CURVE('',#1232,#1241,#1243,.T.);
#1241 = VERTEX_POINT('',#1242);
#1242 = CARTESIAN_POINT('',(-4.436214465847,-91.,7.834210262105));
#1243 = LINE('',#1244,#1245);
#1244 = CARTESIAN_POINT('',(-12.58713422237,-91.,21.952015753837));
#1245 = VECTOR('',#1246,1.);
#1246 = DIRECTION('',(0.50000004396,0.,-0.866025378404));
#1247 = ORIENTED_EDGE('',*,*,#1248,.T.);
#1248 = EDGE_CURVE('',#1241,#1171,#1249,.T.);
#1249 = LINE('',#1250,#1251);
#1250 = CARTESIAN_POINT('',(-8.098613439707,-91.,1.490748418171));
#1251 = VECTOR('',#1252,1.);
#1252 = DIRECTION('',(0.49999995604,-0.,0.866025429165));
#1253 = FACE_BOUND('',#1254,.T.);
#1254 = EDGE_LOOP('',(#1255,#1266,#1275,#1283,#1291,#1300,#1308,#1316,
    #1325,#1333));
#1255 = ORIENTED_EDGE('',*,*,#1256,.T.);
#1256 = EDGE_CURVE('',#1257,#1259,#1261,.T.);
#1257 = VERTEX_POINT('',#1258);
#1258 = CARTESIAN_POINT('',(-4.326424192684,-91.,22.007546377173));
#1259 = VERTEX_POINT('',#1260);
#1260 = CARTESIAN_POINT('',(-2.5,-91.,24.));
#1261 = CIRCLE('',#1262,2.);
#1262 = AXIS2_PLACEMENT_3D('',#1263,#1264,#1265);
#1263 = CARTESIAN_POINT('',(-4.5,-91.,24.));
#1264 = DIRECTION('',(0.,-1.,-2.22044604925E-16));
#1265 = DIRECTION('',(1.,0.,0.));
#1266 = ORIENTED_EDGE('',*,*,#1267,.T.);
#1267 = EDGE_CURVE('',#1259,#1268,#1270,.T.);
#1268 = VERTEX_POINT('',#1269);
#1269 = CARTESIAN_POINT('',(-2.68769672899,-91.,24.845905936783));
#1270 = CIRCLE('',#1271,2.);
#1271 = AXIS2_PLACEMENT_3D('',#1272,#1273,#1274);
#1272 = CARTESIAN_POINT('',(-4.5,-91.,24.));
#1273 = DIRECTION('',(0.,-1.,-2.22044604925E-16));
#1274 = DIRECTION('',(1.,0.,0.));
#1275 = ORIENTED_EDGE('',*,*,#1276,.T.);
#1276 = EDGE_CURVE('',#1268,#1277,#1279,.T.);
#1277 = VERTEX_POINT('',#1278);
#1278 = CARTESIAN_POINT('',(-2.560742442769,-91.,25.065797236534));
#1279 = LINE('',#1280,#1281);
#1280 = CARTESIAN_POINT('',(-11.14095103686,-91.,10.204438269863));
#1281 = VECTOR('',#1282,1.);
#1282 = DIRECTION('',(0.49999995604,-0.,0.866025429165));
#1283 = ORIENTED_EDGE('',*,*,#1284,.T.);
#1284 = EDGE_CURVE('',#1277,#1285,#1287,.T.);
#1285 = VERTEX_POINT('',#1286);
#1286 = CARTESIAN_POINT('',(-2.807641799939,-91.,25.065797224));
#1287 = LINE('',#1288,#1289);
#1288 = CARTESIAN_POINT('',(-30.9356273398,-91.,25.065795796202));
#1289 = VECTOR('',#1290,1.);
#1290 = DIRECTION('',(-1.,0.,-5.076075748622E-08));
#1291 = ORIENTED_EDGE('',*,*,#1292,.T.);
#1292 = EDGE_CURVE('',#1285,#1293,#1295,.T.);
#1293 = VERTEX_POINT('',#1294);
#1294 = CARTESIAN_POINT('',(-6.192358308262,-91.,25.065797052189));
#1295 = CIRCLE('',#1296,2.);
#1296 = AXIS2_PLACEMENT_3D('',#1297,#1298,#1299);
#1297 = CARTESIAN_POINT('',(-4.5,-91.,24.));
#1298 = DIRECTION('',(0.,-1.,-2.22044604925E-16));
#1299 = DIRECTION('',(1.,0.,0.));
#1300 = ORIENTED_EDGE('',*,*,#1301,.T.);
#1301 = EDGE_CURVE('',#1293,#1302,#1304,.T.);
#1302 = VERTEX_POINT('',#1303);
#1303 = CARTESIAN_POINT('',(-6.371254219421,-91.,25.065797043108));
#1304 = LINE('',#1305,#1306);
#1305 = CARTESIAN_POINT('',(-30.9356273398,-91.,25.065795796202));
#1306 = VECTOR('',#1307,1.);
#1307 = DIRECTION('',(-1.,0.,-5.076075748622E-08));
#1308 = ORIENTED_EDGE('',*,*,#1309,.T.);
#1309 = EDGE_CURVE('',#1302,#1310,#1312,.T.);
#1310 = VERTEX_POINT('',#1311);
#1311 = CARTESIAN_POINT('',(-6.281133974482,-91.,24.909704218384));
#1312 = LINE('',#1313,#1314);
#1313 = CARTESIAN_POINT('',(-9.596917742663,-91.,30.652809498535));
#1314 = VECTOR('',#1315,1.);
#1315 = DIRECTION('',(0.50000004396,0.,-0.866025378404));
#1316 = ORIENTED_EDGE('',*,*,#1317,.T.);
#1317 = EDGE_CURVE('',#1310,#1318,#1320,.T.);
#1318 = VERTEX_POINT('',#1319);
#1319 = CARTESIAN_POINT('',(-4.602739821415,-91.,22.002640610933));
#1320 = CIRCLE('',#1321,2.);
#1321 = AXIS2_PLACEMENT_3D('',#1322,#1323,#1324);
#1322 = CARTESIAN_POINT('',(-4.5,-91.,24.));
#1323 = DIRECTION('',(0.,-1.,-2.22044604925E-16));
#1324 = DIRECTION('',(1.,0.,0.));
#1325 = ORIENTED_EDGE('',*,*,#1326,.T.);
#1326 = EDGE_CURVE('',#1318,#1327,#1329,.T.);
#1327 = VERTEX_POINT('',#1328);
#1328 = CARTESIAN_POINT('',(-4.465998163583,-91.,21.765797139821));
#1329 = LINE('',#1330,#1331);
#1330 = CARTESIAN_POINT('',(-9.596917742663,-91.,30.652809498535));
#1331 = VECTOR('',#1332,1.);
#1332 = DIRECTION('',(0.50000004396,0.,-0.866025378404));
#1333 = ORIENTED_EDGE('',*,*,#1334,.T.);
#1334 = EDGE_CURVE('',#1327,#1257,#1335,.T.);
#1335 = LINE('',#1336,#1337);
#1336 = CARTESIAN_POINT('',(-11.14095103686,-91.,10.204438269863));
#1337 = VECTOR('',#1338,1.);
#1338 = DIRECTION('',(0.49999995604,-0.,0.866025429165));
#1339 = PLANE('',#1340);
#1340 = AXIS2_PLACEMENT_3D('',#1341,#1342,#1343);
#1341 = CARTESIAN_POINT('',(-55.5,-91.,16.));
#1342 = DIRECTION('',(0.,1.,0.));
#1343 = DIRECTION('',(0.,0.,1.));
#1344 = ADVANCED_FACE('',(#1345),#1356,.T.);
#1345 = FACE_BOUND('',#1346,.T.);
#1346 = EDGE_LOOP('',(#1347,#1353,#1354,#1355));
#1347 = ORIENTED_EDGE('',*,*,#1348,.F.);
#1348 = EDGE_CURVE('',#1155,#496,#1349,.T.);
#1349 = LINE('',#1350,#1351);
#1350 = CARTESIAN_POINT('',(-96.,-86.375,6.625));
#1351 = VECTOR('',#1352,1.);
#1352 = DIRECTION('',(0.,-0.707106781187,-0.707106781187));
#1353 = ORIENTED_EDGE('',*,*,#1154,.T.);
#1354 = ORIENTED_EDGE('',*,*,#190,.T.);
#1355 = ORIENTED_EDGE('',*,*,#503,.F.);
#1356 = PLANE('',#1357);
#1357 = AXIS2_PLACEMENT_3D('',#1358,#1359,#1360);
#1358 = CARTESIAN_POINT('',(-96.,-92.,1.));
#1359 = DIRECTION('',(0.,0.707106781187,-0.707106781187));
#1360 = DIRECTION('',(1.,0.,0.));
#1361 = ADVANCED_FACE('',(#1362),#1373,.T.);
#1362 = FACE_BOUND('',#1363,.T.);
#1363 = EDGE_LOOP('',(#1364,#1365,#1366,#1367));
#1364 = ORIENTED_EDGE('',*,*,#236,.F.);
#1365 = ORIENTED_EDGE('',*,*,#422,.F.);
#1366 = ORIENTED_EDGE('',*,*,#528,.F.);
#1367 = ORIENTED_EDGE('',*,*,#1368,.T.);
#1368 = EDGE_CURVE('',#521,#237,#1369,.T.);
#1369 = LINE('',#1370,#1371);
#1370 = CARTESIAN_POINT('',(-114.,87.,0.));
#1371 = VECTOR('',#1372,1.);
#1372 = DIRECTION('',(0.,0.,1.));
#1373 = CYLINDRICAL_SURFACE('',#1374,7.);
#1374 = AXIS2_PLACEMENT_3D('',#1375,#1376,#1377);
#1375 = CARTESIAN_POINT('',(-107.,87.,0.));
#1376 = DIRECTION('',(0.,0.,1.));
#1377 = DIRECTION('',(-1.,0.,0.));
#1378 = ADVANCED_FACE('',(#1379,#1390,#1460,#1471,#1482,#1493),#1527,.T.
  );
#1379 = FACE_BOUND('',#1380,.T.);
#1380 = EDGE_LOOP('',(#1381,#1382,#1383,#1389));
#1381 = ORIENTED_EDGE('',*,*,#1368,.F.);
#1382 = ORIENTED_EDGE('',*,*,#520,.T.);
#1383 = ORIENTED_EDGE('',*,*,#1384,.T.);
#1384 = EDGE_CURVE('',#512,#264,#1385,.T.);
#1385 = LINE('',#1386,#1387);
#1386 = CARTESIAN_POINT('',(-114.,-87.,0.));
#1387 = VECTOR('',#1388,1.);
#1388 = DIRECTION('',(0.,0.,1.));
#1389 = ORIENTED_EDGE('',*,*,#271,.F.);
#1390 = FACE_BOUND('',#1391,.T.);
#1391 = EDGE_LOOP('',(#1392,#1402,#1411,#1419,#1428,#1436,#1445,#1453));
#1392 = ORIENTED_EDGE('',*,*,#1393,.F.);
#1393 = EDGE_CURVE('',#1394,#1396,#1398,.T.);
#1394 = VERTEX_POINT('',#1395);
#1395 = CARTESIAN_POINT('',(-114.,52.937207000012,3.844933));
#1396 = VERTEX_POINT('',#1397);
#1397 = CARTESIAN_POINT('',(-114.,46.932206999988,3.844933));
#1398 = LINE('',#1399,#1400);
#1399 = CARTESIAN_POINT('',(-114.,52.937207000012,3.844933));
#1400 = VECTOR('',#1401,1.);
#1401 = DIRECTION('',(0.,-1.,0.));
#1402 = ORIENTED_EDGE('',*,*,#1403,.F.);
#1403 = EDGE_CURVE('',#1404,#1394,#1406,.T.);
#1404 = VERTEX_POINT('',#1405);
#1405 = CARTESIAN_POINT('',(-114.,56.434707,7.342432999988));
#1406 = CIRCLE('',#1407,3.497499999988);
#1407 = AXIS2_PLACEMENT_3D('',#1408,#1409,#1410);
#1408 = CARTESIAN_POINT('',(-114.,52.937207000012,7.342432999988));
#1409 = DIRECTION('',(-1.,0.,-0.));
#1410 = DIRECTION('',(0.,1.,-3.556269948766E-16));
#1411 = ORIENTED_EDGE('',*,*,#1412,.F.);
#1412 = EDGE_CURVE('',#1413,#1404,#1415,.T.);
#1413 = VERTEX_POINT('',#1414);
#1414 = CARTESIAN_POINT('',(-114.,56.434707,7.347433000012));
#1415 = LINE('',#1416,#1417);
#1416 = CARTESIAN_POINT('',(-114.,56.434707,7.347433000012));
#1417 = VECTOR('',#1418,1.);
#1418 = DIRECTION('',(0.,0.,-1.));
#1419 = ORIENTED_EDGE('',*,*,#1420,.F.);
#1420 = EDGE_CURVE('',#1421,#1413,#1423,.T.);
#1421 = VERTEX_POINT('',#1422);
#1422 = CARTESIAN_POINT('',(-114.,52.937207000012,10.844933));
#1423 = CIRCLE('',#1424,3.497499999988);
#1424 = AXIS2_PLACEMENT_3D('',#1425,#1426,#1427);
#1425 = CARTESIAN_POINT('',(-114.,52.937207000012,7.347433000012));
#1426 = DIRECTION('',(-1.,0.,0.));
#1427 = DIRECTION('',(0.,0.,1.));
#1428 = ORIENTED_EDGE('',*,*,#1429,.F.);
#1429 = EDGE_CURVE('',#1430,#1421,#1432,.T.);
#1430 = VERTEX_POINT('',#1431);
#1431 = CARTESIAN_POINT('',(-114.,46.932206999988,10.844933));
#1432 = LINE('',#1433,#1434);
#1433 = CARTESIAN_POINT('',(-114.,46.932206999988,10.844933));
#1434 = VECTOR('',#1435,1.);
#1435 = DIRECTION('',(0.,1.,0.));
#1436 = ORIENTED_EDGE('',*,*,#1437,.F.);
#1437 = EDGE_CURVE('',#1438,#1430,#1440,.T.);
#1438 = VERTEX_POINT('',#1439);
#1439 = CARTESIAN_POINT('',(-114.,43.434707,7.347433000012));
#1440 = CIRCLE('',#1441,3.497499999988);
#1441 = AXIS2_PLACEMENT_3D('',#1442,#1443,#1444);
#1442 = CARTESIAN_POINT('',(-114.,46.932206999988,7.347433000012));
#1443 = DIRECTION('',(-1.,0.,0.));
#1444 = DIRECTION('',(0.,-1.,0.));
#1445 = ORIENTED_EDGE('',*,*,#1446,.F.);
#1446 = EDGE_CURVE('',#1447,#1438,#1449,.T.);
#1447 = VERTEX_POINT('',#1448);
#1448 = CARTESIAN_POINT('',(-114.,43.434707,7.342432999988));
#1449 = LINE('',#1450,#1451);
#1450 = CARTESIAN_POINT('',(-114.,43.434707,7.342432999988));
#1451 = VECTOR('',#1452,1.);
#1452 = DIRECTION('',(0.,0.,1.));
#1453 = ORIENTED_EDGE('',*,*,#1454,.F.);
#1454 = EDGE_CURVE('',#1396,#1447,#1455,.T.);
#1455 = CIRCLE('',#1456,3.497499999988);
#1456 = AXIS2_PLACEMENT_3D('',#1457,#1458,#1459);
#1457 = CARTESIAN_POINT('',(-114.,46.932206999988,7.342432999988));
#1458 = DIRECTION('',(-1.,-0.,-0.));
#1459 = DIRECTION('',(0.,0.,-1.));
#1460 = FACE_BOUND('',#1461,.T.);
#1461 = EDGE_LOOP('',(#1462));
#1462 = ORIENTED_EDGE('',*,*,#1463,.F.);
#1463 = EDGE_CURVE('',#1464,#1464,#1466,.T.);
#1464 = VERTEX_POINT('',#1465);
#1465 = CARTESIAN_POINT('',(-114.,47.542419,19.984044));
#1466 = CIRCLE('',#1467,2.);
#1467 = AXIS2_PLACEMENT_3D('',#1468,#1469,#1470);
#1468 = CARTESIAN_POINT('',(-114.,49.542419,19.984044));
#1469 = DIRECTION('',(-1.,0.,0.));
#1470 = DIRECTION('',(0.,-1.,0.));
#1471 = FACE_BOUND('',#1472,.T.);
#1472 = EDGE_LOOP('',(#1473));
#1473 = ORIENTED_EDGE('',*,*,#1474,.F.);
#1474 = EDGE_CURVE('',#1475,#1475,#1477,.T.);
#1475 = VERTEX_POINT('',#1476);
#1476 = CARTESIAN_POINT('',(-114.,17.542419,19.913));
#1477 = CIRCLE('',#1478,2.);
#1478 = AXIS2_PLACEMENT_3D('',#1479,#1480,#1481);
#1479 = CARTESIAN_POINT('',(-114.,19.542419,19.913));
#1480 = DIRECTION('',(-1.,0.,0.));
#1481 = DIRECTION('',(0.,-1.,0.));
#1482 = FACE_BOUND('',#1483,.T.);
#1483 = EDGE_LOOP('',(#1484));
#1484 = ORIENTED_EDGE('',*,*,#1485,.F.);
#1485 = EDGE_CURVE('',#1486,#1486,#1488,.T.);
#1486 = VERTEX_POINT('',#1487);
#1487 = CARTESIAN_POINT('',(-114.,-12.452281,20.101744));
#1488 = CIRCLE('',#1489,2.);
#1489 = AXIS2_PLACEMENT_3D('',#1490,#1491,#1492);
#1490 = CARTESIAN_POINT('',(-114.,-10.452281,20.101744));
#1491 = DIRECTION('',(-1.,0.,0.));
#1492 = DIRECTION('',(0.,-1.,0.));
#1493 = FACE_BOUND('',#1494,.T.);
#1494 = EDGE_LOOP('',(#1495,#1505,#1513,#1521));
#1495 = ORIENTED_EDGE('',*,*,#1496,.F.);
#1496 = EDGE_CURVE('',#1497,#1499,#1501,.T.);
#1497 = VERTEX_POINT('',#1498);
#1498 = CARTESIAN_POINT('',(-114.,-40.678646,5.89197));
#1499 = VERTEX_POINT('',#1500);
#1500 = CARTESIAN_POINT('',(-114.,-53.678646,5.89197));
#1501 = LINE('',#1502,#1503);
#1502 = CARTESIAN_POINT('',(-114.,-40.678646,5.89197));
#1503 = VECTOR('',#1504,1.);
#1504 = DIRECTION('',(0.,-1.,0.));
#1505 = ORIENTED_EDGE('',*,*,#1506,.F.);
#1506 = EDGE_CURVE('',#1507,#1497,#1509,.T.);
#1507 = VERTEX_POINT('',#1508);
#1508 = CARTESIAN_POINT('',(-114.,-40.678646,12.89197));
#1509 = LINE('',#1510,#1511);
#1510 = CARTESIAN_POINT('',(-114.,-40.678646,12.89197));
#1511 = VECTOR('',#1512,1.);
#1512 = DIRECTION('',(0.,0.,-1.));
#1513 = ORIENTED_EDGE('',*,*,#1514,.F.);
#1514 = EDGE_CURVE('',#1515,#1507,#1517,.T.);
#1515 = VERTEX_POINT('',#1516);
#1516 = CARTESIAN_POINT('',(-114.,-53.678646,12.89197));
#1517 = LINE('',#1518,#1519);
#1518 = CARTESIAN_POINT('',(-114.,-53.678646,12.89197));
#1519 = VECTOR('',#1520,1.);
#1520 = DIRECTION('',(0.,1.,0.));
#1521 = ORIENTED_EDGE('',*,*,#1522,.F.);
#1522 = EDGE_CURVE('',#1499,#1515,#1523,.T.);
#1523 = LINE('',#1524,#1525);
#1524 = CARTESIAN_POINT('',(-114.,-53.678646,5.89197));
#1525 = VECTOR('',#1526,1.);
#1526 = DIRECTION('',(0.,0.,1.));
#1527 = PLANE('',#1528);
#1528 = AXIS2_PLACEMENT_3D('',#1529,#1530,#1531);
#1529 = CARTESIAN_POINT('',(-114.,0.,17.5));
#1530 = DIRECTION('',(-1.,-0.,-0.));
#1531 = DIRECTION('',(0.,0.,-1.));
#1532 = ADVANCED_FACE('',(#1533),#1539,.T.);
#1533 = FACE_BOUND('',#1534,.T.);
#1534 = EDGE_LOOP('',(#1535,#1536,#1537,#1538));
#1535 = ORIENTED_EDGE('',*,*,#1384,.F.);
#1536 = ORIENTED_EDGE('',*,*,#511,.T.);
#1537 = ORIENTED_EDGE('',*,*,#376,.T.);
#1538 = ORIENTED_EDGE('',*,*,#285,.F.);
#1539 = CYLINDRICAL_SURFACE('',#1540,7.);
#1540 = AXIS2_PLACEMENT_3D('',#1541,#1542,#1543);
#1541 = CARTESIAN_POINT('',(-107.,-87.,0.));
#1542 = DIRECTION('',(0.,0.,1.));
#1543 = DIRECTION('',(-1.,0.,0.));
#1544 = ADVANCED_FACE('',(#1545),#1564,.F.);
#1545 = FACE_BOUND('',#1546,.F.);
#1546 = EDGE_LOOP('',(#1547,#1548,#1556,#1563));
#1547 = ORIENTED_EDGE('',*,*,#337,.T.);
#1548 = ORIENTED_EDGE('',*,*,#1549,.F.);
#1549 = EDGE_CURVE('',#1550,#328,#1552,.T.);
#1550 = VERTEX_POINT('',#1551);
#1551 = CARTESIAN_POINT('',(-79.89,-41.89,33.));
#1552 = LINE('',#1553,#1554);
#1553 = CARTESIAN_POINT('',(-79.89,-41.89,21.596));
#1554 = VECTOR('',#1555,1.);
#1555 = DIRECTION('',(0.,0.,1.));
#1556 = ORIENTED_EDGE('',*,*,#1557,.F.);
#1557 = EDGE_CURVE('',#1550,#1550,#1558,.T.);
#1558 = CIRCLE('',#1559,8.25);
#1559 = AXIS2_PLACEMENT_3D('',#1560,#1561,#1562);
#1560 = CARTESIAN_POINT('',(-88.14,-41.89,33.));
#1561 = DIRECTION('',(0.,-2.22044604925E-16,-1.));
#1562 = DIRECTION('',(1.,0.,0.));
#1563 = ORIENTED_EDGE('',*,*,#1549,.T.);
#1564 = CYLINDRICAL_SURFACE('',#1565,8.25);
#1565 = AXIS2_PLACEMENT_3D('',#1566,#1567,#1568);
#1566 = CARTESIAN_POINT('',(-88.14,-41.89,21.596));
#1567 = DIRECTION('',(-0.,-0.,-1.));
#1568 = DIRECTION('',(1.,0.,0.));
#1569 = ADVANCED_FACE('',(#1570),#1588,.F.);
#1570 = FACE_BOUND('',#1571,.F.);
#1571 = EDGE_LOOP('',(#1572,#1579,#1586,#1587));
#1572 = ORIENTED_EDGE('',*,*,#1573,.F.);
#1573 = EDGE_CURVE('',#1574,#353,#1576,.T.);
#1574 = VERTEX_POINT('',#1575);
#1575 = CARTESIAN_POINT('',(-10.87650867193,-18.46759499956,
    29.165787609687));
#1576 = B_SPLINE_CURVE_WITH_KNOTS('',1,(#1577,#1578),.UNSPECIFIED.,.F.,
  .F.,(2,2),(0.,1.),.PIECEWISE_BEZIER_KNOTS.);
#1577 = CARTESIAN_POINT('',(-11.64255311505,-18.46759499956,28.523));
#1578 = CARTESIAN_POINT('',(-4.492031559486,-18.46759499956,34.523));
#1579 = ORIENTED_EDGE('',*,*,#1580,.T.);
#1580 = EDGE_CURVE('',#1574,#1574,#1581,.T.);
#1581 = CIRCLE('',#1582,30.766044443119);
#1582 = AXIS2_PLACEMENT_3D('',#1583,#1584,#1585);
#1583 = CARTESIAN_POINT('',(-41.64255311505,-18.46759499956,
    29.165787609687));
#1584 = DIRECTION('',(0.,0.,1.));
#1585 = DIRECTION('',(1.,0.,0.));
#1586 = ORIENTED_EDGE('',*,*,#1573,.T.);
#1587 = ORIENTED_EDGE('',*,*,#359,.F.);
#1588 = CONICAL_SURFACE('',#1589,30.,0.872664625997);
#1589 = AXIS2_PLACEMENT_3D('',#1590,#1591,#1592);
#1590 = CARTESIAN_POINT('',(-41.64255311505,-18.46759499956,28.523));
#1591 = DIRECTION('',(0.,0.,1.));
#1592 = DIRECTION('',(1.,0.,0.));
#1593 = ADVANCED_FACE('',(#1594),#1677,.F.);
#1594 = FACE_BOUND('',#1595,.F.);
#1595 = EDGE_LOOP('',(#1596,#1602,#1603,#1604,#1605,#1613,#1622,#1628,
    #1629,#1637,#1646,#1652,#1653,#1661,#1670,#1676));
#1596 = ORIENTED_EDGE('',*,*,#1597,.F.);
#1597 = EDGE_CURVE('',#395,#1259,#1598,.T.);
#1598 = LINE('',#1599,#1600);
#1599 = CARTESIAN_POINT('',(-2.5,-94.,24.));
#1600 = VECTOR('',#1601,1.);
#1601 = DIRECTION('',(0.,1.,0.));
#1602 = ORIENTED_EDGE('',*,*,#394,.F.);
#1603 = ORIENTED_EDGE('',*,*,#1597,.T.);
#1604 = ORIENTED_EDGE('',*,*,#1267,.T.);
#1605 = ORIENTED_EDGE('',*,*,#1606,.T.);
#1606 = EDGE_CURVE('',#1268,#1607,#1609,.T.);
#1607 = VERTEX_POINT('',#1608);
#1608 = CARTESIAN_POINT('',(-2.68769672899,-91.15,24.845905936783));
#1609 = LINE('',#1610,#1611);
#1610 = CARTESIAN_POINT('',(-2.68769672899,-94.,24.845905936783));
#1611 = VECTOR('',#1612,1.);
#1612 = DIRECTION('',(0.,-1.,-2.22044604925E-16));
#1613 = ORIENTED_EDGE('',*,*,#1614,.T.);
#1614 = EDGE_CURVE('',#1607,#1615,#1617,.T.);
#1615 = VERTEX_POINT('',#1616);
#1616 = CARTESIAN_POINT('',(-2.807641799939,-91.15,25.065797224));
#1617 = CIRCLE('',#1618,2.);
#1618 = AXIS2_PLACEMENT_3D('',#1619,#1620,#1621);
#1619 = CARTESIAN_POINT('',(-4.5,-91.15,24.));
#1620 = DIRECTION('',(0.,-1.,-2.22044604925E-16));
#1621 = DIRECTION('',(1.,0.,0.));
#1622 = ORIENTED_EDGE('',*,*,#1623,.F.);
#1623 = EDGE_CURVE('',#1285,#1615,#1624,.T.);
#1624 = LINE('',#1625,#1626);
#1625 = CARTESIAN_POINT('',(-2.807641799939,-94.,25.065797224));
#1626 = VECTOR('',#1627,1.);
#1627 = DIRECTION('',(0.,-1.,-2.22044604925E-16));
#1628 = ORIENTED_EDGE('',*,*,#1292,.T.);
#1629 = ORIENTED_EDGE('',*,*,#1630,.T.);
#1630 = EDGE_CURVE('',#1293,#1631,#1633,.T.);
#1631 = VERTEX_POINT('',#1632);
#1632 = CARTESIAN_POINT('',(-6.192358308262,-91.15,25.065797052189));
#1633 = LINE('',#1634,#1635);
#1634 = CARTESIAN_POINT('',(-6.192358308262,-94.,25.065797052189));
#1635 = VECTOR('',#1636,1.);
#1636 = DIRECTION('',(0.,-1.,-2.22044604925E-16));
#1637 = ORIENTED_EDGE('',*,*,#1638,.T.);
#1638 = EDGE_CURVE('',#1631,#1639,#1641,.T.);
#1639 = VERTEX_POINT('',#1640);
#1640 = CARTESIAN_POINT('',(-6.281133974482,-91.15,24.909704218384));
#1641 = CIRCLE('',#1642,2.);
#1642 = AXIS2_PLACEMENT_3D('',#1643,#1644,#1645);
#1643 = CARTESIAN_POINT('',(-4.5,-91.15,24.));
#1644 = DIRECTION('',(0.,-1.,-2.22044604925E-16));
#1645 = DIRECTION('',(1.,0.,0.));
#1646 = ORIENTED_EDGE('',*,*,#1647,.F.);
#1647 = EDGE_CURVE('',#1310,#1639,#1648,.T.);
#1648 = LINE('',#1649,#1650);
#1649 = CARTESIAN_POINT('',(-6.281133974482,-94.,24.909704218384));
#1650 = VECTOR('',#1651,1.);
#1651 = DIRECTION('',(0.,-1.,-2.22044604925E-16));
#1652 = ORIENTED_EDGE('',*,*,#1317,.T.);
#1653 = ORIENTED_EDGE('',*,*,#1654,.T.);
#1654 = EDGE_CURVE('',#1318,#1655,#1657,.T.);
#1655 = VERTEX_POINT('',#1656);
#1656 = CARTESIAN_POINT('',(-4.602739821415,-91.15,22.002640610933));
#1657 = LINE('',#1658,#1659);
#1658 = CARTESIAN_POINT('',(-4.602739821415,-94.,22.002640610933));
#1659 = VECTOR('',#1660,1.);
#1660 = DIRECTION('',(0.,-1.,-2.22044604925E-16));
#1661 = ORIENTED_EDGE('',*,*,#1662,.T.);
#1662 = EDGE_CURVE('',#1655,#1663,#1665,.T.);
#1663 = VERTEX_POINT('',#1664);
#1664 = CARTESIAN_POINT('',(-4.326424192684,-91.15,22.007546377173));
#1665 = CIRCLE('',#1666,2.);
#1666 = AXIS2_PLACEMENT_3D('',#1667,#1668,#1669);
#1667 = CARTESIAN_POINT('',(-4.5,-91.15,24.));
#1668 = DIRECTION('',(0.,-1.,-2.22044604925E-16));
#1669 = DIRECTION('',(1.,0.,0.));
#1670 = ORIENTED_EDGE('',*,*,#1671,.F.);
#1671 = EDGE_CURVE('',#1257,#1663,#1672,.T.);
#1672 = LINE('',#1673,#1674);
#1673 = CARTESIAN_POINT('',(-4.326424192684,-94.,22.007546377173));
#1674 = VECTOR('',#1675,1.);
#1675 = DIRECTION('',(0.,-1.,-2.22044604925E-16));
#1676 = ORIENTED_EDGE('',*,*,#1256,.T.);
#1677 = CYLINDRICAL_SURFACE('',#1678,2.);
#1678 = AXIS2_PLACEMENT_3D('',#1679,#1680,#1681);
#1679 = CARTESIAN_POINT('',(-4.5,-94.,24.));
#1680 = DIRECTION('',(0.,-1.,-2.22044604925E-16));
#1681 = DIRECTION('',(1.,0.,0.));
#1682 = ADVANCED_FACE('',(#1683),#1766,.F.);
#1683 = FACE_BOUND('',#1684,.F.);
#1684 = EDGE_LOOP('',(#1685,#1691,#1692,#1693,#1694,#1702,#1711,#1717,
    #1718,#1726,#1735,#1741,#1742,#1750,#1759,#1765));
#1685 = ORIENTED_EDGE('',*,*,#1686,.F.);
#1686 = EDGE_CURVE('',#406,#1173,#1687,.T.);
#1687 = LINE('',#1688,#1689);
#1688 = CARTESIAN_POINT('',(-2.5,-94.,10.));
#1689 = VECTOR('',#1690,1.);
#1690 = DIRECTION('',(0.,1.,0.));
#1691 = ORIENTED_EDGE('',*,*,#405,.F.);
#1692 = ORIENTED_EDGE('',*,*,#1686,.T.);
#1693 = ORIENTED_EDGE('',*,*,#1181,.T.);
#1694 = ORIENTED_EDGE('',*,*,#1695,.T.);
#1695 = EDGE_CURVE('',#1182,#1696,#1698,.T.);
#1696 = VERTEX_POINT('',#1697);
#1697 = CARTESIAN_POINT('',(-2.692055580369,-91.15,10.855182422367));
#1698 = LINE('',#1699,#1700);
#1699 = CARTESIAN_POINT('',(-2.692055580369,-94.,10.855182422367));
#1700 = VECTOR('',#1701,1.);
#1701 = DIRECTION('',(0.,-1.,-2.22044604925E-16));
#1702 = ORIENTED_EDGE('',*,*,#1703,.T.);
#1703 = EDGE_CURVE('',#1696,#1704,#1706,.T.);
#1704 = VERTEX_POINT('',#1705);
#1705 = CARTESIAN_POINT('',(-2.852709224514,-91.15,11.134210342484));
#1706 = CIRCLE('',#1707,2.);
#1707 = AXIS2_PLACEMENT_3D('',#1708,#1709,#1710);
#1708 = CARTESIAN_POINT('',(-4.5,-91.15,10.));
#1709 = DIRECTION('',(0.,-1.,-2.22044604925E-16));
#1710 = DIRECTION('',(1.,0.,0.));
#1711 = ORIENTED_EDGE('',*,*,#1712,.F.);
#1712 = EDGE_CURVE('',#1199,#1704,#1713,.T.);
#1713 = LINE('',#1714,#1715);
#1714 = CARTESIAN_POINT('',(-2.852709224514,-94.,11.134210342484));
#1715 = VECTOR('',#1716,1.);
#1716 = DIRECTION('',(0.,-1.,-2.22044604925E-16));
#1717 = ORIENTED_EDGE('',*,*,#1206,.T.);
#1718 = ORIENTED_EDGE('',*,*,#1719,.T.);
#1719 = EDGE_CURVE('',#1207,#1720,#1722,.T.);
#1720 = VERTEX_POINT('',#1721);
#1721 = CARTESIAN_POINT('',(-6.147290890633,-91.15,11.134210175249));
#1722 = LINE('',#1723,#1724);
#1723 = CARTESIAN_POINT('',(-6.147290890633,-94.,11.134210175249));
#1724 = VECTOR('',#1725,1.);
#1725 = DIRECTION('',(0.,-1.,-2.22044604925E-16));
#1726 = ORIENTED_EDGE('',*,*,#1727,.T.);
#1727 = EDGE_CURVE('',#1720,#1728,#1730,.T.);
#1728 = VERTEX_POINT('',#1729);
#1729 = CARTESIAN_POINT('',(-6.247868951922,-91.15,10.972087509902));
#1730 = CIRCLE('',#1731,2.);
#1731 = AXIS2_PLACEMENT_3D('',#1732,#1733,#1734);
#1732 = CARTESIAN_POINT('',(-4.5,-91.15,10.));
#1733 = DIRECTION('',(0.,-1.,-2.22044604925E-16));
#1734 = DIRECTION('',(1.,0.,0.));
#1735 = ORIENTED_EDGE('',*,*,#1736,.F.);
#1736 = EDGE_CURVE('',#1224,#1728,#1737,.T.);
#1737 = LINE('',#1738,#1739);
#1738 = CARTESIAN_POINT('',(-6.247868951922,-94.,10.972087509902));
#1739 = VECTOR('',#1740,1.);
#1740 = DIRECTION('',(0.,-1.,-2.22044604925E-16));
#1741 = ORIENTED_EDGE('',*,*,#1231,.T.);
#1742 = ORIENTED_EDGE('',*,*,#1743,.T.);
#1743 = EDGE_CURVE('',#1232,#1744,#1746,.T.);
#1744 = VERTEX_POINT('',#1745);
#1745 = CARTESIAN_POINT('',(-4.532081794667,-91.15,8.000257326942));
#1746 = LINE('',#1747,#1748);
#1747 = CARTESIAN_POINT('',(-4.532081794667,-94.,8.000257326942));
#1748 = VECTOR('',#1749,1.);
#1749 = DIRECTION('',(0.,-1.,-2.22044604925E-16));
#1750 = ORIENTED_EDGE('',*,*,#1751,.T.);
#1751 = EDGE_CURVE('',#1744,#1752,#1754,.T.);
#1752 = VERTEX_POINT('',#1753);
#1753 = CARTESIAN_POINT('',(-4.33663729046,-91.15,8.006683009371));
#1754 = CIRCLE('',#1755,2.);
#1755 = AXIS2_PLACEMENT_3D('',#1756,#1757,#1758);
#1756 = CARTESIAN_POINT('',(-4.5,-91.15,10.));
#1757 = DIRECTION('',(0.,-1.,-2.22044604925E-16));
#1758 = DIRECTION('',(1.,0.,0.));
#1759 = ORIENTED_EDGE('',*,*,#1760,.F.);
#1760 = EDGE_CURVE('',#1171,#1752,#1761,.T.);
#1761 = LINE('',#1762,#1763);
#1762 = CARTESIAN_POINT('',(-4.33663729046,-94.,8.006683009371));
#1763 = VECTOR('',#1764,1.);
#1764 = DIRECTION('',(0.,-1.,-2.22044604925E-16));
#1765 = ORIENTED_EDGE('',*,*,#1170,.T.);
#1766 = CYLINDRICAL_SURFACE('',#1767,2.);
#1767 = AXIS2_PLACEMENT_3D('',#1768,#1769,#1770);
#1768 = CARTESIAN_POINT('',(-4.5,-94.,10.));
#1769 = DIRECTION('',(0.,-1.,-2.22044604925E-16));
#1770 = DIRECTION('',(1.,0.,0.));
#1771 = ADVANCED_FACE('',(#1772),#1855,.F.);
#1772 = FACE_BOUND('',#1773,.F.);
#1773 = EDGE_LOOP('',(#1774,#1780,#1781,#1789,#1798,#1804,#1805,#1813,
    #1822,#1828,#1829,#1837,#1846,#1852,#1853,#1854));
#1774 = ORIENTED_EDGE('',*,*,#1775,.F.);
#1775 = EDGE_CURVE('',#929,#441,#1776,.T.);
#1776 = LINE('',#1777,#1778);
#1777 = CARTESIAN_POINT('',(-2.5,-94.,10.));
#1778 = VECTOR('',#1779,1.);
#1779 = DIRECTION('',(0.,1.,0.));
#1780 = ORIENTED_EDGE('',*,*,#939,.F.);
#1781 = ORIENTED_EDGE('',*,*,#1782,.F.);
#1782 = EDGE_CURVE('',#1783,#940,#1785,.T.);
#1783 = VERTEX_POINT('',#1784);
#1784 = CARTESIAN_POINT('',(-4.498230299666,91.3,8.00000078296));
#1785 = LINE('',#1786,#1787);
#1786 = CARTESIAN_POINT('',(-4.498230299666,-94.,8.00000078296));
#1787 = VECTOR('',#1788,1.);
#1788 = DIRECTION('',(0.,-1.,-2.22044604925E-16));
#1789 = ORIENTED_EDGE('',*,*,#1790,.F.);
#1790 = EDGE_CURVE('',#1791,#1783,#1793,.T.);
#1791 = VERTEX_POINT('',#1792);
#1792 = CARTESIAN_POINT('',(-4.650685279336,91.3,8.005684591999));
#1793 = CIRCLE('',#1794,2.);
#1794 = AXIS2_PLACEMENT_3D('',#1795,#1796,#1797);
#1795 = CARTESIAN_POINT('',(-4.5,91.3,10.));
#1796 = DIRECTION('',(0.,-1.,-2.22044604925E-16));
#1797 = DIRECTION('',(1.,0.,0.));
#1798 = ORIENTED_EDGE('',*,*,#1799,.T.);
#1799 = EDGE_CURVE('',#1791,#957,#1800,.T.);
#1800 = LINE('',#1801,#1802);
#1801 = CARTESIAN_POINT('',(-4.650685279336,-94.,8.005684591999));
#1802 = VECTOR('',#1803,1.);
#1803 = DIRECTION('',(0.,-1.,-2.22044604925E-16));
#1804 = ORIENTED_EDGE('',*,*,#964,.F.);
#1805 = ORIENTED_EDGE('',*,*,#1806,.F.);
#1806 = EDGE_CURVE('',#1807,#965,#1809,.T.);
#1807 = VERTEX_POINT('',#1808);
#1808 = CARTESIAN_POINT('',(-6.302470534141,91.3,10.866660241129));
#1809 = LINE('',#1810,#1811);
#1810 = CARTESIAN_POINT('',(-6.302470534141,-94.,10.866660241129));
#1811 = VECTOR('',#1812,1.);
#1812 = DIRECTION('',(0.,-1.,-2.22044604925E-16));
#1813 = ORIENTED_EDGE('',*,*,#1814,.F.);
#1814 = EDGE_CURVE('',#1815,#1807,#1817,.T.);
#1815 = VERTEX_POINT('',#1816);
#1816 = CARTESIAN_POINT('',(-6.121480054031,91.3,11.170812723872));
#1817 = CIRCLE('',#1818,2.);
#1818 = AXIS2_PLACEMENT_3D('',#1819,#1820,#1821);
#1819 = CARTESIAN_POINT('',(-4.5,91.3,10.));
#1820 = DIRECTION('',(0.,-1.,-2.22044604925E-16));
#1821 = DIRECTION('',(1.,0.,0.));
#1822 = ORIENTED_EDGE('',*,*,#1823,.T.);
#1823 = EDGE_CURVE('',#1815,#982,#1824,.T.);
#1824 = LINE('',#1825,#1826);
#1825 = CARTESIAN_POINT('',(-6.121480054031,-94.,11.170812723872));
#1826 = VECTOR('',#1827,1.);
#1827 = DIRECTION('',(0.,-1.,-2.22044604925E-16));
#1828 = ORIENTED_EDGE('',*,*,#989,.F.);
#1829 = ORIENTED_EDGE('',*,*,#1830,.F.);
#1830 = EDGE_CURVE('',#1831,#990,#1833,.T.);
#1831 = VERTEX_POINT('',#1832);
#1832 = CARTESIAN_POINT('',(-2.878520064832,91.3,11.170812888487));
#1833 = LINE('',#1834,#1835);
#1834 = CARTESIAN_POINT('',(-2.878520064832,-94.,11.170812888487));
#1835 = VECTOR('',#1836,1.);
#1836 = DIRECTION('',(0.,-1.,-2.22044604925E-16));
#1837 = ORIENTED_EDGE('',*,*,#1838,.F.);
#1838 = EDGE_CURVE('',#1839,#1831,#1841,.T.);
#1839 = VERTEX_POINT('',#1840);
#1840 = CARTESIAN_POINT('',(-2.767065121693,91.3,10.998467179004));
#1841 = CIRCLE('',#1842,2.);
#1842 = AXIS2_PLACEMENT_3D('',#1843,#1844,#1845);
#1843 = CARTESIAN_POINT('',(-4.5,91.3,10.));
#1844 = DIRECTION('',(0.,-1.,-2.22044604925E-16));
#1845 = DIRECTION('',(1.,0.,0.));
#1846 = ORIENTED_EDGE('',*,*,#1847,.T.);
#1847 = EDGE_CURVE('',#1839,#931,#1848,.T.);
#1848 = LINE('',#1849,#1850);
#1849 = CARTESIAN_POINT('',(-2.767065121693,-94.,10.998467179004));
#1850 = VECTOR('',#1851,1.);
#1851 = DIRECTION('',(0.,-1.,-2.22044604925E-16));
#1852 = ORIENTED_EDGE('',*,*,#928,.F.);
#1853 = ORIENTED_EDGE('',*,*,#1775,.T.);
#1854 = ORIENTED_EDGE('',*,*,#440,.T.);
#1855 = CYLINDRICAL_SURFACE('',#1856,2.);
#1856 = AXIS2_PLACEMENT_3D('',#1857,#1858,#1859);
#1857 = CARTESIAN_POINT('',(-4.5,-94.,10.));
#1858 = DIRECTION('',(0.,-1.,-2.22044604925E-16));
#1859 = DIRECTION('',(1.,0.,0.));
#1860 = ADVANCED_FACE('',(#1861),#1944,.F.);
#1861 = FACE_BOUND('',#1862,.F.);
#1862 = EDGE_LOOP('',(#1863,#1869,#1870,#1878,#1887,#1893,#1894,#1902,
    #1911,#1917,#1918,#1926,#1935,#1941,#1942,#1943));
#1863 = ORIENTED_EDGE('',*,*,#1864,.F.);
#1864 = EDGE_CURVE('',#843,#452,#1865,.T.);
#1865 = LINE('',#1866,#1867);
#1866 = CARTESIAN_POINT('',(-2.5,-94.,24.));
#1867 = VECTOR('',#1868,1.);
#1868 = DIRECTION('',(0.,1.,0.));
#1869 = ORIENTED_EDGE('',*,*,#853,.F.);
#1870 = ORIENTED_EDGE('',*,*,#1871,.F.);
#1871 = EDGE_CURVE('',#1872,#854,#1874,.T.);
#1872 = VERTEX_POINT('',#1873);
#1873 = CARTESIAN_POINT('',(-4.375445682742,91.3,22.00388221238));
#1874 = LINE('',#1875,#1876);
#1875 = CARTESIAN_POINT('',(-4.375445682742,-94.,22.00388221238));
#1876 = VECTOR('',#1877,1.);
#1877 = DIRECTION('',(0.,-1.,-2.22044604925E-16));
#1878 = ORIENTED_EDGE('',*,*,#1879,.F.);
#1879 = EDGE_CURVE('',#1880,#1872,#1882,.T.);
#1880 = VERTEX_POINT('',#1881);
#1881 = CARTESIAN_POINT('',(-4.555471460984,91.3,22.000769418747));
#1882 = CIRCLE('',#1883,2.);
#1883 = AXIS2_PLACEMENT_3D('',#1884,#1885,#1886);
#1884 = CARTESIAN_POINT('',(-4.5,91.3,24.));
#1885 = DIRECTION('',(0.,-1.,-2.22044604925E-16));
#1886 = DIRECTION('',(1.,0.,0.));
#1887 = ORIENTED_EDGE('',*,*,#1888,.T.);
#1888 = EDGE_CURVE('',#1880,#871,#1889,.T.);
#1889 = LINE('',#1890,#1891);
#1890 = CARTESIAN_POINT('',(-4.555471460985,-94.,22.000769418747));
#1891 = VECTOR('',#1892,1.);
#1892 = DIRECTION('',(0.,-1.,-2.22044604925E-16));
#1893 = ORIENTED_EDGE('',*,*,#878,.F.);
#1894 = ORIENTED_EDGE('',*,*,#1895,.F.);
#1895 = EDGE_CURVE('',#1896,#879,#1898,.T.);
#1896 = VERTEX_POINT('',#1897);
#1897 = CARTESIAN_POINT('',(-6.259120298486,91.3,24.951575417639));
#1898 = LINE('',#1899,#1900);
#1899 = CARTESIAN_POINT('',(-6.259120298486,-94.,24.951575417639));
#1900 = VECTOR('',#1901,1.);
#1901 = DIRECTION('',(0.,-1.,-2.22044604925E-16));
#1902 = ORIENTED_EDGE('',*,*,#1903,.F.);
#1903 = EDGE_CURVE('',#1904,#1896,#1906,.T.);
#1904 = VERTEX_POINT('',#1905);
#1905 = CARTESIAN_POINT('',(-6.138817823587,91.3,25.14641883319));
#1906 = CIRCLE('',#1907,2.);
#1907 = AXIS2_PLACEMENT_3D('',#1908,#1909,#1910);
#1908 = CARTESIAN_POINT('',(-4.5,91.3,24.));
#1909 = DIRECTION('',(0.,-1.,-2.22044604925E-16));
#1910 = DIRECTION('',(1.,0.,0.));
#1911 = ORIENTED_EDGE('',*,*,#1912,.T.);
#1912 = EDGE_CURVE('',#1904,#896,#1913,.T.);
#1913 = LINE('',#1914,#1915);
#1914 = CARTESIAN_POINT('',(-6.138817823587,-94.,25.14641883319));
#1915 = VECTOR('',#1916,1.);
#1916 = DIRECTION('',(0.,-1.,-2.22044604925E-16));
#1917 = ORIENTED_EDGE('',*,*,#903,.F.);
#1918 = ORIENTED_EDGE('',*,*,#1919,.F.);
#1919 = EDGE_CURVE('',#1920,#904,#1922,.T.);
#1920 = VERTEX_POINT('',#1921);
#1921 = CARTESIAN_POINT('',(-2.861182292799,91.3,25.146418999565));
#1922 = LINE('',#1923,#1924);
#1923 = CARTESIAN_POINT('',(-2.861182292799,-94.,25.146418999565));
#1924 = VECTOR('',#1925,1.);
#1925 = DIRECTION('',(0.,-1.,-2.22044604925E-16));
#1926 = ORIENTED_EDGE('',*,*,#1927,.F.);
#1927 = EDGE_CURVE('',#1928,#1920,#1930,.T.);
#1928 = VERTEX_POINT('',#1929);
#1929 = CARTESIAN_POINT('',(-2.70903421872,91.3,24.890191872735));
#1930 = CIRCLE('',#1931,2.);
#1931 = AXIS2_PLACEMENT_3D('',#1932,#1933,#1934);
#1932 = CARTESIAN_POINT('',(-4.5,91.3,24.));
#1933 = DIRECTION('',(0.,-1.,-2.22044604925E-16));
#1934 = DIRECTION('',(1.,0.,0.));
#1935 = ORIENTED_EDGE('',*,*,#1936,.T.);
#1936 = EDGE_CURVE('',#1928,#845,#1937,.T.);
#1937 = LINE('',#1938,#1939);
#1938 = CARTESIAN_POINT('',(-2.70903421872,-94.,24.890191872735));
#1939 = VECTOR('',#1940,1.);
#1940 = DIRECTION('',(0.,-1.,-2.22044604925E-16));
#1941 = ORIENTED_EDGE('',*,*,#842,.F.);
#1942 = ORIENTED_EDGE('',*,*,#1864,.T.);
#1943 = ORIENTED_EDGE('',*,*,#451,.T.);
#1944 = CYLINDRICAL_SURFACE('',#1945,2.);
#1945 = AXIS2_PLACEMENT_3D('',#1946,#1947,#1948);
#1946 = CARTESIAN_POINT('',(-4.5,-94.,24.));
#1947 = DIRECTION('',(0.,-1.,-2.22044604925E-16));
#1948 = DIRECTION('',(1.,0.,0.));
#1949 = ADVANCED_FACE('',(#1950),#1984,.T.);
#1950 = FACE_BOUND('',#1951,.T.);
#1951 = EDGE_LOOP('',(#1952,#1960,#1968,#1976,#1982,#1983));
#1952 = ORIENTED_EDGE('',*,*,#1953,.F.);
#1953 = EDGE_CURVE('',#1954,#587,#1956,.T.);
#1954 = VERTEX_POINT('',#1955);
#1955 = CARTESIAN_POINT('',(-111.,-68.5,2.));
#1956 = LINE('',#1957,#1958);
#1957 = CARTESIAN_POINT('',(-112.75,-68.5,0.25));
#1958 = VECTOR('',#1959,1.);
#1959 = DIRECTION('',(-0.707106781187,0.,-0.707106781187));
#1960 = ORIENTED_EDGE('',*,*,#1961,.T.);
#1961 = EDGE_CURVE('',#1954,#1962,#1964,.T.);
#1962 = VERTEX_POINT('',#1963);
#1963 = CARTESIAN_POINT('',(-111.,-68.5,15.99));
#1964 = LINE('',#1965,#1966);
#1965 = CARTESIAN_POINT('',(-111.,-68.5,16.));
#1966 = VECTOR('',#1967,1.);
#1967 = DIRECTION('',(0.,0.,1.));
#1968 = ORIENTED_EDGE('',*,*,#1969,.T.);
#1969 = EDGE_CURVE('',#1962,#1970,#1972,.T.);
#1970 = VERTEX_POINT('',#1971);
#1971 = CARTESIAN_POINT('',(-103.,-68.5,7.99));
#1972 = LINE('',#1973,#1974);
#1973 = CARTESIAN_POINT('',(-104.005,-68.5,8.995));
#1974 = VECTOR('',#1975,1.);
#1975 = DIRECTION('',(0.707106781187,0.,-0.707106781187));
#1976 = ORIENTED_EDGE('',*,*,#1977,.F.);
#1977 = EDGE_CURVE('',#471,#1970,#1978,.T.);
#1978 = LINE('',#1979,#1980);
#1979 = CARTESIAN_POINT('',(-103.,-68.5,0.));
#1980 = VECTOR('',#1981,1.);
#1981 = DIRECTION('',(0.,0.,1.));
#1982 = ORIENTED_EDGE('',*,*,#468,.F.);
#1983 = ORIENTED_EDGE('',*,*,#594,.T.);
#1984 = PLANE('',#1985);
#1985 = AXIS2_PLACEMENT_3D('',#1986,#1987,#1988);
#1986 = CARTESIAN_POINT('',(-114.,-68.5,0.));
#1987 = DIRECTION('',(0.,1.,0.));
#1988 = DIRECTION('',(1.,0.,0.));
#1989 = ADVANCED_FACE('',(#1990),#2018,.T.);
#1990 = FACE_BOUND('',#1991,.T.);
#1991 = EDGE_LOOP('',(#1992,#2003,#2009,#2010,#2011));
#1992 = ORIENTED_EDGE('',*,*,#1993,.F.);
#1993 = EDGE_CURVE('',#1994,#1996,#1998,.T.);
#1994 = VERTEX_POINT('',#1995);
#1995 = CARTESIAN_POINT('',(-96.,-75.5,1.));
#1996 = VERTEX_POINT('',#1997);
#1997 = CARTESIAN_POINT('',(-96.01,-75.12596791581,1.));
#1998 = CIRCLE('',#1999,7.);
#1999 = AXIS2_PLACEMENT_3D('',#2000,#2001,#2002);
#2000 = CARTESIAN_POINT('',(-103.,-75.5,1.));
#2001 = DIRECTION('',(-0.,0.,1.));
#2002 = DIRECTION('',(0.,-1.,0.));
#2003 = ORIENTED_EDGE('',*,*,#2004,.F.);
#2004 = EDGE_CURVE('',#479,#1994,#2005,.T.);
#2005 = LINE('',#2006,#2007);
#2006 = CARTESIAN_POINT('',(-96.,-75.5,0.));
#2007 = VECTOR('',#2008,1.);
#2008 = DIRECTION('',(0.,0.,1.));
#2009 = ORIENTED_EDGE('',*,*,#478,.T.);
#2010 = ORIENTED_EDGE('',*,*,#1977,.T.);
#2011 = ORIENTED_EDGE('',*,*,#2012,.F.);
#2012 = EDGE_CURVE('',#1996,#1970,#2013,.T.);
#2013 = ELLIPSE('',#2014,9.899494936612,7.);
#2014 = AXIS2_PLACEMENT_3D('',#2015,#2016,#2017);
#2015 = CARTESIAN_POINT('',(-103.,-75.5,7.99));
#2016 = DIRECTION('',(0.707106781187,0.,0.707106781187));
#2017 = DIRECTION('',(-0.707106781187,0.,0.707106781187));
#2018 = CYLINDRICAL_SURFACE('',#2019,7.);
#2019 = AXIS2_PLACEMENT_3D('',#2020,#2021,#2022);
#2020 = CARTESIAN_POINT('',(-103.,-75.5,0.));
#2021 = DIRECTION('',(0.,0.,1.));
#2022 = DIRECTION('',(1.,0.,0.));
#2023 = ADVANCED_FACE('',(#2024),#2042,.F.);
#2024 = FACE_BOUND('',#2025,.F.);
#2025 = EDGE_LOOP('',(#2026,#2027,#2035,#2041));
#2026 = ORIENTED_EDGE('',*,*,#1953,.F.);
#2027 = ORIENTED_EDGE('',*,*,#2028,.T.);
#2028 = EDGE_CURVE('',#1954,#2029,#2031,.T.);
#2029 = VERTEX_POINT('',#2030);
#2030 = CARTESIAN_POINT('',(-111.,68.5,2.));
#2031 = LINE('',#2032,#2033);
#2032 = CARTESIAN_POINT('',(-111.,-68.5,2.));
#2033 = VECTOR('',#2034,1.);
#2034 = DIRECTION('',(0.,1.,-2.22044604925E-16));
#2035 = ORIENTED_EDGE('',*,*,#2036,.T.);
#2036 = EDGE_CURVE('',#2029,#579,#2037,.T.);
#2037 = LINE('',#2038,#2039);
#2038 = CARTESIAN_POINT('',(-108.25,68.5,4.75));
#2039 = VECTOR('',#2040,1.);
#2040 = DIRECTION('',(-0.707106781187,0.,-0.707106781187));
#2041 = ORIENTED_EDGE('',*,*,#586,.F.);
#2042 = PLANE('',#2043);
#2043 = AXIS2_PLACEMENT_3D('',#2044,#2045,#2046);
#2044 = CARTESIAN_POINT('',(-112.,-68.5,1.));
#2045 = DIRECTION('',(-0.707106781187,0.,0.707106781187));
#2046 = DIRECTION('',(-1.110223024625E-16,1.,-1.110223024625E-16));
#2047 = ADVANCED_FACE('',(#2048),#2069,.T.);
#2048 = FACE_BOUND('',#2049,.T.);
#2049 = EDGE_LOOP('',(#2050,#2051,#2052,#2060,#2066,#2067,#2068));
#2050 = ORIENTED_EDGE('',*,*,#487,.F.);
#2051 = ORIENTED_EDGE('',*,*,#2004,.T.);
#2052 = ORIENTED_EDGE('',*,*,#2053,.T.);
#2053 = EDGE_CURVE('',#1994,#2054,#2056,.T.);
#2054 = VERTEX_POINT('',#2055);
#2055 = CARTESIAN_POINT('',(-96.,-76.01,1.));
#2056 = LINE('',#2057,#2058);
#2057 = CARTESIAN_POINT('',(-96.,-68.5,1.));
#2058 = VECTOR('',#2059,1.);
#2059 = DIRECTION('',(0.,-1.,0.));
#2060 = ORIENTED_EDGE('',*,*,#2061,.F.);
#2061 = EDGE_CURVE('',#1139,#2054,#2062,.T.);
#2062 = LINE('',#2063,#2064);
#2063 = CARTESIAN_POINT('',(-96.,-77.63,2.62));
#2064 = VECTOR('',#2065,1.);
#2065 = DIRECTION('',(0.,0.707106781187,-0.707106781187));
#2066 = ORIENTED_EDGE('',*,*,#1162,.F.);
#2067 = ORIENTED_EDGE('',*,*,#1348,.T.);
#2068 = ORIENTED_EDGE('',*,*,#495,.F.);
#2069 = PLANE('',#2070);
#2070 = AXIS2_PLACEMENT_3D('',#2071,#2072,#2073);
#2071 = CARTESIAN_POINT('',(-96.,-68.5,0.));
#2072 = DIRECTION('',(1.,0.,0.));
#2073 = DIRECTION('',(0.,-1.,0.));
#2074 = ADVANCED_FACE('',(#2075),#2102,.T.);
#2075 = FACE_BOUND('',#2076,.T.);
#2076 = EDGE_LOOP('',(#2077,#2078,#2086,#2094,#2100,#2101));
#2077 = ORIENTED_EDGE('',*,*,#570,.F.);
#2078 = ORIENTED_EDGE('',*,*,#2079,.T.);
#2079 = EDGE_CURVE('',#562,#2080,#2082,.T.);
#2080 = VERTEX_POINT('',#2081);
#2081 = CARTESIAN_POINT('',(-103.,68.5,7.99));
#2082 = LINE('',#2083,#2084);
#2083 = CARTESIAN_POINT('',(-103.,68.5,0.));
#2084 = VECTOR('',#2085,1.);
#2085 = DIRECTION('',(0.,0.,1.));
#2086 = ORIENTED_EDGE('',*,*,#2087,.F.);
#2087 = EDGE_CURVE('',#2088,#2080,#2090,.T.);
#2088 = VERTEX_POINT('',#2089);
#2089 = CARTESIAN_POINT('',(-111.,68.5,15.99));
#2090 = LINE('',#2091,#2092);
#2091 = CARTESIAN_POINT('',(-99.505,68.5,4.495));
#2092 = VECTOR('',#2093,1.);
#2093 = DIRECTION('',(0.707106781187,0.,-0.707106781187));
#2094 = ORIENTED_EDGE('',*,*,#2095,.F.);
#2095 = EDGE_CURVE('',#2029,#2088,#2096,.T.);
#2096 = LINE('',#2097,#2098);
#2097 = CARTESIAN_POINT('',(-111.,68.5,16.));
#2098 = VECTOR('',#2099,1.);
#2099 = DIRECTION('',(0.,0.,1.));
#2100 = ORIENTED_EDGE('',*,*,#2036,.T.);
#2101 = ORIENTED_EDGE('',*,*,#578,.F.);
#2102 = PLANE('',#2103);
#2103 = AXIS2_PLACEMENT_3D('',#2104,#2105,#2106);
#2104 = CARTESIAN_POINT('',(-96.,68.5,0.));
#2105 = DIRECTION('',(-0.,-1.,-0.));
#2106 = DIRECTION('',(-1.,0.,0.));
#2107 = ADVANCED_FACE('',(#2108),#2136,.T.);
#2108 = FACE_BOUND('',#2109,.T.);
#2109 = EDGE_LOOP('',(#2110,#2119,#2120,#2121,#2129));
#2110 = ORIENTED_EDGE('',*,*,#2111,.T.);
#2111 = EDGE_CURVE('',#2112,#2080,#2114,.T.);
#2112 = VERTEX_POINT('',#2113);
#2113 = CARTESIAN_POINT('',(-96.01,75.125967915812,1.));
#2114 = ELLIPSE('',#2115,9.899494936612,7.);
#2115 = AXIS2_PLACEMENT_3D('',#2116,#2117,#2118);
#2116 = CARTESIAN_POINT('',(-103.,75.5,7.99));
#2117 = DIRECTION('',(-0.707106781187,0.,-0.707106781187));
#2118 = DIRECTION('',(-0.707106781187,0.,0.707106781187));
#2119 = ORIENTED_EDGE('',*,*,#2079,.F.);
#2120 = ORIENTED_EDGE('',*,*,#561,.F.);
#2121 = ORIENTED_EDGE('',*,*,#2122,.T.);
#2122 = EDGE_CURVE('',#554,#2123,#2125,.T.);
#2123 = VERTEX_POINT('',#2124);
#2124 = CARTESIAN_POINT('',(-96.,75.5,1.));
#2125 = LINE('',#2126,#2127);
#2126 = CARTESIAN_POINT('',(-96.,75.5,0.));
#2127 = VECTOR('',#2128,1.);
#2128 = DIRECTION('',(0.,0.,1.));
#2129 = ORIENTED_EDGE('',*,*,#2130,.T.);
#2130 = EDGE_CURVE('',#2123,#2112,#2131,.T.);
#2131 = CIRCLE('',#2132,7.);
#2132 = AXIS2_PLACEMENT_3D('',#2133,#2134,#2135);
#2133 = CARTESIAN_POINT('',(-103.,75.5,1.));
#2134 = DIRECTION('',(-0.,-0.,-1.));
#2135 = DIRECTION('',(0.,-1.,0.));
#2136 = CYLINDRICAL_SURFACE('',#2137,7.);
#2137 = AXIS2_PLACEMENT_3D('',#2138,#2139,#2140);
#2138 = CARTESIAN_POINT('',(-103.,75.5,0.));
#2139 = DIRECTION('',(0.,0.,1.));
#2140 = DIRECTION('',(1.,0.,0.));
#2141 = ADVANCED_FACE('',(#2142),#2163,.T.);
#2142 = FACE_BOUND('',#2143,.T.);
#2143 = EDGE_LOOP('',(#2144,#2145,#2146,#2154,#2160,#2161,#2162));
#2144 = ORIENTED_EDGE('',*,*,#793,.F.);
#2145 = ORIENTED_EDGE('',*,*,#818,.T.);
#2146 = ORIENTED_EDGE('',*,*,#2147,.T.);
#2147 = EDGE_CURVE('',#809,#2148,#2150,.T.);
#2148 = VERTEX_POINT('',#2149);
#2149 = CARTESIAN_POINT('',(-96.,76.01,1.));
#2150 = LINE('',#2151,#2152);
#2151 = CARTESIAN_POINT('',(-96.,84.005,8.995));
#2152 = VECTOR('',#2153,1.);
#2153 = DIRECTION('',(0.,-0.707106781187,-0.707106781187));
#2154 = ORIENTED_EDGE('',*,*,#2155,.T.);
#2155 = EDGE_CURVE('',#2148,#2123,#2156,.T.);
#2156 = LINE('',#2157,#2158);
#2157 = CARTESIAN_POINT('',(-96.,94.,1.));
#2158 = VECTOR('',#2159,1.);
#2159 = DIRECTION('',(0.,-1.,0.));
#2160 = ORIENTED_EDGE('',*,*,#2122,.F.);
#2161 = ORIENTED_EDGE('',*,*,#553,.F.);
#2162 = ORIENTED_EDGE('',*,*,#545,.T.);
#2163 = PLANE('',#2164);
#2164 = AXIS2_PLACEMENT_3D('',#2165,#2166,#2167);
#2165 = CARTESIAN_POINT('',(-96.,94.,0.));
#2166 = DIRECTION('',(1.,0.,0.));
#2167 = DIRECTION('',(0.,-1.,0.));
#2168 = ADVANCED_FACE('',(#2169),#2204,.F.);
#2169 = FACE_BOUND('',#2170,.F.);
#2170 = EDGE_LOOP('',(#2171,#2179,#2188,#2197,#2203));
#2171 = ORIENTED_EDGE('',*,*,#2172,.T.);
#2172 = EDGE_CURVE('',#605,#2173,#2175,.T.);
#2173 = VERTEX_POINT('',#2174);
#2174 = CARTESIAN_POINT('',(-103.5032859633,-85.37861962654,6.855));
#2175 = LINE('',#2176,#2177);
#2176 = CARTESIAN_POINT('',(-103.5032859633,-85.37861962654,6.855));
#2177 = VECTOR('',#2178,1.);
#2178 = DIRECTION('',(8.659560562355E-17,8.659560562355E-17,1.));
#2179 = ORIENTED_EDGE('',*,*,#2180,.T.);
#2180 = EDGE_CURVE('',#2173,#2181,#2183,.T.);
#2181 = VERTEX_POINT('',#2182);
#2182 = CARTESIAN_POINT('',(-104.999,-86.522,6.855));
#2183 = CIRCLE('',#2184,1.55);
#2184 = AXIS2_PLACEMENT_3D('',#2185,#2186,#2187);
#2185 = CARTESIAN_POINT('',(-104.999,-84.972,6.855));
#2186 = DIRECTION('',(-8.659560562355E-17,-8.659560562355E-17,-1.));
#2187 = DIRECTION('',(-2.22044604925E-16,-1.,8.659560562355E-17));
#2188 = ORIENTED_EDGE('',*,*,#2189,.T.);
#2189 = EDGE_CURVE('',#2181,#2190,#2192,.T.);
#2190 = VERTEX_POINT('',#2191);
#2191 = CARTESIAN_POINT('',(-105.3947139398,-86.47063620594,6.855));
#2192 = CIRCLE('',#2193,1.55);
#2193 = AXIS2_PLACEMENT_3D('',#2194,#2195,#2196);
#2194 = CARTESIAN_POINT('',(-104.999,-84.972,6.855));
#2195 = DIRECTION('',(-8.659560562355E-17,-8.659560562355E-17,-1.));
#2196 = DIRECTION('',(-2.22044604925E-16,-1.,8.659560562355E-17));
#2197 = ORIENTED_EDGE('',*,*,#2198,.F.);
#2198 = EDGE_CURVE('',#603,#2190,#2199,.T.);
#2199 = LINE('',#2200,#2201);
#2200 = CARTESIAN_POINT('',(-105.3947139398,-86.47063620594,6.855));
#2201 = VECTOR('',#2202,1.);
#2202 = DIRECTION('',(8.659560562355E-17,8.659560562355E-17,1.));
#2203 = ORIENTED_EDGE('',*,*,#602,.T.);
#2204 = CYLINDRICAL_SURFACE('',#2205,1.55);
#2205 = AXIS2_PLACEMENT_3D('',#2206,#2207,#2208);
#2206 = CARTESIAN_POINT('',(-104.999,-84.972,6.855));
#2207 = DIRECTION('',(8.659560562355E-17,8.659560562355E-17,1.));
#2208 = DIRECTION('',(-2.22044604925E-16,-1.,8.659560562355E-17));
#2209 = ADVANCED_FACE('',(#2210),#2228,.T.);
#2210 = FACE_BOUND('',#2211,.T.);
#2211 = EDGE_LOOP('',(#2212,#2220,#2221,#2222));
#2212 = ORIENTED_EDGE('',*,*,#2213,.F.);
#2213 = EDGE_CURVE('',#2190,#2214,#2216,.T.);
#2214 = VERTEX_POINT('',#2215);
#2215 = CARTESIAN_POINT('',(-106.0989999032,-86.87725594416,6.855));
#2216 = LINE('',#2217,#2218);
#2217 = CARTESIAN_POINT('',(-102.799,-84.97199988832,6.855));
#2218 = VECTOR('',#2219,1.);
#2219 = DIRECTION('',(-0.866025378404,-0.50000004396,1.182917987468E-16)
  );
#2220 = ORIENTED_EDGE('',*,*,#2198,.F.);
#2221 = ORIENTED_EDGE('',*,*,#671,.F.);
#2222 = ORIENTED_EDGE('',*,*,#2223,.F.);
#2223 = EDGE_CURVE('',#2214,#664,#2224,.T.);
#2224 = LINE('',#2225,#2226);
#2225 = CARTESIAN_POINT('',(-106.0989999032,-86.87725594416,6.855));
#2226 = VECTOR('',#2227,1.);
#2227 = DIRECTION('',(-8.659560562355E-17,-8.659560562355E-17,-1.));
#2228 = PLANE('',#2229);
#2229 = AXIS2_PLACEMENT_3D('',#2230,#2231,#2232);
#2230 = CARTESIAN_POINT('',(-102.799,-84.97199988832,6.855));
#2231 = DIRECTION('',(-0.50000004396,0.866025378404,-3.169618550974E-17)
  );
#2232 = DIRECTION('',(-0.866025378404,-0.50000004396,1.182917987468E-16)
  );
#2233 = ADVANCED_FACE('',(#2234),#2252,.T.);
#2234 = FACE_BOUND('',#2235,.T.);
#2235 = EDGE_LOOP('',(#2236,#2244,#2245,#2246));
#2236 = ORIENTED_EDGE('',*,*,#2237,.F.);
#2237 = EDGE_CURVE('',#2214,#2238,#2240,.T.);
#2238 = VERTEX_POINT('',#2239);
#2239 = CARTESIAN_POINT('',(-106.0989999445,-86.06401653922,6.855));
#2240 = LINE('',#2241,#2242);
#2241 = CARTESIAN_POINT('',(-106.0989999032,-86.87725594416,6.855));
#2242 = VECTOR('',#2243,1.);
#2243 = DIRECTION('',(-5.076101552796E-08,1.,-8.659560122787E-17));
#2244 = ORIENTED_EDGE('',*,*,#2223,.T.);
#2245 = ORIENTED_EDGE('',*,*,#663,.F.);
#2246 = ORIENTED_EDGE('',*,*,#2247,.T.);
#2247 = EDGE_CURVE('',#655,#2238,#2248,.T.);
#2248 = LINE('',#2249,#2250);
#2249 = CARTESIAN_POINT('',(-106.0989999445,-86.06401653922,6.855));
#2250 = VECTOR('',#2251,1.);
#2251 = DIRECTION('',(8.659560562355E-17,8.659560562355E-17,1.));
#2252 = PLANE('',#2253);
#2253 = AXIS2_PLACEMENT_3D('',#2254,#2255,#2256);
#2254 = CARTESIAN_POINT('',(-106.0989999032,-86.87725594416,6.855));
#2255 = DIRECTION('',(1.,5.076101552796E-08,-8.659561001923E-17));
#2256 = DIRECTION('',(-5.076101552796E-08,1.,-8.659560122787E-17));
#2257 = ADVANCED_FACE('',(#2258),#2277,.F.);
#2258 = FACE_BOUND('',#2259,.F.);
#2259 = EDGE_LOOP('',(#2260,#2268,#2269,#2270));
#2260 = ORIENTED_EDGE('',*,*,#2261,.F.);
#2261 = EDGE_CURVE('',#647,#2262,#2264,.T.);
#2262 = VERTEX_POINT('',#2263);
#2263 = CARTESIAN_POINT('',(-106.0990000554,-83.87998357244,6.855));
#2264 = LINE('',#2265,#2266);
#2265 = CARTESIAN_POINT('',(-106.0990000554,-83.87998357244,6.855));
#2266 = VECTOR('',#2267,1.);
#2267 = DIRECTION('',(8.659560562355E-17,8.659560562355E-17,1.));
#2268 = ORIENTED_EDGE('',*,*,#654,.T.);
#2269 = ORIENTED_EDGE('',*,*,#2247,.T.);
#2270 = ORIENTED_EDGE('',*,*,#2271,.T.);
#2271 = EDGE_CURVE('',#2238,#2262,#2272,.T.);
#2272 = CIRCLE('',#2273,1.55);
#2273 = AXIS2_PLACEMENT_3D('',#2274,#2275,#2276);
#2274 = CARTESIAN_POINT('',(-104.999,-84.972,6.855));
#2275 = DIRECTION('',(-8.659560562355E-17,-8.659560562355E-17,-1.));
#2276 = DIRECTION('',(-2.22044604925E-16,-1.,8.659560562355E-17));
#2277 = CYLINDRICAL_SURFACE('',#2278,1.55);
#2278 = AXIS2_PLACEMENT_3D('',#2279,#2280,#2281);
#2279 = CARTESIAN_POINT('',(-104.999,-84.972,6.855));
#2280 = DIRECTION('',(8.659560562355E-17,8.659560562355E-17,1.));
#2281 = DIRECTION('',(-2.22044604925E-16,-1.,8.659560562355E-17));
#2282 = ADVANCED_FACE('',(#2283),#2301,.T.);
#2283 = FACE_BOUND('',#2284,.T.);
#2284 = EDGE_LOOP('',(#2285,#2293,#2294,#2295));
#2285 = ORIENTED_EDGE('',*,*,#2286,.F.);
#2286 = EDGE_CURVE('',#2262,#2287,#2289,.T.);
#2287 = VERTEX_POINT('',#2288);
#2288 = CARTESIAN_POINT('',(-106.0990000967,-83.06674416751,6.855));
#2289 = LINE('',#2290,#2291);
#2290 = CARTESIAN_POINT('',(-106.0989999032,-86.87725594416,6.855));
#2291 = VECTOR('',#2292,1.);
#2292 = DIRECTION('',(-5.076101552796E-08,1.,-8.659560122787E-17));
#2293 = ORIENTED_EDGE('',*,*,#2261,.F.);
#2294 = ORIENTED_EDGE('',*,*,#646,.F.);
#2295 = ORIENTED_EDGE('',*,*,#2296,.F.);
#2296 = EDGE_CURVE('',#2287,#639,#2297,.T.);
#2297 = LINE('',#2298,#2299);
#2298 = CARTESIAN_POINT('',(-106.0990000967,-83.06674416751,6.855));
#2299 = VECTOR('',#2300,1.);
#2300 = DIRECTION('',(-8.659560562355E-17,-8.659560562355E-17,-1.));
#2301 = PLANE('',#2302);
#2302 = AXIS2_PLACEMENT_3D('',#2303,#2304,#2305);
#2303 = CARTESIAN_POINT('',(-106.0989999032,-86.87725594416,6.855));
#2304 = DIRECTION('',(1.,5.076101552796E-08,-8.659561001923E-17));
#2305 = DIRECTION('',(-5.076101552796E-08,1.,-8.659560122787E-17));
#2306 = ADVANCED_FACE('',(#2307),#2325,.T.);
#2307 = FACE_BOUND('',#2308,.T.);
#2308 = EDGE_LOOP('',(#2309,#2317,#2318,#2319));
#2309 = ORIENTED_EDGE('',*,*,#2310,.F.);
#2310 = EDGE_CURVE('',#2287,#2311,#2313,.T.);
#2311 = VERTEX_POINT('',#2312);
#2312 = CARTESIAN_POINT('',(-105.394714092,-83.47336383422,6.855));
#2313 = LINE('',#2314,#2315);
#2314 = CARTESIAN_POINT('',(-106.0990000967,-83.06674416751,6.855));
#2315 = VECTOR('',#2316,1.);
#2316 = DIRECTION('',(0.866025429165,-0.49999995604,-3.16961975189E-17)
  );
#2317 = ORIENTED_EDGE('',*,*,#2296,.T.);
#2318 = ORIENTED_EDGE('',*,*,#638,.F.);
#2319 = ORIENTED_EDGE('',*,*,#2320,.T.);
#2320 = EDGE_CURVE('',#630,#2311,#2321,.T.);
#2321 = LINE('',#2322,#2323);
#2322 = CARTESIAN_POINT('',(-105.394714092,-83.47336383422,6.855));
#2323 = VECTOR('',#2324,1.);
#2324 = DIRECTION('',(8.659560562355E-17,8.659560562355E-17,1.));
#2325 = PLANE('',#2326);
#2326 = AXIS2_PLACEMENT_3D('',#2327,#2328,#2329);
#2327 = CARTESIAN_POINT('',(-106.0990000967,-83.06674416751,6.855));
#2328 = DIRECTION('',(-0.49999995604,-0.866025429165,1.182917955289E-16)
  );
#2329 = DIRECTION('',(0.866025429165,-0.49999995604,-3.16961975189E-17)
  );
#2330 = ADVANCED_FACE('',(#2331),#2350,.F.);
#2331 = FACE_BOUND('',#2332,.F.);
#2332 = EDGE_LOOP('',(#2333,#2334,#2335,#2344));
#2333 = ORIENTED_EDGE('',*,*,#629,.T.);
#2334 = ORIENTED_EDGE('',*,*,#2320,.T.);
#2335 = ORIENTED_EDGE('',*,*,#2336,.T.);
#2336 = EDGE_CURVE('',#2311,#2337,#2339,.T.);
#2337 = VERTEX_POINT('',#2338);
#2338 = CARTESIAN_POINT('',(-103.5032860046,-84.5653802216,6.855));
#2339 = CIRCLE('',#2340,1.55);
#2340 = AXIS2_PLACEMENT_3D('',#2341,#2342,#2343);
#2341 = CARTESIAN_POINT('',(-104.999,-84.972,6.855));
#2342 = DIRECTION('',(-8.659560562355E-17,-8.659560562355E-17,-1.));
#2343 = DIRECTION('',(-2.22044604925E-16,-1.,8.659560562355E-17));
#2344 = ORIENTED_EDGE('',*,*,#2345,.F.);
#2345 = EDGE_CURVE('',#622,#2337,#2346,.T.);
#2346 = LINE('',#2347,#2348);
#2347 = CARTESIAN_POINT('',(-103.5032860046,-84.5653802216,6.855));
#2348 = VECTOR('',#2349,1.);
#2349 = DIRECTION('',(8.659560562355E-17,8.659560562355E-17,1.));
#2350 = CYLINDRICAL_SURFACE('',#2351,1.55);
#2351 = AXIS2_PLACEMENT_3D('',#2352,#2353,#2354);
#2352 = CARTESIAN_POINT('',(-104.999,-84.972,6.855));
#2353 = DIRECTION('',(8.659560562355E-17,8.659560562355E-17,1.));
#2354 = DIRECTION('',(-2.22044604925E-16,-1.,8.659560562355E-17));
#2355 = ADVANCED_FACE('',(#2356),#2374,.T.);
#2356 = FACE_BOUND('',#2357,.T.);
#2357 = EDGE_LOOP('',(#2358,#2366,#2367,#2368));
#2358 = ORIENTED_EDGE('',*,*,#2359,.F.);
#2359 = EDGE_CURVE('',#2337,#2360,#2362,.T.);
#2360 = VERTEX_POINT('',#2361);
#2361 = CARTESIAN_POINT('',(-102.799,-84.97199988832,6.855));
#2362 = LINE('',#2363,#2364);
#2363 = CARTESIAN_POINT('',(-106.0990000967,-83.06674416751,6.855));
#2364 = VECTOR('',#2365,1.);
#2365 = DIRECTION('',(0.866025429165,-0.49999995604,-3.16961975189E-17)
  );
#2366 = ORIENTED_EDGE('',*,*,#2345,.F.);
#2367 = ORIENTED_EDGE('',*,*,#621,.F.);
#2368 = ORIENTED_EDGE('',*,*,#2369,.F.);
#2369 = EDGE_CURVE('',#2360,#614,#2370,.T.);
#2370 = LINE('',#2371,#2372);
#2371 = CARTESIAN_POINT('',(-102.799,-84.97199988832,6.855));
#2372 = VECTOR('',#2373,1.);
#2373 = DIRECTION('',(-8.659560562355E-17,-8.659560562355E-17,-1.));
#2374 = PLANE('',#2375);
#2375 = AXIS2_PLACEMENT_3D('',#2376,#2377,#2378);
#2376 = CARTESIAN_POINT('',(-106.0990000967,-83.06674416751,6.855));
#2377 = DIRECTION('',(-0.49999995604,-0.866025429165,1.182917955289E-16)
  );
#2378 = DIRECTION('',(0.866025429165,-0.49999995604,-3.16961975189E-17)
  );
#2379 = ADVANCED_FACE('',(#2380),#2391,.T.);
#2380 = FACE_BOUND('',#2381,.T.);
#2381 = EDGE_LOOP('',(#2382,#2388,#2389,#2390));
#2382 = ORIENTED_EDGE('',*,*,#2383,.F.);
#2383 = EDGE_CURVE('',#2360,#2173,#2384,.T.);
#2384 = LINE('',#2385,#2386);
#2385 = CARTESIAN_POINT('',(-102.799,-84.97199988832,6.855));
#2386 = VECTOR('',#2387,1.);
#2387 = DIRECTION('',(-0.866025378404,-0.50000004396,1.182917987468E-16)
  );
#2388 = ORIENTED_EDGE('',*,*,#2369,.T.);
#2389 = ORIENTED_EDGE('',*,*,#613,.F.);
#2390 = ORIENTED_EDGE('',*,*,#2172,.T.);
#2391 = PLANE('',#2392);
#2392 = AXIS2_PLACEMENT_3D('',#2393,#2394,#2395);
#2393 = CARTESIAN_POINT('',(-102.799,-84.97199988832,6.855));
#2394 = DIRECTION('',(-0.50000004396,0.866025378404,-3.169618550974E-17)
  );
#2395 = DIRECTION('',(-0.866025378404,-0.50000004396,1.182917987468E-16)
  );
#2396 = ADVANCED_FACE('',(#2397),#2410,.T.);
#2397 = FACE_BOUND('',#2398,.T.);
#2398 = EDGE_LOOP('',(#2399,#2400,#2409));
#2399 = ORIENTED_EDGE('',*,*,#679,.F.);
#2400 = ORIENTED_EDGE('',*,*,#2401,.F.);
#2401 = EDGE_CURVE('',#2402,#680,#2404,.T.);
#2402 = VERTEX_POINT('',#2403);
#2403 = CARTESIAN_POINT('',(-105.,-76.,-3.));
#2404 = CIRCLE('',#2405,3.);
#2405 = AXIS2_PLACEMENT_3D('',#2406,#2407,#2408);
#2406 = CARTESIAN_POINT('',(-105.,-76.,0.));
#2407 = DIRECTION('',(-2.449293598295E-16,-1.,0.));
#2408 = DIRECTION('',(1.,-2.449293598295E-16,0.));
#2409 = ORIENTED_EDGE('',*,*,#2401,.T.);
#2410 = SPHERICAL_SURFACE('',#2411,3.);
#2411 = AXIS2_PLACEMENT_3D('',#2412,#2413,#2414);
#2412 = CARTESIAN_POINT('',(-105.,-76.,0.));
#2413 = DIRECTION('',(0.,0.,1.));
#2414 = DIRECTION('',(1.,0.,0.));
#2415 = ADVANCED_FACE('',(#2416),#2451,.F.);
#2416 = FACE_BOUND('',#2417,.F.);
#2417 = EDGE_LOOP('',(#2418,#2426,#2435,#2444,#2450));
#2418 = ORIENTED_EDGE('',*,*,#2419,.T.);
#2419 = EDGE_CURVE('',#693,#2420,#2422,.T.);
#2420 = VERTEX_POINT('',#2421);
#2421 = CARTESIAN_POINT('',(-103.4632859633,84.581380373457,6.895));
#2422 = LINE('',#2423,#2424);
#2423 = CARTESIAN_POINT('',(-103.4632859633,84.581380373457,6.895));
#2424 = VECTOR('',#2425,1.);
#2425 = DIRECTION('',(8.659560562355E-17,8.659560562355E-17,1.));
#2426 = ORIENTED_EDGE('',*,*,#2427,.T.);
#2427 = EDGE_CURVE('',#2420,#2428,#2430,.T.);
#2428 = VERTEX_POINT('',#2429);
#2429 = CARTESIAN_POINT('',(-104.959,83.438,6.895));
#2430 = CIRCLE('',#2431,1.55);
#2431 = AXIS2_PLACEMENT_3D('',#2432,#2433,#2434);
#2432 = CARTESIAN_POINT('',(-104.959,84.988,6.895));
#2433 = DIRECTION('',(-8.659560562355E-17,-8.659560562355E-17,-1.));
#2434 = DIRECTION('',(-2.22044604925E-16,-1.,8.659560562355E-17));
#2435 = ORIENTED_EDGE('',*,*,#2436,.T.);
#2436 = EDGE_CURVE('',#2428,#2437,#2439,.T.);
#2437 = VERTEX_POINT('',#2438);
#2438 = CARTESIAN_POINT('',(-105.3547139398,83.489363794054,6.895));
#2439 = CIRCLE('',#2440,1.55);
#2440 = AXIS2_PLACEMENT_3D('',#2441,#2442,#2443);
#2441 = CARTESIAN_POINT('',(-104.959,84.988,6.895));
#2442 = DIRECTION('',(-8.659560562355E-17,-8.659560562355E-17,-1.));
#2443 = DIRECTION('',(-2.22044604925E-16,-1.,8.659560562355E-17));
#2444 = ORIENTED_EDGE('',*,*,#2445,.F.);
#2445 = EDGE_CURVE('',#691,#2437,#2446,.T.);
#2446 = LINE('',#2447,#2448);
#2447 = CARTESIAN_POINT('',(-105.3547139398,83.489363794054,6.895));
#2448 = VECTOR('',#2449,1.);
#2449 = DIRECTION('',(8.659560562355E-17,8.659560562355E-17,1.));
#2450 = ORIENTED_EDGE('',*,*,#690,.T.);
#2451 = CYLINDRICAL_SURFACE('',#2452,1.55);
#2452 = AXIS2_PLACEMENT_3D('',#2453,#2454,#2455);
#2453 = CARTESIAN_POINT('',(-104.959,84.988,6.895));
#2454 = DIRECTION('',(8.659560562355E-17,8.659560562355E-17,1.));
#2455 = DIRECTION('',(-2.22044604925E-16,-1.,8.659560562355E-17));
#2456 = ADVANCED_FACE('',(#2457),#2475,.T.);
#2457 = FACE_BOUND('',#2458,.T.);
#2458 = EDGE_LOOP('',(#2459,#2467,#2468,#2469));
#2459 = ORIENTED_EDGE('',*,*,#2460,.F.);
#2460 = EDGE_CURVE('',#2437,#2461,#2463,.T.);
#2461 = VERTEX_POINT('',#2462);
#2462 = CARTESIAN_POINT('',(-106.0589999032,83.082744055837,6.895));
#2463 = LINE('',#2464,#2465);
#2464 = CARTESIAN_POINT('',(-102.759,84.988000111674,6.895));
#2465 = VECTOR('',#2466,1.);
#2466 = DIRECTION('',(-0.866025378404,-0.50000004396,1.182917987468E-16)
  );
#2467 = ORIENTED_EDGE('',*,*,#2445,.F.);
#2468 = ORIENTED_EDGE('',*,*,#759,.F.);
#2469 = ORIENTED_EDGE('',*,*,#2470,.F.);
#2470 = EDGE_CURVE('',#2461,#752,#2471,.T.);
#2471 = LINE('',#2472,#2473);
#2472 = CARTESIAN_POINT('',(-106.0589999032,83.082744055837,6.895));
#2473 = VECTOR('',#2474,1.);
#2474 = DIRECTION('',(-8.659560562355E-17,-8.659560562355E-17,-1.));
#2475 = PLANE('',#2476);
#2476 = AXIS2_PLACEMENT_3D('',#2477,#2478,#2479);
#2477 = CARTESIAN_POINT('',(-102.759,84.988000111674,6.895));
#2478 = DIRECTION('',(-0.50000004396,0.866025378404,-3.169618550974E-17)
  );
#2479 = DIRECTION('',(-0.866025378404,-0.50000004396,1.182917987468E-16)
  );
#2480 = ADVANCED_FACE('',(#2481),#2499,.T.);
#2481 = FACE_BOUND('',#2482,.T.);
#2482 = EDGE_LOOP('',(#2483,#2491,#2492,#2493));
#2483 = ORIENTED_EDGE('',*,*,#2484,.F.);
#2484 = EDGE_CURVE('',#2461,#2485,#2487,.T.);
#2485 = VERTEX_POINT('',#2486);
#2486 = CARTESIAN_POINT('',(-106.0589999445,83.895983460771,6.895));
#2487 = LINE('',#2488,#2489);
#2488 = CARTESIAN_POINT('',(-106.0589999032,83.082744055837,6.895));
#2489 = VECTOR('',#2490,1.);
#2490 = DIRECTION('',(-5.076101552796E-08,1.,-8.659560122787E-17));
#2491 = ORIENTED_EDGE('',*,*,#2470,.T.);
#2492 = ORIENTED_EDGE('',*,*,#751,.F.);
#2493 = ORIENTED_EDGE('',*,*,#2494,.T.);
#2494 = EDGE_CURVE('',#743,#2485,#2495,.T.);
#2495 = LINE('',#2496,#2497);
#2496 = CARTESIAN_POINT('',(-106.0589999445,83.895983460771,6.895));
#2497 = VECTOR('',#2498,1.);
#2498 = DIRECTION('',(8.659560562355E-17,8.659560562355E-17,1.));
#2499 = PLANE('',#2500);
#2500 = AXIS2_PLACEMENT_3D('',#2501,#2502,#2503);
#2501 = CARTESIAN_POINT('',(-106.0589999032,83.082744055837,6.895));
#2502 = DIRECTION('',(1.,5.076101552796E-08,-8.659561001923E-17));
#2503 = DIRECTION('',(-5.076101552796E-08,1.,-8.659560122787E-17));
#2504 = ADVANCED_FACE('',(#2505),#2524,.F.);
#2505 = FACE_BOUND('',#2506,.F.);
#2506 = EDGE_LOOP('',(#2507,#2515,#2516,#2517));
#2507 = ORIENTED_EDGE('',*,*,#2508,.F.);
#2508 = EDGE_CURVE('',#735,#2509,#2511,.T.);
#2509 = VERTEX_POINT('',#2510);
#2510 = CARTESIAN_POINT('',(-106.0590000554,86.080016427555,6.895));
#2511 = LINE('',#2512,#2513);
#2512 = CARTESIAN_POINT('',(-106.0590000554,86.080016427555,6.895));
#2513 = VECTOR('',#2514,1.);
#2514 = DIRECTION('',(8.659560562355E-17,8.659560562355E-17,1.));
#2515 = ORIENTED_EDGE('',*,*,#742,.T.);
#2516 = ORIENTED_EDGE('',*,*,#2494,.T.);
#2517 = ORIENTED_EDGE('',*,*,#2518,.T.);
#2518 = EDGE_CURVE('',#2485,#2509,#2519,.T.);
#2519 = CIRCLE('',#2520,1.55);
#2520 = AXIS2_PLACEMENT_3D('',#2521,#2522,#2523);
#2521 = CARTESIAN_POINT('',(-104.959,84.988,6.895));
#2522 = DIRECTION('',(-8.659560562355E-17,-8.659560562355E-17,-1.));
#2523 = DIRECTION('',(-2.22044604925E-16,-1.,8.659560562355E-17));
#2524 = CYLINDRICAL_SURFACE('',#2525,1.55);
#2525 = AXIS2_PLACEMENT_3D('',#2526,#2527,#2528);
#2526 = CARTESIAN_POINT('',(-104.959,84.988,6.895));
#2527 = DIRECTION('',(8.659560562355E-17,8.659560562355E-17,1.));
#2528 = DIRECTION('',(-2.22044604925E-16,-1.,8.659560562355E-17));
#2529 = ADVANCED_FACE('',(#2530),#2548,.T.);
#2530 = FACE_BOUND('',#2531,.T.);
#2531 = EDGE_LOOP('',(#2532,#2540,#2541,#2542));
#2532 = ORIENTED_EDGE('',*,*,#2533,.F.);
#2533 = EDGE_CURVE('',#2509,#2534,#2536,.T.);
#2534 = VERTEX_POINT('',#2535);
#2535 = CARTESIAN_POINT('',(-106.0590000967,86.893255832489,6.895));
#2536 = LINE('',#2537,#2538);
#2537 = CARTESIAN_POINT('',(-106.0589999032,83.082744055837,6.895));
#2538 = VECTOR('',#2539,1.);
#2539 = DIRECTION('',(-5.076101552796E-08,1.,-8.659560122787E-17));
#2540 = ORIENTED_EDGE('',*,*,#2508,.F.);
#2541 = ORIENTED_EDGE('',*,*,#734,.F.);
#2542 = ORIENTED_EDGE('',*,*,#2543,.F.);
#2543 = EDGE_CURVE('',#2534,#727,#2544,.T.);
#2544 = LINE('',#2545,#2546);
#2545 = CARTESIAN_POINT('',(-106.0590000967,86.893255832489,6.895));
#2546 = VECTOR('',#2547,1.);
#2547 = DIRECTION('',(-8.659560562355E-17,-8.659560562355E-17,-1.));
#2548 = PLANE('',#2549);
#2549 = AXIS2_PLACEMENT_3D('',#2550,#2551,#2552);
#2550 = CARTESIAN_POINT('',(-106.0589999032,83.082744055837,6.895));
#2551 = DIRECTION('',(1.,5.076101552796E-08,-8.659561001923E-17));
#2552 = DIRECTION('',(-5.076101552796E-08,1.,-8.659560122787E-17));
#2553 = ADVANCED_FACE('',(#2554),#2572,.T.);
#2554 = FACE_BOUND('',#2555,.T.);
#2555 = EDGE_LOOP('',(#2556,#2564,#2565,#2566));
#2556 = ORIENTED_EDGE('',*,*,#2557,.F.);
#2557 = EDGE_CURVE('',#2534,#2558,#2560,.T.);
#2558 = VERTEX_POINT('',#2559);
#2559 = CARTESIAN_POINT('',(-105.354714092,86.486636165772,6.895));
#2560 = LINE('',#2561,#2562);
#2561 = CARTESIAN_POINT('',(-106.0590000967,86.893255832489,6.895));
#2562 = VECTOR('',#2563,1.);
#2563 = DIRECTION('',(0.866025429165,-0.49999995604,-3.16961975189E-17)
  );
#2564 = ORIENTED_EDGE('',*,*,#2543,.T.);
#2565 = ORIENTED_EDGE('',*,*,#726,.F.);
#2566 = ORIENTED_EDGE('',*,*,#2567,.T.);
#2567 = EDGE_CURVE('',#718,#2558,#2568,.T.);
#2568 = LINE('',#2569,#2570);
#2569 = CARTESIAN_POINT('',(-105.354714092,86.486636165772,6.895));
#2570 = VECTOR('',#2571,1.);
#2571 = DIRECTION('',(8.659560562355E-17,8.659560562355E-17,1.));
#2572 = PLANE('',#2573);
#2573 = AXIS2_PLACEMENT_3D('',#2574,#2575,#2576);
#2574 = CARTESIAN_POINT('',(-106.0590000967,86.893255832489,6.895));
#2575 = DIRECTION('',(-0.49999995604,-0.866025429165,1.182917955289E-16)
  );
#2576 = DIRECTION('',(0.866025429165,-0.49999995604,-3.16961975189E-17)
  );
#2577 = ADVANCED_FACE('',(#2578),#2597,.F.);
#2578 = FACE_BOUND('',#2579,.F.);
#2579 = EDGE_LOOP('',(#2580,#2581,#2582,#2591));
#2580 = ORIENTED_EDGE('',*,*,#717,.T.);
#2581 = ORIENTED_EDGE('',*,*,#2567,.T.);
#2582 = ORIENTED_EDGE('',*,*,#2583,.T.);
#2583 = EDGE_CURVE('',#2558,#2584,#2586,.T.);
#2584 = VERTEX_POINT('',#2585);
#2585 = CARTESIAN_POINT('',(-103.4632860046,85.394619778391,6.895));
#2586 = CIRCLE('',#2587,1.55);
#2587 = AXIS2_PLACEMENT_3D('',#2588,#2589,#2590);
#2588 = CARTESIAN_POINT('',(-104.959,84.988,6.895));
#2589 = DIRECTION('',(-8.659560562355E-17,-8.659560562355E-17,-1.));
#2590 = DIRECTION('',(-2.22044604925E-16,-1.,8.659560562355E-17));
#2591 = ORIENTED_EDGE('',*,*,#2592,.F.);
#2592 = EDGE_CURVE('',#710,#2584,#2593,.T.);
#2593 = LINE('',#2594,#2595);
#2594 = CARTESIAN_POINT('',(-103.4632860046,85.394619778391,6.895));
#2595 = VECTOR('',#2596,1.);
#2596 = DIRECTION('',(8.659560562355E-17,8.659560562355E-17,1.));
#2597 = CYLINDRICAL_SURFACE('',#2598,1.55);
#2598 = AXIS2_PLACEMENT_3D('',#2599,#2600,#2601);
#2599 = CARTESIAN_POINT('',(-104.959,84.988,6.895));
#2600 = DIRECTION('',(8.659560562355E-17,8.659560562355E-17,1.));
#2601 = DIRECTION('',(-2.22044604925E-16,-1.,8.659560562355E-17));
#2602 = ADVANCED_FACE('',(#2603),#2621,.T.);
#2603 = FACE_BOUND('',#2604,.T.);
#2604 = EDGE_LOOP('',(#2605,#2613,#2614,#2615));
#2605 = ORIENTED_EDGE('',*,*,#2606,.F.);
#2606 = EDGE_CURVE('',#2584,#2607,#2609,.T.);
#2607 = VERTEX_POINT('',#2608);
#2608 = CARTESIAN_POINT('',(-102.759,84.988000111674,6.895));
#2609 = LINE('',#2610,#2611);
#2610 = CARTESIAN_POINT('',(-106.0590000967,86.893255832489,6.895));
#2611 = VECTOR('',#2612,1.);
#2612 = DIRECTION('',(0.866025429165,-0.49999995604,-3.16961975189E-17)
  );
#2613 = ORIENTED_EDGE('',*,*,#2592,.F.);
#2614 = ORIENTED_EDGE('',*,*,#709,.F.);
#2615 = ORIENTED_EDGE('',*,*,#2616,.F.);
#2616 = EDGE_CURVE('',#2607,#702,#2617,.T.);
#2617 = LINE('',#2618,#2619);
#2618 = CARTESIAN_POINT('',(-102.759,84.988000111674,6.895));
#2619 = VECTOR('',#2620,1.);
#2620 = DIRECTION('',(-8.659560562355E-17,-8.659560562355E-17,-1.));
#2621 = PLANE('',#2622);
#2622 = AXIS2_PLACEMENT_3D('',#2623,#2624,#2625);
#2623 = CARTESIAN_POINT('',(-106.0590000967,86.893255832489,6.895));
#2624 = DIRECTION('',(-0.49999995604,-0.866025429165,1.182917955289E-16)
  );
#2625 = DIRECTION('',(0.866025429165,-0.49999995604,-3.16961975189E-17)
  );
#2626 = ADVANCED_FACE('',(#2627),#2638,.T.);
#2627 = FACE_BOUND('',#2628,.T.);
#2628 = EDGE_LOOP('',(#2629,#2635,#2636,#2637));
#2629 = ORIENTED_EDGE('',*,*,#2630,.F.);
#2630 = EDGE_CURVE('',#2607,#2420,#2631,.T.);
#2631 = LINE('',#2632,#2633);
#2632 = CARTESIAN_POINT('',(-102.759,84.988000111674,6.895));
#2633 = VECTOR('',#2634,1.);
#2634 = DIRECTION('',(-0.866025378404,-0.50000004396,1.182917987468E-16)
  );
#2635 = ORIENTED_EDGE('',*,*,#2616,.T.);
#2636 = ORIENTED_EDGE('',*,*,#701,.F.);
#2637 = ORIENTED_EDGE('',*,*,#2419,.T.);
#2638 = PLANE('',#2639);
#2639 = AXIS2_PLACEMENT_3D('',#2640,#2641,#2642);
#2640 = CARTESIAN_POINT('',(-102.759,84.988000111674,6.895));
#2641 = DIRECTION('',(-0.50000004396,0.866025378404,-3.169618550974E-17)
  );
#2642 = DIRECTION('',(-0.866025378404,-0.50000004396,1.182917987468E-16)
  );
#2643 = ADVANCED_FACE('',(#2644),#2657,.T.);
#2644 = FACE_BOUND('',#2645,.T.);
#2645 = EDGE_LOOP('',(#2646,#2647,#2656));
#2646 = ORIENTED_EDGE('',*,*,#767,.F.);
#2647 = ORIENTED_EDGE('',*,*,#2648,.F.);
#2648 = EDGE_CURVE('',#2649,#768,#2651,.T.);
#2649 = VERTEX_POINT('',#2650);
#2650 = CARTESIAN_POINT('',(-105.,76.,-3.));
#2651 = CIRCLE('',#2652,3.);
#2652 = AXIS2_PLACEMENT_3D('',#2653,#2654,#2655);
#2653 = CARTESIAN_POINT('',(-105.,76.,0.));
#2654 = DIRECTION('',(-2.449293598295E-16,-1.,0.));
#2655 = DIRECTION('',(1.,-2.449293598295E-16,0.));
#2656 = ORIENTED_EDGE('',*,*,#2648,.T.);
#2657 = SPHERICAL_SURFACE('',#2658,3.);
#2658 = AXIS2_PLACEMENT_3D('',#2659,#2660,#2661);
#2659 = CARTESIAN_POINT('',(-105.,76.,0.));
#2660 = DIRECTION('',(0.,0.,1.));
#2661 = DIRECTION('',(1.,0.,0.));
#2662 = ADVANCED_FACE('',(#2663),#2689,.F.);
#2663 = FACE_BOUND('',#2664,.T.);
#2664 = EDGE_LOOP('',(#2665,#2666,#2674,#2682,#2688));
#2665 = ORIENTED_EDGE('',*,*,#808,.T.);
#2666 = ORIENTED_EDGE('',*,*,#2667,.F.);
#2667 = EDGE_CURVE('',#2668,#811,#2670,.T.);
#2668 = VERTEX_POINT('',#2669);
#2669 = CARTESIAN_POINT('',(-110.,90.,14.99));
#2670 = LINE('',#2671,#2672);
#2671 = CARTESIAN_POINT('',(-109.665,90.335,15.325));
#2672 = VECTOR('',#2673,1.);
#2673 = DIRECTION('',(0.57735026919,0.57735026919,0.57735026919));
#2674 = ORIENTED_EDGE('',*,*,#2675,.T.);
#2675 = EDGE_CURVE('',#2668,#2676,#2678,.T.);
#2676 = VERTEX_POINT('',#2677);
#2677 = CARTESIAN_POINT('',(-96.01,76.01,1.));
#2678 = LINE('',#2679,#2680);
#2679 = CARTESIAN_POINT('',(-99.75333333333,79.753333333333,
    4.743333333333));
#2680 = VECTOR('',#2681,1.);
#2681 = DIRECTION('',(0.57735026919,-0.57735026919,-0.57735026919));
#2682 = ORIENTED_EDGE('',*,*,#2683,.F.);
#2683 = EDGE_CURVE('',#2148,#2676,#2684,.T.);
#2684 = LINE('',#2685,#2686);
#2685 = CARTESIAN_POINT('',(-96.,76.01,1.));
#2686 = VECTOR('',#2687,1.);
#2687 = DIRECTION('',(-1.,0.,0.));
#2688 = ORIENTED_EDGE('',*,*,#2147,.F.);
#2689 = PLANE('',#2690);
#2690 = AXIS2_PLACEMENT_3D('',#2691,#2692,#2693);
#2691 = CARTESIAN_POINT('',(-96.,83.505,8.495));
#2692 = DIRECTION('',(0.,0.707106781187,-0.707106781187));
#2693 = DIRECTION('',(1.,0.,0.));
#2694 = ADVANCED_FACE('',(#2695),#2721,.T.);
#2695 = FACE_BOUND('',#2696,.F.);
#2696 = EDGE_LOOP('',(#2697,#2705,#2713,#2719,#2720));
#2697 = ORIENTED_EDGE('',*,*,#2698,.F.);
#2698 = EDGE_CURVE('',#2699,#2668,#2701,.T.);
#2699 = VERTEX_POINT('',#2700);
#2700 = CARTESIAN_POINT('',(-111.,89.,15.99));
#2701 = LINE('',#2702,#2703);
#2702 = CARTESIAN_POINT('',(-111.585,88.415,16.575));
#2703 = VECTOR('',#2704,1.);
#2704 = DIRECTION('',(0.57735026919,0.57735026919,-0.57735026919));
#2705 = ORIENTED_EDGE('',*,*,#2706,.T.);
#2706 = EDGE_CURVE('',#2699,#2707,#2709,.T.);
#2707 = VERTEX_POINT('',#2708);
#2708 = CARTESIAN_POINT('',(-111.,89.,30.));
#2709 = LINE('',#2710,#2711);
#2710 = CARTESIAN_POINT('',(-111.,89.,15.99));
#2711 = VECTOR('',#2712,1.);
#2712 = DIRECTION('',(0.,0.,1.));
#2713 = ORIENTED_EDGE('',*,*,#2714,.F.);
#2714 = EDGE_CURVE('',#827,#2707,#2715,.T.);
#2715 = LINE('',#2716,#2717);
#2716 = CARTESIAN_POINT('',(-110.,90.,30.));
#2717 = VECTOR('',#2718,1.);
#2718 = DIRECTION('',(-0.707106781187,-0.707106781187,1.076859104374E-14
    ));
#2719 = ORIENTED_EDGE('',*,*,#834,.F.);
#2720 = ORIENTED_EDGE('',*,*,#2667,.F.);
#2721 = PLANE('',#2722);
#2722 = AXIS2_PLACEMENT_3D('',#2723,#2724,#2725);
#2723 = CARTESIAN_POINT('',(-110.,90.,15.99));
#2724 = DIRECTION('',(0.707106781187,-0.707106781187,0.));
#2725 = DIRECTION('',(0.,0.,-1.));
#2726 = ADVANCED_FACE('',(#2727),#2745,.T.);
#2727 = FACE_BOUND('',#2728,.T.);
#2728 = EDGE_LOOP('',(#2729,#2730,#2738,#2744));
#2729 = ORIENTED_EDGE('',*,*,#920,.F.);
#2730 = ORIENTED_EDGE('',*,*,#2731,.T.);
#2731 = EDGE_CURVE('',#913,#2732,#2734,.T.);
#2732 = VERTEX_POINT('',#2733);
#2733 = CARTESIAN_POINT('',(-2.561101426617,91.3,25.146419014799));
#2734 = LINE('',#2735,#2736);
#2735 = CARTESIAN_POINT('',(-2.561101426617,84.3,25.146419014799));
#2736 = VECTOR('',#2737,1.);
#2737 = DIRECTION('',(4.252295203646E-16,1.,3.737038904755E-16));
#2738 = ORIENTED_EDGE('',*,*,#2739,.T.);
#2739 = EDGE_CURVE('',#2732,#1928,#2740,.T.);
#2740 = LINE('',#2741,#2742);
#2741 = CARTESIAN_POINT('',(-2.561101426617,91.3,25.146419014799));
#2742 = VECTOR('',#2743,1.);
#2743 = DIRECTION('',(-0.49999995604,5.362518136188E-16,-0.866025429165)
  );
#2744 = ORIENTED_EDGE('',*,*,#1936,.T.);
#2745 = PLANE('',#2746);
#2746 = AXIS2_PLACEMENT_3D('',#2747,#2748,#2749);
#2747 = CARTESIAN_POINT('',(-2.561101426617,84.3,25.146419014799));
#2748 = DIRECTION('',(-0.866025429165,1.814076490576E-16,0.49999995604)
  );
#2749 = DIRECTION('',(-0.49999995604,5.362518136188E-16,-0.866025429165)
  );
#2750 = ADVANCED_FACE('',(#2751),#2762,.T.);
#2751 = FACE_BOUND('',#2752,.T.);
#2752 = EDGE_LOOP('',(#2753,#2754,#2755,#2756));
#2753 = ORIENTED_EDGE('',*,*,#2731,.F.);
#2754 = ORIENTED_EDGE('',*,*,#912,.F.);
#2755 = ORIENTED_EDGE('',*,*,#1919,.F.);
#2756 = ORIENTED_EDGE('',*,*,#2757,.T.);
#2757 = EDGE_CURVE('',#1920,#2732,#2758,.T.);
#2758 = LINE('',#2759,#2760);
#2759 = CARTESIAN_POINT('',(-6.371613203269,91.3,25.146418821373));
#2760 = VECTOR('',#2761,1.);
#2761 = DIRECTION('',(1.,-4.252295393341E-16,5.076075748622E-08));
#2762 = PLANE('',#2763);
#2763 = AXIS2_PLACEMENT_3D('',#2764,#2765,#2766);
#2764 = CARTESIAN_POINT('',(-6.371613203269,84.3,25.146418821373));
#2765 = DIRECTION('',(5.076075748622E-08,3.737038688905E-16,-1.));
#2766 = DIRECTION('',(1.,-4.252295393341E-16,5.076075748622E-08));
#2767 = ADVANCED_FACE('',(#2768),#2786,.T.);
#2768 = FACE_BOUND('',#2769,.T.);
#2769 = EDGE_LOOP('',(#2770,#2771,#2779,#2785));
#2770 = ORIENTED_EDGE('',*,*,#895,.F.);
#2771 = ORIENTED_EDGE('',*,*,#2772,.T.);
#2772 = EDGE_CURVE('',#888,#2773,#2775,.T.);
#2773 = VERTEX_POINT('',#2774);
#2774 = CARTESIAN_POINT('',(-6.371613203269,91.3,25.146418821373));
#2775 = LINE('',#2776,#2777);
#2776 = CARTESIAN_POINT('',(-6.371613203269,84.3,25.146418821373));
#2777 = VECTOR('',#2778,1.);
#2778 = DIRECTION('',(4.252295203646E-16,1.,3.737038904755E-16));
#2779 = ORIENTED_EDGE('',*,*,#2780,.T.);
#2780 = EDGE_CURVE('',#2773,#1904,#2781,.T.);
#2781 = LINE('',#2782,#2783);
#2782 = CARTESIAN_POINT('',(-6.371613203269,91.3,25.146418821373));
#2783 = VECTOR('',#2784,1.);
#2784 = DIRECTION('',(1.,-4.252295393341E-16,5.076075748622E-08));
#2785 = ORIENTED_EDGE('',*,*,#1912,.T.);
#2786 = PLANE('',#2787);
#2787 = AXIS2_PLACEMENT_3D('',#2788,#2789,#2790);
#2788 = CARTESIAN_POINT('',(-6.371613203269,84.3,25.146418821373));
#2789 = DIRECTION('',(5.076075748622E-08,3.737038688905E-16,-1.));
#2790 = DIRECTION('',(1.,-4.252295393341E-16,5.076075748622E-08));
#2791 = ADVANCED_FACE('',(#2792),#2803,.T.);
#2792 = FACE_BOUND('',#2793,.T.);
#2793 = EDGE_LOOP('',(#2794,#2795,#2796,#2797));
#2794 = ORIENTED_EDGE('',*,*,#2772,.F.);
#2795 = ORIENTED_EDGE('',*,*,#887,.F.);
#2796 = ORIENTED_EDGE('',*,*,#1895,.F.);
#2797 = ORIENTED_EDGE('',*,*,#2798,.T.);
#2798 = EDGE_CURVE('',#1896,#2773,#2799,.T.);
#2799 = LINE('',#2800,#2801);
#2800 = CARTESIAN_POINT('',(-4.466357147431,91.3,21.846418918086));
#2801 = VECTOR('',#2802,1.);
#2802 = DIRECTION('',(-0.50000004396,-1.110222742845E-16,0.866025378404)
  );
#2803 = PLANE('',#2804);
#2804 = AXIS2_PLACEMENT_3D('',#2805,#2806,#2807);
#2805 = CARTESIAN_POINT('',(-4.466357147431,84.3,21.846418918086));
#2806 = DIRECTION('',(0.866025378404,-5.551115179482E-16,0.50000004396)
  );
#2807 = DIRECTION('',(-0.50000004396,-1.110222742845E-16,0.866025378404)
  );
#2808 = ADVANCED_FACE('',(#2809),#2827,.T.);
#2809 = FACE_BOUND('',#2810,.T.);
#2810 = EDGE_LOOP('',(#2811,#2812,#2820,#2826));
#2811 = ORIENTED_EDGE('',*,*,#870,.F.);
#2812 = ORIENTED_EDGE('',*,*,#2813,.T.);
#2813 = EDGE_CURVE('',#863,#2814,#2816,.T.);
#2814 = VERTEX_POINT('',#2815);
#2815 = CARTESIAN_POINT('',(-4.466357147431,91.3,21.846418918086));
#2816 = LINE('',#2817,#2818);
#2817 = CARTESIAN_POINT('',(-4.466357147431,84.3,21.846418918086));
#2818 = VECTOR('',#2819,1.);
#2819 = DIRECTION('',(4.252295203646E-16,1.,3.737038904755E-16));
#2820 = ORIENTED_EDGE('',*,*,#2821,.T.);
#2821 = EDGE_CURVE('',#2814,#1880,#2822,.T.);
#2822 = LINE('',#2823,#2824);
#2823 = CARTESIAN_POINT('',(-4.466357147431,91.3,21.846418918086));
#2824 = VECTOR('',#2825,1.);
#2825 = DIRECTION('',(-0.50000004396,-1.110222742845E-16,0.866025378404)
  );
#2826 = ORIENTED_EDGE('',*,*,#1888,.T.);
#2827 = PLANE('',#2828);
#2828 = AXIS2_PLACEMENT_3D('',#2829,#2830,#2831);
#2829 = CARTESIAN_POINT('',(-4.466357147431,84.3,21.846418918086));
#2830 = DIRECTION('',(0.866025378404,-5.551115179482E-16,0.50000004396)
  );
#2831 = DIRECTION('',(-0.50000004396,-1.110222742845E-16,0.866025378404)
  );
#2832 = ADVANCED_FACE('',(#2833),#2844,.T.);
#2833 = FACE_BOUND('',#2834,.T.);
#2834 = EDGE_LOOP('',(#2835,#2836,#2837,#2838));
#2835 = ORIENTED_EDGE('',*,*,#2813,.F.);
#2836 = ORIENTED_EDGE('',*,*,#862,.F.);
#2837 = ORIENTED_EDGE('',*,*,#1871,.F.);
#2838 = ORIENTED_EDGE('',*,*,#2839,.T.);
#2839 = EDGE_CURVE('',#1872,#2814,#2840,.T.);
#2840 = LINE('',#2841,#2842);
#2841 = CARTESIAN_POINT('',(-2.561101426617,91.3,25.146419014799));
#2842 = VECTOR('',#2843,1.);
#2843 = DIRECTION('',(-0.49999995604,5.362518136188E-16,-0.866025429165)
  );
#2844 = PLANE('',#2845);
#2845 = AXIS2_PLACEMENT_3D('',#2846,#2847,#2848);
#2846 = CARTESIAN_POINT('',(-2.561101426617,84.3,25.146419014799));
#2847 = DIRECTION('',(-0.866025429165,1.814076490576E-16,0.49999995604)
  );
#2848 = DIRECTION('',(-0.49999995604,5.362518136188E-16,-0.866025429165)
  );
#2849 = ADVANCED_FACE('',(#2850),#2868,.T.);
#2850 = FACE_BOUND('',#2851,.T.);
#2851 = EDGE_LOOP('',(#2852,#2853,#2861,#2867));
#2852 = ORIENTED_EDGE('',*,*,#1006,.F.);
#2853 = ORIENTED_EDGE('',*,*,#2854,.T.);
#2854 = EDGE_CURVE('',#999,#2855,#2857,.T.);
#2855 = VERTEX_POINT('',#2856);
#2856 = CARTESIAN_POINT('',(-2.667561285411,91.3,11.170812899196));
#2857 = LINE('',#2858,#2859);
#2858 = CARTESIAN_POINT('',(-2.667561285411,84.3,11.170812899196));
#2859 = VECTOR('',#2860,1.);
#2860 = DIRECTION('',(4.252295203646E-16,1.,3.737038904755E-16));
#2861 = ORIENTED_EDGE('',*,*,#2862,.T.);
#2862 = EDGE_CURVE('',#2855,#1839,#2863,.T.);
#2863 = LINE('',#2864,#2865);
#2864 = CARTESIAN_POINT('',(-2.667561285411,91.3,11.170812899196));
#2865 = VECTOR('',#2866,1.);
#2866 = DIRECTION('',(-0.49999995604,5.362518136188E-16,-0.866025429165)
  );
#2867 = ORIENTED_EDGE('',*,*,#1847,.T.);
#2868 = PLANE('',#2869);
#2869 = AXIS2_PLACEMENT_3D('',#2870,#2871,#2872);
#2870 = CARTESIAN_POINT('',(-2.667561285411,84.3,11.170812899196));
#2871 = DIRECTION('',(-0.866025429165,1.814076490576E-16,0.49999995604)
  );
#2872 = DIRECTION('',(-0.49999995604,5.362518136188E-16,-0.866025429165)
  );
#2873 = ADVANCED_FACE('',(#2874),#2885,.T.);
#2874 = FACE_BOUND('',#2875,.T.);
#2875 = EDGE_LOOP('',(#2876,#2877,#2878,#2879));
#2876 = ORIENTED_EDGE('',*,*,#2854,.F.);
#2877 = ORIENTED_EDGE('',*,*,#998,.F.);
#2878 = ORIENTED_EDGE('',*,*,#1830,.F.);
#2879 = ORIENTED_EDGE('',*,*,#2880,.T.);
#2880 = EDGE_CURVE('',#1831,#2855,#2881,.T.);
#2881 = LINE('',#2882,#2883);
#2882 = CARTESIAN_POINT('',(-6.478073062063,91.3,11.170812705771));
#2883 = VECTOR('',#2884,1.);
#2884 = DIRECTION('',(1.,-4.252295393341E-16,5.076075748622E-08));
#2885 = PLANE('',#2886);
#2886 = AXIS2_PLACEMENT_3D('',#2887,#2888,#2889);
#2887 = CARTESIAN_POINT('',(-6.478073062063,84.3,11.170812705771));
#2888 = DIRECTION('',(5.076075748622E-08,3.737038688905E-16,-1.));
#2889 = DIRECTION('',(1.,-4.252295393341E-16,5.076075748622E-08));
#2890 = ADVANCED_FACE('',(#2891),#2909,.T.);
#2891 = FACE_BOUND('',#2892,.T.);
#2892 = EDGE_LOOP('',(#2893,#2894,#2902,#2908));
#2893 = ORIENTED_EDGE('',*,*,#981,.F.);
#2894 = ORIENTED_EDGE('',*,*,#2895,.T.);
#2895 = EDGE_CURVE('',#974,#2896,#2898,.T.);
#2896 = VERTEX_POINT('',#2897);
#2897 = CARTESIAN_POINT('',(-6.478073062063,91.3,11.170812705771));
#2898 = LINE('',#2899,#2900);
#2899 = CARTESIAN_POINT('',(-6.478073062063,84.3,11.170812705771));
#2900 = VECTOR('',#2901,1.);
#2901 = DIRECTION('',(4.252295203646E-16,1.,3.737038904755E-16));
#2902 = ORIENTED_EDGE('',*,*,#2903,.T.);
#2903 = EDGE_CURVE('',#2896,#1815,#2904,.T.);
#2904 = LINE('',#2905,#2906);
#2905 = CARTESIAN_POINT('',(-6.478073062063,91.3,11.170812705771));
#2906 = VECTOR('',#2907,1.);
#2907 = DIRECTION('',(1.,-4.252295393341E-16,5.076075748622E-08));
#2908 = ORIENTED_EDGE('',*,*,#1823,.T.);
#2909 = PLANE('',#2910);
#2910 = AXIS2_PLACEMENT_3D('',#2911,#2912,#2913);
#2911 = CARTESIAN_POINT('',(-6.478073062063,84.3,11.170812705771));
#2912 = DIRECTION('',(5.076075748622E-08,3.737038688905E-16,-1.));
#2913 = DIRECTION('',(1.,-4.252295393341E-16,5.076075748622E-08));
#2914 = ADVANCED_FACE('',(#2915),#2926,.T.);
#2915 = FACE_BOUND('',#2916,.T.);
#2916 = EDGE_LOOP('',(#2917,#2918,#2919,#2920));
#2917 = ORIENTED_EDGE('',*,*,#2895,.F.);
#2918 = ORIENTED_EDGE('',*,*,#973,.F.);
#2919 = ORIENTED_EDGE('',*,*,#1806,.F.);
#2920 = ORIENTED_EDGE('',*,*,#2921,.T.);
#2921 = EDGE_CURVE('',#1807,#2896,#2922,.T.);
#2922 = LINE('',#2923,#2924);
#2923 = CARTESIAN_POINT('',(-4.572817006225,91.3,7.870812802483));
#2924 = VECTOR('',#2925,1.);
#2925 = DIRECTION('',(-0.50000004396,-1.110222742845E-16,0.866025378404)
  );
#2926 = PLANE('',#2927);
#2927 = AXIS2_PLACEMENT_3D('',#2928,#2929,#2930);
#2928 = CARTESIAN_POINT('',(-4.572817006225,84.3,7.870812802483));
#2929 = DIRECTION('',(0.866025378404,-5.551115179482E-16,0.50000004396)
  );
#2930 = DIRECTION('',(-0.50000004396,-1.110222742845E-16,0.866025378404)
  );
#2931 = ADVANCED_FACE('',(#2932),#2950,.T.);
#2932 = FACE_BOUND('',#2933,.T.);
#2933 = EDGE_LOOP('',(#2934,#2935,#2943,#2949));
#2934 = ORIENTED_EDGE('',*,*,#956,.F.);
#2935 = ORIENTED_EDGE('',*,*,#2936,.T.);
#2936 = EDGE_CURVE('',#949,#2937,#2939,.T.);
#2937 = VERTEX_POINT('',#2938);
#2938 = CARTESIAN_POINT('',(-4.572817006225,91.3,7.870812802483));
#2939 = LINE('',#2940,#2941);
#2940 = CARTESIAN_POINT('',(-4.572817006225,84.3,7.870812802483));
#2941 = VECTOR('',#2942,1.);
#2942 = DIRECTION('',(4.252295203646E-16,1.,3.737038904755E-16));
#2943 = ORIENTED_EDGE('',*,*,#2944,.T.);
#2944 = EDGE_CURVE('',#2937,#1791,#2945,.T.);
#2945 = LINE('',#2946,#2947);
#2946 = CARTESIAN_POINT('',(-4.572817006225,91.3,7.870812802483));
#2947 = VECTOR('',#2948,1.);
#2948 = DIRECTION('',(-0.50000004396,-1.110222742845E-16,0.866025378404)
  );
#2949 = ORIENTED_EDGE('',*,*,#1799,.T.);
#2950 = PLANE('',#2951);
#2951 = AXIS2_PLACEMENT_3D('',#2952,#2953,#2954);
#2952 = CARTESIAN_POINT('',(-4.572817006225,84.3,7.870812802483));
#2953 = DIRECTION('',(0.866025378404,-5.551115179482E-16,0.50000004396)
  );
#2954 = DIRECTION('',(-0.50000004396,-1.110222742845E-16,0.866025378404)
  );
#2955 = ADVANCED_FACE('',(#2956),#2967,.T.);
#2956 = FACE_BOUND('',#2957,.T.);
#2957 = EDGE_LOOP('',(#2958,#2959,#2960,#2961));
#2958 = ORIENTED_EDGE('',*,*,#2936,.F.);
#2959 = ORIENTED_EDGE('',*,*,#948,.F.);
#2960 = ORIENTED_EDGE('',*,*,#1782,.F.);
#2961 = ORIENTED_EDGE('',*,*,#2962,.T.);
#2962 = EDGE_CURVE('',#1783,#2937,#2963,.T.);
#2963 = LINE('',#2964,#2965);
#2964 = CARTESIAN_POINT('',(-2.667561285411,91.3,11.170812899196));
#2965 = VECTOR('',#2966,1.);
#2966 = DIRECTION('',(-0.49999995604,5.362518136188E-16,-0.866025429165)
  );
#2967 = PLANE('',#2968);
#2968 = AXIS2_PLACEMENT_3D('',#2969,#2970,#2971);
#2969 = CARTESIAN_POINT('',(-2.667561285411,84.3,11.170812899196));
#2970 = DIRECTION('',(-0.866025429165,1.814076490576E-16,0.49999995604)
  );
#2971 = DIRECTION('',(-0.49999995604,5.362518136188E-16,-0.866025429165)
  );
#2972 = ADVANCED_FACE('',(#2973),#2983,.T.);
#2973 = FACE_BOUND('',#2974,.T.);
#2974 = EDGE_LOOP('',(#2975,#2976,#2982));
#2975 = ORIENTED_EDGE('',*,*,#1020,.F.);
#2976 = ORIENTED_EDGE('',*,*,#2977,.T.);
#2977 = EDGE_CURVE('',#1021,#2707,#2978,.T.);
#2978 = LINE('',#2979,#2980);
#2979 = CARTESIAN_POINT('',(-109.5,89.,31.5));
#2980 = VECTOR('',#2981,1.);
#2981 = DIRECTION('',(-0.707106781187,3.076740298212E-15,-0.707106781187
    ));
#2982 = ORIENTED_EDGE('',*,*,#2714,.F.);
#2983 = PLANE('',#2984);
#2984 = AXIS2_PLACEMENT_3D('',#2985,#2986,#2987);
#2985 = CARTESIAN_POINT('',(-109.,89.,32.));
#2986 = DIRECTION('',(0.57735026919,-0.57735026919,-0.57735026919));
#2987 = DIRECTION('',(-0.707106781187,-0.707106781187,4.135580766729E-15
    ));
#2988 = ADVANCED_FACE('',(#2989),#3007,.F.);
#2989 = FACE_BOUND('',#2990,.F.);
#2990 = EDGE_LOOP('',(#2991,#2992,#2993,#3001));
#2991 = ORIENTED_EDGE('',*,*,#1046,.T.);
#2992 = ORIENTED_EDGE('',*,*,#2977,.T.);
#2993 = ORIENTED_EDGE('',*,*,#2994,.F.);
#2994 = EDGE_CURVE('',#2995,#2707,#2997,.T.);
#2995 = VERTEX_POINT('',#2996);
#2996 = CARTESIAN_POINT('',(-111.,-89.,30.));
#2997 = LINE('',#2998,#2999);
#2998 = CARTESIAN_POINT('',(-111.,-91.,30.));
#2999 = VECTOR('',#3000,1.);
#3000 = DIRECTION('',(0.,1.,-2.22044604925E-16));
#3001 = ORIENTED_EDGE('',*,*,#3002,.F.);
#3002 = EDGE_CURVE('',#1047,#2995,#3003,.T.);
#3003 = LINE('',#3004,#3005);
#3004 = CARTESIAN_POINT('',(-110.,-89.,31.));
#3005 = VECTOR('',#3006,1.);
#3006 = DIRECTION('',(-0.707106781187,3.845925372765E-16,-0.707106781187
    ));
#3007 = PLANE('',#3008);
#3008 = AXIS2_PLACEMENT_3D('',#3009,#3010,#3011);
#3009 = CARTESIAN_POINT('',(-110.,-91.,31.));
#3010 = DIRECTION('',(-0.707106781187,0.,0.707106781187));
#3011 = DIRECTION('',(-1.110223024625E-16,1.,-1.110223024625E-16));
#3012 = ADVANCED_FACE('',(#3013),#3031,.T.);
#3013 = FACE_BOUND('',#3014,.T.);
#3014 = EDGE_LOOP('',(#3015,#3022,#3029,#3030));
#3015 = ORIENTED_EDGE('',*,*,#3016,.F.);
#3016 = EDGE_CURVE('',#3017,#1063,#3019,.T.);
#3017 = VERTEX_POINT('',#3018);
#3018 = CARTESIAN_POINT('',(-10.14255311505,-18.46759499956,28.523));
#3019 = B_SPLINE_CURVE_WITH_KNOTS('',1,(#3020,#3021),.UNSPECIFIED.,.F.,
  .F.,(2,2),(0.,1.),.PIECEWISE_BEZIER_KNOTS.);
#3020 = CARTESIAN_POINT('',(-10.14255311505,-18.46759499956,28.523));
#3021 = CARTESIAN_POINT('',(-2.992031559486,-18.46759499956,34.523));
#3022 = ORIENTED_EDGE('',*,*,#3023,.T.);
#3023 = EDGE_CURVE('',#3017,#3017,#3024,.T.);
#3024 = CIRCLE('',#3025,31.5);
#3025 = AXIS2_PLACEMENT_3D('',#3026,#3027,#3028);
#3026 = CARTESIAN_POINT('',(-41.64255311505,-18.46759499956,28.523));
#3027 = DIRECTION('',(0.,0.,1.));
#3028 = DIRECTION('',(1.,0.,0.));
#3029 = ORIENTED_EDGE('',*,*,#3016,.T.);
#3030 = ORIENTED_EDGE('',*,*,#1062,.F.);
#3031 = CONICAL_SURFACE('',#3032,31.5,0.872664625997);
#3032 = AXIS2_PLACEMENT_3D('',#3033,#3034,#3035);
#3033 = CARTESIAN_POINT('',(-41.64255311505,-18.46759499956,28.523));
#3034 = DIRECTION('',(0.,0.,1.));
#3035 = DIRECTION('',(1.,0.,0.));
#3036 = ADVANCED_FACE('',(#3037),#3123,.T.);
#3037 = FACE_BOUND('',#3038,.T.);
#3038 = EDGE_LOOP('',(#3039,#3049,#3058,#3066,#3075,#3083,#3092,#3097,
    #3098,#3099,#3108,#3116));
#3039 = ORIENTED_EDGE('',*,*,#3040,.F.);
#3040 = EDGE_CURVE('',#3041,#3043,#3045,.T.);
#3041 = VERTEX_POINT('',#3042);
#3042 = CARTESIAN_POINT('',(-98.01296227003,-30.59732024652,25.196));
#3043 = VERTEX_POINT('',#3044);
#3044 = CARTESIAN_POINT('',(-98.01296227003,-30.59732024652,21.396));
#3045 = LINE('',#3046,#3047);
#3046 = CARTESIAN_POINT('',(-98.01296227003,-30.59732024652,25.196));
#3047 = VECTOR('',#3048,1.);
#3048 = DIRECTION('',(0.,0.,-1.));
#3049 = ORIENTED_EDGE('',*,*,#3050,.T.);
#3050 = EDGE_CURVE('',#3041,#3051,#3053,.T.);
#3051 = VERTEX_POINT('',#3052);
#3052 = CARTESIAN_POINT('',(-98.02522913729,-53.17194331235,25.196));
#3053 = CIRCLE('',#3054,15.);
#3054 = AXIS2_PLACEMENT_3D('',#3055,#3056,#3057);
#3055 = CARTESIAN_POINT('',(-88.14,-41.89,25.196));
#3056 = DIRECTION('',(0.,0.,1.));
#3057 = DIRECTION('',(1.,0.,0.));
#3058 = ORIENTED_EDGE('',*,*,#3059,.T.);
#3059 = EDGE_CURVE('',#3051,#3060,#3062,.T.);
#3060 = VERTEX_POINT('',#3061);
#3061 = CARTESIAN_POINT('',(-98.02522913729,-53.17194331235,21.396));
#3062 = LINE('',#3063,#3064);
#3063 = CARTESIAN_POINT('',(-98.02522913729,-53.17194331235,25.196));
#3064 = VECTOR('',#3065,1.);
#3065 = DIRECTION('',(0.,0.,-1.));
#3066 = ORIENTED_EDGE('',*,*,#3067,.T.);
#3067 = EDGE_CURVE('',#3060,#3068,#3070,.T.);
#3068 = VERTEX_POINT('',#3069);
#3069 = CARTESIAN_POINT('',(-79.86232083954,-54.39919772474,21.396));
#3070 = CIRCLE('',#3071,15.);
#3071 = AXIS2_PLACEMENT_3D('',#3072,#3073,#3074);
#3072 = CARTESIAN_POINT('',(-88.14,-41.89,21.396));
#3073 = DIRECTION('',(0.,0.,1.));
#3074 = DIRECTION('',(1.,0.,0.));
#3075 = ORIENTED_EDGE('',*,*,#3076,.F.);
#3076 = EDGE_CURVE('',#3077,#3068,#3079,.T.);
#3077 = VERTEX_POINT('',#3078);
#3078 = CARTESIAN_POINT('',(-79.86232083954,-54.39919772474,25.196));
#3079 = LINE('',#3080,#3081);
#3080 = CARTESIAN_POINT('',(-79.86232083954,-54.39919772474,25.196));
#3081 = VECTOR('',#3082,1.);
#3082 = DIRECTION('',(0.,0.,-1.));
#3083 = ORIENTED_EDGE('',*,*,#3084,.T.);
#3084 = EDGE_CURVE('',#3077,#3085,#3087,.T.);
#3085 = VERTEX_POINT('',#3086);
#3086 = CARTESIAN_POINT('',(-73.14,-41.89,25.196));
#3087 = CIRCLE('',#3088,15.);
#3088 = AXIS2_PLACEMENT_3D('',#3089,#3090,#3091);
#3089 = CARTESIAN_POINT('',(-88.14,-41.89,25.196));
#3090 = DIRECTION('',(0.,0.,1.));
#3091 = DIRECTION('',(1.,0.,0.));
#3092 = ORIENTED_EDGE('',*,*,#3093,.T.);
#3093 = EDGE_CURVE('',#3085,#1074,#3094,.T.);
#3094 = B_SPLINE_CURVE_WITH_KNOTS('',1,(#3095,#3096),.UNSPECIFIED.,.F.,
  .F.,(2,2),(-7.7,-0.896),.PIECEWISE_BEZIER_KNOTS.);
#3095 = CARTESIAN_POINT('',(-73.14,-41.89,25.196));
#3096 = CARTESIAN_POINT('',(-73.14,-41.89,32.));
#3097 = ORIENTED_EDGE('',*,*,#1073,.F.);
#3098 = ORIENTED_EDGE('',*,*,#3093,.F.);
#3099 = ORIENTED_EDGE('',*,*,#3100,.T.);
#3100 = EDGE_CURVE('',#3085,#3101,#3103,.T.);
#3101 = VERTEX_POINT('',#3102);
#3102 = CARTESIAN_POINT('',(-80.30786297573,-29.09712582594,25.196));
#3103 = CIRCLE('',#3104,15.);
#3104 = AXIS2_PLACEMENT_3D('',#3105,#3106,#3107);
#3105 = CARTESIAN_POINT('',(-88.14,-41.89,25.196));
#3106 = DIRECTION('',(0.,0.,1.));
#3107 = DIRECTION('',(1.,0.,0.));
#3108 = ORIENTED_EDGE('',*,*,#3109,.T.);
#3109 = EDGE_CURVE('',#3101,#3110,#3112,.T.);
#3110 = VERTEX_POINT('',#3111);
#3111 = CARTESIAN_POINT('',(-80.30786297573,-29.09712582594,21.396));
#3112 = LINE('',#3113,#3114);
#3113 = CARTESIAN_POINT('',(-80.30786297573,-29.09712582594,25.196));
#3114 = VECTOR('',#3115,1.);
#3115 = DIRECTION('',(0.,0.,-1.));
#3116 = ORIENTED_EDGE('',*,*,#3117,.T.);
#3117 = EDGE_CURVE('',#3110,#3043,#3118,.T.);
#3118 = CIRCLE('',#3119,15.);
#3119 = AXIS2_PLACEMENT_3D('',#3120,#3121,#3122);
#3120 = CARTESIAN_POINT('',(-88.14,-41.89,21.396));
#3121 = DIRECTION('',(0.,0.,1.));
#3122 = DIRECTION('',(1.,0.,0.));
#3123 = CYLINDRICAL_SURFACE('',#3124,15.);
#3124 = AXIS2_PLACEMENT_3D('',#3125,#3126,#3127);
#3125 = CARTESIAN_POINT('',(-88.14,-41.89,32.896));
#3126 = DIRECTION('',(0.,0.,1.));
#3127 = DIRECTION('',(1.,0.,0.));
#3128 = ADVANCED_FACE('',(#3129),#3148,.T.);
#3129 = FACE_BOUND('',#3130,.T.);
#3130 = EDGE_LOOP('',(#3131,#3139,#3140,#3141));
#3131 = ORIENTED_EDGE('',*,*,#3132,.F.);
#3132 = EDGE_CURVE('',#1085,#3133,#3135,.T.);
#3133 = VERTEX_POINT('',#3134);
#3134 = CARTESIAN_POINT('',(-64.603,33.12,30.));
#3135 = LINE('',#3136,#3137);
#3136 = CARTESIAN_POINT('',(-64.603,33.12,30.));
#3137 = VECTOR('',#3138,1.);
#3138 = DIRECTION('',(-0.707106781187,-1.570092458683E-16,
    -0.707106781187));
#3139 = ORIENTED_EDGE('',*,*,#1084,.T.);
#3140 = ORIENTED_EDGE('',*,*,#3132,.T.);
#3141 = ORIENTED_EDGE('',*,*,#3142,.F.);
#3142 = EDGE_CURVE('',#3133,#3133,#3143,.T.);
#3143 = CIRCLE('',#3144,4.);
#3144 = AXIS2_PLACEMENT_3D('',#3145,#3146,#3147);
#3145 = CARTESIAN_POINT('',(-68.603,33.12,30.));
#3146 = DIRECTION('',(0.,-2.22044604925E-16,-1.));
#3147 = DIRECTION('',(1.,0.,0.));
#3148 = CONICAL_SURFACE('',#3149,4.,0.785398163397);
#3149 = AXIS2_PLACEMENT_3D('',#3150,#3151,#3152);
#3150 = CARTESIAN_POINT('',(-68.603,33.12,30.));
#3151 = DIRECTION('',(0.,2.22044604925E-16,1.));
#3152 = DIRECTION('',(1.,0.,0.));
#3153 = ADVANCED_FACE('',(#3154),#3173,.T.);
#3154 = FACE_BOUND('',#3155,.T.);
#3155 = EDGE_LOOP('',(#3156,#3164,#3165,#3166));
#3156 = ORIENTED_EDGE('',*,*,#3157,.F.);
#3157 = EDGE_CURVE('',#1096,#3158,#3160,.T.);
#3158 = VERTEX_POINT('',#3159);
#3159 = CARTESIAN_POINT('',(-64.613,-68.62,30.));
#3160 = LINE('',#3161,#3162);
#3161 = CARTESIAN_POINT('',(-64.613,-68.62,30.));
#3162 = VECTOR('',#3163,1.);
#3163 = DIRECTION('',(-0.707106781187,-1.570092458683E-16,
    -0.707106781187));
#3164 = ORIENTED_EDGE('',*,*,#1095,.T.);
#3165 = ORIENTED_EDGE('',*,*,#3157,.T.);
#3166 = ORIENTED_EDGE('',*,*,#3167,.F.);
#3167 = EDGE_CURVE('',#3158,#3158,#3168,.T.);
#3168 = CIRCLE('',#3169,4.);
#3169 = AXIS2_PLACEMENT_3D('',#3170,#3171,#3172);
#3170 = CARTESIAN_POINT('',(-68.613,-68.62,30.));
#3171 = DIRECTION('',(0.,-2.22044604925E-16,-1.));
#3172 = DIRECTION('',(1.,1.972152263053E-31,-4.379057701015E-47));
#3173 = CONICAL_SURFACE('',#3174,4.,0.785398163397);
#3174 = AXIS2_PLACEMENT_3D('',#3175,#3176,#3177);
#3175 = CARTESIAN_POINT('',(-68.613,-68.62,30.));
#3176 = DIRECTION('',(0.,2.22044604925E-16,1.));
#3177 = DIRECTION('',(1.,1.972152263053E-31,-4.379057701015E-47));
#3178 = ADVANCED_FACE('',(#3179),#3189,.T.);
#3179 = FACE_BOUND('',#3180,.T.);
#3180 = EDGE_LOOP('',(#3181,#3182,#3188));
#3181 = ORIENTED_EDGE('',*,*,#1114,.F.);
#3182 = ORIENTED_EDGE('',*,*,#3183,.T.);
#3183 = EDGE_CURVE('',#1115,#2995,#3184,.T.);
#3184 = LINE('',#3185,#3186);
#3185 = CARTESIAN_POINT('',(-109.5,-90.5,30.));
#3186 = VECTOR('',#3187,1.);
#3187 = DIRECTION('',(-0.707106781187,0.707106781187,1.922962686383E-16)
  );
#3188 = ORIENTED_EDGE('',*,*,#3002,.F.);
#3189 = PLANE('',#3190);
#3190 = AXIS2_PLACEMENT_3D('',#3191,#3192,#3193);
#3191 = CARTESIAN_POINT('',(-109.,-91.,30.));
#3192 = DIRECTION('',(0.57735026919,0.57735026919,-0.57735026919));
#3193 = DIRECTION('',(-0.707106781187,4.440892098501E-16,-0.707106781187
    ));
#3194 = ADVANCED_FACE('',(#3195),#3221,.F.);
#3195 = FACE_BOUND('',#3196,.T.);
#3196 = EDGE_LOOP('',(#3197,#3207,#3213,#3214,#3215));
#3197 = ORIENTED_EDGE('',*,*,#3198,.F.);
#3198 = EDGE_CURVE('',#3199,#3201,#3203,.T.);
#3199 = VERTEX_POINT('',#3200);
#3200 = CARTESIAN_POINT('',(-110.,-90.,14.99));
#3201 = VERTEX_POINT('',#3202);
#3202 = CARTESIAN_POINT('',(-96.01,-76.01,1.));
#3203 = LINE('',#3204,#3205);
#3204 = CARTESIAN_POINT('',(-106.0033333333,-86.00333333333,
    10.993333333333));
#3205 = VECTOR('',#3206,1.);
#3206 = DIRECTION('',(0.57735026919,0.57735026919,-0.57735026919));
#3207 = ORIENTED_EDGE('',*,*,#3208,.F.);
#3208 = EDGE_CURVE('',#1137,#3199,#3209,.T.);
#3209 = LINE('',#3210,#3211);
#3210 = CARTESIAN_POINT('',(-109.4966666666,-90.50333333333,
    15.493333333333));
#3211 = VECTOR('',#3212,1.);
#3212 = DIRECTION('',(-0.57735026919,0.57735026919,-0.57735026919));
#3213 = ORIENTED_EDGE('',*,*,#1136,.T.);
#3214 = ORIENTED_EDGE('',*,*,#2061,.T.);
#3215 = ORIENTED_EDGE('',*,*,#3216,.F.);
#3216 = EDGE_CURVE('',#3201,#2054,#3217,.T.);
#3217 = LINE('',#3218,#3219);
#3218 = CARTESIAN_POINT('',(-111.,-76.01,1.));
#3219 = VECTOR('',#3220,1.);
#3220 = DIRECTION('',(1.,0.,0.));
#3221 = PLANE('',#3222);
#3222 = AXIS2_PLACEMENT_3D('',#3223,#3224,#3225);
#3223 = CARTESIAN_POINT('',(-111.,-83.505,8.495));
#3224 = DIRECTION('',(0.,-0.707106781187,-0.707106781187));
#3225 = DIRECTION('',(-1.,0.,0.));
#3226 = ADVANCED_FACE('',(#3227),#3246,.T.);
#3227 = FACE_BOUND('',#3228,.T.);
#3228 = EDGE_LOOP('',(#3229,#3230,#3238,#3244,#3245));
#3229 = ORIENTED_EDGE('',*,*,#3208,.T.);
#3230 = ORIENTED_EDGE('',*,*,#3231,.T.);
#3231 = EDGE_CURVE('',#3199,#3232,#3234,.T.);
#3232 = VERTEX_POINT('',#3233);
#3233 = CARTESIAN_POINT('',(-111.,-89.,15.99));
#3234 = LINE('',#3235,#3236);
#3235 = CARTESIAN_POINT('',(-110.5033333333,-89.49666666666,
    15.493333333333));
#3236 = VECTOR('',#3237,1.);
#3237 = DIRECTION('',(-0.57735026919,0.57735026919,0.57735026919));
#3238 = ORIENTED_EDGE('',*,*,#3239,.F.);
#3239 = EDGE_CURVE('',#2995,#3232,#3240,.T.);
#3240 = LINE('',#3241,#3242);
#3241 = CARTESIAN_POINT('',(-111.,-89.,32.));
#3242 = VECTOR('',#3243,1.);
#3243 = DIRECTION('',(0.,-2.22044604925E-16,-1.));
#3244 = ORIENTED_EDGE('',*,*,#3183,.F.);
#3245 = ORIENTED_EDGE('',*,*,#1146,.T.);
#3246 = PLANE('',#3247);
#3247 = AXIS2_PLACEMENT_3D('',#3248,#3249,#3250);
#3248 = CARTESIAN_POINT('',(-110.,-90.,32.));
#3249 = DIRECTION('',(0.707106781187,0.707106781187,0.));
#3250 = DIRECTION('',(1.110223024625E-16,-1.110223024625E-16,-1.));
#3251 = ADVANCED_FACE('',(#3252),#3270,.T.);
#3252 = FACE_BOUND('',#3253,.T.);
#3253 = EDGE_LOOP('',(#3254,#3262,#3263,#3264));
#3254 = ORIENTED_EDGE('',*,*,#3255,.F.);
#3255 = EDGE_CURVE('',#1752,#3256,#3258,.T.);
#3256 = VERTEX_POINT('',#3257);
#3257 = CARTESIAN_POINT('',(-4.436214465847,-91.15,7.834210262105));
#3258 = LINE('',#3259,#3260);
#3259 = CARTESIAN_POINT('',(-2.530958745033,-91.15,11.134210358818));
#3260 = VECTOR('',#3261,1.);
#3261 = DIRECTION('',(-0.49999995604,5.362518136188E-16,-0.866025429165)
  );
#3262 = ORIENTED_EDGE('',*,*,#1760,.F.);
#3263 = ORIENTED_EDGE('',*,*,#1248,.F.);
#3264 = ORIENTED_EDGE('',*,*,#3265,.F.);
#3265 = EDGE_CURVE('',#3256,#1241,#3266,.T.);
#3266 = LINE('',#3267,#3268);
#3267 = CARTESIAN_POINT('',(-4.436214465847,-91.15,7.834210262105));
#3268 = VECTOR('',#3269,1.);
#3269 = DIRECTION('',(4.252295203646E-16,1.,3.737038904755E-16));
#3270 = PLANE('',#3271);
#3271 = AXIS2_PLACEMENT_3D('',#3272,#3273,#3274);
#3272 = CARTESIAN_POINT('',(-2.530958745033,-91.15,11.134210358818));
#3273 = DIRECTION('',(-0.866025429165,1.814076490576E-16,0.49999995604)
  );
#3274 = DIRECTION('',(-0.49999995604,5.362518136188E-16,-0.866025429165)
  );
#3275 = ADVANCED_FACE('',(#3276),#3287,.T.);
#3276 = FACE_BOUND('',#3277,.T.);
#3277 = EDGE_LOOP('',(#3278,#3284,#3285,#3286));
#3278 = ORIENTED_EDGE('',*,*,#3279,.F.);
#3279 = EDGE_CURVE('',#3256,#1744,#3280,.T.);
#3280 = LINE('',#3281,#3282);
#3281 = CARTESIAN_POINT('',(-4.436214465847,-91.15,7.834210262105));
#3282 = VECTOR('',#3283,1.);
#3283 = DIRECTION('',(-0.50000004396,-1.110222742845E-16,0.866025378404)
  );
#3284 = ORIENTED_EDGE('',*,*,#3265,.T.);
#3285 = ORIENTED_EDGE('',*,*,#1240,.F.);
#3286 = ORIENTED_EDGE('',*,*,#1743,.T.);
#3287 = PLANE('',#3288);
#3288 = AXIS2_PLACEMENT_3D('',#3289,#3290,#3291);
#3289 = CARTESIAN_POINT('',(-4.436214465847,-91.15,7.834210262105));
#3290 = DIRECTION('',(0.866025378404,-5.551115179482E-16,0.50000004396)
  );
#3291 = DIRECTION('',(-0.50000004396,-1.110222742845E-16,0.866025378404)
  );
#3292 = ADVANCED_FACE('',(#3293),#3311,.T.);
#3293 = FACE_BOUND('',#3294,.T.);
#3294 = EDGE_LOOP('',(#3295,#3303,#3304,#3305));
#3295 = ORIENTED_EDGE('',*,*,#3296,.F.);
#3296 = EDGE_CURVE('',#1728,#3297,#3299,.T.);
#3297 = VERTEX_POINT('',#3298);
#3298 = CARTESIAN_POINT('',(-6.341470521685,-91.15,11.134210165392));
#3299 = LINE('',#3300,#3301);
#3300 = CARTESIAN_POINT('',(-4.436214465847,-91.15,7.834210262105));
#3301 = VECTOR('',#3302,1.);
#3302 = DIRECTION('',(-0.50000004396,-1.110222742845E-16,0.866025378404)
  );
#3303 = ORIENTED_EDGE('',*,*,#1736,.F.);
#3304 = ORIENTED_EDGE('',*,*,#1223,.F.);
#3305 = ORIENTED_EDGE('',*,*,#3306,.F.);
#3306 = EDGE_CURVE('',#3297,#1216,#3307,.T.);
#3307 = LINE('',#3308,#3309);
#3308 = CARTESIAN_POINT('',(-6.341470521685,-91.15,11.134210165392));
#3309 = VECTOR('',#3310,1.);
#3310 = DIRECTION('',(4.252295203646E-16,1.,3.737038904755E-16));
#3311 = PLANE('',#3312);
#3312 = AXIS2_PLACEMENT_3D('',#3313,#3314,#3315);
#3313 = CARTESIAN_POINT('',(-4.436214465847,-91.15,7.834210262105));
#3314 = DIRECTION('',(0.866025378404,-5.551115179482E-16,0.50000004396)
  );
#3315 = DIRECTION('',(-0.50000004396,-1.110222742845E-16,0.866025378404)
  );
#3316 = ADVANCED_FACE('',(#3317),#3328,.T.);
#3317 = FACE_BOUND('',#3318,.T.);
#3318 = EDGE_LOOP('',(#3319,#3325,#3326,#3327));
#3319 = ORIENTED_EDGE('',*,*,#3320,.F.);
#3320 = EDGE_CURVE('',#3297,#1720,#3321,.T.);
#3321 = LINE('',#3322,#3323);
#3322 = CARTESIAN_POINT('',(-6.341470521685,-91.15,11.134210165392));
#3323 = VECTOR('',#3324,1.);
#3324 = DIRECTION('',(1.,-4.252295393341E-16,5.076075748622E-08));
#3325 = ORIENTED_EDGE('',*,*,#3306,.T.);
#3326 = ORIENTED_EDGE('',*,*,#1215,.F.);
#3327 = ORIENTED_EDGE('',*,*,#1719,.T.);
#3328 = PLANE('',#3329);
#3329 = AXIS2_PLACEMENT_3D('',#3330,#3331,#3332);
#3330 = CARTESIAN_POINT('',(-6.341470521685,-91.15,11.134210165392));
#3331 = DIRECTION('',(5.076075748622E-08,3.737038688905E-16,-1.));
#3332 = DIRECTION('',(1.,-4.252295393341E-16,5.076075748622E-08));
#3333 = ADVANCED_FACE('',(#3334),#3352,.T.);
#3334 = FACE_BOUND('',#3335,.T.);
#3335 = EDGE_LOOP('',(#3336,#3344,#3345,#3346));
#3336 = ORIENTED_EDGE('',*,*,#3337,.F.);
#3337 = EDGE_CURVE('',#1704,#3338,#3340,.T.);
#3338 = VERTEX_POINT('',#3339);
#3339 = CARTESIAN_POINT('',(-2.530958745033,-91.15,11.134210358818));
#3340 = LINE('',#3341,#3342);
#3341 = CARTESIAN_POINT('',(-6.341470521685,-91.15,11.134210165392));
#3342 = VECTOR('',#3343,1.);
#3343 = DIRECTION('',(1.,-4.252295393341E-16,5.076075748622E-08));
#3344 = ORIENTED_EDGE('',*,*,#1712,.F.);
#3345 = ORIENTED_EDGE('',*,*,#1198,.F.);
#3346 = ORIENTED_EDGE('',*,*,#3347,.F.);
#3347 = EDGE_CURVE('',#3338,#1191,#3348,.T.);
#3348 = LINE('',#3349,#3350);
#3349 = CARTESIAN_POINT('',(-2.530958745033,-91.15,11.134210358818));
#3350 = VECTOR('',#3351,1.);
#3351 = DIRECTION('',(4.252295203646E-16,1.,3.737038904755E-16));
#3352 = PLANE('',#3353);
#3353 = AXIS2_PLACEMENT_3D('',#3354,#3355,#3356);
#3354 = CARTESIAN_POINT('',(-6.341470521685,-91.15,11.134210165392));
#3355 = DIRECTION('',(5.076075748622E-08,3.737038688905E-16,-1.));
#3356 = DIRECTION('',(1.,-4.252295393341E-16,5.076075748622E-08));
#3357 = ADVANCED_FACE('',(#3358),#3369,.T.);
#3358 = FACE_BOUND('',#3359,.T.);
#3359 = EDGE_LOOP('',(#3360,#3366,#3367,#3368));
#3360 = ORIENTED_EDGE('',*,*,#3361,.F.);
#3361 = EDGE_CURVE('',#3338,#1696,#3362,.T.);
#3362 = LINE('',#3363,#3364);
#3363 = CARTESIAN_POINT('',(-2.530958745033,-91.15,11.134210358818));
#3364 = VECTOR('',#3365,1.);
#3365 = DIRECTION('',(-0.49999995604,5.362518136188E-16,-0.866025429165)
  );
#3366 = ORIENTED_EDGE('',*,*,#3347,.T.);
#3367 = ORIENTED_EDGE('',*,*,#1190,.F.);
#3368 = ORIENTED_EDGE('',*,*,#1695,.T.);
#3369 = PLANE('',#3370);
#3370 = AXIS2_PLACEMENT_3D('',#3371,#3372,#3373);
#3371 = CARTESIAN_POINT('',(-2.530958745033,-91.15,11.134210358818));
#3372 = DIRECTION('',(-0.866025429165,1.814076490576E-16,0.49999995604)
  );
#3373 = DIRECTION('',(-0.49999995604,5.362518136188E-16,-0.866025429165)
  );
#3374 = ADVANCED_FACE('',(#3375),#3393,.T.);
#3375 = FACE_BOUND('',#3376,.T.);
#3376 = EDGE_LOOP('',(#3377,#3385,#3386,#3387));
#3377 = ORIENTED_EDGE('',*,*,#3378,.F.);
#3378 = EDGE_CURVE('',#1663,#3379,#3381,.T.);
#3379 = VERTEX_POINT('',#3380);
#3380 = CARTESIAN_POINT('',(-4.465998163583,-91.15,21.765797139821));
#3381 = LINE('',#3382,#3383);
#3382 = CARTESIAN_POINT('',(-2.560742442769,-91.15,25.065797236534));
#3383 = VECTOR('',#3384,1.);
#3384 = DIRECTION('',(-0.49999995604,5.362518136188E-16,-0.866025429165)
  );
#3385 = ORIENTED_EDGE('',*,*,#1671,.F.);
#3386 = ORIENTED_EDGE('',*,*,#1334,.F.);
#3387 = ORIENTED_EDGE('',*,*,#3388,.F.);
#3388 = EDGE_CURVE('',#3379,#1327,#3389,.T.);
#3389 = LINE('',#3390,#3391);
#3390 = CARTESIAN_POINT('',(-4.465998163583,-91.15,21.765797139821));
#3391 = VECTOR('',#3392,1.);
#3392 = DIRECTION('',(4.252295203646E-16,1.,3.737038904755E-16));
#3393 = PLANE('',#3394);
#3394 = AXIS2_PLACEMENT_3D('',#3395,#3396,#3397);
#3395 = CARTESIAN_POINT('',(-2.560742442769,-91.15,25.065797236534));
#3396 = DIRECTION('',(-0.866025429165,1.814076490576E-16,0.49999995604)
  );
#3397 = DIRECTION('',(-0.49999995604,5.362518136188E-16,-0.866025429165)
  );
#3398 = ADVANCED_FACE('',(#3399),#3410,.T.);
#3399 = FACE_BOUND('',#3400,.T.);
#3400 = EDGE_LOOP('',(#3401,#3407,#3408,#3409));
#3401 = ORIENTED_EDGE('',*,*,#3402,.F.);
#3402 = EDGE_CURVE('',#3379,#1655,#3403,.T.);
#3403 = LINE('',#3404,#3405);
#3404 = CARTESIAN_POINT('',(-4.465998163583,-91.15,21.765797139821));
#3405 = VECTOR('',#3406,1.);
#3406 = DIRECTION('',(-0.50000004396,-1.110222742845E-16,0.866025378404)
  );
#3407 = ORIENTED_EDGE('',*,*,#3388,.T.);
#3408 = ORIENTED_EDGE('',*,*,#1326,.F.);
#3409 = ORIENTED_EDGE('',*,*,#1654,.T.);
#3410 = PLANE('',#3411);
#3411 = AXIS2_PLACEMENT_3D('',#3412,#3413,#3414);
#3412 = CARTESIAN_POINT('',(-4.465998163583,-91.15,21.765797139821));
#3413 = DIRECTION('',(0.866025378404,-5.551115179482E-16,0.50000004396)
  );
#3414 = DIRECTION('',(-0.50000004396,-1.110222742845E-16,0.866025378404)
  );
#3415 = ADVANCED_FACE('',(#3416),#3434,.T.);
#3416 = FACE_BOUND('',#3417,.T.);
#3417 = EDGE_LOOP('',(#3418,#3426,#3427,#3428));
#3418 = ORIENTED_EDGE('',*,*,#3419,.F.);
#3419 = EDGE_CURVE('',#1639,#3420,#3422,.T.);
#3420 = VERTEX_POINT('',#3421);
#3421 = CARTESIAN_POINT('',(-6.371254219421,-91.15,25.065797043108));
#3422 = LINE('',#3423,#3424);
#3423 = CARTESIAN_POINT('',(-4.465998163583,-91.15,21.765797139821));
#3424 = VECTOR('',#3425,1.);
#3425 = DIRECTION('',(-0.50000004396,-1.110222742845E-16,0.866025378404)
  );
#3426 = ORIENTED_EDGE('',*,*,#1647,.F.);
#3427 = ORIENTED_EDGE('',*,*,#1309,.F.);
#3428 = ORIENTED_EDGE('',*,*,#3429,.F.);
#3429 = EDGE_CURVE('',#3420,#1302,#3430,.T.);
#3430 = LINE('',#3431,#3432);
#3431 = CARTESIAN_POINT('',(-6.371254219421,-91.15,25.065797043108));
#3432 = VECTOR('',#3433,1.);
#3433 = DIRECTION('',(4.252295203646E-16,1.,3.737038904755E-16));
#3434 = PLANE('',#3435);
#3435 = AXIS2_PLACEMENT_3D('',#3436,#3437,#3438);
#3436 = CARTESIAN_POINT('',(-4.465998163583,-91.15,21.765797139821));
#3437 = DIRECTION('',(0.866025378404,-5.551115179482E-16,0.50000004396)
  );
#3438 = DIRECTION('',(-0.50000004396,-1.110222742845E-16,0.866025378404)
  );
#3439 = ADVANCED_FACE('',(#3440),#3451,.T.);
#3440 = FACE_BOUND('',#3441,.T.);
#3441 = EDGE_LOOP('',(#3442,#3448,#3449,#3450));
#3442 = ORIENTED_EDGE('',*,*,#3443,.F.);
#3443 = EDGE_CURVE('',#3420,#1631,#3444,.T.);
#3444 = LINE('',#3445,#3446);
#3445 = CARTESIAN_POINT('',(-6.371254219421,-91.15,25.065797043108));
#3446 = VECTOR('',#3447,1.);
#3447 = DIRECTION('',(1.,-4.252295393341E-16,5.076075748622E-08));
#3448 = ORIENTED_EDGE('',*,*,#3429,.T.);
#3449 = ORIENTED_EDGE('',*,*,#1301,.F.);
#3450 = ORIENTED_EDGE('',*,*,#1630,.T.);
#3451 = PLANE('',#3452);
#3452 = AXIS2_PLACEMENT_3D('',#3453,#3454,#3455);
#3453 = CARTESIAN_POINT('',(-6.371254219421,-91.15,25.065797043108));
#3454 = DIRECTION('',(5.076075748622E-08,3.737038688905E-16,-1.));
#3455 = DIRECTION('',(1.,-4.252295393341E-16,5.076075748622E-08));
#3456 = ADVANCED_FACE('',(#3457),#3475,.T.);
#3457 = FACE_BOUND('',#3458,.T.);
#3458 = EDGE_LOOP('',(#3459,#3467,#3468,#3469));
#3459 = ORIENTED_EDGE('',*,*,#3460,.F.);
#3460 = EDGE_CURVE('',#1615,#3461,#3463,.T.);
#3461 = VERTEX_POINT('',#3462);
#3462 = CARTESIAN_POINT('',(-2.560742442769,-91.15,25.065797236534));
#3463 = LINE('',#3464,#3465);
#3464 = CARTESIAN_POINT('',(-6.371254219421,-91.15,25.065797043108));
#3465 = VECTOR('',#3466,1.);
#3466 = DIRECTION('',(1.,-4.252295393341E-16,5.076075748622E-08));
#3467 = ORIENTED_EDGE('',*,*,#1623,.F.);
#3468 = ORIENTED_EDGE('',*,*,#1284,.F.);
#3469 = ORIENTED_EDGE('',*,*,#3470,.F.);
#3470 = EDGE_CURVE('',#3461,#1277,#3471,.T.);
#3471 = LINE('',#3472,#3473);
#3472 = CARTESIAN_POINT('',(-2.560742442769,-91.15,25.065797236534));
#3473 = VECTOR('',#3474,1.);
#3474 = DIRECTION('',(4.252295203646E-16,1.,3.737038904755E-16));
#3475 = PLANE('',#3476);
#3476 = AXIS2_PLACEMENT_3D('',#3477,#3478,#3479);
#3477 = CARTESIAN_POINT('',(-6.371254219421,-91.15,25.065797043108));
#3478 = DIRECTION('',(5.076075748622E-08,3.737038688905E-16,-1.));
#3479 = DIRECTION('',(1.,-4.252295393341E-16,5.076075748622E-08));
#3480 = ADVANCED_FACE('',(#3481),#3492,.T.);
#3481 = FACE_BOUND('',#3482,.T.);
#3482 = EDGE_LOOP('',(#3483,#3489,#3490,#3491));
#3483 = ORIENTED_EDGE('',*,*,#3484,.F.);
#3484 = EDGE_CURVE('',#3461,#1607,#3485,.T.);
#3485 = LINE('',#3486,#3487);
#3486 = CARTESIAN_POINT('',(-2.560742442769,-91.15,25.065797236534));
#3487 = VECTOR('',#3488,1.);
#3488 = DIRECTION('',(-0.49999995604,5.362518136188E-16,-0.866025429165)
  );
#3489 = ORIENTED_EDGE('',*,*,#3470,.T.);
#3490 = ORIENTED_EDGE('',*,*,#1276,.F.);
#3491 = ORIENTED_EDGE('',*,*,#1606,.T.);
#3492 = PLANE('',#3493);
#3493 = AXIS2_PLACEMENT_3D('',#3494,#3495,#3496);
#3494 = CARTESIAN_POINT('',(-2.560742442769,-91.15,25.065797236534));
#3495 = DIRECTION('',(-0.866025429165,1.814076490576E-16,0.49999995604)
  );
#3496 = DIRECTION('',(-0.49999995604,5.362518136188E-16,-0.866025429165)
  );
#3497 = ADVANCED_FACE('',(#3498),#3523,.F.);
#3498 = FACE_BOUND('',#3499,.T.);
#3499 = EDGE_LOOP('',(#3500,#3508,#3509,#3517));
#3500 = ORIENTED_EDGE('',*,*,#3501,.F.);
#3501 = EDGE_CURVE('',#1394,#3502,#3504,.T.);
#3502 = VERTEX_POINT('',#3503);
#3503 = CARTESIAN_POINT('',(-113.,52.937207000012,4.844933));
#3504 = LINE('',#3505,#3506);
#3505 = CARTESIAN_POINT('',(-113.5,52.937207000012,4.344933));
#3506 = VECTOR('',#3507,1.);
#3507 = DIRECTION('',(0.707106781187,0.,0.707106781187));
#3508 = ORIENTED_EDGE('',*,*,#1393,.T.);
#3509 = ORIENTED_EDGE('',*,*,#3510,.T.);
#3510 = EDGE_CURVE('',#1396,#3511,#3513,.T.);
#3511 = VERTEX_POINT('',#3512);
#3512 = CARTESIAN_POINT('',(-113.,46.932206999988,4.844933));
#3513 = LINE('',#3514,#3515);
#3514 = CARTESIAN_POINT('',(-113.5,46.932206999988,4.344933));
#3515 = VECTOR('',#3516,1.);
#3516 = DIRECTION('',(0.707106781187,0.,0.707106781187));
#3517 = ORIENTED_EDGE('',*,*,#3518,.F.);
#3518 = EDGE_CURVE('',#3502,#3511,#3519,.T.);
#3519 = LINE('',#3520,#3521);
#3520 = CARTESIAN_POINT('',(-113.,52.937207000012,4.844933));
#3521 = VECTOR('',#3522,1.);
#3522 = DIRECTION('',(0.,-1.,0.));
#3523 = PLANE('',#3524);
#3524 = AXIS2_PLACEMENT_3D('',#3525,#3526,#3527);
#3525 = CARTESIAN_POINT('',(-113.5,52.937207000012,4.344933));
#3526 = DIRECTION('',(0.707106781187,0.,-0.707106781187));
#3527 = DIRECTION('',(0.,1.,0.));
#3528 = ADVANCED_FACE('',(#3529),#3548,.F.);
#3529 = FACE_BOUND('',#3530,.F.);
#3530 = EDGE_LOOP('',(#3531,#3540,#3541,#3542));
#3531 = ORIENTED_EDGE('',*,*,#3532,.T.);
#3532 = EDGE_CURVE('',#3533,#3502,#3535,.T.);
#3533 = VERTEX_POINT('',#3534);
#3534 = CARTESIAN_POINT('',(-113.,55.434707,7.342432999988));
#3535 = CIRCLE('',#3536,2.497499999988);
#3536 = AXIS2_PLACEMENT_3D('',#3537,#3538,#3539);
#3537 = CARTESIAN_POINT('',(-113.,52.937207000012,7.342432999988));
#3538 = DIRECTION('',(-1.,0.,-0.));
#3539 = DIRECTION('',(0.,1.,-3.556269948766E-16));
#3540 = ORIENTED_EDGE('',*,*,#3501,.F.);
#3541 = ORIENTED_EDGE('',*,*,#1403,.F.);
#3542 = ORIENTED_EDGE('',*,*,#3543,.T.);
#3543 = EDGE_CURVE('',#1404,#3533,#3544,.T.);
#3544 = LINE('',#3545,#3546);
#3545 = CARTESIAN_POINT('',(-113.5,55.934707,7.342432999988));
#3546 = VECTOR('',#3547,1.);
#3547 = DIRECTION('',(0.707106781187,-0.707106781187,0.));
#3548 = CONICAL_SURFACE('',#3549,2.497499999988,0.785398163397);
#3549 = AXIS2_PLACEMENT_3D('',#3550,#3551,#3552);
#3550 = CARTESIAN_POINT('',(-113.,52.937207000012,7.342432999988));
#3551 = DIRECTION('',(-1.,-0.,-0.));
#3552 = DIRECTION('',(0.,1.,-3.556269948766E-16));
#3553 = ADVANCED_FACE('',(#3554),#3572,.F.);
#3554 = FACE_BOUND('',#3555,.T.);
#3555 = EDGE_LOOP('',(#3556,#3564,#3565,#3566));
#3556 = ORIENTED_EDGE('',*,*,#3557,.F.);
#3557 = EDGE_CURVE('',#1413,#3558,#3560,.T.);
#3558 = VERTEX_POINT('',#3559);
#3559 = CARTESIAN_POINT('',(-113.,55.434707,7.347433000012));
#3560 = LINE('',#3561,#3562);
#3561 = CARTESIAN_POINT('',(-113.,55.434707,7.347433000012));
#3562 = VECTOR('',#3563,1.);
#3563 = DIRECTION('',(0.707106781187,-0.707106781187,-4.329780281174E-17
    ));
#3564 = ORIENTED_EDGE('',*,*,#1412,.T.);
#3565 = ORIENTED_EDGE('',*,*,#3543,.T.);
#3566 = ORIENTED_EDGE('',*,*,#3567,.F.);
#3567 = EDGE_CURVE('',#3558,#3533,#3568,.T.);
#3568 = LINE('',#3569,#3570);
#3569 = CARTESIAN_POINT('',(-113.,55.434707,7.347433000012));
#3570 = VECTOR('',#3571,1.);
#3571 = DIRECTION('',(0.,0.,-1.));
#3572 = PLANE('',#3573);
#3573 = AXIS2_PLACEMENT_3D('',#3574,#3575,#3576);
#3574 = CARTESIAN_POINT('',(-113.5,55.934707,7.347433000012));
#3575 = DIRECTION('',(0.707106781187,0.707106781187,0.));
#3576 = DIRECTION('',(0.,0.,1.));
#3577 = ADVANCED_FACE('',(#3578),#3597,.F.);
#3578 = FACE_BOUND('',#3579,.F.);
#3579 = EDGE_LOOP('',(#3580,#3589,#3590,#3591));
#3580 = ORIENTED_EDGE('',*,*,#3581,.T.);
#3581 = EDGE_CURVE('',#3582,#3558,#3584,.T.);
#3582 = VERTEX_POINT('',#3583);
#3583 = CARTESIAN_POINT('',(-113.,52.937207000012,9.844933));
#3584 = CIRCLE('',#3585,2.497499999988);
#3585 = AXIS2_PLACEMENT_3D('',#3586,#3587,#3588);
#3586 = CARTESIAN_POINT('',(-113.,52.937207000012,7.347433000012));
#3587 = DIRECTION('',(-1.,0.,0.));
#3588 = DIRECTION('',(0.,0.,1.));
#3589 = ORIENTED_EDGE('',*,*,#3557,.F.);
#3590 = ORIENTED_EDGE('',*,*,#1420,.F.);
#3591 = ORIENTED_EDGE('',*,*,#3592,.T.);
#3592 = EDGE_CURVE('',#1421,#3582,#3593,.T.);
#3593 = LINE('',#3594,#3595);
#3594 = CARTESIAN_POINT('',(-113.5,52.937207000012,10.344933));
#3595 = VECTOR('',#3596,1.);
#3596 = DIRECTION('',(0.707106781187,0.,-0.707106781187));
#3597 = CONICAL_SURFACE('',#3598,2.497499999988,0.785398163397);
#3598 = AXIS2_PLACEMENT_3D('',#3599,#3600,#3601);
#3599 = CARTESIAN_POINT('',(-113.,52.937207000012,7.347433000012));
#3600 = DIRECTION('',(-1.,-0.,-0.));
#3601 = DIRECTION('',(0.,0.,1.));
#3602 = ADVANCED_FACE('',(#3603),#3621,.F.);
#3603 = FACE_BOUND('',#3604,.T.);
#3604 = EDGE_LOOP('',(#3605,#3613,#3614,#3615));
#3605 = ORIENTED_EDGE('',*,*,#3606,.F.);
#3606 = EDGE_CURVE('',#1430,#3607,#3609,.T.);
#3607 = VERTEX_POINT('',#3608);
#3608 = CARTESIAN_POINT('',(-113.,46.932206999988,9.844933));
#3609 = LINE('',#3610,#3611);
#3610 = CARTESIAN_POINT('',(-113.,46.932206999988,9.844933));
#3611 = VECTOR('',#3612,1.);
#3612 = DIRECTION('',(0.707106781187,-7.417484265296E-16,-0.707106781187
    ));
#3613 = ORIENTED_EDGE('',*,*,#1429,.T.);
#3614 = ORIENTED_EDGE('',*,*,#3592,.T.);
#3615 = ORIENTED_EDGE('',*,*,#3616,.F.);
#3616 = EDGE_CURVE('',#3607,#3582,#3617,.T.);
#3617 = LINE('',#3618,#3619);
#3618 = CARTESIAN_POINT('',(-113.,46.932206999988,9.844933));
#3619 = VECTOR('',#3620,1.);
#3620 = DIRECTION('',(0.,1.,0.));
#3621 = PLANE('',#3622);
#3622 = AXIS2_PLACEMENT_3D('',#3623,#3624,#3625);
#3623 = CARTESIAN_POINT('',(-113.5,46.932206999988,10.344933));
#3624 = DIRECTION('',(0.707106781187,0.,0.707106781187));
#3625 = DIRECTION('',(0.,-1.,0.));
#3626 = ADVANCED_FACE('',(#3627),#3646,.F.);
#3627 = FACE_BOUND('',#3628,.F.);
#3628 = EDGE_LOOP('',(#3629,#3638,#3639,#3640));
#3629 = ORIENTED_EDGE('',*,*,#3630,.T.);
#3630 = EDGE_CURVE('',#3631,#3607,#3633,.T.);
#3631 = VERTEX_POINT('',#3632);
#3632 = CARTESIAN_POINT('',(-113.,44.434707,7.347433000012));
#3633 = CIRCLE('',#3634,2.497499999988);
#3634 = AXIS2_PLACEMENT_3D('',#3635,#3636,#3637);
#3635 = CARTESIAN_POINT('',(-113.,46.932206999988,7.347433000012));
#3636 = DIRECTION('',(-1.,0.,0.));
#3637 = DIRECTION('',(0.,-1.,0.));
#3638 = ORIENTED_EDGE('',*,*,#3606,.F.);
#3639 = ORIENTED_EDGE('',*,*,#1437,.F.);
#3640 = ORIENTED_EDGE('',*,*,#3641,.T.);
#3641 = EDGE_CURVE('',#1438,#3631,#3642,.T.);
#3642 = LINE('',#3643,#3644);
#3643 = CARTESIAN_POINT('',(-113.5,43.934707,7.347433000012));
#3644 = VECTOR('',#3645,1.);
#3645 = DIRECTION('',(0.707106781187,0.707106781187,0.));
#3646 = CONICAL_SURFACE('',#3647,2.497499999988,0.785398163397);
#3647 = AXIS2_PLACEMENT_3D('',#3648,#3649,#3650);
#3648 = CARTESIAN_POINT('',(-113.,46.932206999988,7.347433000012));
#3649 = DIRECTION('',(-1.,-0.,-0.));
#3650 = DIRECTION('',(0.,-1.,0.));
#3651 = ADVANCED_FACE('',(#3652),#3670,.F.);
#3652 = FACE_BOUND('',#3653,.T.);
#3653 = EDGE_LOOP('',(#3654,#3662,#3663,#3664));
#3654 = ORIENTED_EDGE('',*,*,#3655,.F.);
#3655 = EDGE_CURVE('',#1447,#3656,#3658,.T.);
#3656 = VERTEX_POINT('',#3657);
#3657 = CARTESIAN_POINT('',(-113.,44.434707,7.342432999988));
#3658 = LINE('',#3659,#3660);
#3659 = CARTESIAN_POINT('',(-113.,44.434707,7.342432999988));
#3660 = VECTOR('',#3661,1.);
#3661 = DIRECTION('',(0.707106781187,0.707106781187,6.713347862849E-16)
  );
#3662 = ORIENTED_EDGE('',*,*,#1446,.T.);
#3663 = ORIENTED_EDGE('',*,*,#3641,.T.);
#3664 = ORIENTED_EDGE('',*,*,#3665,.F.);
#3665 = EDGE_CURVE('',#3656,#3631,#3666,.T.);
#3666 = LINE('',#3667,#3668);
#3667 = CARTESIAN_POINT('',(-113.,44.434707,7.342432999988));
#3668 = VECTOR('',#3669,1.);
#3669 = DIRECTION('',(0.,0.,1.));
#3670 = PLANE('',#3671);
#3671 = AXIS2_PLACEMENT_3D('',#3672,#3673,#3674);
#3672 = CARTESIAN_POINT('',(-113.5,43.934707,7.342432999988));
#3673 = DIRECTION('',(0.707106781187,-0.707106781187,0.));
#3674 = DIRECTION('',(0.,0.,-1.));
#3675 = ADVANCED_FACE('',(#3676),#3688,.F.);
#3676 = FACE_BOUND('',#3677,.F.);
#3677 = EDGE_LOOP('',(#3678,#3685,#3686,#3687));
#3678 = ORIENTED_EDGE('',*,*,#3679,.T.);
#3679 = EDGE_CURVE('',#3511,#3656,#3680,.T.);
#3680 = CIRCLE('',#3681,2.497499999988);
#3681 = AXIS2_PLACEMENT_3D('',#3682,#3683,#3684);
#3682 = CARTESIAN_POINT('',(-113.,46.932206999988,7.342432999988));
#3683 = DIRECTION('',(-1.,-0.,-0.));
#3684 = DIRECTION('',(0.,0.,-1.));
#3685 = ORIENTED_EDGE('',*,*,#3655,.F.);
#3686 = ORIENTED_EDGE('',*,*,#1454,.F.);
#3687 = ORIENTED_EDGE('',*,*,#3510,.T.);
#3688 = CONICAL_SURFACE('',#3689,2.497499999988,0.785398163397);
#3689 = AXIS2_PLACEMENT_3D('',#3690,#3691,#3692);
#3690 = CARTESIAN_POINT('',(-113.,46.932206999988,7.342432999988));
#3691 = DIRECTION('',(-1.,-0.,-0.));
#3692 = DIRECTION('',(0.,0.,-1.));
#3693 = ADVANCED_FACE('',(#3694),#3713,.F.);
#3694 = FACE_BOUND('',#3695,.F.);
#3695 = EDGE_LOOP('',(#3696,#3697,#3705,#3712));
#3696 = ORIENTED_EDGE('',*,*,#1463,.F.);
#3697 = ORIENTED_EDGE('',*,*,#3698,.T.);
#3698 = EDGE_CURVE('',#1464,#3699,#3701,.T.);
#3699 = VERTEX_POINT('',#3700);
#3700 = CARTESIAN_POINT('',(-111.,47.542419,19.984044));
#3701 = LINE('',#3702,#3703);
#3702 = CARTESIAN_POINT('',(-114.,47.542419,19.984044));
#3703 = VECTOR('',#3704,1.);
#3704 = DIRECTION('',(1.,0.,0.));
#3705 = ORIENTED_EDGE('',*,*,#3706,.T.);
#3706 = EDGE_CURVE('',#3699,#3699,#3707,.T.);
#3707 = CIRCLE('',#3708,2.);
#3708 = AXIS2_PLACEMENT_3D('',#3709,#3710,#3711);
#3709 = CARTESIAN_POINT('',(-111.,49.542419,19.984044));
#3710 = DIRECTION('',(-1.,0.,0.));
#3711 = DIRECTION('',(0.,-1.,0.));
#3712 = ORIENTED_EDGE('',*,*,#3698,.F.);
#3713 = CYLINDRICAL_SURFACE('',#3714,2.);
#3714 = AXIS2_PLACEMENT_3D('',#3715,#3716,#3717);
#3715 = CARTESIAN_POINT('',(-114.,49.542419,19.984044));
#3716 = DIRECTION('',(-1.,0.,0.));
#3717 = DIRECTION('',(0.,-1.,0.));
#3718 = ADVANCED_FACE('',(#3719),#3738,.F.);
#3719 = FACE_BOUND('',#3720,.F.);
#3720 = EDGE_LOOP('',(#3721,#3722,#3730,#3737));
#3721 = ORIENTED_EDGE('',*,*,#1474,.F.);
#3722 = ORIENTED_EDGE('',*,*,#3723,.T.);
#3723 = EDGE_CURVE('',#1475,#3724,#3726,.T.);
#3724 = VERTEX_POINT('',#3725);
#3725 = CARTESIAN_POINT('',(-111.,17.542419,19.913));
#3726 = LINE('',#3727,#3728);
#3727 = CARTESIAN_POINT('',(-114.,17.542419,19.913));
#3728 = VECTOR('',#3729,1.);
#3729 = DIRECTION('',(1.,0.,0.));
#3730 = ORIENTED_EDGE('',*,*,#3731,.T.);
#3731 = EDGE_CURVE('',#3724,#3724,#3732,.T.);
#3732 = CIRCLE('',#3733,2.);
#3733 = AXIS2_PLACEMENT_3D('',#3734,#3735,#3736);
#3734 = CARTESIAN_POINT('',(-111.,19.542419,19.913));
#3735 = DIRECTION('',(-1.,0.,0.));
#3736 = DIRECTION('',(0.,-1.,0.));
#3737 = ORIENTED_EDGE('',*,*,#3723,.F.);
#3738 = CYLINDRICAL_SURFACE('',#3739,2.);
#3739 = AXIS2_PLACEMENT_3D('',#3740,#3741,#3742);
#3740 = CARTESIAN_POINT('',(-114.,19.542419,19.913));
#3741 = DIRECTION('',(-1.,0.,0.));
#3742 = DIRECTION('',(0.,-1.,0.));
#3743 = ADVANCED_FACE('',(#3744),#3763,.F.);
#3744 = FACE_BOUND('',#3745,.F.);
#3745 = EDGE_LOOP('',(#3746,#3747,#3755,#3762));
#3746 = ORIENTED_EDGE('',*,*,#1485,.F.);
#3747 = ORIENTED_EDGE('',*,*,#3748,.T.);
#3748 = EDGE_CURVE('',#1486,#3749,#3751,.T.);
#3749 = VERTEX_POINT('',#3750);
#3750 = CARTESIAN_POINT('',(-111.,-12.452281,20.101744));
#3751 = LINE('',#3752,#3753);
#3752 = CARTESIAN_POINT('',(-114.,-12.452281,20.101744));
#3753 = VECTOR('',#3754,1.);
#3754 = DIRECTION('',(1.,0.,0.));
#3755 = ORIENTED_EDGE('',*,*,#3756,.T.);
#3756 = EDGE_CURVE('',#3749,#3749,#3757,.T.);
#3757 = CIRCLE('',#3758,2.);
#3758 = AXIS2_PLACEMENT_3D('',#3759,#3760,#3761);
#3759 = CARTESIAN_POINT('',(-111.,-10.452281,20.101744));
#3760 = DIRECTION('',(-1.,0.,0.));
#3761 = DIRECTION('',(0.,-1.,0.));
#3762 = ORIENTED_EDGE('',*,*,#3748,.F.);
#3763 = CYLINDRICAL_SURFACE('',#3764,2.);
#3764 = AXIS2_PLACEMENT_3D('',#3765,#3766,#3767);
#3765 = CARTESIAN_POINT('',(-114.,-10.452281,20.101744));
#3766 = DIRECTION('',(-1.,0.,0.));
#3767 = DIRECTION('',(0.,-1.,0.));
#3768 = ADVANCED_FACE('',(#3769),#3794,.F.);
#3769 = FACE_BOUND('',#3770,.F.);
#3770 = EDGE_LOOP('',(#3771,#3772,#3780,#3788));
#3771 = ORIENTED_EDGE('',*,*,#1496,.F.);
#3772 = ORIENTED_EDGE('',*,*,#3773,.T.);
#3773 = EDGE_CURVE('',#1497,#3774,#3776,.T.);
#3774 = VERTEX_POINT('',#3775);
#3775 = CARTESIAN_POINT('',(-111.,-40.678646,5.89197));
#3776 = LINE('',#3777,#3778);
#3777 = CARTESIAN_POINT('',(-114.,-40.678646,5.89197));
#3778 = VECTOR('',#3779,1.);
#3779 = DIRECTION('',(1.,0.,0.));
#3780 = ORIENTED_EDGE('',*,*,#3781,.T.);
#3781 = EDGE_CURVE('',#3774,#3782,#3784,.T.);
#3782 = VERTEX_POINT('',#3783);
#3783 = CARTESIAN_POINT('',(-111.,-53.678646,5.89197));
#3784 = LINE('',#3785,#3786);
#3785 = CARTESIAN_POINT('',(-111.,-65.839323,5.89197));
#3786 = VECTOR('',#3787,1.);
#3787 = DIRECTION('',(-0.,-1.,-0.));
#3788 = ORIENTED_EDGE('',*,*,#3789,.F.);
#3789 = EDGE_CURVE('',#1499,#3782,#3790,.T.);
#3790 = LINE('',#3791,#3792);
#3791 = CARTESIAN_POINT('',(-114.,-53.678646,5.89197));
#3792 = VECTOR('',#3793,1.);
#3793 = DIRECTION('',(1.,0.,0.));
#3794 = PLANE('',#3795);
#3795 = AXIS2_PLACEMENT_3D('',#3796,#3797,#3798);
#3796 = CARTESIAN_POINT('',(-114.,-40.678646,5.89197));
#3797 = DIRECTION('',(0.,0.,-1.));
#3798 = DIRECTION('',(0.,-1.,0.));
#3799 = ADVANCED_FACE('',(#3800),#3818,.F.);
#3800 = FACE_BOUND('',#3801,.F.);
#3801 = EDGE_LOOP('',(#3802,#3803,#3811,#3817));
#3802 = ORIENTED_EDGE('',*,*,#1506,.F.);
#3803 = ORIENTED_EDGE('',*,*,#3804,.T.);
#3804 = EDGE_CURVE('',#1507,#3805,#3807,.T.);
#3805 = VERTEX_POINT('',#3806);
#3806 = CARTESIAN_POINT('',(-111.,-40.678646,12.89197));
#3807 = LINE('',#3808,#3809);
#3808 = CARTESIAN_POINT('',(-114.,-40.678646,12.89197));
#3809 = VECTOR('',#3810,1.);
#3810 = DIRECTION('',(1.,0.,0.));
#3811 = ORIENTED_EDGE('',*,*,#3812,.T.);
#3812 = EDGE_CURVE('',#3805,#3774,#3813,.T.);
#3813 = LINE('',#3814,#3815);
#3814 = CARTESIAN_POINT('',(-111.,-40.678646,22.445985));
#3815 = VECTOR('',#3816,1.);
#3816 = DIRECTION('',(0.,0.,-1.));
#3817 = ORIENTED_EDGE('',*,*,#3773,.F.);
#3818 = PLANE('',#3819);
#3819 = AXIS2_PLACEMENT_3D('',#3820,#3821,#3822);
#3820 = CARTESIAN_POINT('',(-114.,-40.678646,12.89197));
#3821 = DIRECTION('',(0.,1.,0.));
#3822 = DIRECTION('',(0.,0.,-1.));
#3823 = ADVANCED_FACE('',(#3824),#3842,.F.);
#3824 = FACE_BOUND('',#3825,.F.);
#3825 = EDGE_LOOP('',(#3826,#3827,#3835,#3841));
#3826 = ORIENTED_EDGE('',*,*,#1514,.F.);
#3827 = ORIENTED_EDGE('',*,*,#3828,.T.);
#3828 = EDGE_CURVE('',#1515,#3829,#3831,.T.);
#3829 = VERTEX_POINT('',#3830);
#3830 = CARTESIAN_POINT('',(-111.,-53.678646,12.89197));
#3831 = LINE('',#3832,#3833);
#3832 = CARTESIAN_POINT('',(-114.,-53.678646,12.89197));
#3833 = VECTOR('',#3834,1.);
#3834 = DIRECTION('',(1.,0.,0.));
#3835 = ORIENTED_EDGE('',*,*,#3836,.T.);
#3836 = EDGE_CURVE('',#3829,#3805,#3837,.T.);
#3837 = LINE('',#3838,#3839);
#3838 = CARTESIAN_POINT('',(-111.,-72.339323,12.89197));
#3839 = VECTOR('',#3840,1.);
#3840 = DIRECTION('',(0.,1.,0.));
#3841 = ORIENTED_EDGE('',*,*,#3804,.F.);
#3842 = PLANE('',#3843);
#3843 = AXIS2_PLACEMENT_3D('',#3844,#3845,#3846);
#3844 = CARTESIAN_POINT('',(-114.,-53.678646,12.89197));
#3845 = DIRECTION('',(0.,0.,1.));
#3846 = DIRECTION('',(0.,1.,0.));
#3847 = ADVANCED_FACE('',(#3848),#3859,.F.);
#3848 = FACE_BOUND('',#3849,.F.);
#3849 = EDGE_LOOP('',(#3850,#3851,#3852,#3858));
#3850 = ORIENTED_EDGE('',*,*,#1522,.F.);
#3851 = ORIENTED_EDGE('',*,*,#3789,.T.);
#3852 = ORIENTED_EDGE('',*,*,#3853,.T.);
#3853 = EDGE_CURVE('',#3782,#3829,#3854,.T.);
#3854 = LINE('',#3855,#3856);
#3855 = CARTESIAN_POINT('',(-111.,-53.678646,18.945985));
#3856 = VECTOR('',#3857,1.);
#3857 = DIRECTION('',(0.,0.,1.));
#3858 = ORIENTED_EDGE('',*,*,#3828,.F.);
#3859 = PLANE('',#3860);
#3860 = AXIS2_PLACEMENT_3D('',#3861,#3862,#3863);
#3861 = CARTESIAN_POINT('',(-114.,-53.678646,5.89197));
#3862 = DIRECTION('',(0.,-1.,0.));
#3863 = DIRECTION('',(0.,0.,1.));
#3864 = ADVANCED_FACE('',(#3865),#3884,.F.);
#3865 = FACE_BOUND('',#3866,.F.);
#3866 = EDGE_LOOP('',(#3867,#3875,#3876,#3877));
#3867 = ORIENTED_EDGE('',*,*,#3868,.F.);
#3868 = EDGE_CURVE('',#1550,#3869,#3871,.T.);
#3869 = VERTEX_POINT('',#3870);
#3870 = CARTESIAN_POINT('',(-78.89,-41.89,32.));
#3871 = LINE('',#3872,#3873);
#3872 = CARTESIAN_POINT('',(-79.89,-41.89,33.));
#3873 = VECTOR('',#3874,1.);
#3874 = DIRECTION('',(0.707106781187,-1.570092458683E-16,-0.707106781187
    ));
#3875 = ORIENTED_EDGE('',*,*,#1557,.T.);
#3876 = ORIENTED_EDGE('',*,*,#3868,.T.);
#3877 = ORIENTED_EDGE('',*,*,#3878,.F.);
#3878 = EDGE_CURVE('',#3869,#3869,#3879,.T.);
#3879 = CIRCLE('',#3880,9.25);
#3880 = AXIS2_PLACEMENT_3D('',#3881,#3882,#3883);
#3881 = CARTESIAN_POINT('',(-88.14,-41.89,32.));
#3882 = DIRECTION('',(0.,-2.22044604925E-16,-1.));
#3883 = DIRECTION('',(1.,0.,0.));
#3884 = CONICAL_SURFACE('',#3885,8.25,0.785398163397);
#3885 = AXIS2_PLACEMENT_3D('',#3886,#3887,#3888);
#3886 = CARTESIAN_POINT('',(-88.14,-41.89,33.));
#3887 = DIRECTION('',(-0.,-2.22044604925E-16,-1.));
#3888 = DIRECTION('',(1.,0.,0.));
#3889 = ADVANCED_FACE('',(#3890),#3909,.F.);
#3890 = FACE_BOUND('',#3891,.F.);
#3891 = EDGE_LOOP('',(#3892,#3900,#3907,#3908));
#3892 = ORIENTED_EDGE('',*,*,#3893,.F.);
#3893 = EDGE_CURVE('',#3894,#1574,#3896,.T.);
#3894 = VERTEX_POINT('',#3895);
#3895 = CARTESIAN_POINT('',(-10.64255311505,-18.46759499956,28.523));
#3896 = LINE('',#3897,#3898);
#3897 = CARTESIAN_POINT('',(-10.64255311505,-18.46759499956,28.523));
#3898 = VECTOR('',#3899,1.);
#3899 = DIRECTION('',(-0.342020143326,0.,0.939692620786));
#3900 = ORIENTED_EDGE('',*,*,#3901,.T.);
#3901 = EDGE_CURVE('',#3894,#3894,#3902,.T.);
#3902 = CIRCLE('',#3903,31.);
#3903 = AXIS2_PLACEMENT_3D('',#3904,#3905,#3906);
#3904 = CARTESIAN_POINT('',(-41.64255311505,-18.46759499956,28.523));
#3905 = DIRECTION('',(0.,0.,1.));
#3906 = DIRECTION('',(1.,0.,0.));
#3907 = ORIENTED_EDGE('',*,*,#3893,.T.);
#3908 = ORIENTED_EDGE('',*,*,#1580,.F.);
#3909 = CONICAL_SURFACE('',#3910,31.,0.349065850399);
#3910 = AXIS2_PLACEMENT_3D('',#3911,#3912,#3913);
#3911 = CARTESIAN_POINT('',(-41.64255311505,-18.46759499956,28.523));
#3912 = DIRECTION('',(-0.,-0.,-1.));
#3913 = DIRECTION('',(1.,0.,0.));
#3914 = ADVANCED_FACE('',(#3915),#3920,.F.);
#3915 = FACE_BOUND('',#3916,.F.);
#3916 = EDGE_LOOP('',(#3917,#3918,#3919));
#3917 = ORIENTED_EDGE('',*,*,#3378,.F.);
#3918 = ORIENTED_EDGE('',*,*,#1662,.F.);
#3919 = ORIENTED_EDGE('',*,*,#3402,.F.);
#3920 = PLANE('',#3921);
#3921 = AXIS2_PLACEMENT_3D('',#3922,#3923,#3924);
#3922 = CARTESIAN_POINT('',(-4.463079842337,-91.15,23.963298960794));
#3923 = DIRECTION('',(-4.252295203646E-16,-1.,-3.737038904755E-16));
#3924 = DIRECTION('',(-0.5,-1.110223024625E-16,0.866025403784));
#3925 = ADVANCED_FACE('',(#3926),#3931,.F.);
#3926 = FACE_BOUND('',#3927,.F.);
#3927 = EDGE_LOOP('',(#3928,#3929,#3930));
#3928 = ORIENTED_EDGE('',*,*,#3419,.F.);
#3929 = ORIENTED_EDGE('',*,*,#1638,.F.);
#3930 = ORIENTED_EDGE('',*,*,#3443,.F.);
#3931 = PLANE('',#3932);
#3932 = AXIS2_PLACEMENT_3D('',#3933,#3934,#3935);
#3933 = CARTESIAN_POINT('',(-4.463079842337,-91.15,23.963298960794));
#3934 = DIRECTION('',(-4.252295203646E-16,-1.,-3.737038904755E-16));
#3935 = DIRECTION('',(-0.5,-1.110223024625E-16,0.866025403784));
#3936 = ADVANCED_FACE('',(#3937),#3942,.F.);
#3937 = FACE_BOUND('',#3938,.F.);
#3938 = EDGE_LOOP('',(#3939,#3940,#3941));
#3939 = ORIENTED_EDGE('',*,*,#1614,.F.);
#3940 = ORIENTED_EDGE('',*,*,#3484,.F.);
#3941 = ORIENTED_EDGE('',*,*,#3460,.F.);
#3942 = PLANE('',#3943);
#3943 = AXIS2_PLACEMENT_3D('',#3944,#3945,#3946);
#3944 = CARTESIAN_POINT('',(-4.463079842337,-91.15,23.963298960794));
#3945 = DIRECTION('',(-4.252295203646E-16,-1.,-3.737038904755E-16));
#3946 = DIRECTION('',(-0.5,-1.110223024625E-16,0.866025403784));
#3947 = ADVANCED_FACE('',(#3948),#3953,.F.);
#3948 = FACE_BOUND('',#3949,.F.);
#3949 = EDGE_LOOP('',(#3950,#3951,#3952));
#3950 = ORIENTED_EDGE('',*,*,#3255,.F.);
#3951 = ORIENTED_EDGE('',*,*,#1751,.F.);
#3952 = ORIENTED_EDGE('',*,*,#3279,.F.);
#3953 = PLANE('',#3954);
#3954 = AXIS2_PLACEMENT_3D('',#3955,#3956,#3957);
#3955 = CARTESIAN_POINT('',(-4.433296144601,-91.15,10.031712083078));
#3956 = DIRECTION('',(-4.252295203646E-16,-1.,-3.737038904755E-16));
#3957 = DIRECTION('',(-0.5,-1.110223024625E-16,0.866025403784));
#3958 = ADVANCED_FACE('',(#3959),#3964,.F.);
#3959 = FACE_BOUND('',#3960,.F.);
#3960 = EDGE_LOOP('',(#3961,#3962,#3963));
#3961 = ORIENTED_EDGE('',*,*,#3296,.F.);
#3962 = ORIENTED_EDGE('',*,*,#1727,.F.);
#3963 = ORIENTED_EDGE('',*,*,#3320,.F.);
#3964 = PLANE('',#3965);
#3965 = AXIS2_PLACEMENT_3D('',#3966,#3967,#3968);
#3966 = CARTESIAN_POINT('',(-4.433296144601,-91.15,10.031712083078));
#3967 = DIRECTION('',(-4.252295203646E-16,-1.,-3.737038904755E-16));
#3968 = DIRECTION('',(-0.5,-1.110223024625E-16,0.866025403784));
#3969 = ADVANCED_FACE('',(#3970),#3975,.F.);
#3970 = FACE_BOUND('',#3971,.F.);
#3971 = EDGE_LOOP('',(#3972,#3973,#3974));
#3972 = ORIENTED_EDGE('',*,*,#1703,.F.);
#3973 = ORIENTED_EDGE('',*,*,#3361,.F.);
#3974 = ORIENTED_EDGE('',*,*,#3337,.F.);
#3975 = PLANE('',#3976);
#3976 = AXIS2_PLACEMENT_3D('',#3977,#3978,#3979);
#3977 = CARTESIAN_POINT('',(-4.433296144601,-91.15,10.031712083078));
#3978 = DIRECTION('',(-4.252295203646E-16,-1.,-3.737038904755E-16));
#3979 = DIRECTION('',(-0.5,-1.110223024625E-16,0.866025403784));
#3980 = ADVANCED_FACE('',(#3981),#3986,.F.);
#3981 = FACE_BOUND('',#3982,.F.);
#3982 = EDGE_LOOP('',(#3983,#3984,#3985));
#3983 = ORIENTED_EDGE('',*,*,#2862,.T.);
#3984 = ORIENTED_EDGE('',*,*,#1838,.T.);
#3985 = ORIENTED_EDGE('',*,*,#2880,.T.);
#3986 = PLANE('',#3987);
#3987 = AXIS2_PLACEMENT_3D('',#3988,#3989,#3990);
#3988 = CARTESIAN_POINT('',(-4.569898684979,91.3,10.068314623457));
#3989 = DIRECTION('',(4.252295203646E-16,1.,3.737038904755E-16));
#3990 = DIRECTION('',(0.5,1.110223024625E-16,-0.866025403784));
#3991 = ADVANCED_FACE('',(#3992),#3997,.F.);
#3992 = FACE_BOUND('',#3993,.F.);
#3993 = EDGE_LOOP('',(#3994,#3995,#3996));
#3994 = ORIENTED_EDGE('',*,*,#1814,.T.);
#3995 = ORIENTED_EDGE('',*,*,#2921,.T.);
#3996 = ORIENTED_EDGE('',*,*,#2903,.T.);
#3997 = PLANE('',#3998);
#3998 = AXIS2_PLACEMENT_3D('',#3999,#4000,#4001);
#3999 = CARTESIAN_POINT('',(-4.569898684979,91.3,10.068314623457));
#4000 = DIRECTION('',(4.252295203646E-16,1.,3.737038904755E-16));
#4001 = DIRECTION('',(0.5,1.110223024625E-16,-0.866025403784));
#4002 = ADVANCED_FACE('',(#4003),#4008,.F.);
#4003 = FACE_BOUND('',#4004,.F.);
#4004 = EDGE_LOOP('',(#4005,#4006,#4007));
#4005 = ORIENTED_EDGE('',*,*,#1790,.T.);
#4006 = ORIENTED_EDGE('',*,*,#2962,.T.);
#4007 = ORIENTED_EDGE('',*,*,#2944,.T.);
#4008 = PLANE('',#4009);
#4009 = AXIS2_PLACEMENT_3D('',#4010,#4011,#4012);
#4010 = CARTESIAN_POINT('',(-4.569898684979,91.3,10.068314623457));
#4011 = DIRECTION('',(4.252295203646E-16,1.,3.737038904755E-16));
#4012 = DIRECTION('',(0.5,1.110223024625E-16,-0.866025403784));
#4013 = ADVANCED_FACE('',(#4014),#4019,.F.);
#4014 = FACE_BOUND('',#4015,.F.);
#4015 = EDGE_LOOP('',(#4016,#4017,#4018));
#4016 = ORIENTED_EDGE('',*,*,#2739,.T.);
#4017 = ORIENTED_EDGE('',*,*,#1927,.T.);
#4018 = ORIENTED_EDGE('',*,*,#2757,.T.);
#4019 = PLANE('',#4020);
#4020 = AXIS2_PLACEMENT_3D('',#4021,#4022,#4023);
#4021 = CARTESIAN_POINT('',(-4.463438826185,91.3,24.043920739059));
#4022 = DIRECTION('',(4.252295203646E-16,1.,3.737038904755E-16));
#4023 = DIRECTION('',(0.5,1.110223024625E-16,-0.866025403784));
#4024 = ADVANCED_FACE('',(#4025),#4030,.F.);
#4025 = FACE_BOUND('',#4026,.F.);
#4026 = EDGE_LOOP('',(#4027,#4028,#4029));
#4027 = ORIENTED_EDGE('',*,*,#1903,.T.);
#4028 = ORIENTED_EDGE('',*,*,#2798,.T.);
#4029 = ORIENTED_EDGE('',*,*,#2780,.T.);
#4030 = PLANE('',#4031);
#4031 = AXIS2_PLACEMENT_3D('',#4032,#4033,#4034);
#4032 = CARTESIAN_POINT('',(-4.463438826185,91.3,24.043920739059));
#4033 = DIRECTION('',(4.252295203646E-16,1.,3.737038904755E-16));
#4034 = DIRECTION('',(0.5,1.110223024625E-16,-0.866025403784));
#4035 = ADVANCED_FACE('',(#4036),#4041,.F.);
#4036 = FACE_BOUND('',#4037,.F.);
#4037 = EDGE_LOOP('',(#4038,#4039,#4040));
#4038 = ORIENTED_EDGE('',*,*,#1879,.T.);
#4039 = ORIENTED_EDGE('',*,*,#2839,.T.);
#4040 = ORIENTED_EDGE('',*,*,#2821,.T.);
#4041 = PLANE('',#4042);
#4042 = AXIS2_PLACEMENT_3D('',#4043,#4044,#4045);
#4043 = CARTESIAN_POINT('',(-4.463438826185,91.3,24.043920739059));
#4044 = DIRECTION('',(4.252295203646E-16,1.,3.737038904755E-16));
#4045 = DIRECTION('',(0.5,1.110223024625E-16,-0.866025403784));
#4046 = ADVANCED_FACE('',(#4047,#4117,#4137,#4140,#4143,#4146),#4152,.F.
  );
#4047 = FACE_BOUND('',#4048,.F.);
#4048 = EDGE_LOOP('',(#4049,#4059,#4068,#4076,#4085,#4093,#4102,#4110));
#4049 = ORIENTED_EDGE('',*,*,#4050,.F.);
#4050 = EDGE_CURVE('',#4051,#4053,#4055,.T.);
#4051 = VERTEX_POINT('',#4052);
#4052 = CARTESIAN_POINT('',(-111.,52.937207000012,3.844933));
#4053 = VERTEX_POINT('',#4054);
#4054 = CARTESIAN_POINT('',(-111.,46.932206999988,3.844933));
#4055 = LINE('',#4056,#4057);
#4056 = CARTESIAN_POINT('',(-111.,52.937207000012,3.844933));
#4057 = VECTOR('',#4058,1.);
#4058 = DIRECTION('',(-0.,-1.,-0.));
#4059 = ORIENTED_EDGE('',*,*,#4060,.F.);
#4060 = EDGE_CURVE('',#4061,#4051,#4063,.T.);
#4061 = VERTEX_POINT('',#4062);
#4062 = CARTESIAN_POINT('',(-111.,56.434707,7.342432999988));
#4063 = CIRCLE('',#4064,3.497499999988);
#4064 = AXIS2_PLACEMENT_3D('',#4065,#4066,#4067);
#4065 = CARTESIAN_POINT('',(-111.,52.937207000012,7.342432999988));
#4066 = DIRECTION('',(-1.,0.,-0.));
#4067 = DIRECTION('',(0.,1.,-3.556269948766E-16));
#4068 = ORIENTED_EDGE('',*,*,#4069,.F.);
#4069 = EDGE_CURVE('',#4070,#4061,#4072,.T.);
#4070 = VERTEX_POINT('',#4071);
#4071 = CARTESIAN_POINT('',(-111.,56.434707,7.347433000012));
#4072 = LINE('',#4073,#4074);
#4073 = CARTESIAN_POINT('',(-111.,56.434707,7.347433000012));
#4074 = VECTOR('',#4075,1.);
#4075 = DIRECTION('',(0.,0.,-1.));
#4076 = ORIENTED_EDGE('',*,*,#4077,.F.);
#4077 = EDGE_CURVE('',#4078,#4070,#4080,.T.);
#4078 = VERTEX_POINT('',#4079);
#4079 = CARTESIAN_POINT('',(-111.,52.937207000012,10.844933));
#4080 = CIRCLE('',#4081,3.497499999988);
#4081 = AXIS2_PLACEMENT_3D('',#4082,#4083,#4084);
#4082 = CARTESIAN_POINT('',(-111.,52.937207000012,7.347433000012));
#4083 = DIRECTION('',(-1.,0.,0.));
#4084 = DIRECTION('',(0.,0.,1.));
#4085 = ORIENTED_EDGE('',*,*,#4086,.F.);
#4086 = EDGE_CURVE('',#4087,#4078,#4089,.T.);
#4087 = VERTEX_POINT('',#4088);
#4088 = CARTESIAN_POINT('',(-111.,46.932206999988,10.844933));
#4089 = LINE('',#4090,#4091);
#4090 = CARTESIAN_POINT('',(-111.,46.932206999988,10.844933));
#4091 = VECTOR('',#4092,1.);
#4092 = DIRECTION('',(0.,1.,0.));
#4093 = ORIENTED_EDGE('',*,*,#4094,.F.);
#4094 = EDGE_CURVE('',#4095,#4087,#4097,.T.);
#4095 = VERTEX_POINT('',#4096);
#4096 = CARTESIAN_POINT('',(-111.,43.434707,7.347433000012));
#4097 = CIRCLE('',#4098,3.497499999988);
#4098 = AXIS2_PLACEMENT_3D('',#4099,#4100,#4101);
#4099 = CARTESIAN_POINT('',(-111.,46.932206999988,7.347433000012));
#4100 = DIRECTION('',(-1.,0.,0.));
#4101 = DIRECTION('',(0.,-1.,0.));
#4102 = ORIENTED_EDGE('',*,*,#4103,.F.);
#4103 = EDGE_CURVE('',#4104,#4095,#4106,.T.);
#4104 = VERTEX_POINT('',#4105);
#4105 = CARTESIAN_POINT('',(-111.,43.434707,7.342432999988));
#4106 = LINE('',#4107,#4108);
#4107 = CARTESIAN_POINT('',(-111.,43.434707,7.342432999988));
#4108 = VECTOR('',#4109,1.);
#4109 = DIRECTION('',(0.,0.,1.));
#4110 = ORIENTED_EDGE('',*,*,#4111,.F.);
#4111 = EDGE_CURVE('',#4053,#4104,#4112,.T.);
#4112 = CIRCLE('',#4113,3.497499999988);
#4113 = AXIS2_PLACEMENT_3D('',#4114,#4115,#4116);
#4114 = CARTESIAN_POINT('',(-111.,46.932206999988,7.342432999988));
#4115 = DIRECTION('',(-1.,-0.,0.));
#4116 = DIRECTION('',(0.,-5.690031918025E-15,-1.));
#4117 = FACE_BOUND('',#4118,.F.);
#4118 = EDGE_LOOP('',(#4119,#4125,#4126,#4127,#4128,#4134,#4135,#4136));
#4119 = ORIENTED_EDGE('',*,*,#4120,.F.);
#4120 = EDGE_CURVE('',#3232,#1962,#4121,.T.);
#4121 = LINE('',#4122,#4123);
#4122 = CARTESIAN_POINT('',(-111.,-91.,15.99));
#4123 = VECTOR('',#4124,1.);
#4124 = DIRECTION('',(0.,1.,0.));
#4125 = ORIENTED_EDGE('',*,*,#3239,.F.);
#4126 = ORIENTED_EDGE('',*,*,#2994,.T.);
#4127 = ORIENTED_EDGE('',*,*,#2706,.F.);
#4128 = ORIENTED_EDGE('',*,*,#4129,.F.);
#4129 = EDGE_CURVE('',#2088,#2699,#4130,.T.);
#4130 = LINE('',#4131,#4132);
#4131 = CARTESIAN_POINT('',(-111.,68.5,15.99));
#4132 = VECTOR('',#4133,1.);
#4133 = DIRECTION('',(0.,1.,0.));
#4134 = ORIENTED_EDGE('',*,*,#2095,.F.);
#4135 = ORIENTED_EDGE('',*,*,#2028,.F.);
#4136 = ORIENTED_EDGE('',*,*,#1961,.T.);
#4137 = FACE_BOUND('',#4138,.F.);
#4138 = EDGE_LOOP('',(#4139));
#4139 = ORIENTED_EDGE('',*,*,#3706,.F.);
#4140 = FACE_BOUND('',#4141,.F.);
#4141 = EDGE_LOOP('',(#4142));
#4142 = ORIENTED_EDGE('',*,*,#3731,.F.);
#4143 = FACE_BOUND('',#4144,.F.);
#4144 = EDGE_LOOP('',(#4145));
#4145 = ORIENTED_EDGE('',*,*,#3756,.F.);
#4146 = FACE_BOUND('',#4147,.F.);
#4147 = EDGE_LOOP('',(#4148,#4149,#4150,#4151));
#4148 = ORIENTED_EDGE('',*,*,#3781,.F.);
#4149 = ORIENTED_EDGE('',*,*,#3812,.F.);
#4150 = ORIENTED_EDGE('',*,*,#3836,.F.);
#4151 = ORIENTED_EDGE('',*,*,#3853,.F.);
#4152 = PLANE('',#4153);
#4153 = AXIS2_PLACEMENT_3D('',#4154,#4155,#4156);
#4154 = CARTESIAN_POINT('',(-111.,-91.,32.));
#4155 = DIRECTION('',(-1.,0.,0.));
#4156 = DIRECTION('',(-0.,-2.22044604925E-16,-1.));
#4157 = ADVANCED_FACE('',(#4158),#4171,.T.);
#4158 = FACE_BOUND('',#4159,.F.);
#4159 = EDGE_LOOP('',(#4160,#4166,#4167,#4168,#4169,#4170));
#4160 = ORIENTED_EDGE('',*,*,#4161,.F.);
#4161 = EDGE_CURVE('',#3201,#1996,#4162,.T.);
#4162 = LINE('',#4163,#4164);
#4163 = CARTESIAN_POINT('',(-96.01,-91.,1.));
#4164 = VECTOR('',#4165,1.);
#4165 = DIRECTION('',(0.,1.,0.));
#4166 = ORIENTED_EDGE('',*,*,#3198,.F.);
#4167 = ORIENTED_EDGE('',*,*,#3231,.T.);
#4168 = ORIENTED_EDGE('',*,*,#4120,.T.);
#4169 = ORIENTED_EDGE('',*,*,#1969,.T.);
#4170 = ORIENTED_EDGE('',*,*,#2012,.F.);
#4171 = PLANE('',#4172);
#4172 = AXIS2_PLACEMENT_3D('',#4173,#4174,#4175);
#4173 = CARTESIAN_POINT('',(-103.505,-91.,8.495));
#4174 = DIRECTION('',(0.707106781187,0.,0.707106781187));
#4175 = DIRECTION('',(0.,-1.,0.));
#4176 = ADVANCED_FACE('',(#4177),#4183,.T.);
#4177 = FACE_BOUND('',#4178,.T.);
#4178 = EDGE_LOOP('',(#4179,#4180,#4181,#4182));
#4179 = ORIENTED_EDGE('',*,*,#4161,.F.);
#4180 = ORIENTED_EDGE('',*,*,#3216,.T.);
#4181 = ORIENTED_EDGE('',*,*,#2053,.F.);
#4182 = ORIENTED_EDGE('',*,*,#1993,.T.);
#4183 = PLANE('',#4184);
#4184 = AXIS2_PLACEMENT_3D('',#4185,#4186,#4187);
#4185 = CARTESIAN_POINT('',(-105.,0.,1.));
#4186 = DIRECTION('',(0.,0.,1.));
#4187 = DIRECTION('',(1.,0.,0.));
#4188 = ADVANCED_FACE('',(#4189),#4202,.T.);
#4189 = FACE_BOUND('',#4190,.F.);
#4190 = EDGE_LOOP('',(#4191,#4192,#4193,#4194,#4195,#4201));
#4191 = ORIENTED_EDGE('',*,*,#2087,.F.);
#4192 = ORIENTED_EDGE('',*,*,#4129,.T.);
#4193 = ORIENTED_EDGE('',*,*,#2698,.T.);
#4194 = ORIENTED_EDGE('',*,*,#2675,.T.);
#4195 = ORIENTED_EDGE('',*,*,#4196,.F.);
#4196 = EDGE_CURVE('',#2112,#2676,#4197,.T.);
#4197 = LINE('',#4198,#4199);
#4198 = CARTESIAN_POINT('',(-96.01,68.5,1.));
#4199 = VECTOR('',#4200,1.);
#4200 = DIRECTION('',(0.,1.,0.));
#4201 = ORIENTED_EDGE('',*,*,#2111,.T.);
#4202 = PLANE('',#4203);
#4203 = AXIS2_PLACEMENT_3D('',#4204,#4205,#4206);
#4204 = CARTESIAN_POINT('',(-103.505,68.5,8.495));
#4205 = DIRECTION('',(0.707106781187,0.,0.707106781187));
#4206 = DIRECTION('',(0.,-1.,0.));
#4207 = ADVANCED_FACE('',(#4208),#4214,.T.);
#4208 = FACE_BOUND('',#4209,.T.);
#4209 = EDGE_LOOP('',(#4210,#4211,#4212,#4213));
#4210 = ORIENTED_EDGE('',*,*,#2155,.F.);
#4211 = ORIENTED_EDGE('',*,*,#2683,.T.);
#4212 = ORIENTED_EDGE('',*,*,#4196,.F.);
#4213 = ORIENTED_EDGE('',*,*,#2130,.F.);
#4214 = PLANE('',#4215);
#4215 = AXIS2_PLACEMENT_3D('',#4216,#4217,#4218);
#4216 = CARTESIAN_POINT('',(-105.,0.,1.));
#4217 = DIRECTION('',(0.,0.,1.));
#4218 = DIRECTION('',(1.,0.,0.));
#4219 = ADVANCED_FACE('',(#4220),#4232,.F.);
#4220 = FACE_BOUND('',#4221,.F.);
#4221 = EDGE_LOOP('',(#4222,#4223,#4224,#4225,#4226,#4227,#4228,#4229,
    #4230,#4231));
#4222 = ORIENTED_EDGE('',*,*,#2213,.F.);
#4223 = ORIENTED_EDGE('',*,*,#2189,.F.);
#4224 = ORIENTED_EDGE('',*,*,#2180,.F.);
#4225 = ORIENTED_EDGE('',*,*,#2383,.F.);
#4226 = ORIENTED_EDGE('',*,*,#2359,.F.);
#4227 = ORIENTED_EDGE('',*,*,#2336,.F.);
#4228 = ORIENTED_EDGE('',*,*,#2310,.F.);
#4229 = ORIENTED_EDGE('',*,*,#2286,.F.);
#4230 = ORIENTED_EDGE('',*,*,#2271,.F.);
#4231 = ORIENTED_EDGE('',*,*,#2237,.F.);
#4232 = PLANE('',#4233);
#4233 = AXIS2_PLACEMENT_3D('',#4234,#4235,#4236);
#4234 = CARTESIAN_POINT('',(-104.9977216524,-84.97562270296,6.855));
#4235 = DIRECTION('',(8.659560562355E-17,8.659560562355E-17,1.));
#4236 = DIRECTION('',(2.22044604925E-16,1.,-8.659560562355E-17));
#4237 = ADVANCED_FACE('',(#4238),#4250,.F.);
#4238 = FACE_BOUND('',#4239,.F.);
#4239 = EDGE_LOOP('',(#4240,#4241,#4242,#4243,#4244,#4245,#4246,#4247,
    #4248,#4249));
#4240 = ORIENTED_EDGE('',*,*,#2460,.F.);
#4241 = ORIENTED_EDGE('',*,*,#2436,.F.);
#4242 = ORIENTED_EDGE('',*,*,#2427,.F.);
#4243 = ORIENTED_EDGE('',*,*,#2630,.F.);
#4244 = ORIENTED_EDGE('',*,*,#2606,.F.);
#4245 = ORIENTED_EDGE('',*,*,#2583,.F.);
#4246 = ORIENTED_EDGE('',*,*,#2557,.F.);
#4247 = ORIENTED_EDGE('',*,*,#2533,.F.);
#4248 = ORIENTED_EDGE('',*,*,#2518,.F.);
#4249 = ORIENTED_EDGE('',*,*,#2484,.F.);
#4250 = PLANE('',#4251);
#4251 = AXIS2_PLACEMENT_3D('',#4252,#4253,#4254);
#4252 = CARTESIAN_POINT('',(-104.9577216524,84.98437729704,6.895));
#4253 = DIRECTION('',(8.659560562355E-17,8.659560562355E-17,1.));
#4254 = DIRECTION('',(2.22044604925E-16,1.,-8.659560562355E-17));
#4255 = ADVANCED_FACE('',(#4256,#4259),#4262,.F.);
#4256 = FACE_BOUND('',#4257,.F.);
#4257 = EDGE_LOOP('',(#4258));
#4258 = ORIENTED_EDGE('',*,*,#3901,.F.);
#4259 = FACE_BOUND('',#4260,.F.);
#4260 = EDGE_LOOP('',(#4261));
#4261 = ORIENTED_EDGE('',*,*,#3023,.T.);
#4262 = PLANE('',#4263);
#4263 = AXIS2_PLACEMENT_3D('',#4264,#4265,#4266);
#4264 = CARTESIAN_POINT('',(-41.64255311505,-18.46759499956,28.523));
#4265 = DIRECTION('',(0.,0.,1.));
#4266 = DIRECTION('',(1.,0.,0.));
#4267 = ADVANCED_FACE('',(#4268),#4301,.F.);
#4268 = FACE_BOUND('',#4269,.F.);
#4269 = EDGE_LOOP('',(#4270,#4278,#4286,#4294,#4300));
#4270 = ORIENTED_EDGE('',*,*,#4271,.F.);
#4271 = EDGE_CURVE('',#4272,#3041,#4274,.T.);
#4272 = VERTEX_POINT('',#4273);
#4273 = CARTESIAN_POINT('',(-98.01296227003,-31.45757441483,25.196));
#4274 = LINE('',#4275,#4276);
#4275 = CARTESIAN_POINT('',(-98.01296227003,-31.45757441483,25.196));
#4276 = VECTOR('',#4277,1.);
#4277 = DIRECTION('',(0.,1.,0.));
#4278 = ORIENTED_EDGE('',*,*,#4279,.T.);
#4279 = EDGE_CURVE('',#4272,#4280,#4282,.T.);
#4280 = VERTEX_POINT('',#4281);
#4281 = CARTESIAN_POINT('',(-98.01296227003,-31.45757441483,22.446));
#4282 = LINE('',#4283,#4284);
#4283 = CARTESIAN_POINT('',(-98.01296227003,-31.45757441483,25.196));
#4284 = VECTOR('',#4285,1.);
#4285 = DIRECTION('',(0.,0.,-1.));
#4286 = ORIENTED_EDGE('',*,*,#4287,.T.);
#4287 = EDGE_CURVE('',#4280,#4288,#4290,.T.);
#4288 = VERTEX_POINT('',#4289);
#4289 = CARTESIAN_POINT('',(-98.01296227003,-31.45757441483,21.396));
#4290 = LINE('',#4291,#4292);
#4291 = CARTESIAN_POINT('',(-98.01296227003,-31.45757441483,25.196));
#4292 = VECTOR('',#4293,1.);
#4293 = DIRECTION('',(0.,0.,-1.));
#4294 = ORIENTED_EDGE('',*,*,#4295,.F.);
#4295 = EDGE_CURVE('',#3043,#4288,#4296,.T.);
#4296 = LINE('',#4297,#4298);
#4297 = CARTESIAN_POINT('',(-98.01296227003,-36.88957303917,21.396));
#4298 = VECTOR('',#4299,1.);
#4299 = DIRECTION('',(0.,-1.,0.));
#4300 = ORIENTED_EDGE('',*,*,#3040,.F.);
#4301 = PLANE('',#4302);
#4302 = AXIS2_PLACEMENT_3D('',#4303,#4304,#4305);
#4303 = CARTESIAN_POINT('',(-98.01296227003,-31.45757441483,25.196));
#4304 = DIRECTION('',(1.,0.,0.));
#4305 = DIRECTION('',(0.,1.,0.));
#4306 = ADVANCED_FACE('',(#4307,#4421),#4432,.F.);
#4307 = FACE_BOUND('',#4308,.F.);
#4308 = EDGE_LOOP('',(#4309,#4310,#4311,#4319,#4328,#4337,#4345,#4354,
    #4361,#4362,#4363,#4371,#4380,#4389,#4397,#4406,#4415));
#4309 = ORIENTED_EDGE('',*,*,#3084,.T.);
#4310 = ORIENTED_EDGE('',*,*,#3100,.T.);
#4311 = ORIENTED_EDGE('',*,*,#4312,.F.);
#4312 = EDGE_CURVE('',#4313,#3101,#4315,.T.);
#4313 = VERTEX_POINT('',#4314);
#4314 = CARTESIAN_POINT('',(-80.30786297573,-29.97880733262,25.196));
#4315 = LINE('',#4316,#4317);
#4316 = CARTESIAN_POINT('',(-80.30786297573,-29.97880733262,25.196));
#4317 = VECTOR('',#4318,1.);
#4318 = DIRECTION('',(0.,1.,0.));
#4319 = ORIENTED_EDGE('',*,*,#4320,.T.);
#4320 = EDGE_CURVE('',#4313,#4321,#4323,.T.);
#4321 = VERTEX_POINT('',#4322);
#4322 = CARTESIAN_POINT('',(-79.115,-31.965,25.196));
#4323 = CIRCLE('',#4324,2.25);
#4324 = AXIS2_PLACEMENT_3D('',#4325,#4326,#4327);
#4325 = CARTESIAN_POINT('',(-81.365,-31.965,25.196));
#4326 = DIRECTION('',(0.,0.,-1.));
#4327 = DIRECTION('',(1.,0.,0.));
#4328 = ORIENTED_EDGE('',*,*,#4329,.T.);
#4329 = EDGE_CURVE('',#4321,#4330,#4332,.T.);
#4330 = VERTEX_POINT('',#4331);
#4331 = CARTESIAN_POINT('',(-82.97182139642,-30.39,25.196));
#4332 = CIRCLE('',#4333,2.25);
#4333 = AXIS2_PLACEMENT_3D('',#4334,#4335,#4336);
#4334 = CARTESIAN_POINT('',(-81.365,-31.965,25.196));
#4335 = DIRECTION('',(0.,0.,-1.));
#4336 = DIRECTION('',(1.,0.,0.));
#4337 = ORIENTED_EDGE('',*,*,#4338,.F.);
#4338 = EDGE_CURVE('',#4339,#4330,#4341,.T.);
#4339 = VERTEX_POINT('',#4340);
#4340 = CARTESIAN_POINT('',(-93.62351216846,-30.39,25.196));
#4341 = LINE('',#4342,#4343);
#4342 = CARTESIAN_POINT('',(-93.62351216846,-30.39,25.196));
#4343 = VECTOR('',#4344,1.);
#4344 = DIRECTION('',(1.,0.,0.));
#4345 = ORIENTED_EDGE('',*,*,#4346,.T.);
#4346 = EDGE_CURVE('',#4339,#4347,#4349,.T.);
#4347 = VERTEX_POINT('',#4348);
#4348 = CARTESIAN_POINT('',(-93.065,-31.965,25.196));
#4349 = CIRCLE('',#4350,2.5);
#4350 = AXIS2_PLACEMENT_3D('',#4351,#4352,#4353);
#4351 = CARTESIAN_POINT('',(-95.565,-31.965,25.196));
#4352 = DIRECTION('',(0.,0.,-1.));
#4353 = DIRECTION('',(1.,0.,0.));
#4354 = ORIENTED_EDGE('',*,*,#4355,.T.);
#4355 = EDGE_CURVE('',#4347,#4272,#4356,.T.);
#4356 = CIRCLE('',#4357,2.5);
#4357 = AXIS2_PLACEMENT_3D('',#4358,#4359,#4360);
#4358 = CARTESIAN_POINT('',(-95.565,-31.965,25.196));
#4359 = DIRECTION('',(0.,0.,-1.));
#4360 = DIRECTION('',(1.,0.,0.));
#4361 = ORIENTED_EDGE('',*,*,#4271,.T.);
#4362 = ORIENTED_EDGE('',*,*,#3050,.T.);
#4363 = ORIENTED_EDGE('',*,*,#4364,.F.);
#4364 = EDGE_CURVE('',#4365,#3051,#4367,.T.);
#4365 = VERTEX_POINT('',#4366);
#4366 = CARTESIAN_POINT('',(-98.02522913729,-52.2591537932,25.196));
#4367 = LINE('',#4368,#4369);
#4368 = CARTESIAN_POINT('',(-98.02522913729,-52.2591537932,25.196));
#4369 = VECTOR('',#4370,1.);
#4370 = DIRECTION('',(0.,-1.,0.));
#4371 = ORIENTED_EDGE('',*,*,#4372,.T.);
#4372 = EDGE_CURVE('',#4365,#4373,#4375,.T.);
#4373 = VERTEX_POINT('',#4374);
#4374 = CARTESIAN_POINT('',(-93.065,-51.815,25.196));
#4375 = CIRCLE('',#4376,2.5);
#4376 = AXIS2_PLACEMENT_3D('',#4377,#4378,#4379);
#4377 = CARTESIAN_POINT('',(-95.565,-51.815,25.196));
#4378 = DIRECTION('',(0.,0.,-1.));
#4379 = DIRECTION('',(1.,0.,0.));
#4380 = ORIENTED_EDGE('',*,*,#4381,.T.);
#4381 = EDGE_CURVE('',#4373,#4382,#4384,.T.);
#4382 = VERTEX_POINT('',#4383);
#4383 = CARTESIAN_POINT('',(-93.62351216846,-53.39,25.196));
#4384 = CIRCLE('',#4385,2.5);
#4385 = AXIS2_PLACEMENT_3D('',#4386,#4387,#4388);
#4386 = CARTESIAN_POINT('',(-95.565,-51.815,25.196));
#4387 = DIRECTION('',(0.,0.,-1.));
#4388 = DIRECTION('',(1.,0.,0.));
#4389 = ORIENTED_EDGE('',*,*,#4390,.T.);
#4390 = EDGE_CURVE('',#4382,#4391,#4393,.T.);
#4391 = VERTEX_POINT('',#4392);
#4392 = CARTESIAN_POINT('',(-82.97182139642,-53.39,25.196));
#4393 = LINE('',#4394,#4395);
#4394 = CARTESIAN_POINT('',(-93.62351216846,-53.39,25.196));
#4395 = VECTOR('',#4396,1.);
#4396 = DIRECTION('',(1.,0.,0.));
#4397 = ORIENTED_EDGE('',*,*,#4398,.T.);
#4398 = EDGE_CURVE('',#4391,#4399,#4401,.T.);
#4399 = VERTEX_POINT('',#4400);
#4400 = CARTESIAN_POINT('',(-79.115,-51.815,25.196));
#4401 = CIRCLE('',#4402,2.25);
#4402 = AXIS2_PLACEMENT_3D('',#4403,#4404,#4405);
#4403 = CARTESIAN_POINT('',(-81.365,-51.815,25.196));
#4404 = DIRECTION('',(0.,0.,-1.));
#4405 = DIRECTION('',(1.,0.,0.));
#4406 = ORIENTED_EDGE('',*,*,#4407,.T.);
#4407 = EDGE_CURVE('',#4399,#4408,#4410,.T.);
#4408 = VERTEX_POINT('',#4409);
#4409 = CARTESIAN_POINT('',(-79.86232083954,-53.48965081158,25.196));
#4410 = CIRCLE('',#4411,2.25);
#4411 = AXIS2_PLACEMENT_3D('',#4412,#4413,#4414);
#4412 = CARTESIAN_POINT('',(-81.365,-51.815,25.196));
#4413 = DIRECTION('',(0.,0.,-1.));
#4414 = DIRECTION('',(1.,0.,0.));
#4415 = ORIENTED_EDGE('',*,*,#4416,.T.);
#4416 = EDGE_CURVE('',#4408,#3077,#4417,.T.);
#4417 = LINE('',#4418,#4419);
#4418 = CARTESIAN_POINT('',(-79.86232083954,-53.48965081158,25.196));
#4419 = VECTOR('',#4420,1.);
#4420 = DIRECTION('',(0.,-1.,0.));
#4421 = FACE_BOUND('',#4422,.F.);
#4422 = EDGE_LOOP('',(#4423));
#4423 = ORIENTED_EDGE('',*,*,#4424,.F.);
#4424 = EDGE_CURVE('',#4425,#4425,#4427,.T.);
#4425 = VERTEX_POINT('',#4426);
#4426 = CARTESIAN_POINT('',(-78.39,-41.89,25.196));
#4427 = CIRCLE('',#4428,9.75);
#4428 = AXIS2_PLACEMENT_3D('',#4429,#4430,#4431);
#4429 = CARTESIAN_POINT('',(-88.14,-41.89,25.196));
#4430 = DIRECTION('',(0.,0.,1.));
#4431 = DIRECTION('',(1.,0.,0.));
#4432 = PLANE('',#4433);
#4433 = AXIS2_PLACEMENT_3D('',#4434,#4435,#4436);
#4434 = CARTESIAN_POINT('',(-88.14,-41.89,25.196));
#4435 = DIRECTION('',(0.,0.,1.));
#4436 = DIRECTION('',(1.,0.,0.));
#4437 = ADVANCED_FACE('',(#4438),#4464,.T.);
#4438 = FACE_BOUND('',#4439,.T.);
#4439 = EDGE_LOOP('',(#4440,#4441,#4449,#4457,#4463));
#4440 = ORIENTED_EDGE('',*,*,#4364,.F.);
#4441 = ORIENTED_EDGE('',*,*,#4442,.T.);
#4442 = EDGE_CURVE('',#4365,#4443,#4445,.T.);
#4443 = VERTEX_POINT('',#4444);
#4444 = CARTESIAN_POINT('',(-98.02522913729,-52.2591537932,22.446));
#4445 = LINE('',#4446,#4447);
#4446 = CARTESIAN_POINT('',(-98.02522913729,-52.2591537932,25.196));
#4447 = VECTOR('',#4448,1.);
#4448 = DIRECTION('',(0.,0.,-1.));
#4449 = ORIENTED_EDGE('',*,*,#4450,.T.);
#4450 = EDGE_CURVE('',#4443,#4451,#4453,.T.);
#4451 = VERTEX_POINT('',#4452);
#4452 = CARTESIAN_POINT('',(-98.02522913729,-52.2591537932,21.396));
#4453 = LINE('',#4454,#4455);
#4454 = CARTESIAN_POINT('',(-98.02522913729,-52.2591537932,25.196));
#4455 = VECTOR('',#4456,1.);
#4456 = DIRECTION('',(0.,0.,-1.));
#4457 = ORIENTED_EDGE('',*,*,#4458,.F.);
#4458 = EDGE_CURVE('',#3060,#4451,#4459,.T.);
#4459 = LINE('',#4460,#4461);
#4460 = CARTESIAN_POINT('',(-98.02522913729,-47.29036272836,21.396));
#4461 = VECTOR('',#4462,1.);
#4462 = DIRECTION('',(0.,1.,0.));
#4463 = ORIENTED_EDGE('',*,*,#3059,.F.);
#4464 = PLANE('',#4465);
#4465 = AXIS2_PLACEMENT_3D('',#4466,#4467,#4468);
#4466 = CARTESIAN_POINT('',(-98.02522913729,-52.2591537932,25.196));
#4467 = DIRECTION('',(-1.,-0.,-0.));
#4468 = DIRECTION('',(0.,-1.,0.));
#4469 = ADVANCED_FACE('',(#4470),#4574,.T.);
#4470 = FACE_BOUND('',#4471,.T.);
#4471 = EDGE_LOOP('',(#4472,#4482,#4491,#4497,#4498,#4499,#4508,#4516,
    #4525,#4533,#4542,#4550,#4559,#4567));
#4472 = ORIENTED_EDGE('',*,*,#4473,.T.);
#4473 = EDGE_CURVE('',#4474,#4476,#4478,.T.);
#4474 = VERTEX_POINT('',#4475);
#4475 = CARTESIAN_POINT('',(-80.44633044972,-52.69912174354,21.396));
#4476 = VERTEX_POINT('',#4477);
#4477 = CARTESIAN_POINT('',(-79.46531560497,-53.02069448837,21.396));
#4478 = LINE('',#4479,#4480);
#4479 = CARTESIAN_POINT('',(-80.44633044972,-52.69912174354,21.396));
#4480 = VECTOR('',#4481,1.);
#4481 = DIRECTION('',(0.950250032715,-0.311488162417,0.));
#4482 = ORIENTED_EDGE('',*,*,#4483,.T.);
#4483 = EDGE_CURVE('',#4476,#4484,#4486,.T.);
#4484 = VERTEX_POINT('',#4485);
#4485 = CARTESIAN_POINT('',(-79.86232083954,-53.48965081158,21.396));
#4486 = CIRCLE('',#4487,2.25);
#4487 = AXIS2_PLACEMENT_3D('',#4488,#4489,#4490);
#4488 = CARTESIAN_POINT('',(-81.365,-51.815,21.396));
#4489 = DIRECTION('',(0.,0.,-1.));
#4490 = DIRECTION('',(1.,0.,0.));
#4491 = ORIENTED_EDGE('',*,*,#4492,.F.);
#4492 = EDGE_CURVE('',#3068,#4484,#4493,.T.);
#4493 = LINE('',#4494,#4495);
#4494 = CARTESIAN_POINT('',(-79.86232083954,-47.90561123755,21.396));
#4495 = VECTOR('',#4496,1.);
#4496 = DIRECTION('',(0.,1.,0.));
#4497 = ORIENTED_EDGE('',*,*,#3067,.F.);
#4498 = ORIENTED_EDGE('',*,*,#4458,.T.);
#4499 = ORIENTED_EDGE('',*,*,#4500,.T.);
#4500 = EDGE_CURVE('',#4451,#4501,#4503,.T.);
#4501 = VERTEX_POINT('',#4502);
#4502 = CARTESIAN_POINT('',(-98.06495451566,-51.799919564,21.396));
#4503 = CIRCLE('',#4504,2.499994811119);
#4504 = AXIS2_PLACEMENT_3D('',#4505,#4506,#4507);
#4505 = CARTESIAN_POINT('',(-95.56500523374,-51.81500742136,21.396));
#4506 = DIRECTION('',(0.,0.,-1.));
#4507 = DIRECTION('',(1.,0.,0.));
#4508 = ORIENTED_EDGE('',*,*,#4509,.T.);
#4509 = EDGE_CURVE('',#4501,#4510,#4512,.T.);
#4510 = VERTEX_POINT('',#4511);
#4511 = CARTESIAN_POINT('',(-96.83940031185,-51.85410044866,21.396));
#4512 = LINE('',#4513,#4514);
#4513 = CARTESIAN_POINT('',(-98.06495451566,-51.799919564,21.396));
#4514 = VECTOR('',#4515,1.);
#4515 = DIRECTION('',(0.999024199355,-4.416615335694E-02,0.));
#4516 = ORIENTED_EDGE('',*,*,#4517,.F.);
#4517 = EDGE_CURVE('',#4518,#4510,#4520,.T.);
#4518 = VERTEX_POINT('',#4519);
#4519 = CARTESIAN_POINT('',(-95.27377571055,-53.05629505484,21.396));
#4520 = CIRCLE('',#4521,1.27499372116);
#4521 = AXIS2_PLACEMENT_3D('',#4522,#4523,#4524);
#4522 = CARTESIAN_POINT('',(-95.56500604043,-51.81500786649,21.396));
#4523 = DIRECTION('',(0.,0.,-1.));
#4524 = DIRECTION('',(1.,0.,0.));
#4525 = ORIENTED_EDGE('',*,*,#4526,.T.);
#4526 = EDGE_CURVE('',#4518,#4527,#4529,.T.);
#4527 = VERTEX_POINT('',#4528);
#4528 = CARTESIAN_POINT('',(-94.71156385779,-54.16481845067,21.396));
#4529 = LINE('',#4530,#4531);
#4530 = CARTESIAN_POINT('',(-95.27377571055,-53.05629505484,21.396));
#4531 = VECTOR('',#4532,1.);
#4532 = DIRECTION('',(0.452323266154,-0.891854059191,0.));
#4533 = ORIENTED_EDGE('',*,*,#4534,.T.);
#4534 = EDGE_CURVE('',#4527,#4535,#4537,.T.);
#4535 = VERTEX_POINT('',#4536);
#4536 = CARTESIAN_POINT('',(-93.62351216846,-53.39,21.396));
#4537 = CIRCLE('',#4538,2.5);
#4538 = AXIS2_PLACEMENT_3D('',#4539,#4540,#4541);
#4539 = CARTESIAN_POINT('',(-95.565,-51.815,21.396));
#4540 = DIRECTION('',(0.,0.,1.));
#4541 = DIRECTION('',(1.,0.,0.));
#4542 = ORIENTED_EDGE('',*,*,#4543,.F.);
#4543 = EDGE_CURVE('',#4544,#4535,#4546,.T.);
#4544 = VERTEX_POINT('',#4545);
#4545 = CARTESIAN_POINT('',(-82.97182139642,-53.39,21.396));
#4546 = LINE('',#4547,#4548);
#4547 = CARTESIAN_POINT('',(-91.5242029054,-53.39,21.396));
#4548 = VECTOR('',#4549,1.);
#4549 = DIRECTION('',(-1.,0.,0.));
#4550 = ORIENTED_EDGE('',*,*,#4551,.T.);
#4551 = EDGE_CURVE('',#4544,#4552,#4554,.T.);
#4552 = VERTEX_POINT('',#4553);
#4553 = CARTESIAN_POINT('',(-83.44963025309,-52.66165028664,21.396));
#4554 = CIRCLE('',#4555,2.25);
#4555 = AXIS2_PLACEMENT_3D('',#4556,#4557,#4558);
#4556 = CARTESIAN_POINT('',(-81.365,-51.815,21.396));
#4557 = DIRECTION('',(0.,0.,-1.));
#4558 = DIRECTION('',(1.,0.,0.));
#4559 = ORIENTED_EDGE('',*,*,#4560,.T.);
#4560 = EDGE_CURVE('',#4552,#4561,#4563,.T.);
#4561 = VERTEX_POINT('',#4562);
#4562 = CARTESIAN_POINT('',(-82.50119838241,-52.39351381642,21.396));
#4563 = LINE('',#4564,#4565);
#4564 = CARTESIAN_POINT('',(-83.44963025309,-52.66165028664,21.396));
#4565 = VECTOR('',#4566,1.);
#4566 = DIRECTION('',(0.962282480071,0.272052253341,0.));
#4567 = ORIENTED_EDGE('',*,*,#4568,.F.);
#4568 = EDGE_CURVE('',#4474,#4561,#4569,.T.);
#4569 = CIRCLE('',#4570,1.275);
#4570 = AXIS2_PLACEMENT_3D('',#4571,#4572,#4573);
#4571 = CARTESIAN_POINT('',(-81.365,-51.815,21.396));
#4572 = DIRECTION('',(0.,0.,-1.));
#4573 = DIRECTION('',(1.,0.,0.));
#4574 = PLANE('',#4575);
#4575 = AXIS2_PLACEMENT_3D('',#4576,#4577,#4578);
#4576 = CARTESIAN_POINT('',(-88.88234220898,-54.21190101404,21.396));
#4577 = DIRECTION('',(-0.,-5.343727262344E-16,-1.));
#4578 = DIRECTION('',(0.,-1.,5.343727262344E-16));
#4579 = ADVANCED_FACE('',(#4580),#4591,.F.);
#4580 = FACE_BOUND('',#4581,.F.);
#4581 = EDGE_LOOP('',(#4582,#4583,#4589,#4590));
#4582 = ORIENTED_EDGE('',*,*,#4416,.F.);
#4583 = ORIENTED_EDGE('',*,*,#4584,.T.);
#4584 = EDGE_CURVE('',#4408,#4484,#4585,.T.);
#4585 = LINE('',#4586,#4587);
#4586 = CARTESIAN_POINT('',(-79.86232083954,-53.48965081158,25.196));
#4587 = VECTOR('',#4588,1.);
#4588 = DIRECTION('',(0.,0.,-1.));
#4589 = ORIENTED_EDGE('',*,*,#4492,.F.);
#4590 = ORIENTED_EDGE('',*,*,#3076,.F.);
#4591 = PLANE('',#4592);
#4592 = AXIS2_PLACEMENT_3D('',#4593,#4594,#4595);
#4593 = CARTESIAN_POINT('',(-79.86232083954,-53.48965081158,25.196));
#4594 = DIRECTION('',(-1.,-0.,-0.));
#4595 = DIRECTION('',(0.,-1.,0.));
#4596 = ADVANCED_FACE('',(#4597),#4623,.T.);
#4597 = FACE_BOUND('',#4598,.T.);
#4598 = EDGE_LOOP('',(#4599,#4600,#4608,#4616,#4622));
#4599 = ORIENTED_EDGE('',*,*,#4312,.F.);
#4600 = ORIENTED_EDGE('',*,*,#4601,.T.);
#4601 = EDGE_CURVE('',#4313,#4602,#4604,.T.);
#4602 = VERTEX_POINT('',#4603);
#4603 = CARTESIAN_POINT('',(-80.30786297573,-29.97880733262,22.446));
#4604 = LINE('',#4605,#4606);
#4605 = CARTESIAN_POINT('',(-80.30786297573,-29.97880733262,25.196));
#4606 = VECTOR('',#4607,1.);
#4607 = DIRECTION('',(0.,0.,-1.));
#4608 = ORIENTED_EDGE('',*,*,#4609,.T.);
#4609 = EDGE_CURVE('',#4602,#4610,#4612,.T.);
#4610 = VERTEX_POINT('',#4611);
#4611 = CARTESIAN_POINT('',(-80.30786297573,-29.97880733262,21.396));
#4612 = LINE('',#4613,#4614);
#4613 = CARTESIAN_POINT('',(-80.30786297573,-29.97880733262,25.196));
#4614 = VECTOR('',#4615,1.);
#4615 = DIRECTION('',(0.,0.,-1.));
#4616 = ORIENTED_EDGE('',*,*,#4617,.F.);
#4617 = EDGE_CURVE('',#3110,#4610,#4618,.T.);
#4618 = LINE('',#4619,#4620);
#4619 = CARTESIAN_POINT('',(-80.30786297573,-36.15018949807,21.396));
#4620 = VECTOR('',#4621,1.);
#4621 = DIRECTION('',(0.,-1.,0.));
#4622 = ORIENTED_EDGE('',*,*,#3109,.F.);
#4623 = PLANE('',#4624);
#4624 = AXIS2_PLACEMENT_3D('',#4625,#4626,#4627);
#4625 = CARTESIAN_POINT('',(-80.30786297573,-29.97880733262,25.196));
#4626 = DIRECTION('',(1.,0.,0.));
#4627 = DIRECTION('',(0.,1.,0.));
#4628 = ADVANCED_FACE('',(#4629),#4726,.T.);
#4629 = FACE_BOUND('',#4630,.T.);
#4630 = EDGE_LOOP('',(#4631,#4632,#4633,#4642,#4650,#4659,#4667,#4676,
    #4684,#4693,#4701,#4710,#4718,#4725));
#4631 = ORIENTED_EDGE('',*,*,#3117,.F.);
#4632 = ORIENTED_EDGE('',*,*,#4617,.T.);
#4633 = ORIENTED_EDGE('',*,*,#4634,.T.);
#4634 = EDGE_CURVE('',#4610,#4635,#4637,.T.);
#4635 = VERTEX_POINT('',#4636);
#4636 = CARTESIAN_POINT('',(-80.11044283634,-30.09722423105,21.396));
#4637 = CIRCLE('',#4638,2.249993476631);
#4638 = AXIS2_PLACEMENT_3D('',#4639,#4640,#4641);
#4639 = CARTESIAN_POINT('',(-81.36500248157,-31.96499047484,21.396));
#4640 = DIRECTION('',(0.,0.,-1.));
#4641 = DIRECTION('',(1.,0.,0.));
#4642 = ORIENTED_EDGE('',*,*,#4643,.F.);
#4643 = EDGE_CURVE('',#4644,#4635,#4646,.T.);
#4644 = VERTEX_POINT('',#4645);
#4645 = CARTESIAN_POINT('',(-80.71211911858,-30.86984176729,21.396));
#4646 = LINE('',#4647,#4648);
#4647 = CARTESIAN_POINT('',(-80.71211911858,-30.86984176729,21.396));
#4648 = VECTOR('',#4649,1.);
#4649 = DIRECTION('',(0.614418679935,0.788980155484,0.));
#4650 = ORIENTED_EDGE('',*,*,#4651,.F.);
#4651 = EDGE_CURVE('',#4652,#4644,#4654,.T.);
#4652 = VERTEX_POINT('',#4653);
#4653 = CARTESIAN_POINT('',(-82.4172797319,-31.24504696972,21.396));
#4654 = CIRCLE('',#4655,1.274994562017);
#4655 = AXIS2_PLACEMENT_3D('',#4656,#4657,#4658);
#4656 = CARTESIAN_POINT('',(-81.3650016034,-31.96499271314,21.396));
#4657 = DIRECTION('',(0.,0.,-1.));
#4658 = DIRECTION('',(1.,0.,0.));
#4659 = ORIENTED_EDGE('',*,*,#4660,.F.);
#4660 = EDGE_CURVE('',#4661,#4652,#4663,.T.);
#4661 = VERTEX_POINT('',#4662);
#4662 = CARTESIAN_POINT('',(-83.37143432323,-30.94680487798,21.396));
#4663 = LINE('',#4664,#4665);
#4664 = CARTESIAN_POINT('',(-83.37143432323,-30.94680487798,21.396));
#4665 = VECTOR('',#4666,1.);
#4666 = DIRECTION('',(0.954460387651,-0.298337675137,0.));
#4667 = ORIENTED_EDGE('',*,*,#4668,.T.);
#4668 = EDGE_CURVE('',#4661,#4669,#4671,.T.);
#4669 = VERTEX_POINT('',#4670);
#4670 = CARTESIAN_POINT('',(-82.97182139642,-30.39,21.396));
#4671 = CIRCLE('',#4672,2.249993476631);
#4672 = AXIS2_PLACEMENT_3D('',#4673,#4674,#4675);
#4673 = CARTESIAN_POINT('',(-81.36500248157,-31.96499047484,21.396));
#4674 = DIRECTION('',(0.,0.,-1.));
#4675 = DIRECTION('',(1.,0.,0.));
#4676 = ORIENTED_EDGE('',*,*,#4677,.T.);
#4677 = EDGE_CURVE('',#4669,#4678,#4680,.T.);
#4678 = VERTEX_POINT('',#4679);
#4679 = CARTESIAN_POINT('',(-93.62351216846,-30.39,21.396));
#4680 = LINE('',#4681,#4682);
#4681 = CARTESIAN_POINT('',(-91.5242029054,-30.39,21.396));
#4682 = VECTOR('',#4683,1.);
#4683 = DIRECTION('',(-1.,0.,0.));
#4684 = ORIENTED_EDGE('',*,*,#4685,.T.);
#4685 = EDGE_CURVE('',#4678,#4686,#4688,.T.);
#4686 = VERTEX_POINT('',#4687);
#4687 = CARTESIAN_POINT('',(-94.30625875969,-29.80500683105,21.396));
#4688 = CIRCLE('',#4689,2.5);
#4689 = AXIS2_PLACEMENT_3D('',#4690,#4691,#4692);
#4690 = CARTESIAN_POINT('',(-95.565,-31.965,21.396));
#4691 = DIRECTION('',(0.,0.,1.));
#4692 = DIRECTION('',(1.,0.,0.));
#4693 = ORIENTED_EDGE('',*,*,#4694,.F.);
#4694 = EDGE_CURVE('',#4695,#4686,#4697,.T.);
#4695 = VERTEX_POINT('',#4696);
#4696 = CARTESIAN_POINT('',(-95.56514894252,-30.6900000087,21.396));
#4697 = LINE('',#4698,#4699);
#4698 = CARTESIAN_POINT('',(-95.56514894252,-30.6900000087,21.396));
#4699 = VECTOR('',#4700,1.);
#4700 = DIRECTION('',(0.818079294115,0.575105441236,0.));
#4701 = ORIENTED_EDGE('',*,*,#4702,.F.);
#4702 = EDGE_CURVE('',#4703,#4695,#4705,.T.);
#4703 = VERTEX_POINT('',#4704);
#4704 = CARTESIAN_POINT('',(-96.81891953115,-31.73410866324,21.396));
#4705 = CIRCLE('',#4706,1.275000879502);
#4706 = AXIS2_PLACEMENT_3D('',#4707,#4708,#4709);
#4707 = CARTESIAN_POINT('',(-95.56499926764,-31.96500087941,21.396));
#4708 = DIRECTION('',(0.,0.,-1.));
#4709 = DIRECTION('',(1.,0.,0.));
#4710 = ORIENTED_EDGE('',*,*,#4711,.F.);
#4711 = EDGE_CURVE('',#4712,#4703,#4714,.T.);
#4712 = VERTEX_POINT('',#4713);
#4713 = CARTESIAN_POINT('',(-98.05431500428,-31.73410866323,21.396));
#4714 = LINE('',#4715,#4716);
#4715 = CARTESIAN_POINT('',(-98.05431500428,-31.73410866324,21.396));
#4716 = VECTOR('',#4717,1.);
#4717 = DIRECTION('',(1.,0.,0.));
#4718 = ORIENTED_EDGE('',*,*,#4719,.T.);
#4719 = EDGE_CURVE('',#4712,#4288,#4720,.T.);
#4720 = CIRCLE('',#4721,2.499995668461);
#4721 = AXIS2_PLACEMENT_3D('',#4722,#4723,#4724);
#4722 = CARTESIAN_POINT('',(-95.56500368589,-31.96499283866,21.396));
#4723 = DIRECTION('',(0.,0.,-1.));
#4724 = DIRECTION('',(1.,0.,0.));
#4725 = ORIENTED_EDGE('',*,*,#4295,.F.);
#4726 = PLANE('',#4727);
#4727 = AXIS2_PLACEMENT_3D('',#4728,#4729,#4730);
#4728 = CARTESIAN_POINT('',(-89.07526452815,-29.47317470796,21.396));
#4729 = DIRECTION('',(0.,4.961872317152E-16,-1.));
#4730 = DIRECTION('',(0.,-1.,-4.961872317152E-16));
#4731 = ADVANCED_FACE('',(#4732),#4751,.T.);
#4732 = FACE_BOUND('',#4733,.T.);
#4733 = EDGE_LOOP('',(#4734,#4735,#4743,#4750));
#4734 = ORIENTED_EDGE('',*,*,#3142,.T.);
#4735 = ORIENTED_EDGE('',*,*,#4736,.F.);
#4736 = EDGE_CURVE('',#4737,#3133,#4739,.T.);
#4737 = VERTEX_POINT('',#4738);
#4738 = CARTESIAN_POINT('',(-64.603,33.12,28.523));
#4739 = LINE('',#4740,#4741);
#4740 = CARTESIAN_POINT('',(-64.603,33.12,28.523));
#4741 = VECTOR('',#4742,1.);
#4742 = DIRECTION('',(0.,0.,1.));
#4743 = ORIENTED_EDGE('',*,*,#4744,.T.);
#4744 = EDGE_CURVE('',#4737,#4737,#4745,.T.);
#4745 = CIRCLE('',#4746,4.);
#4746 = AXIS2_PLACEMENT_3D('',#4747,#4748,#4749);
#4747 = CARTESIAN_POINT('',(-68.603,33.12,28.523));
#4748 = DIRECTION('',(0.,0.,1.));
#4749 = DIRECTION('',(1.,0.,0.));
#4750 = ORIENTED_EDGE('',*,*,#4736,.T.);
#4751 = CYLINDRICAL_SURFACE('',#4752,4.);
#4752 = AXIS2_PLACEMENT_3D('',#4753,#4754,#4755);
#4753 = CARTESIAN_POINT('',(-68.603,33.12,28.523));
#4754 = DIRECTION('',(-0.,-0.,-1.));
#4755 = DIRECTION('',(1.,0.,0.));
#4756 = ADVANCED_FACE('',(#4757),#4776,.T.);
#4757 = FACE_BOUND('',#4758,.T.);
#4758 = EDGE_LOOP('',(#4759,#4760,#4768,#4775));
#4759 = ORIENTED_EDGE('',*,*,#3167,.T.);
#4760 = ORIENTED_EDGE('',*,*,#4761,.F.);
#4761 = EDGE_CURVE('',#4762,#3158,#4764,.T.);
#4762 = VERTEX_POINT('',#4763);
#4763 = CARTESIAN_POINT('',(-64.613,-68.62,28.523));
#4764 = LINE('',#4765,#4766);
#4765 = CARTESIAN_POINT('',(-64.613,-68.62,28.523));
#4766 = VECTOR('',#4767,1.);
#4767 = DIRECTION('',(0.,0.,1.));
#4768 = ORIENTED_EDGE('',*,*,#4769,.T.);
#4769 = EDGE_CURVE('',#4762,#4762,#4770,.T.);
#4770 = CIRCLE('',#4771,4.);
#4771 = AXIS2_PLACEMENT_3D('',#4772,#4773,#4774);
#4772 = CARTESIAN_POINT('',(-68.613,-68.62,28.523));
#4773 = DIRECTION('',(0.,0.,1.));
#4774 = DIRECTION('',(1.,0.,0.));
#4775 = ORIENTED_EDGE('',*,*,#4761,.T.);
#4776 = CYLINDRICAL_SURFACE('',#4777,4.);
#4777 = AXIS2_PLACEMENT_3D('',#4778,#4779,#4780);
#4778 = CARTESIAN_POINT('',(-68.613,-68.62,28.523));
#4779 = DIRECTION('',(-0.,-0.,-1.));
#4780 = DIRECTION('',(1.,0.,0.));
#4781 = ADVANCED_FACE('',(#4782),#4807,.F.);
#4782 = FACE_BOUND('',#4783,.F.);
#4783 = EDGE_LOOP('',(#4784,#4792,#4793,#4801));
#4784 = ORIENTED_EDGE('',*,*,#4785,.F.);
#4785 = EDGE_CURVE('',#3511,#4786,#4788,.T.);
#4786 = VERTEX_POINT('',#4787);
#4787 = CARTESIAN_POINT('',(-112.,46.932206999988,4.844933));
#4788 = LINE('',#4789,#4790);
#4789 = CARTESIAN_POINT('',(-114.,46.932206999988,4.844933));
#4790 = VECTOR('',#4791,1.);
#4791 = DIRECTION('',(1.,0.,0.));
#4792 = ORIENTED_EDGE('',*,*,#3518,.F.);
#4793 = ORIENTED_EDGE('',*,*,#4794,.T.);
#4794 = EDGE_CURVE('',#3502,#4795,#4797,.T.);
#4795 = VERTEX_POINT('',#4796);
#4796 = CARTESIAN_POINT('',(-112.,52.937207000012,4.844933));
#4797 = LINE('',#4798,#4799);
#4798 = CARTESIAN_POINT('',(-114.,52.937207000012,4.844933));
#4799 = VECTOR('',#4800,1.);
#4800 = DIRECTION('',(1.,0.,0.));
#4801 = ORIENTED_EDGE('',*,*,#4802,.T.);
#4802 = EDGE_CURVE('',#4795,#4786,#4803,.T.);
#4803 = LINE('',#4804,#4805);
#4804 = CARTESIAN_POINT('',(-112.,52.937207000012,4.844933));
#4805 = VECTOR('',#4806,1.);
#4806 = DIRECTION('',(-0.,-1.,-0.));
#4807 = PLANE('',#4808);
#4808 = AXIS2_PLACEMENT_3D('',#4809,#4810,#4811);
#4809 = CARTESIAN_POINT('',(-114.,52.937207000012,4.844933));
#4810 = DIRECTION('',(0.,0.,-1.));
#4811 = DIRECTION('',(0.,-1.,0.));
#4812 = ADVANCED_FACE('',(#4813),#4832,.F.);
#4813 = FACE_BOUND('',#4814,.F.);
#4814 = EDGE_LOOP('',(#4815,#4816,#4817,#4825));
#4815 = ORIENTED_EDGE('',*,*,#4794,.F.);
#4816 = ORIENTED_EDGE('',*,*,#3532,.F.);
#4817 = ORIENTED_EDGE('',*,*,#4818,.T.);
#4818 = EDGE_CURVE('',#3533,#4819,#4821,.T.);
#4819 = VERTEX_POINT('',#4820);
#4820 = CARTESIAN_POINT('',(-112.,55.434707,7.342432999988));
#4821 = LINE('',#4822,#4823);
#4822 = CARTESIAN_POINT('',(-114.,55.434707,7.342432999988));
#4823 = VECTOR('',#4824,1.);
#4824 = DIRECTION('',(1.,0.,0.));
#4825 = ORIENTED_EDGE('',*,*,#4826,.T.);
#4826 = EDGE_CURVE('',#4819,#4795,#4827,.T.);
#4827 = CIRCLE('',#4828,2.497499999988);
#4828 = AXIS2_PLACEMENT_3D('',#4829,#4830,#4831);
#4829 = CARTESIAN_POINT('',(-112.,52.937207000012,7.342432999988));
#4830 = DIRECTION('',(-1.,0.,-0.));
#4831 = DIRECTION('',(0.,1.,-3.556269948766E-16));
#4832 = CYLINDRICAL_SURFACE('',#4833,2.497499999988);
#4833 = AXIS2_PLACEMENT_3D('',#4834,#4835,#4836);
#4834 = CARTESIAN_POINT('',(-114.,52.937207000012,7.342432999988));
#4835 = DIRECTION('',(-1.,0.,0.));
#4836 = DIRECTION('',(0.,-1.,0.));
#4837 = ADVANCED_FACE('',(#4838),#4856,.F.);
#4838 = FACE_BOUND('',#4839,.F.);
#4839 = EDGE_LOOP('',(#4840,#4841,#4842,#4850));
#4840 = ORIENTED_EDGE('',*,*,#4818,.F.);
#4841 = ORIENTED_EDGE('',*,*,#3567,.F.);
#4842 = ORIENTED_EDGE('',*,*,#4843,.T.);
#4843 = EDGE_CURVE('',#3558,#4844,#4846,.T.);
#4844 = VERTEX_POINT('',#4845);
#4845 = CARTESIAN_POINT('',(-112.,55.434707,7.347433000012));
#4846 = LINE('',#4847,#4848);
#4847 = CARTESIAN_POINT('',(-114.,55.434707,7.347433000012));
#4848 = VECTOR('',#4849,1.);
#4849 = DIRECTION('',(1.,0.,0.));
#4850 = ORIENTED_EDGE('',*,*,#4851,.T.);
#4851 = EDGE_CURVE('',#4844,#4819,#4852,.T.);
#4852 = LINE('',#4853,#4854);
#4853 = CARTESIAN_POINT('',(-112.,55.434707,7.347433000012));
#4854 = VECTOR('',#4855,1.);
#4855 = DIRECTION('',(0.,0.,-1.));
#4856 = PLANE('',#4857);
#4857 = AXIS2_PLACEMENT_3D('',#4858,#4859,#4860);
#4858 = CARTESIAN_POINT('',(-114.,55.434707,7.347433000012));
#4859 = DIRECTION('',(0.,1.,0.));
#4860 = DIRECTION('',(0.,0.,-1.));
#4861 = ADVANCED_FACE('',(#4862),#4881,.F.);
#4862 = FACE_BOUND('',#4863,.F.);
#4863 = EDGE_LOOP('',(#4864,#4865,#4866,#4874));
#4864 = ORIENTED_EDGE('',*,*,#4843,.F.);
#4865 = ORIENTED_EDGE('',*,*,#3581,.F.);
#4866 = ORIENTED_EDGE('',*,*,#4867,.T.);
#4867 = EDGE_CURVE('',#3582,#4868,#4870,.T.);
#4868 = VERTEX_POINT('',#4869);
#4869 = CARTESIAN_POINT('',(-112.,52.937207000012,9.844933));
#4870 = LINE('',#4871,#4872);
#4871 = CARTESIAN_POINT('',(-114.,52.937207000012,9.844933));
#4872 = VECTOR('',#4873,1.);
#4873 = DIRECTION('',(1.,0.,0.));
#4874 = ORIENTED_EDGE('',*,*,#4875,.T.);
#4875 = EDGE_CURVE('',#4868,#4844,#4876,.T.);
#4876 = CIRCLE('',#4877,2.497499999988);
#4877 = AXIS2_PLACEMENT_3D('',#4878,#4879,#4880);
#4878 = CARTESIAN_POINT('',(-112.,52.937207000012,7.347433000012));
#4879 = DIRECTION('',(-1.,0.,0.));
#4880 = DIRECTION('',(0.,0.,1.));
#4881 = CYLINDRICAL_SURFACE('',#4882,2.497499999988);
#4882 = AXIS2_PLACEMENT_3D('',#4883,#4884,#4885);
#4883 = CARTESIAN_POINT('',(-114.,52.937207000012,7.347433000012));
#4884 = DIRECTION('',(-1.,0.,0.));
#4885 = DIRECTION('',(0.,-1.,0.));
#4886 = ADVANCED_FACE('',(#4887),#4905,.F.);
#4887 = FACE_BOUND('',#4888,.F.);
#4888 = EDGE_LOOP('',(#4889,#4890,#4891,#4899));
#4889 = ORIENTED_EDGE('',*,*,#4867,.F.);
#4890 = ORIENTED_EDGE('',*,*,#3616,.F.);
#4891 = ORIENTED_EDGE('',*,*,#4892,.T.);
#4892 = EDGE_CURVE('',#3607,#4893,#4895,.T.);
#4893 = VERTEX_POINT('',#4894);
#4894 = CARTESIAN_POINT('',(-112.,46.932206999988,9.844933));
#4895 = LINE('',#4896,#4897);
#4896 = CARTESIAN_POINT('',(-114.,46.932206999988,9.844933));
#4897 = VECTOR('',#4898,1.);
#4898 = DIRECTION('',(1.,0.,0.));
#4899 = ORIENTED_EDGE('',*,*,#4900,.T.);
#4900 = EDGE_CURVE('',#4893,#4868,#4901,.T.);
#4901 = LINE('',#4902,#4903);
#4902 = CARTESIAN_POINT('',(-112.,46.932206999988,9.844933));
#4903 = VECTOR('',#4904,1.);
#4904 = DIRECTION('',(0.,1.,0.));
#4905 = PLANE('',#4906);
#4906 = AXIS2_PLACEMENT_3D('',#4907,#4908,#4909);
#4907 = CARTESIAN_POINT('',(-114.,46.932206999988,9.844933));
#4908 = DIRECTION('',(0.,0.,1.));
#4909 = DIRECTION('',(0.,1.,0.));
#4910 = ADVANCED_FACE('',(#4911),#4930,.F.);
#4911 = FACE_BOUND('',#4912,.F.);
#4912 = EDGE_LOOP('',(#4913,#4914,#4915,#4923));
#4913 = ORIENTED_EDGE('',*,*,#4892,.F.);
#4914 = ORIENTED_EDGE('',*,*,#3630,.F.);
#4915 = ORIENTED_EDGE('',*,*,#4916,.T.);
#4916 = EDGE_CURVE('',#3631,#4917,#4919,.T.);
#4917 = VERTEX_POINT('',#4918);
#4918 = CARTESIAN_POINT('',(-112.,44.434707,7.347433000012));
#4919 = LINE('',#4920,#4921);
#4920 = CARTESIAN_POINT('',(-114.,44.434707,7.347433000012));
#4921 = VECTOR('',#4922,1.);
#4922 = DIRECTION('',(1.,0.,0.));
#4923 = ORIENTED_EDGE('',*,*,#4924,.T.);
#4924 = EDGE_CURVE('',#4917,#4893,#4925,.T.);
#4925 = CIRCLE('',#4926,2.497499999988);
#4926 = AXIS2_PLACEMENT_3D('',#4927,#4928,#4929);
#4927 = CARTESIAN_POINT('',(-112.,46.932206999988,7.347433000012));
#4928 = DIRECTION('',(-1.,0.,0.));
#4929 = DIRECTION('',(0.,-1.,0.));
#4930 = CYLINDRICAL_SURFACE('',#4931,2.497499999988);
#4931 = AXIS2_PLACEMENT_3D('',#4932,#4933,#4934);
#4932 = CARTESIAN_POINT('',(-114.,46.932206999988,7.347433000012));
#4933 = DIRECTION('',(-1.,0.,0.));
#4934 = DIRECTION('',(0.,-1.,0.));
#4935 = ADVANCED_FACE('',(#4936),#4954,.F.);
#4936 = FACE_BOUND('',#4937,.F.);
#4937 = EDGE_LOOP('',(#4938,#4939,#4940,#4948));
#4938 = ORIENTED_EDGE('',*,*,#4916,.F.);
#4939 = ORIENTED_EDGE('',*,*,#3665,.F.);
#4940 = ORIENTED_EDGE('',*,*,#4941,.T.);
#4941 = EDGE_CURVE('',#3656,#4942,#4944,.T.);
#4942 = VERTEX_POINT('',#4943);
#4943 = CARTESIAN_POINT('',(-112.,44.434707,7.342432999988));
#4944 = LINE('',#4945,#4946);
#4945 = CARTESIAN_POINT('',(-114.,44.434707,7.342432999988));
#4946 = VECTOR('',#4947,1.);
#4947 = DIRECTION('',(1.,0.,0.));
#4948 = ORIENTED_EDGE('',*,*,#4949,.T.);
#4949 = EDGE_CURVE('',#4942,#4917,#4950,.T.);
#4950 = LINE('',#4951,#4952);
#4951 = CARTESIAN_POINT('',(-112.,44.434707,7.342432999988));
#4952 = VECTOR('',#4953,1.);
#4953 = DIRECTION('',(0.,0.,1.));
#4954 = PLANE('',#4955);
#4955 = AXIS2_PLACEMENT_3D('',#4956,#4957,#4958);
#4956 = CARTESIAN_POINT('',(-114.,44.434707,7.342432999988));
#4957 = DIRECTION('',(0.,-1.,0.));
#4958 = DIRECTION('',(0.,0.,1.));
#4959 = ADVANCED_FACE('',(#4960),#4972,.F.);
#4960 = FACE_BOUND('',#4961,.F.);
#4961 = EDGE_LOOP('',(#4962,#4963,#4964,#4965));
#4962 = ORIENTED_EDGE('',*,*,#4941,.F.);
#4963 = ORIENTED_EDGE('',*,*,#3679,.F.);
#4964 = ORIENTED_EDGE('',*,*,#4785,.T.);
#4965 = ORIENTED_EDGE('',*,*,#4966,.T.);
#4966 = EDGE_CURVE('',#4786,#4942,#4967,.T.);
#4967 = CIRCLE('',#4968,2.497499999988);
#4968 = AXIS2_PLACEMENT_3D('',#4969,#4970,#4971);
#4969 = CARTESIAN_POINT('',(-112.,46.932206999988,7.342432999988));
#4970 = DIRECTION('',(-1.,-0.,0.));
#4971 = DIRECTION('',(0.,-5.690031918025E-15,-1.));
#4972 = CYLINDRICAL_SURFACE('',#4973,2.497499999988);
#4973 = AXIS2_PLACEMENT_3D('',#4974,#4975,#4976);
#4974 = CARTESIAN_POINT('',(-114.,46.932206999988,7.342432999988));
#4975 = DIRECTION('',(-1.,0.,0.));
#4976 = DIRECTION('',(0.,-1.,0.));
#4977 = ADVANCED_FACE('',(#4978,#4981),#4992,.F.);
#4978 = FACE_BOUND('',#4979,.F.);
#4979 = EDGE_LOOP('',(#4980));
#4980 = ORIENTED_EDGE('',*,*,#3878,.T.);
#4981 = FACE_BOUND('',#4982,.F.);
#4982 = EDGE_LOOP('',(#4983));
#4983 = ORIENTED_EDGE('',*,*,#4984,.T.);
#4984 = EDGE_CURVE('',#4985,#4985,#4987,.T.);
#4985 = VERTEX_POINT('',#4986);
#4986 = CARTESIAN_POINT('',(-78.39,-41.89,32.));
#4987 = CIRCLE('',#4988,9.75);
#4988 = AXIS2_PLACEMENT_3D('',#4989,#4990,#4991);
#4989 = CARTESIAN_POINT('',(-88.14,-41.89,32.));
#4990 = DIRECTION('',(0.,0.,1.));
#4991 = DIRECTION('',(1.,0.,0.));
#4992 = PLANE('',#4993);
#4993 = AXIS2_PLACEMENT_3D('',#4994,#4995,#4996);
#4994 = CARTESIAN_POINT('',(0.,-91.,32.));
#4995 = DIRECTION('',(0.,2.22044604925E-16,1.));
#4996 = DIRECTION('',(-1.,0.,0.));
#4997 = ADVANCED_FACE('',(#4998),#5014,.T.);
#4998 = FACE_BOUND('',#4999,.F.);
#4999 = EDGE_LOOP('',(#5000,#5006,#5007,#5013));
#5000 = ORIENTED_EDGE('',*,*,#5001,.F.);
#5001 = EDGE_CURVE('',#4051,#4795,#5002,.T.);
#5002 = LINE('',#5003,#5004);
#5003 = CARTESIAN_POINT('',(-111.5,52.937207000012,4.344933));
#5004 = VECTOR('',#5005,1.);
#5005 = DIRECTION('',(-0.707106781187,0.,0.707106781187));
#5006 = ORIENTED_EDGE('',*,*,#4050,.T.);
#5007 = ORIENTED_EDGE('',*,*,#5008,.T.);
#5008 = EDGE_CURVE('',#4053,#4786,#5009,.T.);
#5009 = LINE('',#5010,#5011);
#5010 = CARTESIAN_POINT('',(-111.5,46.932206999988,4.344933));
#5011 = VECTOR('',#5012,1.);
#5012 = DIRECTION('',(-0.707106781187,0.,0.707106781187));
#5013 = ORIENTED_EDGE('',*,*,#4802,.F.);
#5014 = PLANE('',#5015);
#5015 = AXIS2_PLACEMENT_3D('',#5016,#5017,#5018);
#5016 = CARTESIAN_POINT('',(-111.5,52.937207000012,4.344933));
#5017 = DIRECTION('',(0.707106781187,0.,0.707106781187));
#5018 = DIRECTION('',(0.,1.,0.));
#5019 = ADVANCED_FACE('',(#5020),#5031,.F.);
#5020 = FACE_BOUND('',#5021,.F.);
#5021 = EDGE_LOOP('',(#5022,#5028,#5029,#5030));
#5022 = ORIENTED_EDGE('',*,*,#5023,.F.);
#5023 = EDGE_CURVE('',#4061,#4819,#5024,.T.);
#5024 = LINE('',#5025,#5026);
#5025 = CARTESIAN_POINT('',(-111.5,55.934707,7.342432999988));
#5026 = VECTOR('',#5027,1.);
#5027 = DIRECTION('',(-0.707106781187,-0.707106781187,-0.));
#5028 = ORIENTED_EDGE('',*,*,#4060,.T.);
#5029 = ORIENTED_EDGE('',*,*,#5001,.T.);
#5030 = ORIENTED_EDGE('',*,*,#4826,.F.);
#5031 = CONICAL_SURFACE('',#5032,2.497499999988,0.785398163397);
#5032 = AXIS2_PLACEMENT_3D('',#5033,#5034,#5035);
#5033 = CARTESIAN_POINT('',(-112.,52.937207000012,7.342432999988));
#5034 = DIRECTION('',(1.,0.,0.));
#5035 = DIRECTION('',(0.,1.,-3.556269948766E-16));
#5036 = ADVANCED_FACE('',(#5037),#5048,.T.);
#5037 = FACE_BOUND('',#5038,.F.);
#5038 = EDGE_LOOP('',(#5039,#5045,#5046,#5047));
#5039 = ORIENTED_EDGE('',*,*,#5040,.F.);
#5040 = EDGE_CURVE('',#4070,#4844,#5041,.T.);
#5041 = LINE('',#5042,#5043);
#5042 = CARTESIAN_POINT('',(-112.,55.434707,7.347433000012));
#5043 = VECTOR('',#5044,1.);
#5044 = DIRECTION('',(-0.707106781187,-0.707106781187,
    -4.329780281174E-17));
#5045 = ORIENTED_EDGE('',*,*,#4069,.T.);
#5046 = ORIENTED_EDGE('',*,*,#5023,.T.);
#5047 = ORIENTED_EDGE('',*,*,#4851,.F.);
#5048 = PLANE('',#5049);
#5049 = AXIS2_PLACEMENT_3D('',#5050,#5051,#5052);
#5050 = CARTESIAN_POINT('',(-111.5,55.934707,7.347433000012));
#5051 = DIRECTION('',(0.707106781187,-0.707106781187,0.));
#5052 = DIRECTION('',(0.,0.,1.));
#5053 = ADVANCED_FACE('',(#5054),#5065,.F.);
#5054 = FACE_BOUND('',#5055,.F.);
#5055 = EDGE_LOOP('',(#5056,#5062,#5063,#5064));
#5056 = ORIENTED_EDGE('',*,*,#5057,.F.);
#5057 = EDGE_CURVE('',#4078,#4868,#5058,.T.);
#5058 = LINE('',#5059,#5060);
#5059 = CARTESIAN_POINT('',(-111.5,52.937207000012,10.344933));
#5060 = VECTOR('',#5061,1.);
#5061 = DIRECTION('',(-0.707106781187,0.,-0.707106781187));
#5062 = ORIENTED_EDGE('',*,*,#4077,.T.);
#5063 = ORIENTED_EDGE('',*,*,#5040,.T.);
#5064 = ORIENTED_EDGE('',*,*,#4875,.F.);
#5065 = CONICAL_SURFACE('',#5066,2.497499999988,0.785398163397);
#5066 = AXIS2_PLACEMENT_3D('',#5067,#5068,#5069);
#5067 = CARTESIAN_POINT('',(-112.,52.937207000012,7.347433000012));
#5068 = DIRECTION('',(1.,0.,0.));
#5069 = DIRECTION('',(0.,0.,1.));
#5070 = ADVANCED_FACE('',(#5071),#5082,.T.);
#5071 = FACE_BOUND('',#5072,.F.);
#5072 = EDGE_LOOP('',(#5073,#5079,#5080,#5081));
#5073 = ORIENTED_EDGE('',*,*,#5074,.F.);
#5074 = EDGE_CURVE('',#4087,#4893,#5075,.T.);
#5075 = LINE('',#5076,#5077);
#5076 = CARTESIAN_POINT('',(-112.,46.932206999988,9.844933));
#5077 = VECTOR('',#5078,1.);
#5078 = DIRECTION('',(-0.707106781187,-7.417484265296E-16,
    -0.707106781187));
#5079 = ORIENTED_EDGE('',*,*,#4086,.T.);
#5080 = ORIENTED_EDGE('',*,*,#5057,.T.);
#5081 = ORIENTED_EDGE('',*,*,#4900,.F.);
#5082 = PLANE('',#5083);
#5083 = AXIS2_PLACEMENT_3D('',#5084,#5085,#5086);
#5084 = CARTESIAN_POINT('',(-111.5,46.932206999988,10.344933));
#5085 = DIRECTION('',(0.707106781187,0.,-0.707106781187));
#5086 = DIRECTION('',(0.,-1.,0.));
#5087 = ADVANCED_FACE('',(#5088),#5099,.F.);
#5088 = FACE_BOUND('',#5089,.F.);
#5089 = EDGE_LOOP('',(#5090,#5096,#5097,#5098));
#5090 = ORIENTED_EDGE('',*,*,#5091,.F.);
#5091 = EDGE_CURVE('',#4095,#4917,#5092,.T.);
#5092 = LINE('',#5093,#5094);
#5093 = CARTESIAN_POINT('',(-111.5,43.934707,7.347433000012));
#5094 = VECTOR('',#5095,1.);
#5095 = DIRECTION('',(-0.707106781187,0.707106781187,0.));
#5096 = ORIENTED_EDGE('',*,*,#4094,.T.);
#5097 = ORIENTED_EDGE('',*,*,#5074,.T.);
#5098 = ORIENTED_EDGE('',*,*,#4924,.F.);
#5099 = CONICAL_SURFACE('',#5100,2.497499999988,0.785398163397);
#5100 = AXIS2_PLACEMENT_3D('',#5101,#5102,#5103);
#5101 = CARTESIAN_POINT('',(-112.,46.932206999988,7.347433000012));
#5102 = DIRECTION('',(1.,0.,0.));
#5103 = DIRECTION('',(0.,-1.,0.));
#5104 = ADVANCED_FACE('',(#5105),#5116,.T.);
#5105 = FACE_BOUND('',#5106,.F.);
#5106 = EDGE_LOOP('',(#5107,#5113,#5114,#5115));
#5107 = ORIENTED_EDGE('',*,*,#5108,.F.);
#5108 = EDGE_CURVE('',#4104,#4942,#5109,.T.);
#5109 = LINE('',#5110,#5111);
#5110 = CARTESIAN_POINT('',(-112.,44.434707,7.342432999988));
#5111 = VECTOR('',#5112,1.);
#5112 = DIRECTION('',(-0.707106781187,0.707106781187,-3.352125368116E-15
    ));
#5113 = ORIENTED_EDGE('',*,*,#4103,.T.);
#5114 = ORIENTED_EDGE('',*,*,#5091,.T.);
#5115 = ORIENTED_EDGE('',*,*,#4949,.F.);
#5116 = PLANE('',#5117);
#5117 = AXIS2_PLACEMENT_3D('',#5118,#5119,#5120);
#5118 = CARTESIAN_POINT('',(-111.5,43.934707,7.342432999988));
#5119 = DIRECTION('',(0.707106781187,0.707106781187,0.));
#5120 = DIRECTION('',(0.,0.,-1.));
#5121 = ADVANCED_FACE('',(#5122),#5128,.F.);
#5122 = FACE_BOUND('',#5123,.F.);
#5123 = EDGE_LOOP('',(#5124,#5125,#5126,#5127));
#5124 = ORIENTED_EDGE('',*,*,#5008,.F.);
#5125 = ORIENTED_EDGE('',*,*,#4111,.T.);
#5126 = ORIENTED_EDGE('',*,*,#5108,.T.);
#5127 = ORIENTED_EDGE('',*,*,#4966,.F.);
#5128 = CONICAL_SURFACE('',#5129,2.497499999988,0.785398163397);
#5129 = AXIS2_PLACEMENT_3D('',#5130,#5131,#5132);
#5130 = CARTESIAN_POINT('',(-112.,46.932206999988,7.342432999988));
#5131 = DIRECTION('',(1.,0.,0.));
#5132 = DIRECTION('',(0.,-5.690031918025E-15,-1.));
#5133 = ADVANCED_FACE('',(#5134),#5172,.T.);
#5134 = FACE_BOUND('',#5135,.T.);
#5135 = EDGE_LOOP('',(#5136,#5137,#5138,#5139,#5148,#5157,#5166));
#5136 = ORIENTED_EDGE('',*,*,#4346,.T.);
#5137 = ORIENTED_EDGE('',*,*,#4355,.T.);
#5138 = ORIENTED_EDGE('',*,*,#4279,.T.);
#5139 = ORIENTED_EDGE('',*,*,#5140,.T.);
#5140 = EDGE_CURVE('',#4280,#5141,#5143,.T.);
#5141 = VERTEX_POINT('',#5142);
#5142 = CARTESIAN_POINT('',(-98.05431500428,-31.73410866323,22.446));
#5143 = CIRCLE('',#5144,2.5);
#5144 = AXIS2_PLACEMENT_3D('',#5145,#5146,#5147);
#5145 = CARTESIAN_POINT('',(-95.565,-31.965,22.446));
#5146 = DIRECTION('',(0.,0.,1.));
#5147 = DIRECTION('',(1.,0.,0.));
#5148 = ORIENTED_EDGE('',*,*,#5149,.T.);
#5149 = EDGE_CURVE('',#5141,#5150,#5152,.T.);
#5150 = VERTEX_POINT('',#5151);
#5151 = CARTESIAN_POINT('',(-93.065,-31.965,22.446));
#5152 = CIRCLE('',#5153,2.5);
#5153 = AXIS2_PLACEMENT_3D('',#5154,#5155,#5156);
#5154 = CARTESIAN_POINT('',(-95.565,-31.965,22.446));
#5155 = DIRECTION('',(0.,0.,1.));
#5156 = DIRECTION('',(1.,0.,0.));
#5157 = ORIENTED_EDGE('',*,*,#5158,.T.);
#5158 = EDGE_CURVE('',#5150,#5159,#5161,.T.);
#5159 = VERTEX_POINT('',#5160);
#5160 = CARTESIAN_POINT('',(-93.62351216846,-30.39,22.446));
#5161 = CIRCLE('',#5162,2.5);
#5162 = AXIS2_PLACEMENT_3D('',#5163,#5164,#5165);
#5163 = CARTESIAN_POINT('',(-95.565,-31.965,22.446));
#5164 = DIRECTION('',(0.,0.,1.));
#5165 = DIRECTION('',(1.,0.,0.));
#5166 = ORIENTED_EDGE('',*,*,#5167,.F.);
#5167 = EDGE_CURVE('',#4339,#5159,#5168,.T.);
#5168 = LINE('',#5169,#5170);
#5169 = CARTESIAN_POINT('',(-93.62351216846,-30.39,25.196));
#5170 = VECTOR('',#5171,1.);
#5171 = DIRECTION('',(0.,0.,-1.));
#5172 = CYLINDRICAL_SURFACE('',#5173,2.5);
#5173 = AXIS2_PLACEMENT_3D('',#5174,#5175,#5176);
#5174 = CARTESIAN_POINT('',(-95.565,-31.965,22.446));
#5175 = DIRECTION('',(-0.,-0.,-1.));
#5176 = DIRECTION('',(1.,0.,0.));
#5177 = ADVANCED_FACE('',(#5178),#5189,.T.);
#5178 = FACE_BOUND('',#5179,.T.);
#5179 = EDGE_LOOP('',(#5180,#5181,#5182,#5188));
#5180 = ORIENTED_EDGE('',*,*,#4287,.T.);
#5181 = ORIENTED_EDGE('',*,*,#4719,.F.);
#5182 = ORIENTED_EDGE('',*,*,#5183,.F.);
#5183 = EDGE_CURVE('',#5141,#4712,#5184,.T.);
#5184 = LINE('',#5185,#5186);
#5185 = CARTESIAN_POINT('',(-98.05431500428,-31.73410866323,22.446));
#5186 = VECTOR('',#5187,1.);
#5187 = DIRECTION('',(0.,0.,-1.));
#5188 = ORIENTED_EDGE('',*,*,#5140,.F.);
#5189 = CYLINDRICAL_SURFACE('',#5190,2.499995668461);
#5190 = AXIS2_PLACEMENT_3D('',#5191,#5192,#5193);
#5191 = CARTESIAN_POINT('',(-95.56500368589,-31.96499283866,22.446));
#5192 = DIRECTION('',(0.,0.,1.));
#5193 = DIRECTION('',(1.,0.,0.));
#5194 = ADVANCED_FACE('',(#5195),#5242,.T.);
#5195 = FACE_BOUND('',#5196,.T.);
#5196 = EDGE_LOOP('',(#5197,#5198,#5199,#5207,#5216,#5225,#5234,#5241));
#5197 = ORIENTED_EDGE('',*,*,#4320,.T.);
#5198 = ORIENTED_EDGE('',*,*,#4329,.T.);
#5199 = ORIENTED_EDGE('',*,*,#5200,.T.);
#5200 = EDGE_CURVE('',#4330,#5201,#5203,.T.);
#5201 = VERTEX_POINT('',#5202);
#5202 = CARTESIAN_POINT('',(-82.97182139642,-30.39,22.446));
#5203 = LINE('',#5204,#5205);
#5204 = CARTESIAN_POINT('',(-82.97182139642,-30.39,25.196));
#5205 = VECTOR('',#5206,1.);
#5206 = DIRECTION('',(0.,0.,-1.));
#5207 = ORIENTED_EDGE('',*,*,#5208,.T.);
#5208 = EDGE_CURVE('',#5201,#5209,#5211,.T.);
#5209 = VERTEX_POINT('',#5210);
#5210 = CARTESIAN_POINT('',(-83.37143432323,-30.94680487798,22.446));
#5211 = CIRCLE('',#5212,2.25);
#5212 = AXIS2_PLACEMENT_3D('',#5213,#5214,#5215);
#5213 = CARTESIAN_POINT('',(-81.365,-31.965,22.446));
#5214 = DIRECTION('',(0.,0.,1.));
#5215 = DIRECTION('',(1.,0.,0.));
#5216 = ORIENTED_EDGE('',*,*,#5217,.T.);
#5217 = EDGE_CURVE('',#5209,#5218,#5220,.T.);
#5218 = VERTEX_POINT('',#5219);
#5219 = CARTESIAN_POINT('',(-79.115,-31.965,22.446));
#5220 = CIRCLE('',#5221,2.25);
#5221 = AXIS2_PLACEMENT_3D('',#5222,#5223,#5224);
#5222 = CARTESIAN_POINT('',(-81.365,-31.965,22.446));
#5223 = DIRECTION('',(0.,0.,1.));
#5224 = DIRECTION('',(1.,0.,0.));
#5225 = ORIENTED_EDGE('',*,*,#5226,.T.);
#5226 = EDGE_CURVE('',#5218,#5227,#5229,.T.);
#5227 = VERTEX_POINT('',#5228);
#5228 = CARTESIAN_POINT('',(-80.11044283634,-30.09722423105,22.446));
#5229 = CIRCLE('',#5230,2.25);
#5230 = AXIS2_PLACEMENT_3D('',#5231,#5232,#5233);
#5231 = CARTESIAN_POINT('',(-81.365,-31.965,22.446));
#5232 = DIRECTION('',(0.,0.,1.));
#5233 = DIRECTION('',(1.,0.,0.));
#5234 = ORIENTED_EDGE('',*,*,#5235,.T.);
#5235 = EDGE_CURVE('',#5227,#4602,#5236,.T.);
#5236 = CIRCLE('',#5237,2.25);
#5237 = AXIS2_PLACEMENT_3D('',#5238,#5239,#5240);
#5238 = CARTESIAN_POINT('',(-81.365,-31.965,22.446));
#5239 = DIRECTION('',(0.,0.,1.));
#5240 = DIRECTION('',(1.,0.,0.));
#5241 = ORIENTED_EDGE('',*,*,#4601,.F.);
#5242 = CYLINDRICAL_SURFACE('',#5243,2.25);
#5243 = AXIS2_PLACEMENT_3D('',#5244,#5245,#5246);
#5244 = CARTESIAN_POINT('',(-81.365,-31.965,22.446));
#5245 = DIRECTION('',(-0.,-0.,-1.));
#5246 = DIRECTION('',(1.,0.,0.));
#5247 = ADVANCED_FACE('',(#5248),#5266,.T.);
#5248 = FACE_BOUND('',#5249,.T.);
#5249 = EDGE_LOOP('',(#5250,#5251,#5252,#5258,#5259,#5265));
#5250 = ORIENTED_EDGE('',*,*,#4338,.F.);
#5251 = ORIENTED_EDGE('',*,*,#5167,.T.);
#5252 = ORIENTED_EDGE('',*,*,#5253,.T.);
#5253 = EDGE_CURVE('',#5159,#4678,#5254,.T.);
#5254 = LINE('',#5255,#5256);
#5255 = CARTESIAN_POINT('',(-93.62351216846,-30.39,25.196));
#5256 = VECTOR('',#5257,1.);
#5257 = DIRECTION('',(0.,0.,-1.));
#5258 = ORIENTED_EDGE('',*,*,#4677,.F.);
#5259 = ORIENTED_EDGE('',*,*,#5260,.F.);
#5260 = EDGE_CURVE('',#5201,#4669,#5261,.T.);
#5261 = LINE('',#5262,#5263);
#5262 = CARTESIAN_POINT('',(-82.97182139642,-30.39,25.196));
#5263 = VECTOR('',#5264,1.);
#5264 = DIRECTION('',(0.,0.,-1.));
#5265 = ORIENTED_EDGE('',*,*,#5200,.F.);
#5266 = PLANE('',#5267);
#5267 = AXIS2_PLACEMENT_3D('',#5268,#5269,#5270);
#5268 = CARTESIAN_POINT('',(-93.62351216846,-30.39,25.196));
#5269 = DIRECTION('',(0.,-1.,0.));
#5270 = DIRECTION('',(1.,0.,0.));
#5271 = ADVANCED_FACE('',(#5272),#5310,.T.);
#5272 = FACE_BOUND('',#5273,.T.);
#5273 = EDGE_LOOP('',(#5274,#5275,#5276,#5284,#5293,#5302,#5309));
#5274 = ORIENTED_EDGE('',*,*,#4372,.T.);
#5275 = ORIENTED_EDGE('',*,*,#4381,.T.);
#5276 = ORIENTED_EDGE('',*,*,#5277,.T.);
#5277 = EDGE_CURVE('',#4382,#5278,#5280,.T.);
#5278 = VERTEX_POINT('',#5279);
#5279 = CARTESIAN_POINT('',(-93.62351216846,-53.39,22.446));
#5280 = LINE('',#5281,#5282);
#5281 = CARTESIAN_POINT('',(-93.62351216846,-53.39,25.196));
#5282 = VECTOR('',#5283,1.);
#5283 = DIRECTION('',(0.,0.,-1.));
#5284 = ORIENTED_EDGE('',*,*,#5285,.T.);
#5285 = EDGE_CURVE('',#5278,#5286,#5288,.T.);
#5286 = VERTEX_POINT('',#5287);
#5287 = CARTESIAN_POINT('',(-93.065,-51.815,22.446));
#5288 = CIRCLE('',#5289,2.5);
#5289 = AXIS2_PLACEMENT_3D('',#5290,#5291,#5292);
#5290 = CARTESIAN_POINT('',(-95.565,-51.815,22.446));
#5291 = DIRECTION('',(0.,0.,1.));
#5292 = DIRECTION('',(1.,0.,0.));
#5293 = ORIENTED_EDGE('',*,*,#5294,.T.);
#5294 = EDGE_CURVE('',#5286,#5295,#5297,.T.);
#5295 = VERTEX_POINT('',#5296);
#5296 = CARTESIAN_POINT('',(-98.06495451566,-51.799919564,22.446));
#5297 = CIRCLE('',#5298,2.5);
#5298 = AXIS2_PLACEMENT_3D('',#5299,#5300,#5301);
#5299 = CARTESIAN_POINT('',(-95.565,-51.815,22.446));
#5300 = DIRECTION('',(0.,0.,1.));
#5301 = DIRECTION('',(1.,0.,0.));
#5302 = ORIENTED_EDGE('',*,*,#5303,.T.);
#5303 = EDGE_CURVE('',#5295,#4443,#5304,.T.);
#5304 = CIRCLE('',#5305,2.5);
#5305 = AXIS2_PLACEMENT_3D('',#5306,#5307,#5308);
#5306 = CARTESIAN_POINT('',(-95.565,-51.815,22.446));
#5307 = DIRECTION('',(0.,0.,1.));
#5308 = DIRECTION('',(1.,0.,0.));
#5309 = ORIENTED_EDGE('',*,*,#4442,.F.);
#5310 = CYLINDRICAL_SURFACE('',#5311,2.5);
#5311 = AXIS2_PLACEMENT_3D('',#5312,#5313,#5314);
#5312 = CARTESIAN_POINT('',(-95.565,-51.815,22.446));
#5313 = DIRECTION('',(-0.,-0.,-1.));
#5314 = DIRECTION('',(1.,0.,0.));
#5315 = ADVANCED_FACE('',(#5316),#5333,.F.);
#5316 = FACE_BOUND('',#5317,.F.);
#5317 = EDGE_LOOP('',(#5318,#5319,#5320,#5326,#5327));
#5318 = ORIENTED_EDGE('',*,*,#4390,.F.);
#5319 = ORIENTED_EDGE('',*,*,#5277,.T.);
#5320 = ORIENTED_EDGE('',*,*,#5321,.T.);
#5321 = EDGE_CURVE('',#5278,#4535,#5322,.T.);
#5322 = LINE('',#5323,#5324);
#5323 = CARTESIAN_POINT('',(-93.62351216846,-53.39,25.196));
#5324 = VECTOR('',#5325,1.);
#5325 = DIRECTION('',(0.,0.,-1.));
#5326 = ORIENTED_EDGE('',*,*,#4543,.F.);
#5327 = ORIENTED_EDGE('',*,*,#5328,.F.);
#5328 = EDGE_CURVE('',#4391,#4544,#5329,.T.);
#5329 = LINE('',#5330,#5331);
#5330 = CARTESIAN_POINT('',(-82.97182139642,-53.39,25.196));
#5331 = VECTOR('',#5332,1.);
#5332 = DIRECTION('',(0.,0.,-1.));
#5333 = PLANE('',#5334);
#5334 = AXIS2_PLACEMENT_3D('',#5335,#5336,#5337);
#5335 = CARTESIAN_POINT('',(-93.62351216846,-53.39,25.196));
#5336 = DIRECTION('',(0.,-1.,0.));
#5337 = DIRECTION('',(1.,0.,0.));
#5338 = ADVANCED_FACE('',(#5339),#5379,.T.);
#5339 = FACE_BOUND('',#5340,.T.);
#5340 = EDGE_LOOP('',(#5341,#5352,#5358,#5359,#5360,#5361,#5362,#5363,
    #5364,#5372));
#5341 = ORIENTED_EDGE('',*,*,#5342,.T.);
#5342 = EDGE_CURVE('',#5343,#5345,#5347,.T.);
#5343 = VERTEX_POINT('',#5344);
#5344 = CARTESIAN_POINT('',(-79.115,-51.815,22.446));
#5345 = VERTEX_POINT('',#5346);
#5346 = CARTESIAN_POINT('',(-83.44963025309,-52.66165028664,22.446));
#5347 = CIRCLE('',#5348,2.25);
#5348 = AXIS2_PLACEMENT_3D('',#5349,#5350,#5351);
#5349 = CARTESIAN_POINT('',(-81.365,-51.815,22.446));
#5350 = DIRECTION('',(0.,0.,1.));
#5351 = DIRECTION('',(1.,0.,0.));
#5352 = ORIENTED_EDGE('',*,*,#5353,.T.);
#5353 = EDGE_CURVE('',#5345,#4552,#5354,.T.);
#5354 = LINE('',#5355,#5356);
#5355 = CARTESIAN_POINT('',(-83.44963025309,-52.66165028664,22.446));
#5356 = VECTOR('',#5357,1.);
#5357 = DIRECTION('',(0.,0.,-1.));
#5358 = ORIENTED_EDGE('',*,*,#4551,.F.);
#5359 = ORIENTED_EDGE('',*,*,#5328,.F.);
#5360 = ORIENTED_EDGE('',*,*,#4398,.T.);
#5361 = ORIENTED_EDGE('',*,*,#4407,.T.);
#5362 = ORIENTED_EDGE('',*,*,#4584,.T.);
#5363 = ORIENTED_EDGE('',*,*,#4483,.F.);
#5364 = ORIENTED_EDGE('',*,*,#5365,.F.);
#5365 = EDGE_CURVE('',#5366,#4476,#5368,.T.);
#5366 = VERTEX_POINT('',#5367);
#5367 = CARTESIAN_POINT('',(-79.46531560497,-53.02069448837,22.446));
#5368 = LINE('',#5369,#5370);
#5369 = CARTESIAN_POINT('',(-79.46531560497,-53.02069448837,22.446));
#5370 = VECTOR('',#5371,1.);
#5371 = DIRECTION('',(0.,0.,-1.));
#5372 = ORIENTED_EDGE('',*,*,#5373,.T.);
#5373 = EDGE_CURVE('',#5366,#5343,#5374,.T.);
#5374 = CIRCLE('',#5375,2.25);
#5375 = AXIS2_PLACEMENT_3D('',#5376,#5377,#5378);
#5376 = CARTESIAN_POINT('',(-81.365,-51.815,22.446));
#5377 = DIRECTION('',(0.,0.,1.));
#5378 = DIRECTION('',(1.,0.,0.));
#5379 = CYLINDRICAL_SURFACE('',#5380,2.25);
#5380 = AXIS2_PLACEMENT_3D('',#5381,#5382,#5383);
#5381 = CARTESIAN_POINT('',(-81.365,-51.815,22.446));
#5382 = DIRECTION('',(-0.,-0.,-1.));
#5383 = DIRECTION('',(1.,0.,0.));
#5384 = ADVANCED_FACE('',(#5385),#5396,.F.);
#5385 = FACE_BOUND('',#5386,.F.);
#5386 = EDGE_LOOP('',(#5387,#5388,#5394,#5395));
#5387 = ORIENTED_EDGE('',*,*,#4984,.F.);
#5388 = ORIENTED_EDGE('',*,*,#5389,.T.);
#5389 = EDGE_CURVE('',#4985,#4425,#5390,.T.);
#5390 = LINE('',#5391,#5392);
#5391 = CARTESIAN_POINT('',(-78.39,-41.89,32.896));
#5392 = VECTOR('',#5393,1.);
#5393 = DIRECTION('',(-0.,-0.,-1.));
#5394 = ORIENTED_EDGE('',*,*,#4424,.T.);
#5395 = ORIENTED_EDGE('',*,*,#5389,.F.);
#5396 = CYLINDRICAL_SURFACE('',#5397,9.75);
#5397 = AXIS2_PLACEMENT_3D('',#5398,#5399,#5400);
#5398 = CARTESIAN_POINT('',(-88.14,-41.89,32.896));
#5399 = DIRECTION('',(0.,0.,1.));
#5400 = DIRECTION('',(1.,0.,0.));
#5401 = ADVANCED_FACE('',(#5402),#5413,.T.);
#5402 = FACE_BOUND('',#5403,.T.);
#5403 = EDGE_LOOP('',(#5404,#5410,#5411,#5412));
#5404 = ORIENTED_EDGE('',*,*,#5405,.T.);
#5405 = EDGE_CURVE('',#5295,#4501,#5406,.T.);
#5406 = LINE('',#5407,#5408);
#5407 = CARTESIAN_POINT('',(-98.06495451566,-51.799919564,22.446));
#5408 = VECTOR('',#5409,1.);
#5409 = DIRECTION('',(0.,0.,-1.));
#5410 = ORIENTED_EDGE('',*,*,#4500,.F.);
#5411 = ORIENTED_EDGE('',*,*,#4450,.F.);
#5412 = ORIENTED_EDGE('',*,*,#5303,.F.);
#5413 = CYLINDRICAL_SURFACE('',#5414,2.499994811119);
#5414 = AXIS2_PLACEMENT_3D('',#5415,#5416,#5417);
#5415 = CARTESIAN_POINT('',(-95.56500523374,-51.81500742136,22.446));
#5416 = DIRECTION('',(0.,0.,1.));
#5417 = DIRECTION('',(1.,0.,0.));
#5418 = ADVANCED_FACE('',(#5419),#5437,.F.);
#5419 = FACE_BOUND('',#5420,.F.);
#5420 = EDGE_LOOP('',(#5421,#5429,#5430,#5431));
#5421 = ORIENTED_EDGE('',*,*,#5422,.T.);
#5422 = EDGE_CURVE('',#5423,#4474,#5425,.T.);
#5423 = VERTEX_POINT('',#5424);
#5424 = CARTESIAN_POINT('',(-80.44633044972,-52.69912174354,22.446));
#5425 = LINE('',#5426,#5427);
#5426 = CARTESIAN_POINT('',(-80.44633044972,-52.69912174354,22.446));
#5427 = VECTOR('',#5428,1.);
#5428 = DIRECTION('',(0.,0.,-1.));
#5429 = ORIENTED_EDGE('',*,*,#4473,.T.);
#5430 = ORIENTED_EDGE('',*,*,#5365,.F.);
#5431 = ORIENTED_EDGE('',*,*,#5432,.F.);
#5432 = EDGE_CURVE('',#5423,#5366,#5433,.T.);
#5433 = LINE('',#5434,#5435);
#5434 = CARTESIAN_POINT('',(-80.44633044972,-52.69912174354,22.446));
#5435 = VECTOR('',#5436,1.);
#5436 = DIRECTION('',(0.950250032715,-0.311488162417,0.));
#5437 = PLANE('',#5438);
#5438 = AXIS2_PLACEMENT_3D('',#5439,#5440,#5441);
#5439 = CARTESIAN_POINT('',(-80.44633044972,-52.69912174354,22.446));
#5440 = DIRECTION('',(-0.311488162417,-0.950250032715,-0.));
#5441 = DIRECTION('',(0.950250032715,-0.311488162417,0.));
#5442 = ADVANCED_FACE('',(#5443),#5461,.F.);
#5443 = FACE_BOUND('',#5444,.F.);
#5444 = EDGE_LOOP('',(#5445,#5446,#5447,#5455));
#5445 = ORIENTED_EDGE('',*,*,#5405,.T.);
#5446 = ORIENTED_EDGE('',*,*,#4509,.T.);
#5447 = ORIENTED_EDGE('',*,*,#5448,.F.);
#5448 = EDGE_CURVE('',#5449,#4510,#5451,.T.);
#5449 = VERTEX_POINT('',#5450);
#5450 = CARTESIAN_POINT('',(-96.83940031185,-51.85410044866,22.446));
#5451 = LINE('',#5452,#5453);
#5452 = CARTESIAN_POINT('',(-96.83940031185,-51.85410044866,22.446));
#5453 = VECTOR('',#5454,1.);
#5454 = DIRECTION('',(0.,0.,-1.));
#5455 = ORIENTED_EDGE('',*,*,#5456,.F.);
#5456 = EDGE_CURVE('',#5295,#5449,#5457,.T.);
#5457 = LINE('',#5458,#5459);
#5458 = CARTESIAN_POINT('',(-98.06495451566,-51.799919564,22.446));
#5459 = VECTOR('',#5460,1.);
#5460 = DIRECTION('',(0.999024199355,-4.416615335694E-02,0.));
#5461 = PLANE('',#5462);
#5462 = AXIS2_PLACEMENT_3D('',#5463,#5464,#5465);
#5463 = CARTESIAN_POINT('',(-98.06495451566,-51.799919564,22.446));
#5464 = DIRECTION('',(-4.416615335694E-02,-0.999024199355,-0.));
#5465 = DIRECTION('',(0.999024199355,-4.416615335694E-02,0.));
#5466 = ADVANCED_FACE('',(#5467),#5520,.F.);
#5467 = FACE_BOUND('',#5468,.F.);
#5468 = EDGE_LOOP('',(#5469,#5477,#5486,#5494,#5503,#5511,#5518,#5519));
#5469 = ORIENTED_EDGE('',*,*,#5470,.F.);
#5470 = EDGE_CURVE('',#5471,#4518,#5473,.T.);
#5471 = VERTEX_POINT('',#5472);
#5472 = CARTESIAN_POINT('',(-95.27377571055,-53.05629505484,22.446));
#5473 = LINE('',#5474,#5475);
#5474 = CARTESIAN_POINT('',(-95.27377571055,-53.05629505484,22.446));
#5475 = VECTOR('',#5476,1.);
#5476 = DIRECTION('',(0.,0.,-1.));
#5477 = ORIENTED_EDGE('',*,*,#5478,.T.);
#5478 = EDGE_CURVE('',#5471,#5479,#5481,.T.);
#5479 = VERTEX_POINT('',#5480);
#5480 = CARTESIAN_POINT('',(-95.63862377488,-53.08787448093,22.446));
#5481 = CIRCLE('',#5482,1.27499372116);
#5482 = AXIS2_PLACEMENT_3D('',#5483,#5484,#5485);
#5483 = CARTESIAN_POINT('',(-95.56500604043,-51.81500786649,22.446));
#5484 = DIRECTION('',(0.,0.,-1.));
#5485 = DIRECTION('',(1.,0.,0.));
#5486 = ORIENTED_EDGE('',*,*,#5487,.F.);
#5487 = EDGE_CURVE('',#5488,#5479,#5490,.T.);
#5488 = VERTEX_POINT('',#5489);
#5489 = CARTESIAN_POINT('',(-95.63862377493,-53.08787448093,22.36));
#5490 = LINE('',#5491,#5492);
#5491 = CARTESIAN_POINT('',(-95.63862377491,-53.08787448093,22.446));
#5492 = VECTOR('',#5493,1.);
#5493 = DIRECTION('',(0.,0.,1.));
#5494 = ORIENTED_EDGE('',*,*,#5495,.F.);
#5495 = EDGE_CURVE('',#5496,#5488,#5498,.T.);
#5496 = VERTEX_POINT('',#5497);
#5497 = CARTESIAN_POINT('',(-96.72332450351,-52.34783741434,22.36));
#5498 = CIRCLE('',#5499,1.27499372116);
#5499 = AXIS2_PLACEMENT_3D('',#5500,#5501,#5502);
#5500 = CARTESIAN_POINT('',(-95.56500604043,-51.81500786649,22.36));
#5501 = DIRECTION('',(0.,0.,1.));
#5502 = DIRECTION('',(1.,0.,-0.));
#5503 = ORIENTED_EDGE('',*,*,#5504,.T.);
#5504 = EDGE_CURVE('',#5496,#5505,#5507,.T.);
#5505 = VERTEX_POINT('',#5506);
#5506 = CARTESIAN_POINT('',(-96.72332450353,-52.3478374143,22.446));
#5507 = LINE('',#5508,#5509);
#5508 = CARTESIAN_POINT('',(-96.72332450352,-52.34783741433,22.446));
#5509 = VECTOR('',#5510,1.);
#5510 = DIRECTION('',(0.,0.,1.));
#5511 = ORIENTED_EDGE('',*,*,#5512,.T.);
#5512 = EDGE_CURVE('',#5505,#5449,#5513,.T.);
#5513 = CIRCLE('',#5514,1.27499372116);
#5514 = AXIS2_PLACEMENT_3D('',#5515,#5516,#5517);
#5515 = CARTESIAN_POINT('',(-95.56500604043,-51.81500786649,22.446));
#5516 = DIRECTION('',(0.,0.,-1.));
#5517 = DIRECTION('',(1.,0.,0.));
#5518 = ORIENTED_EDGE('',*,*,#5448,.T.);
#5519 = ORIENTED_EDGE('',*,*,#4517,.F.);
#5520 = CYLINDRICAL_SURFACE('',#5521,1.27499372116);
#5521 = AXIS2_PLACEMENT_3D('',#5522,#5523,#5524);
#5522 = CARTESIAN_POINT('',(-95.56500604043,-51.81500786649,22.446));
#5523 = DIRECTION('',(0.,0.,1.));
#5524 = DIRECTION('',(1.,0.,0.));
#5525 = ADVANCED_FACE('',(#5526),#5544,.F.);
#5526 = FACE_BOUND('',#5527,.F.);
#5527 = EDGE_LOOP('',(#5528,#5529,#5530,#5538));
#5528 = ORIENTED_EDGE('',*,*,#5470,.T.);
#5529 = ORIENTED_EDGE('',*,*,#4526,.T.);
#5530 = ORIENTED_EDGE('',*,*,#5531,.F.);
#5531 = EDGE_CURVE('',#5532,#4527,#5534,.T.);
#5532 = VERTEX_POINT('',#5533);
#5533 = CARTESIAN_POINT('',(-94.71156385779,-54.16481845067,22.446));
#5534 = LINE('',#5535,#5536);
#5535 = CARTESIAN_POINT('',(-94.71156385779,-54.16481845067,22.446));
#5536 = VECTOR('',#5537,1.);
#5537 = DIRECTION('',(0.,0.,-1.));
#5538 = ORIENTED_EDGE('',*,*,#5539,.F.);
#5539 = EDGE_CURVE('',#5471,#5532,#5540,.T.);
#5540 = LINE('',#5541,#5542);
#5541 = CARTESIAN_POINT('',(-95.27377571055,-53.05629505484,22.446));
#5542 = VECTOR('',#5543,1.);
#5543 = DIRECTION('',(0.452323266154,-0.891854059191,0.));
#5544 = PLANE('',#5545);
#5545 = AXIS2_PLACEMENT_3D('',#5546,#5547,#5548);
#5546 = CARTESIAN_POINT('',(-95.27377571055,-53.05629505484,22.446));
#5547 = DIRECTION('',(-0.891854059191,-0.452323266154,-0.));
#5548 = DIRECTION('',(0.452323266154,-0.891854059191,0.));
#5549 = ADVANCED_FACE('',(#5550),#5562,.F.);
#5550 = FACE_BOUND('',#5551,.F.);
#5551 = EDGE_LOOP('',(#5552,#5553,#5554,#5555));
#5552 = ORIENTED_EDGE('',*,*,#5531,.T.);
#5553 = ORIENTED_EDGE('',*,*,#4534,.T.);
#5554 = ORIENTED_EDGE('',*,*,#5321,.F.);
#5555 = ORIENTED_EDGE('',*,*,#5556,.F.);
#5556 = EDGE_CURVE('',#5532,#5278,#5557,.T.);
#5557 = CIRCLE('',#5558,2.5);
#5558 = AXIS2_PLACEMENT_3D('',#5559,#5560,#5561);
#5559 = CARTESIAN_POINT('',(-95.565,-51.815,22.446));
#5560 = DIRECTION('',(0.,0.,1.));
#5561 = DIRECTION('',(1.,0.,0.));
#5562 = CYLINDRICAL_SURFACE('',#5563,2.5);
#5563 = AXIS2_PLACEMENT_3D('',#5564,#5565,#5566);
#5564 = CARTESIAN_POINT('',(-95.565,-51.815,25.196));
#5565 = DIRECTION('',(0.,0.,1.));
#5566 = DIRECTION('',(1.,0.,0.));
#5567 = ADVANCED_FACE('',(#5568),#5586,.F.);
#5568 = FACE_BOUND('',#5569,.F.);
#5569 = EDGE_LOOP('',(#5570,#5571,#5572,#5580));
#5570 = ORIENTED_EDGE('',*,*,#5353,.T.);
#5571 = ORIENTED_EDGE('',*,*,#4560,.T.);
#5572 = ORIENTED_EDGE('',*,*,#5573,.F.);
#5573 = EDGE_CURVE('',#5574,#4561,#5576,.T.);
#5574 = VERTEX_POINT('',#5575);
#5575 = CARTESIAN_POINT('',(-82.50119838241,-52.39351381642,22.446));
#5576 = LINE('',#5577,#5578);
#5577 = CARTESIAN_POINT('',(-82.50119838241,-52.39351381642,22.446));
#5578 = VECTOR('',#5579,1.);
#5579 = DIRECTION('',(0.,0.,-1.));
#5580 = ORIENTED_EDGE('',*,*,#5581,.F.);
#5581 = EDGE_CURVE('',#5345,#5574,#5582,.T.);
#5582 = LINE('',#5583,#5584);
#5583 = CARTESIAN_POINT('',(-83.44963025309,-52.66165028664,22.446));
#5584 = VECTOR('',#5585,1.);
#5585 = DIRECTION('',(0.962282480071,0.272052253341,0.));
#5586 = PLANE('',#5587);
#5587 = AXIS2_PLACEMENT_3D('',#5588,#5589,#5590);
#5588 = CARTESIAN_POINT('',(-83.44963025309,-52.66165028664,22.446));
#5589 = DIRECTION('',(0.272052253341,-0.962282480071,0.));
#5590 = DIRECTION('',(0.962282480071,0.272052253341,0.));
#5591 = ADVANCED_FACE('',(#5592),#5638,.F.);
#5592 = FACE_BOUND('',#5593,.F.);
#5593 = EDGE_LOOP('',(#5594,#5595,#5604,#5612,#5621,#5629,#5636,#5637));
#5594 = ORIENTED_EDGE('',*,*,#5422,.F.);
#5595 = ORIENTED_EDGE('',*,*,#5596,.T.);
#5596 = EDGE_CURVE('',#5423,#5597,#5599,.T.);
#5597 = VERTEX_POINT('',#5598);
#5598 = CARTESIAN_POINT('',(-81.60345181336,-53.0675037855,22.446));
#5599 = CIRCLE('',#5600,1.275);
#5600 = AXIS2_PLACEMENT_3D('',#5601,#5602,#5603);
#5601 = CARTESIAN_POINT('',(-81.365,-51.815,22.446));
#5602 = DIRECTION('',(0.,0.,-1.));
#5603 = DIRECTION('',(1.,0.,0.));
#5604 = ORIENTED_EDGE('',*,*,#5605,.F.);
#5605 = EDGE_CURVE('',#5606,#5597,#5608,.T.);
#5606 = VERTEX_POINT('',#5607);
#5607 = CARTESIAN_POINT('',(-81.60345181336,-53.0675037855,22.35));
#5608 = LINE('',#5609,#5610);
#5609 = CARTESIAN_POINT('',(-81.60345181336,-53.0675037855,22.446));
#5610 = VECTOR('',#5611,1.);
#5611 = DIRECTION('',(0.,0.,1.));
#5612 = ORIENTED_EDGE('',*,*,#5613,.F.);
#5613 = EDGE_CURVE('',#5614,#5606,#5616,.T.);
#5614 = VERTEX_POINT('',#5615);
#5615 = CARTESIAN_POINT('',(-82.18358942923,-52.79251539442,22.35));
#5616 = CIRCLE('',#5617,1.275);
#5617 = AXIS2_PLACEMENT_3D('',#5618,#5619,#5620);
#5618 = CARTESIAN_POINT('',(-81.365,-51.815,22.35));
#5619 = DIRECTION('',(0.,0.,1.));
#5620 = DIRECTION('',(1.,0.,-0.));
#5621 = ORIENTED_EDGE('',*,*,#5622,.T.);
#5622 = EDGE_CURVE('',#5614,#5623,#5625,.T.);
#5623 = VERTEX_POINT('',#5624);
#5624 = CARTESIAN_POINT('',(-82.18358942923,-52.79251539442,22.446));
#5625 = LINE('',#5626,#5627);
#5626 = CARTESIAN_POINT('',(-82.18358942923,-52.79251539442,22.446));
#5627 = VECTOR('',#5628,1.);
#5628 = DIRECTION('',(0.,0.,1.));
#5629 = ORIENTED_EDGE('',*,*,#5630,.T.);
#5630 = EDGE_CURVE('',#5623,#5574,#5631,.T.);
#5631 = CIRCLE('',#5632,1.275);
#5632 = AXIS2_PLACEMENT_3D('',#5633,#5634,#5635);
#5633 = CARTESIAN_POINT('',(-81.365,-51.815,22.446));
#5634 = DIRECTION('',(0.,0.,-1.));
#5635 = DIRECTION('',(1.,0.,0.));
#5636 = ORIENTED_EDGE('',*,*,#5573,.T.);
#5637 = ORIENTED_EDGE('',*,*,#4568,.F.);
#5638 = CYLINDRICAL_SURFACE('',#5639,1.275);
#5639 = AXIS2_PLACEMENT_3D('',#5640,#5641,#5642);
#5640 = CARTESIAN_POINT('',(-81.365,-51.815,22.446));
#5641 = DIRECTION('',(0.,0.,1.));
#5642 = DIRECTION('',(1.,0.,0.));
#5643 = ADVANCED_FACE('',(#5644),#5655,.T.);
#5644 = FACE_BOUND('',#5645,.T.);
#5645 = EDGE_LOOP('',(#5646,#5652,#5653,#5654));
#5646 = ORIENTED_EDGE('',*,*,#5647,.T.);
#5647 = EDGE_CURVE('',#5227,#4635,#5648,.T.);
#5648 = LINE('',#5649,#5650);
#5649 = CARTESIAN_POINT('',(-80.11044283634,-30.09722423105,22.446));
#5650 = VECTOR('',#5651,1.);
#5651 = DIRECTION('',(0.,0.,-1.));
#5652 = ORIENTED_EDGE('',*,*,#4634,.F.);
#5653 = ORIENTED_EDGE('',*,*,#4609,.F.);
#5654 = ORIENTED_EDGE('',*,*,#5235,.F.);
#5655 = CYLINDRICAL_SURFACE('',#5656,2.249993476631);
#5656 = AXIS2_PLACEMENT_3D('',#5657,#5658,#5659);
#5657 = CARTESIAN_POINT('',(-81.36500248157,-31.96499047484,22.446));
#5658 = DIRECTION('',(0.,0.,1.));
#5659 = DIRECTION('',(1.,0.,0.));
#5660 = ADVANCED_FACE('',(#5661),#5679,.T.);
#5661 = FACE_BOUND('',#5662,.T.);
#5662 = EDGE_LOOP('',(#5663,#5671,#5672,#5673));
#5663 = ORIENTED_EDGE('',*,*,#5664,.T.);
#5664 = EDGE_CURVE('',#5665,#4644,#5667,.T.);
#5665 = VERTEX_POINT('',#5666);
#5666 = CARTESIAN_POINT('',(-80.71211911858,-30.86984176729,22.446));
#5667 = LINE('',#5668,#5669);
#5668 = CARTESIAN_POINT('',(-80.71211911858,-30.86984176729,22.446));
#5669 = VECTOR('',#5670,1.);
#5670 = DIRECTION('',(0.,0.,-1.));
#5671 = ORIENTED_EDGE('',*,*,#4643,.T.);
#5672 = ORIENTED_EDGE('',*,*,#5647,.F.);
#5673 = ORIENTED_EDGE('',*,*,#5674,.F.);
#5674 = EDGE_CURVE('',#5665,#5227,#5675,.T.);
#5675 = LINE('',#5676,#5677);
#5676 = CARTESIAN_POINT('',(-80.71211911858,-30.86984176729,22.446));
#5677 = VECTOR('',#5678,1.);
#5678 = DIRECTION('',(0.614418679935,0.788980155484,0.));
#5679 = PLANE('',#5680);
#5680 = AXIS2_PLACEMENT_3D('',#5681,#5682,#5683);
#5681 = CARTESIAN_POINT('',(-80.71211911858,-30.86984176729,22.446));
#5682 = DIRECTION('',(0.788980155484,-0.614418679935,0.));
#5683 = DIRECTION('',(0.614418679935,0.788980155484,0.));
#5684 = ADVANCED_FACE('',(#5685),#5738,.F.);
#5685 = FACE_BOUND('',#5686,.F.);
#5686 = EDGE_LOOP('',(#5687,#5695,#5704,#5712,#5721,#5729,#5736,#5737));
#5687 = ORIENTED_EDGE('',*,*,#5688,.F.);
#5688 = EDGE_CURVE('',#5689,#4652,#5691,.T.);
#5689 = VERTEX_POINT('',#5690);
#5690 = CARTESIAN_POINT('',(-82.4172797319,-31.24504696972,22.446));
#5691 = LINE('',#5692,#5693);
#5692 = CARTESIAN_POINT('',(-82.4172797319,-31.24504696972,22.446));
#5693 = VECTOR('',#5694,1.);
#5694 = DIRECTION('',(0.,0.,-1.));
#5695 = ORIENTED_EDGE('',*,*,#5696,.T.);
#5696 = EDGE_CURVE('',#5689,#5697,#5699,.T.);
#5697 = VERTEX_POINT('',#5698);
#5698 = CARTESIAN_POINT('',(-82.29513229108,-31.09294452811,22.446));
#5699 = CIRCLE('',#5700,1.274994562017);
#5700 = AXIS2_PLACEMENT_3D('',#5701,#5702,#5703);
#5701 = CARTESIAN_POINT('',(-81.3650016034,-31.96499271314,22.446));
#5702 = DIRECTION('',(0.,0.,-1.));
#5703 = DIRECTION('',(1.,0.,0.));
#5704 = ORIENTED_EDGE('',*,*,#5705,.F.);
#5705 = EDGE_CURVE('',#5706,#5697,#5708,.T.);
#5706 = VERTEX_POINT('',#5707);
#5707 = CARTESIAN_POINT('',(-82.29513229108,-31.09294452811,22.34));
#5708 = LINE('',#5709,#5710);
#5709 = CARTESIAN_POINT('',(-82.29513229108,-31.09294452811,22.446));
#5710 = VECTOR('',#5711,1.);
#5711 = DIRECTION('',(0.,0.,1.));
#5712 = ORIENTED_EDGE('',*,*,#5713,.F.);
#5713 = EDGE_CURVE('',#5714,#5706,#5716,.T.);
#5714 = VERTEX_POINT('',#5715);
#5715 = CARTESIAN_POINT('',(-81.70331695832,-30.7357027336,22.34));
#5716 = CIRCLE('',#5717,1.274994562017);
#5717 = AXIS2_PLACEMENT_3D('',#5718,#5719,#5720);
#5718 = CARTESIAN_POINT('',(-81.3650016034,-31.96499271314,22.34));
#5719 = DIRECTION('',(0.,0.,1.));
#5720 = DIRECTION('',(1.,0.,-0.));
#5721 = ORIENTED_EDGE('',*,*,#5722,.T.);
#5722 = EDGE_CURVE('',#5714,#5723,#5725,.T.);
#5723 = VERTEX_POINT('',#5724);
#5724 = CARTESIAN_POINT('',(-81.70331695832,-30.7357027336,22.446));
#5725 = LINE('',#5726,#5727);
#5726 = CARTESIAN_POINT('',(-81.70331695832,-30.7357027336,22.446));
#5727 = VECTOR('',#5728,1.);
#5728 = DIRECTION('',(0.,0.,1.));
#5729 = ORIENTED_EDGE('',*,*,#5730,.T.);
#5730 = EDGE_CURVE('',#5723,#5665,#5731,.T.);
#5731 = CIRCLE('',#5732,1.274994562017);
#5732 = AXIS2_PLACEMENT_3D('',#5733,#5734,#5735);
#5733 = CARTESIAN_POINT('',(-81.3650016034,-31.96499271314,22.446));
#5734 = DIRECTION('',(0.,0.,-1.));
#5735 = DIRECTION('',(1.,0.,0.));
#5736 = ORIENTED_EDGE('',*,*,#5664,.T.);
#5737 = ORIENTED_EDGE('',*,*,#4651,.F.);
#5738 = CYLINDRICAL_SURFACE('',#5739,1.274994562017);
#5739 = AXIS2_PLACEMENT_3D('',#5740,#5741,#5742);
#5740 = CARTESIAN_POINT('',(-81.3650016034,-31.96499271314,22.446));
#5741 = DIRECTION('',(0.,0.,1.));
#5742 = DIRECTION('',(1.,0.,0.));
#5743 = ADVANCED_FACE('',(#5744),#5760,.T.);
#5744 = FACE_BOUND('',#5745,.T.);
#5745 = EDGE_LOOP('',(#5746,#5752,#5753,#5754));
#5746 = ORIENTED_EDGE('',*,*,#5747,.T.);
#5747 = EDGE_CURVE('',#5209,#4661,#5748,.T.);
#5748 = LINE('',#5749,#5750);
#5749 = CARTESIAN_POINT('',(-83.37143432323,-30.94680487798,22.446));
#5750 = VECTOR('',#5751,1.);
#5751 = DIRECTION('',(0.,0.,-1.));
#5752 = ORIENTED_EDGE('',*,*,#4660,.T.);
#5753 = ORIENTED_EDGE('',*,*,#5688,.F.);
#5754 = ORIENTED_EDGE('',*,*,#5755,.F.);
#5755 = EDGE_CURVE('',#5209,#5689,#5756,.T.);
#5756 = LINE('',#5757,#5758);
#5757 = CARTESIAN_POINT('',(-83.37143432323,-30.94680487798,22.446));
#5758 = VECTOR('',#5759,1.);
#5759 = DIRECTION('',(0.954460387651,-0.298337675137,0.));
#5760 = PLANE('',#5761);
#5761 = AXIS2_PLACEMENT_3D('',#5762,#5763,#5764);
#5762 = CARTESIAN_POINT('',(-83.37143432323,-30.94680487798,22.446));
#5763 = DIRECTION('',(-0.298337675137,-0.954460387651,-0.));
#5764 = DIRECTION('',(0.954460387651,-0.298337675137,0.));
#5765 = ADVANCED_FACE('',(#5766),#5772,.T.);
#5766 = FACE_BOUND('',#5767,.T.);
#5767 = EDGE_LOOP('',(#5768,#5769,#5770,#5771));
#5768 = ORIENTED_EDGE('',*,*,#5260,.T.);
#5769 = ORIENTED_EDGE('',*,*,#4668,.F.);
#5770 = ORIENTED_EDGE('',*,*,#5747,.F.);
#5771 = ORIENTED_EDGE('',*,*,#5208,.F.);
#5772 = CYLINDRICAL_SURFACE('',#5773,2.249993476631);
#5773 = AXIS2_PLACEMENT_3D('',#5774,#5775,#5776);
#5774 = CARTESIAN_POINT('',(-81.36500248157,-31.96499047484,22.446));
#5775 = DIRECTION('',(0.,0.,1.));
#5776 = DIRECTION('',(1.,0.,0.));
#5777 = ADVANCED_FACE('',(#5778),#5797,.F.);
#5778 = FACE_BOUND('',#5779,.F.);
#5779 = EDGE_LOOP('',(#5780,#5781,#5789,#5796));
#5780 = ORIENTED_EDGE('',*,*,#4685,.T.);
#5781 = ORIENTED_EDGE('',*,*,#5782,.F.);
#5782 = EDGE_CURVE('',#5783,#4686,#5785,.T.);
#5783 = VERTEX_POINT('',#5784);
#5784 = CARTESIAN_POINT('',(-94.30625875969,-29.80500683105,22.446));
#5785 = LINE('',#5786,#5787);
#5786 = CARTESIAN_POINT('',(-94.30625875969,-29.80500683105,22.446));
#5787 = VECTOR('',#5788,1.);
#5788 = DIRECTION('',(0.,0.,-1.));
#5789 = ORIENTED_EDGE('',*,*,#5790,.F.);
#5790 = EDGE_CURVE('',#5159,#5783,#5791,.T.);
#5791 = CIRCLE('',#5792,2.5);
#5792 = AXIS2_PLACEMENT_3D('',#5793,#5794,#5795);
#5793 = CARTESIAN_POINT('',(-95.565,-31.965,22.446));
#5794 = DIRECTION('',(0.,0.,1.));
#5795 = DIRECTION('',(1.,0.,0.));
#5796 = ORIENTED_EDGE('',*,*,#5253,.T.);
#5797 = CYLINDRICAL_SURFACE('',#5798,2.5);
#5798 = AXIS2_PLACEMENT_3D('',#5799,#5800,#5801);
#5799 = CARTESIAN_POINT('',(-95.565,-31.965,25.196));
#5800 = DIRECTION('',(0.,0.,1.));
#5801 = DIRECTION('',(1.,0.,0.));
#5802 = ADVANCED_FACE('',(#5803),#5821,.T.);
#5803 = FACE_BOUND('',#5804,.T.);
#5804 = EDGE_LOOP('',(#5805,#5813,#5814,#5815));
#5805 = ORIENTED_EDGE('',*,*,#5806,.T.);
#5806 = EDGE_CURVE('',#5807,#4695,#5809,.T.);
#5807 = VERTEX_POINT('',#5808);
#5808 = CARTESIAN_POINT('',(-95.56514894252,-30.6900000087,22.446));
#5809 = LINE('',#5810,#5811);
#5810 = CARTESIAN_POINT('',(-95.56514894252,-30.6900000087,22.446));
#5811 = VECTOR('',#5812,1.);
#5812 = DIRECTION('',(0.,0.,-1.));
#5813 = ORIENTED_EDGE('',*,*,#4694,.T.);
#5814 = ORIENTED_EDGE('',*,*,#5782,.F.);
#5815 = ORIENTED_EDGE('',*,*,#5816,.F.);
#5816 = EDGE_CURVE('',#5807,#5783,#5817,.T.);
#5817 = LINE('',#5818,#5819);
#5818 = CARTESIAN_POINT('',(-95.56514894252,-30.6900000087,22.446));
#5819 = VECTOR('',#5820,1.);
#5820 = DIRECTION('',(0.818079294115,0.575105441236,0.));
#5821 = PLANE('',#5822);
#5822 = AXIS2_PLACEMENT_3D('',#5823,#5824,#5825);
#5823 = CARTESIAN_POINT('',(-95.56514894252,-30.6900000087,22.446));
#5824 = DIRECTION('',(0.575105441236,-0.818079294115,0.));
#5825 = DIRECTION('',(0.818079294115,0.575105441236,0.));
#5826 = ADVANCED_FACE('',(#5827),#5880,.F.);
#5827 = FACE_BOUND('',#5828,.F.);
#5828 = EDGE_LOOP('',(#5829,#5837,#5846,#5854,#5863,#5871,#5878,#5879));
#5829 = ORIENTED_EDGE('',*,*,#5830,.F.);
#5830 = EDGE_CURVE('',#5831,#4703,#5833,.T.);
#5831 = VERTEX_POINT('',#5832);
#5832 = CARTESIAN_POINT('',(-96.81891953115,-31.73410866324,22.446));
#5833 = LINE('',#5834,#5835);
#5834 = CARTESIAN_POINT('',(-96.81891953115,-31.73410866324,22.446));
#5835 = VECTOR('',#5836,1.);
#5836 = DIRECTION('',(0.,0.,-1.));
#5837 = ORIENTED_EDGE('',*,*,#5838,.T.);
#5838 = EDGE_CURVE('',#5831,#5839,#5841,.T.);
#5839 = VERTEX_POINT('',#5840);
#5840 = CARTESIAN_POINT('',(-96.50831004801,-31.10721768165,22.446));
#5841 = CIRCLE('',#5842,1.275000879502);
#5842 = AXIS2_PLACEMENT_3D('',#5843,#5844,#5845);
#5843 = CARTESIAN_POINT('',(-95.56499926764,-31.96500087941,22.446));
#5844 = DIRECTION('',(0.,0.,-1.));
#5845 = DIRECTION('',(1.,0.,0.));
#5846 = ORIENTED_EDGE('',*,*,#5847,.F.);
#5847 = EDGE_CURVE('',#5848,#5839,#5850,.T.);
#5848 = VERTEX_POINT('',#5849);
#5849 = CARTESIAN_POINT('',(-96.50831004801,-31.10721768165,22.34));
#5850 = LINE('',#5851,#5852);
#5851 = CARTESIAN_POINT('',(-96.50831004801,-31.10721768165,22.446));
#5852 = VECTOR('',#5853,1.);
#5853 = DIRECTION('',(0.,0.,1.));
#5854 = ORIENTED_EDGE('',*,*,#5855,.F.);
#5855 = EDGE_CURVE('',#5856,#5848,#5858,.T.);
#5856 = VERTEX_POINT('',#5857);
#5857 = CARTESIAN_POINT('',(-95.96632190989,-30.75480776277,22.34));
#5858 = CIRCLE('',#5859,1.275000879502);
#5859 = AXIS2_PLACEMENT_3D('',#5860,#5861,#5862);
#5860 = CARTESIAN_POINT('',(-95.56499926764,-31.96500087941,22.34));
#5861 = DIRECTION('',(0.,0.,1.));
#5862 = DIRECTION('',(1.,0.,-0.));
#5863 = ORIENTED_EDGE('',*,*,#5864,.T.);
#5864 = EDGE_CURVE('',#5856,#5865,#5867,.T.);
#5865 = VERTEX_POINT('',#5866);
#5866 = CARTESIAN_POINT('',(-95.96632190989,-30.75480776277,22.446));
#5867 = LINE('',#5868,#5869);
#5868 = CARTESIAN_POINT('',(-95.96632190989,-30.75480776277,22.446));
#5869 = VECTOR('',#5870,1.);
#5870 = DIRECTION('',(0.,0.,1.));
#5871 = ORIENTED_EDGE('',*,*,#5872,.T.);
#5872 = EDGE_CURVE('',#5865,#5807,#5873,.T.);
#5873 = CIRCLE('',#5874,1.275000879502);
#5874 = AXIS2_PLACEMENT_3D('',#5875,#5876,#5877);
#5875 = CARTESIAN_POINT('',(-95.56499926764,-31.96500087941,22.446));
#5876 = DIRECTION('',(0.,0.,-1.));
#5877 = DIRECTION('',(1.,0.,0.));
#5878 = ORIENTED_EDGE('',*,*,#5806,.T.);
#5879 = ORIENTED_EDGE('',*,*,#4702,.F.);
#5880 = CYLINDRICAL_SURFACE('',#5881,1.275000879502);
#5881 = AXIS2_PLACEMENT_3D('',#5882,#5883,#5884);
#5882 = CARTESIAN_POINT('',(-95.56499926764,-31.96500087941,22.446));
#5883 = DIRECTION('',(0.,0.,1.));
#5884 = DIRECTION('',(1.,0.,0.));
#5885 = ADVANCED_FACE('',(#5886),#5897,.T.);
#5886 = FACE_BOUND('',#5887,.T.);
#5887 = EDGE_LOOP('',(#5888,#5889,#5890,#5891));
#5888 = ORIENTED_EDGE('',*,*,#5183,.T.);
#5889 = ORIENTED_EDGE('',*,*,#4711,.T.);
#5890 = ORIENTED_EDGE('',*,*,#5830,.F.);
#5891 = ORIENTED_EDGE('',*,*,#5892,.F.);
#5892 = EDGE_CURVE('',#5141,#5831,#5893,.T.);
#5893 = LINE('',#5894,#5895);
#5894 = CARTESIAN_POINT('',(-98.05431500428,-31.73410866324,22.446));
#5895 = VECTOR('',#5896,1.);
#5896 = DIRECTION('',(1.,0.,0.));
#5897 = PLANE('',#5898);
#5898 = AXIS2_PLACEMENT_3D('',#5899,#5900,#5901);
#5899 = CARTESIAN_POINT('',(-98.05431500428,-31.73410866324,22.446));
#5900 = DIRECTION('',(0.,-1.,0.));
#5901 = DIRECTION('',(1.,0.,0.));
#5902 = ADVANCED_FACE('',(#5903,#5906),#5983,.F.);
#5903 = FACE_BOUND('',#5904,.F.);
#5904 = EDGE_LOOP('',(#5905));
#5905 = ORIENTED_EDGE('',*,*,#4744,.T.);
#5906 = FACE_BOUND('',#5907,.F.);
#5907 = EDGE_LOOP('',(#5908,#5918,#5926,#5935,#5943,#5951,#5960,#5968,
    #5976));
#5908 = ORIENTED_EDGE('',*,*,#5909,.T.);
#5909 = EDGE_CURVE('',#5910,#5912,#5914,.T.);
#5910 = VERTEX_POINT('',#5911);
#5911 = CARTESIAN_POINT('',(-67.14428600467,33.486619778391,28.523));
#5912 = VERTEX_POINT('',#5913);
#5913 = CARTESIAN_POINT('',(-66.44,33.080000111674,28.523));
#5914 = LINE('',#5915,#5916);
#5915 = CARTESIAN_POINT('',(-57.89798289828,28.148264816707,28.523));
#5916 = VECTOR('',#5917,1.);
#5917 = DIRECTION('',(0.866025429165,-0.49999995604,0.));
#5918 = ORIENTED_EDGE('',*,*,#5919,.T.);
#5919 = EDGE_CURVE('',#5912,#5920,#5922,.T.);
#5920 = VERTEX_POINT('',#5921);
#5921 = CARTESIAN_POINT('',(-67.14428596339,32.673380373457,28.523));
#5922 = LINE('',#5923,#5924);
#5923 = CARTESIAN_POINT('',(-78.25801844015,26.256863184107,28.523));
#5924 = VECTOR('',#5925,1.);
#5925 = DIRECTION('',(-0.866025378404,-0.50000004396,0.));
#5926 = ORIENTED_EDGE('',*,*,#5927,.F.);
#5927 = EDGE_CURVE('',#5928,#5920,#5930,.T.);
#5928 = VERTEX_POINT('',#5929);
#5929 = CARTESIAN_POINT('',(-69.03571393989,31.581363794054,28.523));
#5930 = CIRCLE('',#5931,1.55);
#5931 = AXIS2_PLACEMENT_3D('',#5932,#5933,#5934);
#5932 = CARTESIAN_POINT('',(-68.64,33.08,28.523));
#5933 = DIRECTION('',(8.659560562355E-17,8.659560562355E-17,1.));
#5934 = DIRECTION('',(-2.22044604925E-16,-1.,8.659560562355E-17));
#5935 = ORIENTED_EDGE('',*,*,#5936,.T.);
#5936 = EDGE_CURVE('',#5928,#5937,#5939,.T.);
#5937 = VERTEX_POINT('',#5938);
#5938 = CARTESIAN_POINT('',(-69.73999990328,31.174744055837,28.523));
#5939 = LINE('',#5940,#5941);
#5940 = CARTESIAN_POINT('',(-78.25801844015,26.256863184107,28.523));
#5941 = VECTOR('',#5942,1.);
#5942 = DIRECTION('',(-0.866025378404,-0.50000004396,0.));
#5943 = ORIENTED_EDGE('',*,*,#5944,.T.);
#5944 = EDGE_CURVE('',#5937,#5945,#5947,.T.);
#5945 = VERTEX_POINT('',#5946);
#5946 = CARTESIAN_POINT('',(-69.73999994456,31.987983460771,28.523));
#5947 = LINE('',#5948,#5949);
#5948 = CARTESIAN_POINT('',(-69.73999866155,6.712371999188,28.523));
#5949 = VECTOR('',#5950,1.);
#5950 = DIRECTION('',(-5.076101552796E-08,1.,0.));
#5951 = ORIENTED_EDGE('',*,*,#5952,.F.);
#5952 = EDGE_CURVE('',#5953,#5945,#5955,.T.);
#5953 = VERTEX_POINT('',#5954);
#5954 = CARTESIAN_POINT('',(-69.74000005543,34.172016427555,28.523));
#5955 = CIRCLE('',#5956,1.55);
#5956 = AXIS2_PLACEMENT_3D('',#5957,#5958,#5959);
#5957 = CARTESIAN_POINT('',(-68.64,33.08,28.523));
#5958 = DIRECTION('',(8.659560562355E-17,8.659560562355E-17,1.));
#5959 = DIRECTION('',(-2.22044604925E-16,-1.,8.659560562355E-17));
#5960 = ORIENTED_EDGE('',*,*,#5961,.T.);
#5961 = EDGE_CURVE('',#5953,#5962,#5964,.T.);
#5962 = VERTEX_POINT('',#5963);
#5963 = CARTESIAN_POINT('',(-69.74000009671,34.985255832489,28.523));
#5964 = LINE('',#5965,#5966);
#5965 = CARTESIAN_POINT('',(-69.73999866155,6.712371999188,28.523));
#5966 = VECTOR('',#5967,1.);
#5967 = DIRECTION('',(-5.076101552796E-08,1.,0.));
#5968 = ORIENTED_EDGE('',*,*,#5969,.T.);
#5969 = EDGE_CURVE('',#5962,#5970,#5972,.T.);
#5970 = VERTEX_POINT('',#5971);
#5971 = CARTESIAN_POINT('',(-69.03571409204,34.578636165772,28.523));
#5972 = LINE('',#5973,#5974);
#5973 = CARTESIAN_POINT('',(-57.89798289828,28.148264816707,28.523));
#5974 = VECTOR('',#5975,1.);
#5975 = DIRECTION('',(0.866025429165,-0.49999995604,0.));
#5976 = ORIENTED_EDGE('',*,*,#5977,.F.);
#5977 = EDGE_CURVE('',#5910,#5970,#5978,.T.);
#5978 = CIRCLE('',#5979,1.55);
#5979 = AXIS2_PLACEMENT_3D('',#5980,#5981,#5982);
#5980 = CARTESIAN_POINT('',(-68.64,33.08,28.523));
#5981 = DIRECTION('',(8.659560562355E-17,8.659560562355E-17,1.));
#5982 = DIRECTION('',(-2.22044604925E-16,-1.,8.659560562355E-17));
#5983 = PLANE('',#5984);
#5984 = AXIS2_PLACEMENT_3D('',#5985,#5986,#5987);
#5985 = CARTESIAN_POINT('',(-68.608,-17.75,28.523));
#5986 = DIRECTION('',(0.,0.,1.));
#5987 = DIRECTION('',(1.,0.,0.));
#5988 = ADVANCED_FACE('',(#5989,#5992),#6069,.F.);
#5989 = FACE_BOUND('',#5990,.F.);
#5990 = EDGE_LOOP('',(#5991));
#5991 = ORIENTED_EDGE('',*,*,#4769,.T.);
#5992 = FACE_BOUND('',#5993,.F.);
#5993 = EDGE_LOOP('',(#5994,#6004,#6012,#6021,#6029,#6037,#6046,#6054,
    #6062));
#5994 = ORIENTED_EDGE('',*,*,#5995,.T.);
#5995 = EDGE_CURVE('',#5996,#5998,#6000,.T.);
#5996 = VERTEX_POINT('',#5997);
#5997 = CARTESIAN_POINT('',(-67.10428600467,-68.2033802216,28.523));
#5998 = VERTEX_POINT('',#5999);
#5999 = CARTESIAN_POINT('',(-66.4,-68.60999988832,28.523));
#6000 = LINE('',#6001,#6002);
#6001 = CARTESIAN_POINT('',(-79.8895124364,-60.82182716491,28.523));
#6002 = VECTOR('',#6003,1.);
#6003 = DIRECTION('',(0.866025429165,-0.49999995604,0.));
#6004 = ORIENTED_EDGE('',*,*,#6005,.T.);
#6005 = EDGE_CURVE('',#5998,#6006,#6008,.T.);
#6006 = VERTEX_POINT('',#6007);
#6007 = CARTESIAN_POINT('',(-67.10428596339,-69.01661962654,28.523));
#6008 = LINE('',#6009,#6010);
#6009 = CARTESIAN_POINT('',(-56.2164863211,-62.73054483529,28.523));
#6010 = VECTOR('',#6011,1.);
#6011 = DIRECTION('',(-0.866025378404,-0.50000004396,0.));
#6012 = ORIENTED_EDGE('',*,*,#6013,.F.);
#6013 = EDGE_CURVE('',#6014,#6006,#6016,.T.);
#6014 = VERTEX_POINT('',#6015);
#6015 = CARTESIAN_POINT('',(-68.99571393989,-70.10863620594,28.523));
#6016 = CIRCLE('',#6017,1.55);
#6017 = AXIS2_PLACEMENT_3D('',#6018,#6019,#6020);
#6018 = CARTESIAN_POINT('',(-68.6,-68.61,28.523));
#6019 = DIRECTION('',(8.659560562355E-17,8.659560562355E-17,1.));
#6020 = DIRECTION('',(-2.22044604925E-16,-1.,8.659560562355E-17));
#6021 = ORIENTED_EDGE('',*,*,#6022,.T.);
#6022 = EDGE_CURVE('',#6014,#6023,#6025,.T.);
#6023 = VERTEX_POINT('',#6024);
#6024 = CARTESIAN_POINT('',(-69.69999990328,-70.51525594416,28.523));
#6025 = LINE('',#6026,#6027);
#6026 = CARTESIAN_POINT('',(-56.2164863211,-62.73054483529,28.523));
#6027 = VECTOR('',#6028,1.);
#6028 = DIRECTION('',(-0.866025378404,-0.50000004396,0.));
#6029 = ORIENTED_EDGE('',*,*,#6030,.T.);
#6030 = EDGE_CURVE('',#6023,#6031,#6033,.T.);
#6031 = VERTEX_POINT('',#6032);
#6032 = CARTESIAN_POINT('',(-69.69999994456,-69.70201653922,28.523));
#6033 = LINE('',#6034,#6035);
#6034 = CARTESIAN_POINT('',(-69.70000124249,-44.13262799979,28.523));
#6035 = VECTOR('',#6036,1.);
#6036 = DIRECTION('',(-5.076101552796E-08,1.,0.));
#6037 = ORIENTED_EDGE('',*,*,#6038,.F.);
#6038 = EDGE_CURVE('',#6039,#6031,#6041,.T.);
#6039 = VERTEX_POINT('',#6040);
#6040 = CARTESIAN_POINT('',(-69.70000005543,-67.51798357244,28.523));
#6041 = CIRCLE('',#6042,1.55);
#6042 = AXIS2_PLACEMENT_3D('',#6043,#6044,#6045);
#6043 = CARTESIAN_POINT('',(-68.6,-68.61,28.523));
#6044 = DIRECTION('',(8.659560562355E-17,8.659560562355E-17,1.));
#6045 = DIRECTION('',(-2.22044604925E-16,-1.,8.659560562355E-17));
#6046 = ORIENTED_EDGE('',*,*,#6047,.T.);
#6047 = EDGE_CURVE('',#6039,#6048,#6050,.T.);
#6048 = VERTEX_POINT('',#6049);
#6049 = CARTESIAN_POINT('',(-69.70000009671,-66.70474416751,28.523));
#6050 = LINE('',#6051,#6052);
#6051 = CARTESIAN_POINT('',(-69.70000124249,-44.13262799979,28.523));
#6052 = VECTOR('',#6053,1.);
#6053 = DIRECTION('',(-5.076101552796E-08,1.,0.));
#6054 = ORIENTED_EDGE('',*,*,#6055,.T.);
#6055 = EDGE_CURVE('',#6048,#6056,#6058,.T.);
#6056 = VERTEX_POINT('',#6057);
#6057 = CARTESIAN_POINT('',(-68.99571409204,-67.11136383422,28.523));
#6058 = LINE('',#6059,#6060);
#6059 = CARTESIAN_POINT('',(-79.8895124364,-60.82182716491,28.523));
#6060 = VECTOR('',#6061,1.);
#6061 = DIRECTION('',(0.866025429165,-0.49999995604,0.));
#6062 = ORIENTED_EDGE('',*,*,#6063,.F.);
#6063 = EDGE_CURVE('',#5996,#6056,#6064,.T.);
#6064 = CIRCLE('',#6065,1.55);
#6065 = AXIS2_PLACEMENT_3D('',#6066,#6067,#6068);
#6066 = CARTESIAN_POINT('',(-68.6,-68.61,28.523));
#6067 = DIRECTION('',(8.659560562355E-17,8.659560562355E-17,1.));
#6068 = DIRECTION('',(-2.22044604925E-16,-1.,8.659560562355E-17));
#6069 = PLANE('',#6070);
#6070 = AXIS2_PLACEMENT_3D('',#6071,#6072,#6073);
#6071 = CARTESIAN_POINT('',(-68.608,-17.75,28.523));
#6072 = DIRECTION('',(0.,0.,1.));
#6073 = DIRECTION('',(1.,0.,0.));
#6074 = ADVANCED_FACE('',(#6075),#6157,.F.);
#6075 = FACE_BOUND('',#6076,.F.);
#6076 = EDGE_LOOP('',(#6077,#6078,#6079,#6080,#6081,#6082,#6083,#6091,
    #6100,#6108,#6116,#6125,#6133,#6141,#6150,#6156));
#6077 = ORIENTED_EDGE('',*,*,#5892,.F.);
#6078 = ORIENTED_EDGE('',*,*,#5149,.T.);
#6079 = ORIENTED_EDGE('',*,*,#5158,.T.);
#6080 = ORIENTED_EDGE('',*,*,#5790,.T.);
#6081 = ORIENTED_EDGE('',*,*,#5816,.F.);
#6082 = ORIENTED_EDGE('',*,*,#5872,.F.);
#6083 = ORIENTED_EDGE('',*,*,#6084,.F.);
#6084 = EDGE_CURVE('',#6085,#5865,#6087,.T.);
#6085 = VERTEX_POINT('',#6086);
#6086 = CARTESIAN_POINT('',(-95.87890796788,-30.79616827967,22.446));
#6087 = LINE('',#6088,#6089);
#6088 = CARTESIAN_POINT('',(-89.83739682553,-33.65475145253,22.446));
#6089 = VECTOR('',#6090,1.);
#6090 = DIRECTION('',(-0.903922131151,0.427697066644,0.));
#6091 = ORIENTED_EDGE('',*,*,#6092,.T.);
#6092 = EDGE_CURVE('',#6085,#6093,#6095,.T.);
#6093 = VERTEX_POINT('',#6094);
#6094 = CARTESIAN_POINT('',(-94.51844275992,-31.43988189024,22.446));
#6095 = CIRCLE('',#6096,1.15);
#6096 = AXIS2_PLACEMENT_3D('',#6097,#6098,#6099);
#6097 = CARTESIAN_POINT('',(-95.57059769386,-31.90406934697,22.446));
#6098 = DIRECTION('',(0.,0.,-1.));
#6099 = DIRECTION('',(0.913545457643,0.406736643076,0.));
#6100 = ORIENTED_EDGE('',*,*,#6101,.F.);
#6101 = EDGE_CURVE('',#6102,#6093,#6104,.T.);
#6102 = VERTEX_POINT('',#6103);
#6103 = CARTESIAN_POINT('',(-93.83720713408,-31.76221328232,22.446));
#6104 = LINE('',#6105,#6106);
#6105 = CARTESIAN_POINT('',(-89.83739682553,-33.65475145253,22.446));
#6106 = VECTOR('',#6107,1.);
#6107 = DIRECTION('',(-0.903922131151,0.427697066644,0.));
#6108 = ORIENTED_EDGE('',*,*,#6109,.F.);
#6109 = EDGE_CURVE('',#6110,#6102,#6112,.T.);
#6110 = VERTEX_POINT('',#6111);
#6111 = CARTESIAN_POINT('',(-94.45697195288,-32.19101482792,22.446));
#6112 = LINE('',#6113,#6114);
#6113 = CARTESIAN_POINT('',(-95.75502793558,-33.08911100048,22.446));
#6114 = VECTOR('',#6115,1.);
#6115 = DIRECTION('',(0.822357590413,0.568970995298,-0.));
#6116 = ORIENTED_EDGE('',*,*,#6117,.T.);
#6117 = EDGE_CURVE('',#6110,#6118,#6120,.T.);
#6118 = VERTEX_POINT('',#6119);
#6119 = CARTESIAN_POINT('',(-95.69467756826,-33.04735591856,22.446));
#6120 = CIRCLE('',#6121,1.15);
#6121 = AXIS2_PLACEMENT_3D('',#6122,#6123,#6124);
#6122 = CARTESIAN_POINT('',(-95.57059769386,-31.90406934697,22.446));
#6123 = DIRECTION('',(0.,0.,-1.));
#6124 = DIRECTION('',(0.913545457643,0.406736643076,0.));
#6125 = ORIENTED_EDGE('',*,*,#6126,.F.);
#6126 = EDGE_CURVE('',#6127,#6118,#6129,.T.);
#6127 = VERTEX_POINT('',#6128);
#6128 = CARTESIAN_POINT('',(-96.31444259646,-33.47615760903,22.446));
#6129 = LINE('',#6130,#6131);
#6130 = CARTESIAN_POINT('',(-95.75502793558,-33.08911100048,22.446));
#6131 = VECTOR('',#6132,1.);
#6132 = DIRECTION('',(0.822357590413,0.568970995298,-0.));
#6133 = ORIENTED_EDGE('',*,*,#6134,.F.);
#6134 = EDGE_CURVE('',#6135,#6127,#6137,.T.);
#6135 = VERTEX_POINT('',#6136);
#6136 = CARTESIAN_POINT('',(-96.37591326657,-32.7250241742,22.446));
#6137 = LINE('',#6138,#6139);
#6138 = CARTESIAN_POINT('',(-96.07043383933,-36.45779316858,22.446));
#6139 = VECTOR('',#6140,1.);
#6140 = DIRECTION('',(8.156454073807E-02,-0.996668061941,0.));
#6141 = ORIENTED_EDGE('',*,*,#6142,.T.);
#6142 = EDGE_CURVE('',#6135,#6143,#6145,.T.);
#6143 = VERTEX_POINT('',#6144);
#6144 = CARTESIAN_POINT('',(-96.49867348947,-31.22497044578,22.446));
#6145 = CIRCLE('',#6146,1.15);
#6146 = AXIS2_PLACEMENT_3D('',#6147,#6148,#6149);
#6147 = CARTESIAN_POINT('',(-95.57059769386,-31.90406934697,22.446));
#6148 = DIRECTION('',(0.,0.,-1.));
#6149 = DIRECTION('',(0.913545457643,0.406736643076,0.));
#6150 = ORIENTED_EDGE('',*,*,#6151,.F.);
#6151 = EDGE_CURVE('',#5839,#6143,#6152,.T.);
#6152 = LINE('',#6153,#6154);
#6153 = CARTESIAN_POINT('',(-96.07043383933,-36.45779316858,22.446));
#6154 = VECTOR('',#6155,1.);
#6155 = DIRECTION('',(8.156454073807E-02,-0.996668061941,0.));
#6156 = ORIENTED_EDGE('',*,*,#5838,.F.);
#6157 = PLANE('',#6158);
#6158 = AXIS2_PLACEMENT_3D('',#6159,#6160,#6161);
#6159 = CARTESIAN_POINT('',(-88.83868421052,-41.89,22.446));
#6160 = DIRECTION('',(0.,0.,1.));
#6161 = DIRECTION('',(1.,0.,0.));
#6162 = ADVANCED_FACE('',(#6163),#6244,.F.);
#6163 = FACE_BOUND('',#6164,.F.);
#6164 = EDGE_LOOP('',(#6165,#6166,#6167,#6168,#6169,#6170,#6178,#6187,
    #6195,#6203,#6212,#6220,#6228,#6237,#6243));
#6165 = ORIENTED_EDGE('',*,*,#5755,.F.);
#6166 = ORIENTED_EDGE('',*,*,#5217,.T.);
#6167 = ORIENTED_EDGE('',*,*,#5226,.T.);
#6168 = ORIENTED_EDGE('',*,*,#5674,.F.);
#6169 = ORIENTED_EDGE('',*,*,#5730,.F.);
#6170 = ORIENTED_EDGE('',*,*,#6171,.F.);
#6171 = EDGE_CURVE('',#6172,#5723,#6174,.T.);
#6172 = VERTEX_POINT('',#6173);
#6173 = CARTESIAN_POINT('',(-81.66814868727,-30.75234284655,22.446));
#6174 = LINE('',#6175,#6176);
#6175 = CARTESIAN_POINT('',(-81.42379560954,-30.86796021111,22.446));
#6176 = VECTOR('',#6177,1.);
#6177 = DIRECTION('',(-0.903922131151,0.427697066644,0.));
#6178 = ORIENTED_EDGE('',*,*,#6179,.T.);
#6179 = EDGE_CURVE('',#6172,#6180,#6182,.T.);
#6180 = VERTEX_POINT('',#6181);
#6181 = CARTESIAN_POINT('',(-80.30768347931,-31.39605645712,22.446));
#6182 = CIRCLE('',#6183,1.15);
#6183 = AXIS2_PLACEMENT_3D('',#6184,#6185,#6186);
#6184 = CARTESIAN_POINT('',(-81.35983841325,-31.86024391386,22.446));
#6185 = DIRECTION('',(0.,0.,-1.));
#6186 = DIRECTION('',(0.913545457643,0.406736643076,0.));
#6187 = ORIENTED_EDGE('',*,*,#6188,.F.);
#6188 = EDGE_CURVE('',#6189,#6180,#6191,.T.);
#6189 = VERTEX_POINT('',#6190);
#6190 = CARTESIAN_POINT('',(-79.62644785347,-31.7183878492,22.446));
#6191 = LINE('',#6192,#6193);
#6192 = CARTESIAN_POINT('',(-81.42379560954,-30.86796021111,22.446));
#6193 = VECTOR('',#6194,1.);
#6194 = DIRECTION('',(-0.903922131151,0.427697066644,0.));
#6195 = ORIENTED_EDGE('',*,*,#6196,.F.);
#6196 = EDGE_CURVE('',#6197,#6189,#6199,.T.);
#6197 = VERTEX_POINT('',#6198);
#6198 = CARTESIAN_POINT('',(-80.24621267227,-32.1471893948,22.446));
#6199 = LINE('',#6200,#6201);
#6200 = CARTESIAN_POINT('',(-86.35969090919,-36.37696952663,22.446));
#6201 = VECTOR('',#6202,1.);
#6202 = DIRECTION('',(0.822357590413,0.568970995298,-0.));
#6203 = ORIENTED_EDGE('',*,*,#6204,.T.);
#6204 = EDGE_CURVE('',#6197,#6205,#6207,.T.);
#6205 = VERTEX_POINT('',#6206);
#6206 = CARTESIAN_POINT('',(-81.48391828765,-33.00353048544,22.446));
#6207 = CIRCLE('',#6208,1.15);
#6208 = AXIS2_PLACEMENT_3D('',#6209,#6210,#6211);
#6209 = CARTESIAN_POINT('',(-81.35983841325,-31.86024391386,22.446));
#6210 = DIRECTION('',(0.,0.,-1.));
#6211 = DIRECTION('',(0.913545457643,0.406736643076,0.));
#6212 = ORIENTED_EDGE('',*,*,#6213,.F.);
#6213 = EDGE_CURVE('',#6214,#6205,#6216,.T.);
#6214 = VERTEX_POINT('',#6215);
#6215 = CARTESIAN_POINT('',(-82.10368331585,-33.43233217592,22.446));
#6216 = LINE('',#6217,#6218);
#6217 = CARTESIAN_POINT('',(-86.35969090919,-36.37696952663,22.446));
#6218 = VECTOR('',#6219,1.);
#6219 = DIRECTION('',(0.822357590413,0.568970995298,-0.));
#6220 = ORIENTED_EDGE('',*,*,#6221,.F.);
#6221 = EDGE_CURVE('',#6222,#6214,#6224,.T.);
#6222 = VERTEX_POINT('',#6223);
#6223 = CARTESIAN_POINT('',(-82.16515398596,-32.68119874108,22.446));
#6224 = LINE('',#6225,#6226);
#6225 = CARTESIAN_POINT('',(-81.90516370034,-35.85811865933,22.446));
#6226 = VECTOR('',#6227,1.);
#6227 = DIRECTION('',(8.156454073807E-02,-0.996668061941,0.));
#6228 = ORIENTED_EDGE('',*,*,#6229,.T.);
#6229 = EDGE_CURVE('',#6222,#6230,#6232,.T.);
#6230 = VERTEX_POINT('',#6231);
#6231 = CARTESIAN_POINT('',(-82.28791420886,-31.18114501267,22.446));
#6232 = CIRCLE('',#6233,1.15);
#6233 = AXIS2_PLACEMENT_3D('',#6234,#6235,#6236);
#6234 = CARTESIAN_POINT('',(-81.35983841325,-31.86024391386,22.446));
#6235 = DIRECTION('',(0.,0.,-1.));
#6236 = DIRECTION('',(0.913545457643,0.406736643076,0.));
#6237 = ORIENTED_EDGE('',*,*,#6238,.F.);
#6238 = EDGE_CURVE('',#5697,#6230,#6239,.T.);
#6239 = LINE('',#6240,#6241);
#6240 = CARTESIAN_POINT('',(-81.90516370034,-35.85811865933,22.446));
#6241 = VECTOR('',#6242,1.);
#6242 = DIRECTION('',(8.156454073807E-02,-0.996668061941,0.));
#6243 = ORIENTED_EDGE('',*,*,#5696,.F.);
#6244 = PLANE('',#6245);
#6245 = AXIS2_PLACEMENT_3D('',#6246,#6247,#6248);
#6246 = CARTESIAN_POINT('',(-88.83868421052,-41.89,22.446));
#6247 = DIRECTION('',(0.,0.,1.));
#6248 = DIRECTION('',(1.,0.,0.));
#6249 = ADVANCED_FACE('',(#6250),#6316,.F.);
#6250 = FACE_BOUND('',#6251,.F.);
#6251 = EDGE_LOOP('',(#6252,#6253,#6254,#6255,#6256,#6257,#6258,#6267,
    #6275,#6283,#6292,#6300,#6308,#6315));
#6252 = ORIENTED_EDGE('',*,*,#5539,.T.);
#6253 = ORIENTED_EDGE('',*,*,#5556,.T.);
#6254 = ORIENTED_EDGE('',*,*,#5285,.T.);
#6255 = ORIENTED_EDGE('',*,*,#5294,.T.);
#6256 = ORIENTED_EDGE('',*,*,#5456,.T.);
#6257 = ORIENTED_EDGE('',*,*,#5512,.F.);
#6258 = ORIENTED_EDGE('',*,*,#6259,.T.);
#6259 = EDGE_CURVE('',#5505,#6260,#6262,.T.);
#6260 = VERTEX_POINT('',#6261);
#6261 = CARTESIAN_POINT('',(-96.5769386823,-51.258821163,22.446));
#6262 = CIRCLE('',#6263,1.15);
#6263 = AXIS2_PLACEMENT_3D('',#6264,#6265,#6266);
#6264 = CARTESIAN_POINT('',(-95.64886288668,-51.93792006419,22.446));
#6265 = DIRECTION('',(0.,0.,-1.));
#6266 = DIRECTION('',(0.913545457643,0.406736643076,0.));
#6267 = ORIENTED_EDGE('',*,*,#6268,.F.);
#6268 = EDGE_CURVE('',#6269,#6260,#6271,.T.);
#6269 = VERTEX_POINT('',#6270);
#6270 = CARTESIAN_POINT('',(-96.6384093857,-50.50768732131,22.446));
#6271 = LINE('',#6272,#6273);
#6272 = CARTESIAN_POINT('',(-96.96274232856,-46.5445400681,22.446));
#6273 = VECTOR('',#6274,1.);
#6274 = DIRECTION('',(8.156454073807E-02,-0.996668061941,0.));
#6275 = ORIENTED_EDGE('',*,*,#6276,.F.);
#6276 = EDGE_CURVE('',#6277,#6269,#6279,.T.);
#6277 = VERTEX_POINT('',#6278);
#6278 = CARTESIAN_POINT('',(-95.95717316071,-50.83001899688,22.446));
#6279 = LINE('',#6280,#6281);
#6280 = CARTESIAN_POINT('',(-93.75627960887,-51.8713871454,22.446));
#6281 = VECTOR('',#6282,1.);
#6282 = DIRECTION('',(-0.903922131151,0.427697066644,0.));
#6283 = ORIENTED_EDGE('',*,*,#6284,.T.);
#6284 = EDGE_CURVE('',#6277,#6285,#6287,.T.);
#6285 = VERTEX_POINT('',#6286);
#6286 = CARTESIAN_POINT('',(-94.59670795274,-51.47373260745,22.446));
#6287 = CIRCLE('',#6288,1.15);
#6288 = AXIS2_PLACEMENT_3D('',#6289,#6290,#6291);
#6289 = CARTESIAN_POINT('',(-95.64886288668,-51.93792006419,22.446));
#6290 = DIRECTION('',(0.,0.,-1.));
#6291 = DIRECTION('',(0.913545457643,0.406736643076,0.));
#6292 = ORIENTED_EDGE('',*,*,#6293,.F.);
#6293 = EDGE_CURVE('',#6294,#6285,#6296,.T.);
#6294 = VERTEX_POINT('',#6295);
#6295 = CARTESIAN_POINT('',(-93.91547232691,-51.79606399953,22.446));
#6296 = LINE('',#6297,#6298);
#6297 = CARTESIAN_POINT('',(-93.75627960887,-51.8713871454,22.446));
#6298 = VECTOR('',#6299,1.);
#6299 = DIRECTION('',(-0.903922131151,0.427697066644,0.));
#6300 = ORIENTED_EDGE('',*,*,#6301,.F.);
#6301 = EDGE_CURVE('',#6302,#6294,#6304,.T.);
#6302 = VERTEX_POINT('',#6303);
#6303 = CARTESIAN_POINT('',(-94.53523714571,-52.22486554513,22.446));
#6304 = LINE('',#6305,#6306);
#6305 = CARTESIAN_POINT('',(-91.11993334688,-49.86189252182,22.446));
#6306 = VECTOR('',#6307,1.);
#6307 = DIRECTION('',(0.822357590413,0.568970995298,-0.));
#6308 = ORIENTED_EDGE('',*,*,#6309,.T.);
#6309 = EDGE_CURVE('',#6302,#5479,#6310,.T.);
#6310 = CIRCLE('',#6311,1.15);
#6311 = AXIS2_PLACEMENT_3D('',#6312,#6313,#6314);
#6312 = CARTESIAN_POINT('',(-95.64886288668,-51.93792006419,22.446));
#6313 = DIRECTION('',(0.,0.,-1.));
#6314 = DIRECTION('',(0.913545457643,0.406736643076,0.));
#6315 = ORIENTED_EDGE('',*,*,#5478,.F.);
#6316 = PLANE('',#6317);
#6317 = AXIS2_PLACEMENT_3D('',#6318,#6319,#6320);
#6318 = CARTESIAN_POINT('',(-88.83868421052,-41.89,22.446));
#6319 = DIRECTION('',(0.,0.,1.));
#6320 = DIRECTION('',(1.,0.,0.));
#6321 = ADVANCED_FACE('',(#6322),#6403,.F.);
#6322 = FACE_BOUND('',#6323,.F.);
#6323 = EDGE_LOOP('',(#6324,#6325,#6326,#6327,#6328,#6329,#6337,#6346,
    #6354,#6362,#6371,#6379,#6387,#6396,#6402));
#6324 = ORIENTED_EDGE('',*,*,#5432,.T.);
#6325 = ORIENTED_EDGE('',*,*,#5373,.T.);
#6326 = ORIENTED_EDGE('',*,*,#5342,.T.);
#6327 = ORIENTED_EDGE('',*,*,#5581,.T.);
#6328 = ORIENTED_EDGE('',*,*,#5630,.F.);
#6329 = ORIENTED_EDGE('',*,*,#6330,.F.);
#6330 = EDGE_CURVE('',#6331,#5623,#6333,.T.);
#6331 = VERTEX_POINT('',#6332);
#6332 = CARTESIAN_POINT('',(-82.19267381776,-52.68150980513,22.446));
#6333 = LINE('',#6334,#6335);
#6334 = CARTESIAN_POINT('',(-82.74553236156,-45.92592155085,22.446));
#6335 = VECTOR('',#6336,1.);
#6336 = DIRECTION('',(8.156454073807E-02,-0.996668061941,0.));
#6337 = ORIENTED_EDGE('',*,*,#6338,.T.);
#6338 = EDGE_CURVE('',#6331,#6339,#6341,.T.);
#6339 = VERTEX_POINT('',#6340);
#6340 = CARTESIAN_POINT('',(-82.31543404066,-51.18145607672,22.446));
#6341 = CIRCLE('',#6342,1.15);
#6342 = AXIS2_PLACEMENT_3D('',#6343,#6344,#6345);
#6343 = CARTESIAN_POINT('',(-81.38735824505,-51.86055497791,22.446));
#6344 = DIRECTION('',(0.,0.,-1.));
#6345 = DIRECTION('',(0.913545457643,0.406736643076,0.));
#6346 = ORIENTED_EDGE('',*,*,#6347,.F.);
#6347 = EDGE_CURVE('',#6348,#6339,#6350,.T.);
#6348 = VERTEX_POINT('',#6349);
#6349 = CARTESIAN_POINT('',(-82.37690474407,-50.43032223503,22.446));
#6350 = LINE('',#6351,#6352);
#6351 = CARTESIAN_POINT('',(-82.74553236156,-45.92592155085,22.446));
#6352 = VECTOR('',#6353,1.);
#6353 = DIRECTION('',(8.156454073807E-02,-0.996668061941,0.));
#6354 = ORIENTED_EDGE('',*,*,#6355,.F.);
#6355 = EDGE_CURVE('',#6356,#6348,#6358,.T.);
#6356 = VERTEX_POINT('',#6357);
#6357 = CARTESIAN_POINT('',(-81.69566851907,-50.7526539106,22.446));
#6358 = LINE('',#6359,#6360);
#6359 = CARTESIAN_POINT('',(-85.30618112416,-49.04431466648,22.446));
#6360 = VECTOR('',#6361,1.);
#6361 = DIRECTION('',(-0.903922131151,0.427697066644,0.));
#6362 = ORIENTED_EDGE('',*,*,#6363,.T.);
#6363 = EDGE_CURVE('',#6356,#6364,#6366,.T.);
#6364 = VERTEX_POINT('',#6365);
#6365 = CARTESIAN_POINT('',(-80.33520331111,-51.39636752118,22.446));
#6366 = CIRCLE('',#6367,1.15);
#6367 = AXIS2_PLACEMENT_3D('',#6368,#6369,#6370);
#6368 = CARTESIAN_POINT('',(-81.38735824505,-51.86055497791,22.446));
#6369 = DIRECTION('',(0.,0.,-1.));
#6370 = DIRECTION('',(0.913545457643,0.406736643076,0.));
#6371 = ORIENTED_EDGE('',*,*,#6372,.F.);
#6372 = EDGE_CURVE('',#6373,#6364,#6375,.T.);
#6373 = VERTEX_POINT('',#6374);
#6374 = CARTESIAN_POINT('',(-79.65396768527,-51.71869891326,22.446));
#6375 = LINE('',#6376,#6377);
#6376 = CARTESIAN_POINT('',(-85.30618112416,-49.04431466648,22.446));
#6377 = VECTOR('',#6378,1.);
#6378 = DIRECTION('',(-0.903922131151,0.427697066644,0.));
#6379 = ORIENTED_EDGE('',*,*,#6380,.F.);
#6380 = EDGE_CURVE('',#6381,#6373,#6383,.T.);
#6381 = VERTEX_POINT('',#6382);
#6382 = CARTESIAN_POINT('',(-80.27373250407,-52.14750045885,22.446));
#6383 = LINE('',#6384,#6385);
#6384 = CARTESIAN_POINT('',(-81.69885635491,-53.13351207386,22.446));
#6385 = VECTOR('',#6386,1.);
#6386 = DIRECTION('',(0.822357590413,0.568970995298,-0.));
#6387 = ORIENTED_EDGE('',*,*,#6388,.T.);
#6388 = EDGE_CURVE('',#6381,#6389,#6391,.T.);
#6389 = VERTEX_POINT('',#6390);
#6390 = CARTESIAN_POINT('',(-81.51143811945,-53.00384154949,22.446));
#6391 = CIRCLE('',#6392,1.15);
#6392 = AXIS2_PLACEMENT_3D('',#6393,#6394,#6395);
#6393 = CARTESIAN_POINT('',(-81.38735824505,-51.86055497791,22.446));
#6394 = DIRECTION('',(0.,0.,-1.));
#6395 = DIRECTION('',(0.913545457643,0.406736643076,0.));
#6396 = ORIENTED_EDGE('',*,*,#6397,.F.);
#6397 = EDGE_CURVE('',#5597,#6389,#6398,.T.);
#6398 = LINE('',#6399,#6400);
#6399 = CARTESIAN_POINT('',(-81.69885635491,-53.13351207386,22.446));
#6400 = VECTOR('',#6401,1.);
#6401 = DIRECTION('',(0.822357590413,0.568970995298,-0.));
#6402 = ORIENTED_EDGE('',*,*,#5596,.F.);
#6403 = PLANE('',#6404);
#6404 = AXIS2_PLACEMENT_3D('',#6405,#6406,#6407);
#6405 = CARTESIAN_POINT('',(-88.83868421052,-41.89,22.446));
#6406 = DIRECTION('',(0.,0.,1.));
#6407 = DIRECTION('',(1.,0.,0.));
#6408 = ADVANCED_FACE('',(#6409),#6445,.F.);
#6409 = FACE_BOUND('',#6410,.F.);
#6410 = EDGE_LOOP('',(#6411,#6421,#6430,#6436,#6437,#6438));
#6411 = ORIENTED_EDGE('',*,*,#6412,.F.);
#6412 = EDGE_CURVE('',#6413,#6415,#6417,.T.);
#6413 = VERTEX_POINT('',#6414);
#6414 = CARTESIAN_POINT('',(-96.4541784594,-52.75887489141,29.36));
#6415 = VERTEX_POINT('',#6416);
#6416 = CARTESIAN_POINT('',(-96.4541784594,-52.75887489141,22.36));
#6417 = LINE('',#6418,#6419);
#6418 = CARTESIAN_POINT('',(-96.4541784594,-52.75887489141,22.36));
#6419 = VECTOR('',#6420,1.);
#6420 = DIRECTION('',(0.,-0.,-1.));
#6421 = ORIENTED_EDGE('',*,*,#6422,.F.);
#6422 = EDGE_CURVE('',#6423,#6413,#6425,.T.);
#6423 = VERTEX_POINT('',#6424);
#6424 = CARTESIAN_POINT('',(-96.5769386823,-51.258821163,29.36));
#6425 = CIRCLE('',#6426,1.15);
#6426 = AXIS2_PLACEMENT_3D('',#6427,#6428,#6429);
#6427 = CARTESIAN_POINT('',(-95.64886288668,-51.93792006419,29.36));
#6428 = DIRECTION('',(0.,-0.,1.));
#6429 = DIRECTION('',(0.913545457643,0.406736643076,0.));
#6430 = ORIENTED_EDGE('',*,*,#6431,.T.);
#6431 = EDGE_CURVE('',#6423,#6260,#6432,.T.);
#6432 = LINE('',#6433,#6434);
#6433 = CARTESIAN_POINT('',(-96.5769386823,-51.258821163,22.36));
#6434 = VECTOR('',#6435,1.);
#6435 = DIRECTION('',(0.,-0.,-1.));
#6436 = ORIENTED_EDGE('',*,*,#6259,.F.);
#6437 = ORIENTED_EDGE('',*,*,#5504,.F.);
#6438 = ORIENTED_EDGE('',*,*,#6439,.T.);
#6439 = EDGE_CURVE('',#5496,#6415,#6440,.T.);
#6440 = CIRCLE('',#6441,1.15);
#6441 = AXIS2_PLACEMENT_3D('',#6442,#6443,#6444);
#6442 = CARTESIAN_POINT('',(-95.64886288668,-51.93792006419,22.36));
#6443 = DIRECTION('',(0.,-0.,1.));
#6444 = DIRECTION('',(0.913545457643,0.406736643076,0.));
#6445 = CYLINDRICAL_SURFACE('',#6446,1.15);
#6446 = AXIS2_PLACEMENT_3D('',#6447,#6448,#6449);
#6447 = CARTESIAN_POINT('',(-95.64886288668,-51.93792006419,22.36));
#6448 = DIRECTION('',(0.,-0.,-1.));
#6449 = DIRECTION('',(0.913545457643,0.406736643076,0.));
#6450 = ADVANCED_FACE('',(#6451),#6478,.F.);
#6451 = FACE_BOUND('',#6452,.F.);
#6452 = EDGE_LOOP('',(#6453,#6454,#6463,#6471,#6477));
#6453 = ORIENTED_EDGE('',*,*,#5495,.T.);
#6454 = ORIENTED_EDGE('',*,*,#6455,.F.);
#6455 = EDGE_CURVE('',#6456,#5488,#6458,.T.);
#6456 = VERTEX_POINT('',#6457);
#6457 = CARTESIAN_POINT('',(-95.77294276109,-53.08120663577,22.36));
#6458 = CIRCLE('',#6459,1.15);
#6459 = AXIS2_PLACEMENT_3D('',#6460,#6461,#6462);
#6460 = CARTESIAN_POINT('',(-95.64886288668,-51.93792006419,22.36));
#6461 = DIRECTION('',(0.,-0.,1.));
#6462 = DIRECTION('',(0.913545457643,0.406736643076,0.));
#6463 = ORIENTED_EDGE('',*,*,#6464,.F.);
#6464 = EDGE_CURVE('',#6465,#6456,#6467,.T.);
#6465 = VERTEX_POINT('',#6466);
#6466 = CARTESIAN_POINT('',(-96.39270778929,-53.51000832625,22.36));
#6467 = LINE('',#6468,#6469);
#6468 = CARTESIAN_POINT('',(-96.39270778929,-53.51000832625,22.36));
#6469 = VECTOR('',#6470,1.);
#6470 = DIRECTION('',(0.822357590413,0.568970995298,0.));
#6471 = ORIENTED_EDGE('',*,*,#6472,.F.);
#6472 = EDGE_CURVE('',#6415,#6465,#6473,.T.);
#6473 = LINE('',#6474,#6475);
#6474 = CARTESIAN_POINT('',(-96.6384093857,-50.50768732131,22.36));
#6475 = VECTOR('',#6476,1.);
#6476 = DIRECTION('',(8.156454073807E-02,-0.996668061941,0.));
#6477 = ORIENTED_EDGE('',*,*,#6439,.F.);
#6478 = PLANE('',#6479);
#6479 = AXIS2_PLACEMENT_3D('',#6480,#6481,#6482);
#6480 = CARTESIAN_POINT('',(-95.64884041474,-51.93789243539,22.36));
#6481 = DIRECTION('',(0.,-0.,-1.));
#6482 = DIRECTION('',(-0.913545457643,-0.406736643076,0.));
#6483 = ADVANCED_FACE('',(#6484),#6512,.F.);
#6484 = FACE_BOUND('',#6485,.F.);
#6485 = EDGE_LOOP('',(#6486,#6497,#6503,#6504,#6505,#6506));
#6486 = ORIENTED_EDGE('',*,*,#6487,.F.);
#6487 = EDGE_CURVE('',#6488,#6490,#6492,.T.);
#6488 = VERTEX_POINT('',#6489);
#6489 = CARTESIAN_POINT('',(-95.77294276109,-53.08120663577,29.36));
#6490 = VERTEX_POINT('',#6491);
#6491 = CARTESIAN_POINT('',(-94.53523714571,-52.22486554513,29.36));
#6492 = CIRCLE('',#6493,1.15);
#6493 = AXIS2_PLACEMENT_3D('',#6494,#6495,#6496);
#6494 = CARTESIAN_POINT('',(-95.64886288668,-51.93792006419,29.36));
#6495 = DIRECTION('',(0.,-0.,1.));
#6496 = DIRECTION('',(0.913545457643,0.406736643076,0.));
#6497 = ORIENTED_EDGE('',*,*,#6498,.T.);
#6498 = EDGE_CURVE('',#6488,#6456,#6499,.T.);
#6499 = LINE('',#6500,#6501);
#6500 = CARTESIAN_POINT('',(-95.77294276109,-53.08120663577,22.36));
#6501 = VECTOR('',#6502,1.);
#6502 = DIRECTION('',(0.,-0.,-1.));
#6503 = ORIENTED_EDGE('',*,*,#6455,.T.);
#6504 = ORIENTED_EDGE('',*,*,#5487,.T.);
#6505 = ORIENTED_EDGE('',*,*,#6309,.F.);
#6506 = ORIENTED_EDGE('',*,*,#6507,.F.);
#6507 = EDGE_CURVE('',#6490,#6302,#6508,.T.);
#6508 = LINE('',#6509,#6510);
#6509 = CARTESIAN_POINT('',(-94.53523714571,-52.22486554513,22.36));
#6510 = VECTOR('',#6511,1.);
#6511 = DIRECTION('',(0.,-0.,-1.));
#6512 = CYLINDRICAL_SURFACE('',#6513,1.15);
#6513 = AXIS2_PLACEMENT_3D('',#6514,#6515,#6516);
#6514 = CARTESIAN_POINT('',(-95.64886288668,-51.93792006419,22.36));
#6515 = DIRECTION('',(0.,-0.,-1.));
#6516 = DIRECTION('',(0.913545457643,0.406736643076,0.));
#6517 = ADVANCED_FACE('',(#6518),#6552,.F.);
#6518 = FACE_BOUND('',#6519,.F.);
#6519 = EDGE_LOOP('',(#6520,#6530,#6536,#6537,#6538,#6546));
#6520 = ORIENTED_EDGE('',*,*,#6521,.F.);
#6521 = EDGE_CURVE('',#6522,#6524,#6526,.T.);
#6522 = VERTEX_POINT('',#6523);
#6523 = CARTESIAN_POINT('',(-82.19267381776,-52.68150980513,29.35));
#6524 = VERTEX_POINT('',#6525);
#6525 = CARTESIAN_POINT('',(-82.13120314765,-53.43264323997,29.35));
#6526 = LINE('',#6527,#6528);
#6527 = CARTESIAN_POINT('',(-82.37690474407,-50.43032223503,29.35));
#6528 = VECTOR('',#6529,1.);
#6529 = DIRECTION('',(8.156454073807E-02,-0.996668061941,0.));
#6530 = ORIENTED_EDGE('',*,*,#6531,.T.);
#6531 = EDGE_CURVE('',#6522,#6331,#6532,.T.);
#6532 = LINE('',#6533,#6534);
#6533 = CARTESIAN_POINT('',(-82.19267381776,-52.68150980513,22.35));
#6534 = VECTOR('',#6535,1.);
#6535 = DIRECTION('',(0.,-0.,-1.));
#6536 = ORIENTED_EDGE('',*,*,#6330,.T.);
#6537 = ORIENTED_EDGE('',*,*,#5622,.F.);
#6538 = ORIENTED_EDGE('',*,*,#6539,.T.);
#6539 = EDGE_CURVE('',#5614,#6540,#6542,.T.);
#6540 = VERTEX_POINT('',#6541);
#6541 = CARTESIAN_POINT('',(-82.13120314765,-53.43264323997,22.35));
#6542 = LINE('',#6543,#6544);
#6543 = CARTESIAN_POINT('',(-82.37690474407,-50.43032223503,22.35));
#6544 = VECTOR('',#6545,1.);
#6545 = DIRECTION('',(8.156454073807E-02,-0.996668061941,0.));
#6546 = ORIENTED_EDGE('',*,*,#6547,.F.);
#6547 = EDGE_CURVE('',#6524,#6540,#6548,.T.);
#6548 = LINE('',#6549,#6550);
#6549 = CARTESIAN_POINT('',(-82.13120314765,-53.43264323997,29.35));
#6550 = VECTOR('',#6551,1.);
#6551 = DIRECTION('',(0.,-0.,-1.));
#6552 = PLANE('',#6553);
#6553 = AXIS2_PLACEMENT_3D('',#6554,#6555,#6556);
#6554 = CARTESIAN_POINT('',(-82.37690474407,-50.43032223503,29.35));
#6555 = DIRECTION('',(-0.996668061941,-8.156454073807E-02,0.));
#6556 = DIRECTION('',(8.156454073807E-02,-0.996668061941,0.));
#6557 = ADVANCED_FACE('',(#6558),#6568,.F.);
#6558 = FACE_BOUND('',#6559,.F.);
#6559 = EDGE_LOOP('',(#6560,#6561,#6567));
#6560 = ORIENTED_EDGE('',*,*,#5613,.T.);
#6561 = ORIENTED_EDGE('',*,*,#6562,.F.);
#6562 = EDGE_CURVE('',#6540,#5606,#6563,.T.);
#6563 = LINE('',#6564,#6565);
#6564 = CARTESIAN_POINT('',(-82.13120314765,-53.43264323997,22.35));
#6565 = VECTOR('',#6566,1.);
#6566 = DIRECTION('',(0.822357590413,0.568970995298,0.));
#6567 = ORIENTED_EDGE('',*,*,#6539,.F.);
#6568 = PLANE('',#6569);
#6569 = AXIS2_PLACEMENT_3D('',#6570,#6571,#6572);
#6570 = CARTESIAN_POINT('',(-81.3873357731,-51.86052734911,22.35));
#6571 = DIRECTION('',(0.,-0.,-1.));
#6572 = DIRECTION('',(-0.913545457643,-0.406736643076,0.));
#6573 = ADVANCED_FACE('',(#6574),#6594,.F.);
#6574 = FACE_BOUND('',#6575,.F.);
#6575 = EDGE_LOOP('',(#6576,#6584,#6585,#6586,#6587,#6588));
#6576 = ORIENTED_EDGE('',*,*,#6577,.F.);
#6577 = EDGE_CURVE('',#6524,#6578,#6580,.T.);
#6578 = VERTEX_POINT('',#6579);
#6579 = CARTESIAN_POINT('',(-81.51143811945,-53.00384154949,29.35));
#6580 = LINE('',#6581,#6582);
#6581 = CARTESIAN_POINT('',(-82.13120314765,-53.43264323997,29.35));
#6582 = VECTOR('',#6583,1.);
#6583 = DIRECTION('',(0.822357590413,0.568970995298,0.));
#6584 = ORIENTED_EDGE('',*,*,#6547,.T.);
#6585 = ORIENTED_EDGE('',*,*,#6562,.T.);
#6586 = ORIENTED_EDGE('',*,*,#5605,.T.);
#6587 = ORIENTED_EDGE('',*,*,#6397,.T.);
#6588 = ORIENTED_EDGE('',*,*,#6589,.F.);
#6589 = EDGE_CURVE('',#6578,#6389,#6590,.T.);
#6590 = LINE('',#6591,#6592);
#6591 = CARTESIAN_POINT('',(-81.51143811945,-53.00384154949,22.35));
#6592 = VECTOR('',#6593,1.);
#6593 = DIRECTION('',(0.,-0.,-1.));
#6594 = PLANE('',#6595);
#6595 = AXIS2_PLACEMENT_3D('',#6596,#6597,#6598);
#6596 = CARTESIAN_POINT('',(-82.13120314765,-53.43264323997,29.35));
#6597 = DIRECTION('',(0.568970995298,-0.822357590413,0.));
#6598 = DIRECTION('',(0.822357590413,0.568970995298,0.));
#6599 = ADVANCED_FACE('',(#6600),#6634,.F.);
#6600 = FACE_BOUND('',#6601,.F.);
#6601 = EDGE_LOOP('',(#6602,#6612,#6618,#6619,#6620,#6628));
#6602 = ORIENTED_EDGE('',*,*,#6603,.F.);
#6603 = EDGE_CURVE('',#6604,#6606,#6608,.T.);
#6604 = VERTEX_POINT('',#6605);
#6605 = CARTESIAN_POINT('',(-81.66814868727,-30.75234284655,29.34));
#6606 = VERTEX_POINT('',#6607);
#6607 = CARTESIAN_POINT('',(-82.34938491227,-30.43001117098,29.34));
#6608 = LINE('',#6609,#6610);
#6609 = CARTESIAN_POINT('',(-79.62644785347,-31.7183878492,29.34));
#6610 = VECTOR('',#6611,1.);
#6611 = DIRECTION('',(-0.903922131151,0.427697066644,0.));
#6612 = ORIENTED_EDGE('',*,*,#6613,.T.);
#6613 = EDGE_CURVE('',#6604,#6172,#6614,.T.);
#6614 = LINE('',#6615,#6616);
#6615 = CARTESIAN_POINT('',(-81.66814868727,-30.75234284655,22.34));
#6616 = VECTOR('',#6617,1.);
#6617 = DIRECTION('',(0.,-0.,-1.));
#6618 = ORIENTED_EDGE('',*,*,#6171,.T.);
#6619 = ORIENTED_EDGE('',*,*,#5722,.F.);
#6620 = ORIENTED_EDGE('',*,*,#6621,.T.);
#6621 = EDGE_CURVE('',#5714,#6622,#6624,.T.);
#6622 = VERTEX_POINT('',#6623);
#6623 = CARTESIAN_POINT('',(-82.34938491227,-30.43001117098,22.34));
#6624 = LINE('',#6625,#6626);
#6625 = CARTESIAN_POINT('',(-79.62644785347,-31.7183878492,22.34));
#6626 = VECTOR('',#6627,1.);
#6627 = DIRECTION('',(-0.903922131151,0.427697066644,0.));
#6628 = ORIENTED_EDGE('',*,*,#6629,.F.);
#6629 = EDGE_CURVE('',#6606,#6622,#6630,.T.);
#6630 = LINE('',#6631,#6632);
#6631 = CARTESIAN_POINT('',(-82.34938491227,-30.43001117098,29.34));
#6632 = VECTOR('',#6633,1.);
#6633 = DIRECTION('',(0.,-0.,-1.));
#6634 = PLANE('',#6635);
#6635 = AXIS2_PLACEMENT_3D('',#6636,#6637,#6638);
#6636 = CARTESIAN_POINT('',(-79.62644785347,-31.7183878492,29.34));
#6637 = DIRECTION('',(0.427697066644,0.903922131151,0.));
#6638 = DIRECTION('',(-0.903922131151,0.427697066644,0.));
#6639 = ADVANCED_FACE('',(#6640),#6650,.F.);
#6640 = FACE_BOUND('',#6641,.F.);
#6641 = EDGE_LOOP('',(#6642,#6643,#6644));
#6642 = ORIENTED_EDGE('',*,*,#6621,.F.);
#6643 = ORIENTED_EDGE('',*,*,#5713,.T.);
#6644 = ORIENTED_EDGE('',*,*,#6645,.F.);
#6645 = EDGE_CURVE('',#6622,#5706,#6646,.T.);
#6646 = LINE('',#6647,#6648);
#6647 = CARTESIAN_POINT('',(-82.34938491227,-30.43001117098,22.34));
#6648 = VECTOR('',#6649,1.);
#6649 = DIRECTION('',(8.156454073807E-02,-0.996668061941,0.));
#6650 = PLANE('',#6651);
#6651 = AXIS2_PLACEMENT_3D('',#6652,#6653,#6654);
#6652 = CARTESIAN_POINT('',(-81.3598159413,-31.86021628506,22.34));
#6653 = DIRECTION('',(0.,-0.,-1.));
#6654 = DIRECTION('',(-0.913545457643,-0.406736643076,0.));
#6655 = ADVANCED_FACE('',(#6656),#6676,.F.);
#6656 = FACE_BOUND('',#6657,.F.);
#6657 = EDGE_LOOP('',(#6658,#6666,#6667,#6668,#6669,#6670));
#6658 = ORIENTED_EDGE('',*,*,#6659,.F.);
#6659 = EDGE_CURVE('',#6606,#6660,#6662,.T.);
#6660 = VERTEX_POINT('',#6661);
#6661 = CARTESIAN_POINT('',(-82.28791420886,-31.18114501267,29.34));
#6662 = LINE('',#6663,#6664);
#6663 = CARTESIAN_POINT('',(-82.34938491227,-30.43001117098,29.34));
#6664 = VECTOR('',#6665,1.);
#6665 = DIRECTION('',(8.156454073807E-02,-0.996668061941,0.));
#6666 = ORIENTED_EDGE('',*,*,#6629,.T.);
#6667 = ORIENTED_EDGE('',*,*,#6645,.T.);
#6668 = ORIENTED_EDGE('',*,*,#5705,.T.);
#6669 = ORIENTED_EDGE('',*,*,#6238,.T.);
#6670 = ORIENTED_EDGE('',*,*,#6671,.F.);
#6671 = EDGE_CURVE('',#6660,#6230,#6672,.T.);
#6672 = LINE('',#6673,#6674);
#6673 = CARTESIAN_POINT('',(-82.28791420886,-31.18114501267,22.34));
#6674 = VECTOR('',#6675,1.);
#6675 = DIRECTION('',(0.,-0.,-1.));
#6676 = PLANE('',#6677);
#6677 = AXIS2_PLACEMENT_3D('',#6678,#6679,#6680);
#6678 = CARTESIAN_POINT('',(-82.34938491227,-30.43001117098,29.34));
#6679 = DIRECTION('',(-0.996668061941,-8.156454073807E-02,0.));
#6680 = DIRECTION('',(8.156454073807E-02,-0.996668061941,0.));
#6681 = ADVANCED_FACE('',(#6682),#6716,.F.);
#6682 = FACE_BOUND('',#6683,.F.);
#6683 = EDGE_LOOP('',(#6684,#6694,#6700,#6701,#6702,#6710));
#6684 = ORIENTED_EDGE('',*,*,#6685,.F.);
#6685 = EDGE_CURVE('',#6686,#6688,#6690,.T.);
#6686 = VERTEX_POINT('',#6687);
#6687 = CARTESIAN_POINT('',(-95.87890796788,-30.79616827967,29.34));
#6688 = VERTEX_POINT('',#6689);
#6689 = CARTESIAN_POINT('',(-96.56014419288,-30.4738366041,29.34));
#6690 = LINE('',#6691,#6692);
#6691 = CARTESIAN_POINT('',(-93.83720713408,-31.76221328232,29.34));
#6692 = VECTOR('',#6693,1.);
#6693 = DIRECTION('',(-0.903922131151,0.427697066644,0.));
#6694 = ORIENTED_EDGE('',*,*,#6695,.T.);
#6695 = EDGE_CURVE('',#6686,#6085,#6696,.T.);
#6696 = LINE('',#6697,#6698);
#6697 = CARTESIAN_POINT('',(-95.87890796788,-30.79616827967,22.34));
#6698 = VECTOR('',#6699,1.);
#6699 = DIRECTION('',(0.,-0.,-1.));
#6700 = ORIENTED_EDGE('',*,*,#6084,.T.);
#6701 = ORIENTED_EDGE('',*,*,#5864,.F.);
#6702 = ORIENTED_EDGE('',*,*,#6703,.T.);
#6703 = EDGE_CURVE('',#5856,#6704,#6706,.T.);
#6704 = VERTEX_POINT('',#6705);
#6705 = CARTESIAN_POINT('',(-96.56014419288,-30.4738366041,22.34));
#6706 = LINE('',#6707,#6708);
#6707 = CARTESIAN_POINT('',(-93.83720713408,-31.76221328232,22.34));
#6708 = VECTOR('',#6709,1.);
#6709 = DIRECTION('',(-0.903922131151,0.427697066644,0.));
#6710 = ORIENTED_EDGE('',*,*,#6711,.F.);
#6711 = EDGE_CURVE('',#6688,#6704,#6712,.T.);
#6712 = LINE('',#6713,#6714);
#6713 = CARTESIAN_POINT('',(-96.56014419288,-30.4738366041,29.34));
#6714 = VECTOR('',#6715,1.);
#6715 = DIRECTION('',(0.,-0.,-1.));
#6716 = PLANE('',#6717);
#6717 = AXIS2_PLACEMENT_3D('',#6718,#6719,#6720);
#6718 = CARTESIAN_POINT('',(-93.83720713408,-31.76221328232,29.34));
#6719 = DIRECTION('',(0.427697066644,0.903922131151,0.));
#6720 = DIRECTION('',(-0.903922131151,0.427697066644,0.));
#6721 = ADVANCED_FACE('',(#6722),#6732,.F.);
#6722 = FACE_BOUND('',#6723,.F.);
#6723 = EDGE_LOOP('',(#6724,#6725,#6726));
#6724 = ORIENTED_EDGE('',*,*,#6703,.F.);
#6725 = ORIENTED_EDGE('',*,*,#5855,.T.);
#6726 = ORIENTED_EDGE('',*,*,#6727,.F.);
#6727 = EDGE_CURVE('',#6704,#5848,#6728,.T.);
#6728 = LINE('',#6729,#6730);
#6729 = CARTESIAN_POINT('',(-96.56014419288,-30.4738366041,22.34));
#6730 = VECTOR('',#6731,1.);
#6731 = DIRECTION('',(8.156454073807E-02,-0.996668061941,0.));
#6732 = PLANE('',#6733);
#6733 = AXIS2_PLACEMENT_3D('',#6734,#6735,#6736);
#6734 = CARTESIAN_POINT('',(-95.57057522191,-31.90404171818,22.34));
#6735 = DIRECTION('',(0.,-0.,-1.));
#6736 = DIRECTION('',(-0.913545457643,-0.406736643076,0.));
#6737 = ADVANCED_FACE('',(#6738),#6758,.F.);
#6738 = FACE_BOUND('',#6739,.F.);
#6739 = EDGE_LOOP('',(#6740,#6748,#6749,#6750,#6751,#6752));
#6740 = ORIENTED_EDGE('',*,*,#6741,.F.);
#6741 = EDGE_CURVE('',#6688,#6742,#6744,.T.);
#6742 = VERTEX_POINT('',#6743);
#6743 = CARTESIAN_POINT('',(-96.49867348947,-31.22497044578,29.34));
#6744 = LINE('',#6745,#6746);
#6745 = CARTESIAN_POINT('',(-96.56014419288,-30.4738366041,29.34));
#6746 = VECTOR('',#6747,1.);
#6747 = DIRECTION('',(8.156454073807E-02,-0.996668061941,0.));
#6748 = ORIENTED_EDGE('',*,*,#6711,.T.);
#6749 = ORIENTED_EDGE('',*,*,#6727,.T.);
#6750 = ORIENTED_EDGE('',*,*,#5847,.T.);
#6751 = ORIENTED_EDGE('',*,*,#6151,.T.);
#6752 = ORIENTED_EDGE('',*,*,#6753,.F.);
#6753 = EDGE_CURVE('',#6742,#6143,#6754,.T.);
#6754 = LINE('',#6755,#6756);
#6755 = CARTESIAN_POINT('',(-96.49867348947,-31.22497044578,22.34));
#6756 = VECTOR('',#6757,1.);
#6757 = DIRECTION('',(0.,-0.,-1.));
#6758 = PLANE('',#6759);
#6759 = AXIS2_PLACEMENT_3D('',#6760,#6761,#6762);
#6760 = CARTESIAN_POINT('',(-96.56014419288,-30.4738366041,29.34));
#6761 = DIRECTION('',(-0.996668061941,-8.156454073807E-02,0.));
#6762 = DIRECTION('',(8.156454073807E-02,-0.996668061941,0.));
#6763 = ADVANCED_FACE('',(#6764),#6789,.T.);
#6764 = FACE_BOUND('',#6765,.T.);
#6765 = EDGE_LOOP('',(#6766,#6776,#6782,#6783));
#6766 = ORIENTED_EDGE('',*,*,#6767,.F.);
#6767 = EDGE_CURVE('',#6768,#6770,#6772,.T.);
#6768 = VERTEX_POINT('',#6769);
#6769 = CARTESIAN_POINT('',(-67.14428600467,33.486619778391,33.37));
#6770 = VERTEX_POINT('',#6771);
#6771 = CARTESIAN_POINT('',(-66.44,33.080000111674,33.37));
#6772 = LINE('',#6773,#6774);
#6773 = CARTESIAN_POINT('',(-69.74000009671,34.985255832489,33.37));
#6774 = VECTOR('',#6775,1.);
#6775 = DIRECTION('',(0.866025429165,-0.49999995604,-3.16961975189E-17)
  );
#6776 = ORIENTED_EDGE('',*,*,#6777,.F.);
#6777 = EDGE_CURVE('',#5910,#6768,#6778,.T.);
#6778 = LINE('',#6779,#6780);
#6779 = CARTESIAN_POINT('',(-67.14428600467,33.486619778391,33.37));
#6780 = VECTOR('',#6781,1.);
#6781 = DIRECTION('',(8.659560562355E-17,8.659560562355E-17,1.));
#6782 = ORIENTED_EDGE('',*,*,#5909,.T.);
#6783 = ORIENTED_EDGE('',*,*,#6784,.F.);
#6784 = EDGE_CURVE('',#6770,#5912,#6785,.T.);
#6785 = LINE('',#6786,#6787);
#6786 = CARTESIAN_POINT('',(-66.44,33.080000111674,33.37));
#6787 = VECTOR('',#6788,1.);
#6788 = DIRECTION('',(-8.659560562355E-17,-8.659560562355E-17,-1.));
#6789 = PLANE('',#6790);
#6790 = AXIS2_PLACEMENT_3D('',#6791,#6792,#6793);
#6791 = CARTESIAN_POINT('',(-69.74000009671,34.985255832489,33.37));
#6792 = DIRECTION('',(-0.49999995604,-0.866025429165,1.182917955289E-16)
  );
#6793 = DIRECTION('',(0.866025429165,-0.49999995604,-3.16961975189E-17)
  );
#6794 = ADVANCED_FACE('',(#6795),#6814,.F.);
#6795 = FACE_BOUND('',#6796,.F.);
#6796 = EDGE_LOOP('',(#6797,#6798,#6806,#6813));
#6797 = ORIENTED_EDGE('',*,*,#5977,.T.);
#6798 = ORIENTED_EDGE('',*,*,#6799,.T.);
#6799 = EDGE_CURVE('',#5970,#6800,#6802,.T.);
#6800 = VERTEX_POINT('',#6801);
#6801 = CARTESIAN_POINT('',(-69.03571409204,34.578636165772,33.37));
#6802 = LINE('',#6803,#6804);
#6803 = CARTESIAN_POINT('',(-69.03571409204,34.578636165772,33.37));
#6804 = VECTOR('',#6805,1.);
#6805 = DIRECTION('',(8.659560562355E-17,8.659560562355E-17,1.));
#6806 = ORIENTED_EDGE('',*,*,#6807,.T.);
#6807 = EDGE_CURVE('',#6800,#6768,#6808,.T.);
#6808 = CIRCLE('',#6809,1.55);
#6809 = AXIS2_PLACEMENT_3D('',#6810,#6811,#6812);
#6810 = CARTESIAN_POINT('',(-68.64,33.08,33.37));
#6811 = DIRECTION('',(-8.659560562355E-17,-8.659560562355E-17,-1.));
#6812 = DIRECTION('',(-2.22044604925E-16,-1.,8.659560562355E-17));
#6813 = ORIENTED_EDGE('',*,*,#6777,.F.);
#6814 = CYLINDRICAL_SURFACE('',#6815,1.55);
#6815 = AXIS2_PLACEMENT_3D('',#6816,#6817,#6818);
#6816 = CARTESIAN_POINT('',(-68.64,33.08,33.37));
#6817 = DIRECTION('',(8.659560562355E-17,8.659560562355E-17,1.));
#6818 = DIRECTION('',(-2.22044604925E-16,-1.,8.659560562355E-17));
#6819 = ADVANCED_FACE('',(#6820),#6838,.T.);
#6820 = FACE_BOUND('',#6821,.T.);
#6821 = EDGE_LOOP('',(#6822,#6830,#6836,#6837));
#6822 = ORIENTED_EDGE('',*,*,#6823,.F.);
#6823 = EDGE_CURVE('',#6824,#6800,#6826,.T.);
#6824 = VERTEX_POINT('',#6825);
#6825 = CARTESIAN_POINT('',(-69.74000009671,34.985255832489,33.37));
#6826 = LINE('',#6827,#6828);
#6827 = CARTESIAN_POINT('',(-69.74000009671,34.985255832489,33.37));
#6828 = VECTOR('',#6829,1.);
#6829 = DIRECTION('',(0.866025429165,-0.49999995604,-3.16961975189E-17)
  );
#6830 = ORIENTED_EDGE('',*,*,#6831,.T.);
#6831 = EDGE_CURVE('',#6824,#5962,#6832,.T.);
#6832 = LINE('',#6833,#6834);
#6833 = CARTESIAN_POINT('',(-69.74000009671,34.985255832489,33.37));
#6834 = VECTOR('',#6835,1.);
#6835 = DIRECTION('',(-8.659560562355E-17,-8.659560562355E-17,-1.));
#6836 = ORIENTED_EDGE('',*,*,#5969,.T.);
#6837 = ORIENTED_EDGE('',*,*,#6799,.T.);
#6838 = PLANE('',#6839);
#6839 = AXIS2_PLACEMENT_3D('',#6840,#6841,#6842);
#6840 = CARTESIAN_POINT('',(-69.74000009671,34.985255832489,33.37));
#6841 = DIRECTION('',(-0.49999995604,-0.866025429165,1.182917955289E-16)
  );
#6842 = DIRECTION('',(0.866025429165,-0.49999995604,-3.16961975189E-17)
  );
#6843 = ADVANCED_FACE('',(#6844),#6862,.T.);
#6844 = FACE_BOUND('',#6845,.T.);
#6845 = EDGE_LOOP('',(#6846,#6854,#6860,#6861));
#6846 = ORIENTED_EDGE('',*,*,#6847,.F.);
#6847 = EDGE_CURVE('',#6848,#6824,#6850,.T.);
#6848 = VERTEX_POINT('',#6849);
#6849 = CARTESIAN_POINT('',(-69.74000005543,34.172016427555,33.37));
#6850 = LINE('',#6851,#6852);
#6851 = CARTESIAN_POINT('',(-69.73999990328,31.174744055837,33.37));
#6852 = VECTOR('',#6853,1.);
#6853 = DIRECTION('',(-5.076101552796E-08,1.,-8.659560122787E-17));
#6854 = ORIENTED_EDGE('',*,*,#6855,.F.);
#6855 = EDGE_CURVE('',#5953,#6848,#6856,.T.);
#6856 = LINE('',#6857,#6858);
#6857 = CARTESIAN_POINT('',(-69.74000005543,34.172016427555,33.37));
#6858 = VECTOR('',#6859,1.);
#6859 = DIRECTION('',(8.659560562355E-17,8.659560562355E-17,1.));
#6860 = ORIENTED_EDGE('',*,*,#5961,.T.);
#6861 = ORIENTED_EDGE('',*,*,#6831,.F.);
#6862 = PLANE('',#6863);
#6863 = AXIS2_PLACEMENT_3D('',#6864,#6865,#6866);
#6864 = CARTESIAN_POINT('',(-69.73999990328,31.174744055837,33.37));
#6865 = DIRECTION('',(1.,5.076101552796E-08,-8.659561001923E-17));
#6866 = DIRECTION('',(-5.076101552796E-08,1.,-8.659560122787E-17));
#6867 = ADVANCED_FACE('',(#6868),#6887,.F.);
#6868 = FACE_BOUND('',#6869,.F.);
#6869 = EDGE_LOOP('',(#6870,#6871,#6872,#6880));
#6870 = ORIENTED_EDGE('',*,*,#6855,.F.);
#6871 = ORIENTED_EDGE('',*,*,#5952,.T.);
#6872 = ORIENTED_EDGE('',*,*,#6873,.T.);
#6873 = EDGE_CURVE('',#5945,#6874,#6876,.T.);
#6874 = VERTEX_POINT('',#6875);
#6875 = CARTESIAN_POINT('',(-69.73999994456,31.987983460771,33.37));
#6876 = LINE('',#6877,#6878);
#6877 = CARTESIAN_POINT('',(-69.73999994456,31.987983460771,33.37));
#6878 = VECTOR('',#6879,1.);
#6879 = DIRECTION('',(8.659560562355E-17,8.659560562355E-17,1.));
#6880 = ORIENTED_EDGE('',*,*,#6881,.T.);
#6881 = EDGE_CURVE('',#6874,#6848,#6882,.T.);
#6882 = CIRCLE('',#6883,1.55);
#6883 = AXIS2_PLACEMENT_3D('',#6884,#6885,#6886);
#6884 = CARTESIAN_POINT('',(-68.64,33.08,33.37));
#6885 = DIRECTION('',(-8.659560562355E-17,-8.659560562355E-17,-1.));
#6886 = DIRECTION('',(-2.22044604925E-16,-1.,8.659560562355E-17));
#6887 = CYLINDRICAL_SURFACE('',#6888,1.55);
#6888 = AXIS2_PLACEMENT_3D('',#6889,#6890,#6891);
#6889 = CARTESIAN_POINT('',(-68.64,33.08,33.37));
#6890 = DIRECTION('',(8.659560562355E-17,8.659560562355E-17,1.));
#6891 = DIRECTION('',(-2.22044604925E-16,-1.,8.659560562355E-17));
#6892 = ADVANCED_FACE('',(#6893),#6911,.T.);
#6893 = FACE_BOUND('',#6894,.T.);
#6894 = EDGE_LOOP('',(#6895,#6903,#6909,#6910));
#6895 = ORIENTED_EDGE('',*,*,#6896,.F.);
#6896 = EDGE_CURVE('',#6897,#6874,#6899,.T.);
#6897 = VERTEX_POINT('',#6898);
#6898 = CARTESIAN_POINT('',(-69.73999990328,31.174744055837,33.37));
#6899 = LINE('',#6900,#6901);
#6900 = CARTESIAN_POINT('',(-69.73999990328,31.174744055837,33.37));
#6901 = VECTOR('',#6902,1.);
#6902 = DIRECTION('',(-5.076101552796E-08,1.,-8.659560122787E-17));
#6903 = ORIENTED_EDGE('',*,*,#6904,.T.);
#6904 = EDGE_CURVE('',#6897,#5937,#6905,.T.);
#6905 = LINE('',#6906,#6907);
#6906 = CARTESIAN_POINT('',(-69.73999990328,31.174744055837,33.37));
#6907 = VECTOR('',#6908,1.);
#6908 = DIRECTION('',(-8.659560562355E-17,-8.659560562355E-17,-1.));
#6909 = ORIENTED_EDGE('',*,*,#5944,.T.);
#6910 = ORIENTED_EDGE('',*,*,#6873,.T.);
#6911 = PLANE('',#6912);
#6912 = AXIS2_PLACEMENT_3D('',#6913,#6914,#6915);
#6913 = CARTESIAN_POINT('',(-69.73999990328,31.174744055837,33.37));
#6914 = DIRECTION('',(1.,5.076101552796E-08,-8.659561001923E-17));
#6915 = DIRECTION('',(-5.076101552796E-08,1.,-8.659560122787E-17));
#6916 = ADVANCED_FACE('',(#6917),#6935,.T.);
#6917 = FACE_BOUND('',#6918,.T.);
#6918 = EDGE_LOOP('',(#6919,#6927,#6933,#6934));
#6919 = ORIENTED_EDGE('',*,*,#6920,.F.);
#6920 = EDGE_CURVE('',#6921,#6897,#6923,.T.);
#6921 = VERTEX_POINT('',#6922);
#6922 = CARTESIAN_POINT('',(-69.03571393989,31.581363794054,33.37));
#6923 = LINE('',#6924,#6925);
#6924 = CARTESIAN_POINT('',(-66.44,33.080000111674,33.37));
#6925 = VECTOR('',#6926,1.);
#6926 = DIRECTION('',(-0.866025378404,-0.50000004396,1.182917987468E-16)
  );
#6927 = ORIENTED_EDGE('',*,*,#6928,.F.);
#6928 = EDGE_CURVE('',#5928,#6921,#6929,.T.);
#6929 = LINE('',#6930,#6931);
#6930 = CARTESIAN_POINT('',(-69.03571393989,31.581363794054,33.37));
#6931 = VECTOR('',#6932,1.);
#6932 = DIRECTION('',(8.659560562355E-17,8.659560562355E-17,1.));
#6933 = ORIENTED_EDGE('',*,*,#5936,.T.);
#6934 = ORIENTED_EDGE('',*,*,#6904,.F.);
#6935 = PLANE('',#6936);
#6936 = AXIS2_PLACEMENT_3D('',#6937,#6938,#6939);
#6937 = CARTESIAN_POINT('',(-66.44,33.080000111674,33.37));
#6938 = DIRECTION('',(-0.50000004396,0.866025378404,-3.169618550974E-17)
  );
#6939 = DIRECTION('',(-0.866025378404,-0.50000004396,1.182917987468E-16)
  );
#6940 = ADVANCED_FACE('',(#6941),#6969,.F.);
#6941 = FACE_BOUND('',#6942,.F.);
#6942 = EDGE_LOOP('',(#6943,#6951,#6960,#6967,#6968));
#6943 = ORIENTED_EDGE('',*,*,#6944,.T.);
#6944 = EDGE_CURVE('',#5920,#6945,#6947,.T.);
#6945 = VERTEX_POINT('',#6946);
#6946 = CARTESIAN_POINT('',(-67.14428596339,32.673380373457,33.37));
#6947 = LINE('',#6948,#6949);
#6948 = CARTESIAN_POINT('',(-67.14428596339,32.673380373457,33.37));
#6949 = VECTOR('',#6950,1.);
#6950 = DIRECTION('',(8.659560562355E-17,8.659560562355E-17,1.));
#6951 = ORIENTED_EDGE('',*,*,#6952,.T.);
#6952 = EDGE_CURVE('',#6945,#6953,#6955,.T.);
#6953 = VERTEX_POINT('',#6954);
#6954 = CARTESIAN_POINT('',(-68.64,31.53,33.37));
#6955 = CIRCLE('',#6956,1.55);
#6956 = AXIS2_PLACEMENT_3D('',#6957,#6958,#6959);
#6957 = CARTESIAN_POINT('',(-68.64,33.08,33.37));
#6958 = DIRECTION('',(-8.659560562355E-17,-8.659560562355E-17,-1.));
#6959 = DIRECTION('',(-2.22044604925E-16,-1.,8.659560562355E-17));
#6960 = ORIENTED_EDGE('',*,*,#6961,.T.);
#6961 = EDGE_CURVE('',#6953,#6921,#6962,.T.);
#6962 = CIRCLE('',#6963,1.55);
#6963 = AXIS2_PLACEMENT_3D('',#6964,#6965,#6966);
#6964 = CARTESIAN_POINT('',(-68.64,33.08,33.37));
#6965 = DIRECTION('',(-8.659560562355E-17,-8.659560562355E-17,-1.));
#6966 = DIRECTION('',(-2.22044604925E-16,-1.,8.659560562355E-17));
#6967 = ORIENTED_EDGE('',*,*,#6928,.F.);
#6968 = ORIENTED_EDGE('',*,*,#5927,.T.);
#6969 = CYLINDRICAL_SURFACE('',#6970,1.55);
#6970 = AXIS2_PLACEMENT_3D('',#6971,#6972,#6973);
#6971 = CARTESIAN_POINT('',(-68.64,33.08,33.37));
#6972 = DIRECTION('',(8.659560562355E-17,8.659560562355E-17,1.));
#6973 = DIRECTION('',(-2.22044604925E-16,-1.,8.659560562355E-17));
#6974 = ADVANCED_FACE('',(#6975),#6986,.T.);
#6975 = FACE_BOUND('',#6976,.T.);
#6976 = EDGE_LOOP('',(#6977,#6983,#6984,#6985));
#6977 = ORIENTED_EDGE('',*,*,#6978,.F.);
#6978 = EDGE_CURVE('',#6770,#6945,#6979,.T.);
#6979 = LINE('',#6980,#6981);
#6980 = CARTESIAN_POINT('',(-66.44,33.080000111674,33.37));
#6981 = VECTOR('',#6982,1.);
#6982 = DIRECTION('',(-0.866025378404,-0.50000004396,1.182917987468E-16)
  );
#6983 = ORIENTED_EDGE('',*,*,#6784,.T.);
#6984 = ORIENTED_EDGE('',*,*,#5919,.T.);
#6985 = ORIENTED_EDGE('',*,*,#6944,.T.);
#6986 = PLANE('',#6987);
#6987 = AXIS2_PLACEMENT_3D('',#6988,#6989,#6990);
#6988 = CARTESIAN_POINT('',(-66.44,33.080000111674,33.37));
#6989 = DIRECTION('',(-0.50000004396,0.866025378404,-3.169618550974E-17)
  );
#6990 = DIRECTION('',(-0.866025378404,-0.50000004396,1.182917987468E-16)
  );
#6991 = ADVANCED_FACE('',(#6992),#7017,.T.);
#6992 = FACE_BOUND('',#6993,.T.);
#6993 = EDGE_LOOP('',(#6994,#7004,#7010,#7011));
#6994 = ORIENTED_EDGE('',*,*,#6995,.F.);
#6995 = EDGE_CURVE('',#6996,#6998,#7000,.T.);
#6996 = VERTEX_POINT('',#6997);
#6997 = CARTESIAN_POINT('',(-67.10428600467,-68.2033802216,33.37));
#6998 = VERTEX_POINT('',#6999);
#6999 = CARTESIAN_POINT('',(-66.4,-68.60999988832,33.37));
#7000 = LINE('',#7001,#7002);
#7001 = CARTESIAN_POINT('',(-69.70000009671,-66.70474416751,33.37));
#7002 = VECTOR('',#7003,1.);
#7003 = DIRECTION('',(0.866025429165,-0.49999995604,-3.16961975189E-17)
  );
#7004 = ORIENTED_EDGE('',*,*,#7005,.F.);
#7005 = EDGE_CURVE('',#5996,#6996,#7006,.T.);
#7006 = LINE('',#7007,#7008);
#7007 = CARTESIAN_POINT('',(-67.10428600467,-68.2033802216,33.37));
#7008 = VECTOR('',#7009,1.);
#7009 = DIRECTION('',(8.659560562355E-17,8.659560562355E-17,1.));
#7010 = ORIENTED_EDGE('',*,*,#5995,.T.);
#7011 = ORIENTED_EDGE('',*,*,#7012,.F.);
#7012 = EDGE_CURVE('',#6998,#5998,#7013,.T.);
#7013 = LINE('',#7014,#7015);
#7014 = CARTESIAN_POINT('',(-66.4,-68.60999988832,33.37));
#7015 = VECTOR('',#7016,1.);
#7016 = DIRECTION('',(-8.659560562355E-17,-8.659560562355E-17,-1.));
#7017 = PLANE('',#7018);
#7018 = AXIS2_PLACEMENT_3D('',#7019,#7020,#7021);
#7019 = CARTESIAN_POINT('',(-69.70000009671,-66.70474416751,33.37));
#7020 = DIRECTION('',(-0.49999995604,-0.866025429165,1.182917955289E-16)
  );
#7021 = DIRECTION('',(0.866025429165,-0.49999995604,-3.16961975189E-17)
  );
#7022 = ADVANCED_FACE('',(#7023),#7042,.F.);
#7023 = FACE_BOUND('',#7024,.F.);
#7024 = EDGE_LOOP('',(#7025,#7026,#7034,#7041));
#7025 = ORIENTED_EDGE('',*,*,#6063,.T.);
#7026 = ORIENTED_EDGE('',*,*,#7027,.T.);
#7027 = EDGE_CURVE('',#6056,#7028,#7030,.T.);
#7028 = VERTEX_POINT('',#7029);
#7029 = CARTESIAN_POINT('',(-68.99571409204,-67.11136383422,33.37));
#7030 = LINE('',#7031,#7032);
#7031 = CARTESIAN_POINT('',(-68.99571409204,-67.11136383422,33.37));
#7032 = VECTOR('',#7033,1.);
#7033 = DIRECTION('',(8.659560562355E-17,8.659560562355E-17,1.));
#7034 = ORIENTED_EDGE('',*,*,#7035,.T.);
#7035 = EDGE_CURVE('',#7028,#6996,#7036,.T.);
#7036 = CIRCLE('',#7037,1.55);
#7037 = AXIS2_PLACEMENT_3D('',#7038,#7039,#7040);
#7038 = CARTESIAN_POINT('',(-68.6,-68.61,33.37));
#7039 = DIRECTION('',(-8.659560562355E-17,-8.659560562355E-17,-1.));
#7040 = DIRECTION('',(-2.22044604925E-16,-1.,8.659560562355E-17));
#7041 = ORIENTED_EDGE('',*,*,#7005,.F.);
#7042 = CYLINDRICAL_SURFACE('',#7043,1.55);
#7043 = AXIS2_PLACEMENT_3D('',#7044,#7045,#7046);
#7044 = CARTESIAN_POINT('',(-68.6,-68.61,33.37));
#7045 = DIRECTION('',(8.659560562355E-17,8.659560562355E-17,1.));
#7046 = DIRECTION('',(-2.22044604925E-16,-1.,8.659560562355E-17));
#7047 = ADVANCED_FACE('',(#7048),#7066,.T.);
#7048 = FACE_BOUND('',#7049,.T.);
#7049 = EDGE_LOOP('',(#7050,#7058,#7064,#7065));
#7050 = ORIENTED_EDGE('',*,*,#7051,.F.);
#7051 = EDGE_CURVE('',#7052,#7028,#7054,.T.);
#7052 = VERTEX_POINT('',#7053);
#7053 = CARTESIAN_POINT('',(-69.70000009671,-66.70474416751,33.37));
#7054 = LINE('',#7055,#7056);
#7055 = CARTESIAN_POINT('',(-69.70000009671,-66.70474416751,33.37));
#7056 = VECTOR('',#7057,1.);
#7057 = DIRECTION('',(0.866025429165,-0.49999995604,-3.16961975189E-17)
  );
#7058 = ORIENTED_EDGE('',*,*,#7059,.T.);
#7059 = EDGE_CURVE('',#7052,#6048,#7060,.T.);
#7060 = LINE('',#7061,#7062);
#7061 = CARTESIAN_POINT('',(-69.70000009671,-66.70474416751,33.37));
#7062 = VECTOR('',#7063,1.);
#7063 = DIRECTION('',(-8.659560562355E-17,-8.659560562355E-17,-1.));
#7064 = ORIENTED_EDGE('',*,*,#6055,.T.);
#7065 = ORIENTED_EDGE('',*,*,#7027,.T.);
#7066 = PLANE('',#7067);
#7067 = AXIS2_PLACEMENT_3D('',#7068,#7069,#7070);
#7068 = CARTESIAN_POINT('',(-69.70000009671,-66.70474416751,33.37));
#7069 = DIRECTION('',(-0.49999995604,-0.866025429165,1.182917955289E-16)
  );
#7070 = DIRECTION('',(0.866025429165,-0.49999995604,-3.16961975189E-17)
  );
#7071 = ADVANCED_FACE('',(#7072),#7090,.T.);
#7072 = FACE_BOUND('',#7073,.T.);
#7073 = EDGE_LOOP('',(#7074,#7082,#7088,#7089));
#7074 = ORIENTED_EDGE('',*,*,#7075,.F.);
#7075 = EDGE_CURVE('',#7076,#7052,#7078,.T.);
#7076 = VERTEX_POINT('',#7077);
#7077 = CARTESIAN_POINT('',(-69.70000005543,-67.51798357244,33.37));
#7078 = LINE('',#7079,#7080);
#7079 = CARTESIAN_POINT('',(-69.69999990328,-70.51525594416,33.37));
#7080 = VECTOR('',#7081,1.);
#7081 = DIRECTION('',(-5.076101552796E-08,1.,-8.659560122787E-17));
#7082 = ORIENTED_EDGE('',*,*,#7083,.F.);
#7083 = EDGE_CURVE('',#6039,#7076,#7084,.T.);
#7084 = LINE('',#7085,#7086);
#7085 = CARTESIAN_POINT('',(-69.70000005543,-67.51798357244,33.37));
#7086 = VECTOR('',#7087,1.);
#7087 = DIRECTION('',(8.659560562355E-17,8.659560562355E-17,1.));
#7088 = ORIENTED_EDGE('',*,*,#6047,.T.);
#7089 = ORIENTED_EDGE('',*,*,#7059,.F.);
#7090 = PLANE('',#7091);
#7091 = AXIS2_PLACEMENT_3D('',#7092,#7093,#7094);
#7092 = CARTESIAN_POINT('',(-69.69999990328,-70.51525594416,33.37));
#7093 = DIRECTION('',(1.,5.076101552796E-08,-8.659561001923E-17));
#7094 = DIRECTION('',(-5.076101552796E-08,1.,-8.659560122787E-17));
#7095 = ADVANCED_FACE('',(#7096),#7115,.F.);
#7096 = FACE_BOUND('',#7097,.F.);
#7097 = EDGE_LOOP('',(#7098,#7099,#7100,#7108));
#7098 = ORIENTED_EDGE('',*,*,#7083,.F.);
#7099 = ORIENTED_EDGE('',*,*,#6038,.T.);
#7100 = ORIENTED_EDGE('',*,*,#7101,.T.);
#7101 = EDGE_CURVE('',#6031,#7102,#7104,.T.);
#7102 = VERTEX_POINT('',#7103);
#7103 = CARTESIAN_POINT('',(-69.69999994456,-69.70201653922,33.37));
#7104 = LINE('',#7105,#7106);
#7105 = CARTESIAN_POINT('',(-69.69999994456,-69.70201653922,33.37));
#7106 = VECTOR('',#7107,1.);
#7107 = DIRECTION('',(8.659560562355E-17,8.659560562355E-17,1.));
#7108 = ORIENTED_EDGE('',*,*,#7109,.T.);
#7109 = EDGE_CURVE('',#7102,#7076,#7110,.T.);
#7110 = CIRCLE('',#7111,1.55);
#7111 = AXIS2_PLACEMENT_3D('',#7112,#7113,#7114);
#7112 = CARTESIAN_POINT('',(-68.6,-68.61,33.37));
#7113 = DIRECTION('',(-8.659560562355E-17,-8.659560562355E-17,-1.));
#7114 = DIRECTION('',(-2.22044604925E-16,-1.,8.659560562355E-17));
#7115 = CYLINDRICAL_SURFACE('',#7116,1.55);
#7116 = AXIS2_PLACEMENT_3D('',#7117,#7118,#7119);
#7117 = CARTESIAN_POINT('',(-68.6,-68.61,33.37));
#7118 = DIRECTION('',(8.659560562355E-17,8.659560562355E-17,1.));
#7119 = DIRECTION('',(-2.22044604925E-16,-1.,8.659560562355E-17));
#7120 = ADVANCED_FACE('',(#7121),#7139,.T.);
#7121 = FACE_BOUND('',#7122,.T.);
#7122 = EDGE_LOOP('',(#7123,#7131,#7137,#7138));
#7123 = ORIENTED_EDGE('',*,*,#7124,.F.);
#7124 = EDGE_CURVE('',#7125,#7102,#7127,.T.);
#7125 = VERTEX_POINT('',#7126);
#7126 = CARTESIAN_POINT('',(-69.69999990328,-70.51525594416,33.37));
#7127 = LINE('',#7128,#7129);
#7128 = CARTESIAN_POINT('',(-69.69999990328,-70.51525594416,33.37));
#7129 = VECTOR('',#7130,1.);
#7130 = DIRECTION('',(-5.076101552796E-08,1.,-8.659560122787E-17));
#7131 = ORIENTED_EDGE('',*,*,#7132,.T.);
#7132 = EDGE_CURVE('',#7125,#6023,#7133,.T.);
#7133 = LINE('',#7134,#7135);
#7134 = CARTESIAN_POINT('',(-69.69999990328,-70.51525594416,33.37));
#7135 = VECTOR('',#7136,1.);
#7136 = DIRECTION('',(-8.659560562355E-17,-8.659560562355E-17,-1.));
#7137 = ORIENTED_EDGE('',*,*,#6030,.T.);
#7138 = ORIENTED_EDGE('',*,*,#7101,.T.);
#7139 = PLANE('',#7140);
#7140 = AXIS2_PLACEMENT_3D('',#7141,#7142,#7143);
#7141 = CARTESIAN_POINT('',(-69.69999990328,-70.51525594416,33.37));
#7142 = DIRECTION('',(1.,5.076101552796E-08,-8.659561001923E-17));
#7143 = DIRECTION('',(-5.076101552796E-08,1.,-8.659560122787E-17));
#7144 = ADVANCED_FACE('',(#7145),#7163,.T.);
#7145 = FACE_BOUND('',#7146,.T.);
#7146 = EDGE_LOOP('',(#7147,#7155,#7161,#7162));
#7147 = ORIENTED_EDGE('',*,*,#7148,.F.);
#7148 = EDGE_CURVE('',#7149,#7125,#7151,.T.);
#7149 = VERTEX_POINT('',#7150);
#7150 = CARTESIAN_POINT('',(-68.99571393989,-70.10863620594,33.37));
#7151 = LINE('',#7152,#7153);
#7152 = CARTESIAN_POINT('',(-66.4,-68.60999988832,33.37));
#7153 = VECTOR('',#7154,1.);
#7154 = DIRECTION('',(-0.866025378404,-0.50000004396,1.182917987468E-16)
  );
#7155 = ORIENTED_EDGE('',*,*,#7156,.F.);
#7156 = EDGE_CURVE('',#6014,#7149,#7157,.T.);
#7157 = LINE('',#7158,#7159);
#7158 = CARTESIAN_POINT('',(-68.99571393989,-70.10863620594,33.37));
#7159 = VECTOR('',#7160,1.);
#7160 = DIRECTION('',(8.659560562355E-17,8.659560562355E-17,1.));
#7161 = ORIENTED_EDGE('',*,*,#6022,.T.);
#7162 = ORIENTED_EDGE('',*,*,#7132,.F.);
#7163 = PLANE('',#7164);
#7164 = AXIS2_PLACEMENT_3D('',#7165,#7166,#7167);
#7165 = CARTESIAN_POINT('',(-66.4,-68.60999988832,33.37));
#7166 = DIRECTION('',(-0.50000004396,0.866025378404,-3.169618550974E-17)
  );
#7167 = DIRECTION('',(-0.866025378404,-0.50000004396,1.182917987468E-16)
  );
#7168 = ADVANCED_FACE('',(#7169),#7197,.F.);
#7169 = FACE_BOUND('',#7170,.F.);
#7170 = EDGE_LOOP('',(#7171,#7179,#7188,#7195,#7196));
#7171 = ORIENTED_EDGE('',*,*,#7172,.T.);
#7172 = EDGE_CURVE('',#6006,#7173,#7175,.T.);
#7173 = VERTEX_POINT('',#7174);
#7174 = CARTESIAN_POINT('',(-67.10428596339,-69.01661962654,33.37));
#7175 = LINE('',#7176,#7177);
#7176 = CARTESIAN_POINT('',(-67.10428596339,-69.01661962654,33.37));
#7177 = VECTOR('',#7178,1.);
#7178 = DIRECTION('',(8.659560562355E-17,8.659560562355E-17,1.));
#7179 = ORIENTED_EDGE('',*,*,#7180,.T.);
#7180 = EDGE_CURVE('',#7173,#7181,#7183,.T.);
#7181 = VERTEX_POINT('',#7182);
#7182 = CARTESIAN_POINT('',(-68.6,-70.16,33.37));
#7183 = CIRCLE('',#7184,1.55);
#7184 = AXIS2_PLACEMENT_3D('',#7185,#7186,#7187);
#7185 = CARTESIAN_POINT('',(-68.6,-68.61,33.37));
#7186 = DIRECTION('',(-8.659560562355E-17,-8.659560562355E-17,-1.));
#7187 = DIRECTION('',(-2.22044604925E-16,-1.,8.659560562355E-17));
#7188 = ORIENTED_EDGE('',*,*,#7189,.T.);
#7189 = EDGE_CURVE('',#7181,#7149,#7190,.T.);
#7190 = CIRCLE('',#7191,1.55);
#7191 = AXIS2_PLACEMENT_3D('',#7192,#7193,#7194);
#7192 = CARTESIAN_POINT('',(-68.6,-68.61,33.37));
#7193 = DIRECTION('',(-8.659560562355E-17,-8.659560562355E-17,-1.));
#7194 = DIRECTION('',(-2.22044604925E-16,-1.,8.659560562355E-17));
#7195 = ORIENTED_EDGE('',*,*,#7156,.F.);
#7196 = ORIENTED_EDGE('',*,*,#6013,.T.);
#7197 = CYLINDRICAL_SURFACE('',#7198,1.55);
#7198 = AXIS2_PLACEMENT_3D('',#7199,#7200,#7201);
#7199 = CARTESIAN_POINT('',(-68.6,-68.61,33.37));
#7200 = DIRECTION('',(8.659560562355E-17,8.659560562355E-17,1.));
#7201 = DIRECTION('',(-2.22044604925E-16,-1.,8.659560562355E-17));
#7202 = ADVANCED_FACE('',(#7203),#7214,.T.);
#7203 = FACE_BOUND('',#7204,.T.);
#7204 = EDGE_LOOP('',(#7205,#7211,#7212,#7213));
#7205 = ORIENTED_EDGE('',*,*,#7206,.F.);
#7206 = EDGE_CURVE('',#6998,#7173,#7207,.T.);
#7207 = LINE('',#7208,#7209);
#7208 = CARTESIAN_POINT('',(-66.4,-68.60999988832,33.37));
#7209 = VECTOR('',#7210,1.);
#7210 = DIRECTION('',(-0.866025378404,-0.50000004396,1.182917987468E-16)
  );
#7211 = ORIENTED_EDGE('',*,*,#7012,.T.);
#7212 = ORIENTED_EDGE('',*,*,#6005,.T.);
#7213 = ORIENTED_EDGE('',*,*,#7172,.T.);
#7214 = PLANE('',#7215);
#7215 = AXIS2_PLACEMENT_3D('',#7216,#7217,#7218);
#7216 = CARTESIAN_POINT('',(-66.4,-68.60999988832,33.37));
#7217 = DIRECTION('',(-0.50000004396,0.866025378404,-3.169618550974E-17)
  );
#7218 = DIRECTION('',(-0.866025378404,-0.50000004396,1.182917987468E-16)
  );
#7219 = ADVANCED_FACE('',(#7220),#7239,.F.);
#7220 = FACE_BOUND('',#7221,.F.);
#7221 = EDGE_LOOP('',(#7222,#7230,#7237,#7238));
#7222 = ORIENTED_EDGE('',*,*,#7223,.F.);
#7223 = EDGE_CURVE('',#7224,#6135,#7226,.T.);
#7224 = VERTEX_POINT('',#7225);
#7225 = CARTESIAN_POINT('',(-96.37591326657,-32.7250241742,29.34));
#7226 = LINE('',#7227,#7228);
#7227 = CARTESIAN_POINT('',(-96.37591326657,-32.7250241742,22.34));
#7228 = VECTOR('',#7229,1.);
#7229 = DIRECTION('',(0.,-0.,-1.));
#7230 = ORIENTED_EDGE('',*,*,#7231,.F.);
#7231 = EDGE_CURVE('',#6742,#7224,#7232,.T.);
#7232 = CIRCLE('',#7233,1.15);
#7233 = AXIS2_PLACEMENT_3D('',#7234,#7235,#7236);
#7234 = CARTESIAN_POINT('',(-95.57059769386,-31.90406934697,29.34));
#7235 = DIRECTION('',(0.,-0.,1.));
#7236 = DIRECTION('',(0.913545457643,0.406736643076,0.));
#7237 = ORIENTED_EDGE('',*,*,#6753,.T.);
#7238 = ORIENTED_EDGE('',*,*,#6142,.F.);
#7239 = CYLINDRICAL_SURFACE('',#7240,1.15);
#7240 = AXIS2_PLACEMENT_3D('',#7241,#7242,#7243);
#7241 = CARTESIAN_POINT('',(-95.57059769386,-31.90406934697,22.34));
#7242 = DIRECTION('',(0.,-0.,-1.));
#7243 = DIRECTION('',(0.913545457643,0.406736643076,0.));
#7244 = ADVANCED_FACE('',(#7245),#7263,.F.);
#7245 = FACE_BOUND('',#7246,.F.);
#7246 = EDGE_LOOP('',(#7247,#7255,#7256,#7257));
#7247 = ORIENTED_EDGE('',*,*,#7248,.F.);
#7248 = EDGE_CURVE('',#7224,#7249,#7251,.T.);
#7249 = VERTEX_POINT('',#7250);
#7250 = CARTESIAN_POINT('',(-96.31444259646,-33.47615760903,29.34));
#7251 = LINE('',#7252,#7253);
#7252 = CARTESIAN_POINT('',(-96.56014419288,-30.4738366041,29.34));
#7253 = VECTOR('',#7254,1.);
#7254 = DIRECTION('',(8.156454073807E-02,-0.996668061941,0.));
#7255 = ORIENTED_EDGE('',*,*,#7223,.T.);
#7256 = ORIENTED_EDGE('',*,*,#6134,.T.);
#7257 = ORIENTED_EDGE('',*,*,#7258,.F.);
#7258 = EDGE_CURVE('',#7249,#6127,#7259,.T.);
#7259 = LINE('',#7260,#7261);
#7260 = CARTESIAN_POINT('',(-96.31444259646,-33.47615760903,29.34));
#7261 = VECTOR('',#7262,1.);
#7262 = DIRECTION('',(0.,-0.,-1.));
#7263 = PLANE('',#7264);
#7264 = AXIS2_PLACEMENT_3D('',#7265,#7266,#7267);
#7265 = CARTESIAN_POINT('',(-96.56014419288,-30.4738366041,29.34));
#7266 = DIRECTION('',(-0.996668061941,-8.156454073807E-02,0.));
#7267 = DIRECTION('',(8.156454073807E-02,-0.996668061941,0.));
#7268 = ADVANCED_FACE('',(#7269),#7287,.F.);
#7269 = FACE_BOUND('',#7270,.F.);
#7270 = EDGE_LOOP('',(#7271,#7279,#7280,#7281));
#7271 = ORIENTED_EDGE('',*,*,#7272,.F.);
#7272 = EDGE_CURVE('',#7249,#7273,#7275,.T.);
#7273 = VERTEX_POINT('',#7274);
#7274 = CARTESIAN_POINT('',(-95.69467756826,-33.04735591856,29.34));
#7275 = LINE('',#7276,#7277);
#7276 = CARTESIAN_POINT('',(-96.31444259646,-33.47615760903,29.34));
#7277 = VECTOR('',#7278,1.);
#7278 = DIRECTION('',(0.822357590413,0.568970995298,0.));
#7279 = ORIENTED_EDGE('',*,*,#7258,.T.);
#7280 = ORIENTED_EDGE('',*,*,#6126,.T.);
#7281 = ORIENTED_EDGE('',*,*,#7282,.F.);
#7282 = EDGE_CURVE('',#7273,#6118,#7283,.T.);
#7283 = LINE('',#7284,#7285);
#7284 = CARTESIAN_POINT('',(-95.69467756826,-33.04735591856,22.34));
#7285 = VECTOR('',#7286,1.);
#7286 = DIRECTION('',(0.,-0.,-1.));
#7287 = PLANE('',#7288);
#7288 = AXIS2_PLACEMENT_3D('',#7289,#7290,#7291);
#7289 = CARTESIAN_POINT('',(-96.31444259646,-33.47615760903,29.34));
#7290 = DIRECTION('',(0.568970995298,-0.822357590413,0.));
#7291 = DIRECTION('',(0.822357590413,0.568970995298,0.));
#7292 = ADVANCED_FACE('',(#7293),#7312,.F.);
#7293 = FACE_BOUND('',#7294,.F.);
#7294 = EDGE_LOOP('',(#7295,#7304,#7305,#7306));
#7295 = ORIENTED_EDGE('',*,*,#7296,.F.);
#7296 = EDGE_CURVE('',#7273,#7297,#7299,.T.);
#7297 = VERTEX_POINT('',#7298);
#7298 = CARTESIAN_POINT('',(-94.45697195288,-32.19101482792,29.34));
#7299 = CIRCLE('',#7300,1.15);
#7300 = AXIS2_PLACEMENT_3D('',#7301,#7302,#7303);
#7301 = CARTESIAN_POINT('',(-95.57059769386,-31.90406934697,29.34));
#7302 = DIRECTION('',(0.,-0.,1.));
#7303 = DIRECTION('',(0.913545457643,0.406736643076,0.));
#7304 = ORIENTED_EDGE('',*,*,#7282,.T.);
#7305 = ORIENTED_EDGE('',*,*,#6117,.F.);
#7306 = ORIENTED_EDGE('',*,*,#7307,.F.);
#7307 = EDGE_CURVE('',#7297,#6110,#7308,.T.);
#7308 = LINE('',#7309,#7310);
#7309 = CARTESIAN_POINT('',(-94.45697195288,-32.19101482792,22.34));
#7310 = VECTOR('',#7311,1.);
#7311 = DIRECTION('',(0.,-0.,-1.));
#7312 = CYLINDRICAL_SURFACE('',#7313,1.15);
#7313 = AXIS2_PLACEMENT_3D('',#7314,#7315,#7316);
#7314 = CARTESIAN_POINT('',(-95.57059769386,-31.90406934697,22.34));
#7315 = DIRECTION('',(0.,-0.,-1.));
#7316 = DIRECTION('',(0.913545457643,0.406736643076,0.));
#7317 = ADVANCED_FACE('',(#7318),#7336,.F.);
#7318 = FACE_BOUND('',#7319,.F.);
#7319 = EDGE_LOOP('',(#7320,#7328,#7329,#7330));
#7320 = ORIENTED_EDGE('',*,*,#7321,.F.);
#7321 = EDGE_CURVE('',#7297,#7322,#7324,.T.);
#7322 = VERTEX_POINT('',#7323);
#7323 = CARTESIAN_POINT('',(-93.83720713408,-31.76221328232,29.34));
#7324 = LINE('',#7325,#7326);
#7325 = CARTESIAN_POINT('',(-96.31444259646,-33.47615760903,29.34));
#7326 = VECTOR('',#7327,1.);
#7327 = DIRECTION('',(0.822357590413,0.568970995298,0.));
#7328 = ORIENTED_EDGE('',*,*,#7307,.T.);
#7329 = ORIENTED_EDGE('',*,*,#6109,.T.);
#7330 = ORIENTED_EDGE('',*,*,#7331,.F.);
#7331 = EDGE_CURVE('',#7322,#6102,#7332,.T.);
#7332 = LINE('',#7333,#7334);
#7333 = CARTESIAN_POINT('',(-93.83720713408,-31.76221328232,29.34));
#7334 = VECTOR('',#7335,1.);
#7335 = DIRECTION('',(0.,-0.,-1.));
#7336 = PLANE('',#7337);
#7337 = AXIS2_PLACEMENT_3D('',#7338,#7339,#7340);
#7338 = CARTESIAN_POINT('',(-96.31444259646,-33.47615760903,29.34));
#7339 = DIRECTION('',(0.568970995298,-0.822357590413,0.));
#7340 = DIRECTION('',(0.822357590413,0.568970995298,0.));
#7341 = ADVANCED_FACE('',(#7342),#7360,.F.);
#7342 = FACE_BOUND('',#7343,.F.);
#7343 = EDGE_LOOP('',(#7344,#7352,#7353,#7354));
#7344 = ORIENTED_EDGE('',*,*,#7345,.F.);
#7345 = EDGE_CURVE('',#7322,#7346,#7348,.T.);
#7346 = VERTEX_POINT('',#7347);
#7347 = CARTESIAN_POINT('',(-94.51844275992,-31.43988189024,29.34));
#7348 = LINE('',#7349,#7350);
#7349 = CARTESIAN_POINT('',(-93.83720713408,-31.76221328232,29.34));
#7350 = VECTOR('',#7351,1.);
#7351 = DIRECTION('',(-0.903922131151,0.427697066644,0.));
#7352 = ORIENTED_EDGE('',*,*,#7331,.T.);
#7353 = ORIENTED_EDGE('',*,*,#6101,.T.);
#7354 = ORIENTED_EDGE('',*,*,#7355,.F.);
#7355 = EDGE_CURVE('',#7346,#6093,#7356,.T.);
#7356 = LINE('',#7357,#7358);
#7357 = CARTESIAN_POINT('',(-94.51844275992,-31.43988189024,22.34));
#7358 = VECTOR('',#7359,1.);
#7359 = DIRECTION('',(0.,-0.,-1.));
#7360 = PLANE('',#7361);
#7361 = AXIS2_PLACEMENT_3D('',#7362,#7363,#7364);
#7362 = CARTESIAN_POINT('',(-93.83720713408,-31.76221328232,29.34));
#7363 = DIRECTION('',(0.427697066644,0.903922131151,0.));
#7364 = DIRECTION('',(-0.903922131151,0.427697066644,0.));
#7365 = ADVANCED_FACE('',(#7366),#7387,.F.);
#7366 = FACE_BOUND('',#7367,.F.);
#7367 = EDGE_LOOP('',(#7368,#7369,#7370,#7371,#7380));
#7368 = ORIENTED_EDGE('',*,*,#7355,.T.);
#7369 = ORIENTED_EDGE('',*,*,#6092,.F.);
#7370 = ORIENTED_EDGE('',*,*,#6695,.F.);
#7371 = ORIENTED_EDGE('',*,*,#7372,.F.);
#7372 = EDGE_CURVE('',#7373,#6686,#7375,.T.);
#7373 = VERTEX_POINT('',#7374);
#7374 = CARTESIAN_POINT('',(-94.52002041757,-31.43632220743,29.34));
#7375 = CIRCLE('',#7376,1.15);
#7376 = AXIS2_PLACEMENT_3D('',#7377,#7378,#7379);
#7377 = CARTESIAN_POINT('',(-95.57059769386,-31.90406934697,29.34));
#7378 = DIRECTION('',(0.,-0.,1.));
#7379 = DIRECTION('',(0.913545457643,0.406736643076,0.));
#7380 = ORIENTED_EDGE('',*,*,#7381,.F.);
#7381 = EDGE_CURVE('',#7346,#7373,#7382,.T.);
#7382 = CIRCLE('',#7383,1.15);
#7383 = AXIS2_PLACEMENT_3D('',#7384,#7385,#7386);
#7384 = CARTESIAN_POINT('',(-95.57059769386,-31.90406934697,29.34));
#7385 = DIRECTION('',(0.,-0.,1.));
#7386 = DIRECTION('',(0.913545457643,0.406736643076,0.));
#7387 = CYLINDRICAL_SURFACE('',#7388,1.15);
#7388 = AXIS2_PLACEMENT_3D('',#7389,#7390,#7391);
#7389 = CARTESIAN_POINT('',(-95.57059769386,-31.90406934697,22.34));
#7390 = DIRECTION('',(0.,-0.,-1.));
#7391 = DIRECTION('',(0.913545457643,0.406736643076,0.));
#7392 = ADVANCED_FACE('',(#7393),#7412,.F.);
#7393 = FACE_BOUND('',#7394,.F.);
#7394 = EDGE_LOOP('',(#7395,#7403,#7410,#7411));
#7395 = ORIENTED_EDGE('',*,*,#7396,.F.);
#7396 = EDGE_CURVE('',#7397,#6222,#7399,.T.);
#7397 = VERTEX_POINT('',#7398);
#7398 = CARTESIAN_POINT('',(-82.16515398596,-32.68119874108,29.34));
#7399 = LINE('',#7400,#7401);
#7400 = CARTESIAN_POINT('',(-82.16515398596,-32.68119874108,22.34));
#7401 = VECTOR('',#7402,1.);
#7402 = DIRECTION('',(0.,-0.,-1.));
#7403 = ORIENTED_EDGE('',*,*,#7404,.F.);
#7404 = EDGE_CURVE('',#6660,#7397,#7405,.T.);
#7405 = CIRCLE('',#7406,1.15);
#7406 = AXIS2_PLACEMENT_3D('',#7407,#7408,#7409);
#7407 = CARTESIAN_POINT('',(-81.35983841325,-31.86024391386,29.34));
#7408 = DIRECTION('',(0.,-0.,1.));
#7409 = DIRECTION('',(0.913545457643,0.406736643076,0.));
#7410 = ORIENTED_EDGE('',*,*,#6671,.T.);
#7411 = ORIENTED_EDGE('',*,*,#6229,.F.);
#7412 = CYLINDRICAL_SURFACE('',#7413,1.15);
#7413 = AXIS2_PLACEMENT_3D('',#7414,#7415,#7416);
#7414 = CARTESIAN_POINT('',(-81.35983841325,-31.86024391386,22.34));
#7415 = DIRECTION('',(0.,-0.,-1.));
#7416 = DIRECTION('',(0.913545457643,0.406736643076,0.));
#7417 = ADVANCED_FACE('',(#7418),#7436,.F.);
#7418 = FACE_BOUND('',#7419,.F.);
#7419 = EDGE_LOOP('',(#7420,#7428,#7429,#7430));
#7420 = ORIENTED_EDGE('',*,*,#7421,.F.);
#7421 = EDGE_CURVE('',#7397,#7422,#7424,.T.);
#7422 = VERTEX_POINT('',#7423);
#7423 = CARTESIAN_POINT('',(-82.10368331585,-33.43233217592,29.34));
#7424 = LINE('',#7425,#7426);
#7425 = CARTESIAN_POINT('',(-82.34938491227,-30.43001117098,29.34));
#7426 = VECTOR('',#7427,1.);
#7427 = DIRECTION('',(8.156454073807E-02,-0.996668061941,0.));
#7428 = ORIENTED_EDGE('',*,*,#7396,.T.);
#7429 = ORIENTED_EDGE('',*,*,#6221,.T.);
#7430 = ORIENTED_EDGE('',*,*,#7431,.F.);
#7431 = EDGE_CURVE('',#7422,#6214,#7432,.T.);
#7432 = LINE('',#7433,#7434);
#7433 = CARTESIAN_POINT('',(-82.10368331585,-33.43233217592,29.34));
#7434 = VECTOR('',#7435,1.);
#7435 = DIRECTION('',(0.,-0.,-1.));
#7436 = PLANE('',#7437);
#7437 = AXIS2_PLACEMENT_3D('',#7438,#7439,#7440);
#7438 = CARTESIAN_POINT('',(-82.34938491227,-30.43001117098,29.34));
#7439 = DIRECTION('',(-0.996668061941,-8.156454073807E-02,0.));
#7440 = DIRECTION('',(8.156454073807E-02,-0.996668061941,0.));
#7441 = ADVANCED_FACE('',(#7442),#7460,.F.);
#7442 = FACE_BOUND('',#7443,.F.);
#7443 = EDGE_LOOP('',(#7444,#7452,#7453,#7454));
#7444 = ORIENTED_EDGE('',*,*,#7445,.F.);
#7445 = EDGE_CURVE('',#7422,#7446,#7448,.T.);
#7446 = VERTEX_POINT('',#7447);
#7447 = CARTESIAN_POINT('',(-81.48391828765,-33.00353048544,29.34));
#7448 = LINE('',#7449,#7450);
#7449 = CARTESIAN_POINT('',(-82.10368331585,-33.43233217592,29.34));
#7450 = VECTOR('',#7451,1.);
#7451 = DIRECTION('',(0.822357590413,0.568970995298,0.));
#7452 = ORIENTED_EDGE('',*,*,#7431,.T.);
#7453 = ORIENTED_EDGE('',*,*,#6213,.T.);
#7454 = ORIENTED_EDGE('',*,*,#7455,.F.);
#7455 = EDGE_CURVE('',#7446,#6205,#7456,.T.);
#7456 = LINE('',#7457,#7458);
#7457 = CARTESIAN_POINT('',(-81.48391828765,-33.00353048544,22.34));
#7458 = VECTOR('',#7459,1.);
#7459 = DIRECTION('',(0.,-0.,-1.));
#7460 = PLANE('',#7461);
#7461 = AXIS2_PLACEMENT_3D('',#7462,#7463,#7464);
#7462 = CARTESIAN_POINT('',(-82.10368331585,-33.43233217592,29.34));
#7463 = DIRECTION('',(0.568970995298,-0.822357590413,0.));
#7464 = DIRECTION('',(0.822357590413,0.568970995298,0.));
#7465 = ADVANCED_FACE('',(#7466),#7485,.F.);
#7466 = FACE_BOUND('',#7467,.F.);
#7467 = EDGE_LOOP('',(#7468,#7477,#7478,#7479));
#7468 = ORIENTED_EDGE('',*,*,#7469,.F.);
#7469 = EDGE_CURVE('',#7446,#7470,#7472,.T.);
#7470 = VERTEX_POINT('',#7471);
#7471 = CARTESIAN_POINT('',(-80.24621267227,-32.1471893948,29.34));
#7472 = CIRCLE('',#7473,1.15);
#7473 = AXIS2_PLACEMENT_3D('',#7474,#7475,#7476);
#7474 = CARTESIAN_POINT('',(-81.35983841325,-31.86024391386,29.34));
#7475 = DIRECTION('',(0.,-0.,1.));
#7476 = DIRECTION('',(0.913545457643,0.406736643076,0.));
#7477 = ORIENTED_EDGE('',*,*,#7455,.T.);
#7478 = ORIENTED_EDGE('',*,*,#6204,.F.);
#7479 = ORIENTED_EDGE('',*,*,#7480,.F.);
#7480 = EDGE_CURVE('',#7470,#6197,#7481,.T.);
#7481 = LINE('',#7482,#7483);
#7482 = CARTESIAN_POINT('',(-80.24621267227,-32.1471893948,22.34));
#7483 = VECTOR('',#7484,1.);
#7484 = DIRECTION('',(0.,-0.,-1.));
#7485 = CYLINDRICAL_SURFACE('',#7486,1.15);
#7486 = AXIS2_PLACEMENT_3D('',#7487,#7488,#7489);
#7487 = CARTESIAN_POINT('',(-81.35983841325,-31.86024391386,22.34));
#7488 = DIRECTION('',(0.,-0.,-1.));
#7489 = DIRECTION('',(0.913545457643,0.406736643076,0.));
#7490 = ADVANCED_FACE('',(#7491),#7509,.F.);
#7491 = FACE_BOUND('',#7492,.F.);
#7492 = EDGE_LOOP('',(#7493,#7501,#7502,#7503));
#7493 = ORIENTED_EDGE('',*,*,#7494,.F.);
#7494 = EDGE_CURVE('',#7470,#7495,#7497,.T.);
#7495 = VERTEX_POINT('',#7496);
#7496 = CARTESIAN_POINT('',(-79.62644785347,-31.7183878492,29.34));
#7497 = LINE('',#7498,#7499);
#7498 = CARTESIAN_POINT('',(-82.10368331585,-33.43233217592,29.34));
#7499 = VECTOR('',#7500,1.);
#7500 = DIRECTION('',(0.822357590413,0.568970995298,0.));
#7501 = ORIENTED_EDGE('',*,*,#7480,.T.);
#7502 = ORIENTED_EDGE('',*,*,#6196,.T.);
#7503 = ORIENTED_EDGE('',*,*,#7504,.F.);
#7504 = EDGE_CURVE('',#7495,#6189,#7505,.T.);
#7505 = LINE('',#7506,#7507);
#7506 = CARTESIAN_POINT('',(-79.62644785347,-31.7183878492,29.34));
#7507 = VECTOR('',#7508,1.);
#7508 = DIRECTION('',(0.,-0.,-1.));
#7509 = PLANE('',#7510);
#7510 = AXIS2_PLACEMENT_3D('',#7511,#7512,#7513);
#7511 = CARTESIAN_POINT('',(-82.10368331585,-33.43233217592,29.34));
#7512 = DIRECTION('',(0.568970995298,-0.822357590413,0.));
#7513 = DIRECTION('',(0.822357590413,0.568970995298,0.));
#7514 = ADVANCED_FACE('',(#7515),#7533,.F.);
#7515 = FACE_BOUND('',#7516,.F.);
#7516 = EDGE_LOOP('',(#7517,#7525,#7526,#7527));
#7517 = ORIENTED_EDGE('',*,*,#7518,.F.);
#7518 = EDGE_CURVE('',#7495,#7519,#7521,.T.);
#7519 = VERTEX_POINT('',#7520);
#7520 = CARTESIAN_POINT('',(-80.30768347931,-31.39605645712,29.34));
#7521 = LINE('',#7522,#7523);
#7522 = CARTESIAN_POINT('',(-79.62644785347,-31.7183878492,29.34));
#7523 = VECTOR('',#7524,1.);
#7524 = DIRECTION('',(-0.903922131151,0.427697066644,0.));
#7525 = ORIENTED_EDGE('',*,*,#7504,.T.);
#7526 = ORIENTED_EDGE('',*,*,#6188,.T.);
#7527 = ORIENTED_EDGE('',*,*,#7528,.F.);
#7528 = EDGE_CURVE('',#7519,#6180,#7529,.T.);
#7529 = LINE('',#7530,#7531);
#7530 = CARTESIAN_POINT('',(-80.30768347931,-31.39605645712,22.34));
#7531 = VECTOR('',#7532,1.);
#7532 = DIRECTION('',(0.,-0.,-1.));
#7533 = PLANE('',#7534);
#7534 = AXIS2_PLACEMENT_3D('',#7535,#7536,#7537);
#7535 = CARTESIAN_POINT('',(-79.62644785347,-31.7183878492,29.34));
#7536 = DIRECTION('',(0.427697066644,0.903922131151,0.));
#7537 = DIRECTION('',(-0.903922131151,0.427697066644,0.));
#7538 = ADVANCED_FACE('',(#7539),#7560,.F.);
#7539 = FACE_BOUND('',#7540,.F.);
#7540 = EDGE_LOOP('',(#7541,#7542,#7543,#7544,#7553));
#7541 = ORIENTED_EDGE('',*,*,#7528,.T.);
#7542 = ORIENTED_EDGE('',*,*,#6179,.F.);
#7543 = ORIENTED_EDGE('',*,*,#6613,.F.);
#7544 = ORIENTED_EDGE('',*,*,#7545,.F.);
#7545 = EDGE_CURVE('',#7546,#6604,#7548,.T.);
#7546 = VERTEX_POINT('',#7547);
#7547 = CARTESIAN_POINT('',(-80.30926113696,-31.39249677432,29.34));
#7548 = CIRCLE('',#7549,1.15);
#7549 = AXIS2_PLACEMENT_3D('',#7550,#7551,#7552);
#7550 = CARTESIAN_POINT('',(-81.35983841325,-31.86024391386,29.34));
#7551 = DIRECTION('',(0.,-0.,1.));
#7552 = DIRECTION('',(0.913545457643,0.406736643076,0.));
#7553 = ORIENTED_EDGE('',*,*,#7554,.F.);
#7554 = EDGE_CURVE('',#7519,#7546,#7555,.T.);
#7555 = CIRCLE('',#7556,1.15);
#7556 = AXIS2_PLACEMENT_3D('',#7557,#7558,#7559);
#7557 = CARTESIAN_POINT('',(-81.35983841325,-31.86024391386,29.34));
#7558 = DIRECTION('',(0.,-0.,1.));
#7559 = DIRECTION('',(0.913545457643,0.406736643076,0.));
#7560 = CYLINDRICAL_SURFACE('',#7561,1.15);
#7561 = AXIS2_PLACEMENT_3D('',#7562,#7563,#7564);
#7562 = CARTESIAN_POINT('',(-81.35983841325,-31.86024391386,22.34));
#7563 = DIRECTION('',(0.,-0.,-1.));
#7564 = DIRECTION('',(0.913545457643,0.406736643076,0.));
#7565 = ADVANCED_FACE('',(#7566),#7584,.F.);
#7566 = FACE_BOUND('',#7567,.F.);
#7567 = EDGE_LOOP('',(#7568,#7576,#7577,#7578));
#7568 = ORIENTED_EDGE('',*,*,#7569,.F.);
#7569 = EDGE_CURVE('',#6490,#7570,#7572,.T.);
#7570 = VERTEX_POINT('',#7571);
#7571 = CARTESIAN_POINT('',(-93.91547232691,-51.79606399953,29.36));
#7572 = LINE('',#7573,#7574);
#7573 = CARTESIAN_POINT('',(-96.39270778929,-53.51000832625,29.36));
#7574 = VECTOR('',#7575,1.);
#7575 = DIRECTION('',(0.822357590413,0.568970995298,0.));
#7576 = ORIENTED_EDGE('',*,*,#6507,.T.);
#7577 = ORIENTED_EDGE('',*,*,#6301,.T.);
#7578 = ORIENTED_EDGE('',*,*,#7579,.F.);
#7579 = EDGE_CURVE('',#7570,#6294,#7580,.T.);
#7580 = LINE('',#7581,#7582);
#7581 = CARTESIAN_POINT('',(-93.91547232691,-51.79606399953,29.36));
#7582 = VECTOR('',#7583,1.);
#7583 = DIRECTION('',(0.,-0.,-1.));
#7584 = PLANE('',#7585);
#7585 = AXIS2_PLACEMENT_3D('',#7586,#7587,#7588);
#7586 = CARTESIAN_POINT('',(-96.39270778929,-53.51000832625,29.36));
#7587 = DIRECTION('',(0.568970995298,-0.822357590413,0.));
#7588 = DIRECTION('',(0.822357590413,0.568970995298,0.));
#7589 = ADVANCED_FACE('',(#7590),#7608,.F.);
#7590 = FACE_BOUND('',#7591,.F.);
#7591 = EDGE_LOOP('',(#7592,#7600,#7601,#7602));
#7592 = ORIENTED_EDGE('',*,*,#7593,.F.);
#7593 = EDGE_CURVE('',#7570,#7594,#7596,.T.);
#7594 = VERTEX_POINT('',#7595);
#7595 = CARTESIAN_POINT('',(-94.59670795274,-51.47373260745,29.36));
#7596 = LINE('',#7597,#7598);
#7597 = CARTESIAN_POINT('',(-93.91547232691,-51.79606399953,29.36));
#7598 = VECTOR('',#7599,1.);
#7599 = DIRECTION('',(-0.903922131151,0.427697066644,0.));
#7600 = ORIENTED_EDGE('',*,*,#7579,.T.);
#7601 = ORIENTED_EDGE('',*,*,#6293,.T.);
#7602 = ORIENTED_EDGE('',*,*,#7603,.F.);
#7603 = EDGE_CURVE('',#7594,#6285,#7604,.T.);
#7604 = LINE('',#7605,#7606);
#7605 = CARTESIAN_POINT('',(-94.59670795274,-51.47373260745,22.36));
#7606 = VECTOR('',#7607,1.);
#7607 = DIRECTION('',(0.,-0.,-1.));
#7608 = PLANE('',#7609);
#7609 = AXIS2_PLACEMENT_3D('',#7610,#7611,#7612);
#7610 = CARTESIAN_POINT('',(-93.91547232691,-51.79606399953,29.36));
#7611 = DIRECTION('',(0.427697066644,0.903922131151,0.));
#7612 = DIRECTION('',(-0.903922131151,0.427697066644,0.));
#7613 = ADVANCED_FACE('',(#7614),#7642,.F.);
#7614 = FACE_BOUND('',#7615,.F.);
#7615 = EDGE_LOOP('',(#7616,#7617,#7618,#7626,#7635));
#7616 = ORIENTED_EDGE('',*,*,#7603,.T.);
#7617 = ORIENTED_EDGE('',*,*,#6284,.F.);
#7618 = ORIENTED_EDGE('',*,*,#7619,.F.);
#7619 = EDGE_CURVE('',#7620,#6277,#7622,.T.);
#7620 = VERTEX_POINT('',#7621);
#7621 = CARTESIAN_POINT('',(-95.95717316071,-50.83001899688,29.36));
#7622 = LINE('',#7623,#7624);
#7623 = CARTESIAN_POINT('',(-95.95717316071,-50.83001899688,22.36));
#7624 = VECTOR('',#7625,1.);
#7625 = DIRECTION('',(0.,-0.,-1.));
#7626 = ORIENTED_EDGE('',*,*,#7627,.F.);
#7627 = EDGE_CURVE('',#7628,#7620,#7630,.T.);
#7628 = VERTEX_POINT('',#7629);
#7629 = CARTESIAN_POINT('',(-94.59828561039,-51.47017292465,29.36));
#7630 = CIRCLE('',#7631,1.15);
#7631 = AXIS2_PLACEMENT_3D('',#7632,#7633,#7634);
#7632 = CARTESIAN_POINT('',(-95.64886288668,-51.93792006419,29.36));
#7633 = DIRECTION('',(0.,-0.,1.));
#7634 = DIRECTION('',(0.913545457643,0.406736643076,0.));
#7635 = ORIENTED_EDGE('',*,*,#7636,.F.);
#7636 = EDGE_CURVE('',#7594,#7628,#7637,.T.);
#7637 = CIRCLE('',#7638,1.15);
#7638 = AXIS2_PLACEMENT_3D('',#7639,#7640,#7641);
#7639 = CARTESIAN_POINT('',(-95.64886288668,-51.93792006419,29.36));
#7640 = DIRECTION('',(0.,-0.,1.));
#7641 = DIRECTION('',(0.913545457643,0.406736643076,0.));
#7642 = CYLINDRICAL_SURFACE('',#7643,1.15);
#7643 = AXIS2_PLACEMENT_3D('',#7644,#7645,#7646);
#7644 = CARTESIAN_POINT('',(-95.64886288668,-51.93792006419,22.36));
#7645 = DIRECTION('',(0.,-0.,-1.));
#7646 = DIRECTION('',(0.913545457643,0.406736643076,0.));
#7647 = ADVANCED_FACE('',(#7648),#7666,.F.);
#7648 = FACE_BOUND('',#7649,.F.);
#7649 = EDGE_LOOP('',(#7650,#7658,#7659,#7660));
#7650 = ORIENTED_EDGE('',*,*,#7651,.F.);
#7651 = EDGE_CURVE('',#7620,#7652,#7654,.T.);
#7652 = VERTEX_POINT('',#7653);
#7653 = CARTESIAN_POINT('',(-96.6384093857,-50.50768732131,29.36));
#7654 = LINE('',#7655,#7656);
#7655 = CARTESIAN_POINT('',(-93.91547232691,-51.79606399953,29.36));
#7656 = VECTOR('',#7657,1.);
#7657 = DIRECTION('',(-0.903922131151,0.427697066644,0.));
#7658 = ORIENTED_EDGE('',*,*,#7619,.T.);
#7659 = ORIENTED_EDGE('',*,*,#6276,.T.);
#7660 = ORIENTED_EDGE('',*,*,#7661,.F.);
#7661 = EDGE_CURVE('',#7652,#6269,#7662,.T.);
#7662 = LINE('',#7663,#7664);
#7663 = CARTESIAN_POINT('',(-96.6384093857,-50.50768732131,29.36));
#7664 = VECTOR('',#7665,1.);
#7665 = DIRECTION('',(0.,-0.,-1.));
#7666 = PLANE('',#7667);
#7667 = AXIS2_PLACEMENT_3D('',#7668,#7669,#7670);
#7668 = CARTESIAN_POINT('',(-93.91547232691,-51.79606399953,29.36));
#7669 = DIRECTION('',(0.427697066644,0.903922131151,0.));
#7670 = DIRECTION('',(-0.903922131151,0.427697066644,0.));
#7671 = ADVANCED_FACE('',(#7672),#7683,.F.);
#7672 = FACE_BOUND('',#7673,.F.);
#7673 = EDGE_LOOP('',(#7674,#7680,#7681,#7682));
#7674 = ORIENTED_EDGE('',*,*,#7675,.F.);
#7675 = EDGE_CURVE('',#7652,#6423,#7676,.T.);
#7676 = LINE('',#7677,#7678);
#7677 = CARTESIAN_POINT('',(-96.6384093857,-50.50768732131,29.36));
#7678 = VECTOR('',#7679,1.);
#7679 = DIRECTION('',(8.156454073807E-02,-0.996668061941,0.));
#7680 = ORIENTED_EDGE('',*,*,#7661,.T.);
#7681 = ORIENTED_EDGE('',*,*,#6268,.T.);
#7682 = ORIENTED_EDGE('',*,*,#6431,.F.);
#7683 = PLANE('',#7684);
#7684 = AXIS2_PLACEMENT_3D('',#7685,#7686,#7687);
#7685 = CARTESIAN_POINT('',(-96.6384093857,-50.50768732131,29.36));
#7686 = DIRECTION('',(-0.996668061941,-8.156454073807E-02,0.));
#7687 = DIRECTION('',(8.156454073807E-02,-0.996668061941,0.));
#7688 = ADVANCED_FACE('',(#7689),#7708,.F.);
#7689 = FACE_BOUND('',#7690,.F.);
#7690 = EDGE_LOOP('',(#7691,#7700,#7701,#7702));
#7691 = ORIENTED_EDGE('',*,*,#7692,.F.);
#7692 = EDGE_CURVE('',#6578,#7693,#7695,.T.);
#7693 = VERTEX_POINT('',#7694);
#7694 = CARTESIAN_POINT('',(-80.27373250407,-52.14750045885,29.35));
#7695 = CIRCLE('',#7696,1.15);
#7696 = AXIS2_PLACEMENT_3D('',#7697,#7698,#7699);
#7697 = CARTESIAN_POINT('',(-81.38735824505,-51.86055497791,29.35));
#7698 = DIRECTION('',(0.,-0.,1.));
#7699 = DIRECTION('',(0.913545457643,0.406736643076,0.));
#7700 = ORIENTED_EDGE('',*,*,#6589,.T.);
#7701 = ORIENTED_EDGE('',*,*,#6388,.F.);
#7702 = ORIENTED_EDGE('',*,*,#7703,.F.);
#7703 = EDGE_CURVE('',#7693,#6381,#7704,.T.);
#7704 = LINE('',#7705,#7706);
#7705 = CARTESIAN_POINT('',(-80.27373250407,-52.14750045885,22.35));
#7706 = VECTOR('',#7707,1.);
#7707 = DIRECTION('',(0.,-0.,-1.));
#7708 = CYLINDRICAL_SURFACE('',#7709,1.15);
#7709 = AXIS2_PLACEMENT_3D('',#7710,#7711,#7712);
#7710 = CARTESIAN_POINT('',(-81.38735824505,-51.86055497791,22.35));
#7711 = DIRECTION('',(0.,-0.,-1.));
#7712 = DIRECTION('',(0.913545457643,0.406736643076,0.));
#7713 = ADVANCED_FACE('',(#7714),#7732,.F.);
#7714 = FACE_BOUND('',#7715,.F.);
#7715 = EDGE_LOOP('',(#7716,#7724,#7725,#7726));
#7716 = ORIENTED_EDGE('',*,*,#7717,.F.);
#7717 = EDGE_CURVE('',#7693,#7718,#7720,.T.);
#7718 = VERTEX_POINT('',#7719);
#7719 = CARTESIAN_POINT('',(-79.65396768527,-51.71869891326,29.35));
#7720 = LINE('',#7721,#7722);
#7721 = CARTESIAN_POINT('',(-82.13120314765,-53.43264323997,29.35));
#7722 = VECTOR('',#7723,1.);
#7723 = DIRECTION('',(0.822357590413,0.568970995298,0.));
#7724 = ORIENTED_EDGE('',*,*,#7703,.T.);
#7725 = ORIENTED_EDGE('',*,*,#6380,.T.);
#7726 = ORIENTED_EDGE('',*,*,#7727,.F.);
#7727 = EDGE_CURVE('',#7718,#6373,#7728,.T.);
#7728 = LINE('',#7729,#7730);
#7729 = CARTESIAN_POINT('',(-79.65396768527,-51.71869891326,29.35));
#7730 = VECTOR('',#7731,1.);
#7731 = DIRECTION('',(0.,-0.,-1.));
#7732 = PLANE('',#7733);
#7733 = AXIS2_PLACEMENT_3D('',#7734,#7735,#7736);
#7734 = CARTESIAN_POINT('',(-82.13120314765,-53.43264323997,29.35));
#7735 = DIRECTION('',(0.568970995298,-0.822357590413,0.));
#7736 = DIRECTION('',(0.822357590413,0.568970995298,0.));
#7737 = ADVANCED_FACE('',(#7738),#7756,.F.);
#7738 = FACE_BOUND('',#7739,.F.);
#7739 = EDGE_LOOP('',(#7740,#7748,#7749,#7750));
#7740 = ORIENTED_EDGE('',*,*,#7741,.F.);
#7741 = EDGE_CURVE('',#7718,#7742,#7744,.T.);
#7742 = VERTEX_POINT('',#7743);
#7743 = CARTESIAN_POINT('',(-80.33520331111,-51.39636752118,29.35));
#7744 = LINE('',#7745,#7746);
#7745 = CARTESIAN_POINT('',(-79.65396768527,-51.71869891326,29.35));
#7746 = VECTOR('',#7747,1.);
#7747 = DIRECTION('',(-0.903922131151,0.427697066644,0.));
#7748 = ORIENTED_EDGE('',*,*,#7727,.T.);
#7749 = ORIENTED_EDGE('',*,*,#6372,.T.);
#7750 = ORIENTED_EDGE('',*,*,#7751,.F.);
#7751 = EDGE_CURVE('',#7742,#6364,#7752,.T.);
#7752 = LINE('',#7753,#7754);
#7753 = CARTESIAN_POINT('',(-80.33520331111,-51.39636752118,22.35));
#7754 = VECTOR('',#7755,1.);
#7755 = DIRECTION('',(0.,-0.,-1.));
#7756 = PLANE('',#7757);
#7757 = AXIS2_PLACEMENT_3D('',#7758,#7759,#7760);
#7758 = CARTESIAN_POINT('',(-79.65396768527,-51.71869891326,29.35));
#7759 = DIRECTION('',(0.427697066644,0.903922131151,0.));
#7760 = DIRECTION('',(-0.903922131151,0.427697066644,0.));
#7761 = ADVANCED_FACE('',(#7762),#7790,.F.);
#7762 = FACE_BOUND('',#7763,.F.);
#7763 = EDGE_LOOP('',(#7764,#7765,#7766,#7774,#7783));
#7764 = ORIENTED_EDGE('',*,*,#7751,.T.);
#7765 = ORIENTED_EDGE('',*,*,#6363,.F.);
#7766 = ORIENTED_EDGE('',*,*,#7767,.F.);
#7767 = EDGE_CURVE('',#7768,#6356,#7770,.T.);
#7768 = VERTEX_POINT('',#7769);
#7769 = CARTESIAN_POINT('',(-81.69566851907,-50.7526539106,29.35));
#7770 = LINE('',#7771,#7772);
#7771 = CARTESIAN_POINT('',(-81.69566851907,-50.7526539106,22.35));
#7772 = VECTOR('',#7773,1.);
#7773 = DIRECTION('',(0.,-0.,-1.));
#7774 = ORIENTED_EDGE('',*,*,#7775,.F.);
#7775 = EDGE_CURVE('',#7776,#7768,#7778,.T.);
#7776 = VERTEX_POINT('',#7777);
#7777 = CARTESIAN_POINT('',(-80.33678096876,-51.39280783837,29.35));
#7778 = CIRCLE('',#7779,1.15);
#7779 = AXIS2_PLACEMENT_3D('',#7780,#7781,#7782);
#7780 = CARTESIAN_POINT('',(-81.38735824505,-51.86055497791,29.35));
#7781 = DIRECTION('',(0.,-0.,1.));
#7782 = DIRECTION('',(0.913545457643,0.406736643076,0.));
#7783 = ORIENTED_EDGE('',*,*,#7784,.F.);
#7784 = EDGE_CURVE('',#7742,#7776,#7785,.T.);
#7785 = CIRCLE('',#7786,1.15);
#7786 = AXIS2_PLACEMENT_3D('',#7787,#7788,#7789);
#7787 = CARTESIAN_POINT('',(-81.38735824505,-51.86055497791,29.35));
#7788 = DIRECTION('',(0.,-0.,1.));
#7789 = DIRECTION('',(0.913545457643,0.406736643076,0.));
#7790 = CYLINDRICAL_SURFACE('',#7791,1.15);
#7791 = AXIS2_PLACEMENT_3D('',#7792,#7793,#7794);
#7792 = CARTESIAN_POINT('',(-81.38735824505,-51.86055497791,22.35));
#7793 = DIRECTION('',(0.,-0.,-1.));
#7794 = DIRECTION('',(0.913545457643,0.406736643076,0.));
#7795 = ADVANCED_FACE('',(#7796),#7814,.F.);
#7796 = FACE_BOUND('',#7797,.F.);
#7797 = EDGE_LOOP('',(#7798,#7806,#7807,#7808));
#7798 = ORIENTED_EDGE('',*,*,#7799,.F.);
#7799 = EDGE_CURVE('',#7768,#7800,#7802,.T.);
#7800 = VERTEX_POINT('',#7801);
#7801 = CARTESIAN_POINT('',(-82.37690474407,-50.43032223503,29.35));
#7802 = LINE('',#7803,#7804);
#7803 = CARTESIAN_POINT('',(-79.65396768527,-51.71869891326,29.35));
#7804 = VECTOR('',#7805,1.);
#7805 = DIRECTION('',(-0.903922131151,0.427697066644,0.));
#7806 = ORIENTED_EDGE('',*,*,#7767,.T.);
#7807 = ORIENTED_EDGE('',*,*,#6355,.T.);
#7808 = ORIENTED_EDGE('',*,*,#7809,.F.);
#7809 = EDGE_CURVE('',#7800,#6348,#7810,.T.);
#7810 = LINE('',#7811,#7812);
#7811 = CARTESIAN_POINT('',(-82.37690474407,-50.43032223503,29.35));
#7812 = VECTOR('',#7813,1.);
#7813 = DIRECTION('',(0.,-0.,-1.));
#7814 = PLANE('',#7815);
#7815 = AXIS2_PLACEMENT_3D('',#7816,#7817,#7818);
#7816 = CARTESIAN_POINT('',(-79.65396768527,-51.71869891326,29.35));
#7817 = DIRECTION('',(0.427697066644,0.903922131151,0.));
#7818 = DIRECTION('',(-0.903922131151,0.427697066644,0.));
#7819 = ADVANCED_FACE('',(#7820),#7838,.F.);
#7820 = FACE_BOUND('',#7821,.F.);
#7821 = EDGE_LOOP('',(#7822,#7830,#7831,#7832));
#7822 = ORIENTED_EDGE('',*,*,#7823,.F.);
#7823 = EDGE_CURVE('',#7800,#7824,#7826,.T.);
#7824 = VERTEX_POINT('',#7825);
#7825 = CARTESIAN_POINT('',(-82.31543404066,-51.18145607672,29.35));
#7826 = LINE('',#7827,#7828);
#7827 = CARTESIAN_POINT('',(-82.37690474407,-50.43032223503,29.35));
#7828 = VECTOR('',#7829,1.);
#7829 = DIRECTION('',(8.156454073807E-02,-0.996668061941,0.));
#7830 = ORIENTED_EDGE('',*,*,#7809,.T.);
#7831 = ORIENTED_EDGE('',*,*,#6347,.T.);
#7832 = ORIENTED_EDGE('',*,*,#7833,.F.);
#7833 = EDGE_CURVE('',#7824,#6339,#7834,.T.);
#7834 = LINE('',#7835,#7836);
#7835 = CARTESIAN_POINT('',(-82.31543404066,-51.18145607672,22.35));
#7836 = VECTOR('',#7837,1.);
#7837 = DIRECTION('',(0.,-0.,-1.));
#7838 = PLANE('',#7839);
#7839 = AXIS2_PLACEMENT_3D('',#7840,#7841,#7842);
#7840 = CARTESIAN_POINT('',(-82.37690474407,-50.43032223503,29.35));
#7841 = DIRECTION('',(-0.996668061941,-8.156454073807E-02,0.));
#7842 = DIRECTION('',(8.156454073807E-02,-0.996668061941,0.));
#7843 = ADVANCED_FACE('',(#7844),#7856,.F.);
#7844 = FACE_BOUND('',#7845,.F.);
#7845 = EDGE_LOOP('',(#7846,#7847,#7854,#7855));
#7846 = ORIENTED_EDGE('',*,*,#6531,.F.);
#7847 = ORIENTED_EDGE('',*,*,#7848,.F.);
#7848 = EDGE_CURVE('',#7824,#6522,#7849,.T.);
#7849 = CIRCLE('',#7850,1.15);
#7850 = AXIS2_PLACEMENT_3D('',#7851,#7852,#7853);
#7851 = CARTESIAN_POINT('',(-81.38735824505,-51.86055497791,29.35));
#7852 = DIRECTION('',(0.,-0.,1.));
#7853 = DIRECTION('',(0.913545457643,0.406736643076,0.));
#7854 = ORIENTED_EDGE('',*,*,#7833,.T.);
#7855 = ORIENTED_EDGE('',*,*,#6338,.F.);
#7856 = CYLINDRICAL_SURFACE('',#7857,1.15);
#7857 = AXIS2_PLACEMENT_3D('',#7858,#7859,#7860);
#7858 = CARTESIAN_POINT('',(-81.38735824505,-51.86055497791,22.35));
#7859 = DIRECTION('',(0.,-0.,-1.));
#7860 = DIRECTION('',(0.913545457643,0.406736643076,0.));
#7861 = ADVANCED_FACE('',(#7862),#7880,.F.);
#7862 = FACE_BOUND('',#7863,.F.);
#7863 = EDGE_LOOP('',(#7864,#7872,#7873,#7874));
#7864 = ORIENTED_EDGE('',*,*,#7865,.F.);
#7865 = EDGE_CURVE('',#6413,#7866,#7868,.T.);
#7866 = VERTEX_POINT('',#7867);
#7867 = CARTESIAN_POINT('',(-96.39270778929,-53.51000832625,29.36));
#7868 = LINE('',#7869,#7870);
#7869 = CARTESIAN_POINT('',(-96.6384093857,-50.50768732131,29.36));
#7870 = VECTOR('',#7871,1.);
#7871 = DIRECTION('',(8.156454073807E-02,-0.996668061941,0.));
#7872 = ORIENTED_EDGE('',*,*,#6412,.T.);
#7873 = ORIENTED_EDGE('',*,*,#6472,.T.);
#7874 = ORIENTED_EDGE('',*,*,#7875,.F.);
#7875 = EDGE_CURVE('',#7866,#6465,#7876,.T.);
#7876 = LINE('',#7877,#7878);
#7877 = CARTESIAN_POINT('',(-96.39270778929,-53.51000832625,29.36));
#7878 = VECTOR('',#7879,1.);
#7879 = DIRECTION('',(0.,-0.,-1.));
#7880 = PLANE('',#7881);
#7881 = AXIS2_PLACEMENT_3D('',#7882,#7883,#7884);
#7882 = CARTESIAN_POINT('',(-96.6384093857,-50.50768732131,29.36));
#7883 = DIRECTION('',(-0.996668061941,-8.156454073807E-02,0.));
#7884 = DIRECTION('',(8.156454073807E-02,-0.996668061941,0.));
#7885 = ADVANCED_FACE('',(#7886),#7903,.F.);
#7886 = FACE_BOUND('',#7887,.F.);
#7887 = EDGE_LOOP('',(#7888,#7889,#7890,#7891,#7892,#7893,#7894,#7900,
    #7901,#7902));
#7888 = ORIENTED_EDGE('',*,*,#7636,.T.);
#7889 = ORIENTED_EDGE('',*,*,#7627,.T.);
#7890 = ORIENTED_EDGE('',*,*,#7651,.T.);
#7891 = ORIENTED_EDGE('',*,*,#7675,.T.);
#7892 = ORIENTED_EDGE('',*,*,#6422,.T.);
#7893 = ORIENTED_EDGE('',*,*,#7865,.T.);
#7894 = ORIENTED_EDGE('',*,*,#7895,.T.);
#7895 = EDGE_CURVE('',#7866,#6488,#7896,.T.);
#7896 = LINE('',#7897,#7898);
#7897 = CARTESIAN_POINT('',(-96.39270778929,-53.51000832625,29.36));
#7898 = VECTOR('',#7899,1.);
#7899 = DIRECTION('',(0.822357590413,0.568970995298,0.));
#7900 = ORIENTED_EDGE('',*,*,#6487,.T.);
#7901 = ORIENTED_EDGE('',*,*,#7569,.T.);
#7902 = ORIENTED_EDGE('',*,*,#7593,.T.);
#7903 = PLANE('',#7904);
#7904 = AXIS2_PLACEMENT_3D('',#7905,#7906,#7907);
#7905 = CARTESIAN_POINT('',(-95.64884041474,-51.93789243539,29.36));
#7906 = DIRECTION('',(0.,0.,1.));
#7907 = DIRECTION('',(0.913545457643,0.406736643076,0.));
#7908 = ADVANCED_FACE('',(#7909),#7915,.F.);
#7909 = FACE_BOUND('',#7910,.F.);
#7910 = EDGE_LOOP('',(#7911,#7912,#7913,#7914));
#7911 = ORIENTED_EDGE('',*,*,#7895,.F.);
#7912 = ORIENTED_EDGE('',*,*,#7875,.T.);
#7913 = ORIENTED_EDGE('',*,*,#6464,.T.);
#7914 = ORIENTED_EDGE('',*,*,#6498,.F.);
#7915 = PLANE('',#7916);
#7916 = AXIS2_PLACEMENT_3D('',#7917,#7918,#7919);
#7917 = CARTESIAN_POINT('',(-96.39270778929,-53.51000832625,29.36));
#7918 = DIRECTION('',(0.568970995298,-0.822357590413,0.));
#7919 = DIRECTION('',(0.822357590413,0.568970995298,0.));
#7920 = ADVANCED_FACE('',(#7921),#7933,.F.);
#7921 = FACE_BOUND('',#7922,.F.);
#7922 = EDGE_LOOP('',(#7923,#7924,#7925,#7926,#7927,#7928,#7929,#7930,
    #7931,#7932));
#7923 = ORIENTED_EDGE('',*,*,#7784,.T.);
#7924 = ORIENTED_EDGE('',*,*,#7775,.T.);
#7925 = ORIENTED_EDGE('',*,*,#7799,.T.);
#7926 = ORIENTED_EDGE('',*,*,#7823,.T.);
#7927 = ORIENTED_EDGE('',*,*,#7848,.T.);
#7928 = ORIENTED_EDGE('',*,*,#6521,.T.);
#7929 = ORIENTED_EDGE('',*,*,#6577,.T.);
#7930 = ORIENTED_EDGE('',*,*,#7692,.T.);
#7931 = ORIENTED_EDGE('',*,*,#7717,.T.);
#7932 = ORIENTED_EDGE('',*,*,#7741,.T.);
#7933 = PLANE('',#7934);
#7934 = AXIS2_PLACEMENT_3D('',#7935,#7936,#7937);
#7935 = CARTESIAN_POINT('',(-81.3873357731,-51.86052734911,29.35));
#7936 = DIRECTION('',(0.,0.,1.));
#7937 = DIRECTION('',(0.913545457643,0.406736643076,0.));
#7938 = ADVANCED_FACE('',(#7939),#7951,.F.);
#7939 = FACE_BOUND('',#7940,.F.);
#7940 = EDGE_LOOP('',(#7941,#7942,#7943,#7944,#7945,#7946,#7947,#7948,
    #7949,#7950));
#7941 = ORIENTED_EDGE('',*,*,#7554,.T.);
#7942 = ORIENTED_EDGE('',*,*,#7545,.T.);
#7943 = ORIENTED_EDGE('',*,*,#6603,.T.);
#7944 = ORIENTED_EDGE('',*,*,#6659,.T.);
#7945 = ORIENTED_EDGE('',*,*,#7404,.T.);
#7946 = ORIENTED_EDGE('',*,*,#7421,.T.);
#7947 = ORIENTED_EDGE('',*,*,#7445,.T.);
#7948 = ORIENTED_EDGE('',*,*,#7469,.T.);
#7949 = ORIENTED_EDGE('',*,*,#7494,.T.);
#7950 = ORIENTED_EDGE('',*,*,#7518,.T.);
#7951 = PLANE('',#7952);
#7952 = AXIS2_PLACEMENT_3D('',#7953,#7954,#7955);
#7953 = CARTESIAN_POINT('',(-81.3598159413,-31.86021628506,29.34));
#7954 = DIRECTION('',(0.,0.,1.));
#7955 = DIRECTION('',(0.913545457643,0.406736643076,0.));
#7956 = ADVANCED_FACE('',(#7957),#7969,.F.);
#7957 = FACE_BOUND('',#7958,.F.);
#7958 = EDGE_LOOP('',(#7959,#7960,#7961,#7962,#7963,#7964,#7965,#7966,
    #7967,#7968));
#7959 = ORIENTED_EDGE('',*,*,#7381,.T.);
#7960 = ORIENTED_EDGE('',*,*,#7372,.T.);
#7961 = ORIENTED_EDGE('',*,*,#6685,.T.);
#7962 = ORIENTED_EDGE('',*,*,#6741,.T.);
#7963 = ORIENTED_EDGE('',*,*,#7231,.T.);
#7964 = ORIENTED_EDGE('',*,*,#7248,.T.);
#7965 = ORIENTED_EDGE('',*,*,#7272,.T.);
#7966 = ORIENTED_EDGE('',*,*,#7296,.T.);
#7967 = ORIENTED_EDGE('',*,*,#7321,.T.);
#7968 = ORIENTED_EDGE('',*,*,#7345,.T.);
#7969 = PLANE('',#7970);
#7970 = AXIS2_PLACEMENT_3D('',#7971,#7972,#7973);
#7971 = CARTESIAN_POINT('',(-95.57057522191,-31.90404171818,29.34));
#7972 = DIRECTION('',(0.,0.,1.));
#7973 = DIRECTION('',(0.913545457643,0.406736643076,0.));
#7974 = ADVANCED_FACE('',(#7975),#7987,.F.);
#7975 = FACE_BOUND('',#7976,.F.);
#7976 = EDGE_LOOP('',(#7977,#7978,#7979,#7980,#7981,#7982,#7983,#7984,
    #7985,#7986));
#7977 = ORIENTED_EDGE('',*,*,#6920,.F.);
#7978 = ORIENTED_EDGE('',*,*,#6961,.F.);
#7979 = ORIENTED_EDGE('',*,*,#6952,.F.);
#7980 = ORIENTED_EDGE('',*,*,#6978,.F.);
#7981 = ORIENTED_EDGE('',*,*,#6767,.F.);
#7982 = ORIENTED_EDGE('',*,*,#6807,.F.);
#7983 = ORIENTED_EDGE('',*,*,#6823,.F.);
#7984 = ORIENTED_EDGE('',*,*,#6847,.F.);
#7985 = ORIENTED_EDGE('',*,*,#6881,.F.);
#7986 = ORIENTED_EDGE('',*,*,#6896,.F.);
#7987 = PLANE('',#7988);
#7988 = AXIS2_PLACEMENT_3D('',#7989,#7990,#7991);
#7989 = CARTESIAN_POINT('',(-68.63872165246,33.07637729704,33.37));
#7990 = DIRECTION('',(8.659560562355E-17,8.659560562355E-17,1.));
#7991 = DIRECTION('',(2.22044604925E-16,1.,-8.659560562355E-17));
#7992 = ADVANCED_FACE('',(#7993),#8005,.F.);
#7993 = FACE_BOUND('',#7994,.F.);
#7994 = EDGE_LOOP('',(#7995,#7996,#7997,#7998,#7999,#8000,#8001,#8002,
    #8003,#8004));
#7995 = ORIENTED_EDGE('',*,*,#7148,.F.);
#7996 = ORIENTED_EDGE('',*,*,#7189,.F.);
#7997 = ORIENTED_EDGE('',*,*,#7180,.F.);
#7998 = ORIENTED_EDGE('',*,*,#7206,.F.);
#7999 = ORIENTED_EDGE('',*,*,#6995,.F.);
#8000 = ORIENTED_EDGE('',*,*,#7035,.F.);
#8001 = ORIENTED_EDGE('',*,*,#7051,.F.);
#8002 = ORIENTED_EDGE('',*,*,#7075,.F.);
#8003 = ORIENTED_EDGE('',*,*,#7109,.F.);
#8004 = ORIENTED_EDGE('',*,*,#7124,.F.);
#8005 = PLANE('',#8006);
#8006 = AXIS2_PLACEMENT_3D('',#8007,#8008,#8009);
#8007 = CARTESIAN_POINT('',(-68.59872165246,-68.61362270296,33.37));
#8008 = DIRECTION('',(8.659560562355E-17,8.659560562355E-17,1.));
#8009 = DIRECTION('',(2.22044604925E-16,1.,-8.659560562355E-17));
#8010 = ( GEOMETRIC_REPRESENTATION_CONTEXT(3) 
GLOBAL_UNCERTAINTY_ASSIGNED_CONTEXT((#8014)) 
GLOBAL_UNIT_ASSIGNED_CONTEXT((#8011,#8012,#8013)) REPRESENTATION_CONTEXT
('Context #1','3D Context with UNIT and UNCERTAINTY') );
#8011 = ( LENGTH_UNIT() NAMED_UNIT(*) SI_UNIT(.MILLI.,.METRE.) );
#8012 = ( NAMED_UNIT(*) PLANE_ANGLE_UNIT() SI_UNIT($,.RADIAN.) );
#8013 = ( NAMED_UNIT(*) SI_UNIT($,.STERADIAN.) SOLID_ANGLE_UNIT() );
#8014 = UNCERTAINTY_MEASURE_WITH_UNIT(LENGTH_MEASURE(2.E-05),#8011,
  'distance_accuracy_value','confusion accuracy');
#8015 = PRODUCT_RELATED_PRODUCT_CATEGORY('part',$,(#7));
#8016 = MECHANICAL_DESIGN_GEOMETRIC_PRESENTATION_REPRESENTATION('',(
    #8017),#8010);
#8017 = STYLED_ITEM('color',(#8018),#15);
#8018 = PRESENTATION_STYLE_ASSIGNMENT((#8019,#8025));
#8019 = SURFACE_STYLE_USAGE(.BOTH.,#8020);
#8020 = SURFACE_SIDE_STYLE('',(#8021));
#8021 = SURFACE_STYLE_FILL_AREA(#8022);
#8022 = FILL_AREA_STYLE('',(#8023));
#8023 = FILL_AREA_STYLE_COLOUR('',#8024);
#8024 = COLOUR_RGB('',0.447058818107,0.474509808674,0.501960817233);
#8025 = CURVE_STYLE('',#8026,POSITIVE_LENGTH_MEASURE(0.1),#8027);
#8026 = DRAUGHTING_PRE_DEFINED_CURVE_FONT('continuous');
#8027 = COLOUR_RGB('',9.803921802644E-02,9.803921802644E-02,
  9.803921802644E-02);
ENDSEC;
END-ISO-10303-21;
