ISO-10303-21;
HEADER;
FILE_DESCRIPTION(('FreeCAD Model'),'2;1');
FILE_NAME('Open CASCADE Shape Model','2026-05-04T15:39:07',(''),(''),
  'Open CASCADE STEP processor 7.8','FreeCAD','Unknown');
FILE_SCHEMA(('AUTOMOTIVE_DESIGN { 1 0 10303 214 1 1 1 1 }'));
ENDSEC;
DATA;
#1 = APPLICATION_PROTOCOL_DEFINITION('international standard',
  'automotive_design',2000,#2);
#2 = APPLICATION_CONTEXT(
  'core data for automotive mechanical design processes');
#3 = SHAPE_DEFINITION_REPRESENTATION(#4,#10);
#4 = PRODUCT_DEFINITION_SHAPE('','',#5);
#5 = PRODUCT_DEFINITION('design','',#6,#9);
#6 = PRODUCT_DEFINITION_FORMATION('','',#7);
#7 = PRODUCT('Cut','Cut','',(#8));
#8 = PRODUCT_CONTEXT('',#2,'mechanical');
#9 = PRODUCT_DEFINITION_CONTEXT('part definition',#2,'design');
#10 = ADVANCED_BREP_SHAPE_REPRESENTATION('',(#11,#15),#6978);
#11 = AXIS2_PLACEMENT_3D('',#12,#13,#14);
#12 = CARTESIAN_POINT('',(0.,0.,0.));
#13 = DIRECTION('',(0.,0.,1.));
#14 = DIRECTION('',(1.,0.,-0.));
#15 = MANIFOLD_SOLID_BREP('',#16);
#16 = CLOSED_SHELL('',(#17,#74,#121,#145,#337,#370,#402,#452,#491,#531,
    #992,#1009,#1036,#1060,#1084,#1109,#1133,#1165,#1189,#1201,#1233,
    #1257,#1281,#1315,#1339,#1363,#1388,#1412,#1429,#1468,#1485,#1499,
    #1613,#1755,#1772,#1789,#1805,#1838,#2087,#2111,#2135,#2321,#2391,
    #2653,#2685,#2710,#2744,#2801,#2833,#2858,#2882,#2899,#2931,#2965,
    #3151,#3191,#3215,#3239,#3263,#3294,#3325,#3342,#3354,#3395,#3419,
    #3443,#3468,#3492,#3516,#3541,#3565,#3582,#3601,#3642,#3666,#3690,
    #3715,#3739,#3763,#3788,#3812,#3829,#3848,#3866,#3890,#3914,#3961,
    #3985,#4009,#4026,#4050,#4072,#4111,#4136,#4158,#4170,#4199,#4223,
    #4248,#4273,#4290,#4303,#4325,#4342,#4359,#4371,#4393,#4410,#4427,
    #4439,#4461,#4478,#4495,#4507,#4529,#4546,#4563,#4575,#4597,#4614,
    #4631,#4643,#4665,#4682,#4699,#4711,#4733,#4750,#4767,#4779,#4820,
    #4844,#4868,#4893,#4917,#4941,#4966,#4990,#5007,#5048,#5072,#5096,
    #5121,#5145,#5169,#5194,#5218,#5235,#5252,#5276,#5318,#5335,#5352,
    #5369,#5388,#5405,#5430,#5455,#5480,#5517,#5529,#5562,#5579,#5592,
    #5623,#5648,#5672,#5696,#5721,#5745,#5769,#5803,#5820,#5851,#5876,
    #5900,#5924,#5949,#5973,#5997,#6031,#6048,#6073,#6092,#6110,#6128,
    #6140,#6152,#6163,#6179,#6204,#6229,#6247,#6265,#6278,#6296,#6314,
    #6400,#6486,#6517,#6542,#6566,#6590,#6615,#6639,#6663,#6697,#6714,
    #6745,#6770,#6794,#6818,#6843,#6867,#6891,#6925,#6942,#6960));
#17 = ADVANCED_FACE('',(#18),#69,.T.);
#18 = FACE_BOUND('',#19,.T.);
#19 = EDGE_LOOP('',(#20,#30,#38,#46,#55,#63));
#20 = ORIENTED_EDGE('',*,*,#21,.F.);
#21 = EDGE_CURVE('',#22,#24,#26,.T.);
#22 = VERTEX_POINT('',#23);
#23 = CARTESIAN_POINT('',(14.20650713352,-69.47734086192,12.261719045103
    ));
#24 = VERTEX_POINT('',#25);
#25 = CARTESIAN_POINT('',(14.33169519458,-69.13338949097,11.485261909795
    ));
#26 = LINE('',#27,#28);
#27 = CARTESIAN_POINT('',(13.83279990016,-70.50409304707,14.579573043276
    ));
#28 = VECTOR('',#29,1.);
#29 = DIRECTION('',(0.14583787913,0.400686279811,-0.904534033733));
#30 = ORIENTED_EDGE('',*,*,#31,.T.);
#31 = EDGE_CURVE('',#22,#32,#34,.T.);
#32 = VERTEX_POINT('',#33);
#33 = CARTESIAN_POINT('',(16.891647304132,-70.45465195886,
    14.282252974047));
#34 = LINE('',#35,#36);
#35 = CARTESIAN_POINT('',(14.40508755013,-69.54961822268,12.411148290464
    ));
#36 = VECTOR('',#37,1.);
#37 = DIRECTION('',(0.767255811995,-0.279258277634,0.57735026919));
#38 = ORIENTED_EDGE('',*,*,#39,.T.);
#39 = EDGE_CURVE('',#32,#40,#42,.T.);
#40 = VERTEX_POINT('',#41);
#41 = CARTESIAN_POINT('',(16.998997321591,-70.39584770748,
    14.144255720468));
#42 = LINE('',#43,#44);
#43 = CARTESIAN_POINT('',(17.163041554662,-70.30598746761,
    13.933378683231));
#44 = VECTOR('',#45,1.);
#45 = DIRECTION('',(0.581971508652,0.318792671857,-0.74811790213));
#46 = ORIENTED_EDGE('',*,*,#47,.F.);
#47 = EDGE_CURVE('',#48,#40,#50,.T.);
#48 = VERTEX_POINT('',#49);
#49 = CARTESIAN_POINT('',(17.478231801887,-69.74654627082,
    12.663647724339));
#50 = ELLIPSE('',#51,2.193931022921,1.9);
#51 = AXIS2_PLACEMENT_3D('',#52,#53,#54);
#52 = CARTESIAN_POINT('',(19.014119808016,-70.23873231384,13.67));
#53 = DIRECTION('',(2.49322389429E-02,0.912530392258,0.408248290464));
#54 = DIRECTION('',(0.640856382056,0.29883623873,-0.707106781187));
#55 = ORIENTED_EDGE('',*,*,#56,.F.);
#56 = EDGE_CURVE('',#57,#48,#59,.T.);
#57 = VERTEX_POINT('',#58);
#58 = CARTESIAN_POINT('',(14.97255157664,-68.83455325224,10.778155128608
    ));
#59 = LINE('',#60,#61);
#60 = CARTESIAN_POINT('',(15.51508336421,-69.03201867405,11.186403419072
    ));
#61 = VECTOR('',#62,1.);
#62 = DIRECTION('',(0.767255811995,-0.279258277634,0.57735026919));
#63 = ORIENTED_EDGE('',*,*,#64,.F.);
#64 = EDGE_CURVE('',#24,#57,#65,.T.);
#65 = LINE('',#66,#67);
#66 = CARTESIAN_POINT('',(12.75140799453,-69.87028951444,13.228915911953
    ));
#67 = VECTOR('',#68,1.);
#68 = DIRECTION('',(0.640856382056,0.29883623873,-0.707106781187));
#69 = PLANE('',#70);
#70 = AXIS2_PLACEMENT_3D('',#71,#72,#73);
#71 = CARTESIAN_POINT('',(14.96008545717,-69.29081844837,11.798775854768
    ));
#72 = DIRECTION('',(2.49322389429E-02,0.912530392258,0.408248290464));
#73 = DIRECTION('',(0.767255811995,-0.279258277634,0.57735026919));
#74 = ADVANCED_FACE('',(#75),#116,.F.);
#75 = FACE_BOUND('',#76,.F.);
#76 = EDGE_LOOP('',(#77,#85,#86,#94,#102,#110));
#77 = ORIENTED_EDGE('',*,*,#78,.F.);
#78 = EDGE_CURVE('',#24,#79,#81,.T.);
#79 = VERTEX_POINT('',#80);
#80 = CARTESIAN_POINT('',(14.33169519458,-69.13338949097,-4.E-15));
#81 = LINE('',#82,#83);
#82 = CARTESIAN_POINT('',(14.33169519458,-69.13338949097,19.0029));
#83 = VECTOR('',#84,1.);
#84 = DIRECTION('',(-0.,0.,-1.));
#85 = ORIENTED_EDGE('',*,*,#21,.F.);
#86 = ORIENTED_EDGE('',*,*,#87,.T.);
#87 = EDGE_CURVE('',#22,#88,#90,.T.);
#88 = VERTEX_POINT('',#89);
#89 = CARTESIAN_POINT('',(11.51329747043,-76.87687359712,17.829773597128
    ));
#90 = LINE('',#91,#92);
#91 = CARTESIAN_POINT('',(13.26008965945,-72.07760150132,14.218382203136
    ));
#92 = VECTOR('',#93,1.);
#93 = DIRECTION('',(-0.279258277634,-0.767255811995,0.57735026919));
#94 = ORIENTED_EDGE('',*,*,#95,.F.);
#95 = EDGE_CURVE('',#96,#88,#98,.T.);
#96 = VERTEX_POINT('',#97);
#97 = CARTESIAN_POINT('',(7.24204454968,-88.61204454968,29.56494454968)
  );
#98 = LINE('',#99,#100);
#99 = CARTESIAN_POINT('',(12.12883998383,-75.18568444085,16.138584440859
    ));
#100 = VECTOR('',#101,1.);
#101 = DIRECTION('',(0.249243569364,0.684791078772,-0.684791078772));
#102 = ORIENTED_EDGE('',*,*,#103,.F.);
#103 = EDGE_CURVE('',#104,#96,#106,.T.);
#104 = VERTEX_POINT('',#105);
#105 = CARTESIAN_POINT('',(7.24204454968,-88.61204454968,-4.E-15));
#106 = LINE('',#107,#108);
#107 = CARTESIAN_POINT('',(7.24204454968,-88.61204454968,25.50145));
#108 = VECTOR('',#109,1.);
#109 = DIRECTION('',(1.E-17,3.E-17,1.));
#110 = ORIENTED_EDGE('',*,*,#111,.F.);
#111 = EDGE_CURVE('',#79,#104,#112,.T.);
#112 = LINE('',#113,#114);
#113 = CARTESIAN_POINT('',(14.50270526625,-68.66354318057,-1.83E-15));
#114 = VECTOR('',#115,1.);
#115 = DIRECTION('',(-0.342020143326,-0.939692620786,0.));
#116 = PLANE('',#117);
#117 = AXIS2_PLACEMENT_3D('',#118,#119,#120);
#118 = CARTESIAN_POINT('',(14.50270526625,-68.66354318057,19.0029));
#119 = DIRECTION('',(0.939692620786,-0.342020143326,0.));
#120 = DIRECTION('',(-0.,0.,-1.));
#121 = ADVANCED_FACE('',(#122),#140,.T.);
#122 = FACE_BOUND('',#123,.F.);
#123 = EDGE_LOOP('',(#124,#125,#133,#139));
#124 = ORIENTED_EDGE('',*,*,#78,.T.);
#125 = ORIENTED_EDGE('',*,*,#126,.T.);
#126 = EDGE_CURVE('',#79,#127,#129,.T.);
#127 = VERTEX_POINT('',#128);
#128 = CARTESIAN_POINT('',(14.97255157664,-68.83455325224,0.));
#129 = LINE('',#130,#131);
#130 = CARTESIAN_POINT('',(51.7163427926,-51.70064201859,-1.032E-14));
#131 = VECTOR('',#132,1.);
#132 = DIRECTION('',(0.906307787037,0.422618261741,0.));
#133 = ORIENTED_EDGE('',*,*,#134,.F.);
#134 = EDGE_CURVE('',#57,#127,#135,.T.);
#135 = LINE('',#136,#137);
#136 = CARTESIAN_POINT('',(14.97255157664,-68.83455325224,19.0029));
#137 = VECTOR('',#138,1.);
#138 = DIRECTION('',(-0.,0.,-1.));
#139 = ORIENTED_EDGE('',*,*,#64,.F.);
#140 = PLANE('',#141);
#141 = AXIS2_PLACEMENT_3D('',#142,#143,#144);
#142 = CARTESIAN_POINT('',(14.65212338561,-68.9839713716,19.0029));
#143 = DIRECTION('',(-0.422618261741,0.906307787037,0.));
#144 = DIRECTION('',(0.,0.,1.));
#145 = ADVANCED_FACE('',(#146,#255),#332,.F.);
#146 = FACE_BOUND('',#147,.F.);
#147 = EDGE_LOOP('',(#148,#158,#166,#174,#182,#190,#199,#207,#215,#222,
    #223,#224,#232,#241,#249));
#148 = ORIENTED_EDGE('',*,*,#149,.T.);
#149 = EDGE_CURVE('',#150,#152,#154,.T.);
#150 = VERTEX_POINT('',#151);
#151 = CARTESIAN_POINT('',(53.93088242022,-83.014226056,23.967126056001)
  );
#152 = VERTEX_POINT('',#153);
#153 = CARTESIAN_POINT('',(40.29178342629,-78.05,19.0029));
#154 = LINE('',#155,#156);
#155 = CARTESIAN_POINT('',(42.70895883626,-78.92977990022,
    19.882679900229));
#156 = VECTOR('',#157,1.);
#157 = DIRECTION('',(-0.889126490716,0.323615577118,-0.323615577118));
#158 = ORIENTED_EDGE('',*,*,#159,.T.);
#159 = EDGE_CURVE('',#152,#160,#162,.T.);
#160 = VERTEX_POINT('',#161);
#161 = CARTESIAN_POINT('',(39.27468970039,-77.67980815831,19.0029));
#162 = LINE('',#163,#164);
#163 = CARTESIAN_POINT('',(53.93088242022,-83.014226056,19.0029));
#164 = VECTOR('',#165,1.);
#165 = DIRECTION('',(-0.939692620786,0.342020143326,0.));
#166 = ORIENTED_EDGE('',*,*,#167,.F.);
#167 = EDGE_CURVE('',#168,#160,#170,.T.);
#168 = VERTEX_POINT('',#169);
#169 = CARTESIAN_POINT('',(21.069012547397,-71.05348357996,
    15.031431110824));
#170 = LINE('',#171,#172);
#171 = CARTESIAN_POINT('',(28.63643697885,-73.80780082306,
    16.682223358105));
#172 = VECTOR('',#173,1.);
#173 = DIRECTION('',(0.920550680974,-0.335053047008,0.200813095809));
#174 = ORIENTED_EDGE('',*,*,#175,.T.);
#175 = EDGE_CURVE('',#168,#176,#178,.T.);
#176 = VERTEX_POINT('',#177);
#177 = CARTESIAN_POINT('',(21.179683200388,-71.09376440345,
    15.032127079382));
#178 = LINE('',#179,#180);
#179 = CARTESIAN_POINT('',(27.687802717336,-73.46252618867,
    15.073054339075));
#180 = VECTOR('',#181,1.);
#181 = DIRECTION('',(0.939676213741,-0.34201417165,5.909291051911E-03));
#182 = ORIENTED_EDGE('',*,*,#183,.T.);
#183 = EDGE_CURVE('',#176,#184,#186,.T.);
#184 = VERTEX_POINT('',#185);
#185 = CARTESIAN_POINT('',(20.716154947617,-70.9250539167,
    14.165966744899));
#186 = LINE('',#187,#188);
#187 = CARTESIAN_POINT('',(21.134366417152,-71.07727044324,
    14.947447019665));
#188 = VECTOR('',#189,1.);
#189 = DIRECTION('',(-0.465029139514,0.16925676485,-0.868964928496));
#190 = ORIENTED_EDGE('',*,*,#191,.T.);
#191 = EDGE_CURVE('',#184,#192,#194,.T.);
#192 = VERTEX_POINT('',#193);
#193 = CARTESIAN_POINT('',(19.471143390757,-70.47190676868,
    11.839507418899));
#194 = CIRCLE('',#195,1.9);
#195 = AXIS2_PLACEMENT_3D('',#196,#197,#198);
#196 = CARTESIAN_POINT('',(18.992640586184,-70.29774599081,13.67));
#197 = DIRECTION('',(0.342020143326,0.939692620786,-5.828670879282E-16)
  );
#198 = DIRECTION('',(0.469846310393,-0.171010071663,0.866025403784));
#199 = ORIENTED_EDGE('',*,*,#200,.T.);
#200 = EDGE_CURVE('',#192,#201,#203,.T.);
#201 = VERTEX_POINT('',#202);
#202 = CARTESIAN_POINT('',(19.007615137986,-70.30319628193,
    10.973347084417));
#203 = LINE('',#204,#205);
#204 = CARTESIAN_POINT('',(21.134366417152,-71.07727044324,
    14.947447019665));
#205 = VECTOR('',#206,1.);
#206 = DIRECTION('',(-0.465029139514,0.16925676485,-0.868964928496));
#207 = ORIENTED_EDGE('',*,*,#208,.T.);
#208 = EDGE_CURVE('',#201,#209,#211,.T.);
#209 = VERTEX_POINT('',#210);
#210 = CARTESIAN_POINT('',(18.534499992493,-70.13099645159,
    11.833617200151));
#211 = LINE('',#212,#213);
#212 = CARTESIAN_POINT('',(19.569995802879,-70.50788610428,
    9.950764560306));
#213 = VECTOR('',#214,1.);
#214 = DIRECTION('',(-0.474647074227,0.1727574068,0.863055637444));
#215 = ORIENTED_EDGE('',*,*,#216,.T.);
#216 = EDGE_CURVE('',#209,#48,#217,.T.);
#217 = CIRCLE('',#218,1.9);
#218 = AXIS2_PLACEMENT_3D('',#219,#220,#221);
#219 = CARTESIAN_POINT('',(18.992640586184,-70.29774599081,13.67));
#220 = DIRECTION('',(0.342020143326,0.939692620786,-5.828670879282E-16)
  );
#221 = DIRECTION('',(0.469846310393,-0.171010071663,0.866025403784));
#222 = ORIENTED_EDGE('',*,*,#56,.F.);
#223 = ORIENTED_EDGE('',*,*,#134,.T.);
#224 = ORIENTED_EDGE('',*,*,#225,.T.);
#225 = EDGE_CURVE('',#127,#226,#228,.T.);
#226 = VERTEX_POINT('',#227);
#227 = CARTESIAN_POINT('',(16.29192990603,-69.31476769187,-2.E-15));
#228 = LINE('',#229,#230);
#229 = CARTESIAN_POINT('',(14.50270526625,-68.66354318057,-1.77E-15));
#230 = VECTOR('',#231,1.);
#231 = DIRECTION('',(0.939692620786,-0.342020143326,0.));
#232 = ORIENTED_EDGE('',*,*,#233,.F.);
#233 = EDGE_CURVE('',#234,#226,#236,.T.);
#234 = VERTEX_POINT('',#235);
#235 = CARTESIAN_POINT('',(52.05149717865,-82.33018576935,0.));
#236 = CIRCLE('',#237,19.137127971624);
#237 = AXIS2_PLACEMENT_3D('',#238,#239,#240);
#238 = CARTESIAN_POINT('',(34.17171354234,-75.82247673061,-2.047615));
#239 = DIRECTION('',(-0.342020143326,-0.939692620786,0.));
#240 = DIRECTION('',(0.939692620786,-0.342020143326,0.));
#241 = ORIENTED_EDGE('',*,*,#242,.F.);
#242 = EDGE_CURVE('',#243,#234,#245,.T.);
#243 = VERTEX_POINT('',#244);
#244 = CARTESIAN_POINT('',(53.93088242022,-83.014226056,0.));
#245 = LINE('',#246,#247);
#246 = CARTESIAN_POINT('',(53.93088242022,-83.014226056,-2.E-16));
#247 = VECTOR('',#248,1.);
#248 = DIRECTION('',(-0.939692620786,0.342020143326,-1.2E-16));
#249 = ORIENTED_EDGE('',*,*,#250,.T.);
#250 = EDGE_CURVE('',#243,#150,#251,.T.);
#251 = LINE('',#252,#253);
#252 = CARTESIAN_POINT('',(53.93088242022,-83.014226056,-2.E-16));
#253 = VECTOR('',#254,1.);
#254 = DIRECTION('',(0.,0.,1.));
#255 = FACE_BOUND('',#256,.F.);
#256 = EDGE_LOOP('',(#257,#268,#276,#284,#293,#301,#309,#318,#326));
#257 = ORIENTED_EDGE('',*,*,#258,.T.);
#258 = EDGE_CURVE('',#259,#261,#263,.T.);
#259 = VERTEX_POINT('',#260);
#260 = CARTESIAN_POINT('',(50.983654263128,-81.94152273323,
    14.195966744899));
#261 = VERTEX_POINT('',#262);
#262 = CARTESIAN_POINT('',(49.738642706268,-81.48837558521,
    11.869507418899));
#263 = CIRCLE('',#264,1.9);
#264 = AXIS2_PLACEMENT_3D('',#265,#266,#267);
#265 = CARTESIAN_POINT('',(49.260139901695,-81.31421480733,13.7));
#266 = DIRECTION('',(0.342020143326,0.939692620786,-5.828670879282E-16)
  );
#267 = DIRECTION('',(0.469846310393,-0.171010071663,0.866025403784));
#268 = ORIENTED_EDGE('',*,*,#269,.T.);
#269 = EDGE_CURVE('',#261,#270,#272,.T.);
#270 = VERTEX_POINT('',#271);
#271 = CARTESIAN_POINT('',(49.275114453497,-81.31966509846,
    11.003347084417));
#272 = LINE('',#273,#274);
#273 = CARTESIAN_POINT('',(47.689549741904,-80.74256673894,
    8.040521727545));
#274 = VECTOR('',#275,1.);
#275 = DIRECTION('',(-0.465029139514,0.16925676485,-0.868964928496));
#276 = ORIENTED_EDGE('',*,*,#277,.T.);
#277 = EDGE_CURVE('',#270,#278,#280,.T.);
#278 = VERTEX_POINT('',#279);
#279 = CARTESIAN_POINT('',(48.801999308004,-81.14746526812,
    11.863617200151));
#280 = LINE('',#281,#282);
#281 = CARTESIAN_POINT('',(45.982491106263,-80.12124820742,
    16.990357846964));
#282 = VECTOR('',#283,1.);
#283 = DIRECTION('',(-0.474647074227,0.1727574068,0.863055637444));
#284 = ORIENTED_EDGE('',*,*,#285,.T.);
#285 = EDGE_CURVE('',#278,#286,#288,.T.);
#286 = VERTEX_POINT('',#287);
#287 = CARTESIAN_POINT('',(47.531237881181,-80.6849459339,
    14.174255720468));
#288 = CIRCLE('',#289,1.9);
#289 = AXIS2_PLACEMENT_3D('',#290,#291,#292);
#290 = CARTESIAN_POINT('',(49.260139901695,-81.31421480733,13.7));
#291 = DIRECTION('',(0.342020143326,0.939692620786,-5.828670879282E-16)
  );
#292 = DIRECTION('',(0.469846310393,-0.171010071663,0.866025403784));
#293 = ORIENTED_EDGE('',*,*,#294,.T.);
#294 = EDGE_CURVE('',#286,#295,#297,.T.);
#295 = VERTEX_POINT('',#296);
#296 = CARTESIAN_POINT('',(47.058122735688,-80.51274610356,
    15.034525836201));
#297 = LINE('',#298,#299);
#298 = CARTESIAN_POINT('',(45.982491106263,-80.12124820742,
    16.990357846964));
#299 = VECTOR('',#300,1.);
#300 = DIRECTION('',(-0.474647074227,0.1727574068,0.863055637444));
#301 = ORIENTED_EDGE('',*,*,#302,.T.);
#302 = EDGE_CURVE('',#295,#303,#305,.T.);
#303 = VERTEX_POINT('',#304);
#304 = CARTESIAN_POINT('',(47.994766133953,-80.85365642065,
    15.040416054951));
#305 = LINE('',#306,#307);
#306 = CARTESIAN_POINT('',(42.821997549099,-78.97092262702,
    15.007886344542));
#307 = VECTOR('',#308,1.);
#308 = DIRECTION('',(0.939676213741,-0.34201417165,5.909291051911E-03));
#309 = ORIENTED_EDGE('',*,*,#310,.T.);
#310 = EDGE_CURVE('',#303,#311,#313,.T.);
#311 = VERTEX_POINT('',#312);
#312 = CARTESIAN_POINT('',(50.510539117635,-81.76932290289,
    15.056236860632));
#313 = CIRCLE('',#314,1.9);
#314 = AXIS2_PLACEMENT_3D('',#315,#316,#317);
#315 = CARTESIAN_POINT('',(49.260139901695,-81.31421480733,13.7));
#316 = DIRECTION('',(0.342020143326,0.939692620786,-5.828670879282E-16)
  );
#317 = DIRECTION('',(0.469846310393,-0.171010071663,0.866025403784));
#318 = ORIENTED_EDGE('',*,*,#319,.T.);
#319 = EDGE_CURVE('',#311,#320,#322,.T.);
#320 = VERTEX_POINT('',#321);
#321 = CARTESIAN_POINT('',(51.447182515899,-82.11023321998,
    15.062127079382));
#322 = LINE('',#323,#324);
#323 = CARTESIAN_POINT('',(42.821997549099,-78.97092262702,
    15.007886344542));
#324 = VECTOR('',#325,1.);
#325 = DIRECTION('',(0.939676213741,-0.34201417165,5.909291051911E-03));
#326 = ORIENTED_EDGE('',*,*,#327,.T.);
#327 = EDGE_CURVE('',#320,#259,#328,.T.);
#328 = LINE('',#329,#330);
#329 = CARTESIAN_POINT('',(47.689549741904,-80.74256673894,
    8.040521727545));
#330 = VECTOR('',#331,1.);
#331 = DIRECTION('',(-0.465029139514,0.16925676485,-0.868964928496));
#332 = PLANE('',#333);
#333 = AXIS2_PLACEMENT_3D('',#334,#335,#336);
#334 = CARTESIAN_POINT('',(34.21163149127,-75.83700567583,
    12.285021225396));
#335 = DIRECTION('',(-0.342020143326,-0.939692620786,0.));
#336 = DIRECTION('',(-0.939692620786,0.342020143326,0.));
#337 = ADVANCED_FACE('',(#338),#365,.F.);
#338 = FACE_BOUND('',#339,.F.);
#339 = EDGE_LOOP('',(#340,#348,#357,#363,#364));
#340 = ORIENTED_EDGE('',*,*,#341,.F.);
#341 = EDGE_CURVE('',#342,#209,#344,.T.);
#342 = VERTEX_POINT('',#343);
#343 = CARTESIAN_POINT('',(15.881643930423,-77.41965857919,
    11.833617200151));
#344 = LINE('',#345,#346);
#345 = CARTESIAN_POINT('',(18.617805077028,-69.90211761291,
    11.833617200151));
#346 = VECTOR('',#347,1.);
#347 = DIRECTION('',(0.342020143326,0.939692620786,-5.644004321515E-16)
  );
#348 = ORIENTED_EDGE('',*,*,#349,.F.);
#349 = EDGE_CURVE('',#350,#342,#352,.T.);
#350 = VERTEX_POINT('',#351);
#351 = CARTESIAN_POINT('',(14.6108825036,-76.95713924498,14.144255720468
    ));
#352 = CIRCLE('',#353,1.9);
#353 = AXIS2_PLACEMENT_3D('',#354,#355,#356);
#354 = CARTESIAN_POINT('',(16.339784524114,-77.58640811841,13.67));
#355 = DIRECTION('',(-0.342020143326,-0.939692620786,5.551115123126E-16)
  );
#356 = DIRECTION('',(0.469846310393,-0.171010071663,0.866025403784));
#357 = ORIENTED_EDGE('',*,*,#358,.T.);
#358 = EDGE_CURVE('',#350,#40,#359,.T.);
#359 = LINE('',#360,#361);
#360 = CARTESIAN_POINT('',(17.347043650205,-69.43959827869,
    14.144255720468));
#361 = VECTOR('',#362,1.);
#362 = DIRECTION('',(0.342020143326,0.939692620786,-5.644004321515E-16)
  );
#363 = ORIENTED_EDGE('',*,*,#47,.F.);
#364 = ORIENTED_EDGE('',*,*,#216,.F.);
#365 = CYLINDRICAL_SURFACE('',#366,1.9);
#366 = AXIS2_PLACEMENT_3D('',#367,#368,#369);
#367 = CARTESIAN_POINT('',(19.075945670719,-70.06886715212,13.67));
#368 = DIRECTION('',(0.342020143326,0.939692620786,-5.644004321515E-16)
  );
#369 = DIRECTION('',(0.469846310393,-0.171010071663,0.866025403784));
#370 = ADVANCED_FACE('',(#371),#397,.T.);
#371 = FACE_BOUND('',#372,.T.);
#372 = EDGE_LOOP('',(#373,#381,#389,#395,#396));
#373 = ORIENTED_EDGE('',*,*,#374,.F.);
#374 = EDGE_CURVE('',#375,#32,#377,.T.);
#375 = VERTEX_POINT('',#376);
#376 = CARTESIAN_POINT('',(16.000492479151,-71.66714420592,
    15.004525836201));
#377 = LINE('',#378,#379);
#378 = CARTESIAN_POINT('',(16.381959758939,-71.14812539316,
    14.695350083271));
#379 = VECTOR('',#380,1.);
#380 = DIRECTION('',(0.533905940971,0.726424630084,-0.432725898235));
#381 = ORIENTED_EDGE('',*,*,#382,.T.);
#382 = EDGE_CURVE('',#375,#383,#385,.T.);
#383 = VERTEX_POINT('',#384);
#384 = CARTESIAN_POINT('',(14.137767358107,-76.78493941464,
    15.004525836201));
#385 = LINE('',#386,#387);
#386 = CARTESIAN_POINT('',(16.873928504713,-69.26739844835,
    15.004525836201));
#387 = VECTOR('',#388,1.);
#388 = DIRECTION('',(-0.342020143326,-0.939692620786,5.644004321515E-16)
  );
#389 = ORIENTED_EDGE('',*,*,#390,.T.);
#390 = EDGE_CURVE('',#383,#350,#391,.T.);
#391 = LINE('',#392,#393);
#392 = CARTESIAN_POINT('',(14.137767358107,-76.78493941464,
    15.004525836201));
#393 = VECTOR('',#394,1.);
#394 = DIRECTION('',(0.474647074227,-0.1727574068,-0.863055637444));
#395 = ORIENTED_EDGE('',*,*,#358,.T.);
#396 = ORIENTED_EDGE('',*,*,#39,.F.);
#397 = PLANE('',#398);
#398 = AXIS2_PLACEMENT_3D('',#399,#400,#401);
#399 = CARTESIAN_POINT('',(16.873928504713,-69.26739844835,
    15.004525836201));
#400 = DIRECTION('',(0.811007013833,-0.295182412817,0.505108866163));
#401 = DIRECTION('',(0.474647074227,-0.1727574068,-0.863055637444));
#402 = ADVANCED_FACE('',(#403),#447,.T.);
#403 = FACE_BOUND('',#404,.T.);
#404 = EDGE_LOOP('',(#405,#406,#407,#415,#423,#431,#440,#446));
#405 = ORIENTED_EDGE('',*,*,#31,.F.);
#406 = ORIENTED_EDGE('',*,*,#87,.T.);
#407 = ORIENTED_EDGE('',*,*,#408,.T.);
#408 = EDGE_CURVE('',#88,#409,#411,.T.);
#409 = VERTEX_POINT('',#410);
#410 = CARTESIAN_POINT('',(11.77337333255,-78.05,19.0029));
#411 = LINE('',#412,#413);
#412 = CARTESIAN_POINT('',(12.49295115769,-81.29580581488,
    22.248705814885));
#413 = VECTOR('',#414,1.);
#414 = DIRECTION('',(0.1548704352,-0.698575389024,0.698575389024));
#415 = ORIENTED_EDGE('',*,*,#416,.T.);
#416 = EDGE_CURVE('',#409,#417,#419,.T.);
#417 = VERTEX_POINT('',#418);
#418 = CARTESIAN_POINT('',(14.04549191243,-76.99049370596,19.0029));
#419 = LINE('',#420,#421);
#420 = CARTESIAN_POINT('',(17.29002302677,-75.47754400022,19.0029));
#421 = VECTOR('',#422,1.);
#422 = DIRECTION('',(0.906307787037,0.422618261741,-0.));
#423 = ORIENTED_EDGE('',*,*,#424,.F.);
#424 = EDGE_CURVE('',#425,#417,#427,.T.);
#425 = VERTEX_POINT('',#426);
#426 = CARTESIAN_POINT('',(17.447294079955,-71.19186481937,
    15.185221204773));
#427 = LINE('',#428,#429);
#428 = CARTESIAN_POINT('',(16.9542384304,-72.03231543684,15.738553822448
    ));
#429 = VECTOR('',#430,1.);
#430 = DIRECTION('',(-0.440011165358,-0.750032285305,0.493803346851));
#431 = ORIENTED_EDGE('',*,*,#432,.F.);
#432 = EDGE_CURVE('',#433,#425,#435,.T.);
#433 = VERTEX_POINT('',#434);
#434 = CARTESIAN_POINT('',(17.275197157394,-71.07923878987,
    15.010416054951));
#435 = ELLIPSE('',#436,3.8,1.9);
#436 = AXIS2_PLACEMENT_3D('',#437,#438,#439);
#437 = CARTESIAN_POINT('',(19.649474517134,-68.49310959719,13.67));
#438 = DIRECTION('',(-0.29883623873,0.640856382056,0.707106781187));
#439 = DIRECTION('',(0.567464026509,0.715064970441,-0.408248290464));
#440 = ORIENTED_EDGE('',*,*,#441,.T.);
#441 = EDGE_CURVE('',#433,#375,#442,.T.);
#442 = LINE('',#443,#444);
#443 = CARTESIAN_POINT('',(18.124163712698,-70.68768767657,
    15.014339001817));
#444 = VECTOR('',#445,1.);
#445 = DIRECTION('',(-0.908065149815,-0.418807923757,-4.196032588626E-03
    ));
#446 = ORIENTED_EDGE('',*,*,#374,.T.);
#447 = PLANE('',#448);
#448 = AXIS2_PLACEMENT_3D('',#449,#450,#451);
#449 = CARTESIAN_POINT('',(15.81085911068,-72.3054667456,15.5029));
#450 = DIRECTION('',(-0.29883623873,0.640856382056,0.707106781187));
#451 = DIRECTION('',(-0.906307787037,-0.422618261741,2.021438572086E-13)
  );
#452 = ADVANCED_FACE('',(#453),#486,.T.);
#453 = FACE_BOUND('',#454,.F.);
#454 = EDGE_LOOP('',(#455,#461,#462,#470,#478,#484,#485));
#455 = ORIENTED_EDGE('',*,*,#456,.F.);
#456 = EDGE_CURVE('',#152,#409,#457,.T.);
#457 = LINE('',#458,#459);
#458 = CARTESIAN_POINT('',(51.02429840703,-78.05,19.0029));
#459 = VECTOR('',#460,1.);
#460 = DIRECTION('',(-1.,1.224646799147E-16,0.));
#461 = ORIENTED_EDGE('',*,*,#149,.F.);
#462 = ORIENTED_EDGE('',*,*,#463,.F.);
#463 = EDGE_CURVE('',#464,#150,#466,.T.);
#464 = VERTEX_POINT('',#465);
#465 = CARTESIAN_POINT('',(51.02429840703,-91.,31.9529));
#466 = LINE('',#467,#468);
#467 = CARTESIAN_POINT('',(55.62809375638,-78.35117623386,19.30407623386
    ));
#468 = VECTOR('',#469,1.);
#469 = DIRECTION('',(0.249243569364,0.684791078772,-0.684791078772));
#470 = ORIENTED_EDGE('',*,*,#471,.T.);
#471 = EDGE_CURVE('',#464,#472,#474,.T.);
#472 = VERTEX_POINT('',#473);
#473 = CARTESIAN_POINT('',(9.63,-91.,31.9529));
#474 = LINE('',#475,#476);
#475 = CARTESIAN_POINT('',(51.02429840703,-91.,31.9529));
#476 = VECTOR('',#477,1.);
#477 = DIRECTION('',(-1.,1.224646799147E-16,0.));
#478 = ORIENTED_EDGE('',*,*,#479,.T.);
#479 = EDGE_CURVE('',#472,#96,#480,.T.);
#480 = LINE('',#481,#482);
#481 = CARTESIAN_POINT('',(13.7968997345,-95.1668997345,36.119799734506)
  );
#482 = VECTOR('',#483,1.);
#483 = DIRECTION('',(-0.57735026919,0.57735026919,-0.57735026919));
#484 = ORIENTED_EDGE('',*,*,#95,.T.);
#485 = ORIENTED_EDGE('',*,*,#408,.T.);
#486 = PLANE('',#487);
#487 = AXIS2_PLACEMENT_3D('',#488,#489,#490);
#488 = CARTESIAN_POINT('',(51.02429840703,-84.525,25.4779));
#489 = DIRECTION('',(8.659560562355E-17,0.707106781187,0.707106781187));
#490 = DIRECTION('',(1.,-1.224646799147E-16,0.));
#491 = ADVANCED_FACE('',(#492),#526,.T.);
#492 = FACE_BOUND('',#493,.F.);
#493 = EDGE_LOOP('',(#494,#502,#510,#518,#524,#525));
#494 = ORIENTED_EDGE('',*,*,#495,.F.);
#495 = EDGE_CURVE('',#496,#472,#498,.T.);
#496 = VERTEX_POINT('',#497);
#497 = CARTESIAN_POINT('',(9.63,-91.,32.));
#498 = LINE('',#499,#500);
#499 = CARTESIAN_POINT('',(9.63,-91.,32.));
#500 = VECTOR('',#501,1.);
#501 = DIRECTION('',(-0.,0.,-1.));
#502 = ORIENTED_EDGE('',*,*,#503,.F.);
#503 = EDGE_CURVE('',#504,#496,#506,.T.);
#504 = VERTEX_POINT('',#505);
#505 = CARTESIAN_POINT('',(6.14,-87.51,32.));
#506 = LINE('',#507,#508);
#507 = CARTESIAN_POINT('',(-39.15,-42.22,32.));
#508 = VECTOR('',#509,1.);
#509 = DIRECTION('',(0.707106781187,-0.707106781187,-1.599999999999E-16)
  );
#510 = ORIENTED_EDGE('',*,*,#511,.T.);
#511 = EDGE_CURVE('',#504,#512,#514,.T.);
#512 = VERTEX_POINT('',#513);
#513 = CARTESIAN_POINT('',(6.14,-87.51,-2.1E-14));
#514 = LINE('',#515,#516);
#515 = CARTESIAN_POINT('',(6.14,-87.51,32.));
#516 = VECTOR('',#517,1.);
#517 = DIRECTION('',(-0.,0.,-1.));
#518 = ORIENTED_EDGE('',*,*,#519,.T.);
#519 = EDGE_CURVE('',#512,#104,#520,.T.);
#520 = LINE('',#521,#522);
#521 = CARTESIAN_POINT('',(2.981746203905,-84.3517462039,-6.46E-15));
#522 = VECTOR('',#523,1.);
#523 = DIRECTION('',(0.707106781187,-0.707106781187,0.));
#524 = ORIENTED_EDGE('',*,*,#103,.T.);
#525 = ORIENTED_EDGE('',*,*,#479,.F.);
#526 = PLANE('',#527);
#527 = AXIS2_PLACEMENT_3D('',#528,#529,#530);
#528 = CARTESIAN_POINT('',(7.885,-89.255,32.));
#529 = DIRECTION('',(0.707106781187,0.707106781187,-2.999999999998E-17)
  );
#530 = DIRECTION('',(2.121320343558E-17,2.121320343558E-17,1.));
#531 = ADVANCED_FACE('',(#532,#811,#888,#899,#976),#987,.T.);
#532 = FACE_BOUND('',#533,.T.);
#533 = EDGE_LOOP('',(#534,#535,#536,#537,#545,#553,#561,#567,#568,#576,
    #584,#592,#601,#609,#617,#625,#634,#642,#650,#658,#666,#674,#682,
    #690,#698,#706,#714,#722,#731,#739,#748,#756,#764,#772,#780,#788,
    #796,#804,#810));
#534 = ORIENTED_EDGE('',*,*,#111,.F.);
#535 = ORIENTED_EDGE('',*,*,#126,.T.);
#536 = ORIENTED_EDGE('',*,*,#225,.T.);
#537 = ORIENTED_EDGE('',*,*,#538,.T.);
#538 = EDGE_CURVE('',#226,#539,#541,.T.);
#539 = VERTEX_POINT('',#540);
#540 = CARTESIAN_POINT('',(8.727598212671,-90.09759821267,-4.E-15));
#541 = LINE('',#542,#543);
#542 = CARTESIAN_POINT('',(16.29192990603,-69.31476769187,-1.61E-15));
#543 = VECTOR('',#544,1.);
#544 = DIRECTION('',(-0.342020143326,-0.939692620786,0.));
#545 = ORIENTED_EDGE('',*,*,#546,.T.);
#546 = EDGE_CURVE('',#539,#547,#549,.T.);
#547 = VERTEX_POINT('',#548);
#548 = CARTESIAN_POINT('',(9.63,-91.,-4.3E-14));
#549 = LINE('',#550,#551);
#550 = CARTESIAN_POINT('',(2.981746203905,-84.3517462039,-6.46E-15));
#551 = VECTOR('',#552,1.);
#552 = DIRECTION('',(0.707106781187,-0.707106781187,0.));
#553 = ORIENTED_EDGE('',*,*,#554,.T.);
#554 = EDGE_CURVE('',#547,#555,#557,.T.);
#555 = VERTEX_POINT('',#556);
#556 = CARTESIAN_POINT('',(48.89594286208,-91.,-2.1E-14));
#557 = LINE('',#558,#559);
#558 = CARTESIAN_POINT('',(58.75,-91.,-4.108E-14));
#559 = VECTOR('',#560,1.);
#560 = DIRECTION('',(1.,-1.224646799147E-16,0.));
#561 = ORIENTED_EDGE('',*,*,#562,.F.);
#562 = EDGE_CURVE('',#234,#555,#563,.T.);
#563 = LINE('',#564,#565);
#564 = CARTESIAN_POINT('',(52.05149717865,-82.33018576935,-2.7E-16));
#565 = VECTOR('',#566,1.);
#566 = DIRECTION('',(-0.342020143326,-0.939692620786,0.));
#567 = ORIENTED_EDGE('',*,*,#242,.F.);
#568 = ORIENTED_EDGE('',*,*,#569,.T.);
#569 = EDGE_CURVE('',#243,#570,#572,.T.);
#570 = VERTEX_POINT('',#571);
#571 = CARTESIAN_POINT('',(51.02429840703,-91.,-2.1E-14));
#572 = LINE('',#573,#574);
#573 = CARTESIAN_POINT('',(53.93088242022,-83.014226056,-4.E-17));
#574 = VECTOR('',#575,1.);
#575 = DIRECTION('',(-0.342020143326,-0.939692620786,0.));
#576 = ORIENTED_EDGE('',*,*,#577,.T.);
#577 = EDGE_CURVE('',#570,#578,#580,.T.);
#578 = VERTEX_POINT('',#579);
#579 = CARTESIAN_POINT('',(102.5,-91.,-2.1E-14));
#580 = LINE('',#581,#582);
#581 = CARTESIAN_POINT('',(58.75,-91.,-4.108E-14));
#582 = VECTOR('',#583,1.);
#583 = DIRECTION('',(1.,-1.224646799147E-16,0.));
#584 = ORIENTED_EDGE('',*,*,#585,.T.);
#585 = EDGE_CURVE('',#578,#586,#588,.T.);
#586 = VERTEX_POINT('',#587);
#587 = CARTESIAN_POINT('',(102.5,-75.5,0.));
#588 = LINE('',#589,#590);
#589 = CARTESIAN_POINT('',(102.5,-94.,0.));
#590 = VECTOR('',#591,1.);
#591 = DIRECTION('',(1.224646799147E-16,1.,0.));
#592 = ORIENTED_EDGE('',*,*,#593,.F.);
#593 = EDGE_CURVE('',#594,#586,#596,.T.);
#594 = VERTEX_POINT('',#595);
#595 = CARTESIAN_POINT('',(109.5,-68.5,0.));
#596 = CIRCLE('',#597,7.);
#597 = AXIS2_PLACEMENT_3D('',#598,#599,#600);
#598 = CARTESIAN_POINT('',(109.5,-75.5,-9.37E-15));
#599 = DIRECTION('',(0.,-0.,1.));
#600 = DIRECTION('',(1.224646799147E-16,1.,0.));
#601 = ORIENTED_EDGE('',*,*,#602,.T.);
#602 = EDGE_CURVE('',#594,#603,#605,.T.);
#603 = VERTEX_POINT('',#604);
#604 = CARTESIAN_POINT('',(119.5,-68.5,-3.8E-14));
#605 = LINE('',#606,#607);
#606 = CARTESIAN_POINT('',(90.0134924078,-68.5,-9.37E-15));
#607 = VECTOR('',#608,1.);
#608 = DIRECTION('',(1.,-1.224646799147E-16,0.));
#609 = ORIENTED_EDGE('',*,*,#610,.F.);
#610 = EDGE_CURVE('',#611,#603,#613,.T.);
#611 = VERTEX_POINT('',#612);
#612 = CARTESIAN_POINT('',(119.5,68.5,-8.E-15));
#613 = LINE('',#614,#615);
#614 = CARTESIAN_POINT('',(119.5,68.5,-8.24E-15));
#615 = VECTOR('',#616,1.);
#616 = DIRECTION('',(-1.224646799147E-16,-1.,-2.2E-16));
#617 = ORIENTED_EDGE('',*,*,#618,.T.);
#618 = EDGE_CURVE('',#611,#619,#621,.T.);
#619 = VERTEX_POINT('',#620);
#620 = CARTESIAN_POINT('',(109.5,68.5,0.));
#621 = LINE('',#622,#623);
#622 = CARTESIAN_POINT('',(120.5,68.5,0.));
#623 = VECTOR('',#624,1.);
#624 = DIRECTION('',(-1.,1.224646799147E-16,0.));
#625 = ORIENTED_EDGE('',*,*,#626,.T.);
#626 = EDGE_CURVE('',#619,#627,#629,.T.);
#627 = VERTEX_POINT('',#628);
#628 = CARTESIAN_POINT('',(102.5,75.5,0.));
#629 = CIRCLE('',#630,7.);
#630 = AXIS2_PLACEMENT_3D('',#631,#632,#633);
#631 = CARTESIAN_POINT('',(109.5,75.5,-9.37E-15));
#632 = DIRECTION('',(0.,0.,-1.));
#633 = DIRECTION('',(1.224646799147E-16,1.,0.));
#634 = ORIENTED_EDGE('',*,*,#635,.T.);
#635 = EDGE_CURVE('',#627,#636,#638,.T.);
#636 = VERTEX_POINT('',#637);
#637 = CARTESIAN_POINT('',(102.5,93.,-9.E-15));
#638 = LINE('',#639,#640);
#639 = CARTESIAN_POINT('',(102.5,34.25,-9.37E-15));
#640 = VECTOR('',#641,1.);
#641 = DIRECTION('',(1.224646799147E-16,1.,0.));
#642 = ORIENTED_EDGE('',*,*,#643,.T.);
#643 = EDGE_CURVE('',#636,#644,#646,.T.);
#644 = VERTEX_POINT('',#645);
#645 = CARTESIAN_POINT('',(11.63,93.,-9.E-15));
#646 = LINE('',#647,#648);
#647 = CARTESIAN_POINT('',(102.5,93.,-9.13E-15));
#648 = VECTOR('',#649,1.);
#649 = DIRECTION('',(-1.,1.224646799147E-16,0.));
#650 = ORIENTED_EDGE('',*,*,#651,.T.);
#651 = EDGE_CURVE('',#644,#652,#654,.T.);
#652 = VERTEX_POINT('',#653);
#653 = CARTESIAN_POINT('',(6.14,87.51,-2.1E-14));
#654 = LINE('',#655,#656);
#655 = CARTESIAN_POINT('',(2.981746203905,84.3517462039,-6.46E-15));
#656 = VECTOR('',#657,1.);
#657 = DIRECTION('',(-0.707106781187,-0.707106781187,0.));
#658 = ORIENTED_EDGE('',*,*,#659,.T.);
#659 = EDGE_CURVE('',#652,#660,#662,.T.);
#660 = VERTEX_POINT('',#661);
#661 = CARTESIAN_POINT('',(6.14,87.5,-2.1E-14));
#662 = LINE('',#663,#664);
#663 = CARTESIAN_POINT('',(6.14,91.,-2.13162820728E-14));
#664 = VECTOR('',#665,1.);
#665 = DIRECTION('',(-1.224646799147E-16,-1.,0.));
#666 = ORIENTED_EDGE('',*,*,#667,.T.);
#667 = EDGE_CURVE('',#660,#668,#670,.T.);
#668 = VERTEX_POINT('',#669);
#669 = CARTESIAN_POINT('',(1.14,82.5,-2.1E-14));
#670 = LINE('',#671,#672);
#671 = CARTESIAN_POINT('',(0.861746203905,82.2217462039,-6.46E-15));
#672 = VECTOR('',#673,1.);
#673 = DIRECTION('',(-0.707106781187,-0.707106781187,0.));
#674 = ORIENTED_EDGE('',*,*,#675,.T.);
#675 = EDGE_CURVE('',#668,#676,#678,.T.);
#676 = VERTEX_POINT('',#677);
#677 = CARTESIAN_POINT('',(-7.,82.5,-2.1E-14));
#678 = LINE('',#679,#680);
#679 = CARTESIAN_POINT('',(6.14,82.5,-2.13162820728E-14));
#680 = VECTOR('',#681,1.);
#681 = DIRECTION('',(-1.,1.224646799147E-16,0.));
#682 = ORIENTED_EDGE('',*,*,#683,.T.);
#683 = EDGE_CURVE('',#676,#684,#686,.T.);
#684 = VERTEX_POINT('',#685);
#685 = CARTESIAN_POINT('',(-9.,84.5,-2.1E-14));
#686 = LINE('',#687,#688);
#687 = CARTESIAN_POINT('',(34.7418039244,40.75819607559,-8.54E-15));
#688 = VECTOR('',#689,1.);
#689 = DIRECTION('',(-0.707106781187,0.707106781187,0.));
#690 = ORIENTED_EDGE('',*,*,#691,.T.);
#691 = EDGE_CURVE('',#684,#692,#694,.T.);
#692 = VERTEX_POINT('',#693);
#693 = CARTESIAN_POINT('',(-9.,91.,-2.1E-14));
#694 = LINE('',#695,#696);
#695 = CARTESIAN_POINT('',(-9.,82.5,-2.13162820728E-14));
#696 = VECTOR('',#697,1.);
#697 = DIRECTION('',(1.224646799147E-16,1.,0.));
#698 = ORIENTED_EDGE('',*,*,#699,.T.);
#699 = EDGE_CURVE('',#692,#700,#702,.T.);
#700 = VERTEX_POINT('',#701);
#701 = CARTESIAN_POINT('',(1.114428587224E-14,91.,-1.E-15));
#702 = LINE('',#703,#704);
#703 = CARTESIAN_POINT('',(-9.,91.,-2.13162820728E-14));
#704 = VECTOR('',#705,1.);
#705 = DIRECTION('',(1.,-1.224646799147E-16,0.));
#706 = ORIENTED_EDGE('',*,*,#707,.F.);
#707 = EDGE_CURVE('',#708,#700,#710,.T.);
#708 = VERTEX_POINT('',#709);
#709 = CARTESIAN_POINT('',(1.151167991199E-14,94.,0.));
#710 = LINE('',#711,#712);
#711 = CARTESIAN_POINT('',(1.151167991199E-14,94.,0.));
#712 = VECTOR('',#713,1.);
#713 = DIRECTION('',(-1.224646799147E-16,-1.,0.));
#714 = ORIENTED_EDGE('',*,*,#715,.F.);
#715 = EDGE_CURVE('',#716,#708,#718,.T.);
#716 = VERTEX_POINT('',#717);
#717 = CARTESIAN_POINT('',(113.5,94.,0.));
#718 = LINE('',#719,#720);
#719 = CARTESIAN_POINT('',(120.5,94.,0.));
#720 = VECTOR('',#721,1.);
#721 = DIRECTION('',(-1.,1.224646799147E-16,0.));
#722 = ORIENTED_EDGE('',*,*,#723,.T.);
#723 = EDGE_CURVE('',#716,#724,#726,.T.);
#724 = VERTEX_POINT('',#725);
#725 = CARTESIAN_POINT('',(120.5,87.,0.));
#726 = CIRCLE('',#727,7.);
#727 = AXIS2_PLACEMENT_3D('',#728,#729,#730);
#728 = CARTESIAN_POINT('',(113.5,87.,-9.37E-15));
#729 = DIRECTION('',(0.,0.,-1.));
#730 = DIRECTION('',(1.224646799147E-16,1.,0.));
#731 = ORIENTED_EDGE('',*,*,#732,.F.);
#732 = EDGE_CURVE('',#733,#724,#735,.T.);
#733 = VERTEX_POINT('',#734);
#734 = CARTESIAN_POINT('',(120.5,-87.,0.));
#735 = LINE('',#736,#737);
#736 = CARTESIAN_POINT('',(120.5,-94.,0.));
#737 = VECTOR('',#738,1.);
#738 = DIRECTION('',(1.224646799147E-16,1.,0.));
#739 = ORIENTED_EDGE('',*,*,#740,.F.);
#740 = EDGE_CURVE('',#741,#733,#743,.T.);
#741 = VERTEX_POINT('',#742);
#742 = CARTESIAN_POINT('',(113.5,-94.,0.));
#743 = CIRCLE('',#744,7.);
#744 = AXIS2_PLACEMENT_3D('',#745,#746,#747);
#745 = CARTESIAN_POINT('',(113.5,-87.,-9.37E-15));
#746 = DIRECTION('',(0.,-0.,1.));
#747 = DIRECTION('',(1.224646799147E-16,1.,0.));
#748 = ORIENTED_EDGE('',*,*,#749,.F.);
#749 = EDGE_CURVE('',#750,#741,#752,.T.);
#750 = VERTEX_POINT('',#751);
#751 = CARTESIAN_POINT('',(-1.151167991199E-14,-94.,0.));
#752 = LINE('',#753,#754);
#753 = CARTESIAN_POINT('',(-1.151167991199E-14,-94.,0.));
#754 = VECTOR('',#755,1.);
#755 = DIRECTION('',(1.,-1.224646799147E-16,0.));
#756 = ORIENTED_EDGE('',*,*,#757,.F.);
#757 = EDGE_CURVE('',#758,#750,#760,.T.);
#758 = VERTEX_POINT('',#759);
#759 = CARTESIAN_POINT('',(-1.114428587224E-14,-91.,-4.1E-14));
#760 = LINE('',#761,#762);
#761 = CARTESIAN_POINT('',(1.151167991199E-14,94.,0.));
#762 = VECTOR('',#763,1.);
#763 = DIRECTION('',(-1.224646799147E-16,-1.,0.));
#764 = ORIENTED_EDGE('',*,*,#765,.T.);
#765 = EDGE_CURVE('',#758,#766,#768,.T.);
#766 = VERTEX_POINT('',#767);
#767 = CARTESIAN_POINT('',(-9.,-91.,-2.1E-14));
#768 = LINE('',#769,#770);
#769 = CARTESIAN_POINT('',(6.14,-91.,-2.13162820728E-14));
#770 = VECTOR('',#771,1.);
#771 = DIRECTION('',(-1.,1.224646799147E-16,0.));
#772 = ORIENTED_EDGE('',*,*,#773,.T.);
#773 = EDGE_CURVE('',#766,#774,#776,.T.);
#774 = VERTEX_POINT('',#775);
#775 = CARTESIAN_POINT('',(-9.,-84.5,-2.1E-14));
#776 = LINE('',#777,#778);
#777 = CARTESIAN_POINT('',(-9.,-91.,-2.13162820728E-14));
#778 = VECTOR('',#779,1.);
#779 = DIRECTION('',(1.224646799147E-16,1.,0.));
#780 = ORIENTED_EDGE('',*,*,#781,.F.);
#781 = EDGE_CURVE('',#782,#774,#784,.T.);
#782 = VERTEX_POINT('',#783);
#783 = CARTESIAN_POINT('',(-7.,-82.5,-2.1E-14));
#784 = LINE('',#785,#786);
#785 = CARTESIAN_POINT('',(32.44497694895,-43.05502305104,-8.54E-15));
#786 = VECTOR('',#787,1.);
#787 = DIRECTION('',(-0.707106781187,-0.707106781187,0.));
#788 = ORIENTED_EDGE('',*,*,#789,.T.);
#789 = EDGE_CURVE('',#782,#790,#792,.T.);
#790 = VERTEX_POINT('',#791);
#791 = CARTESIAN_POINT('',(1.14,-82.5,-2.1E-14));
#792 = LINE('',#793,#794);
#793 = CARTESIAN_POINT('',(-9.,-82.5,-2.13162820728E-14));
#794 = VECTOR('',#795,1.);
#795 = DIRECTION('',(1.,-1.224646799147E-16,0.));
#796 = ORIENTED_EDGE('',*,*,#797,.T.);
#797 = EDGE_CURVE('',#790,#798,#800,.T.);
#798 = VERTEX_POINT('',#799);
#799 = CARTESIAN_POINT('',(6.14,-87.5,-2.1E-14));
#800 = LINE('',#801,#802);
#801 = CARTESIAN_POINT('',(0.861746203905,-82.2217462039,-6.46E-15));
#802 = VECTOR('',#803,1.);
#803 = DIRECTION('',(0.707106781187,-0.707106781187,0.));
#804 = ORIENTED_EDGE('',*,*,#805,.T.);
#805 = EDGE_CURVE('',#798,#512,#806,.T.);
#806 = LINE('',#807,#808);
#807 = CARTESIAN_POINT('',(6.14,-82.5,-2.13162820728E-14));
#808 = VECTOR('',#809,1.);
#809 = DIRECTION('',(-1.224646799147E-16,-1.,0.));
#810 = ORIENTED_EDGE('',*,*,#519,.T.);
#811 = FACE_BOUND('',#812,.T.);
#812 = EDGE_LOOP('',(#813,#824,#832,#840,#849,#857,#865,#874,#882));
#813 = ORIENTED_EDGE('',*,*,#814,.T.);
#814 = EDGE_CURVE('',#815,#817,#819,.T.);
#815 = VERTEX_POINT('',#816);
#816 = CARTESIAN_POINT('',(111.1152860601,83.469363794054,
    -9.769962616701E-15));
#817 = VERTEX_POINT('',#818);
#818 = CARTESIAN_POINT('',(113.0067140366,84.561380373457,
    -9.769962616701E-15));
#819 = CIRCLE('',#820,1.55);
#820 = AXIS2_PLACEMENT_3D('',#821,#822,#823);
#821 = CARTESIAN_POINT('',(111.511,84.968,-9.769962616701E-15));
#822 = DIRECTION('',(8.659560562355E-17,8.659560562355E-17,1.));
#823 = DIRECTION('',(-2.22044604925E-16,-1.,8.659560562355E-17));
#824 = ORIENTED_EDGE('',*,*,#825,.T.);
#825 = EDGE_CURVE('',#817,#826,#828,.T.);
#826 = VERTEX_POINT('',#827);
#827 = CARTESIAN_POINT('',(113.711,84.968000111674,-9.769962616701E-15)
  );
#828 = LINE('',#829,#830);
#829 = CARTESIAN_POINT('',(79.756293466332,65.36423885612,
    -9.874981308351E-15));
#830 = VECTOR('',#831,1.);
#831 = DIRECTION('',(0.866025378404,0.50000004396,0.));
#832 = ORIENTED_EDGE('',*,*,#833,.T.);
#833 = EDGE_CURVE('',#826,#834,#836,.T.);
#834 = VERTEX_POINT('',#835);
#835 = CARTESIAN_POINT('',(113.00671399532,85.374619778391,
    -9.769962616701E-15));
#836 = LINE('',#837,#838);
#837 = CARTESIAN_POINT('',(116.88762552224,83.133974726289,
    -9.874981308351E-15));
#838 = VECTOR('',#839,1.);
#839 = DIRECTION('',(-0.866025429165,0.49999995604,0.));
#840 = ORIENTED_EDGE('',*,*,#841,.T.);
#841 = EDGE_CURVE('',#834,#842,#844,.T.);
#842 = VERTEX_POINT('',#843);
#843 = CARTESIAN_POINT('',(111.11528590795,86.466636165772,
    -9.769962616701E-15));
#844 = CIRCLE('',#845,1.55);
#845 = AXIS2_PLACEMENT_3D('',#846,#847,#848);
#846 = CARTESIAN_POINT('',(111.511,84.968,-9.769962616701E-15));
#847 = DIRECTION('',(8.659560562355E-17,8.659560562355E-17,1.));
#848 = DIRECTION('',(-2.22044604925E-16,-1.,8.659560562355E-17));
#849 = ORIENTED_EDGE('',*,*,#850,.T.);
#850 = EDGE_CURVE('',#842,#851,#853,.T.);
#851 = VERTEX_POINT('',#852);
#852 = CARTESIAN_POINT('',(110.41099990328,86.873255832489,
    -9.769962616701E-15));
#853 = LINE('',#854,#855);
#854 = CARTESIAN_POINT('',(116.88762552224,83.133974726289,
    -9.874981308351E-15));
#855 = VECTOR('',#856,1.);
#856 = DIRECTION('',(-0.866025429165,0.49999995604,0.));
#857 = ORIENTED_EDGE('',*,*,#858,.T.);
#858 = EDGE_CURVE('',#851,#859,#861,.T.);
#859 = VERTEX_POINT('',#860);
#860 = CARTESIAN_POINT('',(110.41099994456,86.060016427555,
    -9.769962616701E-15));
#861 = LINE('',#862,#863);
#862 = CARTESIAN_POINT('',(110.41100232147,39.234545954432,
    -1.076315972805E-14));
#863 = VECTOR('',#864,1.);
#864 = DIRECTION('',(5.076101552796E-08,-1.,0.));
#865 = ORIENTED_EDGE('',*,*,#866,.T.);
#866 = EDGE_CURVE('',#859,#867,#869,.T.);
#867 = VERTEX_POINT('',#868);
#868 = CARTESIAN_POINT('',(110.41100005543,83.875983460771,
    -9.769962616701E-15));
#869 = CIRCLE('',#870,1.55);
#870 = AXIS2_PLACEMENT_3D('',#871,#872,#873);
#871 = CARTESIAN_POINT('',(111.511,84.968,-9.769962616701E-15));
#872 = DIRECTION('',(8.659560562355E-17,8.659560562355E-17,1.));
#873 = DIRECTION('',(-2.22044604925E-16,-1.,8.659560562355E-17));
#874 = ORIENTED_EDGE('',*,*,#875,.T.);
#875 = EDGE_CURVE('',#867,#876,#878,.T.);
#876 = VERTEX_POINT('',#877);
#877 = CARTESIAN_POINT('',(110.41100009671,83.062744055837,
    -9.769962616701E-15));
#878 = LINE('',#879,#880);
#879 = CARTESIAN_POINT('',(110.41100232147,39.234545954432,
    -1.076315972805E-14));
#880 = VECTOR('',#881,1.);
#881 = DIRECTION('',(5.076101552796E-08,-1.,0.));
#882 = ORIENTED_EDGE('',*,*,#883,.T.);
#883 = EDGE_CURVE('',#876,#815,#884,.T.);
#884 = LINE('',#885,#886);
#885 = CARTESIAN_POINT('',(79.756293466332,65.36423885612,
    -9.874981308351E-15));
#886 = VECTOR('',#887,1.);
#887 = DIRECTION('',(0.866025378404,0.50000004396,0.));
#888 = FACE_BOUND('',#889,.T.);
#889 = EDGE_LOOP('',(#890));
#890 = ORIENTED_EDGE('',*,*,#891,.T.);
#891 = EDGE_CURVE('',#892,#892,#894,.T.);
#892 = VERTEX_POINT('',#893);
#893 = CARTESIAN_POINT('',(109.,76.,-1.1E-14));
#894 = CIRCLE('',#895,3.);
#895 = AXIS2_PLACEMENT_3D('',#896,#897,#898);
#896 = CARTESIAN_POINT('',(112.,76.,-9.37E-15));
#897 = DIRECTION('',(0.,0.,1.));
#898 = DIRECTION('',(-1.,1.224646799147E-16,0.));
#899 = FACE_BOUND('',#900,.T.);
#900 = EDGE_LOOP('',(#901,#912,#920,#928,#937,#945,#953,#962,#970));
#901 = ORIENTED_EDGE('',*,*,#902,.T.);
#902 = EDGE_CURVE('',#903,#905,#907,.T.);
#903 = VERTEX_POINT('',#904);
#904 = CARTESIAN_POINT('',(111.1152860601,-86.49063620594,
    -9.769962616701E-15));
#905 = VERTEX_POINT('',#906);
#906 = CARTESIAN_POINT('',(113.0067140366,-85.39861962654,
    -9.769962616701E-15));
#907 = CIRCLE('',#908,1.55);
#908 = AXIS2_PLACEMENT_3D('',#909,#910,#911);
#909 = CARTESIAN_POINT('',(111.511,-84.992,-9.769962616701E-15));
#910 = DIRECTION('',(8.659560562355E-17,8.659560562355E-17,1.));
#911 = DIRECTION('',(-2.22044604925E-16,-1.,8.659560562355E-17));
#912 = ORIENTED_EDGE('',*,*,#913,.T.);
#913 = EDGE_CURVE('',#905,#914,#916,.T.);
#914 = VERTEX_POINT('',#915);
#915 = CARTESIAN_POINT('',(113.711,-84.99199988832,-9.769962616701E-15)
  );
#916 = LINE('',#917,#918);
#917 = CARTESIAN_POINT('',(116.55371502995,-83.35075740815,
    -9.874981308351E-15));
#918 = VECTOR('',#919,1.);
#919 = DIRECTION('',(0.866025378404,0.50000004396,0.));
#920 = ORIENTED_EDGE('',*,*,#921,.T.);
#921 = EDGE_CURVE('',#914,#922,#924,.T.);
#922 = VERTEX_POINT('',#923);
#923 = CARTESIAN_POINT('',(113.00671399532,-84.5853802216,
    -9.769962616701E-15));
#924 = LINE('',#925,#926);
#925 = CARTESIAN_POINT('',(80.090208272267,-65.58102900944,
    -9.874981308351E-15));
#926 = VECTOR('',#927,1.);
#927 = DIRECTION('',(-0.866025429165,0.49999995604,0.));
#928 = ORIENTED_EDGE('',*,*,#929,.T.);
#929 = EDGE_CURVE('',#922,#930,#932,.T.);
#930 = VERTEX_POINT('',#931);
#931 = CARTESIAN_POINT('',(111.11528590795,-83.49336383422,
    -9.769962616701E-15));
#932 = CIRCLE('',#933,1.55);
#933 = AXIS2_PLACEMENT_3D('',#934,#935,#936);
#934 = CARTESIAN_POINT('',(111.511,-84.992,-9.769962616701E-15));
#935 = DIRECTION('',(8.659560562355E-17,8.659560562355E-17,1.));
#936 = DIRECTION('',(-2.22044604925E-16,-1.,8.659560562355E-17));
#937 = ORIENTED_EDGE('',*,*,#938,.T.);
#938 = EDGE_CURVE('',#930,#939,#941,.T.);
#939 = VERTEX_POINT('',#940);
#940 = CARTESIAN_POINT('',(110.41099990328,-83.08674416751,
    -9.769962616701E-15));
#941 = LINE('',#942,#943);
#942 = CARTESIAN_POINT('',(80.090208272267,-65.58102900944,
    -9.874981308351E-15));
#943 = VECTOR('',#944,1.);
#944 = DIRECTION('',(-0.866025429165,0.49999995604,0.));
#945 = ORIENTED_EDGE('',*,*,#946,.T.);
#946 = EDGE_CURVE('',#939,#947,#949,.T.);
#947 = VERTEX_POINT('',#948);
#948 = CARTESIAN_POINT('',(110.41099994456,-83.89998357244,
    -9.769962616701E-15));
#949 = LINE('',#950,#951);
#950 = CARTESIAN_POINT('',(110.4109980078,-45.74545404556,
    -1.076315972805E-14));
#951 = VECTOR('',#952,1.);
#952 = DIRECTION('',(5.076101552796E-08,-1.,0.));
#953 = ORIENTED_EDGE('',*,*,#954,.T.);
#954 = EDGE_CURVE('',#947,#955,#957,.T.);
#955 = VERTEX_POINT('',#956);
#956 = CARTESIAN_POINT('',(110.41100005543,-86.08401653922,
    -9.769962616701E-15));
#957 = CIRCLE('',#958,1.55);
#958 = AXIS2_PLACEMENT_3D('',#959,#960,#961);
#959 = CARTESIAN_POINT('',(111.511,-84.992,-9.769962616701E-15));
#960 = DIRECTION('',(8.659560562355E-17,8.659560562355E-17,1.));
#961 = DIRECTION('',(-2.22044604925E-16,-1.,8.659560562355E-17));
#962 = ORIENTED_EDGE('',*,*,#963,.T.);
#963 = EDGE_CURVE('',#955,#964,#966,.T.);
#964 = VERTEX_POINT('',#965);
#965 = CARTESIAN_POINT('',(110.41100009671,-86.89725594416,
    -9.769962616701E-15));
#966 = LINE('',#967,#968);
#967 = CARTESIAN_POINT('',(110.4109980078,-45.74545404556,
    -1.076315972805E-14));
#968 = VECTOR('',#969,1.);
#969 = DIRECTION('',(5.076101552796E-08,-1.,0.));
#970 = ORIENTED_EDGE('',*,*,#971,.T.);
#971 = EDGE_CURVE('',#964,#903,#972,.T.);
#972 = LINE('',#973,#974);
#973 = CARTESIAN_POINT('',(116.55371502995,-83.35075740815,
    -9.874981308351E-15));
#974 = VECTOR('',#975,1.);
#975 = DIRECTION('',(0.866025378404,0.50000004396,0.));
#976 = FACE_BOUND('',#977,.T.);
#977 = EDGE_LOOP('',(#978));
#978 = ORIENTED_EDGE('',*,*,#979,.T.);
#979 = EDGE_CURVE('',#980,#980,#982,.T.);
#980 = VERTEX_POINT('',#981);
#981 = CARTESIAN_POINT('',(109.,-76.,-1.1E-14));
#982 = CIRCLE('',#983,3.);
#983 = AXIS2_PLACEMENT_3D('',#984,#985,#986);
#984 = CARTESIAN_POINT('',(112.,-76.,-9.37E-15));
#985 = DIRECTION('',(0.,0.,1.));
#986 = DIRECTION('',(-1.,1.224646799147E-16,0.));
#987 = PLANE('',#988);
#988 = AXIS2_PLACEMENT_3D('',#989,#990,#991);
#989 = CARTESIAN_POINT('',(74.87356174672,-4.593653950889,-9.98E-15));
#990 = DIRECTION('',(0.,0.,-1.));
#991 = DIRECTION('',(1.,-1.224646799147E-16,0.));
#992 = ADVANCED_FACE('',(#993),#1004,.F.);
#993 = FACE_BOUND('',#994,.F.);
#994 = EDGE_LOOP('',(#995,#996,#997,#1003));
#995 = ORIENTED_EDGE('',*,*,#250,.F.);
#996 = ORIENTED_EDGE('',*,*,#569,.T.);
#997 = ORIENTED_EDGE('',*,*,#998,.T.);
#998 = EDGE_CURVE('',#570,#464,#999,.T.);
#999 = LINE('',#1000,#1001);
#1000 = CARTESIAN_POINT('',(51.02429840703,-91.,3.2E-16));
#1001 = VECTOR('',#1002,1.);
#1002 = DIRECTION('',(0.,0.,1.));
#1003 = ORIENTED_EDGE('',*,*,#463,.T.);
#1004 = PLANE('',#1005);
#1005 = AXIS2_PLACEMENT_3D('',#1006,#1007,#1008);
#1006 = CARTESIAN_POINT('',(53.93088242022,-83.014226056,-4.E-17));
#1007 = DIRECTION('',(-0.939692620786,0.342020143326,0.));
#1008 = DIRECTION('',(0.,0.,1.));
#1009 = ADVANCED_FACE('',(#1010),#1031,.F.);
#1010 = FACE_BOUND('',#1011,.F.);
#1011 = EDGE_LOOP('',(#1012,#1013,#1022,#1029,#1030));
#1012 = ORIENTED_EDGE('',*,*,#538,.T.);
#1013 = ORIENTED_EDGE('',*,*,#1014,.T.);
#1014 = EDGE_CURVE('',#539,#1015,#1017,.T.);
#1015 = VERTEX_POINT('',#1016);
#1016 = CARTESIAN_POINT('',(9.63,-91.,4.798521982055));
#1017 = ELLIPSE('',#1018,21.115484436249,19.137127971624);
#1018 = AXIS2_PLACEMENT_3D('',#1019,#1020,#1021);
#1019 = CARTESIAN_POINT('',(23.57278728717,-104.9427872871,-2.047615));
#1020 = DIRECTION('',(0.707106781187,0.707106781187,-2.999999999998E-17)
  );
#1021 = DIRECTION('',(-0.707106781187,0.707106781187,6.999999999996E-17)
  );
#1022 = ORIENTED_EDGE('',*,*,#1023,.T.);
#1023 = EDGE_CURVE('',#1015,#555,#1024,.T.);
#1024 = ELLIPSE('',#1025,20.365306216429,19.137127971624);
#1025 = AXIS2_PLACEMENT_3D('',#1026,#1027,#1028);
#1026 = CARTESIAN_POINT('',(28.6475468424,-91.,-2.047615));
#1027 = DIRECTION('',(1.224646799147E-16,1.,0.));
#1028 = DIRECTION('',(1.,-1.224646799147E-16,0.));
#1029 = ORIENTED_EDGE('',*,*,#562,.F.);
#1030 = ORIENTED_EDGE('',*,*,#233,.T.);
#1031 = CYLINDRICAL_SURFACE('',#1032,19.137127971624);
#1032 = AXIS2_PLACEMENT_3D('',#1033,#1034,#1035);
#1033 = CARTESIAN_POINT('',(34.17171354234,-75.82247673061,-2.047615));
#1034 = DIRECTION('',(0.342020143326,0.939692620786,0.));
#1035 = DIRECTION('',(0.939692620786,-0.342020143326,0.));
#1036 = ADVANCED_FACE('',(#1037),#1055,.T.);
#1037 = FACE_BOUND('',#1038,.T.);
#1038 = EDGE_LOOP('',(#1039,#1040,#1041,#1049));
#1039 = ORIENTED_EDGE('',*,*,#208,.T.);
#1040 = ORIENTED_EDGE('',*,*,#341,.F.);
#1041 = ORIENTED_EDGE('',*,*,#1042,.T.);
#1042 = EDGE_CURVE('',#342,#1043,#1045,.T.);
#1043 = VERTEX_POINT('',#1044);
#1044 = CARTESIAN_POINT('',(16.354759075916,-77.59185840953,
    10.973347084417));
#1045 = LINE('',#1046,#1047);
#1046 = CARTESIAN_POINT('',(14.137767358107,-76.78493941464,
    15.004525836201));
#1047 = VECTOR('',#1048,1.);
#1048 = DIRECTION('',(0.474647074227,-0.1727574068,-0.863055637444));
#1049 = ORIENTED_EDGE('',*,*,#1050,.F.);
#1050 = EDGE_CURVE('',#201,#1043,#1051,.T.);
#1051 = LINE('',#1052,#1053);
#1052 = CARTESIAN_POINT('',(19.090920222521,-70.07431744325,
    10.973347084417));
#1053 = VECTOR('',#1054,1.);
#1054 = DIRECTION('',(-0.342020143326,-0.939692620786,5.644004321515E-16
    ));
#1055 = PLANE('',#1056);
#1056 = AXIS2_PLACEMENT_3D('',#1057,#1058,#1059);
#1057 = CARTESIAN_POINT('',(16.873928504713,-69.26739844835,
    15.004525836201));
#1058 = DIRECTION('',(0.811007013833,-0.295182412817,0.505108866163));
#1059 = DIRECTION('',(0.474647074227,-0.1727574068,-0.863055637444));
#1060 = ADVANCED_FACE('',(#1061),#1079,.T.);
#1061 = FACE_BOUND('',#1062,.T.);
#1062 = EDGE_LOOP('',(#1063,#1064,#1065,#1073));
#1063 = ORIENTED_EDGE('',*,*,#200,.T.);
#1064 = ORIENTED_EDGE('',*,*,#1050,.T.);
#1065 = ORIENTED_EDGE('',*,*,#1066,.T.);
#1066 = EDGE_CURVE('',#1043,#1067,#1069,.T.);
#1067 = VERTEX_POINT('',#1068);
#1068 = CARTESIAN_POINT('',(16.818287328687,-77.76056889628,
    11.839507418899));
#1069 = LINE('',#1070,#1071);
#1070 = CARTESIAN_POINT('',(16.354759075916,-77.59185840953,
    10.973347084417));
#1071 = VECTOR('',#1072,1.);
#1072 = DIRECTION('',(0.465029139514,-0.169256764849,0.868964928496));
#1073 = ORIENTED_EDGE('',*,*,#1074,.T.);
#1074 = EDGE_CURVE('',#1067,#192,#1075,.T.);
#1075 = LINE('',#1076,#1077);
#1076 = CARTESIAN_POINT('',(19.554448475293,-70.24302793,11.839507418899
    ));
#1077 = VECTOR('',#1078,1.);
#1078 = DIRECTION('',(0.342020143326,0.939692620786,-5.644004321515E-16)
  );
#1079 = PLANE('',#1080);
#1080 = AXIS2_PLACEMENT_3D('',#1081,#1082,#1083);
#1081 = CARTESIAN_POINT('',(19.090920222521,-70.07431744325,
    10.973347084417));
#1082 = DIRECTION('',(-0.816559931029,0.297203509389,0.494873673824));
#1083 = DIRECTION('',(0.465029139514,-0.169256764849,0.868964928496));
#1084 = ADVANCED_FACE('',(#1085),#1104,.F.);
#1085 = FACE_BOUND('',#1086,.F.);
#1086 = EDGE_LOOP('',(#1087,#1096,#1097,#1098));
#1087 = ORIENTED_EDGE('',*,*,#1088,.F.);
#1088 = EDGE_CURVE('',#1067,#1089,#1091,.T.);
#1089 = VERTEX_POINT('',#1090);
#1090 = CARTESIAN_POINT('',(18.063298885547,-78.2137160443,
    14.165966744899));
#1091 = CIRCLE('',#1092,1.9);
#1092 = AXIS2_PLACEMENT_3D('',#1093,#1094,#1095);
#1093 = CARTESIAN_POINT('',(16.339784524114,-77.58640811841,13.67));
#1094 = DIRECTION('',(-0.342020143326,-0.939692620786,5.551115123126E-16
    ));
#1095 = DIRECTION('',(0.469846310393,-0.171010071663,0.866025403784));
#1096 = ORIENTED_EDGE('',*,*,#1074,.T.);
#1097 = ORIENTED_EDGE('',*,*,#191,.F.);
#1098 = ORIENTED_EDGE('',*,*,#1099,.F.);
#1099 = EDGE_CURVE('',#1089,#184,#1100,.T.);
#1100 = LINE('',#1101,#1102);
#1101 = CARTESIAN_POINT('',(20.799460032153,-70.69617507801,
    14.165966744899));
#1102 = VECTOR('',#1103,1.);
#1103 = DIRECTION('',(0.342020143326,0.939692620786,-5.644004321515E-16)
  );
#1104 = CYLINDRICAL_SURFACE('',#1105,1.9);
#1105 = AXIS2_PLACEMENT_3D('',#1106,#1107,#1108);
#1106 = CARTESIAN_POINT('',(19.075945670719,-70.06886715212,13.67));
#1107 = DIRECTION('',(0.342020143326,0.939692620786,-5.644004321515E-16)
  );
#1108 = DIRECTION('',(0.469846310393,-0.171010071663,0.866025403784));
#1109 = ADVANCED_FACE('',(#1110),#1128,.T.);
#1110 = FACE_BOUND('',#1111,.T.);
#1111 = EDGE_LOOP('',(#1112,#1113,#1114,#1122));
#1112 = ORIENTED_EDGE('',*,*,#183,.T.);
#1113 = ORIENTED_EDGE('',*,*,#1099,.F.);
#1114 = ORIENTED_EDGE('',*,*,#1115,.T.);
#1115 = EDGE_CURVE('',#1089,#1116,#1118,.T.);
#1116 = VERTEX_POINT('',#1117);
#1117 = CARTESIAN_POINT('',(18.526827138318,-78.38242653105,
    15.032127079382));
#1118 = LINE('',#1119,#1120);
#1119 = CARTESIAN_POINT('',(16.354759075916,-77.59185840953,
    10.973347084417));
#1120 = VECTOR('',#1121,1.);
#1121 = DIRECTION('',(0.465029139514,-0.169256764849,0.868964928496));
#1122 = ORIENTED_EDGE('',*,*,#1123,.F.);
#1123 = EDGE_CURVE('',#176,#1116,#1124,.T.);
#1124 = LINE('',#1125,#1126);
#1125 = CARTESIAN_POINT('',(21.262988284924,-70.86488556476,
    15.032127079382));
#1126 = VECTOR('',#1127,1.);
#1127 = DIRECTION('',(-0.342020143326,-0.939692620786,5.644004321515E-16
    ));
#1128 = PLANE('',#1129);
#1129 = AXIS2_PLACEMENT_3D('',#1130,#1131,#1132);
#1130 = CARTESIAN_POINT('',(19.090920222521,-70.07431744325,
    10.973347084417));
#1131 = DIRECTION('',(-0.816559931029,0.297203509389,0.494873673824));
#1132 = DIRECTION('',(0.465029139514,-0.169256764849,0.868964928496));
#1133 = ADVANCED_FACE('',(#1134),#1160,.T.);
#1134 = FACE_BOUND('',#1135,.T.);
#1135 = EDGE_LOOP('',(#1136,#1137,#1138,#1146,#1154));
#1136 = ORIENTED_EDGE('',*,*,#175,.T.);
#1137 = ORIENTED_EDGE('',*,*,#1123,.T.);
#1138 = ORIENTED_EDGE('',*,*,#1139,.T.);
#1139 = EDGE_CURVE('',#1116,#1140,#1142,.T.);
#1140 = VERTEX_POINT('',#1141);
#1141 = CARTESIAN_POINT('',(17.590183740054,-78.04151621396,
    15.026236860632));
#1142 = LINE('',#1143,#1144);
#1143 = CARTESIAN_POINT('',(18.526827138318,-78.38242653105,
    15.032127079382));
#1144 = VECTOR('',#1145,1.);
#1145 = DIRECTION('',(-0.939676213741,0.34201417165,-5.909291051911E-03)
  );
#1146 = ORIENTED_EDGE('',*,*,#1147,.T.);
#1147 = EDGE_CURVE('',#1140,#1148,#1150,.T.);
#1148 = VERTEX_POINT('',#1149);
#1149 = CARTESIAN_POINT('',(20.14571880867,-71.02024131831,
    15.026236860632));
#1150 = LINE('',#1151,#1152);
#1151 = CARTESIAN_POINT('',(20.326344886659,-70.52397524767,
    15.026236860632));
#1152 = VECTOR('',#1153,1.);
#1153 = DIRECTION('',(0.342020143326,0.939692620786,-5.644004321515E-16)
  );
#1154 = ORIENTED_EDGE('',*,*,#1155,.T.);
#1155 = EDGE_CURVE('',#1148,#168,#1156,.T.);
#1156 = LINE('',#1157,#1158);
#1157 = CARTESIAN_POINT('',(22.250546609129,-71.09602352449,
    15.038078165027));
#1158 = VECTOR('',#1159,1.);
#1159 = DIRECTION('',(0.999336692064,-3.598011163471E-02,
    5.622051342906E-03));
#1160 = PLANE('',#1161);
#1161 = AXIS2_PLACEMENT_3D('',#1162,#1163,#1164);
#1162 = CARTESIAN_POINT('',(21.262988284924,-70.86488556476,
    15.032127079382));
#1163 = DIRECTION('',(5.552917195557E-03,-2.021096572528E-03,
    -0.999982539987));
#1164 = DIRECTION('',(-0.939676213741,0.34201417165,-5.909291051911E-03)
  );
#1165 = ADVANCED_FACE('',(#1166),#1184,.F.);
#1166 = FACE_BOUND('',#1167,.F.);
#1167 = EDGE_LOOP('',(#1168,#1169,#1176,#1177,#1178));
#1168 = ORIENTED_EDGE('',*,*,#424,.F.);
#1169 = ORIENTED_EDGE('',*,*,#1170,.F.);
#1170 = EDGE_CURVE('',#1148,#425,#1171,.T.);
#1171 = ELLIPSE('',#1172,3.681947429854,1.9);
#1172 = AXIS2_PLACEMENT_3D('',#1173,#1174,#1175);
#1173 = CARTESIAN_POINT('',(19.497902516187,-68.90955024721,13.67));
#1174 = DIRECTION('',(-1.485616335644E-02,-0.54374180378,-0.839121055171
    ));
#1175 = DIRECTION('',(0.390340541282,0.769470146602,-0.505519490544));
#1176 = ORIENTED_EDGE('',*,*,#1155,.T.);
#1177 = ORIENTED_EDGE('',*,*,#167,.T.);
#1178 = ORIENTED_EDGE('',*,*,#1179,.F.);
#1179 = EDGE_CURVE('',#417,#160,#1180,.T.);
#1180 = LINE('',#1181,#1182);
#1181 = CARTESIAN_POINT('',(23.0421345569,-77.23630080017,19.0029));
#1182 = VECTOR('',#1183,1.);
#1183 = DIRECTION('',(0.999626960498,-2.731189935626E-02,0.));
#1184 = PLANE('',#1185);
#1185 = AXIS2_PLACEMENT_3D('',#1186,#1187,#1188);
#1186 = CARTESIAN_POINT('',(23.12867391195,-74.06892414417,
    16.948940409356));
#1187 = DIRECTION('',(-1.485616335644E-02,-0.54374180378,-0.839121055171
    ));
#1188 = DIRECTION('',(0.999626960498,-2.731189935627E-02,
    -1.153244166829E-14));
#1189 = ADVANCED_FACE('',(#1190),#1196,.F.);
#1190 = FACE_BOUND('',#1191,.F.);
#1191 = EDGE_LOOP('',(#1192,#1193,#1194,#1195));
#1192 = ORIENTED_EDGE('',*,*,#159,.F.);
#1193 = ORIENTED_EDGE('',*,*,#456,.T.);
#1194 = ORIENTED_EDGE('',*,*,#416,.T.);
#1195 = ORIENTED_EDGE('',*,*,#1179,.T.);
#1196 = PLANE('',#1197);
#1197 = AXIS2_PLACEMENT_3D('',#1198,#1199,#1200);
#1198 = CARTESIAN_POINT('',(53.93088242022,-83.014226056,19.0029));
#1199 = DIRECTION('',(-0.,0.,-1.));
#1200 = DIRECTION('',(-0.939692620786,0.342020143326,0.));
#1201 = ADVANCED_FACE('',(#1202),#1228,.F.);
#1202 = FACE_BOUND('',#1203,.F.);
#1203 = EDGE_LOOP('',(#1204,#1215,#1221,#1222));
#1204 = ORIENTED_EDGE('',*,*,#1205,.F.);
#1205 = EDGE_CURVE('',#1206,#1208,#1210,.T.);
#1206 = VERTEX_POINT('',#1207);
#1207 = CARTESIAN_POINT('',(47.085786644201,-88.7770377128,
    11.869507418899));
#1208 = VERTEX_POINT('',#1209);
#1209 = CARTESIAN_POINT('',(48.330798201061,-89.23018486082,
    14.195966744899));
#1210 = CIRCLE('',#1211,1.9);
#1211 = AXIS2_PLACEMENT_3D('',#1212,#1213,#1214);
#1212 = CARTESIAN_POINT('',(46.607283839628,-88.60287693493,13.7));
#1213 = DIRECTION('',(-0.342020143326,-0.939692620786,5.551115123126E-16
    ));
#1214 = DIRECTION('',(0.469846310393,-0.171010071663,0.866025403784));
#1215 = ORIENTED_EDGE('',*,*,#1216,.T.);
#1216 = EDGE_CURVE('',#1206,#261,#1217,.T.);
#1217 = LINE('',#1218,#1219);
#1218 = CARTESIAN_POINT('',(49.821947790807,-81.25949674652,
    11.869507418899));
#1219 = VECTOR('',#1220,1.);
#1220 = DIRECTION('',(0.342020143326,0.939692620786,-5.644004321515E-16)
  );
#1221 = ORIENTED_EDGE('',*,*,#258,.F.);
#1222 = ORIENTED_EDGE('',*,*,#1223,.F.);
#1223 = EDGE_CURVE('',#1208,#259,#1224,.T.);
#1224 = LINE('',#1225,#1226);
#1225 = CARTESIAN_POINT('',(51.066959347667,-81.71264389453,
    14.195966744899));
#1226 = VECTOR('',#1227,1.);
#1227 = DIRECTION('',(0.342020143326,0.939692620786,-5.644004321515E-16)
  );
#1228 = CYLINDRICAL_SURFACE('',#1229,1.9);
#1229 = AXIS2_PLACEMENT_3D('',#1230,#1231,#1232);
#1230 = CARTESIAN_POINT('',(49.343444986233,-81.08533596864,13.7));
#1231 = DIRECTION('',(0.342020143326,0.939692620786,-5.644004321515E-16)
  );
#1232 = DIRECTION('',(0.469846310393,-0.171010071663,0.866025403784));
#1233 = ADVANCED_FACE('',(#1234),#1252,.T.);
#1234 = FACE_BOUND('',#1235,.T.);
#1235 = EDGE_LOOP('',(#1236,#1237,#1238,#1246));
#1236 = ORIENTED_EDGE('',*,*,#327,.T.);
#1237 = ORIENTED_EDGE('',*,*,#1223,.F.);
#1238 = ORIENTED_EDGE('',*,*,#1239,.T.);
#1239 = EDGE_CURVE('',#1208,#1240,#1242,.T.);
#1240 = VERTEX_POINT('',#1241);
#1241 = CARTESIAN_POINT('',(48.794326453833,-89.39889534757,
    15.062127079382));
#1242 = LINE('',#1243,#1244);
#1243 = CARTESIAN_POINT('',(46.62225839143,-88.60832722605,
    11.003347084417));
#1244 = VECTOR('',#1245,1.);
#1245 = DIRECTION('',(0.465029139514,-0.169256764849,0.868964928496));
#1246 = ORIENTED_EDGE('',*,*,#1247,.F.);
#1247 = EDGE_CURVE('',#320,#1240,#1248,.T.);
#1248 = LINE('',#1249,#1250);
#1249 = CARTESIAN_POINT('',(51.530487600438,-81.88135438128,
    15.062127079382));
#1250 = VECTOR('',#1251,1.);
#1251 = DIRECTION('',(-0.342020143326,-0.939692620786,5.644004321515E-16
    ));
#1252 = PLANE('',#1253);
#1253 = AXIS2_PLACEMENT_3D('',#1254,#1255,#1256);
#1254 = CARTESIAN_POINT('',(49.358419538035,-81.09078625977,
    11.003347084417));
#1255 = DIRECTION('',(-0.816559931029,0.297203509389,0.494873673824));
#1256 = DIRECTION('',(0.465029139514,-0.169256764849,0.868964928496));
#1257 = ADVANCED_FACE('',(#1258),#1276,.T.);
#1258 = FACE_BOUND('',#1259,.T.);
#1259 = EDGE_LOOP('',(#1260,#1261,#1262,#1270));
#1260 = ORIENTED_EDGE('',*,*,#319,.T.);
#1261 = ORIENTED_EDGE('',*,*,#1247,.T.);
#1262 = ORIENTED_EDGE('',*,*,#1263,.T.);
#1263 = EDGE_CURVE('',#1240,#1264,#1266,.T.);
#1264 = VERTEX_POINT('',#1265);
#1265 = CARTESIAN_POINT('',(47.857683055568,-89.05798503048,
    15.056236860632));
#1266 = LINE('',#1267,#1268);
#1267 = CARTESIAN_POINT('',(48.794326453833,-89.39889534757,
    15.062127079382));
#1268 = VECTOR('',#1269,1.);
#1269 = DIRECTION('',(-0.939676213741,0.34201417165,-5.909291051911E-03)
  );
#1270 = ORIENTED_EDGE('',*,*,#1271,.T.);
#1271 = EDGE_CURVE('',#1264,#311,#1272,.T.);
#1272 = LINE('',#1273,#1274);
#1273 = CARTESIAN_POINT('',(50.593844202173,-81.54044406419,
    15.056236860632));
#1274 = VECTOR('',#1275,1.);
#1275 = DIRECTION('',(0.342020143326,0.939692620786,-5.644004321515E-16)
  );
#1276 = PLANE('',#1277);
#1277 = AXIS2_PLACEMENT_3D('',#1278,#1279,#1280);
#1278 = CARTESIAN_POINT('',(51.530487600438,-81.88135438128,
    15.062127079382));
#1279 = DIRECTION('',(5.552917195557E-03,-2.021096572528E-03,
    -0.999982539987));
#1280 = DIRECTION('',(-0.939676213741,0.34201417165,-5.909291051911E-03)
  );
#1281 = ADVANCED_FACE('',(#1282),#1310,.F.);
#1282 = FACE_BOUND('',#1283,.F.);
#1283 = EDGE_LOOP('',(#1284,#1295,#1302,#1303,#1304));
#1284 = ORIENTED_EDGE('',*,*,#1285,.F.);
#1285 = EDGE_CURVE('',#1286,#1288,#1290,.T.);
#1286 = VERTEX_POINT('',#1287);
#1287 = CARTESIAN_POINT('',(47.499991829375,-88.92779607109,
    15.34544826719));
#1288 = VERTEX_POINT('',#1289);
#1289 = CARTESIAN_POINT('',(45.341910071886,-88.14231854825,
    15.040416054951));
#1290 = CIRCLE('',#1291,1.9);
#1291 = AXIS2_PLACEMENT_3D('',#1292,#1293,#1294);
#1292 = CARTESIAN_POINT('',(46.607283839628,-88.60287693493,13.7));
#1293 = DIRECTION('',(-0.342020143326,-0.939692620786,5.551115123126E-16
    ));
#1294 = DIRECTION('',(0.469846310393,-0.171010071663,0.866025403784));
#1295 = ORIENTED_EDGE('',*,*,#1296,.F.);
#1296 = EDGE_CURVE('',#1264,#1286,#1297,.T.);
#1297 = CIRCLE('',#1298,1.9);
#1298 = AXIS2_PLACEMENT_3D('',#1299,#1300,#1301);
#1299 = CARTESIAN_POINT('',(46.607283839628,-88.60287693493,13.7));
#1300 = DIRECTION('',(-0.342020143326,-0.939692620786,5.551115123126E-16
    ));
#1301 = DIRECTION('',(0.469846310393,-0.171010071663,0.866025403784));
#1302 = ORIENTED_EDGE('',*,*,#1271,.T.);
#1303 = ORIENTED_EDGE('',*,*,#310,.F.);
#1304 = ORIENTED_EDGE('',*,*,#1305,.F.);
#1305 = EDGE_CURVE('',#1288,#303,#1306,.T.);
#1306 = LINE('',#1307,#1308);
#1307 = CARTESIAN_POINT('',(48.078071218491,-80.62477758196,
    15.040416054951));
#1308 = VECTOR('',#1309,1.);
#1309 = DIRECTION('',(0.342020143326,0.939692620786,-5.644004321515E-16)
  );
#1310 = CYLINDRICAL_SURFACE('',#1311,1.9);
#1311 = AXIS2_PLACEMENT_3D('',#1312,#1313,#1314);
#1312 = CARTESIAN_POINT('',(49.343444986233,-81.08533596864,13.7));
#1313 = DIRECTION('',(0.342020143326,0.939692620786,-5.644004321515E-16)
  );
#1314 = DIRECTION('',(0.469846310393,-0.171010071663,0.866025403784));
#1315 = ADVANCED_FACE('',(#1316),#1334,.T.);
#1316 = FACE_BOUND('',#1317,.T.);
#1317 = EDGE_LOOP('',(#1318,#1319,#1320,#1328));
#1318 = ORIENTED_EDGE('',*,*,#302,.T.);
#1319 = ORIENTED_EDGE('',*,*,#1305,.F.);
#1320 = ORIENTED_EDGE('',*,*,#1321,.T.);
#1321 = EDGE_CURVE('',#1288,#1322,#1324,.T.);
#1322 = VERTEX_POINT('',#1323);
#1323 = CARTESIAN_POINT('',(44.405266673621,-87.80140823116,
    15.034525836201));
#1324 = LINE('',#1325,#1326);
#1325 = CARTESIAN_POINT('',(48.794326453833,-89.39889534757,
    15.062127079382));
#1326 = VECTOR('',#1327,1.);
#1327 = DIRECTION('',(-0.939676213741,0.34201417165,-5.909291051911E-03)
  );
#1328 = ORIENTED_EDGE('',*,*,#1329,.F.);
#1329 = EDGE_CURVE('',#295,#1322,#1330,.T.);
#1330 = LINE('',#1331,#1332);
#1331 = CARTESIAN_POINT('',(47.141427820227,-80.28386726487,
    15.034525836201));
#1332 = VECTOR('',#1333,1.);
#1333 = DIRECTION('',(-0.342020143326,-0.939692620786,5.644004321515E-16
    ));
#1334 = PLANE('',#1335);
#1335 = AXIS2_PLACEMENT_3D('',#1336,#1337,#1338);
#1336 = CARTESIAN_POINT('',(51.530487600438,-81.88135438128,
    15.062127079382));
#1337 = DIRECTION('',(5.552917195557E-03,-2.021096572528E-03,
    -0.999982539987));
#1338 = DIRECTION('',(-0.939676213741,0.34201417165,-5.909291051911E-03)
  );
#1339 = ADVANCED_FACE('',(#1340),#1358,.T.);
#1340 = FACE_BOUND('',#1341,.T.);
#1341 = EDGE_LOOP('',(#1342,#1343,#1344,#1352));
#1342 = ORIENTED_EDGE('',*,*,#294,.T.);
#1343 = ORIENTED_EDGE('',*,*,#1329,.T.);
#1344 = ORIENTED_EDGE('',*,*,#1345,.T.);
#1345 = EDGE_CURVE('',#1322,#1346,#1348,.T.);
#1346 = VERTEX_POINT('',#1347);
#1347 = CARTESIAN_POINT('',(44.878381819114,-87.9736080615,
    14.174255720468));
#1348 = LINE('',#1349,#1350);
#1349 = CARTESIAN_POINT('',(44.405266673621,-87.80140823116,
    15.034525836201));
#1350 = VECTOR('',#1351,1.);
#1351 = DIRECTION('',(0.474647074227,-0.1727574068,-0.863055637444));
#1352 = ORIENTED_EDGE('',*,*,#1353,.T.);
#1353 = EDGE_CURVE('',#1346,#286,#1354,.T.);
#1354 = LINE('',#1355,#1356);
#1355 = CARTESIAN_POINT('',(47.614542965719,-80.45606709521,
    14.174255720468));
#1356 = VECTOR('',#1357,1.);
#1357 = DIRECTION('',(0.342020143326,0.939692620786,-5.644004321515E-16)
  );
#1358 = PLANE('',#1359);
#1359 = AXIS2_PLACEMENT_3D('',#1360,#1361,#1362);
#1360 = CARTESIAN_POINT('',(47.141427820227,-80.28386726487,
    15.034525836201));
#1361 = DIRECTION('',(0.811007013833,-0.295182412817,0.505108866163));
#1362 = DIRECTION('',(0.474647074227,-0.1727574068,-0.863055637444));
#1363 = ADVANCED_FACE('',(#1364),#1383,.F.);
#1364 = FACE_BOUND('',#1365,.F.);
#1365 = EDGE_LOOP('',(#1366,#1374,#1381,#1382));
#1366 = ORIENTED_EDGE('',*,*,#1367,.F.);
#1367 = EDGE_CURVE('',#1368,#278,#1370,.T.);
#1368 = VERTEX_POINT('',#1369);
#1369 = CARTESIAN_POINT('',(46.149143245937,-88.43612739571,
    11.863617200151));
#1370 = LINE('',#1371,#1372);
#1371 = CARTESIAN_POINT('',(48.885304392542,-80.91858642943,
    11.863617200151));
#1372 = VECTOR('',#1373,1.);
#1373 = DIRECTION('',(0.342020143326,0.939692620786,-5.644004321515E-16)
  );
#1374 = ORIENTED_EDGE('',*,*,#1375,.F.);
#1375 = EDGE_CURVE('',#1346,#1368,#1376,.T.);
#1376 = CIRCLE('',#1377,1.9);
#1377 = AXIS2_PLACEMENT_3D('',#1378,#1379,#1380);
#1378 = CARTESIAN_POINT('',(46.607283839628,-88.60287693493,13.7));
#1379 = DIRECTION('',(-0.342020143326,-0.939692620786,5.551115123126E-16
    ));
#1380 = DIRECTION('',(0.469846310393,-0.171010071663,0.866025403784));
#1381 = ORIENTED_EDGE('',*,*,#1353,.T.);
#1382 = ORIENTED_EDGE('',*,*,#285,.F.);
#1383 = CYLINDRICAL_SURFACE('',#1384,1.9);
#1384 = AXIS2_PLACEMENT_3D('',#1385,#1386,#1387);
#1385 = CARTESIAN_POINT('',(49.343444986233,-81.08533596864,13.7));
#1386 = DIRECTION('',(0.342020143326,0.939692620786,-5.644004321515E-16)
  );
#1387 = DIRECTION('',(0.469846310393,-0.171010071663,0.866025403784));
#1388 = ADVANCED_FACE('',(#1389),#1407,.T.);
#1389 = FACE_BOUND('',#1390,.T.);
#1390 = EDGE_LOOP('',(#1391,#1392,#1393,#1401));
#1391 = ORIENTED_EDGE('',*,*,#277,.T.);
#1392 = ORIENTED_EDGE('',*,*,#1367,.F.);
#1393 = ORIENTED_EDGE('',*,*,#1394,.T.);
#1394 = EDGE_CURVE('',#1368,#1395,#1397,.T.);
#1395 = VERTEX_POINT('',#1396);
#1396 = CARTESIAN_POINT('',(46.62225839143,-88.60832722605,
    11.003347084417));
#1397 = LINE('',#1398,#1399);
#1398 = CARTESIAN_POINT('',(44.405266673621,-87.80140823116,
    15.034525836201));
#1399 = VECTOR('',#1400,1.);
#1400 = DIRECTION('',(0.474647074227,-0.1727574068,-0.863055637444));
#1401 = ORIENTED_EDGE('',*,*,#1402,.F.);
#1402 = EDGE_CURVE('',#270,#1395,#1403,.T.);
#1403 = LINE('',#1404,#1405);
#1404 = CARTESIAN_POINT('',(49.358419538035,-81.09078625977,
    11.003347084417));
#1405 = VECTOR('',#1406,1.);
#1406 = DIRECTION('',(-0.342020143326,-0.939692620786,5.644004321515E-16
    ));
#1407 = PLANE('',#1408);
#1408 = AXIS2_PLACEMENT_3D('',#1409,#1410,#1411);
#1409 = CARTESIAN_POINT('',(47.141427820227,-80.28386726487,
    15.034525836201));
#1410 = DIRECTION('',(0.811007013833,-0.295182412817,0.505108866163));
#1411 = DIRECTION('',(0.474647074227,-0.1727574068,-0.863055637444));
#1412 = ADVANCED_FACE('',(#1413),#1424,.T.);
#1413 = FACE_BOUND('',#1414,.T.);
#1414 = EDGE_LOOP('',(#1415,#1416,#1417,#1423));
#1415 = ORIENTED_EDGE('',*,*,#269,.T.);
#1416 = ORIENTED_EDGE('',*,*,#1402,.T.);
#1417 = ORIENTED_EDGE('',*,*,#1418,.T.);
#1418 = EDGE_CURVE('',#1395,#1206,#1419,.T.);
#1419 = LINE('',#1420,#1421);
#1420 = CARTESIAN_POINT('',(46.62225839143,-88.60832722605,
    11.003347084417));
#1421 = VECTOR('',#1422,1.);
#1422 = DIRECTION('',(0.465029139514,-0.169256764849,0.868964928496));
#1423 = ORIENTED_EDGE('',*,*,#1216,.T.);
#1424 = PLANE('',#1425);
#1425 = AXIS2_PLACEMENT_3D('',#1426,#1427,#1428);
#1426 = CARTESIAN_POINT('',(49.358419538035,-81.09078625977,
    11.003347084417));
#1427 = DIRECTION('',(-0.816559931029,0.297203509389,0.494873673824));
#1428 = DIRECTION('',(0.465029139514,-0.169256764849,0.868964928496));
#1429 = ADVANCED_FACE('',(#1430),#1463,.F.);
#1430 = FACE_BOUND('',#1431,.F.);
#1431 = EDGE_LOOP('',(#1432,#1433,#1434,#1435,#1436,#1437,#1446,#1455,
    #1461,#1462));
#1432 = ORIENTED_EDGE('',*,*,#1042,.T.);
#1433 = ORIENTED_EDGE('',*,*,#1066,.T.);
#1434 = ORIENTED_EDGE('',*,*,#1088,.T.);
#1435 = ORIENTED_EDGE('',*,*,#1115,.T.);
#1436 = ORIENTED_EDGE('',*,*,#1139,.T.);
#1437 = ORIENTED_EDGE('',*,*,#1438,.T.);
#1438 = EDGE_CURVE('',#1140,#1439,#1441,.T.);
#1439 = VERTEX_POINT('',#1440);
#1440 = CARTESIAN_POINT('',(17.23249251386,-77.91132725457,
    15.31544826719));
#1441 = CIRCLE('',#1442,1.9);
#1442 = AXIS2_PLACEMENT_3D('',#1443,#1444,#1445);
#1443 = CARTESIAN_POINT('',(16.339784524114,-77.58640811841,13.67));
#1444 = DIRECTION('',(-0.342020143326,-0.939692620786,5.551115123126E-16
    ));
#1445 = DIRECTION('',(0.469846310393,-0.171010071663,0.866025403784));
#1446 = ORIENTED_EDGE('',*,*,#1447,.T.);
#1447 = EDGE_CURVE('',#1439,#1448,#1450,.T.);
#1448 = VERTEX_POINT('',#1449);
#1449 = CARTESIAN_POINT('',(15.074410756372,-77.12584973173,
    15.010416054951));
#1450 = CIRCLE('',#1451,1.9);
#1451 = AXIS2_PLACEMENT_3D('',#1452,#1453,#1454);
#1452 = CARTESIAN_POINT('',(16.339784524114,-77.58640811841,13.67));
#1453 = DIRECTION('',(-0.342020143326,-0.939692620786,5.551115123126E-16
    ));
#1454 = DIRECTION('',(0.469846310393,-0.171010071663,0.866025403784));
#1455 = ORIENTED_EDGE('',*,*,#1456,.T.);
#1456 = EDGE_CURVE('',#1448,#383,#1457,.T.);
#1457 = LINE('',#1458,#1459);
#1458 = CARTESIAN_POINT('',(18.526827138318,-78.38242653105,
    15.032127079382));
#1459 = VECTOR('',#1460,1.);
#1460 = DIRECTION('',(-0.939676213741,0.34201417165,-5.909291051911E-03)
  );
#1461 = ORIENTED_EDGE('',*,*,#390,.T.);
#1462 = ORIENTED_EDGE('',*,*,#349,.T.);
#1463 = PLANE('',#1464);
#1464 = AXIS2_PLACEMENT_3D('',#1465,#1466,#1467);
#1465 = CARTESIAN_POINT('',(16.340564239595,-77.58669191163,
    13.674546154606));
#1466 = DIRECTION('',(-0.342020143326,-0.939692620786,5.644004321515E-16
    ));
#1467 = DIRECTION('',(0.469846310393,-0.171010071663,0.866025403784));
#1468 = ADVANCED_FACE('',(#1469),#1480,.T.);
#1469 = FACE_BOUND('',#1470,.T.);
#1470 = EDGE_LOOP('',(#1471,#1472,#1478,#1479));
#1471 = ORIENTED_EDGE('',*,*,#441,.F.);
#1472 = ORIENTED_EDGE('',*,*,#1473,.F.);
#1473 = EDGE_CURVE('',#1448,#433,#1474,.T.);
#1474 = LINE('',#1475,#1476);
#1475 = CARTESIAN_POINT('',(17.810571902977,-69.60830876544,
    15.010416054951));
#1476 = VECTOR('',#1477,1.);
#1477 = DIRECTION('',(0.342020143326,0.939692620786,-5.644004321515E-16)
  );
#1478 = ORIENTED_EDGE('',*,*,#1456,.T.);
#1479 = ORIENTED_EDGE('',*,*,#382,.F.);
#1480 = PLANE('',#1481);
#1481 = AXIS2_PLACEMENT_3D('',#1482,#1483,#1484);
#1482 = CARTESIAN_POINT('',(21.262988284924,-70.86488556476,
    15.032127079382));
#1483 = DIRECTION('',(5.552917195557E-03,-2.021096572528E-03,
    -0.999982539987));
#1484 = DIRECTION('',(-0.939676213741,0.34201417165,-5.909291051911E-03)
  );
#1485 = ADVANCED_FACE('',(#1486),#1494,.F.);
#1486 = FACE_BOUND('',#1487,.F.);
#1487 = EDGE_LOOP('',(#1488,#1489,#1490,#1491,#1492,#1493));
#1488 = ORIENTED_EDGE('',*,*,#1447,.F.);
#1489 = ORIENTED_EDGE('',*,*,#1438,.F.);
#1490 = ORIENTED_EDGE('',*,*,#1147,.T.);
#1491 = ORIENTED_EDGE('',*,*,#1170,.T.);
#1492 = ORIENTED_EDGE('',*,*,#432,.F.);
#1493 = ORIENTED_EDGE('',*,*,#1473,.F.);
#1494 = CYLINDRICAL_SURFACE('',#1495,1.9);
#1495 = AXIS2_PLACEMENT_3D('',#1496,#1497,#1498);
#1496 = CARTESIAN_POINT('',(19.075945670719,-70.06886715212,13.67));
#1497 = DIRECTION('',(0.342020143326,0.939692620786,-5.644004321515E-16)
  );
#1498 = DIRECTION('',(0.469846310393,-0.171010071663,0.866025403784));
#1499 = ADVANCED_FACE('',(#1500),#1608,.T.);
#1500 = FACE_BOUND('',#1501,.T.);
#1501 = EDGE_LOOP('',(#1502,#1503,#1511,#1519,#1527,#1535,#1543,#1551,
    #1559,#1567,#1575,#1583,#1591,#1599,#1605,#1606,#1607));
#1502 = ORIENTED_EDGE('',*,*,#495,.F.);
#1503 = ORIENTED_EDGE('',*,*,#1504,.F.);
#1504 = EDGE_CURVE('',#1505,#496,#1507,.T.);
#1505 = VERTEX_POINT('',#1506);
#1506 = CARTESIAN_POINT('',(68.5,-91.,32.));
#1507 = LINE('',#1508,#1509);
#1508 = CARTESIAN_POINT('',(-1.114428587224E-14,-91.,32.));
#1509 = VECTOR('',#1510,1.);
#1510 = DIRECTION('',(-1.,1.224646799147E-16,0.));
#1511 = ORIENTED_EDGE('',*,*,#1512,.T.);
#1512 = EDGE_CURVE('',#1505,#1513,#1515,.T.);
#1513 = VERTEX_POINT('',#1514);
#1514 = CARTESIAN_POINT('',(70.5,-91.,30.));
#1515 = LINE('',#1516,#1517);
#1516 = CARTESIAN_POINT('',(59.875,-91.,40.625));
#1517 = VECTOR('',#1518,1.);
#1518 = DIRECTION('',(0.707106781187,-8.659560562355E-17,-0.707106781187
    ));
#1519 = ORIENTED_EDGE('',*,*,#1520,.T.);
#1520 = EDGE_CURVE('',#1513,#1521,#1523,.T.);
#1521 = VERTEX_POINT('',#1522);
#1522 = CARTESIAN_POINT('',(70.5,-91.,17.));
#1523 = LINE('',#1524,#1525);
#1524 = CARTESIAN_POINT('',(70.5,-91.,32.));
#1525 = VECTOR('',#1526,1.);
#1526 = DIRECTION('',(-0.,0.,-1.));
#1527 = ORIENTED_EDGE('',*,*,#1528,.F.);
#1528 = EDGE_CURVE('',#1529,#1521,#1531,.T.);
#1529 = VERTEX_POINT('',#1530);
#1530 = CARTESIAN_POINT('',(72.5,-91.,17.));
#1531 = LINE('',#1532,#1533);
#1532 = CARTESIAN_POINT('',(72.5,-91.,17.));
#1533 = VECTOR('',#1534,1.);
#1534 = DIRECTION('',(-1.,1.224646799147E-16,0.));
#1535 = ORIENTED_EDGE('',*,*,#1536,.F.);
#1536 = EDGE_CURVE('',#1537,#1529,#1539,.T.);
#1537 = VERTEX_POINT('',#1538);
#1538 = CARTESIAN_POINT('',(72.5,-91.,32.));
#1539 = LINE('',#1540,#1541);
#1540 = CARTESIAN_POINT('',(72.5,-91.,32.));
#1541 = VECTOR('',#1542,1.);
#1542 = DIRECTION('',(-0.,0.,-1.));
#1543 = ORIENTED_EDGE('',*,*,#1544,.F.);
#1544 = EDGE_CURVE('',#1545,#1537,#1547,.T.);
#1545 = VERTEX_POINT('',#1546);
#1546 = CARTESIAN_POINT('',(102.5,-91.,32.));
#1547 = LINE('',#1548,#1549);
#1548 = CARTESIAN_POINT('',(-1.114428587224E-14,-91.,32.));
#1549 = VECTOR('',#1550,1.);
#1550 = DIRECTION('',(-1.,1.224646799147E-16,0.));
#1551 = ORIENTED_EDGE('',*,*,#1552,.T.);
#1552 = EDGE_CURVE('',#1545,#1553,#1555,.T.);
#1553 = VERTEX_POINT('',#1554);
#1554 = CARTESIAN_POINT('',(102.5,-91.,17.));
#1555 = LINE('',#1556,#1557);
#1556 = CARTESIAN_POINT('',(102.5,-91.,32.));
#1557 = VECTOR('',#1558,1.);
#1558 = DIRECTION('',(-0.,0.,-1.));
#1559 = ORIENTED_EDGE('',*,*,#1560,.F.);
#1560 = EDGE_CURVE('',#1561,#1553,#1563,.T.);
#1561 = VERTEX_POINT('',#1562);
#1562 = CARTESIAN_POINT('',(104.5,-91.,17.));
#1563 = LINE('',#1564,#1565);
#1564 = CARTESIAN_POINT('',(104.5,-91.,17.));
#1565 = VECTOR('',#1566,1.);
#1566 = DIRECTION('',(-1.,1.224646799147E-16,0.));
#1567 = ORIENTED_EDGE('',*,*,#1568,.F.);
#1568 = EDGE_CURVE('',#1569,#1561,#1571,.T.);
#1569 = VERTEX_POINT('',#1570);
#1570 = CARTESIAN_POINT('',(104.5,-91.,30.));
#1571 = LINE('',#1572,#1573);
#1572 = CARTESIAN_POINT('',(104.5,-91.,32.));
#1573 = VECTOR('',#1574,1.);
#1574 = DIRECTION('',(-0.,0.,-1.));
#1575 = ORIENTED_EDGE('',*,*,#1576,.F.);
#1576 = EDGE_CURVE('',#1577,#1569,#1579,.T.);
#1577 = VERTEX_POINT('',#1578);
#1578 = CARTESIAN_POINT('',(115.5,-91.,30.));
#1579 = LINE('',#1580,#1581);
#1580 = CARTESIAN_POINT('',(117.5,-91.,30.));
#1581 = VECTOR('',#1582,1.);
#1582 = DIRECTION('',(-1.,1.224646799147E-16,0.));
#1583 = ORIENTED_EDGE('',*,*,#1584,.F.);
#1584 = EDGE_CURVE('',#1585,#1577,#1587,.T.);
#1585 = VERTEX_POINT('',#1586);
#1586 = CARTESIAN_POINT('',(115.5,-91.,15.99));
#1587 = LINE('',#1588,#1589);
#1588 = CARTESIAN_POINT('',(115.5,-91.,15.99));
#1589 = VECTOR('',#1590,1.);
#1590 = DIRECTION('',(0.,0.,1.));
#1591 = ORIENTED_EDGE('',*,*,#1592,.F.);
#1592 = EDGE_CURVE('',#1593,#1585,#1595,.T.);
#1593 = VERTEX_POINT('',#1594);
#1594 = CARTESIAN_POINT('',(102.5,-91.,15.99));
#1595 = LINE('',#1596,#1597);
#1596 = CARTESIAN_POINT('',(102.5,-91.,15.99));
#1597 = VECTOR('',#1598,1.);
#1598 = DIRECTION('',(1.,-1.224646799147E-16,0.));
#1599 = ORIENTED_EDGE('',*,*,#1600,.F.);
#1600 = EDGE_CURVE('',#578,#1593,#1601,.T.);
#1601 = LINE('',#1602,#1603);
#1602 = CARTESIAN_POINT('',(102.5,-91.,3.4E-16));
#1603 = VECTOR('',#1604,1.);
#1604 = DIRECTION('',(0.,0.,1.));
#1605 = ORIENTED_EDGE('',*,*,#577,.F.);
#1606 = ORIENTED_EDGE('',*,*,#998,.T.);
#1607 = ORIENTED_EDGE('',*,*,#471,.T.);
#1608 = PLANE('',#1609);
#1609 = AXIS2_PLACEMENT_3D('',#1610,#1611,#1612);
#1610 = CARTESIAN_POINT('',(-1.114428587224E-14,-91.,6.7E-16));
#1611 = DIRECTION('',(1.224646799147E-16,1.,0.));
#1612 = DIRECTION('',(1.,-1.224646799147E-16,0.));
#1613 = ADVANCED_FACE('',(#1614,#1728,#1739),#1750,.F.);
#1614 = FACE_BOUND('',#1615,.F.);
#1615 = EDGE_LOOP('',(#1616,#1626,#1634,#1642,#1650,#1658,#1666,#1674,
    #1680,#1681,#1682,#1690,#1698,#1706,#1714,#1722));
#1616 = ORIENTED_EDGE('',*,*,#1617,.T.);
#1617 = EDGE_CURVE('',#1618,#1620,#1622,.T.);
#1618 = VERTEX_POINT('',#1619);
#1619 = CARTESIAN_POINT('',(7.63,89.,32.));
#1620 = VERTEX_POINT('',#1621);
#1621 = CARTESIAN_POINT('',(6.14,87.51,32.));
#1622 = LINE('',#1623,#1624);
#1623 = CARTESIAN_POINT('',(6.35,87.72,32.));
#1624 = VECTOR('',#1625,1.);
#1625 = DIRECTION('',(-0.707106781187,-0.707106781187,
    -1.599999999999E-16));
#1626 = ORIENTED_EDGE('',*,*,#1627,.T.);
#1627 = EDGE_CURVE('',#1620,#1628,#1630,.T.);
#1628 = VERTEX_POINT('',#1629);
#1629 = CARTESIAN_POINT('',(6.14,87.5,32.));
#1630 = LINE('',#1631,#1632);
#1631 = CARTESIAN_POINT('',(6.14,91.,32.));
#1632 = VECTOR('',#1633,1.);
#1633 = DIRECTION('',(-1.224646799147E-16,-1.,0.));
#1634 = ORIENTED_EDGE('',*,*,#1635,.T.);
#1635 = EDGE_CURVE('',#1628,#1636,#1638,.T.);
#1636 = VERTEX_POINT('',#1637);
#1637 = CARTESIAN_POINT('',(1.14,82.5,32.));
#1638 = LINE('',#1639,#1640);
#1639 = CARTESIAN_POINT('',(4.23,85.59,32.));
#1640 = VECTOR('',#1641,1.);
#1641 = DIRECTION('',(-0.707106781187,-0.707106781187,
    -1.599999999999E-16));
#1642 = ORIENTED_EDGE('',*,*,#1643,.T.);
#1643 = EDGE_CURVE('',#1636,#1644,#1646,.T.);
#1644 = VERTEX_POINT('',#1645);
#1645 = CARTESIAN_POINT('',(1.010333609297E-14,82.5,32.));
#1646 = LINE('',#1647,#1648);
#1647 = CARTESIAN_POINT('',(6.14,82.5,32.));
#1648 = VECTOR('',#1649,1.);
#1649 = DIRECTION('',(-1.,1.224646799147E-16,0.));
#1650 = ORIENTED_EDGE('',*,*,#1651,.T.);
#1651 = EDGE_CURVE('',#1644,#1652,#1654,.T.);
#1652 = VERTEX_POINT('',#1653);
#1653 = CARTESIAN_POINT('',(-1.010333609297E-14,-82.5,32.));
#1654 = LINE('',#1655,#1656);
#1655 = CARTESIAN_POINT('',(1.114428587224E-14,91.,32.));
#1656 = VECTOR('',#1657,1.);
#1657 = DIRECTION('',(-1.224646799147E-16,-1.,-2.2E-16));
#1658 = ORIENTED_EDGE('',*,*,#1659,.T.);
#1659 = EDGE_CURVE('',#1652,#1660,#1662,.T.);
#1660 = VERTEX_POINT('',#1661);
#1661 = CARTESIAN_POINT('',(1.14,-82.5,32.));
#1662 = LINE('',#1663,#1664);
#1663 = CARTESIAN_POINT('',(-9.,-82.5,32.));
#1664 = VECTOR('',#1665,1.);
#1665 = DIRECTION('',(1.,-1.224646799147E-16,0.));
#1666 = ORIENTED_EDGE('',*,*,#1667,.T.);
#1667 = EDGE_CURVE('',#1660,#1668,#1670,.T.);
#1668 = VERTEX_POINT('',#1669);
#1669 = CARTESIAN_POINT('',(6.14,-87.5,32.));
#1670 = LINE('',#1671,#1672);
#1671 = CARTESIAN_POINT('',(-41.27,-40.09,32.));
#1672 = VECTOR('',#1673,1.);
#1673 = DIRECTION('',(0.707106781187,-0.707106781187,-1.599999999999E-16
    ));
#1674 = ORIENTED_EDGE('',*,*,#1675,.T.);
#1675 = EDGE_CURVE('',#1668,#504,#1676,.T.);
#1676 = LINE('',#1677,#1678);
#1677 = CARTESIAN_POINT('',(6.14,-82.5,32.));
#1678 = VECTOR('',#1679,1.);
#1679 = DIRECTION('',(-1.224646799147E-16,-1.,0.));
#1680 = ORIENTED_EDGE('',*,*,#503,.T.);
#1681 = ORIENTED_EDGE('',*,*,#1504,.F.);
#1682 = ORIENTED_EDGE('',*,*,#1683,.T.);
#1683 = EDGE_CURVE('',#1505,#1684,#1686,.T.);
#1684 = VERTEX_POINT('',#1685);
#1685 = CARTESIAN_POINT('',(68.5,-74.5,32.));
#1686 = LINE('',#1687,#1688);
#1687 = CARTESIAN_POINT('',(68.5,-91.,32.));
#1688 = VECTOR('',#1689,1.);
#1689 = DIRECTION('',(1.224646799147E-16,1.,0.));
#1690 = ORIENTED_EDGE('',*,*,#1691,.T.);
#1691 = EDGE_CURVE('',#1684,#1692,#1694,.T.);
#1692 = VERTEX_POINT('',#1693);
#1693 = CARTESIAN_POINT('',(106.5,-74.5,32.));
#1694 = LINE('',#1695,#1696);
#1695 = CARTESIAN_POINT('',(70.5,-74.5,32.));
#1696 = VECTOR('',#1697,1.);
#1697 = DIRECTION('',(1.,-1.224646799147E-16,0.));
#1698 = ORIENTED_EDGE('',*,*,#1699,.T.);
#1699 = EDGE_CURVE('',#1692,#1700,#1702,.T.);
#1700 = VERTEX_POINT('',#1701);
#1701 = CARTESIAN_POINT('',(106.5,-89.,32.));
#1702 = LINE('',#1703,#1704);
#1703 = CARTESIAN_POINT('',(106.5,-76.5,32.));
#1704 = VECTOR('',#1705,1.);
#1705 = DIRECTION('',(-1.224646799147E-16,-1.,0.));
#1706 = ORIENTED_EDGE('',*,*,#1707,.F.);
#1707 = EDGE_CURVE('',#1708,#1700,#1710,.T.);
#1708 = VERTEX_POINT('',#1709);
#1709 = CARTESIAN_POINT('',(115.5,-89.,32.));
#1710 = LINE('',#1711,#1712);
#1711 = CARTESIAN_POINT('',(117.5,-89.,32.));
#1712 = VECTOR('',#1713,1.);
#1713 = DIRECTION('',(-1.,1.224646799147E-16,0.));
#1714 = ORIENTED_EDGE('',*,*,#1715,.F.);
#1715 = EDGE_CURVE('',#1716,#1708,#1718,.T.);
#1716 = VERTEX_POINT('',#1717);
#1717 = CARTESIAN_POINT('',(115.5,89.,32.));
#1718 = LINE('',#1719,#1720);
#1719 = CARTESIAN_POINT('',(115.5,91.,32.));
#1720 = VECTOR('',#1721,1.);
#1721 = DIRECTION('',(-1.224646799147E-16,-1.,-2.2E-16));
#1722 = ORIENTED_EDGE('',*,*,#1723,.F.);
#1723 = EDGE_CURVE('',#1618,#1716,#1724,.T.);
#1724 = LINE('',#1725,#1726);
#1725 = CARTESIAN_POINT('',(9.63,89.,32.));
#1726 = VECTOR('',#1727,1.);
#1727 = DIRECTION('',(1.,-1.224646799147E-16,0.));
#1728 = FACE_BOUND('',#1729,.F.);
#1729 = EDGE_LOOP('',(#1730));
#1730 = ORIENTED_EDGE('',*,*,#1731,.T.);
#1731 = EDGE_CURVE('',#1732,#1732,#1734,.T.);
#1732 = VERTEX_POINT('',#1733);
#1733 = CARTESIAN_POINT('',(47.117,-68.61,32.));
#1734 = CIRCLE('',#1735,6.);
#1735 = AXIS2_PLACEMENT_3D('',#1736,#1737,#1738);
#1736 = CARTESIAN_POINT('',(53.117,-68.61,32.));
#1737 = DIRECTION('',(2.694222958124E-32,2.2E-16,-1.));
#1738 = DIRECTION('',(-1.,1.224646799147E-16,0.));
#1739 = FACE_BOUND('',#1740,.F.);
#1740 = EDGE_LOOP('',(#1741));
#1741 = ORIENTED_EDGE('',*,*,#1742,.T.);
#1742 = EDGE_CURVE('',#1743,#1743,#1745,.T.);
#1743 = VERTEX_POINT('',#1744);
#1744 = CARTESIAN_POINT('',(47.107,33.11,32.));
#1745 = CIRCLE('',#1746,6.);
#1746 = AXIS2_PLACEMENT_3D('',#1747,#1748,#1749);
#1747 = CARTESIAN_POINT('',(53.107,33.11,32.));
#1748 = DIRECTION('',(2.694222958124E-32,2.2E-16,-1.));
#1749 = DIRECTION('',(-1.,1.224646799147E-16,0.));
#1750 = PLANE('',#1751);
#1751 = AXIS2_PLACEMENT_3D('',#1752,#1753,#1754);
#1752 = CARTESIAN_POINT('',(1.114428587224E-14,91.,32.));
#1753 = DIRECTION('',(-2.694222958124E-32,-2.2E-16,1.));
#1754 = DIRECTION('',(1.,-1.224646799147E-16,0.));
#1755 = ADVANCED_FACE('',(#1756),#1767,.F.);
#1756 = FACE_BOUND('',#1757,.F.);
#1757 = EDGE_LOOP('',(#1758,#1759,#1765,#1766));
#1758 = ORIENTED_EDGE('',*,*,#1675,.F.);
#1759 = ORIENTED_EDGE('',*,*,#1760,.T.);
#1760 = EDGE_CURVE('',#1668,#798,#1761,.T.);
#1761 = LINE('',#1762,#1763);
#1762 = CARTESIAN_POINT('',(6.14,-87.5,32.));
#1763 = VECTOR('',#1764,1.);
#1764 = DIRECTION('',(-0.,0.,-1.));
#1765 = ORIENTED_EDGE('',*,*,#805,.T.);
#1766 = ORIENTED_EDGE('',*,*,#511,.F.);
#1767 = PLANE('',#1768);
#1768 = AXIS2_PLACEMENT_3D('',#1769,#1770,#1771);
#1769 = CARTESIAN_POINT('',(6.14,-82.5,32.));
#1770 = DIRECTION('',(-1.,1.224646799147E-16,0.));
#1771 = DIRECTION('',(-1.224646799147E-16,-1.,0.));
#1772 = ADVANCED_FACE('',(#1773),#1784,.T.);
#1773 = FACE_BOUND('',#1774,.F.);
#1774 = EDGE_LOOP('',(#1775,#1776,#1782,#1783));
#1775 = ORIENTED_EDGE('',*,*,#1667,.F.);
#1776 = ORIENTED_EDGE('',*,*,#1777,.T.);
#1777 = EDGE_CURVE('',#1660,#790,#1778,.T.);
#1778 = LINE('',#1779,#1780);
#1779 = CARTESIAN_POINT('',(1.14,-82.5,32.));
#1780 = VECTOR('',#1781,1.);
#1781 = DIRECTION('',(-0.,0.,-1.));
#1782 = ORIENTED_EDGE('',*,*,#797,.T.);
#1783 = ORIENTED_EDGE('',*,*,#1760,.F.);
#1784 = PLANE('',#1785);
#1785 = AXIS2_PLACEMENT_3D('',#1786,#1787,#1788);
#1786 = CARTESIAN_POINT('',(3.64,-85.,32.));
#1787 = DIRECTION('',(0.707106781187,0.707106781187,0.));
#1788 = DIRECTION('',(0.,0.,1.));
#1789 = ADVANCED_FACE('',(#1790),#1800,.T.);
#1790 = FACE_BOUND('',#1791,.F.);
#1791 = EDGE_LOOP('',(#1792,#1798,#1799));
#1792 = ORIENTED_EDGE('',*,*,#1793,.F.);
#1793 = EDGE_CURVE('',#1015,#547,#1794,.T.);
#1794 = LINE('',#1795,#1796);
#1795 = CARTESIAN_POINT('',(9.63,-91.,32.));
#1796 = VECTOR('',#1797,1.);
#1797 = DIRECTION('',(-0.,0.,-1.));
#1798 = ORIENTED_EDGE('',*,*,#1014,.F.);
#1799 = ORIENTED_EDGE('',*,*,#546,.T.);
#1800 = PLANE('',#1801);
#1801 = AXIS2_PLACEMENT_3D('',#1802,#1803,#1804);
#1802 = CARTESIAN_POINT('',(7.885,-89.255,32.));
#1803 = DIRECTION('',(0.707106781187,0.707106781187,-2.999999999998E-17)
  );
#1804 = DIRECTION('',(2.121320343558E-17,2.121320343558E-17,1.));
#1805 = ADVANCED_FACE('',(#1806),#1833,.F.);
#1806 = FACE_BOUND('',#1807,.F.);
#1807 = EDGE_LOOP('',(#1808,#1809,#1810,#1811,#1819,#1827));
#1808 = ORIENTED_EDGE('',*,*,#789,.T.);
#1809 = ORIENTED_EDGE('',*,*,#1777,.F.);
#1810 = ORIENTED_EDGE('',*,*,#1659,.F.);
#1811 = ORIENTED_EDGE('',*,*,#1812,.F.);
#1812 = EDGE_CURVE('',#1813,#1652,#1815,.T.);
#1813 = VERTEX_POINT('',#1814);
#1814 = CARTESIAN_POINT('',(-1.E-02,-82.5,32.));
#1815 = LINE('',#1816,#1817);
#1816 = CARTESIAN_POINT('',(-9.,-82.5,32.));
#1817 = VECTOR('',#1818,1.);
#1818 = DIRECTION('',(1.,-1.224646799147E-16,0.));
#1819 = ORIENTED_EDGE('',*,*,#1820,.F.);
#1820 = EDGE_CURVE('',#1821,#1813,#1823,.T.);
#1821 = VERTEX_POINT('',#1822);
#1822 = CARTESIAN_POINT('',(-7.,-82.5,25.01));
#1823 = LINE('',#1824,#1825);
#1824 = CARTESIAN_POINT('',(-4.505,-82.5,27.505));
#1825 = VECTOR('',#1826,1.);
#1826 = DIRECTION('',(0.707106781187,-8.659560562355E-17,0.707106781187)
  );
#1827 = ORIENTED_EDGE('',*,*,#1828,.T.);
#1828 = EDGE_CURVE('',#1821,#782,#1829,.T.);
#1829 = LINE('',#1830,#1831);
#1830 = CARTESIAN_POINT('',(-7.,-82.5,23.01));
#1831 = VECTOR('',#1832,1.);
#1832 = DIRECTION('',(-0.,0.,-1.));
#1833 = PLANE('',#1834);
#1834 = AXIS2_PLACEMENT_3D('',#1835,#1836,#1837);
#1835 = CARTESIAN_POINT('',(-9.,-82.5,32.));
#1836 = DIRECTION('',(-1.224646799147E-16,-1.,0.));
#1837 = DIRECTION('',(1.,-1.224646799147E-16,0.));
#1838 = ADVANCED_FACE('',(#1839,#1844,#1878,#1912,#1946,#1980,#2014,
    #2048),#2082,.T.);
#1839 = FACE_BOUND('',#1840,.T.);
#1840 = EDGE_LOOP('',(#1841,#1842,#1843));
#1841 = ORIENTED_EDGE('',*,*,#1793,.F.);
#1842 = ORIENTED_EDGE('',*,*,#1023,.T.);
#1843 = ORIENTED_EDGE('',*,*,#554,.F.);
#1844 = FACE_BOUND('',#1845,.T.);
#1845 = EDGE_LOOP('',(#1846,#1856,#1864,#1872));
#1846 = ORIENTED_EDGE('',*,*,#1847,.T.);
#1847 = EDGE_CURVE('',#1848,#1850,#1852,.T.);
#1848 = VERTEX_POINT('',#1849);
#1849 = CARTESIAN_POINT('',(26.47154016869,-91.,16.505307));
#1850 = VERTEX_POINT('',#1851);
#1851 = CARTESIAN_POINT('',(26.47154016869,-91.,1.518277));
#1852 = LINE('',#1853,#1854);
#1853 = CARTESIAN_POINT('',(26.47154016869,-91.,8.2526535));
#1854 = VECTOR('',#1855,1.);
#1855 = DIRECTION('',(0.,0.,-1.));
#1856 = ORIENTED_EDGE('',*,*,#1857,.T.);
#1857 = EDGE_CURVE('',#1850,#1858,#1860,.T.);
#1858 = VERTEX_POINT('',#1859);
#1859 = CARTESIAN_POINT('',(29.66407348612,-91.,1.518277));
#1860 = LINE('',#1861,#1862);
#1861 = CARTESIAN_POINT('',(16.1251256476,-91.,1.518277));
#1862 = VECTOR('',#1863,1.);
#1863 = DIRECTION('',(1.,-1.224646799147E-16,0.));
#1864 = ORIENTED_EDGE('',*,*,#1865,.T.);
#1865 = EDGE_CURVE('',#1858,#1866,#1868,.T.);
#1866 = VERTEX_POINT('',#1867);
#1867 = CARTESIAN_POINT('',(29.66407348612,-91.,16.505307));
#1868 = LINE('',#1869,#1870);
#1869 = CARTESIAN_POINT('',(29.66407348612,-91.,0.7591385));
#1870 = VECTOR('',#1871,1.);
#1871 = DIRECTION('',(0.,0.,1.));
#1872 = ORIENTED_EDGE('',*,*,#1873,.T.);
#1873 = EDGE_CURVE('',#1866,#1848,#1874,.T.);
#1874 = LINE('',#1875,#1876);
#1875 = CARTESIAN_POINT('',(17.53466457877,-91.,16.505307));
#1876 = VECTOR('',#1877,1.);
#1877 = DIRECTION('',(-1.,1.224646799147E-16,0.));
#1878 = FACE_BOUND('',#1879,.T.);
#1879 = EDGE_LOOP('',(#1880,#1890,#1898,#1906));
#1880 = ORIENTED_EDGE('',*,*,#1881,.T.);
#1881 = EDGE_CURVE('',#1882,#1884,#1886,.T.);
#1882 = VERTEX_POINT('',#1883);
#1883 = CARTESIAN_POINT('',(14.24060236439,-91.,10.757507));
#1884 = VERTEX_POINT('',#1885);
#1885 = CARTESIAN_POINT('',(14.24060236439,-91.,1.787809));
#1886 = LINE('',#1887,#1888);
#1887 = CARTESIAN_POINT('',(14.24060236439,-91.,5.3787535));
#1888 = VECTOR('',#1889,1.);
#1889 = DIRECTION('',(0.,0.,-1.));
#1890 = ORIENTED_EDGE('',*,*,#1891,.T.);
#1891 = EDGE_CURVE('',#1884,#1892,#1894,.T.);
#1892 = VERTEX_POINT('',#1893);
#1893 = CARTESIAN_POINT('',(17.43313568181,-91.,1.787809));
#1894 = LINE('',#1895,#1896);
#1895 = CARTESIAN_POINT('',(10.72503071174,-91.,1.787809));
#1896 = VECTOR('',#1897,1.);
#1897 = DIRECTION('',(1.,-1.224646799147E-16,0.));
#1898 = ORIENTED_EDGE('',*,*,#1899,.T.);
#1899 = EDGE_CURVE('',#1892,#1900,#1902,.T.);
#1900 = VERTEX_POINT('',#1901);
#1901 = CARTESIAN_POINT('',(17.43313568181,-91.,10.757507));
#1902 = LINE('',#1903,#1904);
#1903 = CARTESIAN_POINT('',(17.43313568181,-91.,0.8939045));
#1904 = VECTOR('',#1905,1.);
#1905 = DIRECTION('',(0.,0.,1.));
#1906 = ORIENTED_EDGE('',*,*,#1907,.T.);
#1907 = EDGE_CURVE('',#1900,#1882,#1908,.T.);
#1908 = LINE('',#1909,#1910);
#1909 = CARTESIAN_POINT('',(12.13456964292,-91.,10.757507));
#1910 = VECTOR('',#1911,1.);
#1911 = DIRECTION('',(-1.,1.224646799147E-16,0.));
#1912 = FACE_BOUND('',#1913,.T.);
#1913 = EDGE_LOOP('',(#1914,#1924,#1932,#1940));
#1914 = ORIENTED_EDGE('',*,*,#1915,.T.);
#1915 = EDGE_CURVE('',#1916,#1918,#1920,.T.);
#1916 = VERTEX_POINT('',#1917);
#1917 = CARTESIAN_POINT('',(20.10475397961,-91.,14.900602));
#1918 = VERTEX_POINT('',#1919);
#1919 = CARTESIAN_POINT('',(20.10475397961,-91.,1.641725));
#1920 = LINE('',#1921,#1922);
#1921 = CARTESIAN_POINT('',(20.10475397961,-91.,7.450301));
#1922 = VECTOR('',#1923,1.);
#1923 = DIRECTION('',(0.,0.,-1.));
#1924 = ORIENTED_EDGE('',*,*,#1925,.T.);
#1925 = EDGE_CURVE('',#1918,#1926,#1928,.T.);
#1926 = VERTEX_POINT('',#1927);
#1927 = CARTESIAN_POINT('',(23.29728729704,-91.,1.641725));
#1928 = LINE('',#1929,#1930);
#1929 = CARTESIAN_POINT('',(13.31411880516,-91.,1.641725));
#1930 = VECTOR('',#1931,1.);
#1931 = DIRECTION('',(1.,-1.224646799147E-16,0.));
#1932 = ORIENTED_EDGE('',*,*,#1933,.T.);
#1933 = EDGE_CURVE('',#1926,#1934,#1936,.T.);
#1934 = VERTEX_POINT('',#1935);
#1935 = CARTESIAN_POINT('',(23.29728729704,-91.,14.900602));
#1936 = LINE('',#1937,#1938);
#1937 = CARTESIAN_POINT('',(23.29728729704,-91.,0.8208625));
#1938 = VECTOR('',#1939,1.);
#1939 = DIRECTION('',(0.,0.,1.));
#1940 = ORIENTED_EDGE('',*,*,#1941,.T.);
#1941 = EDGE_CURVE('',#1934,#1916,#1942,.T.);
#1942 = LINE('',#1943,#1944);
#1943 = CARTESIAN_POINT('',(14.72365773634,-91.,14.900602));
#1944 = VECTOR('',#1945,1.);
#1945 = DIRECTION('',(-1.,1.224646799147E-16,0.));
#1946 = FACE_BOUND('',#1947,.T.);
#1947 = EDGE_LOOP('',(#1948,#1958,#1966,#1974));
#1948 = ORIENTED_EDGE('',*,*,#1949,.T.);
#1949 = EDGE_CURVE('',#1950,#1952,#1954,.T.);
#1950 = VERTEX_POINT('',#1951);
#1951 = CARTESIAN_POINT('',(9.682620418743,-91.,4.333963));
#1952 = VERTEX_POINT('',#1953);
#1953 = CARTESIAN_POINT('',(9.682620418743,-91.,1.493976));
#1954 = LINE('',#1955,#1956);
#1955 = CARTESIAN_POINT('',(9.682620418743,-91.,2.1669815));
#1956 = VECTOR('',#1957,1.);
#1957 = DIRECTION('',(0.,0.,-1.));
#1958 = ORIENTED_EDGE('',*,*,#1959,.T.);
#1959 = EDGE_CURVE('',#1952,#1960,#1962,.T.);
#1960 = VERTEX_POINT('',#1961);
#1961 = CARTESIAN_POINT('',(12.87515373617,-91.,1.493976));
#1962 = LINE('',#1963,#1964);
#1963 = CARTESIAN_POINT('',(8.712631040005,-91.,1.493976));
#1964 = VECTOR('',#1965,1.);
#1965 = DIRECTION('',(1.,-1.224646799147E-16,0.));
#1966 = ORIENTED_EDGE('',*,*,#1967,.T.);
#1967 = EDGE_CURVE('',#1960,#1968,#1970,.T.);
#1968 = VERTEX_POINT('',#1969);
#1969 = CARTESIAN_POINT('',(12.87515373617,-91.,4.333963));
#1970 = LINE('',#1971,#1972);
#1971 = CARTESIAN_POINT('',(12.87515373617,-91.,0.746988));
#1972 = VECTOR('',#1973,1.);
#1973 = DIRECTION('',(0.,0.,1.));
#1974 = ORIENTED_EDGE('',*,*,#1975,.T.);
#1975 = EDGE_CURVE('',#1968,#1950,#1976,.T.);
#1976 = LINE('',#1977,#1978);
#1977 = CARTESIAN_POINT('',(10.12216997118,-91.,4.333963));
#1978 = VECTOR('',#1979,1.);
#1979 = DIRECTION('',(-1.,1.224646799147E-16,0.));
#1980 = FACE_BOUND('',#1981,.T.);
#1981 = EDGE_LOOP('',(#1982,#1992,#2000,#2008));
#1982 = ORIENTED_EDGE('',*,*,#1983,.T.);
#1983 = EDGE_CURVE('',#1984,#1986,#1988,.T.);
#1984 = VERTEX_POINT('',#1985);
#1985 = CARTESIAN_POINT('',(32.48431059492,-91.,15.419325));
#1986 = VERTEX_POINT('',#1987);
#1987 = CARTESIAN_POINT('',(32.48431059492,-91.,1.662181));
#1988 = LINE('',#1989,#1990);
#1989 = CARTESIAN_POINT('',(32.48431059492,-91.,7.7096625));
#1990 = VECTOR('',#1991,1.);
#1991 = DIRECTION('',(0.,0.,-1.));
#1992 = ORIENTED_EDGE('',*,*,#1993,.T.);
#1993 = EDGE_CURVE('',#1986,#1994,#1996,.T.);
#1994 = VERTEX_POINT('',#1995);
#1995 = CARTESIAN_POINT('',(35.67684391234,-91.,1.662181));
#1996 = LINE('',#1997,#1998);
#1997 = CARTESIAN_POINT('',(18.77983059734,-91.,1.662181));
#1998 = VECTOR('',#1999,1.);
#1999 = DIRECTION('',(1.,-1.224646799147E-16,0.));
#2000 = ORIENTED_EDGE('',*,*,#2001,.T.);
#2001 = EDGE_CURVE('',#1994,#2002,#2004,.T.);
#2002 = VERTEX_POINT('',#2003);
#2003 = CARTESIAN_POINT('',(35.67684391234,-91.,15.419325));
#2004 = LINE('',#2005,#2006);
#2005 = CARTESIAN_POINT('',(35.67684391234,-91.,0.8310905));
#2006 = VECTOR('',#2007,1.);
#2007 = DIRECTION('',(0.,0.,1.));
#2008 = ORIENTED_EDGE('',*,*,#2009,.T.);
#2009 = EDGE_CURVE('',#2002,#1984,#2010,.T.);
#2010 = LINE('',#2011,#2012);
#2011 = CARTESIAN_POINT('',(20.18936952852,-91.,15.419325));
#2012 = VECTOR('',#2013,1.);
#2013 = DIRECTION('',(-1.,1.224646799147E-16,0.));
#2014 = FACE_BOUND('',#2015,.T.);
#2015 = EDGE_LOOP('',(#2016,#2026,#2034,#2042));
#2016 = ORIENTED_EDGE('',*,*,#2017,.T.);
#2017 = EDGE_CURVE('',#2018,#2020,#2022,.T.);
#2018 = VERTEX_POINT('',#2019);
#2019 = CARTESIAN_POINT('',(39.38234709815,-91.,11.35901));
#2020 = VERTEX_POINT('',#2021);
#2021 = CARTESIAN_POINT('',(39.38234709815,-91.,1.732386));
#2022 = LINE('',#2023,#2024);
#2023 = CARTESIAN_POINT('',(39.38234709815,-91.,5.679505));
#2024 = VECTOR('',#2025,1.);
#2025 = DIRECTION('',(0.,0.,-1.));
#2026 = ORIENTED_EDGE('',*,*,#2027,.T.);
#2027 = EDGE_CURVE('',#2020,#2028,#2030,.T.);
#2028 = VERTEX_POINT('',#2029);
#2029 = CARTESIAN_POINT('',(42.57488041558,-91.,1.732386));
#2030 = LINE('',#2031,#2032);
#2031 = CARTESIAN_POINT('',(21.82539035608,-91.,1.732386));
#2032 = VECTOR('',#2033,1.);
#2033 = DIRECTION('',(1.,-1.224646799147E-16,0.));
#2034 = ORIENTED_EDGE('',*,*,#2035,.T.);
#2035 = EDGE_CURVE('',#2028,#2036,#2038,.T.);
#2036 = VERTEX_POINT('',#2037);
#2037 = CARTESIAN_POINT('',(42.57488041558,-91.,11.35901));
#2038 = LINE('',#2039,#2040);
#2039 = CARTESIAN_POINT('',(42.57488041558,-91.,0.866193));
#2040 = VECTOR('',#2041,1.);
#2041 = DIRECTION('',(0.,0.,1.));
#2042 = ORIENTED_EDGE('',*,*,#2043,.T.);
#2043 = EDGE_CURVE('',#2036,#2018,#2044,.T.);
#2044 = LINE('',#2045,#2046);
#2045 = CARTESIAN_POINT('',(23.23492928726,-91.,11.35901));
#2046 = VECTOR('',#2047,1.);
#2047 = DIRECTION('',(-1.,1.224646799147E-16,0.));
#2048 = FACE_BOUND('',#2049,.T.);
#2049 = EDGE_LOOP('',(#2050,#2060,#2068,#2076));
#2050 = ORIENTED_EDGE('',*,*,#2051,.T.);
#2051 = EDGE_CURVE('',#2052,#2054,#2056,.T.);
#2052 = VERTEX_POINT('',#2053);
#2053 = CARTESIAN_POINT('',(44.38688144904,-91.,4.439963));
#2054 = VERTEX_POINT('',#2055);
#2055 = CARTESIAN_POINT('',(44.38688144904,-91.,1.617415));
#2056 = LINE('',#2057,#2058);
#2057 = CARTESIAN_POINT('',(44.38688144904,-91.,2.2199815));
#2058 = VECTOR('',#2059,1.);
#2059 = DIRECTION('',(0.,0.,-1.));
#2060 = ORIENTED_EDGE('',*,*,#2061,.T.);
#2061 = EDGE_CURVE('',#2054,#2062,#2064,.T.);
#2062 = VERTEX_POINT('',#2063);
#2063 = CARTESIAN_POINT('',(47.57941476647,-91.,1.617415));
#2064 = LINE('',#2065,#2066);
#2065 = CARTESIAN_POINT('',(24.03494787628,-91.,1.617415));
#2066 = VECTOR('',#2067,1.);
#2067 = DIRECTION('',(1.,-1.224646799147E-16,0.));
#2068 = ORIENTED_EDGE('',*,*,#2069,.T.);
#2069 = EDGE_CURVE('',#2062,#2070,#2072,.T.);
#2070 = VERTEX_POINT('',#2071);
#2071 = CARTESIAN_POINT('',(47.57941476647,-91.,4.439963));
#2072 = LINE('',#2073,#2074);
#2073 = CARTESIAN_POINT('',(47.57941476647,-91.,0.8087075));
#2074 = VECTOR('',#2075,1.);
#2075 = DIRECTION('',(0.,0.,1.));
#2076 = ORIENTED_EDGE('',*,*,#2077,.T.);
#2077 = EDGE_CURVE('',#2070,#2052,#2078,.T.);
#2078 = LINE('',#2079,#2080);
#2079 = CARTESIAN_POINT('',(25.44448680746,-91.,4.439963));
#2080 = VECTOR('',#2081,1.);
#2081 = DIRECTION('',(-1.,1.224646799147E-16,0.));
#2082 = PLANE('',#2083);
#2083 = AXIS2_PLACEMENT_3D('',#2084,#2085,#2086);
#2084 = CARTESIAN_POINT('',(-1.114428587224E-14,-91.,6.7E-16));
#2085 = DIRECTION('',(1.224646799147E-16,1.,0.));
#2086 = DIRECTION('',(1.,-1.224646799147E-16,0.));
#2087 = ADVANCED_FACE('',(#2088),#2106,.T.);
#2088 = FACE_BOUND('',#2089,.T.);
#2089 = EDGE_LOOP('',(#2090,#2098,#2099,#2100));
#2090 = ORIENTED_EDGE('',*,*,#2091,.F.);
#2091 = EDGE_CURVE('',#1821,#2092,#2094,.T.);
#2092 = VERTEX_POINT('',#2093);
#2093 = CARTESIAN_POINT('',(-9.,-84.5,23.01));
#2094 = LINE('',#2095,#2096);
#2095 = CARTESIAN_POINT('',(-8.251666666667,-83.75166666666,
    23.758333333333));
#2096 = VECTOR('',#2097,1.);
#2097 = DIRECTION('',(-0.57735026919,-0.57735026919,-0.57735026919));
#2098 = ORIENTED_EDGE('',*,*,#1828,.T.);
#2099 = ORIENTED_EDGE('',*,*,#781,.T.);
#2100 = ORIENTED_EDGE('',*,*,#2101,.F.);
#2101 = EDGE_CURVE('',#2092,#774,#2102,.T.);
#2102 = LINE('',#2103,#2104);
#2103 = CARTESIAN_POINT('',(-9.,-84.5,23.01));
#2104 = VECTOR('',#2105,1.);
#2105 = DIRECTION('',(-0.,0.,-1.));
#2106 = PLANE('',#2107);
#2107 = AXIS2_PLACEMENT_3D('',#2108,#2109,#2110);
#2108 = CARTESIAN_POINT('',(-8.,-83.5,23.01));
#2109 = DIRECTION('',(-0.707106781187,0.707106781187,0.));
#2110 = DIRECTION('',(-0.,0.,-1.));
#2111 = ADVANCED_FACE('',(#2112),#2130,.F.);
#2112 = FACE_BOUND('',#2113,.F.);
#2113 = EDGE_LOOP('',(#2114,#2122,#2128,#2129));
#2114 = ORIENTED_EDGE('',*,*,#2115,.F.);
#2115 = EDGE_CURVE('',#2116,#2092,#2118,.T.);
#2116 = VERTEX_POINT('',#2117);
#2117 = CARTESIAN_POINT('',(-9.,-91.,23.01));
#2118 = LINE('',#2119,#2120);
#2119 = CARTESIAN_POINT('',(-9.,-91.,23.01));
#2120 = VECTOR('',#2121,1.);
#2121 = DIRECTION('',(1.224646799147E-16,1.,0.));
#2122 = ORIENTED_EDGE('',*,*,#2123,.T.);
#2123 = EDGE_CURVE('',#2116,#766,#2124,.T.);
#2124 = LINE('',#2125,#2126);
#2125 = CARTESIAN_POINT('',(-9.,-91.,32.));
#2126 = VECTOR('',#2127,1.);
#2127 = DIRECTION('',(-0.,0.,-1.));
#2128 = ORIENTED_EDGE('',*,*,#773,.T.);
#2129 = ORIENTED_EDGE('',*,*,#2101,.F.);
#2130 = PLANE('',#2131);
#2131 = AXIS2_PLACEMENT_3D('',#2132,#2133,#2134);
#2132 = CARTESIAN_POINT('',(-9.,-91.,32.));
#2133 = DIRECTION('',(1.,-1.224646799147E-16,-0.));
#2134 = DIRECTION('',(1.224646799147E-16,1.,0.));
#2135 = ADVANCED_FACE('',(#2136,#2162,#2239),#2316,.F.);
#2136 = FACE_BOUND('',#2137,.F.);
#2137 = EDGE_LOOP('',(#2138,#2148,#2154,#2155,#2156));
#2138 = ORIENTED_EDGE('',*,*,#2139,.F.);
#2139 = EDGE_CURVE('',#2140,#2142,#2144,.T.);
#2140 = VERTEX_POINT('',#2141);
#2141 = CARTESIAN_POINT('',(-1.114428587224E-14,-91.,32.));
#2142 = VERTEX_POINT('',#2143);
#2143 = CARTESIAN_POINT('',(-1.E-02,-91.,32.));
#2144 = LINE('',#2145,#2146);
#2145 = CARTESIAN_POINT('',(6.14,-91.,32.));
#2146 = VECTOR('',#2147,1.);
#2147 = DIRECTION('',(-1.,1.224646799147E-16,0.));
#2148 = ORIENTED_EDGE('',*,*,#2149,.T.);
#2149 = EDGE_CURVE('',#2140,#758,#2150,.T.);
#2150 = LINE('',#2151,#2152);
#2151 = CARTESIAN_POINT('',(-1.114428587224E-14,-91.,0.));
#2152 = VECTOR('',#2153,1.);
#2153 = DIRECTION('',(-0.,0.,-1.));
#2154 = ORIENTED_EDGE('',*,*,#765,.T.);
#2155 = ORIENTED_EDGE('',*,*,#2123,.F.);
#2156 = ORIENTED_EDGE('',*,*,#2157,.T.);
#2157 = EDGE_CURVE('',#2116,#2142,#2158,.T.);
#2158 = LINE('',#2159,#2160);
#2159 = CARTESIAN_POINT('',(-0.72,-91.,31.29));
#2160 = VECTOR('',#2161,1.);
#2161 = DIRECTION('',(0.707106781187,-8.659560562355E-17,0.707106781187)
  );
#2162 = FACE_BOUND('',#2163,.F.);
#2163 = EDGE_LOOP('',(#2164,#2175,#2183,#2191,#2200,#2208,#2216,#2225,
    #2233));
#2164 = ORIENTED_EDGE('',*,*,#2165,.T.);
#2165 = EDGE_CURVE('',#2166,#2168,#2170,.T.);
#2166 = VERTEX_POINT('',#2167);
#2167 = CARTESIAN_POINT('',(-4.255498239602,-91.,5.509772503277));
#2168 = VERTEX_POINT('',#2169);
#2169 = CARTESIAN_POINT('',(-3.163481852221,-91.,7.401200590647));
#2170 = CIRCLE('',#2171,1.55);
#2171 = AXIS2_PLACEMENT_3D('',#2172,#2173,#2174);
#2172 = CARTESIAN_POINT('',(-4.662118017993,-91.,7.005486498606));
#2173 = DIRECTION('',(-4.252295203646E-16,-1.,-3.737038904755E-16));
#2174 = DIRECTION('',(0.5,1.110223024625E-16,-0.866025403784));
#2175 = ORIENTED_EDGE('',*,*,#2176,.T.);
#2176 = EDGE_CURVE('',#2168,#2177,#2179,.T.);
#2177 = VERTEX_POINT('',#2178);
#2178 = CARTESIAN_POINT('',(-2.756862185504,-91.,8.105486595319));
#2179 = LINE('',#2180,#2181);
#2180 = CARTESIAN_POINT('',(3.528558993786,-91.,18.992156701027));
#2181 = VECTOR('',#2182,1.);
#2182 = DIRECTION('',(0.49999995604,-6.123233457381E-17,0.866025429165)
  );
#2183 = ORIENTED_EDGE('',*,*,#2184,.T.);
#2184 = EDGE_CURVE('',#2177,#2185,#2187,.T.);
#2185 = VERTEX_POINT('',#2186);
#2186 = CARTESIAN_POINT('',(-3.570101590438,-91.,8.105486554038));
#2187 = LINE('',#2188,#2189);
#2188 = CARTESIAN_POINT('',(-0.213686374626,-91.,8.105486724411));
#2189 = VECTOR('',#2190,1.);
#2190 = DIRECTION('',(-1.,1.224646799147E-16,-5.076075748622E-08));
#2191 = ORIENTED_EDGE('',*,*,#2192,.T.);
#2192 = EDGE_CURVE('',#2185,#2193,#2195,.T.);
#2193 = VERTEX_POINT('',#2194);
#2194 = CARTESIAN_POINT('',(-5.754134557222,-91.,8.105486443174));
#2195 = CIRCLE('',#2196,1.55);
#2196 = AXIS2_PLACEMENT_3D('',#2197,#2198,#2199);
#2197 = CARTESIAN_POINT('',(-4.662118017993,-91.,7.005486498606));
#2198 = DIRECTION('',(-4.252295203646E-16,-1.,-3.737038904755E-16));
#2199 = DIRECTION('',(0.5,1.110223024625E-16,-0.866025403784));
#2200 = ORIENTED_EDGE('',*,*,#2201,.T.);
#2201 = EDGE_CURVE('',#2193,#2202,#2204,.T.);
#2202 = VERTEX_POINT('',#2203);
#2203 = CARTESIAN_POINT('',(-6.567373962156,-91.,8.105486401893));
#2204 = LINE('',#2205,#2206);
#2205 = CARTESIAN_POINT('',(-0.213686374626,-91.,8.105486724411));
#2206 = VECTOR('',#2207,1.);
#2207 = DIRECTION('',(-1.,1.224646799147E-16,-5.076075748622E-08));
#2208 = ORIENTED_EDGE('',*,*,#2209,.T.);
#2209 = EDGE_CURVE('',#2202,#2210,#2212,.T.);
#2210 = VERTEX_POINT('',#2211);
#2211 = CARTESIAN_POINT('',(-6.160754223939,-91.,7.401200438502));
#2212 = LINE('',#2213,#2214);
#2213 = CARTESIAN_POINT('',(-9.199638159643,-91.,12.664701196421));
#2214 = VECTOR('',#2215,1.);
#2215 = DIRECTION('',(0.50000004396,-6.123234534096E-17,-0.866025378404)
  );
#2216 = ORIENTED_EDGE('',*,*,#2217,.T.);
#2217 = EDGE_CURVE('',#2210,#2218,#2220,.T.);
#2218 = VERTEX_POINT('',#2219);
#2219 = CARTESIAN_POINT('',(-5.068737644536,-91.,5.509772461997));
#2220 = CIRCLE('',#2221,1.55);
#2221 = AXIS2_PLACEMENT_3D('',#2222,#2223,#2224);
#2222 = CARTESIAN_POINT('',(-4.662118017993,-91.,7.005486498606));
#2223 = DIRECTION('',(-4.252295203646E-16,-1.,-3.737038904755E-16));
#2224 = DIRECTION('',(0.5,1.110223024625E-16,-0.866025403784));
#2225 = ORIENTED_EDGE('',*,*,#2226,.T.);
#2226 = EDGE_CURVE('',#2218,#2227,#2229,.T.);
#2227 = VERTEX_POINT('',#2228);
#2228 = CARTESIAN_POINT('',(-4.662117906318,-91.,4.805486498606));
#2229 = LINE('',#2230,#2231);
#2230 = CARTESIAN_POINT('',(-9.199638159643,-91.,12.664701196421));
#2231 = VECTOR('',#2232,1.);
#2232 = DIRECTION('',(0.50000004396,-6.123234534096E-17,-0.866025378404)
  );
#2233 = ORIENTED_EDGE('',*,*,#2234,.T.);
#2234 = EDGE_CURVE('',#2227,#2166,#2235,.T.);
#2235 = LINE('',#2236,#2237);
#2236 = CARTESIAN_POINT('',(3.528558993786,-91.,18.992156701027));
#2237 = VECTOR('',#2238,1.);
#2238 = DIRECTION('',(0.49999995604,-6.123233457381E-17,0.866025429165)
  );
#2239 = FACE_BOUND('',#2240,.F.);
#2240 = EDGE_LOOP('',(#2241,#2252,#2260,#2268,#2277,#2285,#2293,#2302,
    #2310));
#2241 = ORIENTED_EDGE('',*,*,#2242,.T.);
#2242 = EDGE_CURVE('',#2243,#2245,#2247,.T.);
#2243 = VERTEX_POINT('',#2244);
#2244 = CARTESIAN_POINT('',(-4.346929119387,-91.,17.408135432446));
#2245 = VERTEX_POINT('',#2246);
#2246 = CARTESIAN_POINT('',(-3.254912732006,-91.,19.299563519816));
#2247 = CIRCLE('',#2248,1.55);
#2248 = AXIS2_PLACEMENT_3D('',#2249,#2250,#2251);
#2249 = CARTESIAN_POINT('',(-4.753548897778,-91.,18.903849427775));
#2250 = DIRECTION('',(-4.252295203646E-16,-1.,-3.737038904755E-16));
#2251 = DIRECTION('',(0.5,1.110223024625E-16,-0.866025403784));
#2252 = ORIENTED_EDGE('',*,*,#2253,.T.);
#2253 = EDGE_CURVE('',#2245,#2254,#2256,.T.);
#2254 = VERTEX_POINT('',#2255);
#2255 = CARTESIAN_POINT('',(-2.848293065289,-91.,20.003849524488));
#2256 = LINE('',#2257,#2258);
#2257 = CARTESIAN_POINT('',(0.872485982929,-91.,26.448428635217));
#2258 = VECTOR('',#2259,1.);
#2259 = DIRECTION('',(0.49999995604,-6.123233457381E-17,0.866025429165)
  );
#2260 = ORIENTED_EDGE('',*,*,#2261,.T.);
#2261 = EDGE_CURVE('',#2254,#2262,#2264,.T.);
#2262 = VERTEX_POINT('',#2263);
#2263 = CARTESIAN_POINT('',(-3.661532470224,-91.,20.003849483207));
#2264 = LINE('',#2265,#2266);
#2265 = CARTESIAN_POINT('',(-0.259402116504,-91.,20.003849655901));
#2266 = VECTOR('',#2267,1.);
#2267 = DIRECTION('',(-1.,1.224646799147E-16,-5.076075748622E-08));
#2268 = ORIENTED_EDGE('',*,*,#2269,.T.);
#2269 = EDGE_CURVE('',#2262,#2270,#2272,.T.);
#2270 = VERTEX_POINT('',#2271);
#2271 = CARTESIAN_POINT('',(-5.845565437007,-91.,20.003849372343));
#2272 = CIRCLE('',#2273,1.55);
#2273 = AXIS2_PLACEMENT_3D('',#2274,#2275,#2276);
#2274 = CARTESIAN_POINT('',(-4.753548897778,-91.,18.903849427775));
#2275 = DIRECTION('',(-4.252295203646E-16,-1.,-3.737038904755E-16));
#2276 = DIRECTION('',(0.5,1.110223024625E-16,-0.866025403784));
#2277 = ORIENTED_EDGE('',*,*,#2278,.T.);
#2278 = EDGE_CURVE('',#2270,#2279,#2281,.T.);
#2279 = VERTEX_POINT('',#2280);
#2280 = CARTESIAN_POINT('',(-6.658804841941,-91.,20.003849331062));
#2281 = LINE('',#2282,#2283);
#2282 = CARTESIAN_POINT('',(-0.259402116504,-91.,20.003849655901));
#2283 = VECTOR('',#2284,1.);
#2284 = DIRECTION('',(-1.,1.224646799147E-16,-5.076075748622E-08));
#2285 = ORIENTED_EDGE('',*,*,#2286,.T.);
#2286 = EDGE_CURVE('',#2279,#2287,#2289,.T.);
#2287 = VERTEX_POINT('',#2288);
#2288 = CARTESIAN_POINT('',(-6.252185103724,-91.,19.299563367671));
#2289 = LINE('',#2290,#2291);
#2290 = CARTESIAN_POINT('',(-6.703568886425,-91.,20.081382921373));
#2291 = VECTOR('',#2292,1.);
#2292 = DIRECTION('',(0.50000004396,-6.123234534096E-17,-0.866025378404)
  );
#2293 = ORIENTED_EDGE('',*,*,#2294,.T.);
#2294 = EDGE_CURVE('',#2287,#2295,#2297,.T.);
#2295 = VERTEX_POINT('',#2296);
#2296 = CARTESIAN_POINT('',(-5.160168524321,-91.,17.408135391166));
#2297 = CIRCLE('',#2298,1.55);
#2298 = AXIS2_PLACEMENT_3D('',#2299,#2300,#2301);
#2299 = CARTESIAN_POINT('',(-4.753548897778,-91.,18.903849427775));
#2300 = DIRECTION('',(-4.252295203646E-16,-1.,-3.737038904755E-16));
#2301 = DIRECTION('',(0.5,1.110223024625E-16,-0.866025403784));
#2302 = ORIENTED_EDGE('',*,*,#2303,.T.);
#2303 = EDGE_CURVE('',#2295,#2304,#2306,.T.);
#2304 = VERTEX_POINT('',#2305);
#2305 = CARTESIAN_POINT('',(-4.753548786104,-91.,16.703849427775));
#2306 = LINE('',#2307,#2308);
#2307 = CARTESIAN_POINT('',(-6.703568886425,-91.,20.081382921373));
#2308 = VECTOR('',#2309,1.);
#2309 = DIRECTION('',(0.50000004396,-6.123234534096E-17,-0.866025378404)
  );
#2310 = ORIENTED_EDGE('',*,*,#2311,.T.);
#2311 = EDGE_CURVE('',#2304,#2243,#2312,.T.);
#2312 = LINE('',#2313,#2314);
#2313 = CARTESIAN_POINT('',(0.872485982929,-91.,26.448428635217));
#2314 = VECTOR('',#2315,1.);
#2315 = DIRECTION('',(0.49999995604,-6.123233457381E-17,0.866025429165)
  );
#2316 = PLANE('',#2317);
#2317 = AXIS2_PLACEMENT_3D('',#2318,#2319,#2320);
#2318 = CARTESIAN_POINT('',(6.14,-91.,32.));
#2319 = DIRECTION('',(1.224646799147E-16,1.,0.));
#2320 = DIRECTION('',(-1.,1.224646799147E-16,0.));
#2321 = ADVANCED_FACE('',(#2322),#2386,.F.);
#2322 = FACE_BOUND('',#2323,.F.);
#2323 = EDGE_LOOP('',(#2324,#2332,#2333,#2334,#2340,#2341,#2349,#2355,
    #2356,#2364,#2372,#2380));
#2324 = ORIENTED_EDGE('',*,*,#2325,.F.);
#2325 = EDGE_CURVE('',#750,#2326,#2328,.T.);
#2326 = VERTEX_POINT('',#2327);
#2327 = CARTESIAN_POINT('',(-1.151167991199E-14,-94.,31.));
#2328 = LINE('',#2329,#2330);
#2329 = CARTESIAN_POINT('',(-1.151167991199E-14,-94.,0.));
#2330 = VECTOR('',#2331,1.);
#2331 = DIRECTION('',(0.,0.,1.));
#2332 = ORIENTED_EDGE('',*,*,#757,.F.);
#2333 = ORIENTED_EDGE('',*,*,#2149,.F.);
#2334 = ORIENTED_EDGE('',*,*,#2335,.F.);
#2335 = EDGE_CURVE('',#1652,#2140,#2336,.T.);
#2336 = LINE('',#2337,#2338);
#2337 = CARTESIAN_POINT('',(1.114428587224E-14,91.,32.));
#2338 = VECTOR('',#2339,1.);
#2339 = DIRECTION('',(-1.224646799147E-16,-1.,-2.2E-16));
#2340 = ORIENTED_EDGE('',*,*,#1651,.F.);
#2341 = ORIENTED_EDGE('',*,*,#2342,.F.);
#2342 = EDGE_CURVE('',#2343,#1644,#2345,.T.);
#2343 = VERTEX_POINT('',#2344);
#2344 = CARTESIAN_POINT('',(1.114428587224E-14,91.,32.));
#2345 = LINE('',#2346,#2347);
#2346 = CARTESIAN_POINT('',(1.114428587224E-14,91.,32.));
#2347 = VECTOR('',#2348,1.);
#2348 = DIRECTION('',(-1.224646799147E-16,-1.,-2.2E-16));
#2349 = ORIENTED_EDGE('',*,*,#2350,.F.);
#2350 = EDGE_CURVE('',#700,#2343,#2351,.T.);
#2351 = LINE('',#2352,#2353);
#2352 = CARTESIAN_POINT('',(1.114428587224E-14,91.,-1.E-15));
#2353 = VECTOR('',#2354,1.);
#2354 = DIRECTION('',(0.,0.,1.));
#2355 = ORIENTED_EDGE('',*,*,#707,.F.);
#2356 = ORIENTED_EDGE('',*,*,#2357,.T.);
#2357 = EDGE_CURVE('',#708,#2358,#2360,.T.);
#2358 = VERTEX_POINT('',#2359);
#2359 = CARTESIAN_POINT('',(1.151167991199E-14,94.,31.));
#2360 = LINE('',#2361,#2362);
#2361 = CARTESIAN_POINT('',(1.151167991199E-14,94.,0.));
#2362 = VECTOR('',#2363,1.);
#2363 = DIRECTION('',(0.,0.,1.));
#2364 = ORIENTED_EDGE('',*,*,#2365,.T.);
#2365 = EDGE_CURVE('',#2358,#2366,#2368,.T.);
#2366 = VERTEX_POINT('',#2367);
#2367 = CARTESIAN_POINT('',(1.102182119233E-14,90.,35.));
#2368 = LINE('',#2369,#2370);
#2369 = CARTESIAN_POINT('',(-1.87168349859E-15,100.75,24.25));
#2370 = VECTOR('',#2371,1.);
#2371 = DIRECTION('',(-8.659560562355E-17,-0.707106781187,0.707106781187
    ));
#2372 = ORIENTED_EDGE('',*,*,#2373,.T.);
#2373 = EDGE_CURVE('',#2366,#2374,#2376,.T.);
#2374 = VERTEX_POINT('',#2375);
#2375 = CARTESIAN_POINT('',(-1.102182119233E-14,-90.,35.));
#2376 = LINE('',#2377,#2378);
#2377 = CARTESIAN_POINT('',(1.151167991199E-14,94.,35.));
#2378 = VECTOR('',#2379,1.);
#2379 = DIRECTION('',(-1.224646799147E-16,-1.,0.));
#2380 = ORIENTED_EDGE('',*,*,#2381,.F.);
#2381 = EDGE_CURVE('',#2326,#2374,#2382,.T.);
#2382 = LINE('',#2383,#2384);
#2383 = CARTESIAN_POINT('',(-6.582476545417E-15,-53.75,71.25));
#2384 = VECTOR('',#2385,1.);
#2385 = DIRECTION('',(8.659560562355E-17,0.707106781187,0.707106781187)
  );
#2386 = PLANE('',#2387);
#2387 = AXIS2_PLACEMENT_3D('',#2388,#2389,#2390);
#2388 = CARTESIAN_POINT('',(1.151167991199E-14,94.,0.));
#2389 = DIRECTION('',(1.,-1.224646799147E-16,0.));
#2390 = DIRECTION('',(-1.224646799147E-16,-1.,0.));
#2391 = ADVANCED_FACE('',(#2392,#2410,#2444,#2478,#2512,#2546,#2580,
    #2614),#2648,.T.);
#2392 = FACE_BOUND('',#2393,.T.);
#2393 = EDGE_LOOP('',(#2394,#2402,#2408,#2409));
#2394 = ORIENTED_EDGE('',*,*,#2395,.T.);
#2395 = EDGE_CURVE('',#741,#2396,#2398,.T.);
#2396 = VERTEX_POINT('',#2397);
#2397 = CARTESIAN_POINT('',(113.5,-94.,31.));
#2398 = LINE('',#2399,#2400);
#2399 = CARTESIAN_POINT('',(113.5,-94.,0.));
#2400 = VECTOR('',#2401,1.);
#2401 = DIRECTION('',(0.,0.,1.));
#2402 = ORIENTED_EDGE('',*,*,#2403,.F.);
#2403 = EDGE_CURVE('',#2326,#2396,#2404,.T.);
#2404 = LINE('',#2405,#2406);
#2405 = CARTESIAN_POINT('',(-1.151167991199E-14,-94.,31.));
#2406 = VECTOR('',#2407,1.);
#2407 = DIRECTION('',(1.,-1.224646799147E-16,0.));
#2408 = ORIENTED_EDGE('',*,*,#2325,.F.);
#2409 = ORIENTED_EDGE('',*,*,#749,.T.);
#2410 = FACE_BOUND('',#2411,.T.);
#2411 = EDGE_LOOP('',(#2412,#2422,#2430,#2438));
#2412 = ORIENTED_EDGE('',*,*,#2413,.F.);
#2413 = EDGE_CURVE('',#2414,#2416,#2418,.T.);
#2414 = VERTEX_POINT('',#2415);
#2415 = CARTESIAN_POINT('',(43.29497074624,-94.,1.617415));
#2416 = VERTEX_POINT('',#2417);
#2417 = CARTESIAN_POINT('',(46.48750406367,-94.,1.617415));
#2418 = LINE('',#2419,#2420);
#2419 = CARTESIAN_POINT('',(52.40994787628,-94.,1.617415));
#2420 = VECTOR('',#2421,1.);
#2421 = DIRECTION('',(1.,-1.224646799147E-16,0.));
#2422 = ORIENTED_EDGE('',*,*,#2423,.F.);
#2423 = EDGE_CURVE('',#2424,#2414,#2426,.T.);
#2424 = VERTEX_POINT('',#2425);
#2425 = CARTESIAN_POINT('',(43.29497074624,-94.,4.439963));
#2426 = LINE('',#2427,#2428);
#2427 = CARTESIAN_POINT('',(43.29497074624,-94.,9.9699815));
#2428 = VECTOR('',#2429,1.);
#2429 = DIRECTION('',(-0.,0.,-1.));
#2430 = ORIENTED_EDGE('',*,*,#2431,.F.);
#2431 = EDGE_CURVE('',#2432,#2424,#2434,.T.);
#2432 = VERTEX_POINT('',#2433);
#2433 = CARTESIAN_POINT('',(46.48750406367,-94.,4.439963));
#2434 = LINE('',#2435,#2436);
#2435 = CARTESIAN_POINT('',(53.81948680746,-94.,4.439963));
#2436 = VECTOR('',#2437,1.);
#2437 = DIRECTION('',(-1.,1.224646799147E-16,0.));
#2438 = ORIENTED_EDGE('',*,*,#2439,.F.);
#2439 = EDGE_CURVE('',#2416,#2432,#2440,.T.);
#2440 = LINE('',#2441,#2442);
#2441 = CARTESIAN_POINT('',(46.48750406367,-94.,8.5587075));
#2442 = VECTOR('',#2443,1.);
#2443 = DIRECTION('',(0.,0.,1.));
#2444 = FACE_BOUND('',#2445,.T.);
#2445 = EDGE_LOOP('',(#2446,#2456,#2464,#2472));
#2446 = ORIENTED_EDGE('',*,*,#2447,.F.);
#2447 = EDGE_CURVE('',#2448,#2450,#2452,.T.);
#2448 = VERTEX_POINT('',#2449);
#2449 = CARTESIAN_POINT('',(38.29043639535,-94.,1.732386));
#2450 = VERTEX_POINT('',#2451);
#2451 = CARTESIAN_POINT('',(41.48296971278,-94.,1.732386));
#2452 = LINE('',#2453,#2454);
#2453 = CARTESIAN_POINT('',(50.20039035608,-94.,1.732386));
#2454 = VECTOR('',#2455,1.);
#2455 = DIRECTION('',(1.,-1.224646799147E-16,0.));
#2456 = ORIENTED_EDGE('',*,*,#2457,.F.);
#2457 = EDGE_CURVE('',#2458,#2448,#2460,.T.);
#2458 = VERTEX_POINT('',#2459);
#2459 = CARTESIAN_POINT('',(38.29043639535,-94.,11.35901));
#2460 = LINE('',#2461,#2462);
#2461 = CARTESIAN_POINT('',(38.29043639535,-94.,13.429505));
#2462 = VECTOR('',#2463,1.);
#2463 = DIRECTION('',(-0.,0.,-1.));
#2464 = ORIENTED_EDGE('',*,*,#2465,.F.);
#2465 = EDGE_CURVE('',#2466,#2458,#2468,.T.);
#2466 = VERTEX_POINT('',#2467);
#2467 = CARTESIAN_POINT('',(41.48296971278,-94.,11.35901));
#2468 = LINE('',#2469,#2470);
#2469 = CARTESIAN_POINT('',(51.60992928726,-94.,11.35901));
#2470 = VECTOR('',#2471,1.);
#2471 = DIRECTION('',(-1.,1.224646799147E-16,0.));
#2472 = ORIENTED_EDGE('',*,*,#2473,.F.);
#2473 = EDGE_CURVE('',#2450,#2466,#2474,.T.);
#2474 = LINE('',#2475,#2476);
#2475 = CARTESIAN_POINT('',(41.48296971278,-94.,8.616193));
#2476 = VECTOR('',#2477,1.);
#2477 = DIRECTION('',(0.,0.,1.));
#2478 = FACE_BOUND('',#2479,.T.);
#2479 = EDGE_LOOP('',(#2480,#2490,#2498,#2506));
#2480 = ORIENTED_EDGE('',*,*,#2481,.F.);
#2481 = EDGE_CURVE('',#2482,#2484,#2486,.T.);
#2482 = VERTEX_POINT('',#2483);
#2483 = CARTESIAN_POINT('',(31.39239989212,-94.,1.662181));
#2484 = VERTEX_POINT('',#2485);
#2485 = CARTESIAN_POINT('',(34.58493320954,-94.,1.662181));
#2486 = LINE('',#2487,#2488);
#2487 = CARTESIAN_POINT('',(47.15483059734,-94.,1.662181));
#2488 = VECTOR('',#2489,1.);
#2489 = DIRECTION('',(1.,-1.224646799147E-16,0.));
#2490 = ORIENTED_EDGE('',*,*,#2491,.F.);
#2491 = EDGE_CURVE('',#2492,#2482,#2494,.T.);
#2492 = VERTEX_POINT('',#2493);
#2493 = CARTESIAN_POINT('',(31.39239989212,-94.,15.419325));
#2494 = LINE('',#2495,#2496);
#2495 = CARTESIAN_POINT('',(31.39239989212,-94.,15.4596625));
#2496 = VECTOR('',#2497,1.);
#2497 = DIRECTION('',(-0.,0.,-1.));
#2498 = ORIENTED_EDGE('',*,*,#2499,.F.);
#2499 = EDGE_CURVE('',#2500,#2492,#2502,.T.);
#2500 = VERTEX_POINT('',#2501);
#2501 = CARTESIAN_POINT('',(34.58493320954,-94.,15.419325));
#2502 = LINE('',#2503,#2504);
#2503 = CARTESIAN_POINT('',(48.56436952852,-94.,15.419325));
#2504 = VECTOR('',#2505,1.);
#2505 = DIRECTION('',(-1.,1.224646799147E-16,0.));
#2506 = ORIENTED_EDGE('',*,*,#2507,.F.);
#2507 = EDGE_CURVE('',#2484,#2500,#2508,.T.);
#2508 = LINE('',#2509,#2510);
#2509 = CARTESIAN_POINT('',(34.58493320954,-94.,8.5810905));
#2510 = VECTOR('',#2511,1.);
#2511 = DIRECTION('',(0.,0.,1.));
#2512 = FACE_BOUND('',#2513,.T.);
#2513 = EDGE_LOOP('',(#2514,#2524,#2532,#2540));
#2514 = ORIENTED_EDGE('',*,*,#2515,.F.);
#2515 = EDGE_CURVE('',#2516,#2518,#2520,.T.);
#2516 = VERTEX_POINT('',#2517);
#2517 = CARTESIAN_POINT('',(19.01284327682,-94.,1.641725));
#2518 = VERTEX_POINT('',#2519);
#2519 = CARTESIAN_POINT('',(22.20537659424,-94.,1.641725));
#2520 = LINE('',#2521,#2522);
#2521 = CARTESIAN_POINT('',(41.68911880516,-94.,1.641725));
#2522 = VECTOR('',#2523,1.);
#2523 = DIRECTION('',(1.,-1.224646799147E-16,0.));
#2524 = ORIENTED_EDGE('',*,*,#2525,.F.);
#2525 = EDGE_CURVE('',#2526,#2516,#2528,.T.);
#2526 = VERTEX_POINT('',#2527);
#2527 = CARTESIAN_POINT('',(19.01284327682,-94.,14.900602));
#2528 = LINE('',#2529,#2530);
#2529 = CARTESIAN_POINT('',(19.01284327682,-94.,15.200301));
#2530 = VECTOR('',#2531,1.);
#2531 = DIRECTION('',(-0.,0.,-1.));
#2532 = ORIENTED_EDGE('',*,*,#2533,.F.);
#2533 = EDGE_CURVE('',#2534,#2526,#2536,.T.);
#2534 = VERTEX_POINT('',#2535);
#2535 = CARTESIAN_POINT('',(22.20537659424,-94.,14.900602));
#2536 = LINE('',#2537,#2538);
#2537 = CARTESIAN_POINT('',(43.09865773634,-94.,14.900602));
#2538 = VECTOR('',#2539,1.);
#2539 = DIRECTION('',(-1.,1.224646799147E-16,0.));
#2540 = ORIENTED_EDGE('',*,*,#2541,.F.);
#2541 = EDGE_CURVE('',#2518,#2534,#2542,.T.);
#2542 = LINE('',#2543,#2544);
#2543 = CARTESIAN_POINT('',(22.20537659424,-94.,8.5708625));
#2544 = VECTOR('',#2545,1.);
#2545 = DIRECTION('',(0.,0.,1.));
#2546 = FACE_BOUND('',#2547,.T.);
#2547 = EDGE_LOOP('',(#2548,#2558,#2566,#2574));
#2548 = ORIENTED_EDGE('',*,*,#2549,.F.);
#2549 = EDGE_CURVE('',#2550,#2552,#2554,.T.);
#2550 = VERTEX_POINT('',#2551);
#2551 = CARTESIAN_POINT('',(8.590709715944,-94.,1.493976));
#2552 = VERTEX_POINT('',#2553);
#2553 = CARTESIAN_POINT('',(11.78324303337,-94.,1.493976));
#2554 = LINE('',#2555,#2556);
#2555 = CARTESIAN_POINT('',(37.08763104,-94.,1.493976));
#2556 = VECTOR('',#2557,1.);
#2557 = DIRECTION('',(1.,-1.224646799147E-16,0.));
#2558 = ORIENTED_EDGE('',*,*,#2559,.F.);
#2559 = EDGE_CURVE('',#2560,#2550,#2562,.T.);
#2560 = VERTEX_POINT('',#2561);
#2561 = CARTESIAN_POINT('',(8.590709715944,-94.,4.333963));
#2562 = LINE('',#2563,#2564);
#2563 = CARTESIAN_POINT('',(8.590709715944,-94.,9.9169815));
#2564 = VECTOR('',#2565,1.);
#2565 = DIRECTION('',(-0.,0.,-1.));
#2566 = ORIENTED_EDGE('',*,*,#2567,.F.);
#2567 = EDGE_CURVE('',#2568,#2560,#2570,.T.);
#2568 = VERTEX_POINT('',#2569);
#2569 = CARTESIAN_POINT('',(11.78324303337,-94.,4.333963));
#2570 = LINE('',#2571,#2572);
#2571 = CARTESIAN_POINT('',(38.49716997118,-94.,4.333963));
#2572 = VECTOR('',#2573,1.);
#2573 = DIRECTION('',(-1.,1.224646799147E-16,0.));
#2574 = ORIENTED_EDGE('',*,*,#2575,.F.);
#2575 = EDGE_CURVE('',#2552,#2568,#2576,.T.);
#2576 = LINE('',#2577,#2578);
#2577 = CARTESIAN_POINT('',(11.78324303337,-94.,8.496988));
#2578 = VECTOR('',#2579,1.);
#2579 = DIRECTION('',(0.,0.,1.));
#2580 = FACE_BOUND('',#2581,.T.);
#2581 = EDGE_LOOP('',(#2582,#2592,#2600,#2608));
#2582 = ORIENTED_EDGE('',*,*,#2583,.F.);
#2583 = EDGE_CURVE('',#2584,#2586,#2588,.T.);
#2584 = VERTEX_POINT('',#2585);
#2585 = CARTESIAN_POINT('',(13.14869166159,-94.,1.787809));
#2586 = VERTEX_POINT('',#2587);
#2587 = CARTESIAN_POINT('',(16.34122497901,-94.,1.787809));
#2588 = LINE('',#2589,#2590);
#2589 = CARTESIAN_POINT('',(39.10003071174,-94.,1.787809));
#2590 = VECTOR('',#2591,1.);
#2591 = DIRECTION('',(1.,-1.224646799147E-16,0.));
#2592 = ORIENTED_EDGE('',*,*,#2593,.F.);
#2593 = EDGE_CURVE('',#2594,#2584,#2596,.T.);
#2594 = VERTEX_POINT('',#2595);
#2595 = CARTESIAN_POINT('',(13.14869166159,-94.,10.757507));
#2596 = LINE('',#2597,#2598);
#2597 = CARTESIAN_POINT('',(13.14869166159,-94.,13.1287535));
#2598 = VECTOR('',#2599,1.);
#2599 = DIRECTION('',(-0.,0.,-1.));
#2600 = ORIENTED_EDGE('',*,*,#2601,.F.);
#2601 = EDGE_CURVE('',#2602,#2594,#2604,.T.);
#2602 = VERTEX_POINT('',#2603);
#2603 = CARTESIAN_POINT('',(16.34122497901,-94.,10.757507));
#2604 = LINE('',#2605,#2606);
#2605 = CARTESIAN_POINT('',(40.50956964292,-94.,10.757507));
#2606 = VECTOR('',#2607,1.);
#2607 = DIRECTION('',(-1.,1.224646799147E-16,0.));
#2608 = ORIENTED_EDGE('',*,*,#2609,.F.);
#2609 = EDGE_CURVE('',#2586,#2602,#2610,.T.);
#2610 = LINE('',#2611,#2612);
#2611 = CARTESIAN_POINT('',(16.34122497901,-94.,8.6439045));
#2612 = VECTOR('',#2613,1.);
#2613 = DIRECTION('',(0.,0.,1.));
#2614 = FACE_BOUND('',#2615,.T.);
#2615 = EDGE_LOOP('',(#2616,#2626,#2634,#2642));
#2616 = ORIENTED_EDGE('',*,*,#2617,.F.);
#2617 = EDGE_CURVE('',#2618,#2620,#2622,.T.);
#2618 = VERTEX_POINT('',#2619);
#2619 = CARTESIAN_POINT('',(25.3796294659,-94.,1.518277));
#2620 = VERTEX_POINT('',#2621);
#2621 = CARTESIAN_POINT('',(28.57216278332,-94.,1.518277));
#2622 = LINE('',#2623,#2624);
#2623 = CARTESIAN_POINT('',(44.5001256476,-94.,1.518277));
#2624 = VECTOR('',#2625,1.);
#2625 = DIRECTION('',(1.,-1.224646799147E-16,0.));
#2626 = ORIENTED_EDGE('',*,*,#2627,.F.);
#2627 = EDGE_CURVE('',#2628,#2618,#2630,.T.);
#2628 = VERTEX_POINT('',#2629);
#2629 = CARTESIAN_POINT('',(25.3796294659,-94.,16.505307));
#2630 = LINE('',#2631,#2632);
#2631 = CARTESIAN_POINT('',(25.3796294659,-94.,16.0026535));
#2632 = VECTOR('',#2633,1.);
#2633 = DIRECTION('',(-0.,0.,-1.));
#2634 = ORIENTED_EDGE('',*,*,#2635,.F.);
#2635 = EDGE_CURVE('',#2636,#2628,#2638,.T.);
#2636 = VERTEX_POINT('',#2637);
#2637 = CARTESIAN_POINT('',(28.57216278332,-94.,16.505307));
#2638 = LINE('',#2639,#2640);
#2639 = CARTESIAN_POINT('',(45.90966457877,-94.,16.505307));
#2640 = VECTOR('',#2641,1.);
#2641 = DIRECTION('',(-1.,1.224646799147E-16,0.));
#2642 = ORIENTED_EDGE('',*,*,#2643,.F.);
#2643 = EDGE_CURVE('',#2620,#2636,#2644,.T.);
#2644 = LINE('',#2645,#2646);
#2645 = CARTESIAN_POINT('',(28.57216278332,-94.,8.5091385));
#2646 = VECTOR('',#2647,1.);
#2647 = DIRECTION('',(0.,0.,1.));
#2648 = PLANE('',#2649);
#2649 = AXIS2_PLACEMENT_3D('',#2650,#2651,#2652);
#2650 = CARTESIAN_POINT('',(56.75,-94.,15.5));
#2651 = DIRECTION('',(-1.224646799147E-16,-1.,0.));
#2652 = DIRECTION('',(0.,0.,1.));
#2653 = ADVANCED_FACE('',(#2654),#2680,.T.);
#2654 = FACE_BOUND('',#2655,.T.);
#2655 = EDGE_LOOP('',(#2656,#2666,#2672,#2673,#2674));
#2656 = ORIENTED_EDGE('',*,*,#2657,.T.);
#2657 = EDGE_CURVE('',#2658,#2660,#2662,.T.);
#2658 = VERTEX_POINT('',#2659);
#2659 = CARTESIAN_POINT('',(102.5,-76.01,1.));
#2660 = VERTEX_POINT('',#2661);
#2661 = CARTESIAN_POINT('',(102.5,-75.5,1.));
#2662 = LINE('',#2663,#2664);
#2663 = CARTESIAN_POINT('',(102.5,-94.,1.));
#2664 = VECTOR('',#2665,1.);
#2665 = DIRECTION('',(1.224646799147E-16,1.,0.));
#2666 = ORIENTED_EDGE('',*,*,#2667,.F.);
#2667 = EDGE_CURVE('',#586,#2660,#2668,.T.);
#2668 = LINE('',#2669,#2670);
#2669 = CARTESIAN_POINT('',(102.5,-75.5,0.));
#2670 = VECTOR('',#2671,1.);
#2671 = DIRECTION('',(0.,0.,1.));
#2672 = ORIENTED_EDGE('',*,*,#585,.F.);
#2673 = ORIENTED_EDGE('',*,*,#1600,.T.);
#2674 = ORIENTED_EDGE('',*,*,#2675,.T.);
#2675 = EDGE_CURVE('',#1593,#2658,#2676,.T.);
#2676 = LINE('',#2677,#2678);
#2677 = CARTESIAN_POINT('',(102.5,-84.005,8.995));
#2678 = VECTOR('',#2679,1.);
#2679 = DIRECTION('',(8.659560562355E-17,0.707106781187,-0.707106781187)
  );
#2680 = PLANE('',#2681);
#2681 = AXIS2_PLACEMENT_3D('',#2682,#2683,#2684);
#2682 = CARTESIAN_POINT('',(102.5,-94.,0.));
#2683 = DIRECTION('',(-1.,1.224646799147E-16,0.));
#2684 = DIRECTION('',(1.224646799147E-16,1.,0.));
#2685 = ADVANCED_FACE('',(#2686),#2705,.T.);
#2686 = FACE_BOUND('',#2687,.T.);
#2687 = EDGE_LOOP('',(#2688,#2689,#2690,#2698));
#2688 = ORIENTED_EDGE('',*,*,#2395,.F.);
#2689 = ORIENTED_EDGE('',*,*,#740,.T.);
#2690 = ORIENTED_EDGE('',*,*,#2691,.T.);
#2691 = EDGE_CURVE('',#733,#2692,#2694,.T.);
#2692 = VERTEX_POINT('',#2693);
#2693 = CARTESIAN_POINT('',(120.5,-87.,31.));
#2694 = LINE('',#2695,#2696);
#2695 = CARTESIAN_POINT('',(120.5,-87.,0.));
#2696 = VECTOR('',#2697,1.);
#2697 = DIRECTION('',(0.,0.,1.));
#2698 = ORIENTED_EDGE('',*,*,#2699,.F.);
#2699 = EDGE_CURVE('',#2396,#2692,#2700,.T.);
#2700 = CIRCLE('',#2701,7.);
#2701 = AXIS2_PLACEMENT_3D('',#2702,#2703,#2704);
#2702 = CARTESIAN_POINT('',(113.5,-87.,31.));
#2703 = DIRECTION('',(0.,0.,1.));
#2704 = DIRECTION('',(-1.224646799147E-16,-1.,0.));
#2705 = CYLINDRICAL_SURFACE('',#2706,7.);
#2706 = AXIS2_PLACEMENT_3D('',#2707,#2708,#2709);
#2707 = CARTESIAN_POINT('',(113.5,-87.,0.));
#2708 = DIRECTION('',(0.,0.,1.));
#2709 = DIRECTION('',(-1.224646799147E-16,-1.,0.));
#2710 = ADVANCED_FACE('',(#2711),#2739,.T.);
#2711 = FACE_BOUND('',#2712,.T.);
#2712 = EDGE_LOOP('',(#2713,#2724,#2730,#2731,#2732));
#2713 = ORIENTED_EDGE('',*,*,#2714,.F.);
#2714 = EDGE_CURVE('',#2715,#2717,#2719,.T.);
#2715 = VERTEX_POINT('',#2716);
#2716 = CARTESIAN_POINT('',(109.5,-68.5,7.99));
#2717 = VERTEX_POINT('',#2718);
#2718 = CARTESIAN_POINT('',(102.51,-75.12596791582,1.));
#2719 = ELLIPSE('',#2720,9.899494936612,7.);
#2720 = AXIS2_PLACEMENT_3D('',#2721,#2722,#2723);
#2721 = CARTESIAN_POINT('',(109.5,-75.5,7.99));
#2722 = DIRECTION('',(-0.707106781187,8.659560562355E-17,0.707106781187)
  );
#2723 = DIRECTION('',(0.707106781187,-8.659560562355E-17,0.707106781187)
  );
#2724 = ORIENTED_EDGE('',*,*,#2725,.F.);
#2725 = EDGE_CURVE('',#594,#2715,#2726,.T.);
#2726 = LINE('',#2727,#2728);
#2727 = CARTESIAN_POINT('',(109.5,-68.5,0.));
#2728 = VECTOR('',#2729,1.);
#2729 = DIRECTION('',(0.,0.,1.));
#2730 = ORIENTED_EDGE('',*,*,#593,.T.);
#2731 = ORIENTED_EDGE('',*,*,#2667,.T.);
#2732 = ORIENTED_EDGE('',*,*,#2733,.F.);
#2733 = EDGE_CURVE('',#2717,#2660,#2734,.T.);
#2734 = CIRCLE('',#2735,7.);
#2735 = AXIS2_PLACEMENT_3D('',#2736,#2737,#2738);
#2736 = CARTESIAN_POINT('',(109.5,-75.5,1.));
#2737 = DIRECTION('',(0.,-0.,1.));
#2738 = DIRECTION('',(1.224646799147E-16,1.,0.));
#2739 = CYLINDRICAL_SURFACE('',#2740,7.);
#2740 = AXIS2_PLACEMENT_3D('',#2741,#2742,#2743);
#2741 = CARTESIAN_POINT('',(109.5,-75.5,0.));
#2742 = DIRECTION('',(0.,0.,1.));
#2743 = DIRECTION('',(1.224646799147E-16,1.,0.));
#2744 = ADVANCED_FACE('',(#2745,#2763,#2774,#2785),#2796,.T.);
#2745 = FACE_BOUND('',#2746,.T.);
#2746 = EDGE_LOOP('',(#2747,#2748,#2749,#2757));
#2747 = ORIENTED_EDGE('',*,*,#2691,.F.);
#2748 = ORIENTED_EDGE('',*,*,#732,.T.);
#2749 = ORIENTED_EDGE('',*,*,#2750,.T.);
#2750 = EDGE_CURVE('',#724,#2751,#2753,.T.);
#2751 = VERTEX_POINT('',#2752);
#2752 = CARTESIAN_POINT('',(120.5,87.,31.));
#2753 = LINE('',#2754,#2755);
#2754 = CARTESIAN_POINT('',(120.5,87.,0.));
#2755 = VECTOR('',#2756,1.);
#2756 = DIRECTION('',(0.,0.,1.));
#2757 = ORIENTED_EDGE('',*,*,#2758,.F.);
#2758 = EDGE_CURVE('',#2692,#2751,#2759,.T.);
#2759 = LINE('',#2760,#2761);
#2760 = CARTESIAN_POINT('',(120.5,-87.,31.));
#2761 = VECTOR('',#2762,1.);
#2762 = DIRECTION('',(1.224646799147E-16,1.,0.));
#2763 = FACE_BOUND('',#2764,.T.);
#2764 = EDGE_LOOP('',(#2765));
#2765 = ORIENTED_EDGE('',*,*,#2766,.F.);
#2766 = EDGE_CURVE('',#2767,#2767,#2769,.T.);
#2767 = VERTEX_POINT('',#2768);
#2768 = CARTESIAN_POINT('',(120.5,-33.2195,17.5522));
#2769 = CIRCLE('',#2770,2.);
#2770 = AXIS2_PLACEMENT_3D('',#2771,#2772,#2773);
#2771 = CARTESIAN_POINT('',(120.5,-35.2195,17.5522));
#2772 = DIRECTION('',(1.,-1.224646799147E-16,0.));
#2773 = DIRECTION('',(1.224646799147E-16,1.,0.));
#2774 = FACE_BOUND('',#2775,.T.);
#2775 = EDGE_LOOP('',(#2776));
#2776 = ORIENTED_EDGE('',*,*,#2777,.F.);
#2777 = EDGE_CURVE('',#2778,#2778,#2780,.T.);
#2778 = VERTEX_POINT('',#2779);
#2779 = CARTESIAN_POINT('',(120.5,-8.3909,17.4194));
#2780 = CIRCLE('',#2781,2.);
#2781 = AXIS2_PLACEMENT_3D('',#2782,#2783,#2784);
#2782 = CARTESIAN_POINT('',(120.5,-10.3909,17.4194));
#2783 = DIRECTION('',(1.,-1.224646799147E-16,0.));
#2784 = DIRECTION('',(1.224646799147E-16,1.,0.));
#2785 = FACE_BOUND('',#2786,.T.);
#2786 = EDGE_LOOP('',(#2787));
#2787 = ORIENTED_EDGE('',*,*,#2788,.F.);
#2788 = EDGE_CURVE('',#2789,#2789,#2791,.T.);
#2789 = VERTEX_POINT('',#2790);
#2790 = CARTESIAN_POINT('',(120.5,15.254906,17.478416));
#2791 = CIRCLE('',#2792,2.);
#2792 = AXIS2_PLACEMENT_3D('',#2793,#2794,#2795);
#2793 = CARTESIAN_POINT('',(120.5,13.254906,17.478416));
#2794 = DIRECTION('',(1.,-1.224646799147E-16,0.));
#2795 = DIRECTION('',(1.224646799147E-16,1.,0.));
#2796 = PLANE('',#2797);
#2797 = AXIS2_PLACEMENT_3D('',#2798,#2799,#2800);
#2798 = CARTESIAN_POINT('',(120.5,-1.475699392973E-14,17.5));
#2799 = DIRECTION('',(1.,-1.224646799147E-16,-0.));
#2800 = DIRECTION('',(-0.,0.,-1.));
#2801 = ADVANCED_FACE('',(#2802),#2828,.T.);
#2802 = FACE_BOUND('',#2803,.T.);
#2803 = EDGE_LOOP('',(#2804,#2812,#2820,#2826,#2827));
#2804 = ORIENTED_EDGE('',*,*,#2805,.F.);
#2805 = EDGE_CURVE('',#2806,#2715,#2808,.T.);
#2806 = VERTEX_POINT('',#2807);
#2807 = CARTESIAN_POINT('',(117.5,-68.5,15.99));
#2808 = LINE('',#2809,#2810);
#2809 = CARTESIAN_POINT('',(106.005,-68.5,4.495));
#2810 = VECTOR('',#2811,1.);
#2811 = DIRECTION('',(-0.707106781187,8.659560562355E-17,-0.707106781187
    ));
#2812 = ORIENTED_EDGE('',*,*,#2813,.F.);
#2813 = EDGE_CURVE('',#2814,#2806,#2816,.T.);
#2814 = VERTEX_POINT('',#2815);
#2815 = CARTESIAN_POINT('',(117.5,-68.5,2.));
#2816 = LINE('',#2817,#2818);
#2817 = CARTESIAN_POINT('',(117.5,-68.5,16.));
#2818 = VECTOR('',#2819,1.);
#2819 = DIRECTION('',(0.,0.,1.));
#2820 = ORIENTED_EDGE('',*,*,#2821,.F.);
#2821 = EDGE_CURVE('',#603,#2814,#2822,.T.);
#2822 = LINE('',#2823,#2824);
#2823 = CARTESIAN_POINT('',(114.75,-68.5,4.75));
#2824 = VECTOR('',#2825,1.);
#2825 = DIRECTION('',(-0.707106781187,8.659560562355E-17,0.707106781187)
  );
#2826 = ORIENTED_EDGE('',*,*,#602,.F.);
#2827 = ORIENTED_EDGE('',*,*,#2725,.T.);
#2828 = PLANE('',#2829);
#2829 = AXIS2_PLACEMENT_3D('',#2830,#2831,#2832);
#2830 = CARTESIAN_POINT('',(102.5,-68.5,0.));
#2831 = DIRECTION('',(1.224646799147E-16,1.,-0.));
#2832 = DIRECTION('',(1.,-1.224646799147E-16,0.));
#2833 = ADVANCED_FACE('',(#2834),#2853,.T.);
#2834 = FACE_BOUND('',#2835,.T.);
#2835 = EDGE_LOOP('',(#2836,#2845,#2846,#2847));
#2836 = ORIENTED_EDGE('',*,*,#2837,.F.);
#2837 = EDGE_CURVE('',#2751,#2838,#2840,.T.);
#2838 = VERTEX_POINT('',#2839);
#2839 = CARTESIAN_POINT('',(113.5,94.,31.));
#2840 = CIRCLE('',#2841,7.);
#2841 = AXIS2_PLACEMENT_3D('',#2842,#2843,#2844);
#2842 = CARTESIAN_POINT('',(113.5,87.,31.));
#2843 = DIRECTION('',(-0.,0.,1.));
#2844 = DIRECTION('',(1.,-1.224646799147E-16,0.));
#2845 = ORIENTED_EDGE('',*,*,#2750,.F.);
#2846 = ORIENTED_EDGE('',*,*,#723,.F.);
#2847 = ORIENTED_EDGE('',*,*,#2848,.T.);
#2848 = EDGE_CURVE('',#716,#2838,#2849,.T.);
#2849 = LINE('',#2850,#2851);
#2850 = CARTESIAN_POINT('',(113.5,94.,0.));
#2851 = VECTOR('',#2852,1.);
#2852 = DIRECTION('',(0.,0.,1.));
#2853 = CYLINDRICAL_SURFACE('',#2854,7.);
#2854 = AXIS2_PLACEMENT_3D('',#2855,#2856,#2857);
#2855 = CARTESIAN_POINT('',(113.5,87.,0.));
#2856 = DIRECTION('',(0.,0.,1.));
#2857 = DIRECTION('',(1.224646799147E-16,1.,0.));
#2858 = ADVANCED_FACE('',(#2859),#2877,.F.);
#2859 = FACE_BOUND('',#2860,.T.);
#2860 = EDGE_LOOP('',(#2861,#2869,#2870,#2871));
#2861 = ORIENTED_EDGE('',*,*,#2862,.F.);
#2862 = EDGE_CURVE('',#611,#2863,#2865,.T.);
#2863 = VERTEX_POINT('',#2864);
#2864 = CARTESIAN_POINT('',(117.5,68.5,2.));
#2865 = LINE('',#2866,#2867);
#2866 = CARTESIAN_POINT('',(119.25,68.5,0.25));
#2867 = VECTOR('',#2868,1.);
#2868 = DIRECTION('',(-0.707106781187,8.659560562355E-17,0.707106781187)
  );
#2869 = ORIENTED_EDGE('',*,*,#610,.T.);
#2870 = ORIENTED_EDGE('',*,*,#2821,.T.);
#2871 = ORIENTED_EDGE('',*,*,#2872,.F.);
#2872 = EDGE_CURVE('',#2863,#2814,#2873,.T.);
#2873 = LINE('',#2874,#2875);
#2874 = CARTESIAN_POINT('',(117.5,68.5,2.));
#2875 = VECTOR('',#2876,1.);
#2876 = DIRECTION('',(-1.224646799147E-16,-1.,-2.2E-16));
#2877 = PLANE('',#2878);
#2878 = AXIS2_PLACEMENT_3D('',#2879,#2880,#2881);
#2879 = CARTESIAN_POINT('',(118.5,68.5,1.));
#2880 = DIRECTION('',(0.707106781187,-8.659560562355E-17,0.707106781187)
  );
#2881 = DIRECTION('',(1.246467991474E-17,1.,1.1E-16));
#2882 = ADVANCED_FACE('',(#2883),#2894,.T.);
#2883 = FACE_BOUND('',#2884,.T.);
#2884 = EDGE_LOOP('',(#2885,#2886,#2887,#2888));
#2885 = ORIENTED_EDGE('',*,*,#2848,.F.);
#2886 = ORIENTED_EDGE('',*,*,#715,.T.);
#2887 = ORIENTED_EDGE('',*,*,#2357,.T.);
#2888 = ORIENTED_EDGE('',*,*,#2889,.F.);
#2889 = EDGE_CURVE('',#2838,#2358,#2890,.T.);
#2890 = LINE('',#2891,#2892);
#2891 = CARTESIAN_POINT('',(113.5,94.,31.));
#2892 = VECTOR('',#2893,1.);
#2893 = DIRECTION('',(-1.,1.224646799147E-16,0.));
#2894 = PLANE('',#2895);
#2895 = AXIS2_PLACEMENT_3D('',#2896,#2897,#2898);
#2896 = CARTESIAN_POINT('',(60.25,94.,17.5));
#2897 = DIRECTION('',(1.224646799147E-16,1.,-0.));
#2898 = DIRECTION('',(-0.,0.,-1.));
#2899 = ADVANCED_FACE('',(#2900),#2926,.T.);
#2900 = FACE_BOUND('',#2901,.T.);
#2901 = EDGE_LOOP('',(#2902,#2912,#2918,#2919,#2920));
#2902 = ORIENTED_EDGE('',*,*,#2903,.T.);
#2903 = EDGE_CURVE('',#2904,#2906,#2908,.T.);
#2904 = VERTEX_POINT('',#2905);
#2905 = CARTESIAN_POINT('',(117.5,68.5,15.99));
#2906 = VERTEX_POINT('',#2907);
#2907 = CARTESIAN_POINT('',(109.5,68.5,7.99));
#2908 = LINE('',#2909,#2910);
#2909 = CARTESIAN_POINT('',(110.505,68.5,8.995));
#2910 = VECTOR('',#2911,1.);
#2911 = DIRECTION('',(-0.707106781187,8.659560562355E-17,-0.707106781187
    ));
#2912 = ORIENTED_EDGE('',*,*,#2913,.F.);
#2913 = EDGE_CURVE('',#619,#2906,#2914,.T.);
#2914 = LINE('',#2915,#2916);
#2915 = CARTESIAN_POINT('',(109.5,68.5,0.));
#2916 = VECTOR('',#2917,1.);
#2917 = DIRECTION('',(0.,0.,1.));
#2918 = ORIENTED_EDGE('',*,*,#618,.F.);
#2919 = ORIENTED_EDGE('',*,*,#2862,.T.);
#2920 = ORIENTED_EDGE('',*,*,#2921,.T.);
#2921 = EDGE_CURVE('',#2863,#2904,#2922,.T.);
#2922 = LINE('',#2923,#2924);
#2923 = CARTESIAN_POINT('',(117.5,68.5,16.));
#2924 = VECTOR('',#2925,1.);
#2925 = DIRECTION('',(0.,0.,1.));
#2926 = PLANE('',#2927);
#2927 = AXIS2_PLACEMENT_3D('',#2928,#2929,#2930);
#2928 = CARTESIAN_POINT('',(120.5,68.5,0.));
#2929 = DIRECTION('',(-1.224646799147E-16,-1.,0.));
#2930 = DIRECTION('',(-1.,1.224646799147E-16,0.));
#2931 = ADVANCED_FACE('',(#2932),#2960,.T.);
#2932 = FACE_BOUND('',#2933,.T.);
#2933 = EDGE_LOOP('',(#2934,#2945,#2951,#2952,#2953));
#2934 = ORIENTED_EDGE('',*,*,#2935,.T.);
#2935 = EDGE_CURVE('',#2936,#2938,#2940,.T.);
#2936 = VERTEX_POINT('',#2937);
#2937 = CARTESIAN_POINT('',(102.51,75.12596791581,1.));
#2938 = VERTEX_POINT('',#2939);
#2939 = CARTESIAN_POINT('',(102.5,75.5,1.));
#2940 = CIRCLE('',#2941,7.);
#2941 = AXIS2_PLACEMENT_3D('',#2942,#2943,#2944);
#2942 = CARTESIAN_POINT('',(109.5,75.5,1.));
#2943 = DIRECTION('',(0.,0.,-1.));
#2944 = DIRECTION('',(1.224646799147E-16,1.,0.));
#2945 = ORIENTED_EDGE('',*,*,#2946,.F.);
#2946 = EDGE_CURVE('',#627,#2938,#2947,.T.);
#2947 = LINE('',#2948,#2949);
#2948 = CARTESIAN_POINT('',(102.5,75.5,0.));
#2949 = VECTOR('',#2950,1.);
#2950 = DIRECTION('',(0.,0.,1.));
#2951 = ORIENTED_EDGE('',*,*,#626,.F.);
#2952 = ORIENTED_EDGE('',*,*,#2913,.T.);
#2953 = ORIENTED_EDGE('',*,*,#2954,.T.);
#2954 = EDGE_CURVE('',#2906,#2936,#2955,.T.);
#2955 = ELLIPSE('',#2956,9.899494936612,7.);
#2956 = AXIS2_PLACEMENT_3D('',#2957,#2958,#2959);
#2957 = CARTESIAN_POINT('',(109.5,75.5,7.99));
#2958 = DIRECTION('',(0.707106781187,-8.659560562355E-17,-0.707106781187
    ));
#2959 = DIRECTION('',(0.707106781187,-8.659560562355E-17,0.707106781187)
  );
#2960 = CYLINDRICAL_SURFACE('',#2961,7.);
#2961 = AXIS2_PLACEMENT_3D('',#2962,#2963,#2964);
#2962 = CARTESIAN_POINT('',(109.5,75.5,0.));
#2963 = DIRECTION('',(0.,0.,1.));
#2964 = DIRECTION('',(-1.224646799147E-16,-1.,0.));
#2965 = ADVANCED_FACE('',(#2966,#2992,#3069),#3146,.F.);
#2966 = FACE_BOUND('',#2967,.F.);
#2967 = EDGE_LOOP('',(#2968,#2976,#2984,#2990,#2991));
#2968 = ORIENTED_EDGE('',*,*,#2969,.F.);
#2969 = EDGE_CURVE('',#2970,#2343,#2972,.T.);
#2970 = VERTEX_POINT('',#2971);
#2971 = CARTESIAN_POINT('',(-9.99999999998E-03,91.,32.));
#2972 = LINE('',#2973,#2974);
#2973 = CARTESIAN_POINT('',(-9.,91.,32.));
#2974 = VECTOR('',#2975,1.);
#2975 = DIRECTION('',(1.,-1.224646799147E-16,0.));
#2976 = ORIENTED_EDGE('',*,*,#2977,.T.);
#2977 = EDGE_CURVE('',#2970,#2978,#2980,.T.);
#2978 = VERTEX_POINT('',#2979);
#2979 = CARTESIAN_POINT('',(-9.,91.,23.01));
#2980 = LINE('',#2981,#2982);
#2981 = CARTESIAN_POINT('',(-4.505,91.,27.505));
#2982 = VECTOR('',#2983,1.);
#2983 = DIRECTION('',(-0.707106781187,8.659560562355E-17,-0.707106781187
    ));
#2984 = ORIENTED_EDGE('',*,*,#2985,.T.);
#2985 = EDGE_CURVE('',#2978,#692,#2986,.T.);
#2986 = LINE('',#2987,#2988);
#2987 = CARTESIAN_POINT('',(-9.,91.,32.));
#2988 = VECTOR('',#2989,1.);
#2989 = DIRECTION('',(-0.,0.,-1.));
#2990 = ORIENTED_EDGE('',*,*,#699,.T.);
#2991 = ORIENTED_EDGE('',*,*,#2350,.T.);
#2992 = FACE_BOUND('',#2993,.F.);
#2993 = EDGE_LOOP('',(#2994,#3004,#3012,#3021,#3029,#3037,#3046,#3054,
    #3062));
#2994 = ORIENTED_EDGE('',*,*,#2995,.T.);
#2995 = EDGE_CURVE('',#2996,#2998,#3000,.T.);
#2996 = VERTEX_POINT('',#2997);
#2997 = CARTESIAN_POINT('',(-3.64474260659,91.,8.15476858634));
#2998 = VERTEX_POINT('',#2999);
#2999 = CARTESIAN_POINT('',(-2.831503201655,91.,8.154768627621));
#3000 = LINE('',#3001,#3002);
#3001 = CARTESIAN_POINT('',(-7.821006883953,91.,8.15476837435));
#3002 = VECTOR('',#3003,1.);
#3003 = DIRECTION('',(1.,-1.224646799147E-16,5.076075748622E-08));
#3004 = ORIENTED_EDGE('',*,*,#3005,.T.);
#3005 = EDGE_CURVE('',#2998,#3006,#3008,.T.);
#3006 = VERTEX_POINT('',#3007);
#3007 = CARTESIAN_POINT('',(-3.238122868372,91.,7.45048262295));
#3008 = LINE('',#3009,#3010);
#3009 = CARTESIAN_POINT('',(1.560078563434,91.,15.761212262029));
#3010 = VECTOR('',#3011,1.);
#3011 = DIRECTION('',(-0.49999995604,6.123233457381E-17,-0.866025429165)
  );
#3012 = ORIENTED_EDGE('',*,*,#3013,.F.);
#3013 = EDGE_CURVE('',#3014,#3006,#3016,.T.);
#3014 = VERTEX_POINT('',#3015);
#3015 = CARTESIAN_POINT('',(-4.330139255753,91.,5.55905453558));
#3016 = CIRCLE('',#3017,1.55);
#3017 = AXIS2_PLACEMENT_3D('',#3018,#3019,#3020);
#3018 = CARTESIAN_POINT('',(-4.736759034144,91.,7.054768530909));
#3019 = DIRECTION('',(-4.252295203646E-16,-1.,-3.737038904755E-16));
#3020 = DIRECTION('',(0.5,1.110223024625E-16,-0.866025403784));
#3021 = ORIENTED_EDGE('',*,*,#3022,.T.);
#3022 = EDGE_CURVE('',#3014,#3023,#3025,.T.);
#3023 = VERTEX_POINT('',#3024);
#3024 = CARTESIAN_POINT('',(-4.736758922469,91.,4.854768530909));
#3025 = LINE('',#3026,#3027);
#3026 = CARTESIAN_POINT('',(1.560078563434,91.,15.761212262029));
#3027 = VECTOR('',#3028,1.);
#3028 = DIRECTION('',(-0.49999995604,6.123233457381E-17,-0.866025429165)
  );
#3029 = ORIENTED_EDGE('',*,*,#3030,.T.);
#3030 = EDGE_CURVE('',#3023,#3031,#3033,.T.);
#3031 = VERTEX_POINT('',#3032);
#3032 = CARTESIAN_POINT('',(-5.143378660687,91.,5.5590544943));
#3033 = LINE('',#3034,#3035);
#3034 = CARTESIAN_POINT('',(-11.1467795063,91.,15.957248558163));
#3035 = VECTOR('',#3036,1.);
#3036 = DIRECTION('',(-0.50000004396,6.123234534096E-17,0.866025378404)
  );
#3037 = ORIENTED_EDGE('',*,*,#3038,.F.);
#3038 = EDGE_CURVE('',#3039,#3031,#3041,.T.);
#3039 = VERTEX_POINT('',#3040);
#3040 = CARTESIAN_POINT('',(-6.23539524009,91.,7.450482470805));
#3041 = CIRCLE('',#3042,1.55);
#3042 = AXIS2_PLACEMENT_3D('',#3043,#3044,#3045);
#3043 = CARTESIAN_POINT('',(-4.736759034144,91.,7.054768530909));
#3044 = DIRECTION('',(-4.252295203646E-16,-1.,-3.737038904755E-16));
#3045 = DIRECTION('',(0.5,1.110223024625E-16,-0.866025403784));
#3046 = ORIENTED_EDGE('',*,*,#3047,.T.);
#3047 = EDGE_CURVE('',#3039,#3048,#3050,.T.);
#3048 = VERTEX_POINT('',#3049);
#3049 = CARTESIAN_POINT('',(-6.642014978307,91.,8.154768434196));
#3050 = LINE('',#3051,#3052);
#3051 = CARTESIAN_POINT('',(-11.1467795063,91.,15.957248558163));
#3052 = VECTOR('',#3053,1.);
#3053 = DIRECTION('',(-0.50000004396,6.123234534096E-17,0.866025378404)
  );
#3054 = ORIENTED_EDGE('',*,*,#3055,.T.);
#3055 = EDGE_CURVE('',#3048,#3056,#3058,.T.);
#3056 = VERTEX_POINT('',#3057);
#3057 = CARTESIAN_POINT('',(-5.828775573373,91.,8.154768475477));
#3058 = LINE('',#3059,#3060);
#3059 = CARTESIAN_POINT('',(-7.821006883953,91.,8.15476837435));
#3060 = VECTOR('',#3061,1.);
#3061 = DIRECTION('',(1.,-1.224646799147E-16,5.076075748622E-08));
#3062 = ORIENTED_EDGE('',*,*,#3063,.F.);
#3063 = EDGE_CURVE('',#2996,#3056,#3064,.T.);
#3064 = CIRCLE('',#3065,1.55);
#3065 = AXIS2_PLACEMENT_3D('',#3066,#3067,#3068);
#3066 = CARTESIAN_POINT('',(-4.736759034144,91.,7.054768530909));
#3067 = DIRECTION('',(-4.252295203646E-16,-1.,-3.737038904755E-16));
#3068 = DIRECTION('',(0.5,1.110223024625E-16,-0.866025403784));
#3069 = FACE_BOUND('',#3070,.F.);
#3070 = EDGE_LOOP('',(#3071,#3081,#3089,#3098,#3106,#3114,#3123,#3131,
    #3139));
#3071 = ORIENTED_EDGE('',*,*,#3072,.T.);
#3072 = EDGE_CURVE('',#3073,#3075,#3077,.T.);
#3073 = VERTEX_POINT('',#3074);
#3074 = CARTESIAN_POINT('',(-3.661532470224,91.,20.003849483207));
#3075 = VERTEX_POINT('',#3076);
#3076 = CARTESIAN_POINT('',(-2.848293065289,91.,20.003849524488));
#3077 = LINE('',#3078,#3079);
#3078 = CARTESIAN_POINT('',(-7.829402116504,91.,20.003849271642));
#3079 = VECTOR('',#3080,1.);
#3080 = DIRECTION('',(1.,-1.224646799147E-16,5.076075748622E-08));
#3081 = ORIENTED_EDGE('',*,*,#3082,.T.);
#3082 = EDGE_CURVE('',#3075,#3083,#3085,.T.);
#3083 = VERTEX_POINT('',#3084);
#3084 = CARTESIAN_POINT('',(-3.254912732006,91.,19.299563519816));
#3085 = LINE('',#3086,#3087);
#3086 = CARTESIAN_POINT('',(-1.020013684293,91.,23.170522674023));
#3087 = VECTOR('',#3088,1.);
#3088 = DIRECTION('',(-0.49999995604,6.123233457381E-17,-0.866025429165)
  );
#3089 = ORIENTED_EDGE('',*,*,#3090,.F.);
#3090 = EDGE_CURVE('',#3091,#3083,#3093,.T.);
#3091 = VERTEX_POINT('',#3092);
#3092 = CARTESIAN_POINT('',(-4.346929119387,91.,17.408135432446));
#3093 = CIRCLE('',#3094,1.55);
#3094 = AXIS2_PLACEMENT_3D('',#3095,#3096,#3097);
#3095 = CARTESIAN_POINT('',(-4.753548897778,91.,18.903849427775));
#3096 = DIRECTION('',(-4.252295203646E-16,-1.,-3.737038904755E-16));
#3097 = DIRECTION('',(0.5,1.110223024625E-16,-0.866025403784));
#3098 = ORIENTED_EDGE('',*,*,#3099,.T.);
#3099 = EDGE_CURVE('',#3091,#3100,#3102,.T.);
#3100 = VERTEX_POINT('',#3101);
#3101 = CARTESIAN_POINT('',(-4.753548786103,91.,16.703849427775));
#3102 = LINE('',#3103,#3104);
#3103 = CARTESIAN_POINT('',(-1.020013684293,91.,23.170522674023));
#3104 = VECTOR('',#3105,1.);
#3105 = DIRECTION('',(-0.49999995604,6.123233457381E-17,-0.866025429165)
  );
#3106 = ORIENTED_EDGE('',*,*,#3107,.T.);
#3107 = EDGE_CURVE('',#3100,#3108,#3110,.T.);
#3108 = VERTEX_POINT('',#3109);
#3109 = CARTESIAN_POINT('',(-5.160168524321,91.,17.408135391166));
#3110 = LINE('',#3111,#3112);
#3111 = CARTESIAN_POINT('',(-8.596069219205,91.,23.359289266827));
#3112 = VECTOR('',#3113,1.);
#3113 = DIRECTION('',(-0.50000004396,6.123234534096E-17,0.866025378404)
  );
#3114 = ORIENTED_EDGE('',*,*,#3115,.F.);
#3115 = EDGE_CURVE('',#3116,#3108,#3118,.T.);
#3116 = VERTEX_POINT('',#3117);
#3117 = CARTESIAN_POINT('',(-6.252185103724,91.,19.299563367671));
#3118 = CIRCLE('',#3119,1.55);
#3119 = AXIS2_PLACEMENT_3D('',#3120,#3121,#3122);
#3120 = CARTESIAN_POINT('',(-4.753548897778,91.,18.903849427775));
#3121 = DIRECTION('',(-4.252295203646E-16,-1.,-3.737038904755E-16));
#3122 = DIRECTION('',(0.5,1.110223024625E-16,-0.866025403784));
#3123 = ORIENTED_EDGE('',*,*,#3124,.T.);
#3124 = EDGE_CURVE('',#3116,#3125,#3127,.T.);
#3125 = VERTEX_POINT('',#3126);
#3126 = CARTESIAN_POINT('',(-6.658804841941,91.,20.003849331062));
#3127 = LINE('',#3128,#3129);
#3128 = CARTESIAN_POINT('',(-8.596069219205,91.,23.359289266827));
#3129 = VECTOR('',#3130,1.);
#3130 = DIRECTION('',(-0.50000004396,6.123234534096E-17,0.866025378404)
  );
#3131 = ORIENTED_EDGE('',*,*,#3132,.T.);
#3132 = EDGE_CURVE('',#3125,#3133,#3135,.T.);
#3133 = VERTEX_POINT('',#3134);
#3134 = CARTESIAN_POINT('',(-5.845565437007,91.,20.003849372343));
#3135 = LINE('',#3136,#3137);
#3136 = CARTESIAN_POINT('',(-7.829402116504,91.,20.003849271642));
#3137 = VECTOR('',#3138,1.);
#3138 = DIRECTION('',(1.,-1.224646799147E-16,5.076075748622E-08));
#3139 = ORIENTED_EDGE('',*,*,#3140,.F.);
#3140 = EDGE_CURVE('',#3073,#3133,#3141,.T.);
#3141 = CIRCLE('',#3142,1.55);
#3142 = AXIS2_PLACEMENT_3D('',#3143,#3144,#3145);
#3143 = CARTESIAN_POINT('',(-4.753548897778,91.,18.903849427775));
#3144 = DIRECTION('',(-4.252295203646E-16,-1.,-3.737038904755E-16));
#3145 = DIRECTION('',(0.5,1.110223024625E-16,-0.866025403784));
#3146 = PLANE('',#3147);
#3147 = AXIS2_PLACEMENT_3D('',#3148,#3149,#3150);
#3148 = CARTESIAN_POINT('',(-9.,91.,32.));
#3149 = DIRECTION('',(-1.224646799147E-16,-1.,0.));
#3150 = DIRECTION('',(1.,-1.224646799147E-16,0.));
#3151 = ADVANCED_FACE('',(#3152),#3186,.T.);
#3152 = FACE_BOUND('',#3153,.T.);
#3153 = EDGE_LOOP('',(#3154,#3162,#3170,#3178,#3184,#3185));
#3154 = ORIENTED_EDGE('',*,*,#3155,.T.);
#3155 = EDGE_CURVE('',#2938,#3156,#3158,.T.);
#3156 = VERTEX_POINT('',#3157);
#3157 = CARTESIAN_POINT('',(102.5,76.01,1.));
#3158 = LINE('',#3159,#3160);
#3159 = CARTESIAN_POINT('',(102.5,68.5,1.));
#3160 = VECTOR('',#3161,1.);
#3161 = DIRECTION('',(1.224646799147E-16,1.,0.));
#3162 = ORIENTED_EDGE('',*,*,#3163,.F.);
#3163 = EDGE_CURVE('',#3164,#3156,#3166,.T.);
#3164 = VERTEX_POINT('',#3165);
#3165 = CARTESIAN_POINT('',(102.5,91.,15.99));
#3166 = LINE('',#3167,#3168);
#3167 = CARTESIAN_POINT('',(102.5,77.63,2.62));
#3168 = VECTOR('',#3169,1.);
#3169 = DIRECTION('',(-8.659560562355E-17,-0.707106781187,
    -0.707106781187));
#3170 = ORIENTED_EDGE('',*,*,#3171,.T.);
#3171 = EDGE_CURVE('',#3164,#3172,#3174,.T.);
#3172 = VERTEX_POINT('',#3173);
#3173 = CARTESIAN_POINT('',(102.5,91.,2.));
#3174 = LINE('',#3175,#3176);
#3175 = CARTESIAN_POINT('',(102.5,91.,8.));
#3176 = VECTOR('',#3177,1.);
#3177 = DIRECTION('',(-0.,0.,-1.));
#3178 = ORIENTED_EDGE('',*,*,#3179,.F.);
#3179 = EDGE_CURVE('',#636,#3172,#3180,.T.);
#3180 = LINE('',#3181,#3182);
#3181 = CARTESIAN_POINT('',(102.5,86.375,6.625));
#3182 = VECTOR('',#3183,1.);
#3183 = DIRECTION('',(-8.659560562355E-17,-0.707106781187,0.707106781187
    ));
#3184 = ORIENTED_EDGE('',*,*,#635,.F.);
#3185 = ORIENTED_EDGE('',*,*,#2946,.T.);
#3186 = PLANE('',#3187);
#3187 = AXIS2_PLACEMENT_3D('',#3188,#3189,#3190);
#3188 = CARTESIAN_POINT('',(102.5,68.5,0.));
#3189 = DIRECTION('',(-1.,1.224646799147E-16,0.));
#3190 = DIRECTION('',(1.224646799147E-16,1.,0.));
#3191 = ADVANCED_FACE('',(#3192),#3210,.F.);
#3192 = FACE_BOUND('',#3193,.F.);
#3193 = EDGE_LOOP('',(#3194,#3202,#3208,#3209));
#3194 = ORIENTED_EDGE('',*,*,#3195,.F.);
#3195 = EDGE_CURVE('',#3196,#2978,#3198,.T.);
#3196 = VERTEX_POINT('',#3197);
#3197 = CARTESIAN_POINT('',(-9.,84.5,23.01));
#3198 = LINE('',#3199,#3200);
#3199 = CARTESIAN_POINT('',(-9.,82.5,23.01));
#3200 = VECTOR('',#3201,1.);
#3201 = DIRECTION('',(1.224646799147E-16,1.,0.));
#3202 = ORIENTED_EDGE('',*,*,#3203,.T.);
#3203 = EDGE_CURVE('',#3196,#684,#3204,.T.);
#3204 = LINE('',#3205,#3206);
#3205 = CARTESIAN_POINT('',(-9.,84.5,23.01));
#3206 = VECTOR('',#3207,1.);
#3207 = DIRECTION('',(-0.,0.,-1.));
#3208 = ORIENTED_EDGE('',*,*,#691,.T.);
#3209 = ORIENTED_EDGE('',*,*,#2985,.F.);
#3210 = PLANE('',#3211);
#3211 = AXIS2_PLACEMENT_3D('',#3212,#3213,#3214);
#3212 = CARTESIAN_POINT('',(-9.,82.5,32.));
#3213 = DIRECTION('',(1.,-1.224646799147E-16,-0.));
#3214 = DIRECTION('',(1.224646799147E-16,1.,0.));
#3215 = ADVANCED_FACE('',(#3216),#3234,.T.);
#3216 = FACE_BOUND('',#3217,.F.);
#3217 = EDGE_LOOP('',(#3218,#3219,#3220,#3228));
#3218 = ORIENTED_EDGE('',*,*,#3179,.F.);
#3219 = ORIENTED_EDGE('',*,*,#643,.T.);
#3220 = ORIENTED_EDGE('',*,*,#3221,.T.);
#3221 = EDGE_CURVE('',#644,#3222,#3224,.T.);
#3222 = VERTEX_POINT('',#3223);
#3223 = CARTESIAN_POINT('',(9.63,91.,2.));
#3224 = LINE('',#3225,#3226);
#3225 = CARTESIAN_POINT('',(19.86,101.23,-8.23));
#3226 = VECTOR('',#3227,1.);
#3227 = DIRECTION('',(-0.57735026919,-0.57735026919,0.57735026919));
#3228 = ORIENTED_EDGE('',*,*,#3229,.F.);
#3229 = EDGE_CURVE('',#3172,#3222,#3230,.T.);
#3230 = LINE('',#3231,#3232);
#3231 = CARTESIAN_POINT('',(102.5,91.,2.));
#3232 = VECTOR('',#3233,1.);
#3233 = DIRECTION('',(-1.,1.224646799147E-16,0.));
#3234 = PLANE('',#3235);
#3235 = AXIS2_PLACEMENT_3D('',#3236,#3237,#3238);
#3236 = CARTESIAN_POINT('',(102.5,92.,1.));
#3237 = DIRECTION('',(-8.659560562355E-17,-0.707106781187,
    -0.707106781187));
#3238 = DIRECTION('',(1.,-1.224646799147E-16,0.));
#3239 = ADVANCED_FACE('',(#3240),#3258,.T.);
#3240 = FACE_BOUND('',#3241,.F.);
#3241 = EDGE_LOOP('',(#3242,#3250,#3256,#3257));
#3242 = ORIENTED_EDGE('',*,*,#3243,.F.);
#3243 = EDGE_CURVE('',#3244,#3196,#3246,.T.);
#3244 = VERTEX_POINT('',#3245);
#3245 = CARTESIAN_POINT('',(-7.,82.5,25.01));
#3246 = LINE('',#3247,#3248);
#3247 = CARTESIAN_POINT('',(-6.835,82.335,25.175));
#3248 = VECTOR('',#3249,1.);
#3249 = DIRECTION('',(-0.57735026919,0.57735026919,-0.57735026919));
#3250 = ORIENTED_EDGE('',*,*,#3251,.T.);
#3251 = EDGE_CURVE('',#3244,#676,#3252,.T.);
#3252 = LINE('',#3253,#3254);
#3253 = CARTESIAN_POINT('',(-7.,82.5,23.01));
#3254 = VECTOR('',#3255,1.);
#3255 = DIRECTION('',(-0.,0.,-1.));
#3256 = ORIENTED_EDGE('',*,*,#683,.T.);
#3257 = ORIENTED_EDGE('',*,*,#3203,.F.);
#3258 = PLANE('',#3259);
#3259 = AXIS2_PLACEMENT_3D('',#3260,#3261,#3262);
#3260 = CARTESIAN_POINT('',(-8.,83.5,23.01));
#3261 = DIRECTION('',(-0.707106781187,-0.707106781187,0.));
#3262 = DIRECTION('',(0.,0.,1.));
#3263 = ADVANCED_FACE('',(#3264),#3289,.T.);
#3264 = FACE_BOUND('',#3265,.F.);
#3265 = EDGE_LOOP('',(#3266,#3267,#3275,#3281,#3282,#3283));
#3266 = ORIENTED_EDGE('',*,*,#1617,.F.);
#3267 = ORIENTED_EDGE('',*,*,#3268,.F.);
#3268 = EDGE_CURVE('',#3269,#1618,#3271,.T.);
#3269 = VERTEX_POINT('',#3270);
#3270 = CARTESIAN_POINT('',(9.63,91.,30.));
#3271 = LINE('',#3272,#3273);
#3272 = CARTESIAN_POINT('',(8.381666666667,89.75166666666,
    31.248333333333));
#3273 = VECTOR('',#3274,1.);
#3274 = DIRECTION('',(-0.57735026919,-0.57735026919,0.57735026919));
#3275 = ORIENTED_EDGE('',*,*,#3276,.T.);
#3276 = EDGE_CURVE('',#3269,#3222,#3277,.T.);
#3277 = LINE('',#3278,#3279);
#3278 = CARTESIAN_POINT('',(9.63,91.,32.));
#3279 = VECTOR('',#3280,1.);
#3280 = DIRECTION('',(-0.,0.,-1.));
#3281 = ORIENTED_EDGE('',*,*,#3221,.F.);
#3282 = ORIENTED_EDGE('',*,*,#651,.T.);
#3283 = ORIENTED_EDGE('',*,*,#3284,.F.);
#3284 = EDGE_CURVE('',#1620,#652,#3285,.T.);
#3285 = LINE('',#3286,#3287);
#3286 = CARTESIAN_POINT('',(6.14,87.51,32.));
#3287 = VECTOR('',#3288,1.);
#3288 = DIRECTION('',(-0.,0.,-1.));
#3289 = PLANE('',#3290);
#3290 = AXIS2_PLACEMENT_3D('',#3291,#3292,#3293);
#3291 = CARTESIAN_POINT('',(7.885,89.255,32.));
#3292 = DIRECTION('',(0.707106781187,-0.707106781187,2.999999999998E-17)
  );
#3293 = DIRECTION('',(-2.121320343558E-17,2.121320343558E-17,1.));
#3294 = ADVANCED_FACE('',(#3295),#3320,.F.);
#3295 = FACE_BOUND('',#3296,.F.);
#3296 = EDGE_LOOP('',(#3297,#3298,#3299,#3307,#3313,#3314));
#3297 = ORIENTED_EDGE('',*,*,#675,.T.);
#3298 = ORIENTED_EDGE('',*,*,#3251,.F.);
#3299 = ORIENTED_EDGE('',*,*,#3300,.F.);
#3300 = EDGE_CURVE('',#3301,#3244,#3303,.T.);
#3301 = VERTEX_POINT('',#3302);
#3302 = CARTESIAN_POINT('',(-9.999999999981E-03,82.5,32.));
#3303 = LINE('',#3304,#3305);
#3304 = CARTESIAN_POINT('',(-0.72,82.5,31.29));
#3305 = VECTOR('',#3306,1.);
#3306 = DIRECTION('',(-0.707106781187,8.659560562355E-17,-0.707106781187
    ));
#3307 = ORIENTED_EDGE('',*,*,#3308,.F.);
#3308 = EDGE_CURVE('',#1644,#3301,#3309,.T.);
#3309 = LINE('',#3310,#3311);
#3310 = CARTESIAN_POINT('',(6.14,82.5,32.));
#3311 = VECTOR('',#3312,1.);
#3312 = DIRECTION('',(-1.,1.224646799147E-16,0.));
#3313 = ORIENTED_EDGE('',*,*,#1643,.F.);
#3314 = ORIENTED_EDGE('',*,*,#3315,.T.);
#3315 = EDGE_CURVE('',#1636,#668,#3316,.T.);
#3316 = LINE('',#3317,#3318);
#3317 = CARTESIAN_POINT('',(1.14,82.5,32.));
#3318 = VECTOR('',#3319,1.);
#3319 = DIRECTION('',(-0.,0.,-1.));
#3320 = PLANE('',#3321);
#3321 = AXIS2_PLACEMENT_3D('',#3322,#3323,#3324);
#3322 = CARTESIAN_POINT('',(6.14,82.5,32.));
#3323 = DIRECTION('',(1.224646799147E-16,1.,0.));
#3324 = DIRECTION('',(-1.,1.224646799147E-16,0.));
#3325 = ADVANCED_FACE('',(#3326),#3337,.F.);
#3326 = FACE_BOUND('',#3327,.F.);
#3327 = EDGE_LOOP('',(#3328,#3329,#3330,#3331));
#3328 = ORIENTED_EDGE('',*,*,#1627,.F.);
#3329 = ORIENTED_EDGE('',*,*,#3284,.T.);
#3330 = ORIENTED_EDGE('',*,*,#659,.T.);
#3331 = ORIENTED_EDGE('',*,*,#3332,.F.);
#3332 = EDGE_CURVE('',#1628,#660,#3333,.T.);
#3333 = LINE('',#3334,#3335);
#3334 = CARTESIAN_POINT('',(6.14,87.5,32.));
#3335 = VECTOR('',#3336,1.);
#3336 = DIRECTION('',(-0.,0.,-1.));
#3337 = PLANE('',#3338);
#3338 = AXIS2_PLACEMENT_3D('',#3339,#3340,#3341);
#3339 = CARTESIAN_POINT('',(6.14,91.,32.));
#3340 = DIRECTION('',(-1.,1.224646799147E-16,0.));
#3341 = DIRECTION('',(-1.224646799147E-16,-1.,0.));
#3342 = ADVANCED_FACE('',(#3343),#3349,.T.);
#3343 = FACE_BOUND('',#3344,.F.);
#3344 = EDGE_LOOP('',(#3345,#3346,#3347,#3348));
#3345 = ORIENTED_EDGE('',*,*,#1635,.F.);
#3346 = ORIENTED_EDGE('',*,*,#3332,.T.);
#3347 = ORIENTED_EDGE('',*,*,#667,.T.);
#3348 = ORIENTED_EDGE('',*,*,#3315,.F.);
#3349 = PLANE('',#3350);
#3350 = AXIS2_PLACEMENT_3D('',#3351,#3352,#3353);
#3351 = CARTESIAN_POINT('',(3.64,85.,32.));
#3352 = DIRECTION('',(0.707106781187,-0.707106781187,0.));
#3353 = DIRECTION('',(0.,0.,1.));
#3354 = ADVANCED_FACE('',(#3355),#3390,.F.);
#3355 = FACE_BOUND('',#3356,.F.);
#3356 = EDGE_LOOP('',(#3357,#3365,#3374,#3383,#3389));
#3357 = ORIENTED_EDGE('',*,*,#3358,.T.);
#3358 = EDGE_CURVE('',#817,#3359,#3361,.T.);
#3359 = VERTEX_POINT('',#3360);
#3360 = CARTESIAN_POINT('',(113.0067140366,84.561380373457,6.845));
#3361 = LINE('',#3362,#3363);
#3362 = CARTESIAN_POINT('',(113.0067140366,84.561380373457,6.845));
#3363 = VECTOR('',#3364,1.);
#3364 = DIRECTION('',(8.659560562355E-17,8.659560562355E-17,1.));
#3365 = ORIENTED_EDGE('',*,*,#3366,.T.);
#3366 = EDGE_CURVE('',#3359,#3367,#3369,.T.);
#3367 = VERTEX_POINT('',#3368);
#3368 = CARTESIAN_POINT('',(111.511,83.418,6.845));
#3369 = CIRCLE('',#3370,1.55);
#3370 = AXIS2_PLACEMENT_3D('',#3371,#3372,#3373);
#3371 = CARTESIAN_POINT('',(111.511,84.968,6.845));
#3372 = DIRECTION('',(-8.659560562355E-17,-8.659560562355E-17,-1.));
#3373 = DIRECTION('',(-2.22044604925E-16,-1.,8.659560562355E-17));
#3374 = ORIENTED_EDGE('',*,*,#3375,.T.);
#3375 = EDGE_CURVE('',#3367,#3376,#3378,.T.);
#3376 = VERTEX_POINT('',#3377);
#3377 = CARTESIAN_POINT('',(111.1152860601,83.469363794054,6.845));
#3378 = CIRCLE('',#3379,1.55);
#3379 = AXIS2_PLACEMENT_3D('',#3380,#3381,#3382);
#3380 = CARTESIAN_POINT('',(111.511,84.968,6.845));
#3381 = DIRECTION('',(-8.659560562355E-17,-8.659560562355E-17,-1.));
#3382 = DIRECTION('',(-2.22044604925E-16,-1.,8.659560562355E-17));
#3383 = ORIENTED_EDGE('',*,*,#3384,.F.);
#3384 = EDGE_CURVE('',#815,#3376,#3385,.T.);
#3385 = LINE('',#3386,#3387);
#3386 = CARTESIAN_POINT('',(111.1152860601,83.469363794054,6.845));
#3387 = VECTOR('',#3388,1.);
#3388 = DIRECTION('',(8.659560562355E-17,8.659560562355E-17,1.));
#3389 = ORIENTED_EDGE('',*,*,#814,.T.);
#3390 = CYLINDRICAL_SURFACE('',#3391,1.55);
#3391 = AXIS2_PLACEMENT_3D('',#3392,#3393,#3394);
#3392 = CARTESIAN_POINT('',(111.511,84.968,6.845));
#3393 = DIRECTION('',(8.659560562355E-17,8.659560562355E-17,1.));
#3394 = DIRECTION('',(-2.22044604925E-16,-1.,8.659560562355E-17));
#3395 = ADVANCED_FACE('',(#3396),#3414,.T.);
#3396 = FACE_BOUND('',#3397,.T.);
#3397 = EDGE_LOOP('',(#3398,#3406,#3407,#3408));
#3398 = ORIENTED_EDGE('',*,*,#3399,.F.);
#3399 = EDGE_CURVE('',#3376,#3400,#3402,.T.);
#3400 = VERTEX_POINT('',#3401);
#3401 = CARTESIAN_POINT('',(110.41100009671,83.062744055837,6.845));
#3402 = LINE('',#3403,#3404);
#3403 = CARTESIAN_POINT('',(113.711,84.968000111674,6.845));
#3404 = VECTOR('',#3405,1.);
#3405 = DIRECTION('',(-0.866025378404,-0.50000004396,1.182917987468E-16)
  );
#3406 = ORIENTED_EDGE('',*,*,#3384,.F.);
#3407 = ORIENTED_EDGE('',*,*,#883,.F.);
#3408 = ORIENTED_EDGE('',*,*,#3409,.F.);
#3409 = EDGE_CURVE('',#3400,#876,#3410,.T.);
#3410 = LINE('',#3411,#3412);
#3411 = CARTESIAN_POINT('',(110.41100009671,83.062744055837,6.845));
#3412 = VECTOR('',#3413,1.);
#3413 = DIRECTION('',(-8.659560562355E-17,-8.659560562355E-17,-1.));
#3414 = PLANE('',#3415);
#3415 = AXIS2_PLACEMENT_3D('',#3416,#3417,#3418);
#3416 = CARTESIAN_POINT('',(113.711,84.968000111674,6.845));
#3417 = DIRECTION('',(-0.50000004396,0.866025378404,-3.169618550974E-17)
  );
#3418 = DIRECTION('',(-0.866025378404,-0.50000004396,1.182917987468E-16)
  );
#3419 = ADVANCED_FACE('',(#3420),#3438,.T.);
#3420 = FACE_BOUND('',#3421,.T.);
#3421 = EDGE_LOOP('',(#3422,#3430,#3431,#3432));
#3422 = ORIENTED_EDGE('',*,*,#3423,.F.);
#3423 = EDGE_CURVE('',#3400,#3424,#3426,.T.);
#3424 = VERTEX_POINT('',#3425);
#3425 = CARTESIAN_POINT('',(110.41100005543,83.875983460771,6.845));
#3426 = LINE('',#3427,#3428);
#3427 = CARTESIAN_POINT('',(110.41100009671,83.062744055837,6.845));
#3428 = VECTOR('',#3429,1.);
#3429 = DIRECTION('',(-5.076101552796E-08,1.,-8.659560122787E-17));
#3430 = ORIENTED_EDGE('',*,*,#3409,.T.);
#3431 = ORIENTED_EDGE('',*,*,#875,.F.);
#3432 = ORIENTED_EDGE('',*,*,#3433,.T.);
#3433 = EDGE_CURVE('',#867,#3424,#3434,.T.);
#3434 = LINE('',#3435,#3436);
#3435 = CARTESIAN_POINT('',(110.41100005543,83.875983460771,6.845));
#3436 = VECTOR('',#3437,1.);
#3437 = DIRECTION('',(8.659560562355E-17,8.659560562355E-17,1.));
#3438 = PLANE('',#3439);
#3439 = AXIS2_PLACEMENT_3D('',#3440,#3441,#3442);
#3440 = CARTESIAN_POINT('',(110.41100009671,83.062744055837,6.845));
#3441 = DIRECTION('',(1.,5.076101552796E-08,-8.659561001923E-17));
#3442 = DIRECTION('',(-5.076101552796E-08,1.,-8.659560122787E-17));
#3443 = ADVANCED_FACE('',(#3444),#3463,.F.);
#3444 = FACE_BOUND('',#3445,.F.);
#3445 = EDGE_LOOP('',(#3446,#3454,#3455,#3456));
#3446 = ORIENTED_EDGE('',*,*,#3447,.F.);
#3447 = EDGE_CURVE('',#859,#3448,#3450,.T.);
#3448 = VERTEX_POINT('',#3449);
#3449 = CARTESIAN_POINT('',(110.41099994456,86.060016427555,6.845));
#3450 = LINE('',#3451,#3452);
#3451 = CARTESIAN_POINT('',(110.41099994456,86.060016427555,6.845));
#3452 = VECTOR('',#3453,1.);
#3453 = DIRECTION('',(8.659560562355E-17,8.659560562355E-17,1.));
#3454 = ORIENTED_EDGE('',*,*,#866,.T.);
#3455 = ORIENTED_EDGE('',*,*,#3433,.T.);
#3456 = ORIENTED_EDGE('',*,*,#3457,.T.);
#3457 = EDGE_CURVE('',#3424,#3448,#3458,.T.);
#3458 = CIRCLE('',#3459,1.55);
#3459 = AXIS2_PLACEMENT_3D('',#3460,#3461,#3462);
#3460 = CARTESIAN_POINT('',(111.511,84.968,6.845));
#3461 = DIRECTION('',(-8.659560562355E-17,-8.659560562355E-17,-1.));
#3462 = DIRECTION('',(-2.22044604925E-16,-1.,8.659560562355E-17));
#3463 = CYLINDRICAL_SURFACE('',#3464,1.55);
#3464 = AXIS2_PLACEMENT_3D('',#3465,#3466,#3467);
#3465 = CARTESIAN_POINT('',(111.511,84.968,6.845));
#3466 = DIRECTION('',(8.659560562355E-17,8.659560562355E-17,1.));
#3467 = DIRECTION('',(-2.22044604925E-16,-1.,8.659560562355E-17));
#3468 = ADVANCED_FACE('',(#3469),#3487,.T.);
#3469 = FACE_BOUND('',#3470,.T.);
#3470 = EDGE_LOOP('',(#3471,#3479,#3480,#3481));
#3471 = ORIENTED_EDGE('',*,*,#3472,.F.);
#3472 = EDGE_CURVE('',#3448,#3473,#3475,.T.);
#3473 = VERTEX_POINT('',#3474);
#3474 = CARTESIAN_POINT('',(110.41099990328,86.873255832489,6.845));
#3475 = LINE('',#3476,#3477);
#3476 = CARTESIAN_POINT('',(110.41100009671,83.062744055837,6.845));
#3477 = VECTOR('',#3478,1.);
#3478 = DIRECTION('',(-5.076101552796E-08,1.,-8.659560122787E-17));
#3479 = ORIENTED_EDGE('',*,*,#3447,.F.);
#3480 = ORIENTED_EDGE('',*,*,#858,.F.);
#3481 = ORIENTED_EDGE('',*,*,#3482,.F.);
#3482 = EDGE_CURVE('',#3473,#851,#3483,.T.);
#3483 = LINE('',#3484,#3485);
#3484 = CARTESIAN_POINT('',(110.41099990328,86.873255832489,6.845));
#3485 = VECTOR('',#3486,1.);
#3486 = DIRECTION('',(-8.659560562355E-17,-8.659560562355E-17,-1.));
#3487 = PLANE('',#3488);
#3488 = AXIS2_PLACEMENT_3D('',#3489,#3490,#3491);
#3489 = CARTESIAN_POINT('',(110.41100009671,83.062744055837,6.845));
#3490 = DIRECTION('',(1.,5.076101552796E-08,-8.659561001923E-17));
#3491 = DIRECTION('',(-5.076101552796E-08,1.,-8.659560122787E-17));
#3492 = ADVANCED_FACE('',(#3493),#3511,.T.);
#3493 = FACE_BOUND('',#3494,.T.);
#3494 = EDGE_LOOP('',(#3495,#3503,#3504,#3505));
#3495 = ORIENTED_EDGE('',*,*,#3496,.F.);
#3496 = EDGE_CURVE('',#3473,#3497,#3499,.T.);
#3497 = VERTEX_POINT('',#3498);
#3498 = CARTESIAN_POINT('',(111.11528590795,86.466636165772,6.845));
#3499 = LINE('',#3500,#3501);
#3500 = CARTESIAN_POINT('',(110.41099990328,86.873255832489,6.845));
#3501 = VECTOR('',#3502,1.);
#3502 = DIRECTION('',(0.866025429165,-0.49999995604,-3.16961975189E-17)
  );
#3503 = ORIENTED_EDGE('',*,*,#3482,.T.);
#3504 = ORIENTED_EDGE('',*,*,#850,.F.);
#3505 = ORIENTED_EDGE('',*,*,#3506,.T.);
#3506 = EDGE_CURVE('',#842,#3497,#3507,.T.);
#3507 = LINE('',#3508,#3509);
#3508 = CARTESIAN_POINT('',(111.11528590795,86.466636165772,6.845));
#3509 = VECTOR('',#3510,1.);
#3510 = DIRECTION('',(8.659560562355E-17,8.659560562355E-17,1.));
#3511 = PLANE('',#3512);
#3512 = AXIS2_PLACEMENT_3D('',#3513,#3514,#3515);
#3513 = CARTESIAN_POINT('',(110.41099990328,86.873255832489,6.845));
#3514 = DIRECTION('',(-0.49999995604,-0.866025429165,1.182917955289E-16)
  );
#3515 = DIRECTION('',(0.866025429165,-0.49999995604,-3.16961975189E-17)
  );
#3516 = ADVANCED_FACE('',(#3517),#3536,.F.);
#3517 = FACE_BOUND('',#3518,.F.);
#3518 = EDGE_LOOP('',(#3519,#3520,#3521,#3530));
#3519 = ORIENTED_EDGE('',*,*,#841,.T.);
#3520 = ORIENTED_EDGE('',*,*,#3506,.T.);
#3521 = ORIENTED_EDGE('',*,*,#3522,.T.);
#3522 = EDGE_CURVE('',#3497,#3523,#3525,.T.);
#3523 = VERTEX_POINT('',#3524);
#3524 = CARTESIAN_POINT('',(113.00671399532,85.374619778391,6.845));
#3525 = CIRCLE('',#3526,1.55);
#3526 = AXIS2_PLACEMENT_3D('',#3527,#3528,#3529);
#3527 = CARTESIAN_POINT('',(111.511,84.968,6.845));
#3528 = DIRECTION('',(-8.659560562355E-17,-8.659560562355E-17,-1.));
#3529 = DIRECTION('',(-2.22044604925E-16,-1.,8.659560562355E-17));
#3530 = ORIENTED_EDGE('',*,*,#3531,.F.);
#3531 = EDGE_CURVE('',#834,#3523,#3532,.T.);
#3532 = LINE('',#3533,#3534);
#3533 = CARTESIAN_POINT('',(113.00671399532,85.374619778391,6.845));
#3534 = VECTOR('',#3535,1.);
#3535 = DIRECTION('',(8.659560562355E-17,8.659560562355E-17,1.));
#3536 = CYLINDRICAL_SURFACE('',#3537,1.55);
#3537 = AXIS2_PLACEMENT_3D('',#3538,#3539,#3540);
#3538 = CARTESIAN_POINT('',(111.511,84.968,6.845));
#3539 = DIRECTION('',(8.659560562355E-17,8.659560562355E-17,1.));
#3540 = DIRECTION('',(-2.22044604925E-16,-1.,8.659560562355E-17));
#3541 = ADVANCED_FACE('',(#3542),#3560,.T.);
#3542 = FACE_BOUND('',#3543,.T.);
#3543 = EDGE_LOOP('',(#3544,#3552,#3553,#3554));
#3544 = ORIENTED_EDGE('',*,*,#3545,.F.);
#3545 = EDGE_CURVE('',#3523,#3546,#3548,.T.);
#3546 = VERTEX_POINT('',#3547);
#3547 = CARTESIAN_POINT('',(113.711,84.968000111674,6.845));
#3548 = LINE('',#3549,#3550);
#3549 = CARTESIAN_POINT('',(110.41099990328,86.873255832489,6.845));
#3550 = VECTOR('',#3551,1.);
#3551 = DIRECTION('',(0.866025429165,-0.49999995604,-3.16961975189E-17)
  );
#3552 = ORIENTED_EDGE('',*,*,#3531,.F.);
#3553 = ORIENTED_EDGE('',*,*,#833,.F.);
#3554 = ORIENTED_EDGE('',*,*,#3555,.F.);
#3555 = EDGE_CURVE('',#3546,#826,#3556,.T.);
#3556 = LINE('',#3557,#3558);
#3557 = CARTESIAN_POINT('',(113.711,84.968000111674,6.845));
#3558 = VECTOR('',#3559,1.);
#3559 = DIRECTION('',(-8.659560562355E-17,-8.659560562355E-17,-1.));
#3560 = PLANE('',#3561);
#3561 = AXIS2_PLACEMENT_3D('',#3562,#3563,#3564);
#3562 = CARTESIAN_POINT('',(110.41099990328,86.873255832489,6.845));
#3563 = DIRECTION('',(-0.49999995604,-0.866025429165,1.182917955289E-16)
  );
#3564 = DIRECTION('',(0.866025429165,-0.49999995604,-3.16961975189E-17)
  );
#3565 = ADVANCED_FACE('',(#3566),#3577,.T.);
#3566 = FACE_BOUND('',#3567,.T.);
#3567 = EDGE_LOOP('',(#3568,#3574,#3575,#3576));
#3568 = ORIENTED_EDGE('',*,*,#3569,.F.);
#3569 = EDGE_CURVE('',#3546,#3359,#3570,.T.);
#3570 = LINE('',#3571,#3572);
#3571 = CARTESIAN_POINT('',(113.711,84.968000111674,6.845));
#3572 = VECTOR('',#3573,1.);
#3573 = DIRECTION('',(-0.866025378404,-0.50000004396,1.182917987468E-16)
  );
#3574 = ORIENTED_EDGE('',*,*,#3555,.T.);
#3575 = ORIENTED_EDGE('',*,*,#825,.F.);
#3576 = ORIENTED_EDGE('',*,*,#3358,.T.);
#3577 = PLANE('',#3578);
#3578 = AXIS2_PLACEMENT_3D('',#3579,#3580,#3581);
#3579 = CARTESIAN_POINT('',(113.711,84.968000111674,6.845));
#3580 = DIRECTION('',(-0.50000004396,0.866025378404,-3.169618550974E-17)
  );
#3581 = DIRECTION('',(-0.866025378404,-0.50000004396,1.182917987468E-16)
  );
#3582 = ADVANCED_FACE('',(#3583),#3596,.T.);
#3583 = FACE_BOUND('',#3584,.T.);
#3584 = EDGE_LOOP('',(#3585,#3586,#3595));
#3585 = ORIENTED_EDGE('',*,*,#891,.F.);
#3586 = ORIENTED_EDGE('',*,*,#3587,.F.);
#3587 = EDGE_CURVE('',#3588,#892,#3590,.T.);
#3588 = VERTEX_POINT('',#3589);
#3589 = CARTESIAN_POINT('',(112.,76.,-3.));
#3590 = CIRCLE('',#3591,3.);
#3591 = AXIS2_PLACEMENT_3D('',#3592,#3593,#3594);
#3592 = CARTESIAN_POINT('',(112.,76.,0.));
#3593 = DIRECTION('',(3.624646799147E-16,1.,-0.));
#3594 = DIRECTION('',(-1.,3.624646799147E-16,0.));
#3595 = ORIENTED_EDGE('',*,*,#3587,.T.);
#3596 = SPHERICAL_SURFACE('',#3597,3.);
#3597 = AXIS2_PLACEMENT_3D('',#3598,#3599,#3600);
#3598 = CARTESIAN_POINT('',(112.,76.,0.));
#3599 = DIRECTION('',(0.,0.,1.));
#3600 = DIRECTION('',(-1.,1.224646799147E-16,0.));
#3601 = ADVANCED_FACE('',(#3602),#3637,.F.);
#3602 = FACE_BOUND('',#3603,.F.);
#3603 = EDGE_LOOP('',(#3604,#3612,#3621,#3630,#3636));
#3604 = ORIENTED_EDGE('',*,*,#3605,.T.);
#3605 = EDGE_CURVE('',#905,#3606,#3608,.T.);
#3606 = VERTEX_POINT('',#3607);
#3607 = CARTESIAN_POINT('',(113.0067140366,-85.39861962654,6.845));
#3608 = LINE('',#3609,#3610);
#3609 = CARTESIAN_POINT('',(113.0067140366,-85.39861962654,6.845));
#3610 = VECTOR('',#3611,1.);
#3611 = DIRECTION('',(8.659560562355E-17,8.659560562355E-17,1.));
#3612 = ORIENTED_EDGE('',*,*,#3613,.T.);
#3613 = EDGE_CURVE('',#3606,#3614,#3616,.T.);
#3614 = VERTEX_POINT('',#3615);
#3615 = CARTESIAN_POINT('',(111.511,-86.542,6.845));
#3616 = CIRCLE('',#3617,1.55);
#3617 = AXIS2_PLACEMENT_3D('',#3618,#3619,#3620);
#3618 = CARTESIAN_POINT('',(111.511,-84.992,6.845));
#3619 = DIRECTION('',(-8.659560562355E-17,-8.659560562355E-17,-1.));
#3620 = DIRECTION('',(-2.22044604925E-16,-1.,8.659560562355E-17));
#3621 = ORIENTED_EDGE('',*,*,#3622,.T.);
#3622 = EDGE_CURVE('',#3614,#3623,#3625,.T.);
#3623 = VERTEX_POINT('',#3624);
#3624 = CARTESIAN_POINT('',(111.1152860601,-86.49063620594,6.845));
#3625 = CIRCLE('',#3626,1.55);
#3626 = AXIS2_PLACEMENT_3D('',#3627,#3628,#3629);
#3627 = CARTESIAN_POINT('',(111.511,-84.992,6.845));
#3628 = DIRECTION('',(-8.659560562355E-17,-8.659560562355E-17,-1.));
#3629 = DIRECTION('',(-2.22044604925E-16,-1.,8.659560562355E-17));
#3630 = ORIENTED_EDGE('',*,*,#3631,.F.);
#3631 = EDGE_CURVE('',#903,#3623,#3632,.T.);
#3632 = LINE('',#3633,#3634);
#3633 = CARTESIAN_POINT('',(111.1152860601,-86.49063620594,6.845));
#3634 = VECTOR('',#3635,1.);
#3635 = DIRECTION('',(8.659560562355E-17,8.659560562355E-17,1.));
#3636 = ORIENTED_EDGE('',*,*,#902,.T.);
#3637 = CYLINDRICAL_SURFACE('',#3638,1.55);
#3638 = AXIS2_PLACEMENT_3D('',#3639,#3640,#3641);
#3639 = CARTESIAN_POINT('',(111.511,-84.992,6.845));
#3640 = DIRECTION('',(8.659560562355E-17,8.659560562355E-17,1.));
#3641 = DIRECTION('',(-2.22044604925E-16,-1.,8.659560562355E-17));
#3642 = ADVANCED_FACE('',(#3643),#3661,.T.);
#3643 = FACE_BOUND('',#3644,.T.);
#3644 = EDGE_LOOP('',(#3645,#3653,#3654,#3655));
#3645 = ORIENTED_EDGE('',*,*,#3646,.F.);
#3646 = EDGE_CURVE('',#3623,#3647,#3649,.T.);
#3647 = VERTEX_POINT('',#3648);
#3648 = CARTESIAN_POINT('',(110.41100009671,-86.89725594416,6.845));
#3649 = LINE('',#3650,#3651);
#3650 = CARTESIAN_POINT('',(113.711,-84.99199988832,6.845));
#3651 = VECTOR('',#3652,1.);
#3652 = DIRECTION('',(-0.866025378404,-0.50000004396,1.182917987468E-16)
  );
#3653 = ORIENTED_EDGE('',*,*,#3631,.F.);
#3654 = ORIENTED_EDGE('',*,*,#971,.F.);
#3655 = ORIENTED_EDGE('',*,*,#3656,.F.);
#3656 = EDGE_CURVE('',#3647,#964,#3657,.T.);
#3657 = LINE('',#3658,#3659);
#3658 = CARTESIAN_POINT('',(110.41100009671,-86.89725594416,6.845));
#3659 = VECTOR('',#3660,1.);
#3660 = DIRECTION('',(-8.659560562355E-17,-8.659560562355E-17,-1.));
#3661 = PLANE('',#3662);
#3662 = AXIS2_PLACEMENT_3D('',#3663,#3664,#3665);
#3663 = CARTESIAN_POINT('',(113.711,-84.99199988832,6.845));
#3664 = DIRECTION('',(-0.50000004396,0.866025378404,-3.169618550974E-17)
  );
#3665 = DIRECTION('',(-0.866025378404,-0.50000004396,1.182917987468E-16)
  );
#3666 = ADVANCED_FACE('',(#3667),#3685,.T.);
#3667 = FACE_BOUND('',#3668,.T.);
#3668 = EDGE_LOOP('',(#3669,#3677,#3678,#3679));
#3669 = ORIENTED_EDGE('',*,*,#3670,.F.);
#3670 = EDGE_CURVE('',#3647,#3671,#3673,.T.);
#3671 = VERTEX_POINT('',#3672);
#3672 = CARTESIAN_POINT('',(110.41100005543,-86.08401653922,6.845));
#3673 = LINE('',#3674,#3675);
#3674 = CARTESIAN_POINT('',(110.41100009671,-86.89725594416,6.845));
#3675 = VECTOR('',#3676,1.);
#3676 = DIRECTION('',(-5.076101552796E-08,1.,-8.659560122787E-17));
#3677 = ORIENTED_EDGE('',*,*,#3656,.T.);
#3678 = ORIENTED_EDGE('',*,*,#963,.F.);
#3679 = ORIENTED_EDGE('',*,*,#3680,.T.);
#3680 = EDGE_CURVE('',#955,#3671,#3681,.T.);
#3681 = LINE('',#3682,#3683);
#3682 = CARTESIAN_POINT('',(110.41100005543,-86.08401653922,6.845));
#3683 = VECTOR('',#3684,1.);
#3684 = DIRECTION('',(8.659560562355E-17,8.659560562355E-17,1.));
#3685 = PLANE('',#3686);
#3686 = AXIS2_PLACEMENT_3D('',#3687,#3688,#3689);
#3687 = CARTESIAN_POINT('',(110.41100009671,-86.89725594416,6.845));
#3688 = DIRECTION('',(1.,5.076101552796E-08,-8.659561001923E-17));
#3689 = DIRECTION('',(-5.076101552796E-08,1.,-8.659560122787E-17));
#3690 = ADVANCED_FACE('',(#3691),#3710,.F.);
#3691 = FACE_BOUND('',#3692,.F.);
#3692 = EDGE_LOOP('',(#3693,#3701,#3702,#3703));
#3693 = ORIENTED_EDGE('',*,*,#3694,.F.);
#3694 = EDGE_CURVE('',#947,#3695,#3697,.T.);
#3695 = VERTEX_POINT('',#3696);
#3696 = CARTESIAN_POINT('',(110.41099994456,-83.89998357244,6.845));
#3697 = LINE('',#3698,#3699);
#3698 = CARTESIAN_POINT('',(110.41099994456,-83.89998357244,6.845));
#3699 = VECTOR('',#3700,1.);
#3700 = DIRECTION('',(8.659560562355E-17,8.659560562355E-17,1.));
#3701 = ORIENTED_EDGE('',*,*,#954,.T.);
#3702 = ORIENTED_EDGE('',*,*,#3680,.T.);
#3703 = ORIENTED_EDGE('',*,*,#3704,.T.);
#3704 = EDGE_CURVE('',#3671,#3695,#3705,.T.);
#3705 = CIRCLE('',#3706,1.55);
#3706 = AXIS2_PLACEMENT_3D('',#3707,#3708,#3709);
#3707 = CARTESIAN_POINT('',(111.511,-84.992,6.845));
#3708 = DIRECTION('',(-8.659560562355E-17,-8.659560562355E-17,-1.));
#3709 = DIRECTION('',(-2.22044604925E-16,-1.,8.659560562355E-17));
#3710 = CYLINDRICAL_SURFACE('',#3711,1.55);
#3711 = AXIS2_PLACEMENT_3D('',#3712,#3713,#3714);
#3712 = CARTESIAN_POINT('',(111.511,-84.992,6.845));
#3713 = DIRECTION('',(8.659560562355E-17,8.659560562355E-17,1.));
#3714 = DIRECTION('',(-2.22044604925E-16,-1.,8.659560562355E-17));
#3715 = ADVANCED_FACE('',(#3716),#3734,.T.);
#3716 = FACE_BOUND('',#3717,.T.);
#3717 = EDGE_LOOP('',(#3718,#3726,#3727,#3728));
#3718 = ORIENTED_EDGE('',*,*,#3719,.F.);
#3719 = EDGE_CURVE('',#3695,#3720,#3722,.T.);
#3720 = VERTEX_POINT('',#3721);
#3721 = CARTESIAN_POINT('',(110.41099990328,-83.08674416751,6.845));
#3722 = LINE('',#3723,#3724);
#3723 = CARTESIAN_POINT('',(110.41100009671,-86.89725594416,6.845));
#3724 = VECTOR('',#3725,1.);
#3725 = DIRECTION('',(-5.076101552796E-08,1.,-8.659560122787E-17));
#3726 = ORIENTED_EDGE('',*,*,#3694,.F.);
#3727 = ORIENTED_EDGE('',*,*,#946,.F.);
#3728 = ORIENTED_EDGE('',*,*,#3729,.F.);
#3729 = EDGE_CURVE('',#3720,#939,#3730,.T.);
#3730 = LINE('',#3731,#3732);
#3731 = CARTESIAN_POINT('',(110.41099990328,-83.08674416751,6.845));
#3732 = VECTOR('',#3733,1.);
#3733 = DIRECTION('',(-8.659560562355E-17,-8.659560562355E-17,-1.));
#3734 = PLANE('',#3735);
#3735 = AXIS2_PLACEMENT_3D('',#3736,#3737,#3738);
#3736 = CARTESIAN_POINT('',(110.41100009671,-86.89725594416,6.845));
#3737 = DIRECTION('',(1.,5.076101552796E-08,-8.659561001923E-17));
#3738 = DIRECTION('',(-5.076101552796E-08,1.,-8.659560122787E-17));
#3739 = ADVANCED_FACE('',(#3740),#3758,.T.);
#3740 = FACE_BOUND('',#3741,.T.);
#3741 = EDGE_LOOP('',(#3742,#3750,#3751,#3752));
#3742 = ORIENTED_EDGE('',*,*,#3743,.F.);
#3743 = EDGE_CURVE('',#3720,#3744,#3746,.T.);
#3744 = VERTEX_POINT('',#3745);
#3745 = CARTESIAN_POINT('',(111.11528590795,-83.49336383422,6.845));
#3746 = LINE('',#3747,#3748);
#3747 = CARTESIAN_POINT('',(110.41099990328,-83.08674416751,6.845));
#3748 = VECTOR('',#3749,1.);
#3749 = DIRECTION('',(0.866025429165,-0.49999995604,-3.16961975189E-17)
  );
#3750 = ORIENTED_EDGE('',*,*,#3729,.T.);
#3751 = ORIENTED_EDGE('',*,*,#938,.F.);
#3752 = ORIENTED_EDGE('',*,*,#3753,.T.);
#3753 = EDGE_CURVE('',#930,#3744,#3754,.T.);
#3754 = LINE('',#3755,#3756);
#3755 = CARTESIAN_POINT('',(111.11528590795,-83.49336383422,6.845));
#3756 = VECTOR('',#3757,1.);
#3757 = DIRECTION('',(8.659560562355E-17,8.659560562355E-17,1.));
#3758 = PLANE('',#3759);
#3759 = AXIS2_PLACEMENT_3D('',#3760,#3761,#3762);
#3760 = CARTESIAN_POINT('',(110.41099990328,-83.08674416751,6.845));
#3761 = DIRECTION('',(-0.49999995604,-0.866025429165,1.182917955289E-16)
  );
#3762 = DIRECTION('',(0.866025429165,-0.49999995604,-3.16961975189E-17)
  );
#3763 = ADVANCED_FACE('',(#3764),#3783,.F.);
#3764 = FACE_BOUND('',#3765,.F.);
#3765 = EDGE_LOOP('',(#3766,#3767,#3768,#3777));
#3766 = ORIENTED_EDGE('',*,*,#929,.T.);
#3767 = ORIENTED_EDGE('',*,*,#3753,.T.);
#3768 = ORIENTED_EDGE('',*,*,#3769,.T.);
#3769 = EDGE_CURVE('',#3744,#3770,#3772,.T.);
#3770 = VERTEX_POINT('',#3771);
#3771 = CARTESIAN_POINT('',(113.00671399532,-84.5853802216,6.845));
#3772 = CIRCLE('',#3773,1.55);
#3773 = AXIS2_PLACEMENT_3D('',#3774,#3775,#3776);
#3774 = CARTESIAN_POINT('',(111.511,-84.992,6.845));
#3775 = DIRECTION('',(-8.659560562355E-17,-8.659560562355E-17,-1.));
#3776 = DIRECTION('',(-2.22044604925E-16,-1.,8.659560562355E-17));
#3777 = ORIENTED_EDGE('',*,*,#3778,.F.);
#3778 = EDGE_CURVE('',#922,#3770,#3779,.T.);
#3779 = LINE('',#3780,#3781);
#3780 = CARTESIAN_POINT('',(113.00671399532,-84.5853802216,6.845));
#3781 = VECTOR('',#3782,1.);
#3782 = DIRECTION('',(8.659560562355E-17,8.659560562355E-17,1.));
#3783 = CYLINDRICAL_SURFACE('',#3784,1.55);
#3784 = AXIS2_PLACEMENT_3D('',#3785,#3786,#3787);
#3785 = CARTESIAN_POINT('',(111.511,-84.992,6.845));
#3786 = DIRECTION('',(8.659560562355E-17,8.659560562355E-17,1.));
#3787 = DIRECTION('',(-2.22044604925E-16,-1.,8.659560562355E-17));
#3788 = ADVANCED_FACE('',(#3789),#3807,.T.);
#3789 = FACE_BOUND('',#3790,.T.);
#3790 = EDGE_LOOP('',(#3791,#3799,#3800,#3801));
#3791 = ORIENTED_EDGE('',*,*,#3792,.F.);
#3792 = EDGE_CURVE('',#3770,#3793,#3795,.T.);
#3793 = VERTEX_POINT('',#3794);
#3794 = CARTESIAN_POINT('',(113.711,-84.99199988832,6.845));
#3795 = LINE('',#3796,#3797);
#3796 = CARTESIAN_POINT('',(110.41099990328,-83.08674416751,6.845));
#3797 = VECTOR('',#3798,1.);
#3798 = DIRECTION('',(0.866025429165,-0.49999995604,-3.16961975189E-17)
  );
#3799 = ORIENTED_EDGE('',*,*,#3778,.F.);
#3800 = ORIENTED_EDGE('',*,*,#921,.F.);
#3801 = ORIENTED_EDGE('',*,*,#3802,.F.);
#3802 = EDGE_CURVE('',#3793,#914,#3803,.T.);
#3803 = LINE('',#3804,#3805);
#3804 = CARTESIAN_POINT('',(113.711,-84.99199988832,6.845));
#3805 = VECTOR('',#3806,1.);
#3806 = DIRECTION('',(-8.659560562355E-17,-8.659560562355E-17,-1.));
#3807 = PLANE('',#3808);
#3808 = AXIS2_PLACEMENT_3D('',#3809,#3810,#3811);
#3809 = CARTESIAN_POINT('',(110.41099990328,-83.08674416751,6.845));
#3810 = DIRECTION('',(-0.49999995604,-0.866025429165,1.182917955289E-16)
  );
#3811 = DIRECTION('',(0.866025429165,-0.49999995604,-3.16961975189E-17)
  );
#3812 = ADVANCED_FACE('',(#3813),#3824,.T.);
#3813 = FACE_BOUND('',#3814,.T.);
#3814 = EDGE_LOOP('',(#3815,#3821,#3822,#3823));
#3815 = ORIENTED_EDGE('',*,*,#3816,.F.);
#3816 = EDGE_CURVE('',#3793,#3606,#3817,.T.);
#3817 = LINE('',#3818,#3819);
#3818 = CARTESIAN_POINT('',(113.711,-84.99199988832,6.845));
#3819 = VECTOR('',#3820,1.);
#3820 = DIRECTION('',(-0.866025378404,-0.50000004396,1.182917987468E-16)
  );
#3821 = ORIENTED_EDGE('',*,*,#3802,.T.);
#3822 = ORIENTED_EDGE('',*,*,#913,.F.);
#3823 = ORIENTED_EDGE('',*,*,#3605,.T.);
#3824 = PLANE('',#3825);
#3825 = AXIS2_PLACEMENT_3D('',#3826,#3827,#3828);
#3826 = CARTESIAN_POINT('',(113.711,-84.99199988832,6.845));
#3827 = DIRECTION('',(-0.50000004396,0.866025378404,-3.169618550974E-17)
  );
#3828 = DIRECTION('',(-0.866025378404,-0.50000004396,1.182917987468E-16)
  );
#3829 = ADVANCED_FACE('',(#3830),#3843,.T.);
#3830 = FACE_BOUND('',#3831,.T.);
#3831 = EDGE_LOOP('',(#3832,#3833,#3842));
#3832 = ORIENTED_EDGE('',*,*,#979,.F.);
#3833 = ORIENTED_EDGE('',*,*,#3834,.F.);
#3834 = EDGE_CURVE('',#3835,#980,#3837,.T.);
#3835 = VERTEX_POINT('',#3836);
#3836 = CARTESIAN_POINT('',(112.,-76.,-3.));
#3837 = CIRCLE('',#3838,3.);
#3838 = AXIS2_PLACEMENT_3D('',#3839,#3840,#3841);
#3839 = CARTESIAN_POINT('',(112.,-76.,0.));
#3840 = DIRECTION('',(3.624646799147E-16,1.,-0.));
#3841 = DIRECTION('',(-1.,3.624646799147E-16,0.));
#3842 = ORIENTED_EDGE('',*,*,#3834,.T.);
#3843 = SPHERICAL_SURFACE('',#3844,3.);
#3844 = AXIS2_PLACEMENT_3D('',#3845,#3846,#3847);
#3845 = CARTESIAN_POINT('',(112.,-76.,0.));
#3846 = DIRECTION('',(0.,0.,1.));
#3847 = DIRECTION('',(-1.,1.224646799147E-16,0.));
#3848 = ADVANCED_FACE('',(#3849),#3861,.F.);
#3849 = FACE_BOUND('',#3850,.F.);
#3850 = EDGE_LOOP('',(#3851,#3852,#3853,#3854,#3855,#3856,#3857,#3858,
    #3859,#3860));
#3851 = ORIENTED_EDGE('',*,*,#1394,.T.);
#3852 = ORIENTED_EDGE('',*,*,#1418,.T.);
#3853 = ORIENTED_EDGE('',*,*,#1205,.T.);
#3854 = ORIENTED_EDGE('',*,*,#1239,.T.);
#3855 = ORIENTED_EDGE('',*,*,#1263,.T.);
#3856 = ORIENTED_EDGE('',*,*,#1296,.T.);
#3857 = ORIENTED_EDGE('',*,*,#1285,.T.);
#3858 = ORIENTED_EDGE('',*,*,#1321,.T.);
#3859 = ORIENTED_EDGE('',*,*,#1345,.T.);
#3860 = ORIENTED_EDGE('',*,*,#1375,.T.);
#3861 = PLANE('',#3862);
#3862 = AXIS2_PLACEMENT_3D('',#3863,#3864,#3865);
#3863 = CARTESIAN_POINT('',(46.608063555109,-88.60316072815,
    13.704546154606));
#3864 = DIRECTION('',(-0.342020143326,-0.939692620786,5.644004321515E-16
    ));
#3865 = DIRECTION('',(0.469846310393,-0.171010071663,0.866025403784));
#3866 = ADVANCED_FACE('',(#3867),#3885,.F.);
#3867 = FACE_BOUND('',#3868,.T.);
#3868 = EDGE_LOOP('',(#3869,#3870,#3871,#3879));
#3869 = ORIENTED_EDGE('',*,*,#1512,.F.);
#3870 = ORIENTED_EDGE('',*,*,#1683,.T.);
#3871 = ORIENTED_EDGE('',*,*,#3872,.T.);
#3872 = EDGE_CURVE('',#1684,#3873,#3875,.T.);
#3873 = VERTEX_POINT('',#3874);
#3874 = CARTESIAN_POINT('',(70.5,-76.5,30.));
#3875 = LINE('',#3876,#3877);
#3876 = CARTESIAN_POINT('',(72.25,-78.25,28.25));
#3877 = VECTOR('',#3878,1.);
#3878 = DIRECTION('',(0.57735026919,-0.57735026919,-0.57735026919));
#3879 = ORIENTED_EDGE('',*,*,#3880,.F.);
#3880 = EDGE_CURVE('',#1513,#3873,#3881,.T.);
#3881 = LINE('',#3882,#3883);
#3882 = CARTESIAN_POINT('',(70.5,-91.,30.));
#3883 = VECTOR('',#3884,1.);
#3884 = DIRECTION('',(1.224646799147E-16,1.,0.));
#3885 = PLANE('',#3886);
#3886 = AXIS2_PLACEMENT_3D('',#3887,#3888,#3889);
#3887 = CARTESIAN_POINT('',(69.5,-91.,31.));
#3888 = DIRECTION('',(0.707106781187,-3.465956056234E-16,0.707106781187)
  );
#3889 = DIRECTION('',(-3.063124430231E-16,-1.,-1.838477631084E-16));
#3890 = ADVANCED_FACE('',(#3891),#3909,.F.);
#3891 = FACE_BOUND('',#3892,.F.);
#3892 = EDGE_LOOP('',(#3893,#3894,#3902,#3908));
#3893 = ORIENTED_EDGE('',*,*,#1520,.T.);
#3894 = ORIENTED_EDGE('',*,*,#3895,.T.);
#3895 = EDGE_CURVE('',#1521,#3896,#3898,.T.);
#3896 = VERTEX_POINT('',#3897);
#3897 = CARTESIAN_POINT('',(70.5,-76.5,17.));
#3898 = LINE('',#3899,#3900);
#3899 = CARTESIAN_POINT('',(70.5,-91.,17.));
#3900 = VECTOR('',#3901,1.);
#3901 = DIRECTION('',(1.224646799147E-16,1.,0.));
#3902 = ORIENTED_EDGE('',*,*,#3903,.F.);
#3903 = EDGE_CURVE('',#3873,#3896,#3904,.T.);
#3904 = LINE('',#3905,#3906);
#3905 = CARTESIAN_POINT('',(70.5,-76.5,32.));
#3906 = VECTOR('',#3907,1.);
#3907 = DIRECTION('',(-0.,0.,-1.));
#3908 = ORIENTED_EDGE('',*,*,#3880,.F.);
#3909 = PLANE('',#3910);
#3910 = AXIS2_PLACEMENT_3D('',#3911,#3912,#3913);
#3911 = CARTESIAN_POINT('',(70.5,-91.,32.));
#3912 = DIRECTION('',(1.,-1.224646799147E-16,-0.));
#3913 = DIRECTION('',(1.224646799147E-16,1.,0.));
#3914 = ADVANCED_FACE('',(#3915),#3956,.F.);
#3915 = FACE_BOUND('',#3916,.F.);
#3916 = EDGE_LOOP('',(#3917,#3925,#3926,#3934,#3940,#3941,#3942,#3950));
#3917 = ORIENTED_EDGE('',*,*,#3918,.F.);
#3918 = EDGE_CURVE('',#1553,#3919,#3921,.T.);
#3919 = VERTEX_POINT('',#3920);
#3920 = CARTESIAN_POINT('',(102.5,-78.5,17.));
#3921 = LINE('',#3922,#3923);
#3922 = CARTESIAN_POINT('',(102.5,-91.,17.));
#3923 = VECTOR('',#3924,1.);
#3924 = DIRECTION('',(1.224646799147E-16,1.,0.));
#3925 = ORIENTED_EDGE('',*,*,#1560,.F.);
#3926 = ORIENTED_EDGE('',*,*,#3927,.F.);
#3927 = EDGE_CURVE('',#3928,#1561,#3930,.T.);
#3928 = VERTEX_POINT('',#3929);
#3929 = CARTESIAN_POINT('',(104.5,-76.5,17.));
#3930 = LINE('',#3931,#3932);
#3931 = CARTESIAN_POINT('',(104.5,-76.5,17.));
#3932 = VECTOR('',#3933,1.);
#3933 = DIRECTION('',(-1.224646799147E-16,-1.,0.));
#3934 = ORIENTED_EDGE('',*,*,#3935,.F.);
#3935 = EDGE_CURVE('',#3896,#3928,#3936,.T.);
#3936 = LINE('',#3937,#3938);
#3937 = CARTESIAN_POINT('',(70.5,-76.5,17.));
#3938 = VECTOR('',#3939,1.);
#3939 = DIRECTION('',(1.,-1.224646799147E-16,0.));
#3940 = ORIENTED_EDGE('',*,*,#3895,.F.);
#3941 = ORIENTED_EDGE('',*,*,#1528,.F.);
#3942 = ORIENTED_EDGE('',*,*,#3943,.F.);
#3943 = EDGE_CURVE('',#3944,#1529,#3946,.T.);
#3944 = VERTEX_POINT('',#3945);
#3945 = CARTESIAN_POINT('',(72.5,-78.5,17.));
#3946 = LINE('',#3947,#3948);
#3947 = CARTESIAN_POINT('',(72.5,-76.5,17.));
#3948 = VECTOR('',#3949,1.);
#3949 = DIRECTION('',(-1.224646799147E-16,-1.,0.));
#3950 = ORIENTED_EDGE('',*,*,#3951,.F.);
#3951 = EDGE_CURVE('',#3919,#3944,#3952,.T.);
#3952 = LINE('',#3953,#3954);
#3953 = CARTESIAN_POINT('',(102.5,-78.5,17.));
#3954 = VECTOR('',#3955,1.);
#3955 = DIRECTION('',(-1.,1.224646799147E-16,0.));
#3956 = PLANE('',#3957);
#3957 = AXIS2_PLACEMENT_3D('',#3958,#3959,#3960);
#3958 = CARTESIAN_POINT('',(87.5,-80.67307692307,17.));
#3959 = DIRECTION('',(0.,0.,1.));
#3960 = DIRECTION('',(-1.,1.224646799147E-16,0.));
#3961 = ADVANCED_FACE('',(#3962),#3980,.F.);
#3962 = FACE_BOUND('',#3963,.F.);
#3963 = EDGE_LOOP('',(#3964,#3965,#3973,#3979));
#3964 = ORIENTED_EDGE('',*,*,#1536,.F.);
#3965 = ORIENTED_EDGE('',*,*,#3966,.F.);
#3966 = EDGE_CURVE('',#3967,#1537,#3969,.T.);
#3967 = VERTEX_POINT('',#3968);
#3968 = CARTESIAN_POINT('',(72.5,-78.5,32.));
#3969 = LINE('',#3970,#3971);
#3970 = CARTESIAN_POINT('',(72.5,-76.5,32.));
#3971 = VECTOR('',#3972,1.);
#3972 = DIRECTION('',(-1.224646799147E-16,-1.,0.));
#3973 = ORIENTED_EDGE('',*,*,#3974,.T.);
#3974 = EDGE_CURVE('',#3967,#3944,#3975,.T.);
#3975 = LINE('',#3976,#3977);
#3976 = CARTESIAN_POINT('',(72.5,-78.5,32.));
#3977 = VECTOR('',#3978,1.);
#3978 = DIRECTION('',(-0.,0.,-1.));
#3979 = ORIENTED_EDGE('',*,*,#3943,.T.);
#3980 = PLANE('',#3981);
#3981 = AXIS2_PLACEMENT_3D('',#3982,#3983,#3984);
#3982 = CARTESIAN_POINT('',(72.5,-78.5,32.));
#3983 = DIRECTION('',(-1.,1.224646799147E-16,0.));
#3984 = DIRECTION('',(-1.224646799147E-16,-1.,0.));
#3985 = ADVANCED_FACE('',(#3986),#4004,.F.);
#3986 = FACE_BOUND('',#3987,.F.);
#3987 = EDGE_LOOP('',(#3988,#3989,#3990,#3998));
#3988 = ORIENTED_EDGE('',*,*,#3966,.T.);
#3989 = ORIENTED_EDGE('',*,*,#1544,.F.);
#3990 = ORIENTED_EDGE('',*,*,#3991,.T.);
#3991 = EDGE_CURVE('',#1545,#3992,#3994,.T.);
#3992 = VERTEX_POINT('',#3993);
#3993 = CARTESIAN_POINT('',(102.5,-78.5,32.));
#3994 = LINE('',#3995,#3996);
#3995 = CARTESIAN_POINT('',(102.5,-91.,32.));
#3996 = VECTOR('',#3997,1.);
#3997 = DIRECTION('',(1.224646799147E-16,1.,0.));
#3998 = ORIENTED_EDGE('',*,*,#3999,.T.);
#3999 = EDGE_CURVE('',#3992,#3967,#4000,.T.);
#4000 = LINE('',#4001,#4002);
#4001 = CARTESIAN_POINT('',(102.5,-78.5,32.));
#4002 = VECTOR('',#4003,1.);
#4003 = DIRECTION('',(-1.,1.224646799147E-16,0.));
#4004 = PLANE('',#4005);
#4005 = AXIS2_PLACEMENT_3D('',#4006,#4007,#4008);
#4006 = CARTESIAN_POINT('',(1.114428587224E-14,91.,32.));
#4007 = DIRECTION('',(-2.694222958124E-32,-2.2E-16,1.));
#4008 = DIRECTION('',(1.,-1.224646799147E-16,0.));
#4009 = ADVANCED_FACE('',(#4010),#4021,.F.);
#4010 = FACE_BOUND('',#4011,.F.);
#4011 = EDGE_LOOP('',(#4012,#4018,#4019,#4020));
#4012 = ORIENTED_EDGE('',*,*,#4013,.F.);
#4013 = EDGE_CURVE('',#3992,#3919,#4014,.T.);
#4014 = LINE('',#4015,#4016);
#4015 = CARTESIAN_POINT('',(102.5,-78.5,32.));
#4016 = VECTOR('',#4017,1.);
#4017 = DIRECTION('',(-0.,0.,-1.));
#4018 = ORIENTED_EDGE('',*,*,#3991,.F.);
#4019 = ORIENTED_EDGE('',*,*,#1552,.T.);
#4020 = ORIENTED_EDGE('',*,*,#3918,.T.);
#4021 = PLANE('',#4022);
#4022 = AXIS2_PLACEMENT_3D('',#4023,#4024,#4025);
#4023 = CARTESIAN_POINT('',(102.5,-91.,32.));
#4024 = DIRECTION('',(1.,-1.224646799147E-16,-0.));
#4025 = DIRECTION('',(1.224646799147E-16,1.,0.));
#4026 = ADVANCED_FACE('',(#4027),#4045,.F.);
#4027 = FACE_BOUND('',#4028,.F.);
#4028 = EDGE_LOOP('',(#4029,#4037,#4038,#4039));
#4029 = ORIENTED_EDGE('',*,*,#4030,.T.);
#4030 = EDGE_CURVE('',#4031,#3928,#4033,.T.);
#4031 = VERTEX_POINT('',#4032);
#4032 = CARTESIAN_POINT('',(104.5,-76.5,30.));
#4033 = LINE('',#4034,#4035);
#4034 = CARTESIAN_POINT('',(104.5,-76.5,32.));
#4035 = VECTOR('',#4036,1.);
#4036 = DIRECTION('',(-0.,0.,-1.));
#4037 = ORIENTED_EDGE('',*,*,#3927,.T.);
#4038 = ORIENTED_EDGE('',*,*,#1568,.F.);
#4039 = ORIENTED_EDGE('',*,*,#4040,.F.);
#4040 = EDGE_CURVE('',#4031,#1569,#4041,.T.);
#4041 = LINE('',#4042,#4043);
#4042 = CARTESIAN_POINT('',(104.5,-76.5,30.));
#4043 = VECTOR('',#4044,1.);
#4044 = DIRECTION('',(-1.224646799147E-16,-1.,0.));
#4045 = PLANE('',#4046);
#4046 = AXIS2_PLACEMENT_3D('',#4047,#4048,#4049);
#4047 = CARTESIAN_POINT('',(104.5,-76.5,32.));
#4048 = DIRECTION('',(-1.,1.224646799147E-16,0.));
#4049 = DIRECTION('',(-1.224646799147E-16,-1.,0.));
#4050 = ADVANCED_FACE('',(#4051),#4067,.T.);
#4051 = FACE_BOUND('',#4052,.T.);
#4052 = EDGE_LOOP('',(#4053,#4054,#4060,#4061));
#4053 = ORIENTED_EDGE('',*,*,#1576,.T.);
#4054 = ORIENTED_EDGE('',*,*,#4055,.T.);
#4055 = EDGE_CURVE('',#1569,#1700,#4056,.T.);
#4056 = LINE('',#4057,#4058);
#4057 = CARTESIAN_POINT('',(109.75,-85.75,35.25));
#4058 = VECTOR('',#4059,1.);
#4059 = DIRECTION('',(0.57735026919,0.57735026919,0.57735026919));
#4060 = ORIENTED_EDGE('',*,*,#1707,.F.);
#4061 = ORIENTED_EDGE('',*,*,#4062,.T.);
#4062 = EDGE_CURVE('',#1708,#1577,#4063,.T.);
#4063 = LINE('',#4064,#4065);
#4064 = CARTESIAN_POINT('',(115.5,-90.,31.));
#4065 = VECTOR('',#4066,1.);
#4066 = DIRECTION('',(1.202340439437E-14,-0.707106781187,-0.707106781187
    ));
#4067 = PLANE('',#4068);
#4068 = AXIS2_PLACEMENT_3D('',#4069,#4070,#4071);
#4069 = CARTESIAN_POINT('',(117.5,-90.,31.));
#4070 = DIRECTION('',(8.659560562355E-17,0.707106781187,-0.707106781187)
  );
#4071 = DIRECTION('',(-1.,1.224646799147E-16,0.));
#4072 = ADVANCED_FACE('',(#4073),#4106,.T.);
#4073 = FACE_BOUND('',#4074,.T.);
#4074 = EDGE_LOOP('',(#4075,#4083,#4084,#4092,#4100));
#4075 = ORIENTED_EDGE('',*,*,#4076,.F.);
#4076 = EDGE_CURVE('',#1585,#4077,#4079,.T.);
#4077 = VERTEX_POINT('',#4078);
#4078 = CARTESIAN_POINT('',(116.5,-90.,14.99));
#4079 = LINE('',#4080,#4081);
#4080 = CARTESIAN_POINT('',(116.165,-90.335,15.325));
#4081 = VECTOR('',#4082,1.);
#4082 = DIRECTION('',(0.57735026919,0.57735026919,-0.57735026919));
#4083 = ORIENTED_EDGE('',*,*,#1584,.T.);
#4084 = ORIENTED_EDGE('',*,*,#4085,.F.);
#4085 = EDGE_CURVE('',#4086,#1577,#4088,.T.);
#4086 = VERTEX_POINT('',#4087);
#4087 = CARTESIAN_POINT('',(117.5,-89.,30.));
#4088 = LINE('',#4089,#4090);
#4089 = CARTESIAN_POINT('',(117.,-89.5,30.));
#4090 = VECTOR('',#4091,1.);
#4091 = DIRECTION('',(-0.707106781187,-0.707106781187,1.085999999999E-14
    ));
#4092 = ORIENTED_EDGE('',*,*,#4093,.F.);
#4093 = EDGE_CURVE('',#4094,#4086,#4096,.T.);
#4094 = VERTEX_POINT('',#4095);
#4095 = CARTESIAN_POINT('',(117.5,-89.,15.99));
#4096 = LINE('',#4097,#4098);
#4097 = CARTESIAN_POINT('',(117.5,-89.,15.99));
#4098 = VECTOR('',#4099,1.);
#4099 = DIRECTION('',(0.,0.,1.));
#4100 = ORIENTED_EDGE('',*,*,#4101,.F.);
#4101 = EDGE_CURVE('',#4077,#4094,#4102,.T.);
#4102 = LINE('',#4103,#4104);
#4103 = CARTESIAN_POINT('',(118.085,-88.415,16.575));
#4104 = VECTOR('',#4105,1.);
#4105 = DIRECTION('',(0.57735026919,0.57735026919,0.57735026919));
#4106 = PLANE('',#4107);
#4107 = AXIS2_PLACEMENT_3D('',#4108,#4109,#4110);
#4108 = CARTESIAN_POINT('',(116.5,-90.,15.99));
#4109 = DIRECTION('',(-0.707106781187,0.707106781187,0.));
#4110 = DIRECTION('',(0.,0.,1.));
#4111 = ADVANCED_FACE('',(#4112),#4131,.F.);
#4112 = FACE_BOUND('',#4113,.T.);
#4113 = EDGE_LOOP('',(#4114,#4115,#4116,#4124,#4130));
#4114 = ORIENTED_EDGE('',*,*,#1592,.T.);
#4115 = ORIENTED_EDGE('',*,*,#4076,.T.);
#4116 = ORIENTED_EDGE('',*,*,#4117,.T.);
#4117 = EDGE_CURVE('',#4077,#4118,#4120,.T.);
#4118 = VERTEX_POINT('',#4119);
#4119 = CARTESIAN_POINT('',(102.51,-76.01,1.));
#4120 = LINE('',#4121,#4122);
#4121 = CARTESIAN_POINT('',(106.2533333333,-79.75333333333,
    4.743333333333));
#4122 = VECTOR('',#4123,1.);
#4123 = DIRECTION('',(-0.57735026919,0.57735026919,-0.57735026919));
#4124 = ORIENTED_EDGE('',*,*,#4125,.F.);
#4125 = EDGE_CURVE('',#2658,#4118,#4126,.T.);
#4126 = LINE('',#4127,#4128);
#4127 = CARTESIAN_POINT('',(102.5,-76.01,1.));
#4128 = VECTOR('',#4129,1.);
#4129 = DIRECTION('',(1.,-1.224646799147E-16,0.));
#4130 = ORIENTED_EDGE('',*,*,#2675,.F.);
#4131 = PLANE('',#4132);
#4132 = AXIS2_PLACEMENT_3D('',#4133,#4134,#4135);
#4133 = CARTESIAN_POINT('',(102.5,-83.505,8.495));
#4134 = DIRECTION('',(-8.659560562355E-17,-0.707106781187,
    -0.707106781187));
#4135 = DIRECTION('',(-1.,1.224646799147E-16,0.));
#4136 = ADVANCED_FACE('',(#4137),#4153,.T.);
#4137 = FACE_BOUND('',#4138,.T.);
#4138 = EDGE_LOOP('',(#4139,#4140,#4141,#4147));
#4139 = ORIENTED_EDGE('',*,*,#3872,.F.);
#4140 = ORIENTED_EDGE('',*,*,#1691,.T.);
#4141 = ORIENTED_EDGE('',*,*,#4142,.T.);
#4142 = EDGE_CURVE('',#1692,#4031,#4143,.T.);
#4143 = LINE('',#4144,#4145);
#4144 = CARTESIAN_POINT('',(99.5,-81.5,25.));
#4145 = VECTOR('',#4146,1.);
#4146 = DIRECTION('',(-0.57735026919,-0.57735026919,-0.57735026919));
#4147 = ORIENTED_EDGE('',*,*,#4148,.F.);
#4148 = EDGE_CURVE('',#3873,#4031,#4149,.T.);
#4149 = LINE('',#4150,#4151);
#4150 = CARTESIAN_POINT('',(70.5,-76.5,30.));
#4151 = VECTOR('',#4152,1.);
#4152 = DIRECTION('',(1.,-1.224646799147E-16,0.));
#4153 = PLANE('',#4154);
#4154 = AXIS2_PLACEMENT_3D('',#4155,#4156,#4157);
#4155 = CARTESIAN_POINT('',(70.5,-75.5,31.));
#4156 = DIRECTION('',(8.659560562355E-17,0.707106781187,-0.707106781187)
  );
#4157 = DIRECTION('',(1.,-1.224646799147E-16,0.));
#4158 = ADVANCED_FACE('',(#4159),#4165,.F.);
#4159 = FACE_BOUND('',#4160,.T.);
#4160 = EDGE_LOOP('',(#4161,#4162,#4163,#4164));
#4161 = ORIENTED_EDGE('',*,*,#4142,.F.);
#4162 = ORIENTED_EDGE('',*,*,#1699,.T.);
#4163 = ORIENTED_EDGE('',*,*,#4055,.F.);
#4164 = ORIENTED_EDGE('',*,*,#4040,.F.);
#4165 = PLANE('',#4166);
#4166 = AXIS2_PLACEMENT_3D('',#4167,#4168,#4169);
#4167 = CARTESIAN_POINT('',(105.5,-76.5,31.));
#4168 = DIRECTION('',(-0.707106781187,-1.434043943763E-16,0.707106781187
    ));
#4169 = DIRECTION('',(-4.016987975807E-17,1.,1.626345596728E-16));
#4170 = ADVANCED_FACE('',(#4171),#4194,.F.);
#4171 = FACE_BOUND('',#4172,.T.);
#4172 = EDGE_LOOP('',(#4173,#4181,#4187,#4188));
#4173 = ORIENTED_EDGE('',*,*,#4174,.T.);
#4174 = EDGE_CURVE('',#4175,#4086,#4177,.T.);
#4175 = VERTEX_POINT('',#4176);
#4176 = CARTESIAN_POINT('',(117.5,89.,30.));
#4177 = LINE('',#4178,#4179);
#4178 = CARTESIAN_POINT('',(117.5,91.,30.));
#4179 = VECTOR('',#4180,1.);
#4180 = DIRECTION('',(-1.224646799147E-16,-1.,-2.2E-16));
#4181 = ORIENTED_EDGE('',*,*,#4182,.T.);
#4182 = EDGE_CURVE('',#4086,#1708,#4183,.T.);
#4183 = LINE('',#4184,#4185);
#4184 = CARTESIAN_POINT('',(117.,-89.,30.5));
#4185 = VECTOR('',#4186,1.);
#4186 = DIRECTION('',(-0.707106781187,1.336595605623E-15,0.707106781187)
  );
#4187 = ORIENTED_EDGE('',*,*,#1715,.F.);
#4188 = ORIENTED_EDGE('',*,*,#4189,.T.);
#4189 = EDGE_CURVE('',#1716,#4175,#4190,.T.);
#4190 = LINE('',#4191,#4192);
#4191 = CARTESIAN_POINT('',(116.5,89.,31.));
#4192 = VECTOR('',#4193,1.);
#4193 = DIRECTION('',(0.707106781187,2.934043943762E-16,-0.707106781187)
  );
#4194 = PLANE('',#4195);
#4195 = AXIS2_PLACEMENT_3D('',#4196,#4197,#4198);
#4196 = CARTESIAN_POINT('',(116.5,91.,31.));
#4197 = DIRECTION('',(0.707106781187,-3.465956056234E-16,0.707106781187)
  );
#4198 = DIRECTION('',(1.963124430231E-16,1.,2.938477631084E-16));
#4199 = ADVANCED_FACE('',(#4200),#4218,.T.);
#4200 = FACE_BOUND('',#4201,.T.);
#4201 = EDGE_LOOP('',(#4202,#4203,#4211,#4217));
#4202 = ORIENTED_EDGE('',*,*,#3268,.F.);
#4203 = ORIENTED_EDGE('',*,*,#4204,.T.);
#4204 = EDGE_CURVE('',#3269,#4205,#4207,.T.);
#4205 = VERTEX_POINT('',#4206);
#4206 = CARTESIAN_POINT('',(115.5,91.,30.));
#4207 = LINE('',#4208,#4209);
#4208 = CARTESIAN_POINT('',(9.63,91.,30.));
#4209 = VECTOR('',#4210,1.);
#4210 = DIRECTION('',(1.,-1.224646799147E-16,0.));
#4211 = ORIENTED_EDGE('',*,*,#4212,.T.);
#4212 = EDGE_CURVE('',#4205,#1716,#4213,.T.);
#4213 = LINE('',#4214,#4215);
#4214 = CARTESIAN_POINT('',(115.5,90.5,30.5));
#4215 = VECTOR('',#4216,1.);
#4216 = DIRECTION('',(-3.765956056234E-16,-0.707106781187,0.707106781187
    ));
#4217 = ORIENTED_EDGE('',*,*,#1723,.F.);
#4218 = PLANE('',#4219);
#4219 = AXIS2_PLACEMENT_3D('',#4220,#4221,#4222);
#4220 = CARTESIAN_POINT('',(9.63,90.,31.));
#4221 = DIRECTION('',(-8.659560562355E-17,-0.707106781187,
    -0.707106781187));
#4222 = DIRECTION('',(1.,-1.224646799147E-16,0.));
#4223 = ADVANCED_FACE('',(#4224),#4243,.T.);
#4224 = FACE_BOUND('',#4225,.T.);
#4225 = EDGE_LOOP('',(#4226,#4234,#4235,#4236));
#4226 = ORIENTED_EDGE('',*,*,#4227,.F.);
#4227 = EDGE_CURVE('',#1732,#4228,#4230,.T.);
#4228 = VERTEX_POINT('',#4229);
#4229 = CARTESIAN_POINT('',(49.117,-68.61,30.));
#4230 = LINE('',#4231,#4232);
#4231 = CARTESIAN_POINT('',(49.117,-68.61,30.));
#4232 = VECTOR('',#4233,1.);
#4233 = DIRECTION('',(0.707106781187,7.340439437635E-17,-0.707106781187)
  );
#4234 = ORIENTED_EDGE('',*,*,#1731,.T.);
#4235 = ORIENTED_EDGE('',*,*,#4227,.T.);
#4236 = ORIENTED_EDGE('',*,*,#4237,.F.);
#4237 = EDGE_CURVE('',#4228,#4228,#4238,.T.);
#4238 = CIRCLE('',#4239,4.);
#4239 = AXIS2_PLACEMENT_3D('',#4240,#4241,#4242);
#4240 = CARTESIAN_POINT('',(53.117,-68.61,30.));
#4241 = DIRECTION('',(2.694222958124E-32,2.2E-16,-1.));
#4242 = DIRECTION('',(-1.,1.224646799147E-16,0.));
#4243 = CONICAL_SURFACE('',#4244,4.,0.785398163397);
#4244 = AXIS2_PLACEMENT_3D('',#4245,#4246,#4247);
#4245 = CARTESIAN_POINT('',(53.117,-68.61,30.));
#4246 = DIRECTION('',(-2.694222958124E-32,-2.2E-16,1.));
#4247 = DIRECTION('',(-1.,1.224646799147E-16,0.));
#4248 = ADVANCED_FACE('',(#4249),#4268,.T.);
#4249 = FACE_BOUND('',#4250,.T.);
#4250 = EDGE_LOOP('',(#4251,#4259,#4260,#4261));
#4251 = ORIENTED_EDGE('',*,*,#4252,.F.);
#4252 = EDGE_CURVE('',#1743,#4253,#4255,.T.);
#4253 = VERTEX_POINT('',#4254);
#4254 = CARTESIAN_POINT('',(49.107,33.11,30.));
#4255 = LINE('',#4256,#4257);
#4256 = CARTESIAN_POINT('',(49.107,33.11,30.));
#4257 = VECTOR('',#4258,1.);
#4258 = DIRECTION('',(0.707106781187,7.340439437635E-17,-0.707106781187)
  );
#4259 = ORIENTED_EDGE('',*,*,#1742,.T.);
#4260 = ORIENTED_EDGE('',*,*,#4252,.T.);
#4261 = ORIENTED_EDGE('',*,*,#4262,.F.);
#4262 = EDGE_CURVE('',#4253,#4253,#4263,.T.);
#4263 = CIRCLE('',#4264,4.);
#4264 = AXIS2_PLACEMENT_3D('',#4265,#4266,#4267);
#4265 = CARTESIAN_POINT('',(53.107,33.11,30.));
#4266 = DIRECTION('',(2.694222958124E-32,2.2E-16,-1.));
#4267 = DIRECTION('',(-1.,1.224646799147E-16,0.));
#4268 = CONICAL_SURFACE('',#4269,4.,0.785398163397);
#4269 = AXIS2_PLACEMENT_3D('',#4270,#4271,#4272);
#4270 = CARTESIAN_POINT('',(53.107,33.11,30.));
#4271 = DIRECTION('',(-2.694222958124E-32,-2.2E-16,1.));
#4272 = DIRECTION('',(-1.,1.224646799147E-16,0.));
#4273 = ADVANCED_FACE('',(#4274),#4285,.T.);
#4274 = FACE_BOUND('',#4275,.T.);
#4275 = EDGE_LOOP('',(#4276,#4277,#4278,#4279));
#4276 = ORIENTED_EDGE('',*,*,#2139,.F.);
#4277 = ORIENTED_EDGE('',*,*,#2335,.F.);
#4278 = ORIENTED_EDGE('',*,*,#1812,.F.);
#4279 = ORIENTED_EDGE('',*,*,#4280,.F.);
#4280 = EDGE_CURVE('',#2142,#1813,#4281,.T.);
#4281 = LINE('',#4282,#4283);
#4282 = CARTESIAN_POINT('',(-1.000000000002E-02,-91.,32.));
#4283 = VECTOR('',#4284,1.);
#4284 = DIRECTION('',(1.224646799147E-16,1.,0.));
#4285 = PLANE('',#4286);
#4286 = AXIS2_PLACEMENT_3D('',#4287,#4288,#4289);
#4287 = CARTESIAN_POINT('',(-1.43,2.859683392268E-14,32.));
#4288 = DIRECTION('',(0.,0.,1.));
#4289 = DIRECTION('',(-1.,1.224646799147E-16,0.));
#4290 = ADVANCED_FACE('',(#4291),#4298,.F.);
#4291 = FACE_BOUND('',#4292,.F.);
#4292 = EDGE_LOOP('',(#4293,#4294,#4295,#4296,#4297));
#4293 = ORIENTED_EDGE('',*,*,#2115,.T.);
#4294 = ORIENTED_EDGE('',*,*,#2091,.F.);
#4295 = ORIENTED_EDGE('',*,*,#1820,.T.);
#4296 = ORIENTED_EDGE('',*,*,#4280,.F.);
#4297 = ORIENTED_EDGE('',*,*,#2157,.F.);
#4298 = PLANE('',#4299);
#4299 = AXIS2_PLACEMENT_3D('',#4300,#4301,#4302);
#4300 = CARTESIAN_POINT('',(-4.505,-91.,27.505));
#4301 = DIRECTION('',(0.707106781187,-8.659560562355E-17,-0.707106781187
    ));
#4302 = DIRECTION('',(1.224646799147E-16,1.,0.));
#4303 = ADVANCED_FACE('',(#4304),#4320,.T.);
#4304 = FACE_BOUND('',#4305,.T.);
#4305 = EDGE_LOOP('',(#4306,#4307,#4313,#4314));
#4306 = ORIENTED_EDGE('',*,*,#1847,.F.);
#4307 = ORIENTED_EDGE('',*,*,#4308,.T.);
#4308 = EDGE_CURVE('',#1848,#2628,#4309,.T.);
#4309 = LINE('',#4310,#4311);
#4310 = CARTESIAN_POINT('',(32.2502512952,-75.12312166638,16.505307));
#4311 = VECTOR('',#4312,1.);
#4312 = DIRECTION('',(-0.342020143326,-0.939692620786,0.));
#4313 = ORIENTED_EDGE('',*,*,#2627,.T.);
#4314 = ORIENTED_EDGE('',*,*,#4315,.F.);
#4315 = EDGE_CURVE('',#1850,#2618,#4316,.T.);
#4316 = LINE('',#4317,#4318);
#4317 = CARTESIAN_POINT('',(32.2502512952,-75.12312166638,1.518277));
#4318 = VECTOR('',#4319,1.);
#4319 = DIRECTION('',(-0.342020143326,-0.939692620786,0.));
#4320 = PLANE('',#4321);
#4321 = AXIS2_PLACEMENT_3D('',#4322,#4323,#4324);
#4322 = CARTESIAN_POINT('',(32.2502512952,-75.12312166638,16.505307));
#4323 = DIRECTION('',(0.939692620786,-0.342020143326,0.));
#4324 = DIRECTION('',(-0.,0.,-1.));
#4325 = ADVANCED_FACE('',(#4326),#4337,.T.);
#4326 = FACE_BOUND('',#4327,.T.);
#4327 = EDGE_LOOP('',(#4328,#4329,#4330,#4331));
#4328 = ORIENTED_EDGE('',*,*,#1857,.F.);
#4329 = ORIENTED_EDGE('',*,*,#4315,.T.);
#4330 = ORIENTED_EDGE('',*,*,#2617,.T.);
#4331 = ORIENTED_EDGE('',*,*,#4332,.F.);
#4332 = EDGE_CURVE('',#1858,#2620,#4333,.T.);
#4333 = LINE('',#4334,#4335);
#4334 = CARTESIAN_POINT('',(35.06932915755,-76.14918209636,1.518277));
#4335 = VECTOR('',#4336,1.);
#4336 = DIRECTION('',(-0.342020143326,-0.939692620786,0.));
#4337 = PLANE('',#4338);
#4338 = AXIS2_PLACEMENT_3D('',#4339,#4340,#4341);
#4339 = CARTESIAN_POINT('',(32.2502512952,-75.12312166638,1.518277));
#4340 = DIRECTION('',(0.,0.,1.));
#4341 = DIRECTION('',(0.939692620786,-0.342020143326,0.));
#4342 = ADVANCED_FACE('',(#4343),#4354,.T.);
#4343 = FACE_BOUND('',#4344,.T.);
#4344 = EDGE_LOOP('',(#4345,#4346,#4347,#4348));
#4345 = ORIENTED_EDGE('',*,*,#1865,.F.);
#4346 = ORIENTED_EDGE('',*,*,#4332,.T.);
#4347 = ORIENTED_EDGE('',*,*,#2643,.T.);
#4348 = ORIENTED_EDGE('',*,*,#4349,.F.);
#4349 = EDGE_CURVE('',#1866,#2636,#4350,.T.);
#4350 = LINE('',#4351,#4352);
#4351 = CARTESIAN_POINT('',(35.06932915755,-76.14918209636,16.505307));
#4352 = VECTOR('',#4353,1.);
#4353 = DIRECTION('',(-0.342020143326,-0.939692620786,0.));
#4354 = PLANE('',#4355);
#4355 = AXIS2_PLACEMENT_3D('',#4356,#4357,#4358);
#4356 = CARTESIAN_POINT('',(35.06932915755,-76.14918209636,1.518277));
#4357 = DIRECTION('',(-0.939692620786,0.342020143326,0.));
#4358 = DIRECTION('',(0.,0.,1.));
#4359 = ADVANCED_FACE('',(#4360),#4366,.T.);
#4360 = FACE_BOUND('',#4361,.T.);
#4361 = EDGE_LOOP('',(#4362,#4363,#4364,#4365));
#4362 = ORIENTED_EDGE('',*,*,#1873,.F.);
#4363 = ORIENTED_EDGE('',*,*,#4349,.T.);
#4364 = ORIENTED_EDGE('',*,*,#2635,.T.);
#4365 = ORIENTED_EDGE('',*,*,#4308,.F.);
#4366 = PLANE('',#4367);
#4367 = AXIS2_PLACEMENT_3D('',#4368,#4369,#4370);
#4368 = CARTESIAN_POINT('',(35.06932915755,-76.14918209636,16.505307));
#4369 = DIRECTION('',(-0.,0.,-1.));
#4370 = DIRECTION('',(-0.939692620786,0.342020143326,0.));
#4371 = ADVANCED_FACE('',(#4372),#4388,.T.);
#4372 = FACE_BOUND('',#4373,.T.);
#4373 = EDGE_LOOP('',(#4374,#4375,#4381,#4382));
#4374 = ORIENTED_EDGE('',*,*,#1881,.F.);
#4375 = ORIENTED_EDGE('',*,*,#4376,.T.);
#4376 = EDGE_CURVE('',#1882,#2594,#4377,.T.);
#4377 = LINE('',#4378,#4379);
#4378 = CARTESIAN_POINT('',(21.45006142348,-71.19217402865,10.757507));
#4379 = VECTOR('',#4380,1.);
#4380 = DIRECTION('',(-0.342020143326,-0.939692620786,0.));
#4381 = ORIENTED_EDGE('',*,*,#2593,.T.);
#4382 = ORIENTED_EDGE('',*,*,#4383,.F.);
#4383 = EDGE_CURVE('',#1884,#2584,#4384,.T.);
#4384 = LINE('',#4385,#4386);
#4385 = CARTESIAN_POINT('',(21.45006142348,-71.19217402865,1.787809));
#4386 = VECTOR('',#4387,1.);
#4387 = DIRECTION('',(-0.342020143326,-0.939692620786,0.));
#4388 = PLANE('',#4389);
#4389 = AXIS2_PLACEMENT_3D('',#4390,#4391,#4392);
#4390 = CARTESIAN_POINT('',(21.45006142348,-71.19217402865,10.757507));
#4391 = DIRECTION('',(0.939692620786,-0.342020143326,0.));
#4392 = DIRECTION('',(-0.,0.,-1.));
#4393 = ADVANCED_FACE('',(#4394),#4405,.T.);
#4394 = FACE_BOUND('',#4395,.T.);
#4395 = EDGE_LOOP('',(#4396,#4397,#4398,#4399));
#4396 = ORIENTED_EDGE('',*,*,#1891,.F.);
#4397 = ORIENTED_EDGE('',*,*,#4383,.T.);
#4398 = ORIENTED_EDGE('',*,*,#2583,.T.);
#4399 = ORIENTED_EDGE('',*,*,#4400,.F.);
#4400 = EDGE_CURVE('',#1892,#2586,#4401,.T.);
#4401 = LINE('',#4402,#4403);
#4402 = CARTESIAN_POINT('',(24.26913928584,-72.21823445863,1.787809));
#4403 = VECTOR('',#4404,1.);
#4404 = DIRECTION('',(-0.342020143326,-0.939692620786,0.));
#4405 = PLANE('',#4406);
#4406 = AXIS2_PLACEMENT_3D('',#4407,#4408,#4409);
#4407 = CARTESIAN_POINT('',(21.45006142348,-71.19217402865,1.787809));
#4408 = DIRECTION('',(0.,0.,1.));
#4409 = DIRECTION('',(0.939692620786,-0.342020143326,0.));
#4410 = ADVANCED_FACE('',(#4411),#4422,.T.);
#4411 = FACE_BOUND('',#4412,.T.);
#4412 = EDGE_LOOP('',(#4413,#4414,#4415,#4416));
#4413 = ORIENTED_EDGE('',*,*,#1899,.F.);
#4414 = ORIENTED_EDGE('',*,*,#4400,.T.);
#4415 = ORIENTED_EDGE('',*,*,#2609,.T.);
#4416 = ORIENTED_EDGE('',*,*,#4417,.F.);
#4417 = EDGE_CURVE('',#1900,#2602,#4418,.T.);
#4418 = LINE('',#4419,#4420);
#4419 = CARTESIAN_POINT('',(24.26913928584,-72.21823445863,10.757507));
#4420 = VECTOR('',#4421,1.);
#4421 = DIRECTION('',(-0.342020143326,-0.939692620786,0.));
#4422 = PLANE('',#4423);
#4423 = AXIS2_PLACEMENT_3D('',#4424,#4425,#4426);
#4424 = CARTESIAN_POINT('',(24.26913928584,-72.21823445863,1.787809));
#4425 = DIRECTION('',(-0.939692620786,0.342020143326,0.));
#4426 = DIRECTION('',(0.,0.,1.));
#4427 = ADVANCED_FACE('',(#4428),#4434,.T.);
#4428 = FACE_BOUND('',#4429,.T.);
#4429 = EDGE_LOOP('',(#4430,#4431,#4432,#4433));
#4430 = ORIENTED_EDGE('',*,*,#1907,.F.);
#4431 = ORIENTED_EDGE('',*,*,#4417,.T.);
#4432 = ORIENTED_EDGE('',*,*,#2601,.T.);
#4433 = ORIENTED_EDGE('',*,*,#4376,.F.);
#4434 = PLANE('',#4435);
#4435 = AXIS2_PLACEMENT_3D('',#4436,#4437,#4438);
#4436 = CARTESIAN_POINT('',(24.26913928584,-72.21823445863,10.757507));
#4437 = DIRECTION('',(-0.,0.,-1.));
#4438 = DIRECTION('',(-0.939692620786,0.342020143326,0.));
#4439 = ADVANCED_FACE('',(#4440),#4456,.T.);
#4440 = FACE_BOUND('',#4441,.T.);
#4441 = EDGE_LOOP('',(#4442,#4443,#4449,#4450));
#4442 = ORIENTED_EDGE('',*,*,#1915,.F.);
#4443 = ORIENTED_EDGE('',*,*,#4444,.T.);
#4444 = EDGE_CURVE('',#1916,#2526,#4445,.T.);
#4445 = LINE('',#4446,#4447);
#4446 = CARTESIAN_POINT('',(26.62823761032,-73.07687602845,14.900602));
#4447 = VECTOR('',#4448,1.);
#4448 = DIRECTION('',(-0.342020143326,-0.939692620786,0.));
#4449 = ORIENTED_EDGE('',*,*,#2525,.T.);
#4450 = ORIENTED_EDGE('',*,*,#4451,.F.);
#4451 = EDGE_CURVE('',#1918,#2516,#4452,.T.);
#4452 = LINE('',#4453,#4454);
#4453 = CARTESIAN_POINT('',(26.62823761032,-73.07687602845,1.641725));
#4454 = VECTOR('',#4455,1.);
#4455 = DIRECTION('',(-0.342020143326,-0.939692620786,0.));
#4456 = PLANE('',#4457);
#4457 = AXIS2_PLACEMENT_3D('',#4458,#4459,#4460);
#4458 = CARTESIAN_POINT('',(26.62823761032,-73.07687602845,14.900602));
#4459 = DIRECTION('',(0.939692620786,-0.342020143326,0.));
#4460 = DIRECTION('',(-0.,0.,-1.));
#4461 = ADVANCED_FACE('',(#4462),#4473,.T.);
#4462 = FACE_BOUND('',#4463,.T.);
#4463 = EDGE_LOOP('',(#4464,#4465,#4466,#4467));
#4464 = ORIENTED_EDGE('',*,*,#1925,.F.);
#4465 = ORIENTED_EDGE('',*,*,#4451,.T.);
#4466 = ORIENTED_EDGE('',*,*,#2515,.T.);
#4467 = ORIENTED_EDGE('',*,*,#4468,.F.);
#4468 = EDGE_CURVE('',#1926,#2518,#4469,.T.);
#4469 = LINE('',#4470,#4471);
#4470 = CARTESIAN_POINT('',(29.44731547268,-74.10293645843,1.641725));
#4471 = VECTOR('',#4472,1.);
#4472 = DIRECTION('',(-0.342020143326,-0.939692620786,0.));
#4473 = PLANE('',#4474);
#4474 = AXIS2_PLACEMENT_3D('',#4475,#4476,#4477);
#4475 = CARTESIAN_POINT('',(26.62823761032,-73.07687602845,1.641725));
#4476 = DIRECTION('',(0.,0.,1.));
#4477 = DIRECTION('',(0.939692620786,-0.342020143326,0.));
#4478 = ADVANCED_FACE('',(#4479),#4490,.T.);
#4479 = FACE_BOUND('',#4480,.T.);
#4480 = EDGE_LOOP('',(#4481,#4482,#4483,#4484));
#4481 = ORIENTED_EDGE('',*,*,#1933,.F.);
#4482 = ORIENTED_EDGE('',*,*,#4468,.T.);
#4483 = ORIENTED_EDGE('',*,*,#2541,.T.);
#4484 = ORIENTED_EDGE('',*,*,#4485,.F.);
#4485 = EDGE_CURVE('',#1934,#2534,#4486,.T.);
#4486 = LINE('',#4487,#4488);
#4487 = CARTESIAN_POINT('',(29.44731547268,-74.10293645843,14.900602));
#4488 = VECTOR('',#4489,1.);
#4489 = DIRECTION('',(-0.342020143326,-0.939692620786,0.));
#4490 = PLANE('',#4491);
#4491 = AXIS2_PLACEMENT_3D('',#4492,#4493,#4494);
#4492 = CARTESIAN_POINT('',(29.44731547268,-74.10293645843,1.641725));
#4493 = DIRECTION('',(-0.939692620786,0.342020143326,0.));
#4494 = DIRECTION('',(0.,0.,1.));
#4495 = ADVANCED_FACE('',(#4496),#4502,.T.);
#4496 = FACE_BOUND('',#4497,.T.);
#4497 = EDGE_LOOP('',(#4498,#4499,#4500,#4501));
#4498 = ORIENTED_EDGE('',*,*,#1941,.F.);
#4499 = ORIENTED_EDGE('',*,*,#4485,.T.);
#4500 = ORIENTED_EDGE('',*,*,#2533,.T.);
#4501 = ORIENTED_EDGE('',*,*,#4444,.F.);
#4502 = PLANE('',#4503);
#4503 = AXIS2_PLACEMENT_3D('',#4504,#4505,#4506);
#4504 = CARTESIAN_POINT('',(29.44731547268,-74.10293645843,14.900602));
#4505 = DIRECTION('',(-0.,0.,-1.));
#4506 = DIRECTION('',(-0.939692620786,0.342020143326,0.));
#4507 = ADVANCED_FACE('',(#4508),#4524,.T.);
#4508 = FACE_BOUND('',#4509,.T.);
#4509 = EDGE_LOOP('',(#4510,#4511,#4517,#4518));
#4510 = ORIENTED_EDGE('',*,*,#1949,.F.);
#4511 = ORIENTED_EDGE('',*,*,#4512,.T.);
#4512 = EDGE_CURVE('',#1950,#2560,#4513,.T.);
#4513 = LINE('',#4514,#4515);
#4514 = CARTESIAN_POINT('',(17.42526208001,-69.72726686873,4.333963));
#4515 = VECTOR('',#4516,1.);
#4516 = DIRECTION('',(-0.342020143326,-0.939692620786,0.));
#4517 = ORIENTED_EDGE('',*,*,#2559,.T.);
#4518 = ORIENTED_EDGE('',*,*,#4519,.F.);
#4519 = EDGE_CURVE('',#1952,#2550,#4520,.T.);
#4520 = LINE('',#4521,#4522);
#4521 = CARTESIAN_POINT('',(17.42526208001,-69.72726686873,1.493976));
#4522 = VECTOR('',#4523,1.);
#4523 = DIRECTION('',(-0.342020143326,-0.939692620786,0.));
#4524 = PLANE('',#4525);
#4525 = AXIS2_PLACEMENT_3D('',#4526,#4527,#4528);
#4526 = CARTESIAN_POINT('',(17.42526208001,-69.72726686873,4.333963));
#4527 = DIRECTION('',(0.939692620786,-0.342020143326,0.));
#4528 = DIRECTION('',(-0.,0.,-1.));
#4529 = ADVANCED_FACE('',(#4530),#4541,.T.);
#4530 = FACE_BOUND('',#4531,.T.);
#4531 = EDGE_LOOP('',(#4532,#4533,#4534,#4535));
#4532 = ORIENTED_EDGE('',*,*,#1959,.F.);
#4533 = ORIENTED_EDGE('',*,*,#4519,.T.);
#4534 = ORIENTED_EDGE('',*,*,#2549,.T.);
#4535 = ORIENTED_EDGE('',*,*,#4536,.F.);
#4536 = EDGE_CURVE('',#1960,#2552,#4537,.T.);
#4537 = LINE('',#4538,#4539);
#4538 = CARTESIAN_POINT('',(20.24433994236,-70.75332729871,1.493976));
#4539 = VECTOR('',#4540,1.);
#4540 = DIRECTION('',(-0.342020143326,-0.939692620786,0.));
#4541 = PLANE('',#4542);
#4542 = AXIS2_PLACEMENT_3D('',#4543,#4544,#4545);
#4543 = CARTESIAN_POINT('',(17.42526208001,-69.72726686873,1.493976));
#4544 = DIRECTION('',(0.,0.,1.));
#4545 = DIRECTION('',(0.939692620786,-0.342020143326,0.));
#4546 = ADVANCED_FACE('',(#4547),#4558,.T.);
#4547 = FACE_BOUND('',#4548,.T.);
#4548 = EDGE_LOOP('',(#4549,#4550,#4551,#4552));
#4549 = ORIENTED_EDGE('',*,*,#1967,.F.);
#4550 = ORIENTED_EDGE('',*,*,#4536,.T.);
#4551 = ORIENTED_EDGE('',*,*,#2575,.T.);
#4552 = ORIENTED_EDGE('',*,*,#4553,.F.);
#4553 = EDGE_CURVE('',#1968,#2568,#4554,.T.);
#4554 = LINE('',#4555,#4556);
#4555 = CARTESIAN_POINT('',(20.24433994236,-70.75332729871,4.333963));
#4556 = VECTOR('',#4557,1.);
#4557 = DIRECTION('',(-0.342020143326,-0.939692620786,0.));
#4558 = PLANE('',#4559);
#4559 = AXIS2_PLACEMENT_3D('',#4560,#4561,#4562);
#4560 = CARTESIAN_POINT('',(20.24433994236,-70.75332729871,1.493976));
#4561 = DIRECTION('',(-0.939692620786,0.342020143326,0.));
#4562 = DIRECTION('',(0.,0.,1.));
#4563 = ADVANCED_FACE('',(#4564),#4570,.T.);
#4564 = FACE_BOUND('',#4565,.T.);
#4565 = EDGE_LOOP('',(#4566,#4567,#4568,#4569));
#4566 = ORIENTED_EDGE('',*,*,#1975,.F.);
#4567 = ORIENTED_EDGE('',*,*,#4553,.T.);
#4568 = ORIENTED_EDGE('',*,*,#2567,.T.);
#4569 = ORIENTED_EDGE('',*,*,#4512,.F.);
#4570 = PLANE('',#4571);
#4571 = AXIS2_PLACEMENT_3D('',#4572,#4573,#4574);
#4572 = CARTESIAN_POINT('',(20.24433994236,-70.75332729871,4.333963));
#4573 = DIRECTION('',(-0.,0.,-1.));
#4574 = DIRECTION('',(-0.939692620786,0.342020143326,0.));
#4575 = ADVANCED_FACE('',(#4576),#4592,.T.);
#4576 = FACE_BOUND('',#4577,.T.);
#4577 = EDGE_LOOP('',(#4578,#4579,#4585,#4586));
#4578 = ORIENTED_EDGE('',*,*,#1983,.F.);
#4579 = ORIENTED_EDGE('',*,*,#4580,.T.);
#4580 = EDGE_CURVE('',#1984,#2492,#4581,.T.);
#4581 = LINE('',#4582,#4583);
#4582 = CARTESIAN_POINT('',(37.55966119469,-77.05558883131,15.419325));
#4583 = VECTOR('',#4584,1.);
#4584 = DIRECTION('',(-0.342020143326,-0.939692620786,0.));
#4585 = ORIENTED_EDGE('',*,*,#2491,.T.);
#4586 = ORIENTED_EDGE('',*,*,#4587,.F.);
#4587 = EDGE_CURVE('',#1986,#2482,#4588,.T.);
#4588 = LINE('',#4589,#4590);
#4589 = CARTESIAN_POINT('',(37.55966119469,-77.05558883131,1.662181));
#4590 = VECTOR('',#4591,1.);
#4591 = DIRECTION('',(-0.342020143326,-0.939692620786,0.));
#4592 = PLANE('',#4593);
#4593 = AXIS2_PLACEMENT_3D('',#4594,#4595,#4596);
#4594 = CARTESIAN_POINT('',(37.55966119469,-77.05558883131,15.419325));
#4595 = DIRECTION('',(0.939692620786,-0.342020143326,0.));
#4596 = DIRECTION('',(-0.,0.,-1.));
#4597 = ADVANCED_FACE('',(#4598),#4609,.T.);
#4598 = FACE_BOUND('',#4599,.T.);
#4599 = EDGE_LOOP('',(#4600,#4601,#4602,#4603));
#4600 = ORIENTED_EDGE('',*,*,#1993,.F.);
#4601 = ORIENTED_EDGE('',*,*,#4587,.T.);
#4602 = ORIENTED_EDGE('',*,*,#2481,.T.);
#4603 = ORIENTED_EDGE('',*,*,#4604,.F.);
#4604 = EDGE_CURVE('',#1994,#2484,#4605,.T.);
#4605 = LINE('',#4606,#4607);
#4606 = CARTESIAN_POINT('',(40.37873905704,-78.08164926129,1.662181));
#4607 = VECTOR('',#4608,1.);
#4608 = DIRECTION('',(-0.342020143326,-0.939692620786,0.));
#4609 = PLANE('',#4610);
#4610 = AXIS2_PLACEMENT_3D('',#4611,#4612,#4613);
#4611 = CARTESIAN_POINT('',(37.55966119469,-77.05558883131,1.662181));
#4612 = DIRECTION('',(0.,0.,1.));
#4613 = DIRECTION('',(0.939692620786,-0.342020143326,0.));
#4614 = ADVANCED_FACE('',(#4615),#4626,.T.);
#4615 = FACE_BOUND('',#4616,.T.);
#4616 = EDGE_LOOP('',(#4617,#4618,#4619,#4620));
#4617 = ORIENTED_EDGE('',*,*,#2001,.F.);
#4618 = ORIENTED_EDGE('',*,*,#4604,.T.);
#4619 = ORIENTED_EDGE('',*,*,#2507,.T.);
#4620 = ORIENTED_EDGE('',*,*,#4621,.F.);
#4621 = EDGE_CURVE('',#2002,#2500,#4622,.T.);
#4622 = LINE('',#4623,#4624);
#4623 = CARTESIAN_POINT('',(40.37873905704,-78.08164926129,15.419325));
#4624 = VECTOR('',#4625,1.);
#4625 = DIRECTION('',(-0.342020143326,-0.939692620786,0.));
#4626 = PLANE('',#4627);
#4627 = AXIS2_PLACEMENT_3D('',#4628,#4629,#4630);
#4628 = CARTESIAN_POINT('',(40.37873905704,-78.08164926129,1.662181));
#4629 = DIRECTION('',(-0.939692620786,0.342020143326,0.));
#4630 = DIRECTION('',(0.,0.,1.));
#4631 = ADVANCED_FACE('',(#4632),#4638,.T.);
#4632 = FACE_BOUND('',#4633,.T.);
#4633 = EDGE_LOOP('',(#4634,#4635,#4636,#4637));
#4634 = ORIENTED_EDGE('',*,*,#2009,.F.);
#4635 = ORIENTED_EDGE('',*,*,#4621,.T.);
#4636 = ORIENTED_EDGE('',*,*,#2499,.T.);
#4637 = ORIENTED_EDGE('',*,*,#4580,.F.);
#4638 = PLANE('',#4639);
#4639 = AXIS2_PLACEMENT_3D('',#4640,#4641,#4642);
#4640 = CARTESIAN_POINT('',(40.37873905704,-78.08164926129,15.419325));
#4641 = DIRECTION('',(-0.,0.,-1.));
#4642 = DIRECTION('',(-0.939692620786,0.342020143326,0.));
#4643 = ADVANCED_FACE('',(#4644),#4660,.T.);
#4644 = FACE_BOUND('',#4645,.T.);
#4645 = EDGE_LOOP('',(#4646,#4647,#4653,#4654));
#4646 = ORIENTED_EDGE('',*,*,#2017,.F.);
#4647 = ORIENTED_EDGE('',*,*,#4648,.T.);
#4648 = EDGE_CURVE('',#2018,#2458,#4649,.T.);
#4649 = LINE('',#4650,#4651);
#4650 = CARTESIAN_POINT('',(43.65078071217,-79.27257502903,11.35901));
#4651 = VECTOR('',#4652,1.);
#4652 = DIRECTION('',(-0.342020143326,-0.939692620786,0.));
#4653 = ORIENTED_EDGE('',*,*,#2457,.T.);
#4654 = ORIENTED_EDGE('',*,*,#4655,.F.);
#4655 = EDGE_CURVE('',#2020,#2448,#4656,.T.);
#4656 = LINE('',#4657,#4658);
#4657 = CARTESIAN_POINT('',(43.65078071217,-79.27257502903,1.732386));
#4658 = VECTOR('',#4659,1.);
#4659 = DIRECTION('',(-0.342020143326,-0.939692620786,0.));
#4660 = PLANE('',#4661);
#4661 = AXIS2_PLACEMENT_3D('',#4662,#4663,#4664);
#4662 = CARTESIAN_POINT('',(43.65078071217,-79.27257502903,11.35901));
#4663 = DIRECTION('',(0.939692620786,-0.342020143326,0.));
#4664 = DIRECTION('',(-0.,0.,-1.));
#4665 = ADVANCED_FACE('',(#4666),#4677,.T.);
#4666 = FACE_BOUND('',#4667,.T.);
#4667 = EDGE_LOOP('',(#4668,#4669,#4670,#4671));
#4668 = ORIENTED_EDGE('',*,*,#2027,.F.);
#4669 = ORIENTED_EDGE('',*,*,#4655,.T.);
#4670 = ORIENTED_EDGE('',*,*,#2447,.T.);
#4671 = ORIENTED_EDGE('',*,*,#4672,.F.);
#4672 = EDGE_CURVE('',#2028,#2450,#4673,.T.);
#4673 = LINE('',#4674,#4675);
#4674 = CARTESIAN_POINT('',(46.46985857453,-80.29863545901,1.732386));
#4675 = VECTOR('',#4676,1.);
#4676 = DIRECTION('',(-0.342020143326,-0.939692620786,0.));
#4677 = PLANE('',#4678);
#4678 = AXIS2_PLACEMENT_3D('',#4679,#4680,#4681);
#4679 = CARTESIAN_POINT('',(43.65078071217,-79.27257502903,1.732386));
#4680 = DIRECTION('',(0.,0.,1.));
#4681 = DIRECTION('',(0.939692620786,-0.342020143326,0.));
#4682 = ADVANCED_FACE('',(#4683),#4694,.T.);
#4683 = FACE_BOUND('',#4684,.T.);
#4684 = EDGE_LOOP('',(#4685,#4686,#4687,#4688));
#4685 = ORIENTED_EDGE('',*,*,#2035,.F.);
#4686 = ORIENTED_EDGE('',*,*,#4672,.T.);
#4687 = ORIENTED_EDGE('',*,*,#2473,.T.);
#4688 = ORIENTED_EDGE('',*,*,#4689,.F.);
#4689 = EDGE_CURVE('',#2036,#2466,#4690,.T.);
#4690 = LINE('',#4691,#4692);
#4691 = CARTESIAN_POINT('',(46.46985857453,-80.29863545901,11.35901));
#4692 = VECTOR('',#4693,1.);
#4693 = DIRECTION('',(-0.342020143326,-0.939692620786,0.));
#4694 = PLANE('',#4695);
#4695 = AXIS2_PLACEMENT_3D('',#4696,#4697,#4698);
#4696 = CARTESIAN_POINT('',(46.46985857453,-80.29863545901,1.732386));
#4697 = DIRECTION('',(-0.939692620786,0.342020143326,0.));
#4698 = DIRECTION('',(0.,0.,1.));
#4699 = ADVANCED_FACE('',(#4700),#4706,.T.);
#4700 = FACE_BOUND('',#4701,.T.);
#4701 = EDGE_LOOP('',(#4702,#4703,#4704,#4705));
#4702 = ORIENTED_EDGE('',*,*,#2043,.F.);
#4703 = ORIENTED_EDGE('',*,*,#4689,.T.);
#4704 = ORIENTED_EDGE('',*,*,#2465,.T.);
#4705 = ORIENTED_EDGE('',*,*,#4648,.F.);
#4706 = PLANE('',#4707);
#4707 = AXIS2_PLACEMENT_3D('',#4708,#4709,#4710);
#4708 = CARTESIAN_POINT('',(46.46985857453,-80.29863545901,11.35901));
#4709 = DIRECTION('',(-0.,0.,-1.));
#4710 = DIRECTION('',(-0.939692620786,0.342020143326,0.));
#4711 = ADVANCED_FACE('',(#4712),#4728,.T.);
#4712 = FACE_BOUND('',#4713,.T.);
#4713 = EDGE_LOOP('',(#4714,#4715,#4721,#4722));
#4714 = ORIENTED_EDGE('',*,*,#2051,.F.);
#4715 = ORIENTED_EDGE('',*,*,#4716,.T.);
#4716 = EDGE_CURVE('',#2052,#2424,#4717,.T.);
#4717 = LINE('',#4718,#4719);
#4718 = CARTESIAN_POINT('',(48.06989575256,-80.88100136554,4.439963));
#4719 = VECTOR('',#4720,1.);
#4720 = DIRECTION('',(-0.342020143326,-0.939692620786,0.));
#4721 = ORIENTED_EDGE('',*,*,#2423,.T.);
#4722 = ORIENTED_EDGE('',*,*,#4723,.F.);
#4723 = EDGE_CURVE('',#2054,#2414,#4724,.T.);
#4724 = LINE('',#4725,#4726);
#4725 = CARTESIAN_POINT('',(48.06989575256,-80.88100136554,1.617415));
#4726 = VECTOR('',#4727,1.);
#4727 = DIRECTION('',(-0.342020143326,-0.939692620786,0.));
#4728 = PLANE('',#4729);
#4729 = AXIS2_PLACEMENT_3D('',#4730,#4731,#4732);
#4730 = CARTESIAN_POINT('',(48.06989575256,-80.88100136554,4.439963));
#4731 = DIRECTION('',(0.939692620786,-0.342020143326,0.));
#4732 = DIRECTION('',(-0.,0.,-1.));
#4733 = ADVANCED_FACE('',(#4734),#4745,.T.);
#4734 = FACE_BOUND('',#4735,.T.);
#4735 = EDGE_LOOP('',(#4736,#4737,#4738,#4739));
#4736 = ORIENTED_EDGE('',*,*,#2061,.F.);
#4737 = ORIENTED_EDGE('',*,*,#4723,.T.);
#4738 = ORIENTED_EDGE('',*,*,#2413,.T.);
#4739 = ORIENTED_EDGE('',*,*,#4740,.F.);
#4740 = EDGE_CURVE('',#2062,#2416,#4741,.T.);
#4741 = LINE('',#4742,#4743);
#4742 = CARTESIAN_POINT('',(50.88897361492,-81.90706179551,1.617415));
#4743 = VECTOR('',#4744,1.);
#4744 = DIRECTION('',(-0.342020143326,-0.939692620786,0.));
#4745 = PLANE('',#4746);
#4746 = AXIS2_PLACEMENT_3D('',#4747,#4748,#4749);
#4747 = CARTESIAN_POINT('',(48.06989575256,-80.88100136554,1.617415));
#4748 = DIRECTION('',(0.,0.,1.));
#4749 = DIRECTION('',(0.939692620786,-0.342020143326,0.));
#4750 = ADVANCED_FACE('',(#4751),#4762,.T.);
#4751 = FACE_BOUND('',#4752,.T.);
#4752 = EDGE_LOOP('',(#4753,#4754,#4755,#4756));
#4753 = ORIENTED_EDGE('',*,*,#2069,.F.);
#4754 = ORIENTED_EDGE('',*,*,#4740,.T.);
#4755 = ORIENTED_EDGE('',*,*,#2439,.T.);
#4756 = ORIENTED_EDGE('',*,*,#4757,.F.);
#4757 = EDGE_CURVE('',#2070,#2432,#4758,.T.);
#4758 = LINE('',#4759,#4760);
#4759 = CARTESIAN_POINT('',(50.88897361492,-81.90706179551,4.439963));
#4760 = VECTOR('',#4761,1.);
#4761 = DIRECTION('',(-0.342020143326,-0.939692620786,0.));
#4762 = PLANE('',#4763);
#4763 = AXIS2_PLACEMENT_3D('',#4764,#4765,#4766);
#4764 = CARTESIAN_POINT('',(50.88897361492,-81.90706179551,1.617415));
#4765 = DIRECTION('',(-0.939692620786,0.342020143326,0.));
#4766 = DIRECTION('',(0.,0.,1.));
#4767 = ADVANCED_FACE('',(#4768),#4774,.T.);
#4768 = FACE_BOUND('',#4769,.T.);
#4769 = EDGE_LOOP('',(#4770,#4771,#4772,#4773));
#4770 = ORIENTED_EDGE('',*,*,#2077,.F.);
#4771 = ORIENTED_EDGE('',*,*,#4757,.T.);
#4772 = ORIENTED_EDGE('',*,*,#2431,.T.);
#4773 = ORIENTED_EDGE('',*,*,#4716,.F.);
#4774 = PLANE('',#4775);
#4775 = AXIS2_PLACEMENT_3D('',#4776,#4777,#4778);
#4776 = CARTESIAN_POINT('',(50.88897361492,-81.90706179551,4.439963));
#4777 = DIRECTION('',(-0.,0.,-1.));
#4778 = DIRECTION('',(-0.939692620786,0.342020143326,0.));
#4779 = ADVANCED_FACE('',(#4780),#4815,.F.);
#4780 = FACE_BOUND('',#4781,.F.);
#4781 = EDGE_LOOP('',(#4782,#4790,#4791,#4799,#4808));
#4782 = ORIENTED_EDGE('',*,*,#4783,.T.);
#4783 = EDGE_CURVE('',#4784,#2168,#4786,.T.);
#4784 = VERTEX_POINT('',#4785);
#4785 = CARTESIAN_POINT('',(-3.163481852221,-84.15,7.401200590647));
#4786 = LINE('',#4787,#4788);
#4787 = CARTESIAN_POINT('',(-3.163481852221,-91.15,7.401200590647));
#4788 = VECTOR('',#4789,1.);
#4789 = DIRECTION('',(-4.252295203646E-16,-1.,-3.737038904755E-16));
#4790 = ORIENTED_EDGE('',*,*,#2165,.F.);
#4791 = ORIENTED_EDGE('',*,*,#4792,.F.);
#4792 = EDGE_CURVE('',#4793,#2166,#4795,.T.);
#4793 = VERTEX_POINT('',#4794);
#4794 = CARTESIAN_POINT('',(-4.255498239602,-84.15,5.509772503277));
#4795 = LINE('',#4796,#4797);
#4796 = CARTESIAN_POINT('',(-4.255498239602,-91.15,5.509772503277));
#4797 = VECTOR('',#4798,1.);
#4798 = DIRECTION('',(-4.252295203646E-16,-1.,-3.737038904755E-16));
#4799 = ORIENTED_EDGE('',*,*,#4800,.F.);
#4800 = EDGE_CURVE('',#4801,#4793,#4803,.T.);
#4801 = VERTEX_POINT('',#4802);
#4802 = CARTESIAN_POINT('',(-3.887118017993,-84.15,5.66314712274));
#4803 = CIRCLE('',#4804,1.55);
#4804 = AXIS2_PLACEMENT_3D('',#4805,#4806,#4807);
#4805 = CARTESIAN_POINT('',(-4.662118017993,-84.15,7.005486498606));
#4806 = DIRECTION('',(4.252295203646E-16,1.,3.737038904755E-16));
#4807 = DIRECTION('',(0.5,1.110223024625E-16,-0.866025403784));
#4808 = ORIENTED_EDGE('',*,*,#4809,.F.);
#4809 = EDGE_CURVE('',#4784,#4801,#4810,.T.);
#4810 = CIRCLE('',#4811,1.55);
#4811 = AXIS2_PLACEMENT_3D('',#4812,#4813,#4814);
#4812 = CARTESIAN_POINT('',(-4.662118017993,-84.15,7.005486498606));
#4813 = DIRECTION('',(4.252295203646E-16,1.,3.737038904755E-16));
#4814 = DIRECTION('',(0.5,1.110223024625E-16,-0.866025403784));
#4815 = CYLINDRICAL_SURFACE('',#4816,1.55);
#4816 = AXIS2_PLACEMENT_3D('',#4817,#4818,#4819);
#4817 = CARTESIAN_POINT('',(-4.662118017993,-91.15,7.005486498606));
#4818 = DIRECTION('',(-4.252295203646E-16,-1.,-3.737038904755E-16));
#4819 = DIRECTION('',(0.5,1.110223024625E-16,-0.866025403784));
#4820 = ADVANCED_FACE('',(#4821),#4839,.T.);
#4821 = FACE_BOUND('',#4822,.T.);
#4822 = EDGE_LOOP('',(#4823,#4824,#4825,#4833));
#4823 = ORIENTED_EDGE('',*,*,#2234,.T.);
#4824 = ORIENTED_EDGE('',*,*,#4792,.F.);
#4825 = ORIENTED_EDGE('',*,*,#4826,.T.);
#4826 = EDGE_CURVE('',#4793,#4827,#4829,.T.);
#4827 = VERTEX_POINT('',#4828);
#4828 = CARTESIAN_POINT('',(-4.662117906318,-84.15,4.805486498606));
#4829 = LINE('',#4830,#4831);
#4830 = CARTESIAN_POINT('',(-2.756862185504,-84.15,8.105486595319));
#4831 = VECTOR('',#4832,1.);
#4832 = DIRECTION('',(-0.49999995604,5.362518136188E-16,-0.866025429165)
  );
#4833 = ORIENTED_EDGE('',*,*,#4834,.F.);
#4834 = EDGE_CURVE('',#2227,#4827,#4835,.T.);
#4835 = LINE('',#4836,#4837);
#4836 = CARTESIAN_POINT('',(-4.662117906318,-91.15,4.805486498606));
#4837 = VECTOR('',#4838,1.);
#4838 = DIRECTION('',(4.252295203646E-16,1.,3.737038904755E-16));
#4839 = PLANE('',#4840);
#4840 = AXIS2_PLACEMENT_3D('',#4841,#4842,#4843);
#4841 = CARTESIAN_POINT('',(-2.756862185504,-91.15,8.105486595319));
#4842 = DIRECTION('',(-0.866025429165,1.814076490576E-16,0.49999995604)
  );
#4843 = DIRECTION('',(-0.49999995604,5.362518136188E-16,-0.866025429165)
  );
#4844 = ADVANCED_FACE('',(#4845),#4863,.T.);
#4845 = FACE_BOUND('',#4846,.T.);
#4846 = EDGE_LOOP('',(#4847,#4848,#4849,#4857));
#4847 = ORIENTED_EDGE('',*,*,#2226,.T.);
#4848 = ORIENTED_EDGE('',*,*,#4834,.T.);
#4849 = ORIENTED_EDGE('',*,*,#4850,.T.);
#4850 = EDGE_CURVE('',#4827,#4851,#4853,.T.);
#4851 = VERTEX_POINT('',#4852);
#4852 = CARTESIAN_POINT('',(-5.068737644536,-84.15,5.509772461997));
#4853 = LINE('',#4854,#4855);
#4854 = CARTESIAN_POINT('',(-4.662117906318,-84.15,4.805486498606));
#4855 = VECTOR('',#4856,1.);
#4856 = DIRECTION('',(-0.50000004396,-1.110222742845E-16,0.866025378404)
  );
#4857 = ORIENTED_EDGE('',*,*,#4858,.T.);
#4858 = EDGE_CURVE('',#4851,#2218,#4859,.T.);
#4859 = LINE('',#4860,#4861);
#4860 = CARTESIAN_POINT('',(-5.068737644536,-91.15,5.509772461997));
#4861 = VECTOR('',#4862,1.);
#4862 = DIRECTION('',(-4.252295203646E-16,-1.,-3.737038904755E-16));
#4863 = PLANE('',#4864);
#4864 = AXIS2_PLACEMENT_3D('',#4865,#4866,#4867);
#4865 = CARTESIAN_POINT('',(-4.662117906318,-91.15,4.805486498606));
#4866 = DIRECTION('',(0.866025378404,-5.551115179482E-16,0.50000004396)
  );
#4867 = DIRECTION('',(-0.50000004396,-1.110222742845E-16,0.866025378404)
  );
#4868 = ADVANCED_FACE('',(#4869),#4888,.F.);
#4869 = FACE_BOUND('',#4870,.F.);
#4870 = EDGE_LOOP('',(#4871,#4879,#4886,#4887));
#4871 = ORIENTED_EDGE('',*,*,#4872,.F.);
#4872 = EDGE_CURVE('',#4873,#2210,#4875,.T.);
#4873 = VERTEX_POINT('',#4874);
#4874 = CARTESIAN_POINT('',(-6.160754223939,-84.15,7.401200438502));
#4875 = LINE('',#4876,#4877);
#4876 = CARTESIAN_POINT('',(-6.160754223939,-91.15,7.401200438502));
#4877 = VECTOR('',#4878,1.);
#4878 = DIRECTION('',(-4.252295203646E-16,-1.,-3.737038904755E-16));
#4879 = ORIENTED_EDGE('',*,*,#4880,.F.);
#4880 = EDGE_CURVE('',#4851,#4873,#4881,.T.);
#4881 = CIRCLE('',#4882,1.55);
#4882 = AXIS2_PLACEMENT_3D('',#4883,#4884,#4885);
#4883 = CARTESIAN_POINT('',(-4.662118017993,-84.15,7.005486498606));
#4884 = DIRECTION('',(4.252295203646E-16,1.,3.737038904755E-16));
#4885 = DIRECTION('',(0.5,1.110223024625E-16,-0.866025403784));
#4886 = ORIENTED_EDGE('',*,*,#4858,.T.);
#4887 = ORIENTED_EDGE('',*,*,#2217,.F.);
#4888 = CYLINDRICAL_SURFACE('',#4889,1.55);
#4889 = AXIS2_PLACEMENT_3D('',#4890,#4891,#4892);
#4890 = CARTESIAN_POINT('',(-4.662118017993,-91.15,7.005486498606));
#4891 = DIRECTION('',(-4.252295203646E-16,-1.,-3.737038904755E-16));
#4892 = DIRECTION('',(0.5,1.110223024625E-16,-0.866025403784));
#4893 = ADVANCED_FACE('',(#4894),#4912,.T.);
#4894 = FACE_BOUND('',#4895,.T.);
#4895 = EDGE_LOOP('',(#4896,#4897,#4898,#4906));
#4896 = ORIENTED_EDGE('',*,*,#2209,.T.);
#4897 = ORIENTED_EDGE('',*,*,#4872,.F.);
#4898 = ORIENTED_EDGE('',*,*,#4899,.T.);
#4899 = EDGE_CURVE('',#4873,#4900,#4902,.T.);
#4900 = VERTEX_POINT('',#4901);
#4901 = CARTESIAN_POINT('',(-6.567373962156,-84.15,8.105486401893));
#4902 = LINE('',#4903,#4904);
#4903 = CARTESIAN_POINT('',(-4.662117906318,-84.15,4.805486498606));
#4904 = VECTOR('',#4905,1.);
#4905 = DIRECTION('',(-0.50000004396,-1.110222742845E-16,0.866025378404)
  );
#4906 = ORIENTED_EDGE('',*,*,#4907,.F.);
#4907 = EDGE_CURVE('',#2202,#4900,#4908,.T.);
#4908 = LINE('',#4909,#4910);
#4909 = CARTESIAN_POINT('',(-6.567373962156,-91.15,8.105486401893));
#4910 = VECTOR('',#4911,1.);
#4911 = DIRECTION('',(4.252295203646E-16,1.,3.737038904755E-16));
#4912 = PLANE('',#4913);
#4913 = AXIS2_PLACEMENT_3D('',#4914,#4915,#4916);
#4914 = CARTESIAN_POINT('',(-4.662117906318,-91.15,4.805486498606));
#4915 = DIRECTION('',(0.866025378404,-5.551115179482E-16,0.50000004396)
  );
#4916 = DIRECTION('',(-0.50000004396,-1.110222742845E-16,0.866025378404)
  );
#4917 = ADVANCED_FACE('',(#4918),#4936,.T.);
#4918 = FACE_BOUND('',#4919,.T.);
#4919 = EDGE_LOOP('',(#4920,#4921,#4922,#4930));
#4920 = ORIENTED_EDGE('',*,*,#2201,.T.);
#4921 = ORIENTED_EDGE('',*,*,#4907,.T.);
#4922 = ORIENTED_EDGE('',*,*,#4923,.T.);
#4923 = EDGE_CURVE('',#4900,#4924,#4926,.T.);
#4924 = VERTEX_POINT('',#4925);
#4925 = CARTESIAN_POINT('',(-5.754134557222,-84.15,8.105486443174));
#4926 = LINE('',#4927,#4928);
#4927 = CARTESIAN_POINT('',(-6.567373962156,-84.15,8.105486401893));
#4928 = VECTOR('',#4929,1.);
#4929 = DIRECTION('',(1.,-4.252295393341E-16,5.076075748622E-08));
#4930 = ORIENTED_EDGE('',*,*,#4931,.T.);
#4931 = EDGE_CURVE('',#4924,#2193,#4932,.T.);
#4932 = LINE('',#4933,#4934);
#4933 = CARTESIAN_POINT('',(-5.754134557222,-91.15,8.105486443174));
#4934 = VECTOR('',#4935,1.);
#4935 = DIRECTION('',(-4.252295203646E-16,-1.,-3.737038904755E-16));
#4936 = PLANE('',#4937);
#4937 = AXIS2_PLACEMENT_3D('',#4938,#4939,#4940);
#4938 = CARTESIAN_POINT('',(-6.567373962156,-91.15,8.105486401893));
#4939 = DIRECTION('',(5.076075748622E-08,3.737038688905E-16,-1.));
#4940 = DIRECTION('',(1.,-4.252295393341E-16,5.076075748622E-08));
#4941 = ADVANCED_FACE('',(#4942),#4961,.F.);
#4942 = FACE_BOUND('',#4943,.F.);
#4943 = EDGE_LOOP('',(#4944,#4953,#4954,#4955));
#4944 = ORIENTED_EDGE('',*,*,#4945,.F.);
#4945 = EDGE_CURVE('',#4924,#4946,#4948,.T.);
#4946 = VERTEX_POINT('',#4947);
#4947 = CARTESIAN_POINT('',(-3.570101590438,-84.15,8.105486554038));
#4948 = CIRCLE('',#4949,1.55);
#4949 = AXIS2_PLACEMENT_3D('',#4950,#4951,#4952);
#4950 = CARTESIAN_POINT('',(-4.662118017993,-84.15,7.005486498606));
#4951 = DIRECTION('',(4.252295203646E-16,1.,3.737038904755E-16));
#4952 = DIRECTION('',(0.5,1.110223024625E-16,-0.866025403784));
#4953 = ORIENTED_EDGE('',*,*,#4931,.T.);
#4954 = ORIENTED_EDGE('',*,*,#2192,.F.);
#4955 = ORIENTED_EDGE('',*,*,#4956,.F.);
#4956 = EDGE_CURVE('',#4946,#2185,#4957,.T.);
#4957 = LINE('',#4958,#4959);
#4958 = CARTESIAN_POINT('',(-3.570101590438,-91.15,8.105486554038));
#4959 = VECTOR('',#4960,1.);
#4960 = DIRECTION('',(-4.252295203646E-16,-1.,-3.737038904755E-16));
#4961 = CYLINDRICAL_SURFACE('',#4962,1.55);
#4962 = AXIS2_PLACEMENT_3D('',#4963,#4964,#4965);
#4963 = CARTESIAN_POINT('',(-4.662118017993,-91.15,7.005486498606));
#4964 = DIRECTION('',(-4.252295203646E-16,-1.,-3.737038904755E-16));
#4965 = DIRECTION('',(0.5,1.110223024625E-16,-0.866025403784));
#4966 = ADVANCED_FACE('',(#4967),#4985,.T.);
#4967 = FACE_BOUND('',#4968,.T.);
#4968 = EDGE_LOOP('',(#4969,#4970,#4971,#4979));
#4969 = ORIENTED_EDGE('',*,*,#2184,.T.);
#4970 = ORIENTED_EDGE('',*,*,#4956,.F.);
#4971 = ORIENTED_EDGE('',*,*,#4972,.T.);
#4972 = EDGE_CURVE('',#4946,#4973,#4975,.T.);
#4973 = VERTEX_POINT('',#4974);
#4974 = CARTESIAN_POINT('',(-2.756862185504,-84.15,8.105486595319));
#4975 = LINE('',#4976,#4977);
#4976 = CARTESIAN_POINT('',(-6.567373962156,-84.15,8.105486401893));
#4977 = VECTOR('',#4978,1.);
#4978 = DIRECTION('',(1.,-4.252295393341E-16,5.076075748622E-08));
#4979 = ORIENTED_EDGE('',*,*,#4980,.F.);
#4980 = EDGE_CURVE('',#2177,#4973,#4981,.T.);
#4981 = LINE('',#4982,#4983);
#4982 = CARTESIAN_POINT('',(-2.756862185504,-91.15,8.105486595319));
#4983 = VECTOR('',#4984,1.);
#4984 = DIRECTION('',(4.252295203646E-16,1.,3.737038904755E-16));
#4985 = PLANE('',#4986);
#4986 = AXIS2_PLACEMENT_3D('',#4987,#4988,#4989);
#4987 = CARTESIAN_POINT('',(-6.567373962156,-91.15,8.105486401893));
#4988 = DIRECTION('',(5.076075748622E-08,3.737038688905E-16,-1.));
#4989 = DIRECTION('',(1.,-4.252295393341E-16,5.076075748622E-08));
#4990 = ADVANCED_FACE('',(#4991),#5002,.T.);
#4991 = FACE_BOUND('',#4992,.T.);
#4992 = EDGE_LOOP('',(#4993,#4994,#4995,#5001));
#4993 = ORIENTED_EDGE('',*,*,#2176,.T.);
#4994 = ORIENTED_EDGE('',*,*,#4980,.T.);
#4995 = ORIENTED_EDGE('',*,*,#4996,.T.);
#4996 = EDGE_CURVE('',#4973,#4784,#4997,.T.);
#4997 = LINE('',#4998,#4999);
#4998 = CARTESIAN_POINT('',(-2.756862185504,-84.15,8.105486595319));
#4999 = VECTOR('',#5000,1.);
#5000 = DIRECTION('',(-0.49999995604,5.362518136188E-16,-0.866025429165)
  );
#5001 = ORIENTED_EDGE('',*,*,#4783,.T.);
#5002 = PLANE('',#5003);
#5003 = AXIS2_PLACEMENT_3D('',#5004,#5005,#5006);
#5004 = CARTESIAN_POINT('',(-2.756862185504,-91.15,8.105486595319));
#5005 = DIRECTION('',(-0.866025429165,1.814076490576E-16,0.49999995604)
  );
#5006 = DIRECTION('',(-0.49999995604,5.362518136188E-16,-0.866025429165)
  );
#5007 = ADVANCED_FACE('',(#5008),#5043,.F.);
#5008 = FACE_BOUND('',#5009,.F.);
#5009 = EDGE_LOOP('',(#5010,#5018,#5019,#5027,#5036));
#5010 = ORIENTED_EDGE('',*,*,#5011,.T.);
#5011 = EDGE_CURVE('',#5012,#2245,#5014,.T.);
#5012 = VERTEX_POINT('',#5013);
#5013 = CARTESIAN_POINT('',(-3.254912732006,-84.15,19.299563519816));
#5014 = LINE('',#5015,#5016);
#5015 = CARTESIAN_POINT('',(-3.254912732006,-91.15,19.299563519816));
#5016 = VECTOR('',#5017,1.);
#5017 = DIRECTION('',(-4.252295203646E-16,-1.,-3.737038904755E-16));
#5018 = ORIENTED_EDGE('',*,*,#2242,.F.);
#5019 = ORIENTED_EDGE('',*,*,#5020,.F.);
#5020 = EDGE_CURVE('',#5021,#2243,#5023,.T.);
#5021 = VERTEX_POINT('',#5022);
#5022 = CARTESIAN_POINT('',(-4.346929119387,-84.15,17.408135432446));
#5023 = LINE('',#5024,#5025);
#5024 = CARTESIAN_POINT('',(-4.346929119387,-91.15,17.408135432446));
#5025 = VECTOR('',#5026,1.);
#5026 = DIRECTION('',(-4.252295203646E-16,-1.,-3.737038904755E-16));
#5027 = ORIENTED_EDGE('',*,*,#5028,.F.);
#5028 = EDGE_CURVE('',#5029,#5021,#5031,.T.);
#5029 = VERTEX_POINT('',#5030);
#5030 = CARTESIAN_POINT('',(-3.978548897778,-84.15,17.561510051909));
#5031 = CIRCLE('',#5032,1.55);
#5032 = AXIS2_PLACEMENT_3D('',#5033,#5034,#5035);
#5033 = CARTESIAN_POINT('',(-4.753548897778,-84.15,18.903849427775));
#5034 = DIRECTION('',(4.252295203646E-16,1.,3.737038904755E-16));
#5035 = DIRECTION('',(0.5,1.110223024625E-16,-0.866025403784));
#5036 = ORIENTED_EDGE('',*,*,#5037,.F.);
#5037 = EDGE_CURVE('',#5012,#5029,#5038,.T.);
#5038 = CIRCLE('',#5039,1.55);
#5039 = AXIS2_PLACEMENT_3D('',#5040,#5041,#5042);
#5040 = CARTESIAN_POINT('',(-4.753548897778,-84.15,18.903849427775));
#5041 = DIRECTION('',(4.252295203646E-16,1.,3.737038904755E-16));
#5042 = DIRECTION('',(0.5,1.110223024625E-16,-0.866025403784));
#5043 = CYLINDRICAL_SURFACE('',#5044,1.55);
#5044 = AXIS2_PLACEMENT_3D('',#5045,#5046,#5047);
#5045 = CARTESIAN_POINT('',(-4.753548897778,-91.15,18.903849427775));
#5046 = DIRECTION('',(-4.252295203646E-16,-1.,-3.737038904755E-16));
#5047 = DIRECTION('',(0.5,1.110223024625E-16,-0.866025403784));
#5048 = ADVANCED_FACE('',(#5049),#5067,.T.);
#5049 = FACE_BOUND('',#5050,.T.);
#5050 = EDGE_LOOP('',(#5051,#5052,#5053,#5061));
#5051 = ORIENTED_EDGE('',*,*,#2311,.T.);
#5052 = ORIENTED_EDGE('',*,*,#5020,.F.);
#5053 = ORIENTED_EDGE('',*,*,#5054,.T.);
#5054 = EDGE_CURVE('',#5021,#5055,#5057,.T.);
#5055 = VERTEX_POINT('',#5056);
#5056 = CARTESIAN_POINT('',(-4.753548786104,-84.15,16.703849427775));
#5057 = LINE('',#5058,#5059);
#5058 = CARTESIAN_POINT('',(-2.848293065289,-84.15,20.003849524488));
#5059 = VECTOR('',#5060,1.);
#5060 = DIRECTION('',(-0.49999995604,5.362518136188E-16,-0.866025429165)
  );
#5061 = ORIENTED_EDGE('',*,*,#5062,.F.);
#5062 = EDGE_CURVE('',#2304,#5055,#5063,.T.);
#5063 = LINE('',#5064,#5065);
#5064 = CARTESIAN_POINT('',(-4.753548786104,-91.15,16.703849427775));
#5065 = VECTOR('',#5066,1.);
#5066 = DIRECTION('',(4.252295203646E-16,1.,3.737038904755E-16));
#5067 = PLANE('',#5068);
#5068 = AXIS2_PLACEMENT_3D('',#5069,#5070,#5071);
#5069 = CARTESIAN_POINT('',(-2.848293065289,-91.15,20.003849524488));
#5070 = DIRECTION('',(-0.866025429165,1.814076490576E-16,0.49999995604)
  );
#5071 = DIRECTION('',(-0.49999995604,5.362518136188E-16,-0.866025429165)
  );
#5072 = ADVANCED_FACE('',(#5073),#5091,.T.);
#5073 = FACE_BOUND('',#5074,.T.);
#5074 = EDGE_LOOP('',(#5075,#5076,#5077,#5085));
#5075 = ORIENTED_EDGE('',*,*,#2303,.T.);
#5076 = ORIENTED_EDGE('',*,*,#5062,.T.);
#5077 = ORIENTED_EDGE('',*,*,#5078,.T.);
#5078 = EDGE_CURVE('',#5055,#5079,#5081,.T.);
#5079 = VERTEX_POINT('',#5080);
#5080 = CARTESIAN_POINT('',(-5.160168524321,-84.15,17.408135391166));
#5081 = LINE('',#5082,#5083);
#5082 = CARTESIAN_POINT('',(-4.753548786104,-84.15,16.703849427775));
#5083 = VECTOR('',#5084,1.);
#5084 = DIRECTION('',(-0.50000004396,-1.110222742845E-16,0.866025378404)
  );
#5085 = ORIENTED_EDGE('',*,*,#5086,.T.);
#5086 = EDGE_CURVE('',#5079,#2295,#5087,.T.);
#5087 = LINE('',#5088,#5089);
#5088 = CARTESIAN_POINT('',(-5.160168524321,-91.15,17.408135391166));
#5089 = VECTOR('',#5090,1.);
#5090 = DIRECTION('',(-4.252295203646E-16,-1.,-3.737038904755E-16));
#5091 = PLANE('',#5092);
#5092 = AXIS2_PLACEMENT_3D('',#5093,#5094,#5095);
#5093 = CARTESIAN_POINT('',(-4.753548786104,-91.15,16.703849427775));
#5094 = DIRECTION('',(0.866025378404,-5.551115179482E-16,0.50000004396)
  );
#5095 = DIRECTION('',(-0.50000004396,-1.110222742845E-16,0.866025378404)
  );
#5096 = ADVANCED_FACE('',(#5097),#5116,.F.);
#5097 = FACE_BOUND('',#5098,.F.);
#5098 = EDGE_LOOP('',(#5099,#5107,#5114,#5115));
#5099 = ORIENTED_EDGE('',*,*,#5100,.F.);
#5100 = EDGE_CURVE('',#5101,#2287,#5103,.T.);
#5101 = VERTEX_POINT('',#5102);
#5102 = CARTESIAN_POINT('',(-6.252185103724,-84.15,19.299563367671));
#5103 = LINE('',#5104,#5105);
#5104 = CARTESIAN_POINT('',(-6.252185103724,-91.15,19.299563367671));
#5105 = VECTOR('',#5106,1.);
#5106 = DIRECTION('',(-4.252295203646E-16,-1.,-3.737038904755E-16));
#5107 = ORIENTED_EDGE('',*,*,#5108,.F.);
#5108 = EDGE_CURVE('',#5079,#5101,#5109,.T.);
#5109 = CIRCLE('',#5110,1.55);
#5110 = AXIS2_PLACEMENT_3D('',#5111,#5112,#5113);
#5111 = CARTESIAN_POINT('',(-4.753548897778,-84.15,18.903849427775));
#5112 = DIRECTION('',(4.252295203646E-16,1.,3.737038904755E-16));
#5113 = DIRECTION('',(0.5,1.110223024625E-16,-0.866025403784));
#5114 = ORIENTED_EDGE('',*,*,#5086,.T.);
#5115 = ORIENTED_EDGE('',*,*,#2294,.F.);
#5116 = CYLINDRICAL_SURFACE('',#5117,1.55);
#5117 = AXIS2_PLACEMENT_3D('',#5118,#5119,#5120);
#5118 = CARTESIAN_POINT('',(-4.753548897778,-91.15,18.903849427775));
#5119 = DIRECTION('',(-4.252295203646E-16,-1.,-3.737038904755E-16));
#5120 = DIRECTION('',(0.5,1.110223024625E-16,-0.866025403784));
#5121 = ADVANCED_FACE('',(#5122),#5140,.T.);
#5122 = FACE_BOUND('',#5123,.T.);
#5123 = EDGE_LOOP('',(#5124,#5125,#5126,#5134));
#5124 = ORIENTED_EDGE('',*,*,#2286,.T.);
#5125 = ORIENTED_EDGE('',*,*,#5100,.F.);
#5126 = ORIENTED_EDGE('',*,*,#5127,.T.);
#5127 = EDGE_CURVE('',#5101,#5128,#5130,.T.);
#5128 = VERTEX_POINT('',#5129);
#5129 = CARTESIAN_POINT('',(-6.658804841941,-84.15,20.003849331062));
#5130 = LINE('',#5131,#5132);
#5131 = CARTESIAN_POINT('',(-4.753548786104,-84.15,16.703849427775));
#5132 = VECTOR('',#5133,1.);
#5133 = DIRECTION('',(-0.50000004396,-1.110222742845E-16,0.866025378404)
  );
#5134 = ORIENTED_EDGE('',*,*,#5135,.F.);
#5135 = EDGE_CURVE('',#2279,#5128,#5136,.T.);
#5136 = LINE('',#5137,#5138);
#5137 = CARTESIAN_POINT('',(-6.658804841941,-91.15,20.003849331062));
#5138 = VECTOR('',#5139,1.);
#5139 = DIRECTION('',(4.252295203646E-16,1.,3.737038904755E-16));
#5140 = PLANE('',#5141);
#5141 = AXIS2_PLACEMENT_3D('',#5142,#5143,#5144);
#5142 = CARTESIAN_POINT('',(-4.753548786104,-91.15,16.703849427775));
#5143 = DIRECTION('',(0.866025378404,-5.551115179482E-16,0.50000004396)
  );
#5144 = DIRECTION('',(-0.50000004396,-1.110222742845E-16,0.866025378404)
  );
#5145 = ADVANCED_FACE('',(#5146),#5164,.T.);
#5146 = FACE_BOUND('',#5147,.T.);
#5147 = EDGE_LOOP('',(#5148,#5149,#5150,#5158));
#5148 = ORIENTED_EDGE('',*,*,#2278,.T.);
#5149 = ORIENTED_EDGE('',*,*,#5135,.T.);
#5150 = ORIENTED_EDGE('',*,*,#5151,.T.);
#5151 = EDGE_CURVE('',#5128,#5152,#5154,.T.);
#5152 = VERTEX_POINT('',#5153);
#5153 = CARTESIAN_POINT('',(-5.845565437007,-84.15,20.003849372343));
#5154 = LINE('',#5155,#5156);
#5155 = CARTESIAN_POINT('',(-6.658804841941,-84.15,20.003849331062));
#5156 = VECTOR('',#5157,1.);
#5157 = DIRECTION('',(1.,-4.252295393341E-16,5.076075748622E-08));
#5158 = ORIENTED_EDGE('',*,*,#5159,.T.);
#5159 = EDGE_CURVE('',#5152,#2270,#5160,.T.);
#5160 = LINE('',#5161,#5162);
#5161 = CARTESIAN_POINT('',(-5.845565437007,-91.15,20.003849372343));
#5162 = VECTOR('',#5163,1.);
#5163 = DIRECTION('',(-4.252295203646E-16,-1.,-3.737038904755E-16));
#5164 = PLANE('',#5165);
#5165 = AXIS2_PLACEMENT_3D('',#5166,#5167,#5168);
#5166 = CARTESIAN_POINT('',(-6.658804841941,-91.15,20.003849331062));
#5167 = DIRECTION('',(5.076075748622E-08,3.737038688905E-16,-1.));
#5168 = DIRECTION('',(1.,-4.252295393341E-16,5.076075748622E-08));
#5169 = ADVANCED_FACE('',(#5170),#5189,.F.);
#5170 = FACE_BOUND('',#5171,.F.);
#5171 = EDGE_LOOP('',(#5172,#5181,#5182,#5183));
#5172 = ORIENTED_EDGE('',*,*,#5173,.F.);
#5173 = EDGE_CURVE('',#5152,#5174,#5176,.T.);
#5174 = VERTEX_POINT('',#5175);
#5175 = CARTESIAN_POINT('',(-3.661532470224,-84.15,20.003849483207));
#5176 = CIRCLE('',#5177,1.55);
#5177 = AXIS2_PLACEMENT_3D('',#5178,#5179,#5180);
#5178 = CARTESIAN_POINT('',(-4.753548897778,-84.15,18.903849427775));
#5179 = DIRECTION('',(4.252295203646E-16,1.,3.737038904755E-16));
#5180 = DIRECTION('',(0.5,1.110223024625E-16,-0.866025403784));
#5181 = ORIENTED_EDGE('',*,*,#5159,.T.);
#5182 = ORIENTED_EDGE('',*,*,#2269,.F.);
#5183 = ORIENTED_EDGE('',*,*,#5184,.F.);
#5184 = EDGE_CURVE('',#5174,#2262,#5185,.T.);
#5185 = LINE('',#5186,#5187);
#5186 = CARTESIAN_POINT('',(-3.661532470224,-91.15,20.003849483207));
#5187 = VECTOR('',#5188,1.);
#5188 = DIRECTION('',(-4.252295203646E-16,-1.,-3.737038904755E-16));
#5189 = CYLINDRICAL_SURFACE('',#5190,1.55);
#5190 = AXIS2_PLACEMENT_3D('',#5191,#5192,#5193);
#5191 = CARTESIAN_POINT('',(-4.753548897778,-91.15,18.903849427775));
#5192 = DIRECTION('',(-4.252295203646E-16,-1.,-3.737038904755E-16));
#5193 = DIRECTION('',(0.5,1.110223024625E-16,-0.866025403784));
#5194 = ADVANCED_FACE('',(#5195),#5213,.T.);
#5195 = FACE_BOUND('',#5196,.T.);
#5196 = EDGE_LOOP('',(#5197,#5198,#5199,#5207));
#5197 = ORIENTED_EDGE('',*,*,#2261,.T.);
#5198 = ORIENTED_EDGE('',*,*,#5184,.F.);
#5199 = ORIENTED_EDGE('',*,*,#5200,.T.);
#5200 = EDGE_CURVE('',#5174,#5201,#5203,.T.);
#5201 = VERTEX_POINT('',#5202);
#5202 = CARTESIAN_POINT('',(-2.848293065289,-84.15,20.003849524488));
#5203 = LINE('',#5204,#5205);
#5204 = CARTESIAN_POINT('',(-6.658804841941,-84.15,20.003849331062));
#5205 = VECTOR('',#5206,1.);
#5206 = DIRECTION('',(1.,-4.252295393341E-16,5.076075748622E-08));
#5207 = ORIENTED_EDGE('',*,*,#5208,.F.);
#5208 = EDGE_CURVE('',#2254,#5201,#5209,.T.);
#5209 = LINE('',#5210,#5211);
#5210 = CARTESIAN_POINT('',(-2.848293065289,-91.15,20.003849524488));
#5211 = VECTOR('',#5212,1.);
#5212 = DIRECTION('',(4.252295203646E-16,1.,3.737038904755E-16));
#5213 = PLANE('',#5214);
#5214 = AXIS2_PLACEMENT_3D('',#5215,#5216,#5217);
#5215 = CARTESIAN_POINT('',(-6.658804841941,-91.15,20.003849331062));
#5216 = DIRECTION('',(5.076075748622E-08,3.737038688905E-16,-1.));
#5217 = DIRECTION('',(1.,-4.252295393341E-16,5.076075748622E-08));
#5218 = ADVANCED_FACE('',(#5219),#5230,.T.);
#5219 = FACE_BOUND('',#5220,.T.);
#5220 = EDGE_LOOP('',(#5221,#5222,#5223,#5229));
#5221 = ORIENTED_EDGE('',*,*,#2253,.T.);
#5222 = ORIENTED_EDGE('',*,*,#5208,.T.);
#5223 = ORIENTED_EDGE('',*,*,#5224,.T.);
#5224 = EDGE_CURVE('',#5201,#5012,#5225,.T.);
#5225 = LINE('',#5226,#5227);
#5226 = CARTESIAN_POINT('',(-2.848293065289,-84.15,20.003849524488));
#5227 = VECTOR('',#5228,1.);
#5228 = DIRECTION('',(-0.49999995604,5.362518136188E-16,-0.866025429165)
  );
#5229 = ORIENTED_EDGE('',*,*,#5011,.T.);
#5230 = PLANE('',#5231);
#5231 = AXIS2_PLACEMENT_3D('',#5232,#5233,#5234);
#5232 = CARTESIAN_POINT('',(-2.848293065289,-91.15,20.003849524488));
#5233 = DIRECTION('',(-0.866025429165,1.814076490576E-16,0.49999995604)
  );
#5234 = DIRECTION('',(-0.49999995604,5.362518136188E-16,-0.866025429165)
  );
#5235 = ADVANCED_FACE('',(#5236),#5247,.T.);
#5236 = FACE_BOUND('',#5237,.T.);
#5237 = EDGE_LOOP('',(#5238,#5239,#5245,#5246));
#5238 = ORIENTED_EDGE('',*,*,#2969,.F.);
#5239 = ORIENTED_EDGE('',*,*,#5240,.F.);
#5240 = EDGE_CURVE('',#3301,#2970,#5241,.T.);
#5241 = LINE('',#5242,#5243);
#5242 = CARTESIAN_POINT('',(-1.E-02,82.5,32.));
#5243 = VECTOR('',#5244,1.);
#5244 = DIRECTION('',(1.224646799147E-16,1.,0.));
#5245 = ORIENTED_EDGE('',*,*,#3308,.F.);
#5246 = ORIENTED_EDGE('',*,*,#2342,.F.);
#5247 = PLANE('',#5248);
#5248 = AXIS2_PLACEMENT_3D('',#5249,#5250,#5251);
#5249 = CARTESIAN_POINT('',(-1.43,2.859683392268E-14,32.));
#5250 = DIRECTION('',(0.,0.,1.));
#5251 = DIRECTION('',(-1.,1.224646799147E-16,0.));
#5252 = ADVANCED_FACE('',(#5253),#5271,.T.);
#5253 = FACE_BOUND('',#5254,.T.);
#5254 = EDGE_LOOP('',(#5255,#5263,#5264,#5265));
#5255 = ORIENTED_EDGE('',*,*,#5256,.F.);
#5256 = EDGE_CURVE('',#2838,#5257,#5259,.T.);
#5257 = VERTEX_POINT('',#5258);
#5258 = CARTESIAN_POINT('',(113.5,90.,35.));
#5259 = LINE('',#5260,#5261);
#5260 = CARTESIAN_POINT('',(113.5,94.,31.));
#5261 = VECTOR('',#5262,1.);
#5262 = DIRECTION('',(-1.265956056235E-16,-0.707106781187,0.707106781187
    ));
#5263 = ORIENTED_EDGE('',*,*,#2889,.T.);
#5264 = ORIENTED_EDGE('',*,*,#2365,.T.);
#5265 = ORIENTED_EDGE('',*,*,#5266,.F.);
#5266 = EDGE_CURVE('',#5257,#2366,#5267,.T.);
#5267 = LINE('',#5268,#5269);
#5268 = CARTESIAN_POINT('',(113.5,90.,35.));
#5269 = VECTOR('',#5270,1.);
#5270 = DIRECTION('',(-1.,1.224646799147E-16,0.));
#5271 = PLANE('',#5272);
#5272 = AXIS2_PLACEMENT_3D('',#5273,#5274,#5275);
#5273 = CARTESIAN_POINT('',(113.5,92.,33.));
#5274 = DIRECTION('',(8.659560562355E-17,0.707106781187,0.707106781187)
  );
#5275 = DIRECTION('',(-1.,1.224646799147E-16,0.));
#5276 = ADVANCED_FACE('',(#5277),#5313,.T.);
#5277 = FACE_BOUND('',#5278,.T.);
#5278 = EDGE_LOOP('',(#5279,#5280,#5288,#5297,#5305,#5312));
#5279 = ORIENTED_EDGE('',*,*,#2373,.T.);
#5280 = ORIENTED_EDGE('',*,*,#5281,.T.);
#5281 = EDGE_CURVE('',#2374,#5282,#5284,.T.);
#5282 = VERTEX_POINT('',#5283);
#5283 = CARTESIAN_POINT('',(113.5,-90.,35.));
#5284 = LINE('',#5285,#5286);
#5285 = CARTESIAN_POINT('',(-1.102182119233E-14,-90.,35.));
#5286 = VECTOR('',#5287,1.);
#5287 = DIRECTION('',(1.,-1.224646799147E-16,0.));
#5288 = ORIENTED_EDGE('',*,*,#5289,.T.);
#5289 = EDGE_CURVE('',#5282,#5290,#5292,.T.);
#5290 = VERTEX_POINT('',#5291);
#5291 = CARTESIAN_POINT('',(116.5,-87.,35.));
#5292 = CIRCLE('',#5293,3.);
#5293 = AXIS2_PLACEMENT_3D('',#5294,#5295,#5296);
#5294 = CARTESIAN_POINT('',(113.5,-87.,35.));
#5295 = DIRECTION('',(0.,0.,1.));
#5296 = DIRECTION('',(-1.224646799147E-16,-1.,0.));
#5297 = ORIENTED_EDGE('',*,*,#5298,.T.);
#5298 = EDGE_CURVE('',#5290,#5299,#5301,.T.);
#5299 = VERTEX_POINT('',#5300);
#5300 = CARTESIAN_POINT('',(116.5,87.,35.));
#5301 = LINE('',#5302,#5303);
#5302 = CARTESIAN_POINT('',(116.5,-87.,35.));
#5303 = VECTOR('',#5304,1.);
#5304 = DIRECTION('',(1.224646799147E-16,1.,0.));
#5305 = ORIENTED_EDGE('',*,*,#5306,.T.);
#5306 = EDGE_CURVE('',#5299,#5257,#5307,.T.);
#5307 = CIRCLE('',#5308,3.);
#5308 = AXIS2_PLACEMENT_3D('',#5309,#5310,#5311);
#5309 = CARTESIAN_POINT('',(113.5,87.,35.));
#5310 = DIRECTION('',(-0.,0.,1.));
#5311 = DIRECTION('',(1.,-1.224646799147E-16,0.));
#5312 = ORIENTED_EDGE('',*,*,#5266,.T.);
#5313 = PLANE('',#5314);
#5314 = AXIS2_PLACEMENT_3D('',#5315,#5316,#5317);
#5315 = CARTESIAN_POINT('',(60.25,-7.378496964863E-15,35.));
#5316 = DIRECTION('',(0.,0.,1.));
#5317 = DIRECTION('',(-1.,1.224646799147E-16,0.));
#5318 = ADVANCED_FACE('',(#5319),#5330,.T.);
#5319 = FACE_BOUND('',#5320,.T.);
#5320 = EDGE_LOOP('',(#5321,#5322,#5323,#5329));
#5321 = ORIENTED_EDGE('',*,*,#2381,.F.);
#5322 = ORIENTED_EDGE('',*,*,#2403,.T.);
#5323 = ORIENTED_EDGE('',*,*,#5324,.T.);
#5324 = EDGE_CURVE('',#2396,#5282,#5325,.T.);
#5325 = LINE('',#5326,#5327);
#5326 = CARTESIAN_POINT('',(113.5,-92.,33.));
#5327 = VECTOR('',#5328,1.);
#5328 = DIRECTION('',(8.659560562355E-17,0.707106781187,0.707106781187)
  );
#5329 = ORIENTED_EDGE('',*,*,#5281,.F.);
#5330 = PLANE('',#5331);
#5331 = AXIS2_PLACEMENT_3D('',#5332,#5333,#5334);
#5332 = CARTESIAN_POINT('',(-1.126675055216E-14,-92.,33.));
#5333 = DIRECTION('',(-8.659560562355E-17,-0.707106781187,0.707106781187
    ));
#5334 = DIRECTION('',(1.,-1.224646799147E-16,0.));
#5335 = ADVANCED_FACE('',(#5336),#5347,.T.);
#5336 = FACE_BOUND('',#5337,.T.);
#5337 = EDGE_LOOP('',(#5338,#5339,#5340,#5346));
#5338 = ORIENTED_EDGE('',*,*,#2657,.F.);
#5339 = ORIENTED_EDGE('',*,*,#4125,.T.);
#5340 = ORIENTED_EDGE('',*,*,#5341,.F.);
#5341 = EDGE_CURVE('',#2717,#4118,#5342,.T.);
#5342 = LINE('',#5343,#5344);
#5343 = CARTESIAN_POINT('',(102.51,-68.5,1.));
#5344 = VECTOR('',#5345,1.);
#5345 = DIRECTION('',(-1.224646799147E-16,-1.,0.));
#5346 = ORIENTED_EDGE('',*,*,#2733,.T.);
#5347 = PLANE('',#5348);
#5348 = AXIS2_PLACEMENT_3D('',#5349,#5350,#5351);
#5349 = CARTESIAN_POINT('',(111.5,-1.365481181049E-14,1.));
#5350 = DIRECTION('',(0.,0.,1.));
#5351 = DIRECTION('',(-1.,1.224646799147E-16,0.));
#5352 = ADVANCED_FACE('',(#5353),#5364,.T.);
#5353 = FACE_BOUND('',#5354,.T.);
#5354 = EDGE_LOOP('',(#5355,#5356,#5357,#5363));
#5355 = ORIENTED_EDGE('',*,*,#5324,.F.);
#5356 = ORIENTED_EDGE('',*,*,#2699,.T.);
#5357 = ORIENTED_EDGE('',*,*,#5358,.T.);
#5358 = EDGE_CURVE('',#2692,#5290,#5359,.T.);
#5359 = LINE('',#5360,#5361);
#5360 = CARTESIAN_POINT('',(120.5,-87.,31.));
#5361 = VECTOR('',#5362,1.);
#5362 = DIRECTION('',(-0.707106781187,1.265956056235E-16,0.707106781187)
  );
#5363 = ORIENTED_EDGE('',*,*,#5289,.F.);
#5364 = CONICAL_SURFACE('',#5365,7.,0.785398163397);
#5365 = AXIS2_PLACEMENT_3D('',#5366,#5367,#5368);
#5366 = CARTESIAN_POINT('',(113.5,-87.,31.));
#5367 = DIRECTION('',(0.,0.,-1.));
#5368 = DIRECTION('',(-1.224646799147E-16,-1.,0.));
#5369 = ADVANCED_FACE('',(#5370),#5383,.T.);
#5370 = FACE_BOUND('',#5371,.F.);
#5371 = EDGE_LOOP('',(#5372,#5373,#5379,#5380,#5381,#5382));
#5372 = ORIENTED_EDGE('',*,*,#2805,.F.);
#5373 = ORIENTED_EDGE('',*,*,#5374,.T.);
#5374 = EDGE_CURVE('',#2806,#4094,#5375,.T.);
#5375 = LINE('',#5376,#5377);
#5376 = CARTESIAN_POINT('',(117.5,-68.5,15.99));
#5377 = VECTOR('',#5378,1.);
#5378 = DIRECTION('',(-1.224646799147E-16,-1.,0.));
#5379 = ORIENTED_EDGE('',*,*,#4101,.F.);
#5380 = ORIENTED_EDGE('',*,*,#4117,.T.);
#5381 = ORIENTED_EDGE('',*,*,#5341,.F.);
#5382 = ORIENTED_EDGE('',*,*,#2714,.F.);
#5383 = PLANE('',#5384);
#5384 = AXIS2_PLACEMENT_3D('',#5385,#5386,#5387);
#5385 = CARTESIAN_POINT('',(110.005,-68.5,8.495));
#5386 = DIRECTION('',(-0.707106781187,8.659560562355E-17,0.707106781187)
  );
#5387 = DIRECTION('',(1.224646799147E-16,1.,0.));
#5388 = ADVANCED_FACE('',(#5389),#5400,.T.);
#5389 = FACE_BOUND('',#5390,.T.);
#5390 = EDGE_LOOP('',(#5391,#5392,#5393,#5399));
#5391 = ORIENTED_EDGE('',*,*,#5358,.F.);
#5392 = ORIENTED_EDGE('',*,*,#2758,.T.);
#5393 = ORIENTED_EDGE('',*,*,#5394,.T.);
#5394 = EDGE_CURVE('',#2751,#5299,#5395,.T.);
#5395 = LINE('',#5396,#5397);
#5396 = CARTESIAN_POINT('',(118.5,87.,33.));
#5397 = VECTOR('',#5398,1.);
#5398 = DIRECTION('',(-0.707106781187,8.659560562355E-17,0.707106781187)
  );
#5399 = ORIENTED_EDGE('',*,*,#5298,.F.);
#5400 = PLANE('',#5401);
#5401 = AXIS2_PLACEMENT_3D('',#5402,#5403,#5404);
#5402 = CARTESIAN_POINT('',(118.5,-87.,33.));
#5403 = DIRECTION('',(0.707106781187,-8.659560562355E-17,0.707106781187)
  );
#5404 = DIRECTION('',(1.224646799147E-16,1.,0.));
#5405 = ADVANCED_FACE('',(#5406),#5425,.F.);
#5406 = FACE_BOUND('',#5407,.F.);
#5407 = EDGE_LOOP('',(#5408,#5409,#5417,#5424));
#5408 = ORIENTED_EDGE('',*,*,#2766,.F.);
#5409 = ORIENTED_EDGE('',*,*,#5410,.T.);
#5410 = EDGE_CURVE('',#2767,#5411,#5413,.T.);
#5411 = VERTEX_POINT('',#5412);
#5412 = CARTESIAN_POINT('',(117.5,-33.2195,17.5522));
#5413 = LINE('',#5414,#5415);
#5414 = CARTESIAN_POINT('',(120.5,-33.2195,17.5522));
#5415 = VECTOR('',#5416,1.);
#5416 = DIRECTION('',(-1.,1.224646799147E-16,0.));
#5417 = ORIENTED_EDGE('',*,*,#5418,.T.);
#5418 = EDGE_CURVE('',#5411,#5411,#5419,.T.);
#5419 = CIRCLE('',#5420,2.);
#5420 = AXIS2_PLACEMENT_3D('',#5421,#5422,#5423);
#5421 = CARTESIAN_POINT('',(117.5,-35.2195,17.5522));
#5422 = DIRECTION('',(1.,-1.224646799147E-16,0.));
#5423 = DIRECTION('',(1.224646799147E-16,1.,0.));
#5424 = ORIENTED_EDGE('',*,*,#5410,.F.);
#5425 = CYLINDRICAL_SURFACE('',#5426,2.);
#5426 = AXIS2_PLACEMENT_3D('',#5427,#5428,#5429);
#5427 = CARTESIAN_POINT('',(120.5,-35.2195,17.5522));
#5428 = DIRECTION('',(1.,-1.224646799147E-16,0.));
#5429 = DIRECTION('',(1.224646799147E-16,1.,0.));
#5430 = ADVANCED_FACE('',(#5431),#5450,.F.);
#5431 = FACE_BOUND('',#5432,.F.);
#5432 = EDGE_LOOP('',(#5433,#5434,#5442,#5449));
#5433 = ORIENTED_EDGE('',*,*,#2777,.F.);
#5434 = ORIENTED_EDGE('',*,*,#5435,.T.);
#5435 = EDGE_CURVE('',#2778,#5436,#5438,.T.);
#5436 = VERTEX_POINT('',#5437);
#5437 = CARTESIAN_POINT('',(117.5,-8.3909,17.4194));
#5438 = LINE('',#5439,#5440);
#5439 = CARTESIAN_POINT('',(120.5,-8.3909,17.4194));
#5440 = VECTOR('',#5441,1.);
#5441 = DIRECTION('',(-1.,1.224646799147E-16,0.));
#5442 = ORIENTED_EDGE('',*,*,#5443,.T.);
#5443 = EDGE_CURVE('',#5436,#5436,#5444,.T.);
#5444 = CIRCLE('',#5445,2.);
#5445 = AXIS2_PLACEMENT_3D('',#5446,#5447,#5448);
#5446 = CARTESIAN_POINT('',(117.5,-10.3909,17.4194));
#5447 = DIRECTION('',(1.,-1.224646799147E-16,0.));
#5448 = DIRECTION('',(1.224646799147E-16,1.,0.));
#5449 = ORIENTED_EDGE('',*,*,#5435,.F.);
#5450 = CYLINDRICAL_SURFACE('',#5451,2.);
#5451 = AXIS2_PLACEMENT_3D('',#5452,#5453,#5454);
#5452 = CARTESIAN_POINT('',(120.5,-10.3909,17.4194));
#5453 = DIRECTION('',(1.,-1.224646799147E-16,0.));
#5454 = DIRECTION('',(1.224646799147E-16,1.,0.));
#5455 = ADVANCED_FACE('',(#5456),#5475,.F.);
#5456 = FACE_BOUND('',#5457,.F.);
#5457 = EDGE_LOOP('',(#5458,#5459,#5467,#5474));
#5458 = ORIENTED_EDGE('',*,*,#2788,.F.);
#5459 = ORIENTED_EDGE('',*,*,#5460,.T.);
#5460 = EDGE_CURVE('',#2789,#5461,#5463,.T.);
#5461 = VERTEX_POINT('',#5462);
#5462 = CARTESIAN_POINT('',(117.5,15.254906,17.478416));
#5463 = LINE('',#5464,#5465);
#5464 = CARTESIAN_POINT('',(120.5,15.254906,17.478416));
#5465 = VECTOR('',#5466,1.);
#5466 = DIRECTION('',(-1.,1.224646799147E-16,0.));
#5467 = ORIENTED_EDGE('',*,*,#5468,.T.);
#5468 = EDGE_CURVE('',#5461,#5461,#5469,.T.);
#5469 = CIRCLE('',#5470,2.);
#5470 = AXIS2_PLACEMENT_3D('',#5471,#5472,#5473);
#5471 = CARTESIAN_POINT('',(117.5,13.254906,17.478416));
#5472 = DIRECTION('',(1.,-1.224646799147E-16,0.));
#5473 = DIRECTION('',(1.224646799147E-16,1.,0.));
#5474 = ORIENTED_EDGE('',*,*,#5460,.F.);
#5475 = CYLINDRICAL_SURFACE('',#5476,2.);
#5476 = AXIS2_PLACEMENT_3D('',#5477,#5478,#5479);
#5477 = CARTESIAN_POINT('',(120.5,13.254906,17.478416));
#5478 = DIRECTION('',(1.,-1.224646799147E-16,0.));
#5479 = DIRECTION('',(1.224646799147E-16,1.,0.));
#5480 = ADVANCED_FACE('',(#5481,#5503,#5506,#5509),#5512,.F.);
#5481 = FACE_BOUND('',#5482,.F.);
#5482 = EDGE_LOOP('',(#5483,#5491,#5497,#5498,#5499,#5500,#5501,#5502));
#5483 = ORIENTED_EDGE('',*,*,#5484,.F.);
#5484 = EDGE_CURVE('',#5485,#2904,#5487,.T.);
#5485 = VERTEX_POINT('',#5486);
#5486 = CARTESIAN_POINT('',(117.5,89.,15.99));
#5487 = LINE('',#5488,#5489);
#5488 = CARTESIAN_POINT('',(117.5,91.,15.99));
#5489 = VECTOR('',#5490,1.);
#5490 = DIRECTION('',(-1.224646799147E-16,-1.,0.));
#5491 = ORIENTED_EDGE('',*,*,#5492,.F.);
#5492 = EDGE_CURVE('',#4175,#5485,#5493,.T.);
#5493 = LINE('',#5494,#5495);
#5494 = CARTESIAN_POINT('',(117.5,89.,32.));
#5495 = VECTOR('',#5496,1.);
#5496 = DIRECTION('',(-0.,0.,-1.));
#5497 = ORIENTED_EDGE('',*,*,#4174,.T.);
#5498 = ORIENTED_EDGE('',*,*,#4093,.F.);
#5499 = ORIENTED_EDGE('',*,*,#5374,.F.);
#5500 = ORIENTED_EDGE('',*,*,#2813,.F.);
#5501 = ORIENTED_EDGE('',*,*,#2872,.F.);
#5502 = ORIENTED_EDGE('',*,*,#2921,.T.);
#5503 = FACE_BOUND('',#5504,.F.);
#5504 = EDGE_LOOP('',(#5505));
#5505 = ORIENTED_EDGE('',*,*,#5418,.F.);
#5506 = FACE_BOUND('',#5507,.F.);
#5507 = EDGE_LOOP('',(#5508));
#5508 = ORIENTED_EDGE('',*,*,#5443,.F.);
#5509 = FACE_BOUND('',#5510,.F.);
#5510 = EDGE_LOOP('',(#5511));
#5511 = ORIENTED_EDGE('',*,*,#5468,.F.);
#5512 = PLANE('',#5513);
#5513 = AXIS2_PLACEMENT_3D('',#5514,#5515,#5516);
#5514 = CARTESIAN_POINT('',(117.5,91.,32.));
#5515 = DIRECTION('',(1.,-1.224646799147E-16,0.));
#5516 = DIRECTION('',(2.694222958124E-32,2.2E-16,-1.));
#5517 = ADVANCED_FACE('',(#5518),#5524,.T.);
#5518 = FACE_BOUND('',#5519,.T.);
#5519 = EDGE_LOOP('',(#5520,#5521,#5522,#5523));
#5520 = ORIENTED_EDGE('',*,*,#5394,.F.);
#5521 = ORIENTED_EDGE('',*,*,#2837,.T.);
#5522 = ORIENTED_EDGE('',*,*,#5256,.T.);
#5523 = ORIENTED_EDGE('',*,*,#5306,.F.);
#5524 = CONICAL_SURFACE('',#5525,7.,0.785398163397);
#5525 = AXIS2_PLACEMENT_3D('',#5526,#5527,#5528);
#5526 = CARTESIAN_POINT('',(113.5,87.,31.));
#5527 = DIRECTION('',(0.,0.,-1.));
#5528 = DIRECTION('',(1.,-1.224646799147E-16,0.));
#5529 = ADVANCED_FACE('',(#5530),#5557,.T.);
#5530 = FACE_BOUND('',#5531,.F.);
#5531 = EDGE_LOOP('',(#5532,#5540,#5548,#5554,#5555,#5556));
#5532 = ORIENTED_EDGE('',*,*,#5533,.F.);
#5533 = EDGE_CURVE('',#5534,#2936,#5536,.T.);
#5534 = VERTEX_POINT('',#5535);
#5535 = CARTESIAN_POINT('',(102.51,76.01,1.));
#5536 = LINE('',#5537,#5538);
#5537 = CARTESIAN_POINT('',(102.51,91.,1.));
#5538 = VECTOR('',#5539,1.);
#5539 = DIRECTION('',(-1.224646799147E-16,-1.,0.));
#5540 = ORIENTED_EDGE('',*,*,#5541,.F.);
#5541 = EDGE_CURVE('',#5542,#5534,#5544,.T.);
#5542 = VERTEX_POINT('',#5543);
#5543 = CARTESIAN_POINT('',(116.5,90.,14.99));
#5544 = LINE('',#5545,#5546);
#5545 = CARTESIAN_POINT('',(112.5033333333,86.00333333333,
    10.993333333333));
#5546 = VECTOR('',#5547,1.);
#5547 = DIRECTION('',(-0.57735026919,-0.57735026919,-0.57735026919));
#5548 = ORIENTED_EDGE('',*,*,#5549,.F.);
#5549 = EDGE_CURVE('',#5485,#5542,#5550,.T.);
#5550 = LINE('',#5551,#5552);
#5551 = CARTESIAN_POINT('',(117.0033333333,89.49666666666,
    15.493333333333));
#5552 = VECTOR('',#5553,1.);
#5553 = DIRECTION('',(-0.57735026919,0.57735026919,-0.57735026919));
#5554 = ORIENTED_EDGE('',*,*,#5484,.T.);
#5555 = ORIENTED_EDGE('',*,*,#2903,.T.);
#5556 = ORIENTED_EDGE('',*,*,#2954,.T.);
#5557 = PLANE('',#5558);
#5558 = AXIS2_PLACEMENT_3D('',#5559,#5560,#5561);
#5559 = CARTESIAN_POINT('',(110.005,91.,8.495));
#5560 = DIRECTION('',(-0.707106781187,8.659560562355E-17,0.707106781187)
  );
#5561 = DIRECTION('',(1.224646799147E-16,1.,0.));
#5562 = ADVANCED_FACE('',(#5563),#5574,.T.);
#5563 = FACE_BOUND('',#5564,.T.);
#5564 = EDGE_LOOP('',(#5565,#5566,#5572,#5573));
#5565 = ORIENTED_EDGE('',*,*,#5533,.F.);
#5566 = ORIENTED_EDGE('',*,*,#5567,.T.);
#5567 = EDGE_CURVE('',#5534,#3156,#5568,.T.);
#5568 = LINE('',#5569,#5570);
#5569 = CARTESIAN_POINT('',(117.5,76.01,1.));
#5570 = VECTOR('',#5571,1.);
#5571 = DIRECTION('',(-1.,1.224646799147E-16,0.));
#5572 = ORIENTED_EDGE('',*,*,#3155,.F.);
#5573 = ORIENTED_EDGE('',*,*,#2935,.F.);
#5574 = PLANE('',#5575);
#5575 = AXIS2_PLACEMENT_3D('',#5576,#5577,#5578);
#5576 = CARTESIAN_POINT('',(111.5,-1.365481181049E-14,1.));
#5577 = DIRECTION('',(0.,0.,1.));
#5578 = DIRECTION('',(-1.,1.224646799147E-16,0.));
#5579 = ADVANCED_FACE('',(#5580),#5587,.F.);
#5580 = FACE_BOUND('',#5581,.T.);
#5581 = EDGE_LOOP('',(#5582,#5583,#5584,#5585,#5586));
#5582 = ORIENTED_EDGE('',*,*,#3300,.F.);
#5583 = ORIENTED_EDGE('',*,*,#5240,.T.);
#5584 = ORIENTED_EDGE('',*,*,#2977,.T.);
#5585 = ORIENTED_EDGE('',*,*,#3195,.F.);
#5586 = ORIENTED_EDGE('',*,*,#3243,.F.);
#5587 = PLANE('',#5588);
#5588 = AXIS2_PLACEMENT_3D('',#5589,#5590,#5591);
#5589 = CARTESIAN_POINT('',(-4.505,82.5,27.505));
#5590 = DIRECTION('',(0.707106781187,-8.659560562355E-17,-0.707106781187
    ));
#5591 = DIRECTION('',(-1.224646799147E-16,-1.,0.));
#5592 = ADVANCED_FACE('',(#5593),#5618,.T.);
#5593 = FACE_BOUND('',#5594,.T.);
#5594 = EDGE_LOOP('',(#5595,#5605,#5611,#5612));
#5595 = ORIENTED_EDGE('',*,*,#5596,.F.);
#5596 = EDGE_CURVE('',#5597,#5599,#5601,.T.);
#5597 = VERTEX_POINT('',#5598);
#5598 = CARTESIAN_POINT('',(-3.64474260659,84.3,8.15476858634));
#5599 = VERTEX_POINT('',#5600);
#5600 = CARTESIAN_POINT('',(-2.831503201655,84.3,8.154768627621));
#5601 = LINE('',#5602,#5603);
#5602 = CARTESIAN_POINT('',(-6.642014978307,84.3,8.154768434196));
#5603 = VECTOR('',#5604,1.);
#5604 = DIRECTION('',(1.,-4.252295393341E-16,5.076075748622E-08));
#5605 = ORIENTED_EDGE('',*,*,#5606,.F.);
#5606 = EDGE_CURVE('',#2996,#5597,#5607,.T.);
#5607 = LINE('',#5608,#5609);
#5608 = CARTESIAN_POINT('',(-3.64474260659,84.3,8.15476858634));
#5609 = VECTOR('',#5610,1.);
#5610 = DIRECTION('',(-4.252295203646E-16,-1.,-3.737038904755E-16));
#5611 = ORIENTED_EDGE('',*,*,#2995,.T.);
#5612 = ORIENTED_EDGE('',*,*,#5613,.F.);
#5613 = EDGE_CURVE('',#5599,#2998,#5614,.T.);
#5614 = LINE('',#5615,#5616);
#5615 = CARTESIAN_POINT('',(-2.831503201655,84.3,8.154768627621));
#5616 = VECTOR('',#5617,1.);
#5617 = DIRECTION('',(4.252295203646E-16,1.,3.737038904755E-16));
#5618 = PLANE('',#5619);
#5619 = AXIS2_PLACEMENT_3D('',#5620,#5621,#5622);
#5620 = CARTESIAN_POINT('',(-6.642014978307,84.3,8.154768434196));
#5621 = DIRECTION('',(5.076075748622E-08,3.737038688905E-16,-1.));
#5622 = DIRECTION('',(1.,-4.252295393341E-16,5.076075748622E-08));
#5623 = ADVANCED_FACE('',(#5624),#5643,.F.);
#5624 = FACE_BOUND('',#5625,.F.);
#5625 = EDGE_LOOP('',(#5626,#5627,#5635,#5642));
#5626 = ORIENTED_EDGE('',*,*,#3063,.T.);
#5627 = ORIENTED_EDGE('',*,*,#5628,.T.);
#5628 = EDGE_CURVE('',#3056,#5629,#5631,.T.);
#5629 = VERTEX_POINT('',#5630);
#5630 = CARTESIAN_POINT('',(-5.828775573373,84.3,8.154768475477));
#5631 = LINE('',#5632,#5633);
#5632 = CARTESIAN_POINT('',(-5.828775573373,84.3,8.154768475477));
#5633 = VECTOR('',#5634,1.);
#5634 = DIRECTION('',(-4.252295203646E-16,-1.,-3.737038904755E-16));
#5635 = ORIENTED_EDGE('',*,*,#5636,.T.);
#5636 = EDGE_CURVE('',#5629,#5597,#5637,.T.);
#5637 = CIRCLE('',#5638,1.55);
#5638 = AXIS2_PLACEMENT_3D('',#5639,#5640,#5641);
#5639 = CARTESIAN_POINT('',(-4.736759034144,84.3,7.054768530909));
#5640 = DIRECTION('',(4.252295203646E-16,1.,3.737038904755E-16));
#5641 = DIRECTION('',(0.5,1.110223024625E-16,-0.866025403784));
#5642 = ORIENTED_EDGE('',*,*,#5606,.F.);
#5643 = CYLINDRICAL_SURFACE('',#5644,1.55);
#5644 = AXIS2_PLACEMENT_3D('',#5645,#5646,#5647);
#5645 = CARTESIAN_POINT('',(-4.736759034144,84.3,7.054768530909));
#5646 = DIRECTION('',(-4.252295203646E-16,-1.,-3.737038904755E-16));
#5647 = DIRECTION('',(0.5,1.110223024625E-16,-0.866025403784));
#5648 = ADVANCED_FACE('',(#5649),#5667,.T.);
#5649 = FACE_BOUND('',#5650,.T.);
#5650 = EDGE_LOOP('',(#5651,#5659,#5665,#5666));
#5651 = ORIENTED_EDGE('',*,*,#5652,.F.);
#5652 = EDGE_CURVE('',#5653,#5629,#5655,.T.);
#5653 = VERTEX_POINT('',#5654);
#5654 = CARTESIAN_POINT('',(-6.642014978307,84.3,8.154768434196));
#5655 = LINE('',#5656,#5657);
#5656 = CARTESIAN_POINT('',(-6.642014978307,84.3,8.154768434196));
#5657 = VECTOR('',#5658,1.);
#5658 = DIRECTION('',(1.,-4.252295393341E-16,5.076075748622E-08));
#5659 = ORIENTED_EDGE('',*,*,#5660,.T.);
#5660 = EDGE_CURVE('',#5653,#3048,#5661,.T.);
#5661 = LINE('',#5662,#5663);
#5662 = CARTESIAN_POINT('',(-6.642014978307,84.3,8.154768434196));
#5663 = VECTOR('',#5664,1.);
#5664 = DIRECTION('',(4.252295203646E-16,1.,3.737038904755E-16));
#5665 = ORIENTED_EDGE('',*,*,#3055,.T.);
#5666 = ORIENTED_EDGE('',*,*,#5628,.T.);
#5667 = PLANE('',#5668);
#5668 = AXIS2_PLACEMENT_3D('',#5669,#5670,#5671);
#5669 = CARTESIAN_POINT('',(-6.642014978307,84.3,8.154768434196));
#5670 = DIRECTION('',(5.076075748622E-08,3.737038688905E-16,-1.));
#5671 = DIRECTION('',(1.,-4.252295393341E-16,5.076075748622E-08));
#5672 = ADVANCED_FACE('',(#5673),#5691,.T.);
#5673 = FACE_BOUND('',#5674,.T.);
#5674 = EDGE_LOOP('',(#5675,#5683,#5689,#5690));
#5675 = ORIENTED_EDGE('',*,*,#5676,.F.);
#5676 = EDGE_CURVE('',#5677,#5653,#5679,.T.);
#5677 = VERTEX_POINT('',#5678);
#5678 = CARTESIAN_POINT('',(-6.23539524009,84.3,7.450482470805));
#5679 = LINE('',#5680,#5681);
#5680 = CARTESIAN_POINT('',(-4.73675892247,84.3,4.854768530909));
#5681 = VECTOR('',#5682,1.);
#5682 = DIRECTION('',(-0.50000004396,-1.110222742845E-16,0.866025378404)
  );
#5683 = ORIENTED_EDGE('',*,*,#5684,.F.);
#5684 = EDGE_CURVE('',#3039,#5677,#5685,.T.);
#5685 = LINE('',#5686,#5687);
#5686 = CARTESIAN_POINT('',(-6.23539524009,84.3,7.450482470805));
#5687 = VECTOR('',#5688,1.);
#5688 = DIRECTION('',(-4.252295203646E-16,-1.,-3.737038904755E-16));
#5689 = ORIENTED_EDGE('',*,*,#3047,.T.);
#5690 = ORIENTED_EDGE('',*,*,#5660,.F.);
#5691 = PLANE('',#5692);
#5692 = AXIS2_PLACEMENT_3D('',#5693,#5694,#5695);
#5693 = CARTESIAN_POINT('',(-4.73675892247,84.3,4.854768530909));
#5694 = DIRECTION('',(0.866025378404,-5.551115179482E-16,0.50000004396)
  );
#5695 = DIRECTION('',(-0.50000004396,-1.110222742845E-16,0.866025378404)
  );
#5696 = ADVANCED_FACE('',(#5697),#5716,.F.);
#5697 = FACE_BOUND('',#5698,.F.);
#5698 = EDGE_LOOP('',(#5699,#5700,#5701,#5709));
#5699 = ORIENTED_EDGE('',*,*,#5684,.F.);
#5700 = ORIENTED_EDGE('',*,*,#3038,.T.);
#5701 = ORIENTED_EDGE('',*,*,#5702,.T.);
#5702 = EDGE_CURVE('',#3031,#5703,#5705,.T.);
#5703 = VERTEX_POINT('',#5704);
#5704 = CARTESIAN_POINT('',(-5.143378660687,84.3,5.5590544943));
#5705 = LINE('',#5706,#5707);
#5706 = CARTESIAN_POINT('',(-5.143378660687,84.3,5.5590544943));
#5707 = VECTOR('',#5708,1.);
#5708 = DIRECTION('',(-4.252295203646E-16,-1.,-3.737038904755E-16));
#5709 = ORIENTED_EDGE('',*,*,#5710,.T.);
#5710 = EDGE_CURVE('',#5703,#5677,#5711,.T.);
#5711 = CIRCLE('',#5712,1.55);
#5712 = AXIS2_PLACEMENT_3D('',#5713,#5714,#5715);
#5713 = CARTESIAN_POINT('',(-4.736759034144,84.3,7.054768530909));
#5714 = DIRECTION('',(4.252295203646E-16,1.,3.737038904755E-16));
#5715 = DIRECTION('',(0.5,1.110223024625E-16,-0.866025403784));
#5716 = CYLINDRICAL_SURFACE('',#5717,1.55);
#5717 = AXIS2_PLACEMENT_3D('',#5718,#5719,#5720);
#5718 = CARTESIAN_POINT('',(-4.736759034144,84.3,7.054768530909));
#5719 = DIRECTION('',(-4.252295203646E-16,-1.,-3.737038904755E-16));
#5720 = DIRECTION('',(0.5,1.110223024625E-16,-0.866025403784));
#5721 = ADVANCED_FACE('',(#5722),#5740,.T.);
#5722 = FACE_BOUND('',#5723,.T.);
#5723 = EDGE_LOOP('',(#5724,#5732,#5738,#5739));
#5724 = ORIENTED_EDGE('',*,*,#5725,.F.);
#5725 = EDGE_CURVE('',#5726,#5703,#5728,.T.);
#5726 = VERTEX_POINT('',#5727);
#5727 = CARTESIAN_POINT('',(-4.73675892247,84.3,4.854768530909));
#5728 = LINE('',#5729,#5730);
#5729 = CARTESIAN_POINT('',(-4.73675892247,84.3,4.854768530909));
#5730 = VECTOR('',#5731,1.);
#5731 = DIRECTION('',(-0.50000004396,-1.110222742845E-16,0.866025378404)
  );
#5732 = ORIENTED_EDGE('',*,*,#5733,.T.);
#5733 = EDGE_CURVE('',#5726,#3023,#5734,.T.);
#5734 = LINE('',#5735,#5736);
#5735 = CARTESIAN_POINT('',(-4.73675892247,84.3,4.854768530909));
#5736 = VECTOR('',#5737,1.);
#5737 = DIRECTION('',(4.252295203646E-16,1.,3.737038904755E-16));
#5738 = ORIENTED_EDGE('',*,*,#3030,.T.);
#5739 = ORIENTED_EDGE('',*,*,#5702,.T.);
#5740 = PLANE('',#5741);
#5741 = AXIS2_PLACEMENT_3D('',#5742,#5743,#5744);
#5742 = CARTESIAN_POINT('',(-4.73675892247,84.3,4.854768530909));
#5743 = DIRECTION('',(0.866025378404,-5.551115179482E-16,0.50000004396)
  );
#5744 = DIRECTION('',(-0.50000004396,-1.110222742845E-16,0.866025378404)
  );
#5745 = ADVANCED_FACE('',(#5746),#5764,.T.);
#5746 = FACE_BOUND('',#5747,.T.);
#5747 = EDGE_LOOP('',(#5748,#5756,#5762,#5763));
#5748 = ORIENTED_EDGE('',*,*,#5749,.F.);
#5749 = EDGE_CURVE('',#5750,#5726,#5752,.T.);
#5750 = VERTEX_POINT('',#5751);
#5751 = CARTESIAN_POINT('',(-4.330139255753,84.3,5.55905453558));
#5752 = LINE('',#5753,#5754);
#5753 = CARTESIAN_POINT('',(-2.831503201655,84.3,8.154768627621));
#5754 = VECTOR('',#5755,1.);
#5755 = DIRECTION('',(-0.49999995604,5.362518136188E-16,-0.866025429165)
  );
#5756 = ORIENTED_EDGE('',*,*,#5757,.F.);
#5757 = EDGE_CURVE('',#3014,#5750,#5758,.T.);
#5758 = LINE('',#5759,#5760);
#5759 = CARTESIAN_POINT('',(-4.330139255753,84.3,5.55905453558));
#5760 = VECTOR('',#5761,1.);
#5761 = DIRECTION('',(-4.252295203646E-16,-1.,-3.737038904755E-16));
#5762 = ORIENTED_EDGE('',*,*,#3022,.T.);
#5763 = ORIENTED_EDGE('',*,*,#5733,.F.);
#5764 = PLANE('',#5765);
#5765 = AXIS2_PLACEMENT_3D('',#5766,#5767,#5768);
#5766 = CARTESIAN_POINT('',(-2.831503201655,84.3,8.154768627621));
#5767 = DIRECTION('',(-0.866025429165,1.814076490576E-16,0.49999995604)
  );
#5768 = DIRECTION('',(-0.49999995604,5.362518136188E-16,-0.866025429165)
  );
#5769 = ADVANCED_FACE('',(#5770),#5798,.F.);
#5770 = FACE_BOUND('',#5771,.F.);
#5771 = EDGE_LOOP('',(#5772,#5780,#5789,#5796,#5797));
#5772 = ORIENTED_EDGE('',*,*,#5773,.T.);
#5773 = EDGE_CURVE('',#3006,#5774,#5776,.T.);
#5774 = VERTEX_POINT('',#5775);
#5775 = CARTESIAN_POINT('',(-3.238122868372,84.3,7.45048262295));
#5776 = LINE('',#5777,#5778);
#5777 = CARTESIAN_POINT('',(-3.238122868372,84.3,7.45048262295));
#5778 = VECTOR('',#5779,1.);
#5779 = DIRECTION('',(-4.252295203646E-16,-1.,-3.737038904755E-16));
#5780 = ORIENTED_EDGE('',*,*,#5781,.T.);
#5781 = EDGE_CURVE('',#5774,#5782,#5784,.T.);
#5782 = VERTEX_POINT('',#5783);
#5783 = CARTESIAN_POINT('',(-3.961759034144,84.3,5.712429155043));
#5784 = CIRCLE('',#5785,1.55);
#5785 = AXIS2_PLACEMENT_3D('',#5786,#5787,#5788);
#5786 = CARTESIAN_POINT('',(-4.736759034144,84.3,7.054768530909));
#5787 = DIRECTION('',(4.252295203646E-16,1.,3.737038904755E-16));
#5788 = DIRECTION('',(0.5,1.110223024625E-16,-0.866025403784));
#5789 = ORIENTED_EDGE('',*,*,#5790,.T.);
#5790 = EDGE_CURVE('',#5782,#5750,#5791,.T.);
#5791 = CIRCLE('',#5792,1.55);
#5792 = AXIS2_PLACEMENT_3D('',#5793,#5794,#5795);
#5793 = CARTESIAN_POINT('',(-4.736759034144,84.3,7.054768530909));
#5794 = DIRECTION('',(4.252295203646E-16,1.,3.737038904755E-16));
#5795 = DIRECTION('',(0.5,1.110223024625E-16,-0.866025403784));
#5796 = ORIENTED_EDGE('',*,*,#5757,.F.);
#5797 = ORIENTED_EDGE('',*,*,#3013,.T.);
#5798 = CYLINDRICAL_SURFACE('',#5799,1.55);
#5799 = AXIS2_PLACEMENT_3D('',#5800,#5801,#5802);
#5800 = CARTESIAN_POINT('',(-4.736759034144,84.3,7.054768530909));
#5801 = DIRECTION('',(-4.252295203646E-16,-1.,-3.737038904755E-16));
#5802 = DIRECTION('',(0.5,1.110223024625E-16,-0.866025403784));
#5803 = ADVANCED_FACE('',(#5804),#5815,.T.);
#5804 = FACE_BOUND('',#5805,.T.);
#5805 = EDGE_LOOP('',(#5806,#5812,#5813,#5814));
#5806 = ORIENTED_EDGE('',*,*,#5807,.F.);
#5807 = EDGE_CURVE('',#5599,#5774,#5808,.T.);
#5808 = LINE('',#5809,#5810);
#5809 = CARTESIAN_POINT('',(-2.831503201655,84.3,8.154768627621));
#5810 = VECTOR('',#5811,1.);
#5811 = DIRECTION('',(-0.49999995604,5.362518136188E-16,-0.866025429165)
  );
#5812 = ORIENTED_EDGE('',*,*,#5613,.T.);
#5813 = ORIENTED_EDGE('',*,*,#3005,.T.);
#5814 = ORIENTED_EDGE('',*,*,#5773,.T.);
#5815 = PLANE('',#5816);
#5816 = AXIS2_PLACEMENT_3D('',#5817,#5818,#5819);
#5817 = CARTESIAN_POINT('',(-2.831503201655,84.3,8.154768627621));
#5818 = DIRECTION('',(-0.866025429165,1.814076490576E-16,0.49999995604)
  );
#5819 = DIRECTION('',(-0.49999995604,5.362518136188E-16,-0.866025429165)
  );
#5820 = ADVANCED_FACE('',(#5821),#5846,.T.);
#5821 = FACE_BOUND('',#5822,.T.);
#5822 = EDGE_LOOP('',(#5823,#5833,#5839,#5840));
#5823 = ORIENTED_EDGE('',*,*,#5824,.F.);
#5824 = EDGE_CURVE('',#5825,#5827,#5829,.T.);
#5825 = VERTEX_POINT('',#5826);
#5826 = CARTESIAN_POINT('',(-3.661532470224,84.3,20.003849483207));
#5827 = VERTEX_POINT('',#5828);
#5828 = CARTESIAN_POINT('',(-2.848293065289,84.3,20.003849524488));
#5829 = LINE('',#5830,#5831);
#5830 = CARTESIAN_POINT('',(-6.658804841941,84.3,20.003849331062));
#5831 = VECTOR('',#5832,1.);
#5832 = DIRECTION('',(1.,-4.252295393341E-16,5.076075748622E-08));
#5833 = ORIENTED_EDGE('',*,*,#5834,.F.);
#5834 = EDGE_CURVE('',#3073,#5825,#5835,.T.);
#5835 = LINE('',#5836,#5837);
#5836 = CARTESIAN_POINT('',(-3.661532470224,84.3,20.003849483207));
#5837 = VECTOR('',#5838,1.);
#5838 = DIRECTION('',(-4.252295203646E-16,-1.,-3.737038904755E-16));
#5839 = ORIENTED_EDGE('',*,*,#3072,.T.);
#5840 = ORIENTED_EDGE('',*,*,#5841,.F.);
#5841 = EDGE_CURVE('',#5827,#3075,#5842,.T.);
#5842 = LINE('',#5843,#5844);
#5843 = CARTESIAN_POINT('',(-2.848293065289,84.3,20.003849524488));
#5844 = VECTOR('',#5845,1.);
#5845 = DIRECTION('',(4.252295203646E-16,1.,3.737038904755E-16));
#5846 = PLANE('',#5847);
#5847 = AXIS2_PLACEMENT_3D('',#5848,#5849,#5850);
#5848 = CARTESIAN_POINT('',(-6.658804841941,84.3,20.003849331062));
#5849 = DIRECTION('',(5.076075748622E-08,3.737038688905E-16,-1.));
#5850 = DIRECTION('',(1.,-4.252295393341E-16,5.076075748622E-08));
#5851 = ADVANCED_FACE('',(#5852),#5871,.F.);
#5852 = FACE_BOUND('',#5853,.F.);
#5853 = EDGE_LOOP('',(#5854,#5855,#5863,#5870));
#5854 = ORIENTED_EDGE('',*,*,#3140,.T.);
#5855 = ORIENTED_EDGE('',*,*,#5856,.T.);
#5856 = EDGE_CURVE('',#3133,#5857,#5859,.T.);
#5857 = VERTEX_POINT('',#5858);
#5858 = CARTESIAN_POINT('',(-5.845565437007,84.3,20.003849372343));
#5859 = LINE('',#5860,#5861);
#5860 = CARTESIAN_POINT('',(-5.845565437007,84.3,20.003849372343));
#5861 = VECTOR('',#5862,1.);
#5862 = DIRECTION('',(-4.252295203646E-16,-1.,-3.737038904755E-16));
#5863 = ORIENTED_EDGE('',*,*,#5864,.T.);
#5864 = EDGE_CURVE('',#5857,#5825,#5865,.T.);
#5865 = CIRCLE('',#5866,1.55);
#5866 = AXIS2_PLACEMENT_3D('',#5867,#5868,#5869);
#5867 = CARTESIAN_POINT('',(-4.753548897778,84.3,18.903849427775));
#5868 = DIRECTION('',(4.252295203646E-16,1.,3.737038904755E-16));
#5869 = DIRECTION('',(0.5,1.110223024625E-16,-0.866025403784));
#5870 = ORIENTED_EDGE('',*,*,#5834,.F.);
#5871 = CYLINDRICAL_SURFACE('',#5872,1.55);
#5872 = AXIS2_PLACEMENT_3D('',#5873,#5874,#5875);
#5873 = CARTESIAN_POINT('',(-4.753548897778,84.3,18.903849427775));
#5874 = DIRECTION('',(-4.252295203646E-16,-1.,-3.737038904755E-16));
#5875 = DIRECTION('',(0.5,1.110223024625E-16,-0.866025403784));
#5876 = ADVANCED_FACE('',(#5877),#5895,.T.);
#5877 = FACE_BOUND('',#5878,.T.);
#5878 = EDGE_LOOP('',(#5879,#5887,#5893,#5894));
#5879 = ORIENTED_EDGE('',*,*,#5880,.F.);
#5880 = EDGE_CURVE('',#5881,#5857,#5883,.T.);
#5881 = VERTEX_POINT('',#5882);
#5882 = CARTESIAN_POINT('',(-6.658804841941,84.3,20.003849331062));
#5883 = LINE('',#5884,#5885);
#5884 = CARTESIAN_POINT('',(-6.658804841941,84.3,20.003849331062));
#5885 = VECTOR('',#5886,1.);
#5886 = DIRECTION('',(1.,-4.252295393341E-16,5.076075748622E-08));
#5887 = ORIENTED_EDGE('',*,*,#5888,.T.);
#5888 = EDGE_CURVE('',#5881,#3125,#5889,.T.);
#5889 = LINE('',#5890,#5891);
#5890 = CARTESIAN_POINT('',(-6.658804841941,84.3,20.003849331062));
#5891 = VECTOR('',#5892,1.);
#5892 = DIRECTION('',(4.252295203646E-16,1.,3.737038904755E-16));
#5893 = ORIENTED_EDGE('',*,*,#3132,.T.);
#5894 = ORIENTED_EDGE('',*,*,#5856,.T.);
#5895 = PLANE('',#5896);
#5896 = AXIS2_PLACEMENT_3D('',#5897,#5898,#5899);
#5897 = CARTESIAN_POINT('',(-6.658804841941,84.3,20.003849331062));
#5898 = DIRECTION('',(5.076075748622E-08,3.737038688905E-16,-1.));
#5899 = DIRECTION('',(1.,-4.252295393341E-16,5.076075748622E-08));
#5900 = ADVANCED_FACE('',(#5901),#5919,.T.);
#5901 = FACE_BOUND('',#5902,.T.);
#5902 = EDGE_LOOP('',(#5903,#5911,#5917,#5918));
#5903 = ORIENTED_EDGE('',*,*,#5904,.F.);
#5904 = EDGE_CURVE('',#5905,#5881,#5907,.T.);
#5905 = VERTEX_POINT('',#5906);
#5906 = CARTESIAN_POINT('',(-6.252185103724,84.3,19.299563367671));
#5907 = LINE('',#5908,#5909);
#5908 = CARTESIAN_POINT('',(-4.753548786103,84.3,16.703849427775));
#5909 = VECTOR('',#5910,1.);
#5910 = DIRECTION('',(-0.50000004396,-1.110222742845E-16,0.866025378404)
  );
#5911 = ORIENTED_EDGE('',*,*,#5912,.F.);
#5912 = EDGE_CURVE('',#3116,#5905,#5913,.T.);
#5913 = LINE('',#5914,#5915);
#5914 = CARTESIAN_POINT('',(-6.252185103724,84.3,19.299563367671));
#5915 = VECTOR('',#5916,1.);
#5916 = DIRECTION('',(-4.252295203646E-16,-1.,-3.737038904755E-16));
#5917 = ORIENTED_EDGE('',*,*,#3124,.T.);
#5918 = ORIENTED_EDGE('',*,*,#5888,.F.);
#5919 = PLANE('',#5920);
#5920 = AXIS2_PLACEMENT_3D('',#5921,#5922,#5923);
#5921 = CARTESIAN_POINT('',(-4.753548786103,84.3,16.703849427775));
#5922 = DIRECTION('',(0.866025378404,-5.551115179482E-16,0.50000004396)
  );
#5923 = DIRECTION('',(-0.50000004396,-1.110222742845E-16,0.866025378404)
  );
#5924 = ADVANCED_FACE('',(#5925),#5944,.F.);
#5925 = FACE_BOUND('',#5926,.F.);
#5926 = EDGE_LOOP('',(#5927,#5928,#5929,#5937));
#5927 = ORIENTED_EDGE('',*,*,#5912,.F.);
#5928 = ORIENTED_EDGE('',*,*,#3115,.T.);
#5929 = ORIENTED_EDGE('',*,*,#5930,.T.);
#5930 = EDGE_CURVE('',#3108,#5931,#5933,.T.);
#5931 = VERTEX_POINT('',#5932);
#5932 = CARTESIAN_POINT('',(-5.160168524321,84.3,17.408135391166));
#5933 = LINE('',#5934,#5935);
#5934 = CARTESIAN_POINT('',(-5.160168524321,84.3,17.408135391166));
#5935 = VECTOR('',#5936,1.);
#5936 = DIRECTION('',(-4.252295203646E-16,-1.,-3.737038904755E-16));
#5937 = ORIENTED_EDGE('',*,*,#5938,.T.);
#5938 = EDGE_CURVE('',#5931,#5905,#5939,.T.);
#5939 = CIRCLE('',#5940,1.55);
#5940 = AXIS2_PLACEMENT_3D('',#5941,#5942,#5943);
#5941 = CARTESIAN_POINT('',(-4.753548897778,84.3,18.903849427775));
#5942 = DIRECTION('',(4.252295203646E-16,1.,3.737038904755E-16));
#5943 = DIRECTION('',(0.5,1.110223024625E-16,-0.866025403784));
#5944 = CYLINDRICAL_SURFACE('',#5945,1.55);
#5945 = AXIS2_PLACEMENT_3D('',#5946,#5947,#5948);
#5946 = CARTESIAN_POINT('',(-4.753548897778,84.3,18.903849427775));
#5947 = DIRECTION('',(-4.252295203646E-16,-1.,-3.737038904755E-16));
#5948 = DIRECTION('',(0.5,1.110223024625E-16,-0.866025403784));
#5949 = ADVANCED_FACE('',(#5950),#5968,.T.);
#5950 = FACE_BOUND('',#5951,.T.);
#5951 = EDGE_LOOP('',(#5952,#5960,#5966,#5967));
#5952 = ORIENTED_EDGE('',*,*,#5953,.F.);
#5953 = EDGE_CURVE('',#5954,#5931,#5956,.T.);
#5954 = VERTEX_POINT('',#5955);
#5955 = CARTESIAN_POINT('',(-4.753548786103,84.3,16.703849427775));
#5956 = LINE('',#5957,#5958);
#5957 = CARTESIAN_POINT('',(-4.753548786103,84.3,16.703849427775));
#5958 = VECTOR('',#5959,1.);
#5959 = DIRECTION('',(-0.50000004396,-1.110222742845E-16,0.866025378404)
  );
#5960 = ORIENTED_EDGE('',*,*,#5961,.T.);
#5961 = EDGE_CURVE('',#5954,#3100,#5962,.T.);
#5962 = LINE('',#5963,#5964);
#5963 = CARTESIAN_POINT('',(-4.753548786103,84.3,16.703849427775));
#5964 = VECTOR('',#5965,1.);
#5965 = DIRECTION('',(4.252295203646E-16,1.,3.737038904755E-16));
#5966 = ORIENTED_EDGE('',*,*,#3107,.T.);
#5967 = ORIENTED_EDGE('',*,*,#5930,.T.);
#5968 = PLANE('',#5969);
#5969 = AXIS2_PLACEMENT_3D('',#5970,#5971,#5972);
#5970 = CARTESIAN_POINT('',(-4.753548786103,84.3,16.703849427775));
#5971 = DIRECTION('',(0.866025378404,-5.551115179482E-16,0.50000004396)
  );
#5972 = DIRECTION('',(-0.50000004396,-1.110222742845E-16,0.866025378404)
  );
#5973 = ADVANCED_FACE('',(#5974),#5992,.T.);
#5974 = FACE_BOUND('',#5975,.T.);
#5975 = EDGE_LOOP('',(#5976,#5984,#5990,#5991));
#5976 = ORIENTED_EDGE('',*,*,#5977,.F.);
#5977 = EDGE_CURVE('',#5978,#5954,#5980,.T.);
#5978 = VERTEX_POINT('',#5979);
#5979 = CARTESIAN_POINT('',(-4.346929119387,84.3,17.408135432446));
#5980 = LINE('',#5981,#5982);
#5981 = CARTESIAN_POINT('',(-2.848293065289,84.3,20.003849524488));
#5982 = VECTOR('',#5983,1.);
#5983 = DIRECTION('',(-0.49999995604,5.362518136188E-16,-0.866025429165)
  );
#5984 = ORIENTED_EDGE('',*,*,#5985,.F.);
#5985 = EDGE_CURVE('',#3091,#5978,#5986,.T.);
#5986 = LINE('',#5987,#5988);
#5987 = CARTESIAN_POINT('',(-4.346929119387,84.3,17.408135432446));
#5988 = VECTOR('',#5989,1.);
#5989 = DIRECTION('',(-4.252295203646E-16,-1.,-3.737038904755E-16));
#5990 = ORIENTED_EDGE('',*,*,#3099,.T.);
#5991 = ORIENTED_EDGE('',*,*,#5961,.F.);
#5992 = PLANE('',#5993);
#5993 = AXIS2_PLACEMENT_3D('',#5994,#5995,#5996);
#5994 = CARTESIAN_POINT('',(-2.848293065289,84.3,20.003849524488));
#5995 = DIRECTION('',(-0.866025429165,1.814076490576E-16,0.49999995604)
  );
#5996 = DIRECTION('',(-0.49999995604,5.362518136188E-16,-0.866025429165)
  );
#5997 = ADVANCED_FACE('',(#5998),#6026,.F.);
#5998 = FACE_BOUND('',#5999,.F.);
#5999 = EDGE_LOOP('',(#6000,#6008,#6017,#6024,#6025));
#6000 = ORIENTED_EDGE('',*,*,#6001,.T.);
#6001 = EDGE_CURVE('',#3083,#6002,#6004,.T.);
#6002 = VERTEX_POINT('',#6003);
#6003 = CARTESIAN_POINT('',(-3.254912732006,84.3,19.299563519816));
#6004 = LINE('',#6005,#6006);
#6005 = CARTESIAN_POINT('',(-3.254912732006,84.3,19.299563519816));
#6006 = VECTOR('',#6007,1.);
#6007 = DIRECTION('',(-4.252295203646E-16,-1.,-3.737038904755E-16));
#6008 = ORIENTED_EDGE('',*,*,#6009,.T.);
#6009 = EDGE_CURVE('',#6002,#6010,#6012,.T.);
#6010 = VERTEX_POINT('',#6011);
#6011 = CARTESIAN_POINT('',(-3.978548897778,84.3,17.561510051909));
#6012 = CIRCLE('',#6013,1.55);
#6013 = AXIS2_PLACEMENT_3D('',#6014,#6015,#6016);
#6014 = CARTESIAN_POINT('',(-4.753548897778,84.3,18.903849427775));
#6015 = DIRECTION('',(4.252295203646E-16,1.,3.737038904755E-16));
#6016 = DIRECTION('',(0.5,1.110223024625E-16,-0.866025403784));
#6017 = ORIENTED_EDGE('',*,*,#6018,.T.);
#6018 = EDGE_CURVE('',#6010,#5978,#6019,.T.);
#6019 = CIRCLE('',#6020,1.55);
#6020 = AXIS2_PLACEMENT_3D('',#6021,#6022,#6023);
#6021 = CARTESIAN_POINT('',(-4.753548897778,84.3,18.903849427775));
#6022 = DIRECTION('',(4.252295203646E-16,1.,3.737038904755E-16));
#6023 = DIRECTION('',(0.5,1.110223024625E-16,-0.866025403784));
#6024 = ORIENTED_EDGE('',*,*,#5985,.F.);
#6025 = ORIENTED_EDGE('',*,*,#3090,.T.);
#6026 = CYLINDRICAL_SURFACE('',#6027,1.55);
#6027 = AXIS2_PLACEMENT_3D('',#6028,#6029,#6030);
#6028 = CARTESIAN_POINT('',(-4.753548897778,84.3,18.903849427775));
#6029 = DIRECTION('',(-4.252295203646E-16,-1.,-3.737038904755E-16));
#6030 = DIRECTION('',(0.5,1.110223024625E-16,-0.866025403784));
#6031 = ADVANCED_FACE('',(#6032),#6043,.T.);
#6032 = FACE_BOUND('',#6033,.T.);
#6033 = EDGE_LOOP('',(#6034,#6040,#6041,#6042));
#6034 = ORIENTED_EDGE('',*,*,#6035,.F.);
#6035 = EDGE_CURVE('',#5827,#6002,#6036,.T.);
#6036 = LINE('',#6037,#6038);
#6037 = CARTESIAN_POINT('',(-2.848293065289,84.3,20.003849524488));
#6038 = VECTOR('',#6039,1.);
#6039 = DIRECTION('',(-0.49999995604,5.362518136188E-16,-0.866025429165)
  );
#6040 = ORIENTED_EDGE('',*,*,#5841,.T.);
#6041 = ORIENTED_EDGE('',*,*,#3082,.T.);
#6042 = ORIENTED_EDGE('',*,*,#6001,.T.);
#6043 = PLANE('',#6044);
#6044 = AXIS2_PLACEMENT_3D('',#6045,#6046,#6047);
#6045 = CARTESIAN_POINT('',(-2.848293065289,84.3,20.003849524488));
#6046 = DIRECTION('',(-0.866025429165,1.814076490576E-16,0.49999995604)
  );
#6047 = DIRECTION('',(-0.49999995604,5.362518136188E-16,-0.866025429165)
  );
#6048 = ADVANCED_FACE('',(#6049),#6068,.F.);
#6049 = FACE_BOUND('',#6050,.T.);
#6050 = EDGE_LOOP('',(#6051,#6052,#6060,#6066,#6067));
#6051 = ORIENTED_EDGE('',*,*,#5541,.F.);
#6052 = ORIENTED_EDGE('',*,*,#6053,.T.);
#6053 = EDGE_CURVE('',#5542,#6054,#6056,.T.);
#6054 = VERTEX_POINT('',#6055);
#6055 = CARTESIAN_POINT('',(115.5,91.,15.99));
#6056 = LINE('',#6057,#6058);
#6057 = CARTESIAN_POINT('',(115.9966666666,90.50333333333,
    15.493333333333));
#6058 = VECTOR('',#6059,1.);
#6059 = DIRECTION('',(-0.57735026919,0.57735026919,0.57735026919));
#6060 = ORIENTED_EDGE('',*,*,#6061,.T.);
#6061 = EDGE_CURVE('',#6054,#3164,#6062,.T.);
#6062 = LINE('',#6063,#6064);
#6063 = CARTESIAN_POINT('',(117.5,91.,15.99));
#6064 = VECTOR('',#6065,1.);
#6065 = DIRECTION('',(-1.,1.224646799147E-16,0.));
#6066 = ORIENTED_EDGE('',*,*,#3163,.T.);
#6067 = ORIENTED_EDGE('',*,*,#5567,.F.);
#6068 = PLANE('',#6069);
#6069 = AXIS2_PLACEMENT_3D('',#6070,#6071,#6072);
#6070 = CARTESIAN_POINT('',(117.5,83.505,8.495));
#6071 = DIRECTION('',(8.659560562355E-17,0.707106781187,-0.707106781187)
  );
#6072 = DIRECTION('',(1.,-1.224646799147E-16,0.));
#6073 = ADVANCED_FACE('',(#6074),#6087,.T.);
#6074 = FACE_BOUND('',#6075,.T.);
#6075 = EDGE_LOOP('',(#6076,#6077,#6078,#6079,#6080,#6086));
#6076 = ORIENTED_EDGE('',*,*,#3276,.T.);
#6077 = ORIENTED_EDGE('',*,*,#3229,.F.);
#6078 = ORIENTED_EDGE('',*,*,#3171,.F.);
#6079 = ORIENTED_EDGE('',*,*,#6061,.F.);
#6080 = ORIENTED_EDGE('',*,*,#6081,.F.);
#6081 = EDGE_CURVE('',#4205,#6054,#6082,.T.);
#6082 = LINE('',#6083,#6084);
#6083 = CARTESIAN_POINT('',(115.5,91.,32.));
#6084 = VECTOR('',#6085,1.);
#6085 = DIRECTION('',(-0.,0.,-1.));
#6086 = ORIENTED_EDGE('',*,*,#4204,.F.);
#6087 = PLANE('',#6088);
#6088 = AXIS2_PLACEMENT_3D('',#6089,#6090,#6091);
#6089 = CARTESIAN_POINT('',(58.75,91.,16.));
#6090 = DIRECTION('',(-1.224646799147E-16,-1.,0.));
#6091 = DIRECTION('',(0.,0.,1.));
#6092 = ADVANCED_FACE('',(#6093),#6105,.F.);
#6093 = FACE_BOUND('',#6094,.F.);
#6094 = EDGE_LOOP('',(#6095,#6096,#6097,#6098,#6099,#6100,#6101,#6102,
    #6103,#6104));
#6095 = ORIENTED_EDGE('',*,*,#3399,.F.);
#6096 = ORIENTED_EDGE('',*,*,#3375,.F.);
#6097 = ORIENTED_EDGE('',*,*,#3366,.F.);
#6098 = ORIENTED_EDGE('',*,*,#3569,.F.);
#6099 = ORIENTED_EDGE('',*,*,#3545,.F.);
#6100 = ORIENTED_EDGE('',*,*,#3522,.F.);
#6101 = ORIENTED_EDGE('',*,*,#3496,.F.);
#6102 = ORIENTED_EDGE('',*,*,#3472,.F.);
#6103 = ORIENTED_EDGE('',*,*,#3457,.F.);
#6104 = ORIENTED_EDGE('',*,*,#3423,.F.);
#6105 = PLANE('',#6106);
#6106 = AXIS2_PLACEMENT_3D('',#6107,#6108,#6109);
#6107 = CARTESIAN_POINT('',(111.51227834753,84.96437729704,6.845));
#6108 = DIRECTION('',(8.659560562355E-17,8.659560562355E-17,1.));
#6109 = DIRECTION('',(2.22044604925E-16,1.,-8.659560562355E-17));
#6110 = ADVANCED_FACE('',(#6111),#6123,.F.);
#6111 = FACE_BOUND('',#6112,.F.);
#6112 = EDGE_LOOP('',(#6113,#6114,#6115,#6116,#6117,#6118,#6119,#6120,
    #6121,#6122));
#6113 = ORIENTED_EDGE('',*,*,#3646,.F.);
#6114 = ORIENTED_EDGE('',*,*,#3622,.F.);
#6115 = ORIENTED_EDGE('',*,*,#3613,.F.);
#6116 = ORIENTED_EDGE('',*,*,#3816,.F.);
#6117 = ORIENTED_EDGE('',*,*,#3792,.F.);
#6118 = ORIENTED_EDGE('',*,*,#3769,.F.);
#6119 = ORIENTED_EDGE('',*,*,#3743,.F.);
#6120 = ORIENTED_EDGE('',*,*,#3719,.F.);
#6121 = ORIENTED_EDGE('',*,*,#3704,.F.);
#6122 = ORIENTED_EDGE('',*,*,#3670,.F.);
#6123 = PLANE('',#6124);
#6124 = AXIS2_PLACEMENT_3D('',#6125,#6126,#6127);
#6125 = CARTESIAN_POINT('',(111.51227834753,-84.99562270296,6.845));
#6126 = DIRECTION('',(8.659560562355E-17,8.659560562355E-17,1.));
#6127 = DIRECTION('',(2.22044604925E-16,1.,-8.659560562355E-17));
#6128 = ADVANCED_FACE('',(#6129),#6135,.T.);
#6129 = FACE_BOUND('',#6130,.T.);
#6130 = EDGE_LOOP('',(#6131,#6132,#6133,#6134));
#6131 = ORIENTED_EDGE('',*,*,#4030,.T.);
#6132 = ORIENTED_EDGE('',*,*,#3935,.F.);
#6133 = ORIENTED_EDGE('',*,*,#3903,.F.);
#6134 = ORIENTED_EDGE('',*,*,#4148,.T.);
#6135 = PLANE('',#6136);
#6136 = AXIS2_PLACEMENT_3D('',#6137,#6138,#6139);
#6137 = CARTESIAN_POINT('',(87.5,-76.5,24.5));
#6138 = DIRECTION('',(1.224646799147E-16,1.,-0.));
#6139 = DIRECTION('',(-0.,0.,-1.));
#6140 = ADVANCED_FACE('',(#6141),#6147,.F.);
#6141 = FACE_BOUND('',#6142,.F.);
#6142 = EDGE_LOOP('',(#6143,#6144,#6145,#6146));
#6143 = ORIENTED_EDGE('',*,*,#3974,.F.);
#6144 = ORIENTED_EDGE('',*,*,#3999,.F.);
#6145 = ORIENTED_EDGE('',*,*,#4013,.T.);
#6146 = ORIENTED_EDGE('',*,*,#3951,.T.);
#6147 = PLANE('',#6148);
#6148 = AXIS2_PLACEMENT_3D('',#6149,#6150,#6151);
#6149 = CARTESIAN_POINT('',(102.5,-78.5,32.));
#6150 = DIRECTION('',(1.224646799147E-16,1.,0.));
#6151 = DIRECTION('',(-1.,1.224646799147E-16,0.));
#6152 = ADVANCED_FACE('',(#6153),#6158,.T.);
#6153 = FACE_BOUND('',#6154,.T.);
#6154 = EDGE_LOOP('',(#6155,#6156,#6157));
#6155 = ORIENTED_EDGE('',*,*,#4182,.F.);
#6156 = ORIENTED_EDGE('',*,*,#4085,.T.);
#6157 = ORIENTED_EDGE('',*,*,#4062,.F.);
#6158 = PLANE('',#6159);
#6159 = AXIS2_PLACEMENT_3D('',#6160,#6161,#6162);
#6160 = CARTESIAN_POINT('',(117.5,-89.,30.));
#6161 = DIRECTION('',(-0.57735026919,0.57735026919,-0.57735026919));
#6162 = DIRECTION('',(5.520030668733E-15,-0.707106781187,-0.707106781187
    ));
#6163 = ADVANCED_FACE('',(#6164),#6174,.T.);
#6164 = FACE_BOUND('',#6165,.T.);
#6165 = EDGE_LOOP('',(#6166,#6167,#6173));
#6166 = ORIENTED_EDGE('',*,*,#4212,.F.);
#6167 = ORIENTED_EDGE('',*,*,#6168,.T.);
#6168 = EDGE_CURVE('',#4205,#4175,#6169,.T.);
#6169 = LINE('',#6170,#6171);
#6170 = CARTESIAN_POINT('',(116.,90.5,30.));
#6171 = VECTOR('',#6172,1.);
#6172 = DIRECTION('',(0.707106781187,-0.707106781187,1.899999999999E-16)
  );
#6173 = ORIENTED_EDGE('',*,*,#4189,.F.);
#6174 = PLANE('',#6175);
#6175 = AXIS2_PLACEMENT_3D('',#6176,#6177,#6178);
#6176 = CARTESIAN_POINT('',(115.5,91.,30.));
#6177 = DIRECTION('',(-0.57735026919,-0.57735026919,-0.57735026919));
#6178 = DIRECTION('',(0.707106781187,2.442669683897E-17,-0.707106781187)
  );
#6179 = ADVANCED_FACE('',(#6180),#6199,.T.);
#6180 = FACE_BOUND('',#6181,.T.);
#6181 = EDGE_LOOP('',(#6182,#6183,#6191,#6198));
#6182 = ORIENTED_EDGE('',*,*,#4237,.T.);
#6183 = ORIENTED_EDGE('',*,*,#6184,.F.);
#6184 = EDGE_CURVE('',#6185,#4228,#6187,.T.);
#6185 = VERTEX_POINT('',#6186);
#6186 = CARTESIAN_POINT('',(49.117,-68.61,27.773));
#6187 = LINE('',#6188,#6189);
#6188 = CARTESIAN_POINT('',(49.117,-68.61,27.773));
#6189 = VECTOR('',#6190,1.);
#6190 = DIRECTION('',(0.,0.,1.));
#6191 = ORIENTED_EDGE('',*,*,#6192,.T.);
#6192 = EDGE_CURVE('',#6185,#6185,#6193,.T.);
#6193 = CIRCLE('',#6194,4.);
#6194 = AXIS2_PLACEMENT_3D('',#6195,#6196,#6197);
#6195 = CARTESIAN_POINT('',(53.117,-68.61,27.773));
#6196 = DIRECTION('',(0.,0.,1.));
#6197 = DIRECTION('',(-1.,1.224646799147E-16,0.));
#6198 = ORIENTED_EDGE('',*,*,#6184,.T.);
#6199 = CYLINDRICAL_SURFACE('',#6200,4.);
#6200 = AXIS2_PLACEMENT_3D('',#6201,#6202,#6203);
#6201 = CARTESIAN_POINT('',(53.117,-68.61,27.773));
#6202 = DIRECTION('',(0.,0.,-1.));
#6203 = DIRECTION('',(-1.,1.224646799147E-16,0.));
#6204 = ADVANCED_FACE('',(#6205),#6224,.T.);
#6205 = FACE_BOUND('',#6206,.T.);
#6206 = EDGE_LOOP('',(#6207,#6208,#6216,#6223));
#6207 = ORIENTED_EDGE('',*,*,#4262,.T.);
#6208 = ORIENTED_EDGE('',*,*,#6209,.F.);
#6209 = EDGE_CURVE('',#6210,#4253,#6212,.T.);
#6210 = VERTEX_POINT('',#6211);
#6211 = CARTESIAN_POINT('',(49.107,33.11,27.773));
#6212 = LINE('',#6213,#6214);
#6213 = CARTESIAN_POINT('',(49.107,33.11,27.773));
#6214 = VECTOR('',#6215,1.);
#6215 = DIRECTION('',(0.,0.,1.));
#6216 = ORIENTED_EDGE('',*,*,#6217,.T.);
#6217 = EDGE_CURVE('',#6210,#6210,#6218,.T.);
#6218 = CIRCLE('',#6219,4.);
#6219 = AXIS2_PLACEMENT_3D('',#6220,#6221,#6222);
#6220 = CARTESIAN_POINT('',(53.107,33.11,27.773));
#6221 = DIRECTION('',(0.,0.,1.));
#6222 = DIRECTION('',(-1.,1.224646799147E-16,0.));
#6223 = ORIENTED_EDGE('',*,*,#6209,.T.);
#6224 = CYLINDRICAL_SURFACE('',#6225,4.);
#6225 = AXIS2_PLACEMENT_3D('',#6226,#6227,#6228);
#6226 = CARTESIAN_POINT('',(53.107,33.11,27.773));
#6227 = DIRECTION('',(0.,0.,-1.));
#6228 = DIRECTION('',(-1.,1.224646799147E-16,0.));
#6229 = ADVANCED_FACE('',(#6230),#6242,.F.);
#6230 = FACE_BOUND('',#6231,.F.);
#6231 = EDGE_LOOP('',(#6232,#6233,#6234,#6235,#6236,#6237,#6238,#6239,
    #6240,#6241));
#6232 = ORIENTED_EDGE('',*,*,#4826,.T.);
#6233 = ORIENTED_EDGE('',*,*,#4850,.T.);
#6234 = ORIENTED_EDGE('',*,*,#4880,.T.);
#6235 = ORIENTED_EDGE('',*,*,#4899,.T.);
#6236 = ORIENTED_EDGE('',*,*,#4923,.T.);
#6237 = ORIENTED_EDGE('',*,*,#4945,.T.);
#6238 = ORIENTED_EDGE('',*,*,#4972,.T.);
#6239 = ORIENTED_EDGE('',*,*,#4996,.T.);
#6240 = ORIENTED_EDGE('',*,*,#4809,.T.);
#6241 = ORIENTED_EDGE('',*,*,#4800,.T.);
#6242 = PLANE('',#6243);
#6243 = AXIS2_PLACEMENT_3D('',#6244,#6245,#6246);
#6244 = CARTESIAN_POINT('',(-4.659199585072,-84.15,7.002988319579));
#6245 = DIRECTION('',(4.252295203646E-16,1.,3.737038904755E-16));
#6246 = DIRECTION('',(0.5,1.110223024625E-16,-0.866025403784));
#6247 = ADVANCED_FACE('',(#6248),#6260,.F.);
#6248 = FACE_BOUND('',#6249,.F.);
#6249 = EDGE_LOOP('',(#6250,#6251,#6252,#6253,#6254,#6255,#6256,#6257,
    #6258,#6259));
#6250 = ORIENTED_EDGE('',*,*,#5054,.T.);
#6251 = ORIENTED_EDGE('',*,*,#5078,.T.);
#6252 = ORIENTED_EDGE('',*,*,#5108,.T.);
#6253 = ORIENTED_EDGE('',*,*,#5127,.T.);
#6254 = ORIENTED_EDGE('',*,*,#5151,.T.);
#6255 = ORIENTED_EDGE('',*,*,#5173,.T.);
#6256 = ORIENTED_EDGE('',*,*,#5200,.T.);
#6257 = ORIENTED_EDGE('',*,*,#5224,.T.);
#6258 = ORIENTED_EDGE('',*,*,#5037,.T.);
#6259 = ORIENTED_EDGE('',*,*,#5028,.T.);
#6260 = PLANE('',#6261);
#6261 = AXIS2_PLACEMENT_3D('',#6262,#6263,#6264);
#6262 = CARTESIAN_POINT('',(-4.750630464858,-84.15,18.901351248748));
#6263 = DIRECTION('',(4.252295203646E-16,1.,3.737038904755E-16));
#6264 = DIRECTION('',(0.5,1.110223024625E-16,-0.866025403784));
#6265 = ADVANCED_FACE('',(#6266),#6273,.T.);
#6266 = FACE_BOUND('',#6267,.F.);
#6267 = EDGE_LOOP('',(#6268,#6269,#6270,#6271,#6272));
#6268 = ORIENTED_EDGE('',*,*,#5549,.T.);
#6269 = ORIENTED_EDGE('',*,*,#6053,.T.);
#6270 = ORIENTED_EDGE('',*,*,#6081,.F.);
#6271 = ORIENTED_EDGE('',*,*,#6168,.T.);
#6272 = ORIENTED_EDGE('',*,*,#5492,.T.);
#6273 = PLANE('',#6274);
#6274 = AXIS2_PLACEMENT_3D('',#6275,#6276,#6277);
#6275 = CARTESIAN_POINT('',(116.5,90.,32.));
#6276 = DIRECTION('',(-0.707106781187,-0.707106781187,0.));
#6277 = DIRECTION('',(0.,0.,1.));
#6278 = ADVANCED_FACE('',(#6279),#6291,.F.);
#6279 = FACE_BOUND('',#6280,.F.);
#6280 = EDGE_LOOP('',(#6281,#6282,#6283,#6284,#6285,#6286,#6287,#6288,
    #6289,#6290));
#6281 = ORIENTED_EDGE('',*,*,#5749,.F.);
#6282 = ORIENTED_EDGE('',*,*,#5790,.F.);
#6283 = ORIENTED_EDGE('',*,*,#5781,.F.);
#6284 = ORIENTED_EDGE('',*,*,#5807,.F.);
#6285 = ORIENTED_EDGE('',*,*,#5596,.F.);
#6286 = ORIENTED_EDGE('',*,*,#5636,.F.);
#6287 = ORIENTED_EDGE('',*,*,#5652,.F.);
#6288 = ORIENTED_EDGE('',*,*,#5676,.F.);
#6289 = ORIENTED_EDGE('',*,*,#5710,.F.);
#6290 = ORIENTED_EDGE('',*,*,#5725,.F.);
#6291 = PLANE('',#6292);
#6292 = AXIS2_PLACEMENT_3D('',#6293,#6294,#6295);
#6293 = CARTESIAN_POINT('',(-4.733840601224,84.3,7.052270351882));
#6294 = DIRECTION('',(-4.252295203646E-16,-1.,-3.737038904755E-16));
#6295 = DIRECTION('',(-0.5,-1.110223024625E-16,0.866025403784));
#6296 = ADVANCED_FACE('',(#6297),#6309,.F.);
#6297 = FACE_BOUND('',#6298,.F.);
#6298 = EDGE_LOOP('',(#6299,#6300,#6301,#6302,#6303,#6304,#6305,#6306,
    #6307,#6308));
#6299 = ORIENTED_EDGE('',*,*,#5977,.F.);
#6300 = ORIENTED_EDGE('',*,*,#6018,.F.);
#6301 = ORIENTED_EDGE('',*,*,#6009,.F.);
#6302 = ORIENTED_EDGE('',*,*,#6035,.F.);
#6303 = ORIENTED_EDGE('',*,*,#5824,.F.);
#6304 = ORIENTED_EDGE('',*,*,#5864,.F.);
#6305 = ORIENTED_EDGE('',*,*,#5880,.F.);
#6306 = ORIENTED_EDGE('',*,*,#5904,.F.);
#6307 = ORIENTED_EDGE('',*,*,#5938,.F.);
#6308 = ORIENTED_EDGE('',*,*,#5953,.F.);
#6309 = PLANE('',#6310);
#6310 = AXIS2_PLACEMENT_3D('',#6311,#6312,#6313);
#6311 = CARTESIAN_POINT('',(-4.750630464858,84.3,18.901351248748));
#6312 = DIRECTION('',(-4.252295203646E-16,-1.,-3.737038904755E-16));
#6313 = DIRECTION('',(-0.5,-1.110223024625E-16,0.866025403784));
#6314 = ADVANCED_FACE('',(#6315,#6318),#6395,.F.);
#6315 = FACE_BOUND('',#6316,.F.);
#6316 = EDGE_LOOP('',(#6317));
#6317 = ORIENTED_EDGE('',*,*,#6192,.T.);
#6318 = FACE_BOUND('',#6319,.F.);
#6319 = EDGE_LOOP('',(#6320,#6330,#6338,#6347,#6355,#6363,#6372,#6380,
    #6388));
#6320 = ORIENTED_EDGE('',*,*,#6321,.T.);
#6321 = EDGE_CURVE('',#6322,#6324,#6326,.T.);
#6322 = VERTEX_POINT('',#6323);
#6323 = CARTESIAN_POINT('',(54.565713995328,-68.1733802216,27.773));
#6324 = VERTEX_POINT('',#6325);
#6325 = CARTESIAN_POINT('',(55.27,-68.57999988832,27.773));
#6326 = LINE('',#6327,#6328);
#6327 = CARTESIAN_POINT('',(41.80573275484,-60.80640248116,27.773));
#6328 = VECTOR('',#6329,1.);
#6329 = DIRECTION('',(0.866025429165,-0.49999995604,0.));
#6330 = ORIENTED_EDGE('',*,*,#6331,.T.);
#6331 = EDGE_CURVE('',#6324,#6332,#6334,.T.);
#6332 = VERTEX_POINT('',#6333);
#6333 = CARTESIAN_POINT('',(54.565714036609,-68.98661962654,27.773));
#6334 = LINE('',#6335,#6336);
#6335 = CARTESIAN_POINT('',(65.465768486887,-62.69346951776,27.773));
#6336 = VECTOR('',#6337,1.);
#6337 = DIRECTION('',(-0.866025378404,-0.50000004396,0.));
#6338 = ORIENTED_EDGE('',*,*,#6339,.F.);
#6339 = EDGE_CURVE('',#6340,#6332,#6342,.T.);
#6340 = VERTEX_POINT('',#6341);
#6341 = CARTESIAN_POINT('',(52.674286060103,-70.07863620594,27.773));
#6342 = CIRCLE('',#6343,1.55);
#6343 = AXIS2_PLACEMENT_3D('',#6344,#6345,#6346);
#6344 = CARTESIAN_POINT('',(53.07,-68.58,27.773));
#6345 = DIRECTION('',(8.659560562355E-17,8.659560562355E-17,1.));
#6346 = DIRECTION('',(-2.22044604925E-16,-1.,8.659560562355E-17));
#6347 = ORIENTED_EDGE('',*,*,#6348,.T.);
#6348 = EDGE_CURVE('',#6340,#6349,#6351,.T.);
#6349 = VERTEX_POINT('',#6350);
#6350 = CARTESIAN_POINT('',(51.970000096713,-70.48525594416,27.773));
#6351 = LINE('',#6352,#6353);
#6352 = CARTESIAN_POINT('',(65.465768486887,-62.69346951776,27.773));
#6353 = VECTOR('',#6354,1.);
#6354 = DIRECTION('',(-0.866025378404,-0.50000004396,0.));
#6355 = ORIENTED_EDGE('',*,*,#6356,.T.);
#6356 = EDGE_CURVE('',#6349,#6357,#6359,.T.);
#6357 = VERTEX_POINT('',#6358);
#6358 = CARTESIAN_POINT('',(51.970000055432,-69.67201653922,27.773));
#6359 = LINE('',#6360,#6361);
#6360 = CARTESIAN_POINT('',(51.969998758265,-44.11762800106,27.773));
#6361 = VECTOR('',#6362,1.);
#6362 = DIRECTION('',(-5.076101552796E-08,1.,0.));
#6363 = ORIENTED_EDGE('',*,*,#6364,.F.);
#6364 = EDGE_CURVE('',#6365,#6357,#6367,.T.);
#6365 = VERTEX_POINT('',#6366);
#6366 = CARTESIAN_POINT('',(51.969999944568,-67.48798357244,27.773));
#6367 = CIRCLE('',#6368,1.55);
#6368 = AXIS2_PLACEMENT_3D('',#6369,#6370,#6371);
#6369 = CARTESIAN_POINT('',(53.07,-68.58,27.773));
#6370 = DIRECTION('',(8.659560562355E-17,8.659560562355E-17,1.));
#6371 = DIRECTION('',(-2.22044604925E-16,-1.,8.659560562355E-17));
#6372 = ORIENTED_EDGE('',*,*,#6373,.T.);
#6373 = EDGE_CURVE('',#6365,#6374,#6376,.T.);
#6374 = VERTEX_POINT('',#6375);
#6375 = CARTESIAN_POINT('',(51.969999903287,-66.67474416751,27.773));
#6376 = LINE('',#6377,#6378);
#6377 = CARTESIAN_POINT('',(51.969998758265,-44.11762800106,27.773));
#6378 = VECTOR('',#6379,1.);
#6379 = DIRECTION('',(-5.076101552796E-08,1.,0.));
#6380 = ORIENTED_EDGE('',*,*,#6381,.T.);
#6381 = EDGE_CURVE('',#6374,#6382,#6384,.T.);
#6382 = VERTEX_POINT('',#6383);
#6383 = CARTESIAN_POINT('',(52.674285907959,-67.08136383422,27.773));
#6384 = LINE('',#6385,#6386);
#6385 = CARTESIAN_POINT('',(41.80573275484,-60.80640248116,27.773));
#6386 = VECTOR('',#6387,1.);
#6387 = DIRECTION('',(0.866025429165,-0.49999995604,0.));
#6388 = ORIENTED_EDGE('',*,*,#6389,.F.);
#6389 = EDGE_CURVE('',#6322,#6382,#6390,.T.);
#6390 = CIRCLE('',#6391,1.55);
#6391 = AXIS2_PLACEMENT_3D('',#6392,#6393,#6394);
#6392 = CARTESIAN_POINT('',(53.07,-68.58,27.773));
#6393 = DIRECTION('',(8.659560562355E-17,8.659560562355E-17,1.));
#6394 = DIRECTION('',(-2.22044604925E-16,-1.,8.659560562355E-17));
#6395 = PLANE('',#6396);
#6396 = AXIS2_PLACEMENT_3D('',#6397,#6398,#6399);
#6397 = CARTESIAN_POINT('',(53.112,-17.75,27.773));
#6398 = DIRECTION('',(0.,0.,1.));
#6399 = DIRECTION('',(-1.,1.224646799147E-16,0.));
#6400 = ADVANCED_FACE('',(#6401,#6404),#6481,.F.);
#6401 = FACE_BOUND('',#6402,.F.);
#6402 = EDGE_LOOP('',(#6403));
#6403 = ORIENTED_EDGE('',*,*,#6217,.T.);
#6404 = FACE_BOUND('',#6405,.F.);
#6405 = EDGE_LOOP('',(#6406,#6416,#6424,#6433,#6441,#6449,#6458,#6466,
    #6474));
#6406 = ORIENTED_EDGE('',*,*,#6407,.T.);
#6407 = EDGE_CURVE('',#6408,#6410,#6412,.T.);
#6408 = VERTEX_POINT('',#6409);
#6409 = CARTESIAN_POINT('',(54.565713995328,33.466619778391,27.773));
#6410 = VERTEX_POINT('',#6411);
#6411 = CARTESIAN_POINT('',(55.27,33.060000111674,27.773));
#6412 = LINE('',#6413,#6414);
#6413 = CARTESIAN_POINT('',(63.811436975172,28.128599752885,27.773));
#6414 = VECTOR('',#6415,1.);
#6415 = DIRECTION('',(0.866025429165,-0.49999995604,0.));
#6416 = ORIENTED_EDGE('',*,*,#6417,.T.);
#6417 = EDGE_CURVE('',#6410,#6418,#6420,.T.);
#6418 = VERTEX_POINT('',#6419);
#6419 = CARTESIAN_POINT('',(54.565714036609,32.653380373457,27.773));
#6420 = LINE('',#6421,#6422);
#6421 = CARTESIAN_POINT('',(43.460061686895,26.241528248183,27.773));
#6422 = VECTOR('',#6423,1.);
#6423 = DIRECTION('',(-0.866025378404,-0.50000004396,0.));
#6424 = ORIENTED_EDGE('',*,*,#6425,.F.);
#6425 = EDGE_CURVE('',#6426,#6418,#6428,.T.);
#6426 = VERTEX_POINT('',#6427);
#6427 = CARTESIAN_POINT('',(52.674286060103,31.561363794054,27.773));
#6428 = CIRCLE('',#6429,1.55);
#6429 = AXIS2_PLACEMENT_3D('',#6430,#6431,#6432);
#6430 = CARTESIAN_POINT('',(53.07,33.06,27.773));
#6431 = DIRECTION('',(8.659560562355E-17,8.659560562355E-17,1.));
#6432 = DIRECTION('',(-2.22044604925E-16,-1.,8.659560562355E-17));
#6433 = ORIENTED_EDGE('',*,*,#6434,.T.);
#6434 = EDGE_CURVE('',#6426,#6435,#6437,.T.);
#6435 = VERTEX_POINT('',#6436);
#6436 = CARTESIAN_POINT('',(51.970000096713,31.154744055837,27.773));
#6437 = LINE('',#6438,#6439);
#6438 = CARTESIAN_POINT('',(43.460061686895,26.241528248183,27.773));
#6439 = VECTOR('',#6440,1.);
#6440 = DIRECTION('',(-0.866025378404,-0.50000004396,0.));
#6441 = ORIENTED_EDGE('',*,*,#6442,.T.);
#6442 = EDGE_CURVE('',#6435,#6443,#6445,.T.);
#6443 = VERTEX_POINT('',#6444);
#6444 = CARTESIAN_POINT('',(51.970000055432,31.967983460771,27.773));
#6445 = LINE('',#6446,#6447);
#6446 = CARTESIAN_POINT('',(51.97000133794,6.702371998934,27.773));
#6447 = VECTOR('',#6448,1.);
#6448 = DIRECTION('',(-5.076101552796E-08,1.,0.));
#6449 = ORIENTED_EDGE('',*,*,#6450,.F.);
#6450 = EDGE_CURVE('',#6451,#6443,#6453,.T.);
#6451 = VERTEX_POINT('',#6452);
#6452 = CARTESIAN_POINT('',(51.969999944568,34.152016427555,27.773));
#6453 = CIRCLE('',#6454,1.55);
#6454 = AXIS2_PLACEMENT_3D('',#6455,#6456,#6457);
#6455 = CARTESIAN_POINT('',(53.07,33.06,27.773));
#6456 = DIRECTION('',(8.659560562355E-17,8.659560562355E-17,1.));
#6457 = DIRECTION('',(-2.22044604925E-16,-1.,8.659560562355E-17));
#6458 = ORIENTED_EDGE('',*,*,#6459,.T.);
#6459 = EDGE_CURVE('',#6451,#6460,#6462,.T.);
#6460 = VERTEX_POINT('',#6461);
#6461 = CARTESIAN_POINT('',(51.969999903287,34.965255832489,27.773));
#6462 = LINE('',#6463,#6464);
#6463 = CARTESIAN_POINT('',(51.97000133794,6.702371998934,27.773));
#6464 = VECTOR('',#6465,1.);
#6465 = DIRECTION('',(-5.076101552796E-08,1.,0.));
#6466 = ORIENTED_EDGE('',*,*,#6467,.T.);
#6467 = EDGE_CURVE('',#6460,#6468,#6470,.T.);
#6468 = VERTEX_POINT('',#6469);
#6469 = CARTESIAN_POINT('',(52.674285907959,34.558636165772,27.773));
#6470 = LINE('',#6471,#6472);
#6471 = CARTESIAN_POINT('',(63.811436975172,28.128599752885,27.773));
#6472 = VECTOR('',#6473,1.);
#6473 = DIRECTION('',(0.866025429165,-0.49999995604,0.));
#6474 = ORIENTED_EDGE('',*,*,#6475,.F.);
#6475 = EDGE_CURVE('',#6408,#6468,#6476,.T.);
#6476 = CIRCLE('',#6477,1.55);
#6477 = AXIS2_PLACEMENT_3D('',#6478,#6479,#6480);
#6478 = CARTESIAN_POINT('',(53.07,33.06,27.773));
#6479 = DIRECTION('',(8.659560562355E-17,8.659560562355E-17,1.));
#6480 = DIRECTION('',(-2.22044604925E-16,-1.,8.659560562355E-17));
#6481 = PLANE('',#6482);
#6482 = AXIS2_PLACEMENT_3D('',#6483,#6484,#6485);
#6483 = CARTESIAN_POINT('',(53.112,-17.75,27.773));
#6484 = DIRECTION('',(0.,0.,1.));
#6485 = DIRECTION('',(-1.,1.224646799147E-16,0.));
#6486 = ADVANCED_FACE('',(#6487),#6512,.T.);
#6487 = FACE_BOUND('',#6488,.T.);
#6488 = EDGE_LOOP('',(#6489,#6499,#6505,#6506));
#6489 = ORIENTED_EDGE('',*,*,#6490,.F.);
#6490 = EDGE_CURVE('',#6491,#6493,#6495,.T.);
#6491 = VERTEX_POINT('',#6492);
#6492 = CARTESIAN_POINT('',(54.565713995328,-68.1733802216,33.37));
#6493 = VERTEX_POINT('',#6494);
#6494 = CARTESIAN_POINT('',(55.27,-68.57999988832,33.37));
#6495 = LINE('',#6496,#6497);
#6496 = CARTESIAN_POINT('',(51.969999903287,-66.67474416751,33.37));
#6497 = VECTOR('',#6498,1.);
#6498 = DIRECTION('',(0.866025429165,-0.49999995604,-3.16961975189E-17)
  );
#6499 = ORIENTED_EDGE('',*,*,#6500,.F.);
#6500 = EDGE_CURVE('',#6322,#6491,#6501,.T.);
#6501 = LINE('',#6502,#6503);
#6502 = CARTESIAN_POINT('',(54.565713995328,-68.1733802216,33.37));
#6503 = VECTOR('',#6504,1.);
#6504 = DIRECTION('',(8.659560562355E-17,8.659560562355E-17,1.));
#6505 = ORIENTED_EDGE('',*,*,#6321,.T.);
#6506 = ORIENTED_EDGE('',*,*,#6507,.F.);
#6507 = EDGE_CURVE('',#6493,#6324,#6508,.T.);
#6508 = LINE('',#6509,#6510);
#6509 = CARTESIAN_POINT('',(55.27,-68.57999988832,33.37));
#6510 = VECTOR('',#6511,1.);
#6511 = DIRECTION('',(-8.659560562355E-17,-8.659560562355E-17,-1.));
#6512 = PLANE('',#6513);
#6513 = AXIS2_PLACEMENT_3D('',#6514,#6515,#6516);
#6514 = CARTESIAN_POINT('',(51.969999903287,-66.67474416751,33.37));
#6515 = DIRECTION('',(-0.49999995604,-0.866025429165,1.182917955289E-16)
  );
#6516 = DIRECTION('',(0.866025429165,-0.49999995604,-3.16961975189E-17)
  );
#6517 = ADVANCED_FACE('',(#6518),#6537,.F.);
#6518 = FACE_BOUND('',#6519,.F.);
#6519 = EDGE_LOOP('',(#6520,#6521,#6529,#6536));
#6520 = ORIENTED_EDGE('',*,*,#6389,.T.);
#6521 = ORIENTED_EDGE('',*,*,#6522,.T.);
#6522 = EDGE_CURVE('',#6382,#6523,#6525,.T.);
#6523 = VERTEX_POINT('',#6524);
#6524 = CARTESIAN_POINT('',(52.674285907959,-67.08136383422,33.37));
#6525 = LINE('',#6526,#6527);
#6526 = CARTESIAN_POINT('',(52.674285907959,-67.08136383422,33.37));
#6527 = VECTOR('',#6528,1.);
#6528 = DIRECTION('',(8.659560562355E-17,8.659560562355E-17,1.));
#6529 = ORIENTED_EDGE('',*,*,#6530,.T.);
#6530 = EDGE_CURVE('',#6523,#6491,#6531,.T.);
#6531 = CIRCLE('',#6532,1.55);
#6532 = AXIS2_PLACEMENT_3D('',#6533,#6534,#6535);
#6533 = CARTESIAN_POINT('',(53.07,-68.58,33.37));
#6534 = DIRECTION('',(-8.659560562355E-17,-8.659560562355E-17,-1.));
#6535 = DIRECTION('',(-2.22044604925E-16,-1.,8.659560562355E-17));
#6536 = ORIENTED_EDGE('',*,*,#6500,.F.);
#6537 = CYLINDRICAL_SURFACE('',#6538,1.55);
#6538 = AXIS2_PLACEMENT_3D('',#6539,#6540,#6541);
#6539 = CARTESIAN_POINT('',(53.07,-68.58,33.37));
#6540 = DIRECTION('',(8.659560562355E-17,8.659560562355E-17,1.));
#6541 = DIRECTION('',(-2.22044604925E-16,-1.,8.659560562355E-17));
#6542 = ADVANCED_FACE('',(#6543),#6561,.T.);
#6543 = FACE_BOUND('',#6544,.T.);
#6544 = EDGE_LOOP('',(#6545,#6553,#6559,#6560));
#6545 = ORIENTED_EDGE('',*,*,#6546,.F.);
#6546 = EDGE_CURVE('',#6547,#6523,#6549,.T.);
#6547 = VERTEX_POINT('',#6548);
#6548 = CARTESIAN_POINT('',(51.969999903287,-66.67474416751,33.37));
#6549 = LINE('',#6550,#6551);
#6550 = CARTESIAN_POINT('',(51.969999903287,-66.67474416751,33.37));
#6551 = VECTOR('',#6552,1.);
#6552 = DIRECTION('',(0.866025429165,-0.49999995604,-3.16961975189E-17)
  );
#6553 = ORIENTED_EDGE('',*,*,#6554,.T.);
#6554 = EDGE_CURVE('',#6547,#6374,#6555,.T.);
#6555 = LINE('',#6556,#6557);
#6556 = CARTESIAN_POINT('',(51.969999903287,-66.67474416751,33.37));
#6557 = VECTOR('',#6558,1.);
#6558 = DIRECTION('',(-8.659560562355E-17,-8.659560562355E-17,-1.));
#6559 = ORIENTED_EDGE('',*,*,#6381,.T.);
#6560 = ORIENTED_EDGE('',*,*,#6522,.T.);
#6561 = PLANE('',#6562);
#6562 = AXIS2_PLACEMENT_3D('',#6563,#6564,#6565);
#6563 = CARTESIAN_POINT('',(51.969999903287,-66.67474416751,33.37));
#6564 = DIRECTION('',(-0.49999995604,-0.866025429165,1.182917955289E-16)
  );
#6565 = DIRECTION('',(0.866025429165,-0.49999995604,-3.16961975189E-17)
  );
#6566 = ADVANCED_FACE('',(#6567),#6585,.T.);
#6567 = FACE_BOUND('',#6568,.T.);
#6568 = EDGE_LOOP('',(#6569,#6577,#6583,#6584));
#6569 = ORIENTED_EDGE('',*,*,#6570,.F.);
#6570 = EDGE_CURVE('',#6571,#6547,#6573,.T.);
#6571 = VERTEX_POINT('',#6572);
#6572 = CARTESIAN_POINT('',(51.969999944568,-67.48798357244,33.37));
#6573 = LINE('',#6574,#6575);
#6574 = CARTESIAN_POINT('',(51.970000096713,-70.48525594416,33.37));
#6575 = VECTOR('',#6576,1.);
#6576 = DIRECTION('',(-5.076101552796E-08,1.,-8.659560122787E-17));
#6577 = ORIENTED_EDGE('',*,*,#6578,.F.);
#6578 = EDGE_CURVE('',#6365,#6571,#6579,.T.);
#6579 = LINE('',#6580,#6581);
#6580 = CARTESIAN_POINT('',(51.969999944568,-67.48798357244,33.37));
#6581 = VECTOR('',#6582,1.);
#6582 = DIRECTION('',(8.659560562355E-17,8.659560562355E-17,1.));
#6583 = ORIENTED_EDGE('',*,*,#6373,.T.);
#6584 = ORIENTED_EDGE('',*,*,#6554,.F.);
#6585 = PLANE('',#6586);
#6586 = AXIS2_PLACEMENT_3D('',#6587,#6588,#6589);
#6587 = CARTESIAN_POINT('',(51.970000096713,-70.48525594416,33.37));
#6588 = DIRECTION('',(1.,5.076101552796E-08,-8.659561001923E-17));
#6589 = DIRECTION('',(-5.076101552796E-08,1.,-8.659560122787E-17));
#6590 = ADVANCED_FACE('',(#6591),#6610,.F.);
#6591 = FACE_BOUND('',#6592,.F.);
#6592 = EDGE_LOOP('',(#6593,#6594,#6595,#6603));
#6593 = ORIENTED_EDGE('',*,*,#6578,.F.);
#6594 = ORIENTED_EDGE('',*,*,#6364,.T.);
#6595 = ORIENTED_EDGE('',*,*,#6596,.T.);
#6596 = EDGE_CURVE('',#6357,#6597,#6599,.T.);
#6597 = VERTEX_POINT('',#6598);
#6598 = CARTESIAN_POINT('',(51.970000055432,-69.67201653922,33.37));
#6599 = LINE('',#6600,#6601);
#6600 = CARTESIAN_POINT('',(51.970000055432,-69.67201653922,33.37));
#6601 = VECTOR('',#6602,1.);
#6602 = DIRECTION('',(8.659560562355E-17,8.659560562355E-17,1.));
#6603 = ORIENTED_EDGE('',*,*,#6604,.T.);
#6604 = EDGE_CURVE('',#6597,#6571,#6605,.T.);
#6605 = CIRCLE('',#6606,1.55);
#6606 = AXIS2_PLACEMENT_3D('',#6607,#6608,#6609);
#6607 = CARTESIAN_POINT('',(53.07,-68.58,33.37));
#6608 = DIRECTION('',(-8.659560562355E-17,-8.659560562355E-17,-1.));
#6609 = DIRECTION('',(-2.22044604925E-16,-1.,8.659560562355E-17));
#6610 = CYLINDRICAL_SURFACE('',#6611,1.55);
#6611 = AXIS2_PLACEMENT_3D('',#6612,#6613,#6614);
#6612 = CARTESIAN_POINT('',(53.07,-68.58,33.37));
#6613 = DIRECTION('',(8.659560562355E-17,8.659560562355E-17,1.));
#6614 = DIRECTION('',(-2.22044604925E-16,-1.,8.659560562355E-17));
#6615 = ADVANCED_FACE('',(#6616),#6634,.T.);
#6616 = FACE_BOUND('',#6617,.T.);
#6617 = EDGE_LOOP('',(#6618,#6626,#6632,#6633));
#6618 = ORIENTED_EDGE('',*,*,#6619,.F.);
#6619 = EDGE_CURVE('',#6620,#6597,#6622,.T.);
#6620 = VERTEX_POINT('',#6621);
#6621 = CARTESIAN_POINT('',(51.970000096713,-70.48525594416,33.37));
#6622 = LINE('',#6623,#6624);
#6623 = CARTESIAN_POINT('',(51.970000096713,-70.48525594416,33.37));
#6624 = VECTOR('',#6625,1.);
#6625 = DIRECTION('',(-5.076101552796E-08,1.,-8.659560122787E-17));
#6626 = ORIENTED_EDGE('',*,*,#6627,.T.);
#6627 = EDGE_CURVE('',#6620,#6349,#6628,.T.);
#6628 = LINE('',#6629,#6630);
#6629 = CARTESIAN_POINT('',(51.970000096713,-70.48525594416,33.37));
#6630 = VECTOR('',#6631,1.);
#6631 = DIRECTION('',(-8.659560562355E-17,-8.659560562355E-17,-1.));
#6632 = ORIENTED_EDGE('',*,*,#6356,.T.);
#6633 = ORIENTED_EDGE('',*,*,#6596,.T.);
#6634 = PLANE('',#6635);
#6635 = AXIS2_PLACEMENT_3D('',#6636,#6637,#6638);
#6636 = CARTESIAN_POINT('',(51.970000096713,-70.48525594416,33.37));
#6637 = DIRECTION('',(1.,5.076101552796E-08,-8.659561001923E-17));
#6638 = DIRECTION('',(-5.076101552796E-08,1.,-8.659560122787E-17));
#6639 = ADVANCED_FACE('',(#6640),#6658,.T.);
#6640 = FACE_BOUND('',#6641,.T.);
#6641 = EDGE_LOOP('',(#6642,#6650,#6656,#6657));
#6642 = ORIENTED_EDGE('',*,*,#6643,.F.);
#6643 = EDGE_CURVE('',#6644,#6620,#6646,.T.);
#6644 = VERTEX_POINT('',#6645);
#6645 = CARTESIAN_POINT('',(52.674286060103,-70.07863620594,33.37));
#6646 = LINE('',#6647,#6648);
#6647 = CARTESIAN_POINT('',(55.27,-68.57999988832,33.37));
#6648 = VECTOR('',#6649,1.);
#6649 = DIRECTION('',(-0.866025378404,-0.50000004396,1.182917987468E-16)
  );
#6650 = ORIENTED_EDGE('',*,*,#6651,.F.);
#6651 = EDGE_CURVE('',#6340,#6644,#6652,.T.);
#6652 = LINE('',#6653,#6654);
#6653 = CARTESIAN_POINT('',(52.674286060103,-70.07863620594,33.37));
#6654 = VECTOR('',#6655,1.);
#6655 = DIRECTION('',(8.659560562355E-17,8.659560562355E-17,1.));
#6656 = ORIENTED_EDGE('',*,*,#6348,.T.);
#6657 = ORIENTED_EDGE('',*,*,#6627,.F.);
#6658 = PLANE('',#6659);
#6659 = AXIS2_PLACEMENT_3D('',#6660,#6661,#6662);
#6660 = CARTESIAN_POINT('',(55.27,-68.57999988832,33.37));
#6661 = DIRECTION('',(-0.50000004396,0.866025378404,-3.169618550974E-17)
  );
#6662 = DIRECTION('',(-0.866025378404,-0.50000004396,1.182917987468E-16)
  );
#6663 = ADVANCED_FACE('',(#6664),#6692,.F.);
#6664 = FACE_BOUND('',#6665,.F.);
#6665 = EDGE_LOOP('',(#6666,#6674,#6683,#6690,#6691));
#6666 = ORIENTED_EDGE('',*,*,#6667,.T.);
#6667 = EDGE_CURVE('',#6332,#6668,#6670,.T.);
#6668 = VERTEX_POINT('',#6669);
#6669 = CARTESIAN_POINT('',(54.565714036609,-68.98661962654,33.37));
#6670 = LINE('',#6671,#6672);
#6671 = CARTESIAN_POINT('',(54.565714036609,-68.98661962654,33.37));
#6672 = VECTOR('',#6673,1.);
#6673 = DIRECTION('',(8.659560562355E-17,8.659560562355E-17,1.));
#6674 = ORIENTED_EDGE('',*,*,#6675,.T.);
#6675 = EDGE_CURVE('',#6668,#6676,#6678,.T.);
#6676 = VERTEX_POINT('',#6677);
#6677 = CARTESIAN_POINT('',(53.07,-70.13,33.37));
#6678 = CIRCLE('',#6679,1.55);
#6679 = AXIS2_PLACEMENT_3D('',#6680,#6681,#6682);
#6680 = CARTESIAN_POINT('',(53.07,-68.58,33.37));
#6681 = DIRECTION('',(-8.659560562355E-17,-8.659560562355E-17,-1.));
#6682 = DIRECTION('',(-2.22044604925E-16,-1.,8.659560562355E-17));
#6683 = ORIENTED_EDGE('',*,*,#6684,.T.);
#6684 = EDGE_CURVE('',#6676,#6644,#6685,.T.);
#6685 = CIRCLE('',#6686,1.55);
#6686 = AXIS2_PLACEMENT_3D('',#6687,#6688,#6689);
#6687 = CARTESIAN_POINT('',(53.07,-68.58,33.37));
#6688 = DIRECTION('',(-8.659560562355E-17,-8.659560562355E-17,-1.));
#6689 = DIRECTION('',(-2.22044604925E-16,-1.,8.659560562355E-17));
#6690 = ORIENTED_EDGE('',*,*,#6651,.F.);
#6691 = ORIENTED_EDGE('',*,*,#6339,.T.);
#6692 = CYLINDRICAL_SURFACE('',#6693,1.55);
#6693 = AXIS2_PLACEMENT_3D('',#6694,#6695,#6696);
#6694 = CARTESIAN_POINT('',(53.07,-68.58,33.37));
#6695 = DIRECTION('',(8.659560562355E-17,8.659560562355E-17,1.));
#6696 = DIRECTION('',(-2.22044604925E-16,-1.,8.659560562355E-17));
#6697 = ADVANCED_FACE('',(#6698),#6709,.T.);
#6698 = FACE_BOUND('',#6699,.T.);
#6699 = EDGE_LOOP('',(#6700,#6706,#6707,#6708));
#6700 = ORIENTED_EDGE('',*,*,#6701,.F.);
#6701 = EDGE_CURVE('',#6493,#6668,#6702,.T.);
#6702 = LINE('',#6703,#6704);
#6703 = CARTESIAN_POINT('',(55.27,-68.57999988832,33.37));
#6704 = VECTOR('',#6705,1.);
#6705 = DIRECTION('',(-0.866025378404,-0.50000004396,1.182917987468E-16)
  );
#6706 = ORIENTED_EDGE('',*,*,#6507,.T.);
#6707 = ORIENTED_EDGE('',*,*,#6331,.T.);
#6708 = ORIENTED_EDGE('',*,*,#6667,.T.);
#6709 = PLANE('',#6710);
#6710 = AXIS2_PLACEMENT_3D('',#6711,#6712,#6713);
#6711 = CARTESIAN_POINT('',(55.27,-68.57999988832,33.37));
#6712 = DIRECTION('',(-0.50000004396,0.866025378404,-3.169618550974E-17)
  );
#6713 = DIRECTION('',(-0.866025378404,-0.50000004396,1.182917987468E-16)
  );
#6714 = ADVANCED_FACE('',(#6715),#6740,.T.);
#6715 = FACE_BOUND('',#6716,.T.);
#6716 = EDGE_LOOP('',(#6717,#6727,#6733,#6734));
#6717 = ORIENTED_EDGE('',*,*,#6718,.F.);
#6718 = EDGE_CURVE('',#6719,#6721,#6723,.T.);
#6719 = VERTEX_POINT('',#6720);
#6720 = CARTESIAN_POINT('',(54.565713995328,33.466619778391,33.37));
#6721 = VERTEX_POINT('',#6722);
#6722 = CARTESIAN_POINT('',(55.27,33.060000111674,33.37));
#6723 = LINE('',#6724,#6725);
#6724 = CARTESIAN_POINT('',(51.969999903287,34.965255832489,33.37));
#6725 = VECTOR('',#6726,1.);
#6726 = DIRECTION('',(0.866025429165,-0.49999995604,-3.16961975189E-17)
  );
#6727 = ORIENTED_EDGE('',*,*,#6728,.F.);
#6728 = EDGE_CURVE('',#6408,#6719,#6729,.T.);
#6729 = LINE('',#6730,#6731);
#6730 = CARTESIAN_POINT('',(54.565713995328,33.466619778391,33.37));
#6731 = VECTOR('',#6732,1.);
#6732 = DIRECTION('',(8.659560562355E-17,8.659560562355E-17,1.));
#6733 = ORIENTED_EDGE('',*,*,#6407,.T.);
#6734 = ORIENTED_EDGE('',*,*,#6735,.F.);
#6735 = EDGE_CURVE('',#6721,#6410,#6736,.T.);
#6736 = LINE('',#6737,#6738);
#6737 = CARTESIAN_POINT('',(55.27,33.060000111674,33.37));
#6738 = VECTOR('',#6739,1.);
#6739 = DIRECTION('',(-8.659560562355E-17,-8.659560562355E-17,-1.));
#6740 = PLANE('',#6741);
#6741 = AXIS2_PLACEMENT_3D('',#6742,#6743,#6744);
#6742 = CARTESIAN_POINT('',(51.969999903287,34.965255832489,33.37));
#6743 = DIRECTION('',(-0.49999995604,-0.866025429165,1.182917955289E-16)
  );
#6744 = DIRECTION('',(0.866025429165,-0.49999995604,-3.16961975189E-17)
  );
#6745 = ADVANCED_FACE('',(#6746),#6765,.F.);
#6746 = FACE_BOUND('',#6747,.F.);
#6747 = EDGE_LOOP('',(#6748,#6749,#6757,#6764));
#6748 = ORIENTED_EDGE('',*,*,#6475,.T.);
#6749 = ORIENTED_EDGE('',*,*,#6750,.T.);
#6750 = EDGE_CURVE('',#6468,#6751,#6753,.T.);
#6751 = VERTEX_POINT('',#6752);
#6752 = CARTESIAN_POINT('',(52.674285907959,34.558636165772,33.37));
#6753 = LINE('',#6754,#6755);
#6754 = CARTESIAN_POINT('',(52.674285907959,34.558636165772,33.37));
#6755 = VECTOR('',#6756,1.);
#6756 = DIRECTION('',(8.659560562355E-17,8.659560562355E-17,1.));
#6757 = ORIENTED_EDGE('',*,*,#6758,.T.);
#6758 = EDGE_CURVE('',#6751,#6719,#6759,.T.);
#6759 = CIRCLE('',#6760,1.55);
#6760 = AXIS2_PLACEMENT_3D('',#6761,#6762,#6763);
#6761 = CARTESIAN_POINT('',(53.07,33.06,33.37));
#6762 = DIRECTION('',(-8.659560562355E-17,-8.659560562355E-17,-1.));
#6763 = DIRECTION('',(-2.22044604925E-16,-1.,8.659560562355E-17));
#6764 = ORIENTED_EDGE('',*,*,#6728,.F.);
#6765 = CYLINDRICAL_SURFACE('',#6766,1.55);
#6766 = AXIS2_PLACEMENT_3D('',#6767,#6768,#6769);
#6767 = CARTESIAN_POINT('',(53.07,33.06,33.37));
#6768 = DIRECTION('',(8.659560562355E-17,8.659560562355E-17,1.));
#6769 = DIRECTION('',(-2.22044604925E-16,-1.,8.659560562355E-17));
#6770 = ADVANCED_FACE('',(#6771),#6789,.T.);
#6771 = FACE_BOUND('',#6772,.T.);
#6772 = EDGE_LOOP('',(#6773,#6781,#6787,#6788));
#6773 = ORIENTED_EDGE('',*,*,#6774,.F.);
#6774 = EDGE_CURVE('',#6775,#6751,#6777,.T.);
#6775 = VERTEX_POINT('',#6776);
#6776 = CARTESIAN_POINT('',(51.969999903287,34.965255832489,33.37));
#6777 = LINE('',#6778,#6779);
#6778 = CARTESIAN_POINT('',(51.969999903287,34.965255832489,33.37));
#6779 = VECTOR('',#6780,1.);
#6780 = DIRECTION('',(0.866025429165,-0.49999995604,-3.16961975189E-17)
  );
#6781 = ORIENTED_EDGE('',*,*,#6782,.T.);
#6782 = EDGE_CURVE('',#6775,#6460,#6783,.T.);
#6783 = LINE('',#6784,#6785);
#6784 = CARTESIAN_POINT('',(51.969999903287,34.965255832489,33.37));
#6785 = VECTOR('',#6786,1.);
#6786 = DIRECTION('',(-8.659560562355E-17,-8.659560562355E-17,-1.));
#6787 = ORIENTED_EDGE('',*,*,#6467,.T.);
#6788 = ORIENTED_EDGE('',*,*,#6750,.T.);
#6789 = PLANE('',#6790);
#6790 = AXIS2_PLACEMENT_3D('',#6791,#6792,#6793);
#6791 = CARTESIAN_POINT('',(51.969999903287,34.965255832489,33.37));
#6792 = DIRECTION('',(-0.49999995604,-0.866025429165,1.182917955289E-16)
  );
#6793 = DIRECTION('',(0.866025429165,-0.49999995604,-3.16961975189E-17)
  );
#6794 = ADVANCED_FACE('',(#6795),#6813,.T.);
#6795 = FACE_BOUND('',#6796,.T.);
#6796 = EDGE_LOOP('',(#6797,#6805,#6811,#6812));
#6797 = ORIENTED_EDGE('',*,*,#6798,.F.);
#6798 = EDGE_CURVE('',#6799,#6775,#6801,.T.);
#6799 = VERTEX_POINT('',#6800);
#6800 = CARTESIAN_POINT('',(51.969999944568,34.152016427555,33.37));
#6801 = LINE('',#6802,#6803);
#6802 = CARTESIAN_POINT('',(51.970000096713,31.154744055837,33.37));
#6803 = VECTOR('',#6804,1.);
#6804 = DIRECTION('',(-5.076101552796E-08,1.,-8.659560122787E-17));
#6805 = ORIENTED_EDGE('',*,*,#6806,.F.);
#6806 = EDGE_CURVE('',#6451,#6799,#6807,.T.);
#6807 = LINE('',#6808,#6809);
#6808 = CARTESIAN_POINT('',(51.969999944568,34.152016427555,33.37));
#6809 = VECTOR('',#6810,1.);
#6810 = DIRECTION('',(8.659560562355E-17,8.659560562355E-17,1.));
#6811 = ORIENTED_EDGE('',*,*,#6459,.T.);
#6812 = ORIENTED_EDGE('',*,*,#6782,.F.);
#6813 = PLANE('',#6814);
#6814 = AXIS2_PLACEMENT_3D('',#6815,#6816,#6817);
#6815 = CARTESIAN_POINT('',(51.970000096713,31.154744055837,33.37));
#6816 = DIRECTION('',(1.,5.076101552796E-08,-8.659561001923E-17));
#6817 = DIRECTION('',(-5.076101552796E-08,1.,-8.659560122787E-17));
#6818 = ADVANCED_FACE('',(#6819),#6838,.F.);
#6819 = FACE_BOUND('',#6820,.F.);
#6820 = EDGE_LOOP('',(#6821,#6822,#6823,#6831));
#6821 = ORIENTED_EDGE('',*,*,#6806,.F.);
#6822 = ORIENTED_EDGE('',*,*,#6450,.T.);
#6823 = ORIENTED_EDGE('',*,*,#6824,.T.);
#6824 = EDGE_CURVE('',#6443,#6825,#6827,.T.);
#6825 = VERTEX_POINT('',#6826);
#6826 = CARTESIAN_POINT('',(51.970000055432,31.967983460771,33.37));
#6827 = LINE('',#6828,#6829);
#6828 = CARTESIAN_POINT('',(51.970000055432,31.967983460771,33.37));
#6829 = VECTOR('',#6830,1.);
#6830 = DIRECTION('',(8.659560562355E-17,8.659560562355E-17,1.));
#6831 = ORIENTED_EDGE('',*,*,#6832,.T.);
#6832 = EDGE_CURVE('',#6825,#6799,#6833,.T.);
#6833 = CIRCLE('',#6834,1.55);
#6834 = AXIS2_PLACEMENT_3D('',#6835,#6836,#6837);
#6835 = CARTESIAN_POINT('',(53.07,33.06,33.37));
#6836 = DIRECTION('',(-8.659560562355E-17,-8.659560562355E-17,-1.));
#6837 = DIRECTION('',(-2.22044604925E-16,-1.,8.659560562355E-17));
#6838 = CYLINDRICAL_SURFACE('',#6839,1.55);
#6839 = AXIS2_PLACEMENT_3D('',#6840,#6841,#6842);
#6840 = CARTESIAN_POINT('',(53.07,33.06,33.37));
#6841 = DIRECTION('',(8.659560562355E-17,8.659560562355E-17,1.));
#6842 = DIRECTION('',(-2.22044604925E-16,-1.,8.659560562355E-17));
#6843 = ADVANCED_FACE('',(#6844),#6862,.T.);
#6844 = FACE_BOUND('',#6845,.T.);
#6845 = EDGE_LOOP('',(#6846,#6854,#6860,#6861));
#6846 = ORIENTED_EDGE('',*,*,#6847,.F.);
#6847 = EDGE_CURVE('',#6848,#6825,#6850,.T.);
#6848 = VERTEX_POINT('',#6849);
#6849 = CARTESIAN_POINT('',(51.970000096713,31.154744055837,33.37));
#6850 = LINE('',#6851,#6852);
#6851 = CARTESIAN_POINT('',(51.970000096713,31.154744055837,33.37));
#6852 = VECTOR('',#6853,1.);
#6853 = DIRECTION('',(-5.076101552796E-08,1.,-8.659560122787E-17));
#6854 = ORIENTED_EDGE('',*,*,#6855,.T.);
#6855 = EDGE_CURVE('',#6848,#6435,#6856,.T.);
#6856 = LINE('',#6857,#6858);
#6857 = CARTESIAN_POINT('',(51.970000096713,31.154744055837,33.37));
#6858 = VECTOR('',#6859,1.);
#6859 = DIRECTION('',(-8.659560562355E-17,-8.659560562355E-17,-1.));
#6860 = ORIENTED_EDGE('',*,*,#6442,.T.);
#6861 = ORIENTED_EDGE('',*,*,#6824,.T.);
#6862 = PLANE('',#6863);
#6863 = AXIS2_PLACEMENT_3D('',#6864,#6865,#6866);
#6864 = CARTESIAN_POINT('',(51.970000096713,31.154744055837,33.37));
#6865 = DIRECTION('',(1.,5.076101552796E-08,-8.659561001923E-17));
#6866 = DIRECTION('',(-5.076101552796E-08,1.,-8.659560122787E-17));
#6867 = ADVANCED_FACE('',(#6868),#6886,.T.);
#6868 = FACE_BOUND('',#6869,.T.);
#6869 = EDGE_LOOP('',(#6870,#6878,#6884,#6885));
#6870 = ORIENTED_EDGE('',*,*,#6871,.F.);
#6871 = EDGE_CURVE('',#6872,#6848,#6874,.T.);
#6872 = VERTEX_POINT('',#6873);
#6873 = CARTESIAN_POINT('',(52.674286060103,31.561363794054,33.37));
#6874 = LINE('',#6875,#6876);
#6875 = CARTESIAN_POINT('',(55.27,33.060000111674,33.37));
#6876 = VECTOR('',#6877,1.);
#6877 = DIRECTION('',(-0.866025378404,-0.50000004396,1.182917987468E-16)
  );
#6878 = ORIENTED_EDGE('',*,*,#6879,.F.);
#6879 = EDGE_CURVE('',#6426,#6872,#6880,.T.);
#6880 = LINE('',#6881,#6882);
#6881 = CARTESIAN_POINT('',(52.674286060103,31.561363794054,33.37));
#6882 = VECTOR('',#6883,1.);
#6883 = DIRECTION('',(8.659560562355E-17,8.659560562355E-17,1.));
#6884 = ORIENTED_EDGE('',*,*,#6434,.T.);
#6885 = ORIENTED_EDGE('',*,*,#6855,.F.);
#6886 = PLANE('',#6887);
#6887 = AXIS2_PLACEMENT_3D('',#6888,#6889,#6890);
#6888 = CARTESIAN_POINT('',(55.27,33.060000111674,33.37));
#6889 = DIRECTION('',(-0.50000004396,0.866025378404,-3.169618550974E-17)
  );
#6890 = DIRECTION('',(-0.866025378404,-0.50000004396,1.182917987468E-16)
  );
#6891 = ADVANCED_FACE('',(#6892),#6920,.F.);
#6892 = FACE_BOUND('',#6893,.F.);
#6893 = EDGE_LOOP('',(#6894,#6902,#6911,#6918,#6919));
#6894 = ORIENTED_EDGE('',*,*,#6895,.T.);
#6895 = EDGE_CURVE('',#6418,#6896,#6898,.T.);
#6896 = VERTEX_POINT('',#6897);
#6897 = CARTESIAN_POINT('',(54.565714036609,32.653380373457,33.37));
#6898 = LINE('',#6899,#6900);
#6899 = CARTESIAN_POINT('',(54.565714036609,32.653380373457,33.37));
#6900 = VECTOR('',#6901,1.);
#6901 = DIRECTION('',(8.659560562355E-17,8.659560562355E-17,1.));
#6902 = ORIENTED_EDGE('',*,*,#6903,.T.);
#6903 = EDGE_CURVE('',#6896,#6904,#6906,.T.);
#6904 = VERTEX_POINT('',#6905);
#6905 = CARTESIAN_POINT('',(53.07,31.51,33.37));
#6906 = CIRCLE('',#6907,1.55);
#6907 = AXIS2_PLACEMENT_3D('',#6908,#6909,#6910);
#6908 = CARTESIAN_POINT('',(53.07,33.06,33.37));
#6909 = DIRECTION('',(-8.659560562355E-17,-8.659560562355E-17,-1.));
#6910 = DIRECTION('',(-2.22044604925E-16,-1.,8.659560562355E-17));
#6911 = ORIENTED_EDGE('',*,*,#6912,.T.);
#6912 = EDGE_CURVE('',#6904,#6872,#6913,.T.);
#6913 = CIRCLE('',#6914,1.55);
#6914 = AXIS2_PLACEMENT_3D('',#6915,#6916,#6917);
#6915 = CARTESIAN_POINT('',(53.07,33.06,33.37));
#6916 = DIRECTION('',(-8.659560562355E-17,-8.659560562355E-17,-1.));
#6917 = DIRECTION('',(-2.22044604925E-16,-1.,8.659560562355E-17));
#6918 = ORIENTED_EDGE('',*,*,#6879,.F.);
#6919 = ORIENTED_EDGE('',*,*,#6425,.T.);
#6920 = CYLINDRICAL_SURFACE('',#6921,1.55);
#6921 = AXIS2_PLACEMENT_3D('',#6922,#6923,#6924);
#6922 = CARTESIAN_POINT('',(53.07,33.06,33.37));
#6923 = DIRECTION('',(8.659560562355E-17,8.659560562355E-17,1.));
#6924 = DIRECTION('',(-2.22044604925E-16,-1.,8.659560562355E-17));
#6925 = ADVANCED_FACE('',(#6926),#6937,.T.);
#6926 = FACE_BOUND('',#6927,.T.);
#6927 = EDGE_LOOP('',(#6928,#6934,#6935,#6936));
#6928 = ORIENTED_EDGE('',*,*,#6929,.F.);
#6929 = EDGE_CURVE('',#6721,#6896,#6930,.T.);
#6930 = LINE('',#6931,#6932);
#6931 = CARTESIAN_POINT('',(55.27,33.060000111674,33.37));
#6932 = VECTOR('',#6933,1.);
#6933 = DIRECTION('',(-0.866025378404,-0.50000004396,1.182917987468E-16)
  );
#6934 = ORIENTED_EDGE('',*,*,#6735,.T.);
#6935 = ORIENTED_EDGE('',*,*,#6417,.T.);
#6936 = ORIENTED_EDGE('',*,*,#6895,.T.);
#6937 = PLANE('',#6938);
#6938 = AXIS2_PLACEMENT_3D('',#6939,#6940,#6941);
#6939 = CARTESIAN_POINT('',(55.27,33.060000111674,33.37));
#6940 = DIRECTION('',(-0.50000004396,0.866025378404,-3.169618550974E-17)
  );
#6941 = DIRECTION('',(-0.866025378404,-0.50000004396,1.182917987468E-16)
  );
#6942 = ADVANCED_FACE('',(#6943),#6955,.F.);
#6943 = FACE_BOUND('',#6944,.F.);
#6944 = EDGE_LOOP('',(#6945,#6946,#6947,#6948,#6949,#6950,#6951,#6952,
    #6953,#6954));
#6945 = ORIENTED_EDGE('',*,*,#6643,.F.);
#6946 = ORIENTED_EDGE('',*,*,#6684,.F.);
#6947 = ORIENTED_EDGE('',*,*,#6675,.F.);
#6948 = ORIENTED_EDGE('',*,*,#6701,.F.);
#6949 = ORIENTED_EDGE('',*,*,#6490,.F.);
#6950 = ORIENTED_EDGE('',*,*,#6530,.F.);
#6951 = ORIENTED_EDGE('',*,*,#6546,.F.);
#6952 = ORIENTED_EDGE('',*,*,#6570,.F.);
#6953 = ORIENTED_EDGE('',*,*,#6604,.F.);
#6954 = ORIENTED_EDGE('',*,*,#6619,.F.);
#6955 = PLANE('',#6956);
#6956 = AXIS2_PLACEMENT_3D('',#6957,#6958,#6959);
#6957 = CARTESIAN_POINT('',(53.071278347535,-68.58362270296,33.37));
#6958 = DIRECTION('',(8.659560562355E-17,8.659560562355E-17,1.));
#6959 = DIRECTION('',(2.22044604925E-16,1.,-8.659560562355E-17));
#6960 = ADVANCED_FACE('',(#6961),#6973,.F.);
#6961 = FACE_BOUND('',#6962,.F.);
#6962 = EDGE_LOOP('',(#6963,#6964,#6965,#6966,#6967,#6968,#6969,#6970,
    #6971,#6972));
#6963 = ORIENTED_EDGE('',*,*,#6871,.F.);
#6964 = ORIENTED_EDGE('',*,*,#6912,.F.);
#6965 = ORIENTED_EDGE('',*,*,#6903,.F.);
#6966 = ORIENTED_EDGE('',*,*,#6929,.F.);
#6967 = ORIENTED_EDGE('',*,*,#6718,.F.);
#6968 = ORIENTED_EDGE('',*,*,#6758,.F.);
#6969 = ORIENTED_EDGE('',*,*,#6774,.F.);
#6970 = ORIENTED_EDGE('',*,*,#6798,.F.);
#6971 = ORIENTED_EDGE('',*,*,#6832,.F.);
#6972 = ORIENTED_EDGE('',*,*,#6847,.F.);
#6973 = PLANE('',#6974);
#6974 = AXIS2_PLACEMENT_3D('',#6975,#6976,#6977);
#6975 = CARTESIAN_POINT('',(53.071278347535,33.05637729704,33.37));
#6976 = DIRECTION('',(8.659560562355E-17,8.659560562355E-17,1.));
#6977 = DIRECTION('',(2.22044604925E-16,1.,-8.659560562355E-17));
#6978 = ( GEOMETRIC_REPRESENTATION_CONTEXT(3) 
GLOBAL_UNCERTAINTY_ASSIGNED_CONTEXT((#6982)) 
GLOBAL_UNIT_ASSIGNED_CONTEXT((#6979,#6980,#6981)) REPRESENTATION_CONTEXT
('Context #1','3D Context with UNIT and UNCERTAINTY') );
#6979 = ( LENGTH_UNIT() NAMED_UNIT(*) SI_UNIT(.MILLI.,.METRE.) );
#6980 = ( NAMED_UNIT(*) PLANE_ANGLE_UNIT() SI_UNIT($,.RADIAN.) );
#6981 = ( NAMED_UNIT(*) SI_UNIT($,.STERADIAN.) SOLID_ANGLE_UNIT() );
#6982 = UNCERTAINTY_MEASURE_WITH_UNIT(LENGTH_MEASURE(2.E-05),#6979,
  'distance_accuracy_value','confusion accuracy');
#6983 = PRODUCT_RELATED_PRODUCT_CATEGORY('part',$,(#7));
#6984 = MECHANICAL_DESIGN_GEOMETRIC_PRESENTATION_REPRESENTATION('',(
    #6985),#6978);
#6985 = STYLED_ITEM('color',(#6986),#15);
#6986 = PRESENTATION_STYLE_ASSIGNMENT((#6987,#6993));
#6987 = SURFACE_STYLE_USAGE(.BOTH.,#6988);
#6988 = SURFACE_SIDE_STYLE('',(#6989));
#6989 = SURFACE_STYLE_FILL_AREA(#6990);
#6990 = FILL_AREA_STYLE('',(#6991));
#6991 = FILL_AREA_STYLE_COLOUR('',#6992);
#6992 = COLOUR_RGB('',0.447058818107,0.474509808674,0.501960817233);
#6993 = CURVE_STYLE('',#6994,POSITIVE_LENGTH_MEASURE(0.1),#6995);
#6994 = DRAUGHTING_PRE_DEFINED_CURVE_FONT('continuous');
#6995 = COLOUR_RGB('',9.803921802644E-02,9.803921802644E-02,
  9.803921802644E-02);
ENDSEC;
END-ISO-10303-21;
